Date,Open,High,Low,Close,Adj Close,Volume,Dividends,Stock Splits
2002-01-01,8.0,8.100000381469727,7.599999904632568,7.659999847412109,5.293349266052246,363640,0.0,0.0
2002-01-02,7.599999904632568,7.800000190734863,7.599999904632568,7.710000038146973,5.327902317047119,104820,0.0,0.0
2002-01-03,7.699999809265137,7.889999866485596,7.539999961853027,7.809999942779541,5.397005081176758,100650,0.0,0.0
2002-01-04,7.989999771118164,7.989999771118164,7.5,7.849999904632568,5.424646377563477,130550,0.0,0.0
2002-01-07,7.900000095367432,8.0600004196167,7.670000076293945,7.710000038146973,5.327902317047119,85300,0.0,0.0
2002-01-08,7.699999809265137,7.800000190734863,7.449999809265137,7.579999923706055,5.238067626953125,66680,0.0,0.0
2002-01-09,7.559999942779541,7.650000095367432,7.400000095367432,7.429999828338623,5.134410381317139,66660,0.0,0.0
2002-01-10,7.409999847412109,7.449999809265137,7.25,7.28000020980835,5.030755519866943,77590,0.0,0.0
2002-01-11,7.400000095367432,7.800000190734863,7.099999904632568,7.449999809265137,5.148231506347656,104790,0.0,0.0
2002-01-14,7.900000095367432,8.0,7.389999866485596,7.53000020980835,5.20351505279541,199970,0.0,0.0
2002-01-15,7.409999847412109,7.699999809265137,7.400000095367432,7.429999828338623,5.134410381317139,115130,0.0,0.0
2002-01-16,7.230000019073486,7.550000190734863,7.230000019073486,7.389999866485596,5.10676908493042,60490,0.0,0.0
2002-01-17,7.400000095367432,7.639999866485596,7.400000095367432,7.440000057220459,5.141321182250977,127280,0.0,0.0
2002-01-18,7.480000019073486,7.599999904632568,7.400000095367432,7.449999809265137,5.148231506347656,98590,0.0,0.0
2002-01-21,7.300000190734863,7.599999904632568,7.300000190734863,7.449999809265137,5.148231506347656,156220,0.0,0.0
2002-01-22,7.25,7.590000152587891,7.25,7.460000038146973,5.155142784118652,86950,0.0,0.0
2002-01-23,7.409999847412109,7.590000152587891,7.409999847412109,7.5,5.182783126831055,92480,0.0,0.0
2002-01-24,7.409999847412109,7.599999904632568,7.300000190734863,7.309999942779541,5.051486015319824,67470,0.0,0.0
2002-01-25,7.429999828338623,7.429999828338623,7.159999847412109,7.21999979019165,4.989292621612549,49600,0.0,0.0
2002-01-28,7.300000190734863,7.800000190734863,7.199999809265137,7.659999847412109,5.293349266052246,445430,0.0,0.0
2002-01-29,7.909999847412109,8.199999809265137,7.400000095367432,7.5,5.182783126831055,798790,0.0,0.0
2002-01-30,7.489999771118164,7.5,7.309999942779541,7.380000114440918,5.099858283996582,114400,0.0,0.0
2002-01-31,7.420000076293945,7.489999771118164,7.360000133514404,7.460000038146973,5.155142784118652,121350,0.0,0.0
2002-02-01,7.369999885559082,7.5,7.260000228881836,7.340000152587891,5.07221794128418,119370,0.0,0.0
2002-02-04,7.400000095367432,7.489999771118164,7.25,7.269999980926514,5.023844242095947,75650,0.0,0.0
2002-02-05,7.130000114440918,7.28000020980835,7.130000114440918,7.159999847412109,4.9478302001953125,81280,0.0,0.0
2002-02-06,7.0,7.449999809265137,7.0,7.309999942779541,5.051486015319824,149280,0.0,0.0
2002-02-07,7.489999771118164,7.5,7.190000057220459,7.21999979019165,4.989292621612549,116600,0.0,0.0
2002-02-08,7.46999979019165,7.46999979019165,7.150000095367432,7.21999979019165,4.989292621612549,111670,0.0,0.0
2002-02-11,7.300000190734863,7.380000114440918,7.210000038146973,7.289999961853027,5.037666320800781,129380,0.0,0.0
2002-02-12,7.400000095367432,7.489999771118164,7.070000171661377,7.099999904632568,4.906368255615234,357410,0.0,0.0
2002-02-13,7.210000038146973,7.239999771118164,7.050000190734863,7.090000152587891,4.8994574546813965,375810,0.0,0.0
2002-02-14,7.050000190734863,7.199999809265137,7.0,7.039999961853027,4.86490535736084,222020,0.0,0.0
2002-02-15,7.099999904632568,7.099999904632568,7.0,7.019999980926514,4.851085186004639,132690,0.0,0.0
2002-02-18,7.099999904632568,7.199999809265137,7.0,7.090000152587891,4.8994574546813965,117270,0.0,0.0
2002-02-19,7.099999904632568,7.099999904632568,7.039999961853027,7.079999923706055,4.892548561096191,194050,0.0,0.0
2002-02-20,7.03000020980835,7.090000152587891,6.909999847412109,7.039999961853027,4.86490535736084,174740,0.0,0.0
2002-02-21,6.900000095367432,8.1899995803833,6.900000095367432,7.96999979019165,5.507571220397949,1296610,0.0,0.0
2002-02-22,8.0,8.399999618530273,7.579999923706055,8.020000457763672,5.542123794555664,1459890,0.0,0.0
2002-02-25,8.399999618530273,8.489999771118164,7.949999809265137,8.380000114440918,5.790897369384766,1648070,0.0,0.0
2002-02-26,8.319999694824219,8.449999809265137,8.0,8.210000038146973,5.6734209060668945,779310,0.0,0.0
2002-02-27,8.279999732971191,8.279999732971191,7.75,7.800000190734863,5.390095233917236,423390,0.0,0.0
2002-02-28,7.75,7.869999885559082,7.300000190734863,7.449999809265137,5.148231506347656,418370,0.0,0.0
2002-03-01,6.699999809265137,7.599999904632568,6.699999809265137,7.480000019073486,5.1689629554748535,196460,0.0,0.0
2002-03-04,7.5,8.979999542236328,7.5,8.5600004196167,5.915282726287842,1286860,0.0,0.0
2002-03-05,8.899999618530273,8.899999618530273,8.109999656677246,8.229999542236328,5.687242031097412,1051210,0.0,0.0
2002-03-06,8.369999885559082,8.4399995803833,7.909999847412109,7.989999771118164,5.521391868591309,448310,0.0,0.0
2002-03-07,8.149999618530273,8.170000076293945,7.800000190734863,7.889999866485596,5.452287673950195,318810,0.0,0.0
2002-03-08,8.100000381469727,8.100000381469727,7.619999885559082,7.710000038146973,5.327902317047119,242490,0.0,0.0
2002-03-11,7.800000190734863,7.909999847412109,7.570000171661377,7.610000133514404,5.258796691894531,233890,0.0,0.0
2002-03-12,7.639999866485596,7.639999866485596,7.309999942779541,7.380000114440918,5.099858283996582,206140,0.0,0.0
2002-03-13,7.5,7.96999979019165,7.309999942779541,7.550000190734863,5.2173357009887695,439340,0.0,0.0
2002-03-14,7.559999942779541,7.690000057220459,7.409999847412109,7.449999809265137,5.148231506347656,125800,0.0,0.0
2002-03-15,7.329999923706055,7.599999904632568,7.329999923706055,7.449999809265137,5.148231506347656,234790,0.0,0.0
2002-03-18,7.690000057220459,7.699999809265137,7.449999809265137,7.5,5.182783126831055,331650,0.0,0.0
2002-03-19,7.590000152587891,7.849999904632568,7.489999771118164,7.53000020980835,5.20351505279541,260170,0.0,0.0
2002-03-20,7.579999923706055,7.599999904632568,7.400000095367432,7.420000076293945,5.127500057220459,750580,0.0,0.0
2002-03-21,7.449999809265137,7.5,7.380000114440918,7.420000076293945,5.127500057220459,82630,0.0,0.0
2002-03-22,7.400000095367432,7.480000019073486,7.25,7.360000133514404,5.086038112640381,160400,0.0,0.0
2002-03-25,7.360000133514404,7.360000133514404,7.360000133514404,7.360000133514404,5.086038112640381,0,0.0,0.0
2002-03-26,8.399999618530273,8.489999771118164,7.570000171661377,7.659999847412109,5.293349266052246,2094540,0.0,0.0
2002-03-27,7.840000152587891,7.840000152587891,7.449999809265137,7.480000019073486,5.1689629554748535,518140,0.0,0.0
2002-03-28,7.329999923706055,7.800000190734863,7.329999923706055,7.670000076293945,5.300259590148926,499390,0.0,0.0
2002-03-29,7.670000076293945,7.670000076293945,7.670000076293945,7.670000076293945,5.300259590148926,0,0.0,0.0
2002-04-01,7.980000019073486,7.980000019073486,7.650000095367432,7.78000020980835,5.376274585723877,222150,0.0,0.0
2002-04-02,7.730000019073486,7.900000095367432,7.400000095367432,7.550000190734863,5.2173357009887695,311480,0.0,0.0
2002-04-03,7.309999942779541,7.800000190734863,7.309999942779541,7.449999809265137,5.148231506347656,131460,0.0,0.0
2002-04-04,7.409999847412109,7.599999904632568,7.360000133514404,7.420000076293945,5.127500057220459,367640,0.0,0.0
2002-04-05,7.5,7.5,7.349999904632568,7.420000076293945,5.127500057220459,238850,0.0,0.0
2002-04-08,7.5,7.679999828338623,6.949999809265137,7.03000020980835,4.857995510101318,955900,0.0,0.0
2002-04-09,7.099999904632568,7.340000152587891,7.010000228881836,7.150000095367432,4.940920829772949,640350,0.0,0.0
2002-04-10,7.199999809265137,7.730000019073486,7.199999809265137,7.570000171661377,5.231155872344971,1271770,0.0,0.0
2002-04-11,7.929999828338623,7.929999828338623,7.599999904632568,7.639999866485596,5.2795281410217285,1137210,0.0,0.0
2002-04-12,7.650000095367432,7.800000190734863,7.610000133514404,7.710000038146973,5.327902317047119,424430,0.0,0.0
2002-04-15,7.869999885559082,7.880000114440918,7.550000190734863,7.619999885559082,5.265706539154053,365140,0.0,0.0
2002-04-16,7.840000152587891,8.100000381469727,7.599999904632568,7.659999847412109,5.293349266052246,1217930,0.0,0.0
2002-04-17,7.800000190734863,7.889999866485596,7.449999809265137,7.5,5.182783126831055,540680,0.0,0.0
2002-04-18,7.5,7.650000095367432,7.5,7.570000171661377,5.231155872344971,125670,0.0,0.0
2002-04-19,7.619999885559082,7.619999885559082,7.320000171661377,7.369999885559082,5.0929484367370605,224350,0.0,0.0
2002-04-22,7.409999847412109,7.440000057220459,7.289999961853027,7.349999904632568,5.079128742218018,112370,0.0,0.0
2002-04-23,7.349999904632568,7.480000019073486,7.300000190734863,7.389999866485596,5.10676908493042,84580,0.0,0.0
2002-04-24,7.409999847412109,7.460000038146973,7.369999885559082,7.389999866485596,5.10676908493042,62770,0.0,0.0
2002-04-25,7.5,7.5,7.25,7.28000020980835,5.030755519866943,112000,0.0,0.0
2002-04-26,7.349999904632568,7.400000095367432,7.199999809265137,7.21999979019165,4.989292621612549,82760,0.0,0.0
2002-04-29,7.480000019073486,7.5,7.150000095367432,7.210000038146973,4.982381820678711,148170,0.0,0.0
2002-04-30,7.269999980926514,7.5,7.269999980926514,7.440000057220459,5.141321182250977,120570,0.0,0.0
2002-05-01,7.440000057220459,7.440000057220459,7.440000057220459,7.440000057220459,5.141321182250977,0,0.0,0.0
2002-05-02,7.599999904632568,7.699999809265137,7.260000228881836,7.349999904632568,5.079128742218018,616950,0.0,0.0
2002-05-03,7.400000095367432,7.869999885559082,7.400000095367432,7.690000057220459,5.31408166885376,1059720,0.0,0.0
2002-05-06,7.809999942779541,7.849999904632568,7.610000133514404,7.650000095367432,5.286438941955566,698890,0.0,0.0
2002-05-07,7.559999942779541,7.699999809265137,7.510000228881836,7.559999942779541,5.224245071411133,159450,0.0,0.0
2002-05-08,7.510000228881836,7.71999979019165,7.510000228881836,7.630000114440918,5.272618293762207,142330,0.0,0.0
2002-05-09,7.71999979019165,7.800000190734863,7.53000020980835,7.590000152587891,5.244976997375488,170660,0.0,0.0
2002-05-10,7.789999961853027,7.800000190734863,7.460000038146973,7.489999771118164,5.175873279571533,158810,0.0,0.0
2002-05-13,7.690000057220459,7.889999866485596,7.420000076293945,7.489999771118164,5.175873279571533,1695270,0.0,0.0
2002-05-14,7.599999904632568,7.610000133514404,7.400000095367432,7.550000190734863,5.2173357009887695,724070,0.0,0.0
2002-05-15,7.579999923706055,8.529999732971191,7.510000228881836,8.039999961853027,5.555944442749023,5221110,0.0,0.0
2002-05-16,8.15999984741211,8.399999618530273,7.679999828338623,7.860000133514404,5.431557655334473,2660310,0.0,0.0
2002-05-17,7.800000190734863,7.820000171661377,7.539999961853027,7.699999809265137,5.320991039276123,668960,0.0,0.0
2002-05-20,7.349999904632568,7.630000114440918,7.349999904632568,7.389999866485596,5.10676908493042,483040,0.0,0.0
2002-05-21,7.300000190734863,7.300000190734863,6.869999885559082,6.989999771118164,4.830353736877441,522450,0.0,0.0
2002-05-22,6.760000228881836,7.239999771118164,6.760000228881836,7.0,4.837265491485596,401460,0.0,0.0
2002-05-23,7.050000190734863,7.179999828338623,6.909999847412109,6.960000038146973,4.809622287750244,209790,0.0,0.0
2002-05-24,7.25,7.820000171661377,7.199999809265137,7.619999885559082,5.265706539154053,843760,0.0,0.0
2002-05-27,7.5,7.599999904632568,7.409999847412109,7.440000057220459,5.141321182250977,443320,0.0,0.0
2002-05-28,7.320000171661377,7.449999809265137,7.199999809265137,7.25,5.010024070739746,289280,0.0,0.0
2002-05-29,7.099999904632568,7.400000095367432,7.099999904632568,7.360000133514404,5.086038112640381,166270,0.0,0.0
2002-05-30,7.440000057220459,7.5,7.199999809265137,7.21999979019165,4.989292621612549,210810,0.0,0.0
2002-05-31,7.260000228881836,7.260000228881836,7.119999885559082,7.139999866485596,4.934009552001953,98960,0.0,0.0
2002-06-03,7.329999923706055,7.400000095367432,7.199999809265137,7.230000019073486,4.996204376220703,143160,0.0,0.0
2002-06-04,7.389999866485596,7.630000114440918,7.179999828338623,7.46999979019165,5.162053108215332,373520,0.0,0.0
2002-06-05,7.590000152587891,7.800000190734863,7.5,7.690000057220459,5.31408166885376,541660,0.0,0.0
2002-06-06,7.800000190734863,9.229999542236328,7.659999847412109,9.229999542236328,6.3782782554626465,5661670,0.0,0.0
2002-06-07,9.199999809265137,9.869999885559082,8.710000038146973,8.850000381469727,6.11568546295166,11748950,0.0,0.0
2002-06-10,9.100000381469727,10.279999732971191,9.100000381469727,9.9399995803833,6.86891508102417,11772920,0.0,0.0
2002-06-11,10.289999961853027,10.770000457763672,9.869999885559082,10.380000114440918,7.172974586486816,11263170,0.0,0.0
2002-06-12,10.300000190734863,10.649999618530273,10.069999694824219,10.170000076293945,7.027853965759277,2978970,0.0,0.0
2002-06-13,10.279999732971191,10.479999542236328,10.170000076293945,10.239999771118164,7.07622766494751,1721990,0.0,0.0
2002-06-14,10.199999809265137,11.239999771118164,10.180000305175781,10.890000343322754,7.525401592254639,6591670,0.0,0.0
2002-06-17,10.979999542236328,11.1899995803833,10.649999618530273,10.739999771118164,7.421746253967285,3632690,0.0,0.0
2002-06-18,10.899999618530273,11.300000190734863,10.630000114440918,10.75,7.42865514755249,4093770,0.0,0.0
2002-06-19,10.899999618530273,11.100000381469727,10.579999923706055,10.699999809265137,7.394104480743408,2563690,0.0,0.0
2002-06-20,10.600000381469727,12.84000015258789,10.600000381469727,12.569999694824219,8.686347007751465,20997530,0.0,0.0
2002-06-21,12.300000190734863,12.489999771118164,11.640000343322754,11.859999656677246,8.195709228515625,9242300,0.0,0.0
2002-06-24,11.850000381469727,12.279999732971191,11.600000381469727,11.699999809265137,8.0851411819458,4091960,0.0,0.0
2002-06-25,11.800000190734863,12.239999771118164,11.420000076293945,11.579999923706055,8.002218246459961,4890060,0.0,0.0
2002-06-26,11.579999923706055,12.369999885559082,11.529999732971191,11.970000267028809,8.271721839904785,16010830,0.0,0.0
2002-06-27,12.079999923706055,12.09000015258789,11.520000457763672,11.630000114440918,8.036768913269043,5910220,0.0,0.0
2002-06-28,11.75,11.9399995803833,11.0600004196167,11.220000267028809,7.753444194793701,4708330,0.0,0.0
2002-07-01,11.399999618530273,11.5,11.130000114440918,11.390000343322754,7.870920658111572,2741680,0.0,0.0
2002-07-02,11.4399995803833,11.649999618530273,11.25,11.4399995803833,7.905472278594971,3530330,0.0,0.0
2002-07-03,11.449999809265137,12.039999961853027,11.449999809265137,11.819999694824219,8.168067932128906,5683740,0.0,0.0
2002-07-04,11.899999618530273,12.579999923706055,11.84000015258789,12.420000076293945,8.58268928527832,7760950,0.0,0.0
2002-07-05,12.5,13.229999542236328,12.5,12.6899995803833,8.769268989562988,8336500,0.0,0.0
2002-07-08,12.720000267028809,12.899999618530273,11.899999618530273,11.979999542236328,8.278634071350098,3001270,0.0,0.0
2002-07-09,12.0,12.479999542236328,11.720000267028809,11.930000305175781,8.244081497192383,4404430,0.0,0.0
2002-07-10,12.0,12.020000457763672,11.699999809265137,11.770000457763672,8.133514404296875,1268370,0.0,0.0
2002-07-11,11.800000190734863,11.800000190734863,11.520000457763672,11.619999885559082,8.029858589172363,1119070,0.0,0.0
2002-07-12,11.800000190734863,11.970000267028809,11.609999656677246,11.729999542236328,8.105874061584473,1107940,0.0,0.0
2002-07-15,11.399999618530273,11.729999542236328,10.569999694824219,10.720000267028809,7.407925605773926,1412650,0.0,0.0
2002-07-16,10.699999809265137,10.989999771118164,10.5,10.670000076293945,7.37337589263916,1260410,0.0,0.0
2002-07-17,10.5,10.850000381469727,10.029999732971191,10.170000076293945,7.027853965759277,1587750,0.0,0.0
2002-07-18,10.399999618530273,10.699999809265137,10.329999923706055,10.569999694824219,7.3042683601379395,2361700,0.0,0.0
2002-07-19,10.59000015258789,11.0,10.449999809265137,10.899999618530273,7.532310962677002,1735830,0.0,0.0
2002-07-22,10.899999618530273,10.899999618530273,10.100000381469727,10.300000190734863,7.117690086364746,1362280,0.0,0.0
2002-07-23,10.0,10.770000457763672,9.949999809265137,10.670000076293945,7.37337589263916,1188110,0.0,0.0
2002-07-24,10.699999809265137,10.880000114440918,10.390000343322754,10.510000228881836,7.262804985046387,1350680,0.0,0.0
2002-07-25,10.640000343322754,10.850000381469727,10.380000114440918,10.460000038146973,7.2282562255859375,814560,0.0,0.0
2002-07-26,10.3100004196167,10.399999618530273,9.8100004196167,9.979999542236328,6.896557331085205,730340,0.0,0.0
2002-07-29,10.199999809265137,10.199999809265137,9.229999542236328,9.5600004196167,6.606322765350342,2099420,0.0,0.0
2002-07-30,9.949999809265137,10.140000343322754,9.039999961853027,9.260000228881836,6.399009704589844,1996420,0.0,0.0
2002-07-31,9.239999771118164,9.649999618530273,9.039999961853027,9.520000457763672,6.57867956161499,1515680,0.0,0.0
2002-08-01,9.539999961853027,9.899999618530273,9.520000457763672,9.59000015258789,6.6270527839660645,688990,0.0,0.0
2002-08-02,9.449999809265137,9.449999809265137,9.199999809265137,9.319999694824219,6.440471172332764,545370,0.0,0.0
2002-08-05,9.579999923706055,10.890000343322754,9.399999618530273,10.510000228881836,7.262804985046387,2338390,0.0,0.0
2002-08-06,10.460000038146973,11.300000190734863,10.399999618530273,11.029999732971191,7.622148513793945,5184220,0.0,0.0
2002-08-07,11.329999923706055,11.869999885559082,10.770000457763672,10.960000038146973,7.573773384094238,5348470,0.0,0.0
2002-08-08,11.0,11.15999984741211,10.359999656677246,10.449999809265137,7.221346855163574,1976330,0.0,0.0
2002-08-09,10.75,11.6899995803833,10.699999809265137,11.430000305175781,7.898563385009766,6975820,0.0,0.0
2002-08-12,11.529999732971191,12.779999732971191,11.5,12.569999694824219,8.686347007751465,12579050,0.0,0.0
2002-08-13,12.65999984741211,12.65999984741211,11.720000267028809,11.789999961853027,8.147336959838867,4665110,0.0,0.0
2002-08-14,11.970000267028809,12.34000015258789,11.630000114440918,11.960000038146973,8.264813423156738,7396570,0.0,0.0
2002-08-15,11.960000038146973,11.960000038146973,11.960000038146973,11.960000038146973,8.264813423156738,0,0.0,0.0
2002-08-16,12.289999961853027,12.289999961853027,11.770000457763672,11.869999885559082,8.202618598937988,2441420,0.0,0.0
2002-08-19,12.0,12.15999984741211,11.770000457763672,11.859999656677246,8.195709228515625,2918460,0.0,0.0
2002-08-20,11.989999771118164,12.0,11.630000114440918,11.739999771118164,8.112784385681152,1694030,0.0,0.0
2002-08-21,11.829999923706055,12.300000190734863,11.699999809265137,11.970000267028809,8.271721839904785,2997390,0.0,0.0
2002-08-22,12.069999694824219,12.09000015258789,11.640000343322754,11.699999809265137,8.0851411819458,1074250,0.0,0.0
2002-08-23,11.84000015258789,11.890000343322754,11.649999618530273,11.699999809265137,8.0851411819458,610410,0.0,0.0
2002-08-26,11.75,11.75,11.0600004196167,11.279999732971191,7.794905662536621,1367140,0.0,0.0
2002-08-27,11.380000114440918,11.649999618530273,11.220000267028809,11.319999694824219,7.82254695892334,1247230,0.0,0.0
2002-08-28,11.0,11.199999809265137,11.0,11.09000015258789,7.980871200561523,641150,0.45,0.0
2002-08-29,11.199999809265137,11.199999809265137,10.90999984741211,11.010000228881836,7.923299789428711,715490,0.0,0.0
2002-08-30,11.100000381469727,11.140000343322754,10.930000305175781,10.989999771118164,7.908907413482666,677980,0.0,0.0
2002-09-02,11.029999732971191,11.5,11.029999732971191,11.350000381469727,8.16797924041748,1398930,0.0,0.0
2002-09-03,11.5,11.989999771118164,11.399999618530273,11.710000038146973,8.427048683166504,2418750,0.0,0.0
2002-09-04,11.5,11.699999809265137,11.449999809265137,11.600000381469727,8.34788990020752,929480,0.0,0.0
2002-09-05,11.680000305175781,11.710000038146973,11.430000305175781,11.5,8.275925636291504,568370,0.0,0.0
2002-09-06,11.380000114440918,11.460000038146973,11.15999984741211,11.210000038146973,8.067228317260742,554190,0.0,0.0
2002-09-09,11.199999809265137,11.380000114440918,11.130000114440918,11.1899995803833,8.052835464477539,393480,0.0,0.0
2002-09-10,11.1899995803833,11.1899995803833,11.1899995803833,11.1899995803833,8.052835464477539,0,0.0,0.0
2002-09-11,11.289999961853027,11.470000267028809,11.170000076293945,11.239999771118164,8.088817596435547,383250,0.0,0.0
2002-09-12,11.329999923706055,11.329999923706055,11.170000076293945,11.260000228881836,8.103211402893066,278070,0.0,0.0
2002-09-13,11.199999809265137,12.0,11.199999809265137,11.5600004196167,8.319104194641113,2358260,0.0,0.0
2002-09-16,11.8100004196167,12.399999618530273,11.579999923706055,11.760000228881836,8.463033676147461,3452740,0.0,0.0
2002-09-17,11.899999618530273,11.989999771118164,11.449999809265137,11.609999656677246,8.355083465576172,1640120,0.0,0.0
2002-09-18,11.59000015258789,11.59000015258789,11.25,11.34000015258789,8.160782814025879,606840,0.0,0.0
2002-09-19,11.5,11.5,10.829999923706055,11.119999885559082,8.002461433410645,784990,0.0,0.0
2002-09-20,11.100000381469727,11.449999809265137,10.699999809265137,11.300000190734863,8.131996154785156,1058770,0.0,0.0
2002-09-23,11.5,11.600000381469727,10.960000038146973,11.180000305175781,8.04564094543457,3575050,0.0,0.0
2002-09-24,11.0,11.239999771118164,10.930000305175781,11.09000015258789,7.980871200561523,1685680,0.0,0.0
2002-09-25,10.989999771118164,12.0,10.930000305175781,11.899999618530273,8.56378173828125,3408850,0.0,0.0
2002-09-26,12.050000190734863,12.539999961853027,12.010000228881836,12.1899995803833,8.772480964660645,6825270,0.0,0.0
2002-09-27,12.289999961853027,12.390000343322754,12.0600004196167,12.180000305175781,8.76528549194336,4044170,0.0,0.0
2002-09-30,12.0,12.199999809265137,11.220000267028809,11.430000305175781,8.225549697875977,3494720,0.0,0.0
2002-10-01,11.470000267028809,11.619999885559082,11.09000015258789,11.229999542236328,8.081621170043945,1929400,0.0,0.0
2002-10-02,11.229999542236328,11.229999542236328,11.229999542236328,11.229999542236328,8.081621170043945,0,0.0,0.0
2002-10-03,11.199999809265137,11.600000381469727,11.199999809265137,11.529999732971191,8.297513008117676,2111010,0.0,0.0
2002-10-04,11.5,11.75,11.319999694824219,11.600000381469727,8.34788990020752,1918010,0.0,0.0
2002-10-07,11.630000114440918,11.760000228881836,11.479999542236328,11.539999961853027,8.304708480834961,1340370,0.0,0.0
2002-10-08,11.569999694824219,11.619999885559082,11.449999809265137,11.5,8.275925636291504,642900,0.0,0.0
2002-10-09,11.5600004196167,11.960000038146973,11.449999809265137,11.510000228881836,8.283121109008789,2726140,0.0,0.0
2002-10-10,11.430000305175781,11.890000343322754,11.430000305175781,11.770000457763672,8.470229148864746,1290310,0.0,0.0
2002-10-11,12.279999732971191,12.5,12.15999984741211,12.369999885559082,8.902015686035156,8084770,0.0,0.0
2002-10-14,12.539999961853027,12.579999923706055,12.039999961853027,12.149999618530273,8.743696212768555,2132730,0.0,0.0
2002-10-15,12.149999618530273,12.149999618530273,12.149999618530273,12.149999618530273,8.743696212768555,0,0.0,0.0
2002-10-16,12.289999961853027,12.289999961853027,11.90999984741211,12.010000228881836,8.642945289611816,818190,0.0,0.0
2002-10-17,11.979999542236328,12.25,11.850000381469727,12.199999809265137,8.779675483703613,1126360,0.0,0.0
2002-10-18,12.350000381469727,12.40999984741211,12.010000228881836,12.109999656677246,8.7149076461792,1015000,0.0,0.0
2002-10-21,12.109999656677246,12.880000114440918,12.109999656677246,12.729999542236328,9.161089897155762,5621030,0.0,0.0
2002-10-22,12.960000038146973,13.09000015258789,12.5600004196167,12.979999542236328,9.3410005569458,7334930,0.0,0.0
2002-10-23,12.899999618530273,12.949999809265137,12.40999984741211,12.510000228881836,9.002768516540527,2719740,0.0,0.0
2002-10-24,12.539999961853027,13.270000457763672,12.199999809265137,13.039999961853027,9.384176254272461,5423320,0.0,0.0
2002-10-25,12.949999809265137,13.149999618530273,12.569999694824219,12.739999771118164,9.16828441619873,4515280,0.0,0.0
2002-10-28,12.800000190734863,13.0,12.550000190734863,12.890000343322754,9.27623462677002,2545130,0.0,0.0
2002-10-29,12.800000190734863,13.6899995803833,12.760000228881836,13.579999923706055,9.772789001464844,7122350,0.0,0.0
2002-10-30,13.649999618530273,13.989999771118164,13.40999984741211,13.789999961853027,9.92391300201416,5896910,0.0,0.0
2002-10-31,13.890000343322754,14.140000343322754,12.859999656677246,13.109999656677246,9.434553146362305,8905390,0.0,0.0
2002-11-01,13.329999923706055,13.649999618530273,13.170000076293945,13.270000457763672,9.549697875976562,4347420,0.0,0.0
2002-11-04,13.390000343322754,13.449999809265137,13.020000457763672,13.15999984741211,9.470534324645996,1178360,0.0,0.0
2002-11-05,13.279999732971191,13.279999732971191,12.739999771118164,12.800000190734863,9.211465835571289,927600,0.0,0.0
2002-11-06,12.800000190734863,12.800000190734863,12.800000190734863,12.800000190734863,9.211465835571289,0,0.0,0.0
2002-11-07,12.800000190734863,12.989999771118164,12.630000114440918,12.6899995803833,9.132303237915039,1271400,0.0,0.0
2002-11-08,12.649999618530273,12.789999961853027,12.510000228881836,12.59000015258789,9.06033992767334,850100,0.0,0.0
2002-11-11,12.670000076293945,13.0600004196167,12.5600004196167,12.880000114440918,9.269036293029785,1651340,0.0,0.0
2002-11-12,12.770000457763672,13.380000114440918,12.770000457763672,13.289999961853027,9.564090728759766,3750380,0.0,0.0
2002-11-13,13.380000114440918,13.5,13.25,13.300000190734863,9.571287155151367,1593190,0.0,0.0
2002-11-14,13.3100004196167,13.369999885559082,12.8100004196167,13.039999961853027,9.384176254272461,1317970,0.0,0.0
2002-11-15,13.199999809265137,13.239999771118164,13.109999656677246,13.140000343322754,9.456143379211426,446660,0.0,0.0
2002-11-18,13.199999809265137,13.6899995803833,13.149999618530273,13.350000381469727,9.607271194458008,1701920,0.0,0.0
2002-11-19,13.350000381469727,13.350000381469727,13.350000381469727,13.350000381469727,9.607271194458008,0,0.0,0.0
2002-11-20,13.430000305175781,13.529999732971191,13.25,13.289999961853027,9.564090728759766,870020,0.0,0.0
2002-11-21,13.399999618530273,13.460000038146973,13.199999809265137,13.239999771118164,9.528109550476074,481240,0.0,0.0
2002-11-22,13.369999885559082,13.84000015258789,13.220000267028809,13.630000114440918,9.808771133422852,1086960,0.0,0.0
2002-11-25,13.90999984741211,14.069999694824219,13.710000038146973,13.789999961853027,9.92391300201416,2456940,0.0,0.0
2002-11-26,13.9399995803833,13.949999809265137,13.40999984741211,13.470000267028809,9.693626403808594,687640,0.0,0.0
2002-11-27,13.550000190734863,13.569999694824219,13.220000267028809,13.329999923706055,9.592875480651855,398450,0.0,0.0
2002-11-28,13.430000305175781,13.699999809265137,13.0,13.630000114440918,9.808771133422852,1264810,0.0,0.0
2002-11-29,13.6899995803833,14.1899995803833,13.65999984741211,13.8100004196167,9.938304901123047,3859370,0.0,0.0
2002-12-02,13.100000381469727,14.100000381469727,13.100000381469727,13.720000267028809,9.873539924621582,1708600,0.0,0.0
2002-12-03,13.800000190734863,14.149999618530273,13.729999542236328,13.880000114440918,9.988680839538574,2643660,0.0,0.0
2002-12-04,13.989999771118164,14.1899995803833,13.710000038146973,13.90999984741211,10.010269165039062,2091190,0.0,0.0
2002-12-05,13.899999618530273,14.050000190734863,13.8100004196167,13.930000305175781,10.024662971496582,600740,0.0,0.0
2002-12-06,14.0,14.149999618530273,13.859999656677246,13.920000076293945,10.017465591430664,837700,0.0,0.0
2002-12-09,13.90999984741211,14.0,13.819999694824219,13.960000038146973,10.046253204345703,697290,0.0,0.0
2002-12-10,13.949999809265137,14.050000190734863,13.699999809265137,13.949999809265137,10.039057731628418,687610,0.0,0.0
2002-12-11,14.039999961853027,14.199999809265137,13.75,13.9399995803833,10.0318603515625,870610,0.0,0.0
2002-12-12,13.920000076293945,14.90999984741211,13.710000038146973,14.539999961853027,10.46364688873291,4419250,0.0,0.0
2002-12-13,14.680000305175781,14.779999732971191,14.210000038146973,14.3100004196167,10.29813003540039,2026410,0.0,0.0
2002-12-16,14.399999618530273,14.600000381469727,14.100000381469727,14.489999771118164,10.427663803100586,2744250,0.0,0.0
2002-12-17,14.5,14.5,13.920000076293945,14.079999923706055,10.132609367370605,700140,0.0,0.0
2002-12-18,14.100000381469727,14.199999809265137,13.930000305175781,13.989999771118164,10.06784439086914,427670,0.0,0.0
2002-12-19,13.930000305175781,14.09000015258789,13.75,13.8100004196167,9.938304901123047,320990,0.0,0.0
2002-12-20,13.979999542236328,14.1899995803833,13.710000038146973,14.050000190734863,10.111021041870117,903260,0.0,0.0
2002-12-23,14.1899995803833,14.399999618530273,13.90999984741211,13.970000267028809,10.053448677062988,1037020,0.0,0.0
2002-12-24,14.100000381469727,14.100000381469727,13.859999656677246,13.920000076293945,10.017465591430664,322980,0.0,0.0
2002-12-25,13.920000076293945,13.920000076293945,13.920000076293945,13.920000076293945,10.017465591430664,0,0.0,0.0
2002-12-26,13.949999809265137,14.100000381469727,13.770000457763672,13.8100004196167,9.938304901123047,301180,0.0,0.0
2002-12-27,14.0,14.199999809265137,13.869999885559082,14.149999618530273,10.18298625946045,1437750,0.0,0.0
2002-12-30,14.0,14.0,13.449999809265137,13.489999771118164,9.70802116394043,891960,0.0,0.0
2002-12-31,13.640000343322754,13.739999771118164,13.399999618530273,13.4399995803833,9.672038078308105,693260,0.0,0.0
2003-01-01,13.59000015258789,13.649999618530273,13.399999618530273,13.470000267028809,9.693626403808594,381870,0.0,0.0
2003-01-02,13.550000190734863,13.550000190734863,12.760000228881836,12.84000015258789,9.240251541137695,1161740,0.0,0.0
2003-01-03,12.970000267028809,13.149999618530273,12.850000381469727,12.989999771118164,9.348196029663086,1418610,0.0,0.0
2003-01-06,13.050000190734863,13.100000381469727,12.649999618530273,12.699999809265137,9.139498710632324,325210,0.0,0.0
2003-01-07,12.850000381469727,12.989999771118164,12.600000381469727,12.869999885559082,9.261838912963867,1275040,0.0,0.0
2003-01-08,12.9399995803833,13.5,12.819999694824219,13.329999923706055,9.592875480651855,1187190,0.0,0.0
2003-01-09,13.4399995803833,13.600000381469727,13.279999732971191,13.539999961853027,9.744002342224121,916680,0.0,0.0
2003-01-10,13.75,13.899999618530273,13.300000190734863,13.380000114440918,9.628860473632812,1331910,0.0,0.0
2003-01-13,13.5,13.5,12.699999809265137,12.880000114440918,9.269036293029785,823030,0.0,0.0
2003-01-14,12.979999542236328,12.979999542236328,12.680000305175781,12.84000015258789,9.240251541137695,1755470,0.0,0.0
2003-01-15,13.050000190734863,13.199999809265137,12.850000381469727,12.930000305175781,9.305018424987793,1511290,0.0,0.0
2003-01-16,12.890000343322754,13.180000305175781,12.880000114440918,13.09000015258789,9.420162200927734,321890,0.0,0.0
2003-01-17,13.119999885559082,13.5,12.960000038146973,13.050000190734863,9.391375541687012,957640,0.0,0.0
2003-01-20,13.100000381469727,13.25,12.8100004196167,12.869999885559082,9.261838912963867,495260,0.0,0.0
2003-01-21,12.949999809265137,13.300000190734863,12.949999809265137,13.229999542236328,9.520914077758789,1265790,0.0,0.0
2003-01-22,13.350000381469727,13.479999542236328,13.199999809265137,13.25,9.535304069519043,732090,0.0,0.0
2003-01-23,13.289999961853027,13.289999961853027,13.09000015258789,13.210000038146973,9.506519317626953,1114480,0.0,0.0
2003-01-24,13.300000190734863,13.399999618530273,12.75,12.869999885559082,9.261838912963867,517520,0.0,0.0
2003-01-27,13.0,13.050000190734863,12.279999732971191,12.869999885559082,9.261838912963867,1079620,0.0,0.0
2003-01-28,12.899999618530273,13.109999656677246,12.649999618530273,13.029999732971191,9.376981735229492,1409820,0.0,0.0
2003-01-29,13.199999809265137,13.380000114440918,12.65999984741211,12.739999771118164,9.16828441619873,1170270,0.0,0.0
2003-01-30,12.880000114440918,12.949999809265137,12.609999656677246,12.699999809265137,9.139498710632324,502600,0.0,0.0
2003-01-31,12.529999732971191,12.699999809265137,12.460000038146973,12.529999732971191,9.017158508300781,304150,0.0,0.0
2003-02-03,12.729999542236328,12.779999732971191,12.329999923706055,12.40999984741211,8.93079948425293,584260,0.0,0.0
2003-02-04,12.5,12.720000267028809,12.25,12.289999961853027,8.844443321228027,775160,0.0,0.0
2003-02-05,14.0,14.0,12.199999809265137,12.229999542236328,8.801264762878418,390570,0.0,0.0
2003-02-06,12.279999732971191,12.390000343322754,12.100000381469727,12.329999923706055,8.87322998046875,427010,0.0,0.0
2003-02-07,12.329999923706055,12.4399995803833,11.800000190734863,11.930000305175781,8.585371017456055,871030,0.0,0.0
2003-02-10,12.149999618530273,12.149999618530273,11.630000114440918,11.720000267028809,8.434247016906738,1248150,0.0,0.0
2003-02-11,11.789999961853027,11.989999771118164,11.449999809265137,11.529999732971191,8.297513008117676,1242980,0.0,0.0
2003-02-12,11.6899995803833,11.890000343322754,11.479999542236328,11.800000190734863,8.491820335388184,829690,0.0,0.0
2003-02-13,11.800000190734863,11.800000190734863,11.800000190734863,11.800000190734863,8.491820335388184,0,0.0,0.0
2003-02-14,11.899999618530273,11.970000267028809,11.5,11.569999694824219,8.326298713684082,500940,0.0,0.0
2003-02-17,11.670000076293945,11.970000267028809,11.670000076293945,11.819999694824219,8.506211280822754,373880,0.0,0.0
2003-02-18,11.850000381469727,12.1899995803833,11.729999542236328,11.8100004196167,8.499016761779785,621660,0.0,0.0
2003-02-19,11.899999618530273,11.949999809265137,11.800000190734863,11.850000381469727,8.527802467346191,263090,0.0,0.0
2003-02-20,11.8100004196167,11.890000343322754,11.649999618530273,11.729999542236328,8.441442489624023,290980,0.0,0.0
2003-02-21,11.800000190734863,11.800000190734863,11.5,11.550000190734863,8.311906814575195,331200,0.0,0.0
2003-02-24,11.670000076293945,11.800000190734863,11.609999656677246,11.739999771118164,8.448639869689941,365890,0.0,0.0
2003-02-25,11.75,11.9399995803833,11.699999809265137,11.770000457763672,8.470229148864746,603100,0.0,0.0
2003-02-26,11.800000190734863,11.869999885559082,11.670000076293945,11.739999771118164,8.448639869689941,316080,0.0,0.0
2003-02-27,11.779999732971191,12.029999732971191,11.729999542236328,11.949999809265137,8.59976577758789,342410,0.0,0.0
2003-02-28,12.170000076293945,12.300000190734863,11.800000190734863,12.119999885559082,8.722105979919434,1537660,0.0,0.0
2003-03-03,12.300000190734863,12.449999809265137,12.050000190734863,12.119999885559082,8.722105979919434,478610,0.0,0.0
2003-03-04,12.100000381469727,12.100000381469727,11.699999809265137,11.739999771118164,8.448639869689941,255360,0.0,0.0
2003-03-05,11.699999809265137,11.699999809265137,11.479999542236328,11.510000228881836,8.283121109008789,243320,0.0,0.0
2003-03-06,11.649999618530273,11.800000190734863,11.319999694824219,11.40999984741211,8.21115493774414,277290,0.0,0.0
2003-03-07,11.319999694824219,11.699999809265137,11.119999885559082,11.630000114440918,8.369477272033691,1142100,0.0,0.0
2003-03-10,11.550000190734863,12.029999732971191,11.449999809265137,11.760000228881836,8.463033676147461,1221260,0.0,0.0
2003-03-11,11.760000228881836,11.819999694824219,11.520000457763672,11.569999694824219,8.326298713684082,436730,0.0,0.0
2003-03-12,11.699999809265137,11.850000381469727,11.579999923706055,11.710000038146973,8.427048683166504,747370,0.0,0.0
2003-03-13,11.609999656677246,11.699999809265137,11.40999984741211,11.630000114440918,8.369477272033691,526810,0.0,0.0
2003-03-14,11.630000114440918,11.630000114440918,11.630000114440918,11.630000114440918,8.369477272033691,0,0.0,0.0
2003-03-17,11.59000015258789,11.59000015258789,11.260000228881836,11.300000190734863,8.131996154785156,194520,0.0,0.0
2003-03-18,11.300000190734863,11.300000190734863,11.300000190734863,11.300000190734863,8.131996154785156,0,0.0,0.0
2003-03-19,11.300000190734863,11.770000457763672,11.279999732971191,11.609999656677246,8.355083465576172,1106900,0.0,0.0
2003-03-20,11.300000190734863,12.199999809265137,11.300000190734863,12.09000015258789,8.700516700744629,1387470,0.0,0.0
2003-03-21,12.239999771118164,12.600000381469727,12.0,12.489999771118164,8.988375663757324,1177240,0.0,0.0
2003-03-24,12.59000015258789,12.59000015258789,12.260000228881836,12.319999694824219,8.866032600402832,284460,0.0,0.0
2003-03-25,12.0,12.670000076293945,12.0,12.579999923706055,9.053143501281738,787880,0.0,0.0
2003-03-26,12.680000305175781,12.789999961853027,12.170000076293945,12.300000190734863,8.851642608642578,982040,0.0,0.0
2003-03-27,12.34000015258789,13.199999809265137,12.050000190734863,12.329999923706055,8.87322998046875,1340510,0.0,0.0
2003-03-28,12.289999961853027,12.289999961853027,12.130000114440918,12.210000038146973,8.786871910095215,1265570,0.0,0.0
2003-03-31,12.199999809265137,12.550000190734863,11.930000305175781,12.40999984741211,8.93079948425293,631840,0.0,0.0
2003-04-01,12.229999542236328,12.390000343322754,12.210000038146973,12.260000228881836,8.822856903076172,77400,0.0,0.0
2003-04-02,12.449999809265137,12.649999618530273,12.319999694824219,12.380000114440918,8.909212112426758,221530,0.0,0.0
2003-04-03,12.670000076293945,13.899999618530273,12.65999984741211,12.760000228881836,9.18267822265625,1203260,0.0,0.0
2003-04-04,12.760000228881836,12.850000381469727,12.739999771118164,12.800000190734863,9.211465835571289,252710,0.0,0.0
2003-04-07,12.619999885559082,12.970000267028809,12.619999885559082,12.84000015258789,9.240251541137695,301470,0.0,0.0
2003-04-08,12.970000267028809,12.970000267028809,12.649999618530273,12.670000076293945,9.11790943145752,167160,0.0,0.0
2003-04-09,12.75,12.75,12.5,12.630000114440918,9.089123725891113,107320,0.0,0.0
2003-04-10,12.600000381469727,12.609999656677246,12.100000381469727,12.170000076293945,8.758087158203125,147670,0.0,0.0
2003-04-11,12.369999885559082,12.470000267028809,12.0,12.1899995803833,8.772480964660645,135000,0.0,0.0
2003-04-14,12.1899995803833,12.1899995803833,12.1899995803833,12.1899995803833,8.772480964660645,0,0.0,0.0
2003-04-15,12.210000038146973,12.34000015258789,12.0,12.1899995803833,8.772480964660645,87740,0.0,0.0
2003-04-16,11.710000038146973,12.449999809265137,11.710000038146973,12.239999771118164,8.808462142944336,320040,0.0,0.0
2003-04-17,12.289999961853027,12.300000190734863,12.100000381469727,12.15999984741211,8.750889778137207,154270,0.0,0.0
2003-04-18,12.15999984741211,12.15999984741211,12.15999984741211,12.15999984741211,8.750889778137207,0,0.0,0.0
2003-04-21,12.25,12.399999618530273,12.199999809265137,12.220000267028809,8.794066429138184,157460,0.0,0.0
2003-04-22,12.210000038146973,12.239999771118164,12.0600004196167,12.140000343322754,8.736498832702637,206340,0.0,0.0
2003-04-23,12.100000381469727,12.239999771118164,11.75,11.800000190734863,8.491820335388184,264300,0.0,0.0
2003-04-24,11.800000190734863,12.119999885559082,11.800000190734863,11.970000267028809,8.614158630371094,135320,0.0,0.0
2003-04-25,11.989999771118164,12.0,11.829999923706055,11.880000114440918,8.549389839172363,106940,0.0,0.0
2003-04-28,11.819999694824219,11.989999771118164,11.819999694824219,11.899999618530273,8.56378173828125,86330,0.0,0.0
2003-04-29,12.390000343322754,12.399999618530273,11.720000267028809,11.850000381469727,8.527802467346191,143050,0.0,0.0
2003-04-30,11.760000228881836,11.949999809265137,11.760000228881836,11.819999694824219,8.506211280822754,70050,0.0,0.0
2003-05-01,11.819999694824219,11.819999694824219,11.819999694824219,11.819999694824219,8.506211280822754,0,0.0,0.0
2003-05-02,11.800000190734863,11.819999694824219,11.399999618530273,11.760000228881836,8.463033676147461,832970,0.0,0.0
2003-05-05,11.800000190734863,12.210000038146973,11.5,12.109999656677246,8.7149076461792,822870,0.0,0.0
2003-05-06,12.180000305175781,12.579999923706055,12.180000305175781,12.510000228881836,9.002768516540527,807270,0.0,0.0
2003-05-07,12.6899995803833,12.800000190734863,12.329999923706055,12.390000343322754,8.91640853881836,1052480,0.0,0.0
2003-05-08,12.5,12.600000381469727,12.359999656677246,12.40999984741211,8.93079948425293,1358240,0.0,0.0
2003-05-09,12.479999542236328,12.800000190734863,12.199999809265137,12.630000114440918,9.089123725891113,4967010,0.0,0.0
2003-05-12,13.170000076293945,13.170000076293945,12.569999694824219,12.619999885559082,9.081928253173828,1525660,0.0,0.0
2003-05-13,12.699999809265137,12.890000343322754,12.649999618530273,12.800000190734863,9.211465835571289,1044230,0.0,0.0
2003-05-14,12.930000305175781,14.449999809265137,12.930000305175781,14.25,10.254950523376465,5687490,0.0,0.0
2003-05-15,14.399999618530273,15.350000381469727,14.399999618530273,15.229999542236328,10.960203170776367,6481080,0.0,0.0
2003-05-16,15.4399995803833,15.789999961853027,14.5,15.050000190734863,10.830666542053223,4720090,0.0,0.0
2003-05-19,15.100000381469727,15.34000015258789,14.600000381469727,14.880000114440918,10.70832633972168,2004120,0.0,0.0
2003-05-20,14.600000381469727,15.0,14.430000305175781,14.59000015258789,10.499629020690918,1425130,0.0,0.0
2003-05-21,14.850000381469727,15.5600004196167,14.789999961853027,15.170000076293945,10.917023658752441,4854830,0.0,0.0
2003-05-22,15.359999656677246,15.739999771118164,15.199999809265137,15.25,10.97459602355957,2872630,0.0,0.0
2003-05-23,15.300000190734863,15.739999771118164,15.109999656677246,15.170000076293945,10.917023658752441,2026940,0.0,0.0
2003-05-26,15.199999809265137,15.399999618530273,15.010000228881836,15.130000114440918,10.888238906860352,1929970,0.0,0.0
2003-05-27,15.300000190734863,15.300000190734863,14.460000038146973,14.630000114440918,10.528413772583008,1459960,0.0,0.0
2003-05-28,14.850000381469727,14.850000381469727,14.149999618530273,14.6899995803833,10.57159423828125,1470250,0.0,0.0
2003-05-29,14.600000381469727,15.430000305175781,14.600000381469727,15.319999694824219,11.024971961975098,2609110,0.0,0.0
2003-05-30,14.899999618530273,16.09000015258789,14.600000381469727,15.880000114440918,11.427973747253418,4498310,0.0,0.0
2003-06-02,16.100000381469727,16.399999618530273,15.350000381469727,15.529999732971191,11.17609691619873,3118990,0.0,0.0
2003-06-03,15.680000305175781,16.299999237060547,15.600000381469727,15.739999771118164,11.327223777770996,1719480,0.0,0.0
2003-06-04,15.890000343322754,16.3799991607666,15.600000381469727,16.260000228881836,11.701437950134277,1794710,0.0,0.0
2003-06-05,16.299999237060547,16.75,15.699999809265137,15.789999961853027,11.363205909729004,3950800,0.0,0.0
2003-06-06,15.869999885559082,16.549999237060547,15.859999656677246,16.34000015258789,11.759010314941406,2100540,0.0,0.0
2003-06-09,16.579999923706055,16.579999923706055,15.869999885559082,15.90999984741211,11.449562072753906,1035670,0.0,0.0
2003-06-10,16.049999237060547,16.18000030517578,15.420000076293945,15.510000228881836,11.161702156066895,1740660,0.0,0.0
2003-06-11,15.699999809265137,15.880000114440918,14.8100004196167,14.920000076293945,10.737115859985352,2469750,0.0,0.0
2003-06-12,15.039999961853027,15.449999809265137,15.029999732971191,15.279999732971191,10.996184349060059,2195820,0.0,0.0
2003-06-13,15.109999656677246,15.399999618530273,14.949999809265137,14.989999771118164,10.787487030029297,821240,0.0,0.0
2003-06-16,15.199999809265137,15.199999809265137,14.90999984741211,15.039999961853027,10.823470115661621,651110,0.0,0.0
2003-06-17,15.1899995803833,16.100000381469727,15.1899995803833,15.779999732971191,11.35600757598877,5112410,0.0,0.0
2003-06-18,16.100000381469727,16.739999771118164,15.880000114440918,16.360000610351562,11.773405075073242,6681480,0.0,0.0
2003-06-19,16.5,17.190000534057617,16.5,16.709999084472656,12.025276184082031,6038850,0.0,0.0
2003-06-20,16.799999237060547,17.8700008392334,16.350000381469727,17.56999969482422,12.644172668457031,9445270,0.0,0.0
2003-06-23,17.6299991607666,17.899999618530273,16.799999237060547,16.969999313354492,12.212385177612305,3424870,0.0,0.0
2003-06-24,17.0,17.549999237060547,16.75,17.0,12.233976364135742,2607650,0.0,0.0
2003-06-25,17.469999313354492,18.0,17.040000915527344,17.530000686645508,12.615389823913574,5608790,0.0,0.0
2003-06-26,17.600000381469727,18.360000610351562,17.5,18.260000228881836,13.140730857849121,8574450,0.0,0.0
2003-06-27,18.350000381469727,19.389999389648438,18.290000915527344,19.200000762939453,13.817197799682617,7648920,0.0,0.0
2003-06-30,18.989999771118164,19.549999237060547,18.520000457763672,18.709999084472656,13.787721633911133,4751080,0.45,0.0
2003-07-01,18.850000381469727,18.899999618530273,18.049999237060547,18.1299991607666,13.360308647155762,2671200,0.0,0.0
2003-07-02,18.389999389648438,18.899999618530273,18.100000381469727,18.43000030517578,13.581384658813477,5853340,0.0,0.0
2003-07-03,18.969999313354492,19.200000762939453,18.43000030517578,18.610000610351562,13.714028358459473,4565040,0.0,0.0
2003-07-04,18.8799991607666,18.8799991607666,18.350000381469727,18.440000534057617,13.588751792907715,1504640,0.0,0.0
2003-07-07,18.700000762939453,19.030000686645508,18.290000915527344,18.40999984741211,13.566646575927734,2484510,0.0,0.0
2003-07-08,18.399999618530273,18.8700008392334,18.31999969482422,18.399999618530273,13.559273719787598,1336510,0.0,0.0
2003-07-09,18.5,18.530000686645508,17.510000228881836,17.59000015258789,12.962369918823242,1241830,0.0,0.0
2003-07-10,17.600000381469727,17.8799991607666,17.360000610351562,17.450000762939453,12.859201431274414,852080,0.0,0.0
2003-07-11,17.469999313354492,17.940000534057617,17.209999084472656,17.3700008392334,12.800251960754395,1002830,0.0,0.0
2003-07-14,17.299999237060547,18.049999237060547,15.699999809265137,17.600000381469727,12.969741821289062,1472740,0.0,0.0
2003-07-15,17.700000762939453,17.75,16.950000762939453,17.079999923706055,12.586545944213867,1077630,0.0,0.0
2003-07-16,17.280000686645508,18.06999969482422,17.020000457763672,17.8799991607666,13.176077842712402,1460870,0.0,0.0
2003-07-17,18.100000381469727,18.56999969482422,17.90999984741211,18.1200008392334,13.352936744689941,2781630,0.0,0.0
2003-07-18,17.950000762939453,18.09000015258789,17.299999237060547,17.969999313354492,13.242398262023926,949640,0.0,0.0
2003-07-21,17.010000228881836,18.600000381469727,15.050000190734863,18.149999618530273,13.375046730041504,2042240,0.0,0.0
2003-07-22,18.200000762939453,18.75,17.399999618530273,17.610000610351562,12.977110862731934,1999680,0.0,0.0
2003-07-23,17.6200008392334,17.989999771118164,17.5,17.59000015258789,12.962369918823242,1072110,0.0,0.0
2003-07-24,17.579999923706055,17.739999771118164,17.329999923706055,17.5,12.896051406860352,618310,0.0,0.0
2003-07-25,17.6200008392334,18.0,17.520000457763672,17.829999923706055,13.139233589172363,812370,0.0,0.0
2003-07-28,18.09000015258789,18.600000381469727,16.959999084472656,17.280000686645508,12.733930587768555,3168310,0.0,0.0
2003-07-29,16.729999542236328,17.100000381469727,15.789999961853027,15.960000038146973,11.761198043823242,3176240,0.0,0.0
2003-07-30,16.0,16.469999313354492,15.90999984741211,16.0,11.790674209594727,2117700,0.0,0.0
2003-07-31,16.0,16.200000762939453,15.65999984741211,15.720000267028809,11.584336280822754,1357380,0.0,0.0
2003-08-01,15.800000190734863,15.899999618530273,15.270000457763672,15.40999984741211,11.355894088745117,1575910,0.0,0.0
2003-08-04,15.640000343322754,16.479999542236328,15.430000305175781,16.360000610351562,12.055964469909668,2152490,0.0,0.0
2003-08-05,16.600000381469727,16.84000015258789,15.859999656677246,15.890000343322754,11.709613800048828,1504180,0.0,0.0
2003-08-06,15.899999618530273,16.290000915527344,15.649999618530273,16.1200008392334,11.87910270690918,1075610,0.0,0.0
2003-08-07,16.350000381469727,16.399999618530273,16.06999969482422,16.15999984741211,11.908581733703613,543170,0.0,0.0
2003-08-08,16.399999618530273,16.989999771118164,16.200000762939453,16.899999618530273,12.453898429870605,2389960,0.0,0.0
2003-08-11,16.989999771118164,17.6200008392334,16.760000228881836,17.479999542236328,12.881309509277344,2888880,0.0,0.0
2003-08-12,17.700000762939453,17.850000381469727,17.0,17.110000610351562,12.60865306854248,1428180,0.0,0.0
2003-08-13,16.010000228881836,17.280000686645508,16.010000228881836,16.959999084472656,12.498115539550781,880180,0.0,0.0
2003-08-14,17.100000381469727,17.34000015258789,16.610000610351562,16.709999084472656,12.313884735107422,935770,0.0,0.0
2003-08-15,16.709999084472656,16.709999084472656,16.709999084472656,16.709999084472656,12.313884735107422,0,0.0,0.0
2003-08-18,16.739999771118164,16.81999969482422,16.209999084472656,16.649999618530273,12.269667625427246,621050,0.0,0.0
2003-08-19,16.899999618530273,17.389999389648438,16.719999313354492,16.8700008392334,12.431793212890625,1198420,0.0,0.0
2003-08-20,17.079999923706055,17.700000762939453,17.020000457763672,17.280000686645508,12.733930587768555,1592490,0.0,0.0
2003-08-21,17.1299991607666,17.670000076293945,17.0,17.520000457763672,12.910788536071777,1337180,0.0,0.0
2003-08-22,18.0,18.34000015258789,17.200000762939453,17.579999923706055,12.95500373840332,2305400,0.0,0.0
2003-08-25,17.8700008392334,18.06999969482422,16.420000076293945,17.049999237060547,12.564437866210938,1757660,0.0,0.0
2003-08-26,17.469999313354492,17.469999313354492,16.93000030517578,17.1200008392334,12.616020202636719,2016040,0.0,0.0
2003-08-27,17.469999313354492,18.899999618530273,17.440000534057617,18.549999237060547,13.66981315612793,5682850,0.0,0.0
2003-08-28,19.170000076293945,19.299999237060547,18.040000915527344,18.229999542236328,13.433999061584473,3183740,0.0,0.0
2003-08-29,18.399999618530273,19.139999389648438,18.110000610351562,18.959999084472656,13.971952438354492,2688540,0.0,0.0
2003-09-01,19.0,19.6299991607666,18.90999984741211,19.290000915527344,14.215127944946289,2901580,0.0,0.0
2003-09-02,19.459999084472656,19.459999084472656,18.5,18.540000915527344,13.662444114685059,1144310,0.0,0.0
2003-09-03,18.600000381469727,18.799999237060547,17.850000381469727,17.989999771118164,13.2571382522583,954210,0.0,0.0
2003-09-04,18.010000228881836,18.360000610351562,17.709999084472656,17.84000015258789,13.146599769592285,682820,0.0,0.0
2003-09-05,18.0,18.170000076293945,17.579999923706055,17.65999984741211,13.013957977294922,623710,0.0,0.0
2003-09-08,17.850000381469727,18.200000762939453,17.43000030517578,17.559999465942383,12.940262794494629,943400,0.0,0.0
2003-09-09,17.829999923706055,18.100000381469727,17.0,17.190000534057617,12.66760540008545,1586310,0.0,0.0
2003-09-10,17.389999389648438,17.600000381469727,17.200000762939453,17.270000457763672,12.726558685302734,551090,0.0,0.0
2003-09-11,17.299999237060547,17.5,16.899999618530273,17.06999969482422,12.57917308807373,912770,0.0,0.0
2003-09-12,17.200000762939453,17.59000015258789,16.8799991607666,17.020000457763672,12.54233169555664,1920300,0.0,0.0
2003-09-15,16.969999313354492,17.25,16.399999618530273,16.530000686645508,12.181241989135742,769320,0.0,0.0
2003-09-16,16.540000915527344,17.290000915527344,15.800000190734863,16.8799991607666,12.439162254333496,1425830,0.0,0.0
2003-09-17,17.09000015258789,17.25,16.799999237060547,16.8700008392334,12.431793212890625,1216050,0.0,0.0
2003-09-18,16.920000076293945,17.079999923706055,16.510000228881836,16.940000534057617,12.483376502990723,825080,0.0,0.0
2003-09-19,16.920000076293945,17.15999984741211,16.5,16.979999542236328,12.512852668762207,1008010,0.0,0.0
2003-09-22,17.0,17.100000381469727,16.6299991607666,16.68000030517578,12.291779518127441,203790,0.0,0.0
2003-09-23,16.520000457763672,16.700000762939453,16.200000762939453,16.520000457763672,12.173870086669922,915180,0.0,0.0
2003-09-24,16.75,17.100000381469727,16.700000762939453,17.040000915527344,12.557068824768066,455840,0.0,0.0
2003-09-25,17.149999618530273,17.450000762939453,16.799999237060547,17.31999969482422,12.76340389251709,805890,0.0,0.0
2003-09-26,17.43000030517578,17.889999389648438,17.1200008392334,17.229999542236328,12.69708251953125,1343110,0.0,0.0
2003-09-29,17.399999618530273,17.459999084472656,17.100000381469727,17.170000076293945,12.65286922454834,617030,0.0,0.0
2003-09-30,17.399999618530273,17.59000015258789,17.15999984741211,17.520000457763672,12.910788536071777,1021460,0.0,0.0
2003-10-01,17.389999389648438,17.579999923706055,16.700000762939453,16.760000228881836,12.35073184967041,2100250,0.0,0.0
2003-10-02,16.760000228881836,16.760000228881836,16.760000228881836,16.760000228881836,12.35073184967041,0,0.0,0.0
2003-10-03,17.0,17.40999984741211,16.709999084472656,17.270000457763672,12.726558685302734,2506340,0.0,0.0
2003-10-06,17.5,18.850000381469727,17.5,18.729999542236328,13.802458763122559,5528980,0.0,0.0
2003-10-07,18.969999313354492,19.34000015258789,18.6299991607666,18.950000762939453,13.964581489562988,4096600,0.0,0.0
2003-10-08,18.899999618530273,19.219999313354492,18.030000686645508,18.260000228881836,13.456104278564453,2278140,0.0,0.0
2003-10-09,18.350000381469727,18.860000610351562,18.299999237060547,18.559999465942383,13.677181243896484,2008990,0.0,0.0
2003-10-10,18.8700008392334,20.59000015258789,18.8700008392334,20.40999984741211,15.040477752685547,12841430,0.0,0.0
2003-10-13,20.639999389648438,21.5,20.639999389648438,21.059999465942383,15.519474983215332,8598030,0.0,0.0
2003-10-14,21.0,21.329999923706055,20.25,20.760000228881836,15.298404693603516,5323470,0.0,0.0
2003-10-15,20.950000762939453,21.100000381469727,20.1299991607666,20.850000381469727,15.364723205566406,3112000,0.0,0.0
2003-10-16,21.0,21.239999771118164,20.309999465942383,20.709999084472656,15.261552810668945,2928690,0.0,0.0
2003-10-17,20.700000762939453,21.09000015258789,20.5,20.75,15.29102897644043,2179700,0.0,0.0
2003-10-20,20.799999237060547,21.829999923706055,20.780000686645508,21.1200008392334,15.563690185546875,4320930,0.0,0.0
2003-10-21,21.100000381469727,21.290000915527344,19.860000610351562,20.229999542236328,14.907835006713867,2426470,0.0,0.0
2003-10-22,20.299999237060547,20.520000457763672,19.530000686645508,19.84000015258789,14.62043571472168,1832040,0.0,0.0
2003-10-23,19.860000610351562,20.09000015258789,19.299999237060547,19.6200008392334,14.458314895629883,1424020,0.0,0.0
2003-10-24,19.739999771118164,20.700000762939453,19.209999084472656,20.469999313354492,15.084692001342773,2106210,0.0,0.0
2003-10-27,20.75,21.139999389648438,20.149999618530273,20.3700008392334,15.011005401611328,1432060,0.0,0.0
2003-10-28,20.5,20.549999237060547,19.1200008392334,19.8700008392334,14.642544746398926,5627950,0.0,0.0
2003-10-29,19.299999237060547,19.59000015258789,18.6200008392334,18.829999923706055,13.876152038574219,3060380,0.0,0.0
2003-10-30,18.799999237060547,20.100000381469727,18.450000762939453,19.959999084472656,14.7088623046875,4183960,0.0,0.0
2003-10-31,19.899999618530273,20.489999771118164,19.649999618530273,20.190000534057617,14.87835693359375,3526420,0.0,0.0
2003-11-03,20.100000381469727,21.5,20.100000381469727,21.450000762939453,15.80687427520752,6767510,0.0,0.0
2003-11-04,21.520000457763672,22.440000534057617,21.40999984741211,21.989999771118164,16.20480728149414,5918890,0.0,0.0
2003-11-05,21.729999542236328,23.049999237060547,21.729999542236328,22.760000228881836,16.772228240966797,6135860,0.0,0.0
2003-11-06,23.049999237060547,23.690000534057617,22.860000610351562,23.520000457763672,17.332292556762695,4420120,0.0,0.0
2003-11-07,23.610000610351562,24.049999237060547,22.729999542236328,23.219999313354492,17.11121368408203,2404580,0.0,0.0
2003-11-10,23.479999542236328,25.239999771118164,23.0,24.899999618530273,18.349239349365234,3194190,0.0,0.0
2003-11-11,25.149999618530273,25.5,23.860000610351562,24.100000381469727,17.759700775146484,3736210,0.0,0.0
2003-11-12,24.200000762939453,25.200000762939453,23.559999465942383,23.709999084472656,17.47230339050293,3741180,0.0,0.0
2003-11-13,23.899999618530273,25.56999969482422,23.899999618530273,24.81999969482422,18.290283203125,8633790,0.0,0.0
2003-11-14,24.790000915527344,25.979999542236328,24.25,25.420000076293945,18.73243522644043,11998710,0.0,0.0
2003-11-17,28.600000381469727,28.600000381469727,25.510000228881836,25.829999923706055,19.03457260131836,36468450,0.0,0.0
2003-11-18,26.200000762939453,26.399999618530273,24.360000610351562,24.68000030517578,18.18711280822754,11674910,0.0,0.0
2003-11-19,25.0,25.0,23.549999237060547,23.790000915527344,17.531261444091797,5416770,0.0,0.0
2003-11-20,24.049999237060547,24.25,22.520000457763672,22.729999542236328,16.7501277923584,5402600,0.0,0.0
2003-11-21,22.65999984741211,23.59000015258789,22.0,23.360000610351562,17.214385986328125,7268080,0.0,0.0
2003-11-24,23.520000457763672,23.549999237060547,22.549999237060547,22.90999984741211,16.88277244567871,4096460,0.0,0.0
2003-11-25,23.09000015258789,23.1299991607666,22.299999237060547,22.479999542236328,16.565895080566406,1843420,0.0,0.0
2003-11-26,22.479999542236328,22.479999542236328,22.479999542236328,22.479999542236328,16.565895080566406,0,0.0,0.0
2003-11-27,22.649999618530273,23.440000534057617,22.549999237060547,23.25,17.133323669433594,3409360,0.0,0.0
2003-11-28,23.420000076293945,24.100000381469727,23.049999237060547,23.8700008392334,17.590213775634766,3601080,0.0,0.0
2003-12-01,24.100000381469727,24.299999237060547,23.799999237060547,24.010000228881836,17.693376541137695,2233100,0.0,0.0
2003-12-02,24.389999389648438,24.950000762939453,23.809999465942383,24.81999969482422,18.290283203125,4484800,0.0,0.0
2003-12-03,25.0,25.399999618530273,25.0,25.280000686645508,18.6292667388916,2453620,0.0,0.0
2003-12-04,25.209999084472656,25.75,21.739999771118164,25.3700008392334,18.695587158203125,2270520,0.0,0.0
2003-12-05,25.469999313354492,25.940000534057617,25.0,25.549999237060547,18.828229904174805,2234710,0.0,0.0
2003-12-08,25.5,26.31999969482422,25.5,25.81999969482422,19.02720069885254,1604650,0.0,0.0
2003-12-09,25.989999771118164,26.0,24.559999465942383,24.809999465942383,18.282913208007812,2279700,0.0,0.0
2003-12-10,24.969999313354492,26.18000030517578,24.899999618530273,25.989999771118164,19.152475357055664,2495230,0.0,0.0
2003-12-11,26.389999389648438,26.989999771118164,26.0,26.860000610351562,19.793596267700195,3441760,0.0,0.0
2003-12-12,27.0,27.299999237060547,25.510000228881836,25.90999984741211,19.093524932861328,1593280,0.0,0.0
2003-12-15,25.969999313354492,26.389999389648438,25.520000457763672,25.65999984741211,18.90929412841797,1079560,0.0,0.0
2003-12-16,25.799999237060547,25.93000030517578,24.700000762939453,24.899999618530273,18.349239349365234,1370330,0.0,0.0
2003-12-17,25.100000381469727,25.600000381469727,25.09000015258789,25.34000015258789,18.67347526550293,992900,0.0,0.0
2003-12-18,25.299999237060547,25.440000534057617,24.799999237060547,25.25,18.607158660888672,844180,0.0,0.0
2003-12-19,25.469999313354492,25.600000381469727,25.110000610351562,25.18000030517578,18.555574417114258,841230,0.0,0.0
2003-12-22,25.360000610351562,25.3700008392334,25.0,25.200000762939453,18.5703125,786280,0.0,0.0
2003-12-23,25.299999237060547,25.600000381469727,24.850000381469727,25.030000686645508,18.445035934448242,773750,0.0,0.0
2003-12-24,25.110000610351562,25.290000915527344,24.75,25.020000457763672,18.437665939331055,574010,0.0,0.0
2003-12-25,25.020000457763672,25.020000457763672,25.020000457763672,25.020000457763672,18.437665939331055,0,0.0,0.0
2003-12-26,25.0,26.790000915527344,25.0,26.389999389648438,19.447240829467773,2244920,0.0,0.0
2003-12-29,26.59000015258789,27.139999389648438,26.399999618530273,26.6299991607666,19.624103546142578,3156830,0.0,0.0
2003-12-30,26.700000762939453,27.15999984741211,25.799999237060547,26.40999984741211,19.461986541748047,2034060,0.0,0.0
2003-12-31,26.200000762939453,26.5,25.600000381469727,25.850000381469727,19.04930877685547,870380,0.0,0.0
2004-01-01,26.3799991607666,27.799999237060547,26.0,27.440000534057617,20.22100830078125,2891320,0.0,0.0
2004-01-02,27.889999389648438,28.170000076293945,27.549999237060547,27.850000381469727,20.523149490356445,2953780,0.0,0.0
2004-01-05,27.84000015258789,28.299999237060547,27.0,27.639999389648438,20.36839485168457,1938870,0.0,0.0
2004-01-06,27.829999923706055,28.200000762939453,26.809999465942383,27.040000915527344,19.926240921020508,2832920,0.0,0.0
2004-01-07,27.0,27.0,26.1299991607666,26.770000457763672,19.72726821899414,778520,0.0,0.0
2004-01-08,27.0,28.889999389648438,27.0,28.260000228881836,20.82527732849121,2101650,0.0,0.0
2004-01-09,28.299999237060547,29.489999771118164,27.600000381469727,29.25,21.554824829101562,3614540,0.0,0.0
2004-01-12,29.0,29.579999923706055,28.100000381469727,28.860000610351562,21.26742935180664,2096990,0.0,0.0
2004-01-13,28.899999618530273,29.100000381469727,27.799999237060547,28.190000534057617,20.773693084716797,2213130,0.0,0.0
2004-01-14,28.389999389648438,29.670000076293945,28.389999389648438,29.010000228881836,21.377965927124023,1213040,0.0,0.0
2004-01-15,29.270000457763672,29.270000457763672,28.40999984741211,28.690000534057617,21.14215087890625,743270,0.0,0.0
2004-01-16,28.209999084472656,28.389999389648438,27.110000610351562,27.770000457763672,20.464189529418945,1204340,0.0,0.0
2004-01-19,27.260000228881836,28.0,26.5,27.639999389648438,20.36839485168457,952330,0.0,0.0
2004-01-20,27.899999618530273,28.270000457763672,27.360000610351562,27.530000686645508,20.28733253479004,534450,0.0,0.0
2004-01-21,27.5,27.5,25.90999984741211,26.3799991607666,19.43987464904785,669710,0.0,0.0
2004-01-22,25.799999237060547,26.950000762939453,25.260000228881836,25.790000915527344,19.005096435546875,964840,0.0,0.0
2004-01-23,25.899999618530273,26.0,25.309999465942383,25.700000762939453,18.93877410888672,528430,0.0,0.0
2004-01-26,25.700000762939453,25.700000762939453,25.700000762939453,25.700000762939453,18.93877410888672,0,0.0,0.0
2004-01-27,26.219999313354492,26.600000381469727,25.889999389648438,26.43000030517578,19.476722717285156,381270,0.0,0.0
2004-01-28,26.43000030517578,26.799999237060547,24.649999618530273,25.15999984741211,18.540834426879883,1508370,0.0,0.0
2004-01-29,25.209999084472656,25.649999618530273,24.219999313354492,25.299999237060547,18.644001007080078,686300,0.0,0.0
2004-01-30,25.200000762939453,25.360000610351562,24.309999465942383,24.489999771118164,18.047101974487305,240710,0.0,0.0
2004-02-02,24.489999771118164,24.489999771118164,24.489999771118164,24.489999771118164,18.047101974487305,0,0.0,0.0
2004-02-03,23.5,24.700000762939453,22.0,22.280000686645508,16.418516159057617,314260,0.0,0.0
2004-02-04,22.600000381469727,23.799999237060547,22.200000762939453,23.520000457763672,17.332292556762695,320420,0.0,0.0
2004-02-05,23.790000915527344,23.979999542236328,23.110000610351562,23.68000030517578,17.450204849243164,376390,0.0,0.0
2004-02-06,23.799999237060547,24.079999923706055,23.020000457763672,23.280000686645508,17.15542984008789,139530,0.0,0.0
2004-02-09,23.5,23.799999237060547,23.1299991607666,23.489999771118164,17.3101806640625,202920,0.0,0.0
2004-02-10,23.799999237060547,24.18000030517578,23.329999923706055,24.049999237060547,17.722854614257812,374890,0.0,0.0
2004-02-11,24.010000228881836,25.280000686645508,24.010000228881836,25.09000015258789,18.48925018310547,379860,0.0,0.0
2004-02-12,25.34000015258789,25.799999237060547,25.0,25.6200008392334,18.87981605529785,661340,0.0,0.0
2004-02-13,25.75,25.75,25.149999618530273,25.549999237060547,18.828229904174805,178120,0.0,0.0
2004-02-16,25.600000381469727,26.100000381469727,24.899999618530273,25.229999542236328,18.592416763305664,310920,0.0,0.0
2004-02-17,25.440000534057617,25.540000915527344,25.010000228881836,25.110000610351562,18.503990173339844,167900,0.0,0.0
2004-02-18,25.399999618530273,25.469999313354492,24.799999237060547,24.899999618530273,18.349239349365234,128770,0.0,0.0
2004-02-19,25.100000381469727,25.200000762939453,24.200000762939453,24.25,17.8702392578125,129290,0.0,0.0
2004-02-20,24.700000762939453,24.700000762939453,23.510000228881836,24.030000686645508,17.708120346069336,146360,0.0,0.0
2004-02-23,23.93000030517578,24.389999389648438,23.040000915527344,23.219999313354492,17.11121368408203,142610,0.0,0.0
2004-02-24,23.200000762939453,23.75,23.149999618530273,23.309999465942383,17.177536010742188,75760,0.0,0.0
2004-02-25,23.5,23.600000381469727,22.510000228881836,23.0,16.9490966796875,46000,0.0,0.0
2004-02-26,23.600000381469727,23.600000381469727,22.520000457763672,22.690000534057617,16.720651626586914,152020,0.0,0.0
2004-02-27,22.829999923706055,23.399999618530273,22.5,22.739999771118164,16.757495880126953,93250,0.0,0.0
2004-03-01,23.0,23.530000686645508,22.899999618530273,23.06999969482422,17.000682830810547,367900,0.0,0.0
2004-03-02,23.06999969482422,23.06999969482422,23.06999969482422,23.06999969482422,17.000682830810547,0,0.0,0.0
2004-03-03,23.270000457763672,24.149999618530273,23.200000762939453,23.90999984741211,17.61968994140625,818820,0.0,0.0
2004-03-04,24.100000381469727,25.5,24.0,24.510000228881836,18.06183624267578,658710,0.0,0.0
2004-03-05,24.8799991607666,25.469999313354492,24.799999237060547,25.1299991607666,18.518726348876953,599130,0.0,0.0
2004-03-08,25.299999237060547,28.0,25.030000686645508,25.270000457763672,18.62189292907715,662050,0.0,0.0
2004-03-09,25.40999984741211,25.59000015258789,24.549999237060547,25.260000228881836,18.614526748657227,411960,0.0,0.0
2004-03-10,25.479999542236328,25.5,24.200000762939453,24.489999771118164,18.047101974487305,144880,0.0,0.0
2004-03-11,24.399999618530273,24.8700008392334,23.700000762939453,23.90999984741211,17.61968994140625,120310,0.0,0.0
2004-03-12,24.389999389648438,24.389999389648438,23.309999465942383,23.690000534057617,17.457565307617188,138840,0.0,0.0
2004-03-15,24.399999618530273,24.799999237060547,22.600000381469727,23.079999923706055,17.00804901123047,278290,0.0,0.0
2004-03-16,23.469999313354492,24.979999542236328,22.299999237060547,22.780000686645508,16.786972045898438,193250,0.0,0.0
2004-03-17,22.969999313354492,23.299999237060547,22.5,22.709999084472656,16.73539161682129,182380,0.0,0.0
2004-03-18,22.709999084472656,23.040000915527344,22.31999969482422,22.6200008392334,16.669065475463867,204570,0.0,0.0
2004-03-19,22.3799991607666,22.899999618530273,22.3799991607666,22.459999084472656,16.551162719726562,112120,0.0,0.0
2004-03-22,22.510000228881836,22.799999237060547,20.729999542236328,21.229999542236328,15.644752502441406,126450,0.0,0.0
2004-03-23,21.40999984741211,22.0,21.020000457763672,21.360000610351562,15.74055004119873,106640,0.0,0.0
2004-03-24,21.010000228881836,21.5,20.709999084472656,20.889999389648438,15.394196510314941,131440,0.0,0.0
2004-03-25,21.100000381469727,21.489999771118164,20.799999237060547,20.93000030517578,15.423676490783691,129950,0.0,0.0
2004-03-26,21.489999771118164,21.799999237060547,20.799999237060547,21.25,15.659492492675781,323670,0.0,0.0
2004-03-29,21.3700008392334,23.0,20.5,22.459999084472656,16.551162719726562,513120,0.0,0.0
2004-03-30,23.1299991607666,23.200000762939453,22.530000686645508,23.06999969482422,17.000682830810547,199570,0.0,0.0
2004-03-31,23.149999618530273,25.200000762939453,22.899999618530273,24.579999923706055,18.113418579101562,377630,0.0,0.0
2004-04-01,24.600000381469727,25.299999237060547,23.5,24.09000015258789,17.752330780029297,454480,0.0,0.0
2004-04-02,24.5,24.790000915527344,24.209999084472656,24.520000457763672,18.069210052490234,462820,0.0,0.0
2004-04-05,24.600000381469727,24.799999237060547,24.209999084472656,24.309999465942383,17.914451599121094,176500,0.0,0.0
2004-04-06,24.65999984741211,24.799999237060547,23.899999618530273,24.1299991607666,17.781808853149414,96690,0.0,0.0
2004-04-07,24.469999313354492,24.469999313354492,23.399999618530273,23.610000610351562,17.39861488342285,331420,0.0,0.0
2004-04-08,23.799999237060547,24.600000381469727,23.799999237060547,24.43000030517578,18.00288963317871,457880,0.0,0.0
2004-04-09,24.43000030517578,24.43000030517578,24.43000030517578,24.43000030517578,18.00288963317871,0,0.0,0.0
2004-04-12,24.399999618530273,25.0,24.399999618530273,24.709999084472656,18.209217071533203,228490,0.0,0.0
2004-04-13,24.959999084472656,25.0,24.010000228881836,24.600000381469727,18.128162384033203,125700,0.0,0.0
2004-04-14,24.600000381469727,24.600000381469727,24.600000381469727,24.600000381469727,18.128162384033203,0,0.0,0.0
2004-04-15,24.600000381469727,24.850000381469727,23.899999618530273,24.530000686645508,18.076576232910156,365250,0.0,0.0
2004-04-16,24.299999237060547,25.989999771118164,24.299999237060547,25.350000381469727,18.68085289001465,571530,0.0,0.0
2004-04-19,25.549999237060547,25.899999618530273,24.5,24.530000686645508,18.076576232910156,353160,0.0,0.0
2004-04-20,24.5,25.200000762939453,24.5,24.809999465942383,18.282913208007812,184700,0.0,0.0
2004-04-21,25.299999237060547,25.75,25.200000762939453,25.5,18.791383743286133,358100,0.0,0.0
2004-04-22,25.760000228881836,26.479999542236328,25.420000076293945,26.34000015258789,19.410398483276367,550610,0.0,0.0
2004-04-23,26.5,26.600000381469727,25.399999618530273,25.920000076293945,19.100889205932617,228280,0.0,0.0
2004-04-26,25.920000076293945,25.920000076293945,25.920000076293945,25.920000076293945,19.100889205932617,0,0.0,0.0
2004-04-27,25.59000015258789,25.59000015258789,24.5,25.389999389648438,18.710325241088867,261280,0.0,0.0
2004-04-28,24.520000457763672,25.299999237060547,24.520000457763672,25.149999618530273,18.533462524414062,151680,0.0,0.0
2004-04-29,25.200000762939453,25.420000076293945,24.850000381469727,25.079999923706055,18.481882095336914,101090,0.0,0.0
2004-04-30,25.0,25.200000762939453,24.5,24.75,18.238704681396484,195150,0.0,0.0
2004-05-03,24.299999237060547,24.350000381469727,23.610000610351562,23.93000030517578,17.63442611694336,74440,0.0,0.0
2004-05-04,22.200000762939453,25.5,22.200000762939453,24.389999389648438,17.973407745361328,178370,0.0,0.0
2004-05-05,23.350000381469727,24.969999313354492,23.329999923706055,23.90999984741211,17.61968994140625,189580,0.0,0.0
2004-05-06,24.100000381469727,24.8799991607666,24.100000381469727,24.170000076293945,17.811288833618164,137040,0.0,0.0
2004-05-07,24.049999237060547,24.299999237060547,23.799999237060547,23.93000030517578,17.63442611694336,71110,0.0,0.0
2004-05-10,23.600000381469727,23.950000762939453,23.5,23.600000381469727,17.391244888305664,51430,0.0,0.0
2004-05-11,22.100000381469727,23.5,22.100000381469727,22.479999542236328,16.565895080566406,70320,0.0,0.0
2004-05-12,22.770000457763672,23.5,22.450000762939453,22.780000686645508,16.786972045898438,75570,0.0,0.0
2004-05-13,22.40999984741211,23.239999771118164,21.600000381469727,22.920000076293945,16.890140533447266,75810,0.0,0.0
2004-05-14,23.170000076293945,25.5,20.5,21.860000610351562,16.109010696411133,169720,0.0,0.0
2004-05-17,21.229999542236328,21.229999542236328,17.5,18.200000762939453,13.411890983581543,199620,0.0,0.0
2004-05-18,18.0,19.440000534057617,18.0,18.639999389648438,13.736133575439453,239180,0.0,0.0
2004-05-19,19.469999313354492,20.09000015258789,18.219999313354492,18.530000686645508,13.655075073242188,847160,0.0,0.0
2004-05-20,18.969999313354492,19.0,17.899999618530273,18.079999923706055,13.323460578918457,584390,0.0,0.0
2004-05-21,18.149999618530273,18.600000381469727,17.809999465942383,18.31999969482422,13.500322341918945,227350,0.0,0.0
2004-05-24,18.799999237060547,19.489999771118164,18.5,19.239999771118164,14.178288459777832,288750,0.0,0.0
2004-05-25,19.979999542236328,19.989999771118164,19.209999084472656,19.420000076293945,14.310929298400879,288660,0.0,0.0
2004-05-26,19.75,19.8799991607666,17.829999923706055,19.280000686645508,14.207762718200684,211220,0.0,0.0
2004-05-27,19.700000762939453,19.700000762939453,18.799999237060547,19.079999923706055,14.060378074645996,121720,0.0,0.0
2004-05-28,19.270000457763672,19.270000457763672,17.799999237060547,17.979999542236328,13.249771118164062,201550,0.0,0.0
2004-05-31,16.360000610351562,17.889999389648438,16.200000762939453,17.06999969482422,12.57917308807373,129050,0.0,0.0
2004-06-01,17.5,17.5,16.5,16.639999389648438,12.262301445007324,343490,0.0,0.0
2004-06-02,17.360000610351562,17.360000610351562,16.899999618530273,17.06999969482422,12.57917308807373,205790,0.0,0.0
2004-06-03,17.5,17.5,16.799999237060547,16.93000030517578,12.4760103225708,292280,0.0,0.0
2004-06-04,17.020000457763672,17.020000457763672,16.5,16.829999923706055,12.40231704711914,71000,0.0,0.0
2004-06-07,17.5,17.5,16.93000030517578,16.989999771118164,12.520222663879395,214840,0.0,0.0
2004-06-08,16.899999618530273,17.18000030517578,16.899999618530273,16.989999771118164,12.520222663879395,153000,0.0,0.0
2004-06-09,17.010000228881836,18.200000762939453,17.010000228881836,17.959999084472656,13.235031127929688,510590,0.0,0.0
2004-06-10,17.469999313354492,18.68000030517578,17.469999313354492,18.290000915527344,13.478214263916016,1801810,0.0,0.0
2004-06-11,18.360000610351562,18.5,17.420000076293945,17.530000686645508,12.918160438537598,403830,0.0,0.0
2004-06-14,17.1299991607666,17.799999237060547,16.799999237060547,17.459999084472656,12.866571426391602,397780,0.0,0.0
2004-06-15,17.049999237060547,17.799999237060547,17.049999237060547,17.290000915527344,12.741297721862793,127410,0.0,0.0
2004-06-16,17.450000762939453,17.450000762939453,16.600000381469727,16.760000228881836,12.35073184967041,267020,0.0,0.0
2004-06-17,16.799999237060547,17.100000381469727,16.600000381469727,16.93000030517578,12.4760103225708,258740,0.0,0.0
2004-06-18,16.899999618530273,17.25,16.799999237060547,16.8700008392334,12.431793212890625,303670,0.0,0.0
2004-06-21,16.5,17.100000381469727,15.800000190734863,16.469999313354492,12.137025833129883,137340,0.0,0.0
2004-06-22,16.420000076293945,16.84000015258789,16.399999618530273,16.469999313354492,12.137025833129883,81650,0.0,0.0
2004-06-23,16.719999313354492,16.719999313354492,16.149999618530273,16.309999465942383,12.019118309020996,61890,0.0,0.0
2004-06-24,16.559999465942383,16.670000076293945,16.350000381469727,16.5,12.159132957458496,191250,0.0,0.0
2004-06-25,16.8700008392334,16.8700008392334,16.399999618530273,16.829999923706055,12.40231704711914,84130,0.0,0.0
2004-06-28,16.5,16.969999313354492,16.5,16.790000915527344,12.712753295898438,85620,0.45,0.0
2004-06-29,17.0,17.15999984741211,16.8700008392334,17.079999923706055,12.932331085205078,346060,0.0,0.0
2004-06-30,17.25,17.549999237060547,17.100000381469727,17.31999969482422,13.114047050476074,1116460,0.0,0.0
2004-07-01,17.770000457763672,18.299999237060547,17.700000762939453,18.020000457763672,13.644062995910645,2242400,0.0,0.0
2004-07-02,17.920000076293945,19.0,17.809999465942383,18.059999465942383,13.674345970153809,3212800,0.0,0.0
2004-07-05,18.270000457763672,18.450000762939453,17.200000762939453,17.420000076293945,13.189764976501465,1284590,0.0,0.0
2004-07-06,16.8700008392334,17.739999771118164,16.8700008392334,17.40999984741211,13.182193756103516,1341840,0.0,0.0
2004-07-07,17.600000381469727,19.399999618530273,17.600000381469727,18.799999237060547,14.234649658203125,2234350,0.0,0.0
2004-07-08,19.0,19.600000381469727,17.0,17.65999984741211,13.371481895446777,2153950,0.0,0.0
2004-07-09,17.5,18.75,17.100000381469727,18.40999984741211,13.93935489654541,1308670,0.0,0.0
2004-07-12,18.1299991607666,18.75,17.610000610351562,18.649999618530273,14.121075630187988,830310,0.0,0.0
2004-07-13,18.59000015258789,18.649999618530273,17.899999618530273,18.0,13.628918647766113,287520,0.0,0.0
2004-07-14,18.0,18.399999618530273,17.850000381469727,17.93000030517578,13.57591724395752,225570,0.0,0.0
2004-07-15,18.059999465942383,18.280000686645508,17.93000030517578,18.0,13.628918647766113,202620,0.0,0.0
2004-07-16,18.190000534057617,18.229999542236328,17.760000228881836,17.84000015258789,13.507770538330078,543520,0.0,0.0
2004-07-19,18.06999969482422,19.0,17.940000534057617,18.059999465942383,13.674345970153809,2295020,0.0,0.0
2004-07-20,18.0,18.0,17.559999465942383,17.649999618530273,13.363911628723145,553830,0.0,0.0
2004-07-21,17.729999542236328,18.200000762939453,17.5,17.6200008392334,13.341197967529297,496160,0.0,0.0
2004-07-22,18.0,18.190000534057617,17.600000381469727,17.68000030517578,13.386627197265625,451220,0.0,0.0
2004-07-23,17.959999084472656,17.969999313354492,17.479999542236328,17.639999389648438,13.356339454650879,150430,0.0,0.0
2004-07-26,17.0,17.790000915527344,17.0,17.709999084472656,13.409340858459473,128010,0.0,0.0
2004-07-27,17.600000381469727,17.950000762939453,17.520000457763672,17.860000610351562,13.522918701171875,333110,0.0,0.0
2004-07-28,17.700000762939453,18.0,17.450000762939453,17.790000915527344,13.469916343688965,418480,0.0,0.0
2004-07-29,17.649999618530273,18.239999771118164,17.649999618530273,17.899999618530273,13.553201675415039,556840,0.0,0.0
2004-07-30,17.889999389648438,18.739999771118164,17.8799991607666,18.6299991607666,14.105931282043457,1383960,0.0,0.0
2004-08-02,18.799999237060547,18.799999237060547,18.25,18.56999969482422,14.060500144958496,758500,0.0,0.0
2004-08-03,18.579999923706055,18.65999984741211,18.350000381469727,18.549999237060547,14.045353889465332,415040,0.0,0.0
2004-08-04,18.5,18.579999923706055,18.15999984741211,18.290000915527344,13.848490715026855,206250,0.0,0.0
2004-08-05,18.649999618530273,19.299999237060547,18.510000228881836,19.170000076293945,14.514796257019043,1355870,0.0,0.0
2004-08-06,19.200000762939453,20.579999923706055,18.799999237060547,20.34000015258789,15.400674819946289,6736460,0.0,0.0
2004-08-09,20.0,20.799999237060547,19.799999237060547,20.15999984741211,15.264391899108887,2760460,0.0,0.0
2004-08-10,20.469999313354492,20.979999542236328,20.299999237060547,20.639999389648438,15.627826690673828,3968030,0.0,0.0
2004-08-11,20.84000015258789,21.149999618530273,19.719999313354492,20.059999465942383,15.188675880432129,5149180,0.0,0.0
2004-08-12,20.190000534057617,20.43000030517578,19.149999618530273,20.0,15.143241882324219,3811560,0.0,0.0
2004-08-13,19.0,20.59000015258789,19.0,19.360000610351562,14.65865707397461,2082560,0.0,0.0
2004-08-16,19.489999771118164,19.65999984741211,19.299999237060547,19.559999465942383,14.810090065002441,664280,0.0,0.0
2004-08-17,19.739999771118164,20.3700008392334,19.6200008392334,19.860000610351562,15.03724193572998,4170270,0.0,0.0
2004-08-18,19.979999542236328,20.469999313354492,19.65999984741211,19.989999771118164,15.135669708251953,3099920,0.0,0.0
2004-08-19,20.18000030517578,21.899999618530273,20.09000015258789,21.559999465942383,16.32441520690918,5546950,0.0,0.0
2004-08-20,21.600000381469727,21.600000381469727,20.860000610351562,21.389999389648438,16.195697784423828,2789710,0.0,0.0
2004-08-23,21.600000381469727,21.739999771118164,20.459999084472656,20.610000610351562,15.605113983154297,1886040,0.0,0.0
2004-08-24,20.600000381469727,21.049999237060547,20.0,20.200000762939453,15.29467487335205,2313650,0.0,0.0
2004-08-25,20.450000762939453,20.56999969482422,20.15999984741211,20.25,15.33253002166748,709480,0.0,0.0
2004-08-26,20.030000686645508,21.299999237060547,20.030000686645508,21.1299991607666,15.99882984161377,1716900,0.0,0.0
2004-08-27,21.100000381469727,21.299999237060547,20.760000228881836,20.920000076293945,15.83983039855957,1570400,0.0,0.0
2004-08-30,21.190000534057617,21.450000762939453,20.81999969482422,21.170000076293945,16.029123306274414,875170,0.0,0.0
2004-08-31,21.100000381469727,21.299999237060547,20.8700008392334,21.030000686645508,15.923114776611328,495860,0.0,0.0
2004-09-01,21.170000076293945,21.389999389648438,20.600000381469727,21.149999618530273,16.013975143432617,1109450,0.0,0.0
2004-09-02,21.200000762939453,21.219999313354492,20.31999969482422,20.81999969482422,15.764114379882812,3140600,0.0,0.0
2004-09-03,20.979999542236328,21.459999084472656,20.860000610351562,21.18000030517578,16.03669548034668,1354800,0.0,0.0
2004-09-06,21.399999618530273,21.729999542236328,21.260000228881836,21.34000015258789,16.157840728759766,1309280,0.0,0.0
2004-09-07,21.440000534057617,21.950000762939453,20.299999237060547,20.610000610351562,15.605113983154297,3876000,0.0,0.0
2004-09-08,20.670000076293945,21.350000381469727,20.670000076293945,21.1299991607666,15.99882984161377,2115670,0.0,0.0
2004-09-09,21.239999771118164,21.889999389648438,20.850000381469727,21.6200008392334,16.369842529296875,1877210,0.0,0.0
2004-09-10,21.799999237060547,22.0,21.5,21.600000381469727,16.35470199584961,3323680,0.0,0.0
2004-09-13,21.729999542236328,22.549999237060547,21.649999618530273,22.3799991607666,16.945289611816406,5701910,0.0,0.0
2004-09-14,22.299999237060547,22.5,21.700000762939453,22.09000015258789,16.725709915161133,2093140,0.0,0.0
2004-09-15,22.079999923706055,22.190000534057617,21.510000228881836,21.6200008392334,16.369842529296875,1088840,0.0,0.0
2004-09-16,21.639999389648438,22.34000015258789,21.579999923706055,22.190000534057617,16.80142593383789,1425020,0.0,0.0
2004-09-17,22.100000381469727,22.200000762939453,21.530000686645508,21.760000228881836,16.47585105895996,1680590,0.0,0.0
2004-09-20,21.799999237060547,21.950000762939453,21.350000381469727,21.450000762939453,16.241127014160156,1504010,0.0,0.0
2004-09-21,21.579999923706055,21.8799991607666,21.3700008392334,21.559999465942383,16.32441520690918,1501910,0.0,0.0
2004-09-22,20.829999923706055,21.68000030517578,20.829999923706055,21.549999237060547,16.316844940185547,881590,0.0,0.0
2004-09-23,21.670000076293945,22.219999313354492,21.5,21.639999389648438,16.38498878479004,1826920,0.0,0.0
2004-09-24,21.75,21.75,20.899999618530273,21.110000610351562,15.983687400817871,1546650,0.0,0.0
2004-09-27,21.389999389648438,21.690000534057617,21.190000534057617,21.40999984741211,16.210838317871094,1831890,0.0,0.0
2004-09-28,21.5,21.559999465942383,20.989999771118164,21.260000228881836,16.097267150878906,1952910,0.0,0.0
2004-09-29,21.549999237060547,21.600000381469727,21.260000228881836,21.3799991607666,16.18812370300293,675230,0.0,0.0
2004-09-30,21.59000015258789,21.809999465942383,21.200000762939453,21.610000610351562,16.362272262573242,1823120,0.0,0.0
2004-10-01,21.690000534057617,21.799999237060547,21.40999984741211,21.510000228881836,16.286556243896484,1016040,0.0,0.0
2004-10-04,21.600000381469727,22.149999618530273,21.549999237060547,22.040000915527344,16.687856674194336,1466210,0.0,0.0
2004-10-05,22.0,22.329999923706055,21.959999084472656,22.15999984741211,16.778711318969727,1160460,0.0,0.0
2004-10-06,22.280000686645508,22.450000762939453,21.950000762939453,22.020000457763672,16.672712326049805,1131170,0.0,0.0
2004-10-07,21.899999618530273,22.149999618530273,21.8799991607666,22.020000457763672,16.672712326049805,347970,0.0,0.0
2004-10-08,22.18000030517578,22.190000534057617,21.809999465942383,21.940000534057617,16.612133026123047,337530,0.0,0.0
2004-10-11,22.149999618530273,22.299999237060547,21.6200008392334,21.829999923706055,16.52884864807129,581510,0.0,0.0
2004-10-12,21.860000610351562,22.040000915527344,21.450000762939453,21.520000457763672,16.29412841796875,396230,0.0,0.0
2004-10-13,21.520000457763672,21.520000457763672,21.520000457763672,21.520000457763672,16.29412841796875,0,0.0,0.0
2004-10-14,21.68000030517578,21.899999618530273,21.399999618530273,21.729999542236328,16.453134536743164,175190,0.0,0.0
2004-10-15,21.700000762939453,21.799999237060547,21.5,21.59000015258789,16.347126007080078,152140,0.0,0.0
2004-10-18,20.5,21.700000762939453,20.5,21.520000457763672,16.29412841796875,228250,0.0,0.0
2004-10-19,21.399999618530273,21.899999618530273,21.360000610351562,21.440000534057617,16.23356056213379,171020,0.0,0.0
2004-10-20,21.450000762939453,21.670000076293945,21.420000076293945,21.510000228881836,16.286556243896484,135810,0.0,0.0
2004-10-21,21.520000457763672,21.639999389648438,21.459999084472656,21.5,16.27898597717285,131950,0.0,0.0
2004-10-22,21.5,21.5,21.5,21.5,16.27898597717285,0,0.0,0.0
2004-10-25,21.649999618530273,21.649999618530273,21.299999237060547,21.329999923706055,16.150264739990234,274750,0.0,0.0
2004-10-26,21.479999542236328,21.600000381469727,21.280000686645508,21.34000015258789,16.157840728759766,107760,0.0,0.0
2004-10-27,21.350000381469727,21.600000381469727,21.350000381469727,21.489999771118164,16.27140998840332,105370,0.0,0.0
2004-10-28,21.639999389648438,21.65999984741211,21.1200008392334,21.25,16.08969497680664,615810,0.0,0.0
2004-10-29,20.700000762939453,21.239999771118164,20.700000762939453,21.1299991607666,15.99882984161377,319620,0.0,0.0
2004-11-01,21.260000228881836,21.260000228881836,20.649999618530273,20.709999084472656,15.680827140808105,549620,0.0,0.0
2004-11-02,20.8799991607666,20.989999771118164,20.600000381469727,20.649999618530273,15.635397911071777,577840,0.0,0.0
2004-11-03,20.780000686645508,21.0,20.6200008392334,20.719999313354492,15.688398361206055,421330,0.0,0.0
2004-11-04,20.75,21.0,20.5,20.59000015258789,15.58996868133545,300340,0.0,0.0
2004-11-05,20.739999771118164,20.799999237060547,20.200000762939453,20.280000686645508,15.35524845123291,355070,0.0,0.0
2004-11-08,20.399999618530273,21.100000381469727,20.399999618530273,20.600000381469727,15.597539901733398,865470,0.0,0.0
2004-11-09,20.700000762939453,21.030000686645508,20.5,20.579999923706055,15.582399368286133,360430,0.0,0.0
2004-11-10,20.639999389648438,20.850000381469727,20.5,20.559999465942383,15.567251205444336,224380,0.0,0.0
2004-11-11,20.729999542236328,20.84000015258789,20.34000015258789,20.459999084472656,15.491538047790527,351820,0.0,0.0
2004-11-12,20.670000076293945,20.700000762939453,20.450000762939453,20.559999465942383,15.567251205444336,91450,0.0,0.0
2004-11-15,20.559999465942383,20.559999465942383,20.559999465942383,20.559999465942383,15.567251205444336,0,0.0,0.0
2004-11-16,20.670000076293945,20.68000030517578,20.100000381469727,20.309999465942383,15.377963066101074,434910,0.0,0.0
2004-11-17,20.43000030517578,21.18000030517578,20.3700008392334,20.760000228881836,15.7186861038208,1294990,0.0,0.0
2004-11-18,20.899999618530273,21.270000457763672,20.729999542236328,20.809999465942383,15.756543159484863,845560,0.0,0.0
2004-11-19,20.959999084472656,21.06999969482422,20.579999923706055,20.649999618530273,15.635397911071777,495600,0.0,0.0
2004-11-22,20.5,20.780000686645508,20.200000762939453,20.670000076293945,15.650544166564941,257540,0.0,0.0
2004-11-23,20.40999984741211,21.739999771118164,20.40999984741211,21.520000457763672,16.29412841796875,1882110,0.0,0.0
2004-11-24,21.610000610351562,22.18000030517578,21.399999618530273,21.90999984741211,16.58942222595215,2538170,0.0,0.0
2004-11-25,22.200000762939453,22.700000762939453,21.899999618530273,22.170000076293945,16.786285400390625,2638550,0.0,0.0
2004-11-26,22.170000076293945,22.170000076293945,22.170000076293945,22.170000076293945,16.786285400390625,0,0.0,0.0
2004-11-29,22.25,23.190000534057617,22.25,23.010000228881836,17.42230224609375,1601150,0.0,0.0
2004-11-30,23.1200008392334,23.489999771118164,22.610000610351562,23.170000076293945,17.54344940185547,1920760,0.0,0.0
2004-12-01,23.399999618530273,23.399999618530273,22.110000610351562,22.670000076293945,17.164867401123047,631290,0.0,0.0
2004-12-02,22.799999237060547,23.049999237060547,22.510000228881836,22.959999084472656,17.384443283081055,656080,0.0,0.0
2004-12-03,22.030000686645508,24.8799991607666,22.030000686645508,24.059999465942383,18.21731948852539,2317240,0.0,0.0
2004-12-06,24.200000762939453,24.399999618530273,23.700000762939453,23.950000762939453,18.134031295776367,851890,0.0,0.0
2004-12-07,24.09000015258789,24.799999237060547,23.950000762939453,24.479999542236328,18.535327911376953,958990,0.0,0.0
2004-12-08,24.200000762939453,24.600000381469727,23.93000030517578,24.09000015258789,18.240036010742188,1558640,0.0,0.0
2004-12-09,24.200000762939453,24.299999237060547,23.739999771118164,24.15999984741211,18.293033599853516,302740,0.0,0.0
2004-12-10,24.399999618530273,25.0,24.110000610351562,24.40999984741211,18.48232650756836,718150,0.0,0.0
2004-12-13,24.899999618530273,25.299999237060547,24.649999618530273,24.809999465942383,18.785188674926758,1309670,0.0,0.0
2004-12-14,23.15999984741211,25.139999389648438,23.15999984741211,24.809999465942383,18.785188674926758,969190,0.0,0.0
2004-12-15,25.149999618530273,25.149999618530273,24.5,24.719999313354492,18.71704864501953,449740,0.0,0.0
2004-12-16,24.799999237060547,25.0,24.56999969482422,24.729999542236328,18.72462272644043,729630,0.0,0.0
2004-12-17,24.799999237060547,25.440000534057617,24.600000381469727,24.649999618530273,18.664045333862305,555620,0.0,0.0
2004-12-20,25.469999313354492,25.469999313354492,24.5,24.579999923706055,18.611047744750977,464440,0.0,0.0
2004-12-21,24.899999618530273,24.899999618530273,24.309999465942383,24.709999084472656,18.709476470947266,632220,0.0,0.0
2004-12-22,24.700000762939453,24.700000762939453,23.5,23.739999771118164,17.97502899169922,273250,0.0,0.0
2004-12-23,23.899999618530273,24.25,23.510000228881836,24.100000381469727,18.24760627746582,411830,0.0,0.0
2004-12-24,24.399999618530273,24.399999618530273,23.709999084472656,23.899999618530273,18.096179962158203,97000,0.0,0.0
2004-12-27,24.010000228881836,24.25,23.799999237060547,23.899999618530273,18.096179962158203,127730,0.0,0.0
2004-12-28,24.989999771118164,24.989999771118164,23.600000381469727,23.81999969482422,18.035606384277344,132350,0.0,0.0
2004-12-29,23.799999237060547,24.06999969482422,22.700000762939453,23.139999389648438,17.52073097229004,306050,0.0,0.0
2004-12-30,23.489999771118164,23.5,23.110000610351562,23.219999313354492,17.581302642822266,117790,0.0,0.0
2004-12-31,24.469999313354492,24.469999313354492,23.399999618530273,23.65999984741211,17.914453506469727,205460,0.0,0.0
2005-01-03,24.290000915527344,24.290000915527344,23.75,23.889999389648438,18.088600158691406,242810,0.0,0.0
2005-01-04,24.190000534057617,24.5,23.709999084472656,24.219999313354492,18.33846664428711,225940,0.0,0.0
2005-01-05,24.3700008392334,24.799999237060547,24.0,24.600000381469727,18.626188278198242,961510,0.0,0.0
2005-01-06,24.899999618530273,24.899999618530273,23.90999984741211,24.40999984741211,18.48232650756836,526410,0.0,0.0
2005-01-07,24.299999237060547,24.610000610351562,24.1200008392334,24.510000228881836,18.55804443359375,167950,0.0,0.0
2005-01-10,24.700000762939453,24.899999618530273,24.450000762939453,24.510000228881836,18.55804443359375,256120,0.0,0.0
2005-01-11,23.799999237060547,24.899999618530273,23.799999237060547,24.799999237060547,18.777618408203125,229610,0.0,0.0
2005-01-12,24.799999237060547,25.889999389648438,24.350000381469727,25.049999237060547,18.9669132232666,1940640,0.0,0.0
2005-01-13,24.25,26.110000610351562,24.25,25.860000610351562,19.580215454101562,1646180,0.0,0.0
2005-01-14,25.950000762939453,25.950000762939453,25.010000228881836,25.1299991607666,19.027481079101562,228270,0.0,0.0
2005-01-17,25.389999389648438,25.399999618530273,24.700000762939453,25.010000228881836,18.936622619628906,228750,0.0,0.0
2005-01-18,25.0,25.229999542236328,24.899999618530273,25.010000228881836,18.936622619628906,172390,0.0,0.0
2005-01-19,25.010000228881836,25.100000381469727,24.600000381469727,25.0,18.929052352905273,475530,0.0,0.0
2005-01-20,25.0,25.200000762939453,24.0,25.020000457763672,18.94419288635254,289310,0.0,0.0
2005-01-24,24.799999237060547,25.299999237060547,24.5,24.950000762939453,18.89119529724121,164140,0.0,0.0
2005-01-25,24.989999771118164,25.18000030517578,24.510000228881836,25.0,18.929052352905273,222030,0.0,0.0
2005-01-27,24.799999237060547,25.399999618530273,24.799999237060547,25.200000762939453,19.080486297607422,192380,0.0,0.0
2005-01-28,25.399999618530273,25.850000381469727,25.110000610351562,25.770000457763672,19.512067794799805,477520,0.0,0.0
2005-01-31,25.799999237060547,26.5,25.5,26.43000030517578,20.011795043945312,438160,0.0,0.0
2005-02-01,26.079999923706055,27.0,26.079999923706055,26.709999084472656,20.223798751831055,503110,0.0,0.0
2005-02-02,26.799999237060547,27.360000610351562,26.399999618530273,26.520000457763672,20.079940795898438,368390,0.0,0.0
2005-02-03,26.799999237060547,26.850000381469727,26.399999618530273,26.559999465942383,20.1102237701416,182040,0.0,0.0
2005-02-04,26.889999389648438,26.899999618530273,26.399999618530273,26.5,20.06479835510254,119970,0.0,0.0
2005-02-07,26.5,27.049999237060547,26.299999237060547,26.739999771118164,20.24651336669922,386370,0.0,0.0
2005-02-08,26.809999465942383,29.200000762939453,26.6299991607666,28.399999618530273,21.503408432006836,1910550,0.0,0.0
2005-02-09,28.969999313354492,29.799999237060547,28.799999237060547,29.530000686645508,22.358999252319336,3289860,0.0,0.0
2005-02-10,29.600000381469727,29.899999618530273,28.719999313354492,28.809999465942383,21.8138427734375,1975690,0.0,0.0
2005-02-11,29.100000381469727,30.0,28.200000762939453,28.65999984741211,21.70026969909668,1553160,0.0,0.0
2005-02-14,29.270000457763672,29.350000381469727,28.709999084472656,28.93000030517578,21.904705047607422,411900,0.0,0.0
2005-02-15,29.299999237060547,29.299999237060547,27.200000762939453,28.25,21.389829635620117,226880,0.0,0.0
2005-02-16,28.469999313354492,29.600000381469727,27.399999618530273,27.719999313354492,20.98853302001953,667850,0.0,0.0
2005-02-17,28.0,28.350000381469727,27.0,27.3700008392334,20.723526000976562,495540,0.0,0.0
2005-02-18,27.399999618530273,28.100000381469727,27.399999618530273,27.829999923706055,21.071821212768555,352020,0.0,0.0
2005-02-21,28.399999618530273,28.399999618530273,27.299999237060547,27.420000076293945,20.761383056640625,280860,0.0,0.0
2005-02-22,27.399999618530273,27.700000762939453,27.100000381469727,27.479999542236328,20.80681610107422,420190,0.0,0.0
2005-02-23,27.100000381469727,27.399999618530273,27.100000381469727,27.200000762939453,20.59480857849121,192620,0.0,0.0
2005-02-24,27.229999542236328,27.600000381469727,27.100000381469727,27.5,20.82195472717285,348020,0.0,0.0
2005-02-25,27.8700008392334,28.75,27.59000015258789,28.049999237060547,21.238399505615234,1793190,0.0,0.0
2005-02-28,28.280000686645508,30.799999237060547,27.399999618530273,29.81999969482422,22.57857894897461,5774080,0.0,0.0
2005-03-01,30.1200008392334,30.989999771118164,29.65999984741211,29.940000534057617,22.669435501098633,5228210,0.0,0.0
2005-03-02,30.18000030517578,30.399999618530273,29.399999618530273,29.540000915527344,22.3665714263916,1268110,0.0,0.0
2005-03-03,29.670000076293945,30.299999237060547,29.219999313354492,30.100000381469727,22.79058074951172,1017800,0.0,0.0
2005-03-04,30.049999237060547,32.439998626708984,29.649999618530273,31.200000762939453,23.623458862304688,9519310,0.0,0.0
2005-03-07,31.5,32.189998626708984,31.209999084472656,31.489999771118164,23.843036651611328,4655000,0.0,0.0
2005-03-08,31.670000076293945,32.689998626708984,31.420000076293945,32.060001373291016,24.274620056152344,2993260,0.0,0.0
2005-03-09,32.29999923706055,32.36000061035156,30.5,30.84000015258789,23.35088348388672,1323820,0.0,0.0
2005-03-10,30.790000915527344,31.690000534057617,29.979999542236328,30.309999465942383,22.9495792388916,1121510,0.0,0.0
2005-03-11,30.110000610351562,31.479999542236328,30.0,30.229999542236328,22.88901138305664,1973380,0.0,0.0
2005-03-14,30.5,30.770000457763672,29.25,29.540000915527344,22.3665714263916,782930,0.0,0.0
2005-03-15,29.860000610351562,30.829999923706055,29.549999237060547,30.079999923706055,22.775434494018555,2142670,0.0,0.0
2005-03-16,30.3700008392334,30.979999542236328,30.200000762939453,30.360000610351562,22.987442016601562,1059440,0.0,0.0
2005-03-17,30.360000610351562,30.360000610351562,29.100000381469727,29.34000015258789,22.215133666992188,743860,0.0,0.0
2005-03-18,29.450000762939453,29.739999771118164,28.299999237060547,29.1299991607666,22.056133270263672,1137220,0.0,0.0
2005-03-21,29.389999389648438,30.270000457763672,29.010000228881836,29.559999465942383,22.3817138671875,3352250,0.0,0.0
2005-03-22,29.889999389648438,30.0,28.559999465942383,28.780000686645508,21.791126251220703,1274190,0.0,0.0
2005-03-23,28.940000534057617,29.100000381469727,28.5,28.700000762939453,21.73055648803711,937890,0.0,0.0
2005-03-24,28.84000015258789,28.8799991607666,28.170000076293945,28.540000915527344,21.609407424926758,569660,0.0,0.0
2005-03-28,28.850000381469727,30.0,28.030000686645508,28.3700008392334,21.480688095092773,961860,0.0,0.0
2005-03-29,28.399999618530273,28.700000762939453,27.200000762939453,27.760000228881836,21.01881980895996,279730,0.0,0.0
2005-03-30,27.889999389648438,29.34000015258789,27.0,28.770000457763672,21.78355598449707,1098920,0.0,0.0
2005-03-31,29.200000762939453,29.450000762939453,28.399999618530273,28.75,21.768409729003906,567220,0.0,0.0
2005-04-01,27.940000534057617,29.239999771118164,27.940000534057617,28.959999084472656,21.927412033081055,1353840,0.0,0.0
2005-04-04,29.299999237060547,29.399999618530273,28.520000457763672,29.18000030517578,22.093990325927734,1350230,0.0,0.0
2005-04-05,29.469999313354492,29.790000915527344,28.6200008392334,28.770000457763672,21.78355598449707,764020,0.0,0.0
2005-04-06,28.860000610351562,29.5,28.5,28.600000381469727,21.65483856201172,1043240,0.0,0.0
2005-04-07,28.8700008392334,28.8700008392334,28.260000228881836,28.350000381469727,21.46554946899414,420870,0.0,0.0
2005-04-08,28.6299991607666,28.700000762939453,28.219999313354492,28.549999237060547,21.616979598999023,339940,0.0,0.0
2005-04-11,28.530000686645508,28.530000686645508,27.260000228881836,27.65999984741211,20.943103790283203,267430,0.0,0.0
2005-04-12,27.799999237060547,28.1299991607666,27.549999237060547,27.8700008392334,21.10210609436035,289020,0.0,0.0
2005-04-13,28.1299991607666,28.399999618530273,27.299999237060547,27.530000686645508,20.844676971435547,155830,0.0,0.0
2005-04-15,27.200000762939453,27.799999237060547,26.610000610351562,26.899999618530273,20.367656707763672,146240,0.0,0.0
2005-04-18,25.809999465942383,28.0,25.809999465942383,27.6200008392334,20.91281509399414,225460,0.0,0.0
2005-04-19,27.399999618530273,28.09000015258789,27.399999618530273,27.81999969482422,21.064245223999023,401790,0.0,0.0
2005-04-20,28.0,28.0,27.010000228881836,27.489999771118164,20.81438636779785,290750,0.0,0.0
2005-04-21,27.700000762939453,28.149999618530273,27.350000381469727,27.81999969482422,21.064245223999023,491610,0.0,0.0
2005-04-22,27.899999618530273,28.299999237060547,27.799999237060547,27.829999923706055,21.071821212768555,358030,0.0,0.0
2005-04-25,27.799999237060547,28.0,27.100000381469727,27.469999313354492,20.79924201965332,503190,0.0,0.0
2005-04-26,27.700000762939453,27.700000762939453,27.350000381469727,27.600000381469727,20.897676467895508,422270,0.0,0.0
2005-04-27,27.520000457763672,28.0,27.200000762939453,27.479999542236328,20.80681610107422,469010,0.0,0.0
2005-04-28,27.760000228881836,27.760000228881836,27.209999084472656,27.399999618530273,20.74624252319336,71390,0.0,0.0
2005-04-29,27.5,27.65999984741211,26.600000381469727,26.93000030517578,20.390377044677734,133160,0.0,0.0
2005-05-02,27.0,27.100000381469727,26.5,27.030000686645508,20.46609115600586,89910,0.0,0.0
2005-05-03,27.110000610351562,27.3799991607666,26.950000762939453,27.219999313354492,20.609952926635742,543270,0.0,0.0
2005-05-04,27.5,27.5,26.90999984741211,27.170000076293945,20.57209587097168,142190,0.0,0.0
2005-05-05,27.489999771118164,27.799999237060547,27.209999084472656,27.389999389648438,20.738670349121094,130980,0.0,0.0
2005-05-06,27.68000030517578,27.68000030517578,27.190000534057617,27.229999542236328,20.61752700805664,22910,0.0,0.0
2005-05-09,27.389999389648438,27.649999618530273,27.040000915527344,27.459999084472656,20.79167366027832,270230,0.0,0.0
2005-05-10,27.309999465942383,27.700000762939453,27.309999465942383,27.600000381469727,20.897676467895508,178590,0.0,0.0
2005-05-11,26.860000610351562,27.639999389648438,26.799999237060547,27.299999237060547,20.670522689819336,86870,0.0,0.0
2005-05-12,27.5,27.760000228881836,27.299999237060547,27.479999542236328,20.80681610107422,44500,0.0,0.0
2005-05-13,28.1299991607666,28.1299991607666,27.040000915527344,27.1200008392334,20.53423500061035,63760,0.0,0.0
2005-05-16,27.299999237060547,27.899999618530273,27.200000762939453,27.5,20.82195472717285,271810,0.0,0.0
2005-05-17,27.5,27.790000915527344,27.0,27.110000610351562,20.52666473388672,98030,0.0,0.0
2005-05-18,26.700000762939453,27.399999618530273,26.700000762939453,27.15999984741211,20.56452178955078,63260,0.0,0.0
2005-05-19,27.799999237060547,27.84000015258789,27.209999084472656,27.350000381469727,20.708377838134766,233250,0.0,0.0
2005-05-20,26.639999389648438,27.700000762939453,26.639999389648438,27.450000762939453,20.78410530090332,65910,0.0,0.0
2005-05-23,27.459999084472656,27.790000915527344,27.43000030517578,27.59000015258789,20.890104293823242,90300,0.0,0.0
2005-05-24,27.979999542236328,28.190000534057617,27.5,27.510000228881836,20.829526901245117,264660,0.0,0.0
2005-05-25,27.969999313354492,28.100000381469727,27.399999618530273,27.950000762939453,21.16267967224121,355020,0.0,0.0
2005-05-26,27.950000762939453,28.110000610351562,27.65999984741211,27.90999984741211,21.13239288330078,128240,0.0,0.0
2005-05-27,28.18000030517578,28.399999618530273,27.530000686645508,28.270000457763672,21.40497398376465,531660,0.0,0.0
2005-05-30,28.399999618530273,28.899999618530273,27.899999618530273,28.219999313354492,21.367115020751953,464100,0.0,0.0
2005-05-31,28.110000610351562,28.329999923706055,27.600000381469727,27.899999618530273,21.124820709228516,198890,0.0,0.0
2005-06-01,27.0,28.0,27.0,27.489999771118164,20.81438636779785,358890,0.0,0.0
2005-06-02,27.5,27.700000762939453,27.299999237060547,27.610000610351562,20.90524673461914,417200,0.0,0.0
2005-06-03,27.889999389648438,27.889999389648438,27.520000457763672,27.709999084472656,20.980958938598633,63580,0.0,0.0
2005-06-06,27.530000686645508,28.200000762939453,27.530000686645508,28.0,21.200542449951172,150790,0.0,0.0
2005-06-07,28.149999618530273,28.799999237060547,27.399999618530273,28.100000381469727,21.276254653930664,2449320,0.0,0.0
2005-06-08,28.299999237060547,28.59000015258789,28.010000228881836,28.100000381469727,21.276254653930664,728050,0.0,0.0
2005-06-09,28.010000228881836,28.270000457763672,27.700000762939453,27.829999923706055,21.071821212768555,220210,0.0,0.0
2005-06-10,28.09000015258789,28.200000762939453,27.15999984741211,27.600000381469727,20.897676467895508,181260,0.0,0.0
2005-06-13,27.5,27.959999084472656,26.899999618530273,27.049999237060547,20.481231689453125,245430,0.0,0.0
2005-06-14,27.389999389648438,27.389999389648438,26.899999618530273,26.959999084472656,20.4130916595459,226500,0.0,0.0
2005-06-15,27.25,27.25,26.5,26.68000030517578,20.20108985900879,262130,0.0,0.0
2005-06-16,26.799999237060547,27.0,26.489999771118164,26.510000228881836,20.07236671447754,827540,0.0,0.0
2005-06-17,26.309999465942383,26.649999618530273,25.030000686645508,25.540000915527344,19.33792495727539,162270,0.0,0.0
2005-06-20,26.0,26.0,25.030000686645508,25.139999389648438,19.03505516052246,148420,0.0,0.0
2005-06-21,25.0,26.0,24.809999465942383,25.139999389648438,19.03505516052246,696570,0.0,0.0
2005-06-22,25.399999618530273,25.399999618530273,24.5,24.700000762939453,18.701904296875,240870,0.0,0.0
2005-06-23,24.969999313354492,25.5,24.40999984741211,25.0,18.929052352905273,328670,0.0,0.0
2005-06-24,25.040000915527344,25.799999237060547,25.0,25.34000015258789,19.18648910522461,243570,0.0,0.0
2005-06-27,25.299999237060547,25.5,24.5,24.649999618530273,18.664045333862305,209270,0.0,0.0
2005-06-28,24.549999237060547,24.549999237060547,24.0,24.190000534057617,18.315753936767578,219620,0.0,0.0
2005-06-29,24.299999237060547,24.299999237060547,23.899999618530273,24.020000457763672,18.531776428222656,123360,0.45,0.0
2005-06-30,24.270000457763672,24.290000915527344,22.899999618530273,23.649999618530273,18.246315002441406,140870,0.0,0.0
2005-07-01,23.700000762939453,23.950000762939453,23.510000228881836,23.860000610351562,18.4083309173584,382260,0.0,0.0
2005-07-04,23.5,24.200000762939453,23.049999237060547,24.1200008392334,18.608932495117188,366500,0.0,0.0
2005-07-05,24.1200008392334,24.5,24.1200008392334,24.350000381469727,18.786375045776367,247010,0.0,0.0
2005-07-06,24.06999969482422,24.649999618530273,24.06999969482422,24.510000228881836,18.90981674194336,212580,0.0,0.0
2005-07-07,24.649999618530273,25.489999771118164,23.549999237060547,23.770000457763672,18.338897705078125,341980,0.0,0.0
2005-07-08,25.799999237060547,25.90999984741211,23.610000610351562,23.75,18.323467254638672,157610,0.0,0.0
2005-07-11,23.90999984741211,24.299999237060547,23.75,23.8700008392334,18.416046142578125,181380,0.0,0.0
2005-07-12,24.239999771118164,24.3700008392334,23.489999771118164,23.540000915527344,18.161453247070312,398230,0.0,0.0
2005-07-13,24.0,24.0,23.729999542236328,23.899999618530273,18.439197540283203,131100,0.0,0.0
2005-07-14,24.09000015258789,25.209999084472656,23.75,24.100000381469727,18.59349822998047,1969440,0.0,0.0
2005-07-15,24.200000762939453,24.440000534057617,23.899999618530273,24.010000228881836,18.52406120300293,837760,0.0,0.0
2005-07-18,24.469999313354492,24.479999542236328,24.219999313354492,24.3799991607666,18.809520721435547,320610,0.0,0.0
2005-07-19,25.200000762939453,25.200000762939453,24.049999237060547,24.219999313354492,18.686080932617188,193770,0.0,0.0
2005-07-20,24.299999237060547,25.0,24.299999237060547,24.770000457763672,19.110414505004883,630440,0.0,0.0
2005-07-21,25.399999618530273,25.399999618530273,24.639999389648438,24.940000534057617,19.241565704345703,1402220,0.0,0.0
2005-07-22,25.0,25.100000381469727,24.200000762939453,24.360000610351562,18.794090270996094,1081520,0.0,0.0
2005-07-25,24.43000030517578,24.8700008392334,23.899999618530273,24.030000686645508,18.539491653442383,342360,0.0,0.0
2005-07-26,24.139999389648438,24.329999923706055,23.610000610351562,23.719999313354492,18.30031967163086,287800,0.0,0.0
2005-07-27,23.969999313354492,24.040000915527344,23.649999618530273,23.969999313354492,18.493202209472656,167250,0.0,0.0
2005-07-28,23.969999313354492,23.969999313354492,23.969999313354492,23.969999313354492,18.493202209472656,0,0.0,0.0
2005-07-29,23.200000762939453,24.5,22.530000686645508,24.290000915527344,18.74008560180664,330790,0.0,0.0
2005-08-01,24.229999542236328,24.489999771118164,23.75,24.18000030517578,18.65522003173828,114880,0.0,0.0
2005-08-02,23.770000457763672,24.5,23.770000457763672,24.030000686645508,18.539491653442383,182960,0.0,0.0
2005-08-03,24.200000762939453,24.5,24.200000762939453,24.399999618530273,18.824951171875,552890,0.0,0.0
2005-08-04,24.0,24.350000381469727,23.5,24.209999084472656,18.678361892700195,155000,0.0,0.0
2005-08-05,24.100000381469727,25.399999618530273,24.0,25.09000015258789,19.3572998046875,2254740,0.0,0.0
2005-08-08,25.5,26.0,25.399999618530273,25.520000457763672,19.689048767089844,1519150,0.0,0.0
2005-08-09,25.600000381469727,25.690000534057617,24.709999084472656,25.56999969482422,19.727624893188477,607850,0.0,0.0
2005-08-10,25.93000030517578,26.469999313354492,25.549999237060547,26.34000015258789,20.321687698364258,1020750,0.0,0.0
2005-08-11,26.899999618530273,28.6200008392334,26.799999237060547,27.350000381469727,21.10091781616211,3088060,0.0,0.0
2005-08-12,27.700000762939453,27.899999618530273,27.1200008392334,27.700000762939453,21.370948791503906,1450310,0.0,0.0
2005-08-16,27.770000457763672,27.770000457763672,26.579999923706055,27.440000534057617,21.170358657836914,351150,0.0,0.0
2005-08-17,27.399999618530273,28.989999771118164,27.200000762939453,28.510000228881836,21.99587631225586,1608140,0.0,0.0
2005-08-18,28.649999618530273,29.100000381469727,27.510000228881836,27.889999389648438,21.517534255981445,914260,0.0,0.0
2005-08-19,28.239999771118164,29.0,27.700000762939453,28.780000686645508,22.204181671142578,846930,0.0,0.0
2005-08-22,29.200000762939453,29.200000762939453,27.950000762939453,28.049999237060547,21.64097785949707,415930,0.0,0.0
2005-08-23,28.399999618530273,28.790000915527344,28.239999771118164,28.489999771118164,21.98044776916504,1118360,0.0,0.0
2005-08-24,28.399999618530273,28.799999237060547,27.729999542236328,28.610000610351562,22.073026657104492,1428840,0.0,0.0
2005-08-25,28.899999618530273,28.899999618530273,27.600000381469727,27.920000076293945,21.540679931640625,386020,0.0,0.0
2005-08-26,28.290000915527344,28.299999237060547,27.420000076293945,27.540000915527344,21.24750328063965,364930,0.0,0.0
2005-08-29,27.850000381469727,27.899999618530273,27.200000762939453,27.440000534057617,21.170358657836914,158350,0.0,0.0
2005-08-30,27.950000762939453,30.25,27.5,28.450000762939453,21.949583053588867,2385060,0.0,0.0
2005-08-31,28.489999771118164,29.280000686645508,28.299999237060547,28.84000015258789,22.25047492980957,1221520,0.0,0.0
2005-09-01,28.799999237060547,28.850000381469727,28.25,28.3700008392334,21.88787078857422,313230,0.0,0.0
2005-09-02,28.299999237060547,28.469999313354492,27.6200008392334,27.770000457763672,21.424959182739258,289420,0.0,0.0
2005-09-05,27.700000762939453,28.299999237060547,27.530000686645508,27.690000534057617,21.363237380981445,330390,0.0,0.0
2005-09-06,28.0,28.049999237060547,27.100000381469727,27.309999465942383,21.0700626373291,211050,0.0,0.0
2005-09-08,27.959999084472656,28.790000915527344,27.43000030517578,28.559999465942383,22.034452438354492,1168820,0.0,0.0
2005-09-09,28.5,28.790000915527344,27.5,27.579999923706055,21.27836799621582,374890,0.0,0.0
2005-09-12,27.899999618530273,28.200000762939453,27.700000762939453,27.989999771118164,21.594688415527344,1165940,0.0,0.0
2005-09-13,28.049999237060547,28.700000762939453,28.049999237060547,28.3799991607666,21.895580291748047,1667030,0.0,0.0
2005-09-14,28.399999618530273,29.489999771118164,28.399999618530273,29.170000076293945,22.505075454711914,1840840,0.0,0.0
2005-09-15,29.5,29.850000381469727,29.299999237060547,29.469999313354492,22.736528396606445,714600,0.0,0.0
2005-09-16,29.299999237060547,30.299999237060547,29.290000915527344,30.170000076293945,23.276588439941406,1674680,0.0,0.0
2005-09-19,30.200000762939453,31.0,29.75,30.5,23.53118896484375,2424620,0.0,0.0
2005-09-20,30.200000762939453,30.690000534057617,29.600000381469727,30.209999084472656,23.307445526123047,2073790,0.0,0.0
2005-09-21,30.5,30.5,28.899999618530273,29.889999389648438,23.060565948486328,1253680,0.0,0.0
2005-09-22,29.530000686645508,29.799999237060547,28.209999084472656,28.600000381469727,22.0653133392334,878870,0.0,0.0
2005-09-23,28.200000762939453,29.25,27.75,28.65999984741211,22.111602783203125,807180,0.0,0.0
2005-09-26,28.700000762939453,29.399999618530273,28.700000762939453,28.8700008392334,22.273622512817383,102730,0.0,0.0
2005-09-27,29.770000457763672,29.770000457763672,28.100000381469727,28.3700008392334,21.88787078857422,142870,0.0,0.0
2005-09-28,28.969999313354492,29.200000762939453,28.459999084472656,28.809999465942383,22.22732925415039,156430,0.0,0.0
2005-09-29,28.5,30.100000381469727,28.5,29.610000610351562,22.84454345703125,1329150,0.0,0.0
2005-09-30,29.610000610351562,29.610000610351562,28.780000686645508,29.290000915527344,22.597658157348633,582210,0.0,0.0
2005-10-03,29.299999237060547,30.18000030517578,29.1200008392334,29.3700008392334,22.65937614440918,290510,0.0,0.0
2005-10-04,29.770000457763672,30.5,29.110000610351562,29.84000015258789,23.021989822387695,977840,0.0,0.0
2005-10-05,29.5,30.100000381469727,29.0,29.969999313354492,23.122291564941406,1238040,0.0,0.0
2005-10-06,29.799999237060547,29.899999618530273,28.510000228881836,28.850000381469727,22.258190155029297,104540,0.0,0.0
2005-10-07,28.639999389648438,29.770000457763672,26.829999923706055,28.860000610351562,22.265905380249023,1210120,0.0,0.0
2005-10-10,28.469999313354492,29.149999618530273,27.399999618530273,28.3700008392334,21.88787078857422,1717660,0.0,0.0
2005-10-11,28.0,28.3799991607666,27.020000457763672,27.290000915527344,21.05463409423828,204760,0.0,0.0
2005-10-13,27.399999618530273,28.799999237060547,27.049999237060547,28.020000457763672,21.61783218383789,1318770,0.0,0.0
2005-10-14,27.600000381469727,27.979999542236328,27.010000228881836,27.260000228881836,21.03148078918457,525120,0.0,0.0
2005-10-17,27.209999084472656,27.5,27.010000228881836,27.270000457763672,21.039199829101562,61600,0.0,0.0
2005-10-18,27.969999313354492,27.969999313354492,27.200000762939453,27.639999389648438,21.324655532836914,181750,0.0,0.0
2005-10-19,27.209999084472656,27.209999084472656,26.010000228881836,26.75,20.638010025024414,108000,0.0,0.0
2005-10-20,26.15999984741211,27.350000381469727,26.15999984741211,26.719999313354492,20.614864349365234,119490,0.0,0.0
2005-10-21,27.200000762939453,27.200000762939453,26.709999084472656,27.0,20.830886840820312,2767980,0.0,0.0
2005-10-24,27.190000534057617,27.190000534057617,26.5,26.600000381469727,20.52228546142578,67560,0.0,0.0
2005-10-25,26.8799991607666,26.969999313354492,26.1299991607666,26.5,20.44512939453125,148240,0.0,0.0
2005-10-26,26.0,26.899999618530273,26.0,26.06999969482422,20.113380432128906,5659500,0.0,0.0
2005-10-27,26.969999313354492,26.969999313354492,25.229999542236328,25.90999984741211,19.989940643310547,94320,0.0,0.0
2005-10-28,26.0,26.239999771118164,25.219999313354492,25.399999618530273,19.59646224975586,544930,0.0,0.0
2005-10-31,25.850000381469727,25.850000381469727,24.200000762939453,25.65999984741211,19.79706382751465,295410,0.0,0.0
2005-11-02,26.790000915527344,26.899999618530273,26.200000762939453,26.5,20.44512939453125,35460,0.0,0.0
2005-11-04,26.5,26.5,26.5,26.5,20.44512939453125,0,0.0,0.0
2005-11-07,26.649999618530273,27.0,25.65999984741211,25.770000457763672,19.88192367553711,382510,0.0,0.0
2005-11-08,25.399999618530273,26.969999313354492,25.399999618530273,26.06999969482422,20.113380432128906,167320,0.0,0.0
2005-11-09,26.5,27.100000381469727,26.100000381469727,26.229999542236328,20.236820220947266,425670,0.0,0.0
2005-11-10,26.5,26.5,26.260000228881836,26.389999389648438,20.36026382446289,74180,0.0,0.0
2005-11-11,26.600000381469727,27.270000457763672,26.329999923706055,27.219999313354492,21.000621795654297,778630,0.0,0.0
2005-11-14,27.200000762939453,27.450000762939453,26.610000610351562,26.979999542236328,20.815458297729492,119600,0.0,0.0
2005-11-16,27.0,27.5,26.799999237060547,27.309999465942383,21.0700626373291,742500,0.0,0.0
2005-11-17,27.299999237060547,27.5,27.200000762939453,27.229999542236328,21.00833511352539,93550,0.0,0.0
2005-11-18,27.209999084472656,27.459999084472656,27.0,27.1200008392334,20.92346954345703,56490,0.0,0.0
2005-11-21,27.479999542236328,28.200000762939453,27.030000686645508,27.81999969482422,21.463533401489258,781930,0.0,0.0
2005-11-22,28.0,28.200000762939453,27.15999984741211,27.8700008392334,21.502105712890625,316220,0.0,0.0
2005-11-23,28.170000076293945,28.200000762939453,27.610000610351562,27.760000228881836,21.4172420501709,90800,0.0,0.0
2005-11-24,28.049999237060547,28.049999237060547,27.200000762939453,27.309999465942383,21.0700626373291,123450,0.0,0.0
2005-11-25,27.75,27.75,27.299999237060547,27.329999923706055,21.085491180419922,166180,0.0,0.0
2005-11-28,27.520000457763672,28.299999237060547,27.510000228881836,28.149999618530273,21.71813201904297,429860,0.0,0.0
2005-11-29,28.399999618530273,28.399999618530273,23.559999465942383,27.170000076293945,20.962045669555664,748560,0.0,0.0
2005-11-30,27.649999618530273,27.979999542236328,27.6200008392334,27.709999084472656,21.378664016723633,160830,0.0,0.0
2005-12-01,27.5,28.299999237060547,27.5,28.280000686645508,21.818429946899414,275950,0.0,0.0
2005-12-02,28.489999771118164,28.489999771118164,27.700000762939453,28.1200008392334,21.694984436035156,1220290,0.0,0.0
2005-12-05,28.770000457763672,29.079999923706055,27.219999313354492,28.56999969482422,22.04216766357422,881950,0.0,0.0
2005-12-06,28.700000762939453,29.690000534057617,28.549999237060547,29.079999923706055,22.43564224243164,1469930,0.0,0.0
2005-12-07,29.0,29.280000686645508,28.600000381469727,29.020000457763672,22.389352798461914,136380,0.0,0.0
2005-12-08,28.989999771118164,29.700000762939453,28.989999771118164,29.56999969482422,22.813682556152344,428930,0.0,0.0
2005-12-09,29.5,30.100000381469727,29.5,29.979999542236328,23.130001068115234,955070,0.0,0.0
2005-12-12,30.450000762939453,30.450000762939453,29.700000762939453,30.079999923706055,23.207157135009766,401180,0.0,0.0
2005-12-13,30.209999084472656,30.450000762939453,30.059999465942383,30.170000076293945,23.276588439941406,460650,0.0,0.0
2005-12-14,31.0,31.0,30.299999237060547,30.459999084472656,23.500328063964844,1997790,0.0,0.0
2005-12-15,30.350000381469727,30.850000381469727,30.100000381469727,30.360000610351562,23.423179626464844,1691080,0.0,0.0
2005-12-16,29.030000686645508,30.540000915527344,29.030000686645508,30.290000915527344,23.369171142578125,459160,0.0,0.0
2005-12-19,30.600000381469727,31.5,30.600000381469727,31.200000762939453,24.071247100830078,2387940,0.0,0.0
2005-12-20,31.389999389648438,31.399999618530273,30.600000381469727,30.780000686645508,23.74721336364746,871980,0.0,0.0
2005-12-21,31.049999237060547,31.049999237060547,29.90999984741211,30.049999237060547,23.184009552001953,613970,0.0,0.0
2005-12-22,30.200000762939453,30.34000015258789,29.5,29.8700008392334,23.04513931274414,171110,0.0,0.0
2005-12-23,29.649999618530273,30.100000381469727,28.399999618530273,28.700000762939453,22.1424617767334,123200,0.0,0.0
2005-12-26,28.170000076293945,28.3700008392334,27.399999618530273,27.93000030517578,21.54839515686035,193640,0.0,0.0
2005-12-27,27.010000228881836,28.200000762939453,27.010000228881836,27.90999984741211,21.53296661376953,292280,0.0,0.0
2005-12-28,28.0,28.5,28.0,28.239999771118164,21.787569046020508,175750,0.0,0.0
2005-12-29,28.75,28.75,27.75,27.959999084472656,21.57154083251953,166700,0.0,0.0
2005-12-30,28.3799991607666,28.3799991607666,27.889999389648438,27.940000534057617,21.55611228942871,136170,0.0,0.0
2006-01-02,28.280000686645508,28.399999618530273,27.899999618530273,27.940000534057617,21.55611228942871,222430,0.0,0.0
2006-01-03,28.149999618530273,28.59000015258789,27.969999313354492,28.510000228881836,21.99587631225586,273650,0.0,0.0
2006-01-04,28.989999771118164,29.059999465942383,28.399999618530273,29.020000457763672,22.389352798461914,260550,0.0,0.0
2006-01-05,28.559999465942383,29.93000030517578,28.559999465942383,29.790000915527344,22.983415603637695,312590,0.0,0.0
2006-01-06,29.979999542236328,30.299999237060547,29.979999542236328,30.110000610351562,23.230297088623047,284440,0.0,0.0
2006-01-09,30.940000534057617,30.940000534057617,30.010000228881836,30.190000534057617,23.29201889038086,199180,0.0,0.0
2006-01-10,30.25,30.489999771118164,28.690000534057617,28.969999313354492,22.35077667236328,158220,0.0,0.0
2006-01-12,28.5,30.0,28.5,29.850000381469727,23.029706954956055,201100,0.0,0.0
2006-01-13,30.200000762939453,30.200000762939453,29.700000762939453,29.8700008392334,23.04513931274414,95500,0.0,0.0
2006-01-16,29.850000381469727,30.0,29.700000762939453,29.729999542236328,22.937118530273438,151160,0.0,0.0
2006-01-17,30.270000457763672,30.270000457763672,29.5,29.690000534057617,22.90626335144043,71270,0.0,0.0
2006-01-18,29.399999618530273,29.799999237060547,28.8799991607666,29.020000457763672,22.389352798461914,54750,0.0,0.0
2006-01-19,29.5,29.8799991607666,29.200000762939453,29.450000762939453,22.721101760864258,112760,0.0,0.0
2006-01-20,29.899999618530273,30.200000762939453,29.260000228881836,29.950000762939453,23.106857299804688,1253600,0.0,0.0
2006-01-23,29.950000762939453,31.5,29.899999618530273,30.06999969482422,23.199440002441406,381490,0.0,0.0
2006-01-24,30.200000762939453,30.780000686645508,29.709999084472656,30.040000915527344,23.176294326782227,362720,0.0,0.0
2006-01-25,29.799999237060547,30.610000610351562,29.799999237060547,30.540000915527344,23.562049865722656,406260,0.0,0.0
2006-01-27,29.600000381469727,31.489999771118164,29.600000381469727,30.93000030517578,23.86293601989746,1546490,0.0,0.0
2006-01-30,31.489999771118164,31.899999618530273,31.0,31.219999313354492,24.08668327331543,1345710,0.0,0.0
2006-01-31,32.9900016784668,32.9900016784668,30.899999618530273,31.0,23.91694450378418,1479380,0.0,0.0
2006-02-01,31.100000381469727,31.700000762939453,30.719999313354492,31.06999969482422,23.970951080322266,696870,0.0,0.0
2006-02-02,31.3799991607666,31.3799991607666,29.309999465942383,29.799999237060547,22.991127014160156,252760,0.0,0.0
2006-02-03,29.799999237060547,30.489999771118164,29.06999969482422,29.59000015258789,22.829111099243164,467140,0.0,0.0
2006-02-06,30.149999618530273,30.200000762939453,29.600000381469727,30.010000228881836,23.153148651123047,780470,0.0,0.0
2006-02-07,30.200000762939453,30.799999237060547,29.809999465942383,30.030000686645508,23.1685791015625,1264750,0.0,0.0
2006-02-08,30.030000686645508,30.030000686645508,29.209999084472656,29.5,22.75967788696289,505510,0.0,0.0
2006-02-10,29.889999389648438,30.200000762939453,29.0,29.270000457763672,22.582229614257812,929400,0.0,0.0
2006-02-13,29.799999237060547,29.799999237060547,29.479999542236328,29.510000228881836,22.76738929748535,452330,0.0,0.0
2006-02-14,29.799999237060547,30.200000762939453,29.43000030517578,29.6299991607666,22.859970092773438,313310,0.0,0.0
2006-02-15,29.799999237060547,29.799999237060547,28.799999237060547,29.229999542236328,22.55136489868164,1279500,0.0,0.0
2006-02-16,29.600000381469727,29.700000762939453,28.739999771118164,29.229999542236328,22.55136489868164,1355450,0.0,0.0
2006-02-17,29.75,29.75,29.09000015258789,29.350000381469727,22.64394760131836,902270,0.0,0.0
2006-02-20,29.700000762939453,29.700000762939453,28.709999084472656,28.989999771118164,22.36620330810547,64840,0.0,0.0
2006-02-21,29.010000228881836,29.450000762939453,28.899999618530273,29.030000686645508,22.397064208984375,76590,0.0,0.0
2006-02-22,29.399999618530273,29.399999618530273,28.40999984741211,28.790000915527344,22.211898803710938,818760,0.0,0.0
2006-02-23,29.190000534057617,29.200000762939453,28.600000381469727,28.8700008392334,22.273622512817383,116080,0.0,0.0
2006-02-24,29.200000762939453,29.200000762939453,28.850000381469727,29.020000457763672,22.389352798461914,71140,0.0,0.0
2006-02-27,29.5,29.5,28.399999618530273,28.829999923706055,22.242759704589844,1487090,0.0,0.0
2006-02-28,29.200000762939453,30.200000762939453,29.010000228881836,29.940000534057617,23.099143981933594,204460,0.0,0.0
2006-03-01,29.309999465942383,31.0,29.299999237060547,30.950000762939453,23.878372192382812,539640,0.0,0.0
2006-03-02,30.950000762939453,30.950000762939453,29.90999984741211,30.209999084472656,23.307445526123047,381480,0.0,0.0
2006-03-03,30.450000762939453,30.450000762939453,29.510000228881836,29.670000076293945,22.890830993652344,242350,0.0,0.0
2006-03-06,29.950000762939453,30.18000030517578,29.459999084472656,29.690000534057617,22.90626335144043,260930,0.0,0.0
2006-03-07,29.510000228881836,29.84000015258789,29.219999313354492,29.389999389648438,22.674806594848633,56410,0.0,0.0
2006-03-08,29.200000762939453,29.450000762939453,29.200000762939453,29.229999542236328,22.55136489868164,58410,0.0,0.0
2006-03-09,29.399999618530273,30.0,29.0,29.459999084472656,22.72881507873535,110080,0.0,0.0
2006-03-10,29.0,29.889999389648438,29.0,29.510000228881836,22.76738929748535,43620,0.0,0.0
2006-03-13,29.5,29.75,29.0,29.020000457763672,22.389352798461914,82050,0.0,0.0
2006-03-14,29.020000457763672,29.56999969482422,29.020000457763672,29.229999542236328,22.55136489868164,1690840,0.0,0.0
2006-03-16,29.329999923706055,29.549999237060547,29.0,29.020000457763672,22.389352798461914,60250,0.0,0.0
2006-03-17,29.15999984741211,29.299999237060547,29.0,29.049999237060547,22.412490844726562,208820,0.0,0.0
2006-03-20,29.5,30.0,28.90999984741211,29.010000228881836,22.381629943847656,229060,0.0,0.0
2006-03-21,29.149999618530273,29.200000762939453,28.850000381469727,28.899999618530273,22.296768188476562,145040,0.0,0.0
2006-03-22,29.049999237060547,29.200000762939453,28.940000534057617,29.0,22.37392234802246,175960,0.0,0.0
2006-03-23,29.059999465942383,30.200000762939453,28.399999618530273,28.81999969482422,22.235042572021484,2921370,0.0,0.0
2006-03-24,29.8700008392334,30.219999313354492,29.0,29.100000381469727,22.451068878173828,137900,0.0,0.0
2006-03-27,29.299999237060547,29.799999237060547,28.799999237060547,28.889999389648438,22.28904914855957,45100,0.0,0.0
2006-03-28,29.700000762939453,29.700000762939453,28.799999237060547,28.81999969482422,22.235042572021484,89600,0.0,0.0
2006-03-29,29.649999618530273,29.850000381469727,28.709999084472656,28.790000915527344,22.211898803710938,317420,0.0,0.0
2006-03-30,29.200000762939453,29.229999542236328,28.709999084472656,28.81999969482422,22.235042572021484,46320,0.0,0.0
2006-03-31,28.899999618530273,29.149999618530273,28.799999237060547,29.100000381469727,22.451068878173828,607440,0.0,0.0
2006-04-03,30.200000762939453,30.200000762939453,28.829999923706055,29.239999771118164,22.559080123901367,104010,0.0,0.0
2006-04-04,29.489999771118164,31.84000015258789,29.399999618530273,31.290000915527344,24.140682220458984,2088930,0.0,0.0
2006-04-05,31.350000381469727,32.369998931884766,30.989999771118164,31.350000381469727,24.186973571777344,679990,0.0,0.0
2006-04-07,31.969999313354492,32.400001525878906,31.399999618530273,31.950000762939453,24.649883270263672,3072950,0.0,0.0
2006-04-10,32.060001373291016,33.47999954223633,32.060001373291016,32.86000061035156,25.351964950561523,1017640,0.0,0.0
2006-04-12,34.79999923706055,34.88999938964844,32.099998474121094,32.790000915527344,25.297958374023438,2658170,0.0,0.0
2006-04-13,33.20000076293945,33.20000076293945,30.649999618530273,32.060001373291016,24.73475456237793,507780,0.0,0.0
2006-04-17,32.0099983215332,32.790000915527344,31.540000915527344,31.889999389648438,24.603591918945312,239990,0.0,0.0
2006-04-18,32.290000915527344,33.0,31.93000030517578,32.2400016784668,24.87362289428711,276350,0.0,0.0
2006-04-19,31.600000381469727,32.45000076293945,31.600000381469727,31.709999084472656,24.4647216796875,114310,0.0,0.0
2006-04-20,31.299999237060547,32.0,31.299999237060547,31.850000381469727,24.57273292541504,485800,0.0,0.0
2006-04-21,32.29999923706055,32.29999923706055,31.0,31.299999237060547,24.14839744567871,88790,0.0,0.0
2006-04-24,31.850000381469727,31.850000381469727,30.600000381469727,31.1200008392334,24.00952911376953,103970,0.0,0.0
2006-04-25,31.350000381469727,32.0,30.010000228881836,30.260000228881836,23.346027374267578,385040,0.0,0.0
2006-04-26,30.510000228881836,30.700000762939453,30.299999237060547,30.489999771118164,23.52347183227539,97180,0.0,0.0
2006-04-27,30.690000534057617,31.479999542236328,30.360000610351562,30.5,23.53118896484375,145730,0.0,0.0
2006-04-28,28.229999542236328,30.770000457763672,28.059999465942383,30.0,23.145429611206055,84710,0.0,0.0
2006-05-02,31.149999618530273,31.700000762939453,31.0,31.059999465942383,23.963233947753906,170220,0.0,0.0
2006-05-03,31.299999237060547,34.0,31.299999237060547,32.47999954223633,25.058792114257812,1744170,0.0,0.0
2006-05-04,32.97999954223633,33.79999923706055,32.5,32.720001220703125,25.24395179748535,836520,0.0,0.0
2006-05-05,33.18000030517578,33.47999954223633,31.0,31.520000457763672,24.318132400512695,1317750,0.0,0.0
2006-05-08,31.600000381469727,32.5,31.5,31.65999984741211,24.4261474609375,629510,0.0,0.0
2006-05-09,31.959999084472656,32.099998474121094,31.5,31.920000076293945,24.626741409301758,552540,0.0,0.0
2006-05-10,32.0099983215332,32.349998474121094,31.729999542236328,32.11000061035156,24.773330688476562,723260,0.0,0.0
2006-05-11,32.29999923706055,32.400001525878906,31.799999237060547,32.0099983215332,24.696176528930664,181540,0.0,0.0
2006-05-12,32.0,32.29999923706055,31.100000381469727,31.31999969482422,24.163835525512695,84960,0.0,0.0
2006-05-15,30.299999237060547,31.700000762939453,30.0,30.68000030517578,23.670063018798828,128150,0.0,0.0
2006-05-16,30.799999237060547,30.799999237060547,29.020000457763672,29.799999237060547,22.991127014160156,91200,0.0,0.0
2006-05-17,30.5,31.8700008392334,30.399999618530273,31.030000686645508,23.940095901489258,295590,0.0,0.0
2006-05-18,31.3700008392334,31.3700008392334,28.600000381469727,29.149999618530273,22.48964500427246,147740,0.0,0.0
2006-05-19,29.530000686645508,30.440000534057617,28.5,29.190000534057617,22.520505905151367,149760,0.0,0.0
2006-05-22,29.0,29.0,26.100000381469727,27.0,20.830886840820312,139950,0.0,0.0
2006-05-23,27.889999389648438,27.889999389648438,26.200000762939453,27.059999465942383,20.877174377441406,307790,0.0,0.0
2006-05-24,27.299999237060547,27.299999237060547,26.5,26.530000686645508,20.468276977539062,224100,0.0,0.0
2006-05-25,26.25,26.600000381469727,26.0,26.459999084472656,20.414270401000977,146420,0.0,0.0
2006-05-26,27.5,30.670000076293945,25.350000381469727,25.920000076293945,19.997652053833008,1577570,0.0,0.0
2006-05-29,26.329999923706055,27.489999771118164,25.209999084472656,25.579999923706055,19.735340118408203,481480,0.0,0.0
2006-05-30,26.450000762939453,26.5,25.770000457763672,25.8799991607666,19.966793060302734,248290,0.0,0.0
2006-05-31,25.010000228881836,25.899999618530273,24.559999465942383,24.850000381469727,19.172134399414062,216270,0.0,0.0
2006-06-01,25.950000762939453,25.950000762939453,23.530000686645508,24.290000915527344,18.74008560180664,552410,0.0,0.0
2006-06-02,23.709999084472656,24.0,23.5,23.68000030517578,18.269460678100586,939290,0.0,0.0
2006-06-05,23.829999923706055,24.600000381469727,22.530000686645508,23.549999237060547,18.169164657592773,1382520,0.0,0.0
2006-06-06,23.0,23.700000762939453,22.0,22.299999237060547,17.20477294921875,184960,0.0,0.0
2006-06-07,22.299999237060547,22.579999923706055,21.209999084472656,22.059999465942383,17.019607543945312,1399810,0.0,0.0
2006-06-08,21.549999237060547,23.0,19.5,21.1200008392334,16.29438591003418,1167280,0.0,0.0
2006-06-09,22.0,22.0,21.209999084472656,21.420000076293945,16.525840759277344,1500050,0.0,0.0
2006-06-12,21.5,21.899999618530273,21.010000228881836,21.079999923706055,16.263521194458008,180910,0.0,0.0
2006-06-13,20.579999923706055,20.579999923706055,19.420000076293945,19.59000015258789,15.113968849182129,132030,0.0,0.0
2006-06-14,19.700000762939453,20.5,19.3700008392334,20.229999542236328,15.607738494873047,422550,0.0,0.0
2006-06-15,20.309999465942383,20.899999618530273,20.049999237060547,20.549999237060547,15.854619026184082,106860,0.0,0.0
2006-06-16,21.799999237060547,21.799999237060547,20.549999237060547,20.860000610351562,16.093788146972656,360340,0.0,0.0
2006-06-19,20.799999237060547,21.0,20.25,20.799999237060547,16.047500610351562,625320,0.0,0.0
2006-06-20,21.170000076293945,21.170000076293945,20.170000076293945,20.420000076293945,15.754325866699219,391710,0.0,0.0
2006-06-21,20.700000762939453,22.989999771118164,20.229999542236328,22.540000915527344,17.38993263244629,610730,0.0,0.0
2006-06-22,22.90999984741211,24.389999389648438,22.90999984741211,23.899999618530273,18.439197540283203,361540,0.0,0.0
2006-06-23,24.0,24.0,22.600000381469727,23.760000228881836,18.331178665161133,188820,0.0,0.0
2006-06-26,24.450000762939453,25.799999237060547,23.200000762939453,23.670000076293945,18.261743545532227,302000,0.0,0.0
2006-06-27,23.600000381469727,24.399999618530273,22.6200008392334,23.84000015258789,18.392906188964844,103020,0.0,0.0
2006-06-28,22.600000381469727,25.3700008392334,22.5,24.799999237060547,19.13355827331543,175440,0.0,0.0
2006-06-29,25.0,25.0,23.5,23.68000030517578,18.269460678100586,108570,0.0,0.0
2006-06-30,24.5,24.5,23.600000381469727,23.81999969482422,18.377473831176758,296280,0.0,0.0
2006-07-03,23.600000381469727,23.850000381469727,23.1200008392334,23.260000228881836,17.945423126220703,68150,0.0,0.0
2006-07-04,23.5,23.979999542236328,23.219999313354492,23.34000015258789,18.007144927978516,208200,0.0,0.0
2006-07-05,23.5,25.899999618530273,23.350000381469727,25.270000457763672,19.496170043945312,529310,0.0,0.0
2006-07-06,25.100000381469727,26.0,24.700000762939453,24.899999618530273,19.210708618164062,526710,0.0,0.0
2006-07-07,25.399999618530273,25.59000015258789,23.5,23.850000381469727,18.400619506835938,219820,0.0,0.0
2006-07-10,24.670000076293945,24.670000076293945,24.0,24.350000381469727,18.786375045776367,85800,0.0,0.0
2006-07-11,24.770000457763672,25.200000762939453,24.030000686645508,24.530000686645508,18.925251007080078,454100,0.0,0.0
2006-07-12,24.3799991607666,24.799999237060547,23.719999313354492,24.610000610351562,18.986968994140625,86600,0.0,0.0
2006-07-13,24.489999771118164,24.649999618530273,24.030000686645508,24.520000457763672,18.91753387451172,65880,0.0,0.0
2006-07-14,24.010000228881836,24.700000762939453,22.81999969482422,24.579999923706055,18.963821411132812,76600,0.0,0.0
2006-07-17,24.139999389648438,24.739999771118164,24.0,24.100000381469727,18.59349822998047,27800,0.0,0.0
2006-07-18,24.110000610351562,24.5,23.1299991607666,24.280000686645508,18.73236846923828,59720,0.0,0.0
2006-07-19,24.420000076293945,24.649999618530273,23.360000610351562,23.600000381469727,18.207740783691406,48060,0.0,0.0
2006-07-20,24.0,25.399999618530273,22.5,24.920000076293945,19.226139068603516,623170,0.0,0.0
2006-07-21,23.540000915527344,25.0,23.540000915527344,24.8799991607666,19.195276260375977,651150,0.0,0.0
2006-07-24,24.049999237060547,24.790000915527344,24.049999237060547,24.25,18.7092227935791,58500,0.0,0.0
2006-07-25,24.959999084472656,25.299999237060547,24.610000610351562,24.979999542236328,19.272430419921875,111630,0.0,0.0
2006-07-26,24.5,25.0,24.0,24.8700008392334,19.18756103515625,43380,0.0,0.0
2006-07-27,25.200000762939453,25.25,24.799999237060547,25.0,19.287858963012695,393400,0.0,0.0
2006-07-28,25.200000762939453,25.299999237060547,24.90999984741211,25.149999618530273,19.403587341308594,36500,0.0,0.0
2006-07-31,23.420000076293945,25.700000762939453,23.420000076293945,25.329999923706055,19.542457580566406,43710,0.0,0.0
2006-08-01,25.299999237060547,25.350000381469727,25.020000457763672,25.15999984741211,19.41130256652832,34460,0.0,0.0
2006-08-02,25.0,26.399999618530273,24.5,25.719999313354492,19.843351364135742,377920,0.0,0.0
2006-08-03,26.690000534057617,26.700000762939453,25.899999618530273,26.43000030517578,20.391124725341797,113230,0.0,0.0
2006-08-04,26.25,27.049999237060547,26.25,26.959999084472656,20.80002784729004,102350,0.0,0.0
2006-08-07,27.200000762939453,28.5,27.200000762939453,28.190000534057617,21.748991012573242,691130,0.0,0.0
2006-08-08,28.770000457763672,29.479999542236328,28.049999237060547,28.670000076293945,22.11931800842285,605740,0.0,0.0
2006-08-09,23.200000762939453,30.5,23.200000762939453,29.719999313354492,22.929407119750977,799580,0.0,0.0
2006-08-10,30.010000228881836,30.5,28.700000762939453,29.1200008392334,22.46649742126465,398600,0.0,0.0
2006-08-11,29.5,29.75,28.200000762939453,28.68000030517578,22.127033233642578,297570,0.0,0.0
2006-08-14,29.0,29.489999771118164,28.600000381469727,28.81999969482422,22.235042572021484,196730,0.0,0.0
2006-08-16,29.389999389648438,29.489999771118164,28.899999618530273,29.110000610351562,22.458786010742188,105830,0.0,0.0
2006-08-17,29.18000030517578,29.299999237060547,28.219999313354492,28.690000534057617,22.134748458862305,99370,0.0,0.0
2006-08-18,28.989999771118164,28.989999771118164,28.0,28.469999313354492,21.965015411376953,80700,0.0,0.0
2006-08-21,29.200000762939453,29.200000762939453,27.709999084472656,28.399999618530273,22.262895584106445,81130,0.45,0.0
2006-08-22,28.799999237060547,28.799999237060547,27.899999618530273,28.010000228881836,21.95717430114746,1159580,0.0,0.0
2006-08-23,27.649999618530273,28.030000686645508,27.1200008392334,27.25,21.361412048339844,176100,0.0,0.0
2006-08-24,26.299999237060547,27.299999237060547,26.25,27.209999084472656,21.330053329467773,121200,0.0,0.0
2006-08-25,28.0,29.600000381469727,27.209999084472656,29.389999389648438,23.038965225219727,430470,0.0,0.0
2006-08-28,27.639999389648438,29.59000015258789,27.420000076293945,29.020000457763672,22.748926162719727,273270,0.0,0.0
2006-08-29,29.5,29.5,28.799999237060547,28.899999618530273,22.65485191345215,107900,0.0,0.0
2006-08-30,26.920000076293945,30.200000762939453,26.920000076293945,29.940000534057617,23.470117568969727,382230,0.0,0.0
2006-08-31,30.5,32.08000183105469,30.299999237060547,30.799999237060547,24.144269943237305,1411150,0.0,0.0
2006-09-01,30.5,30.799999237060547,29.93000030517578,30.469999313354492,23.885581970214844,358300,0.0,0.0
2006-09-04,30.600000381469727,32.099998474121094,30.600000381469727,31.5,24.69300651550293,1425430,0.0,0.0
2006-09-05,31.600000381469727,31.790000915527344,31.010000228881836,31.5,24.69300651550293,613180,0.0,0.0
2006-09-06,31.5,31.799999237060547,30.610000610351562,31.170000076293945,24.43431854248047,397600,0.0,0.0
2006-09-07,31.100000381469727,31.799999237060547,30.809999465942383,31.469999313354492,24.66948699951172,389060,0.0,0.0
2006-09-08,31.700000762939453,35.25,31.200000762939453,33.529998779296875,26.284326553344727,3660570,0.0,0.0
2006-09-11,33.970001220703125,34.5,31.729999542236328,32.27000045776367,25.29660987854004,1122940,0.0,0.0
2006-09-12,32.20000076293945,33.43000030517578,31.5,33.029998779296875,25.892375946044922,638270,0.0,0.0
2006-09-13,33.66999816894531,34.540000915527344,32.9900016784668,33.97999954223633,26.637088775634766,658650,0.0,0.0
2006-09-14,34.20000076293945,34.5,32.9900016784668,33.349998474121094,26.14322853088379,587060,0.0,0.0
2006-09-15,33.70000076293945,34.849998474121094,33.22999954223633,33.47999954223633,26.245134353637695,764030,0.0,0.0
2006-09-18,33.77000045776367,34.5,32.29999923706055,32.4900016784668,25.469074249267578,858640,0.0,0.0
2006-09-19,32.939998626708984,33.20000076293945,30.6299991607666,31.299999237060547,24.53622055053711,1261520,0.0,0.0
2006-09-20,31.469999313354492,32.20000076293945,30.989999771118164,31.329999923706055,24.55974006652832,1843750,0.0,0.0
2006-09-21,31.670000076293945,32.70000076293945,31.600000381469727,32.220001220703125,25.257421493530273,959340,0.0,0.0
2006-09-22,32.29999923706055,32.4900016784668,31.799999237060547,32.0,25.08495330810547,497520,0.0,0.0
2006-09-25,32.400001525878906,32.400001525878906,31.90999984741211,32.130001068115234,25.186864852905273,330940,0.0,0.0
2006-09-26,32.47999954223633,32.5,31.200000762939453,31.56999969482422,24.747880935668945,305880,0.0,0.0
2006-09-27,32.0,32.16999816894531,31.809999465942383,32.0099983215332,25.09279441833496,435720,0.0,0.0
2006-09-28,32.43000030517578,32.439998626708984,31.899999618530273,32.16999816894531,25.218219757080078,195300,0.0,0.0
2006-09-29,32.29999923706055,32.779998779296875,32.11000061035156,32.54999923706055,25.51610565185547,237340,0.0,0.0
2006-10-03,32.70000076293945,33.0,32.5099983215332,32.59000015258789,25.54745864868164,148020,0.0,0.0
2006-10-04,32.95000076293945,32.95000076293945,31.770000457763672,31.959999084472656,25.05359649658203,135630,0.0,0.0
2006-10-05,32.29999923706055,35.18000030517578,32.20000076293945,34.470001220703125,27.021202087402344,2456220,0.0,0.0
2006-10-06,34.709999084472656,35.7400016784668,34.61000061035156,35.189998626708984,27.585617065429688,1917130,0.0,0.0
2006-10-09,35.400001525878906,38.4900016784668,34.29999923706055,37.5099983215332,29.404268264770508,6818850,0.0,0.0
2006-10-10,37.79999923706055,38.0,36.29999923706055,36.7599983215332,28.81633758544922,2324300,0.0,0.0
2006-10-11,37.13999938964844,37.97999954223633,35.400001525878906,35.9900016784668,28.212738037109375,1378790,0.0,0.0
2006-10-12,36.5,36.97999954223633,33.810001373291016,34.09000015258789,26.72331428527832,4058730,0.0,0.0
2006-10-13,34.5,35.34000015258789,34.25,34.790000915527344,27.27205467224121,2016860,0.0,0.0
2006-10-16,35.18000030517578,35.25,32.91999816894531,33.810001373291016,26.50382423400879,1527140,0.0,0.0
2006-10-17,33.93000030517578,33.93000030517578,33.0099983215332,33.279998779296875,26.08835792541504,796040,0.0,0.0
2006-10-18,33.400001525878906,33.540000915527344,32.29999923706055,32.630001068115234,25.578815460205078,1315070,0.0,0.0
2006-10-19,32.900001525878906,32.97999954223633,31.81999969482422,32.34000015258789,25.351484298706055,705780,0.0,0.0
2006-10-20,32.70000076293945,34.779998779296875,32.29999923706055,33.84000015258789,26.527347564697266,1844570,0.0,0.0
2006-10-23,34.220001220703125,34.599998474121094,33.5,33.689998626708984,26.40974998474121,270110,0.0,0.0
2006-10-26,34.099998474121094,34.189998626708984,33.220001220703125,33.95000076293945,26.613571166992188,463900,0.0,0.0
2006-10-27,33.90999984741211,34.400001525878906,33.5,33.689998626708984,26.40974998474121,451300,0.0,0.0
2006-10-30,32.20000076293945,33.70000076293945,32.20000076293945,32.90999984741211,25.798309326171875,258380,0.0,0.0
2006-10-31,33.29999923706055,34.20000076293945,32.400001525878906,33.47999954223633,26.245134353637695,526860,0.0,0.0
2006-11-01,33.599998474121094,34.13999938964844,33.209999084472656,33.45000076293945,26.221622467041016,328490,0.0,0.0
2006-11-02,33.70000076293945,33.70000076293945,33.22999954223633,33.470001220703125,26.237300872802734,179160,0.0,0.0
2006-11-03,33.650001525878906,33.689998626708984,32.70000076293945,32.91999816894531,25.8061466217041,263390,0.0,0.0
2006-11-06,32.63999938964844,33.27000045776367,32.599998474121094,32.849998474121094,25.75127601623535,226770,0.0,0.0
2006-11-07,33.0,33.400001525878906,31.899999618530273,32.66999816894531,25.61017417907715,589520,0.0,0.0
2006-11-08,32.150001525878906,32.900001525878906,32.150001525878906,32.2599983215332,25.288772583007812,186380,0.0,0.0
2006-11-09,32.5,32.880001068115234,32.029998779296875,32.189998626708984,25.233898162841797,381890,0.0,0.0
2006-11-10,32.689998626708984,32.689998626708984,32.25,32.47999954223633,25.46123504638672,211100,0.0,0.0
2006-11-13,32.47999954223633,33.77000045776367,32.40999984741211,33.349998474121094,26.14322853088379,1961110,0.0,0.0
2006-11-14,33.689998626708984,35.0,33.0,33.220001220703125,26.04132080078125,2105960,0.0,0.0
2006-11-15,33.45000076293945,33.79999923706055,32.79999923706055,33.0099983215332,25.8767032623291,799560,0.0,0.0
2006-11-16,33.20000076293945,33.20000076293945,32.220001220703125,32.400001525878906,25.398521423339844,440770,0.0,0.0
2006-11-17,32.099998474121094,32.79999923706055,31.0,32.25,25.280933380126953,582100,0.0,0.0
2006-11-20,32.790000915527344,32.79999923706055,30.309999465942383,31.43000030517578,24.63813018798828,1006680,0.0,0.0
2006-11-21,32.70000076293945,32.70000076293945,31.149999618530273,31.25,24.497028350830078,917610,0.0,0.0
2006-11-22,31.889999389648438,31.889999389648438,30.809999465942383,31.309999465942383,24.54405975341797,1624590,0.0,0.0
2006-11-23,31.5,32.689998626708984,31.399999618530273,32.439998626708984,25.42987632751465,3048890,0.0,0.0
2006-11-24,33.189998626708984,34.0,32.5,33.900001525878906,26.574377059936523,1725620,0.0,0.0
2006-11-27,34.470001220703125,34.95000076293945,33.099998474121094,34.45000076293945,27.005521774291992,2558530,0.0,0.0
2006-11-28,34.29999923706055,35.279998779296875,33.5,34.47999954223633,27.02903938293457,2258230,0.0,0.0
2006-11-29,34.790000915527344,37.290000915527344,34.5099983215332,35.939998626708984,28.173532485961914,4709080,0.0,0.0
2006-11-30,35.900001525878906,37.099998474121094,35.0099983215332,36.5099983215332,28.6203670501709,1870250,0.0,0.0
2006-12-01,36.0,36.79999923706055,35.310001373291016,35.5,27.8286190032959,3410200,0.0,0.0
2006-12-04,35.779998779296875,36.70000076293945,35.779998779296875,36.33000183105469,28.47926902770996,566230,0.0,0.0
2006-12-05,36.58000183105469,36.650001525878906,35.400001525878906,35.58000183105469,27.891340255737305,470860,0.0,0.0
2006-12-06,35.869998931884766,36.150001525878906,34.54999923706055,34.810001373291016,27.28773307800293,261760,0.0,0.0
2006-12-07,35.06999969482422,35.5,34.4900016784668,34.939998626708984,27.389633178710938,375210,0.0,0.0
2006-12-08,35.29999923706055,35.5,34.52000045776367,34.77000045776367,27.25637435913086,204470,0.0,0.0
2006-12-11,35.29999923706055,35.29999923706055,33.099998474121094,34.130001068115234,26.75467872619629,283960,0.0,0.0
2006-12-12,33.22999954223633,34.900001525878906,33.0099983215332,33.70000076293945,26.41759490966797,615220,0.0,0.0
2006-12-13,33.900001525878906,35.20000076293945,32.029998779296875,34.869998931884766,27.33476448059082,376570,0.0,0.0
2006-12-14,33.90999984741211,35.70000076293945,33.2599983215332,35.45000076293945,27.789426803588867,243800,0.0,0.0
2006-12-15,35.099998474121094,35.849998474121094,35.099998474121094,35.54999923706055,27.867816925048828,252830,0.0,0.0
2006-12-18,35.79999923706055,36.13999938964844,33.5099983215332,34.97999954223633,27.420991897583008,221880,0.0,0.0
2006-12-19,34.7599983215332,35.79999923706055,34.599998474121094,35.36000061035156,27.7188720703125,517020,0.0,0.0
2006-12-20,35.0099983215332,36.099998474121094,34.400001525878906,34.650001525878906,27.162307739257812,519430,0.0,0.0
2006-12-21,34.900001525878906,34.900001525878906,34.310001373291016,34.66999816894531,27.17798614501953,71560,0.0,0.0
2006-12-22,34.900001525878906,34.900001525878906,33.79999923706055,34.0099983215332,26.660600662231445,386020,0.0,0.0
2006-12-26,34.65999984741211,34.65999984741211,33.900001525878906,34.27000045776367,26.864421844482422,465750,0.0,0.0
2006-12-27,34.20000076293945,34.79999923706055,34.099998474121094,34.4900016784668,27.03687858581543,336910,0.0,0.0
2006-12-28,34.5,34.599998474121094,34.20000076293945,34.5,27.044723510742188,311230,0.0,0.0
2006-12-29,35.470001220703125,35.88999938964844,34.29999923706055,34.959999084472656,27.405311584472656,1531680,0.0,0.0
2007-01-02,35.099998474121094,35.470001220703125,34.810001373291016,34.900001525878906,27.35828399658203,176850,0.0,0.0
2007-01-03,35.400001525878906,35.47999954223633,34.400001525878906,34.5,27.044723510742188,610300,0.0,0.0
2007-01-04,35.16999816894531,35.16999816894531,34.439998626708984,34.5099983215332,27.052553176879883,599560,0.0,0.0
2007-01-05,35.0,35.970001220703125,34.70000076293945,35.060001373291016,27.483705520629883,137090,0.0,0.0
2007-01-08,35.0,35.0,34.20000076293945,34.65999984741211,27.170143127441406,403610,0.0,0.0
2007-01-09,34.97999954223633,34.97999954223633,33.5,33.7400016784668,26.448951721191406,283780,0.0,0.0
2007-01-10,34.29999923706055,34.29999923706055,33.400001525878906,33.560001373291016,26.307846069335938,211550,0.0,0.0
2007-01-11,33.939998626708984,34.2400016784668,33.40999984741211,33.56999969482422,26.315692901611328,165770,0.0,0.0
2007-01-12,34.0,34.290000915527344,33.599998474121094,33.93000030517578,26.59789276123047,1550280,0.0,0.0
2007-01-15,34.310001373291016,34.310001373291016,33.90999984741211,34.0,26.65276527404785,650890,0.0,0.0
2007-01-16,34.099998474121094,34.349998474121094,33.68000030517578,33.77000045776367,26.472475051879883,118390,0.0,0.0
2007-01-17,33.95000076293945,34.279998779296875,33.75,34.0099983215332,26.660600662231445,176440,0.0,0.0
2007-01-18,34.0,35.79999923706055,34.0,35.29999923706055,27.671838760375977,507620,0.0,0.0
2007-01-19,36.0,37.279998779296875,35.29999923706055,35.529998779296875,27.852149963378906,957430,0.0,0.0
2007-01-22,35.79999923706055,36.25,35.33000183105469,35.52000045776367,27.844303131103516,409190,0.0,0.0
2007-01-23,35.9900016784668,36.599998474121094,35.70000076293945,36.5,28.612524032592773,665720,0.0,0.0
2007-01-24,37.0,37.5,35.79999923706055,36.18000030517578,28.361682891845703,441600,0.0,0.0
2007-01-25,36.84000015258789,36.84000015258789,34.20000076293945,35.70000076293945,27.98540496826172,1882400,0.0,0.0
2007-01-29,36.16999816894531,36.16999816894531,34.40999984741211,34.52000045776367,27.06039810180664,399850,0.0,0.0
2007-01-31,34.95000076293945,34.970001220703125,33.5,33.66999816894531,26.394075393676758,252010,0.0,0.0
2007-02-01,34.20000076293945,34.209999084472656,33.0099983215332,33.47999954223633,26.245134353637695,247620,0.0,0.0
2007-02-02,34.77000045776367,34.77000045776367,33.5,33.54999923706055,26.300006866455078,323190,0.0,0.0
2007-02-05,33.88999938964844,34.70000076293945,33.560001373291016,34.459999084472656,27.013368606567383,362840,0.0,0.0
2007-02-06,34.349998474121094,35.20000076293945,34.349998474121094,34.91999816894531,27.373960494995117,281490,0.0,0.0
2007-02-07,34.75,35.099998474121094,34.209999084472656,34.63999938964844,27.154468536376953,119630,0.0,0.0
2007-02-08,33.70000076293945,34.20000076293945,33.599998474121094,34.04999923706055,26.69196319580078,80310,0.0,0.0
2007-02-09,34.29999923706055,34.45000076293945,33.0,33.369998931884766,26.158906936645508,189130,0.0,0.0
2007-02-12,33.70000076293945,33.70000076293945,31.719999313354492,32.310001373291016,25.327964782714844,126830,0.0,0.0
2007-02-13,31.799999237060547,33.72999954223633,31.799999237060547,32.900001525878906,25.790470123291016,197390,0.0,0.0
2007-02-14,32.869998931884766,32.869998931884766,32.0099983215332,32.310001373291016,25.327964782714844,92780,0.0,0.0
2007-02-15,32.29999923706055,33.29999923706055,31.850000381469727,32.02000045776367,25.10063934326172,452530,0.0,0.0
2007-02-19,33.0,33.15999984741211,32.40999984741211,33.06999969482422,25.92374038696289,465430,0.0,0.0
2007-02-20,33.439998626708984,33.599998474121094,32.25,32.349998474121094,25.359323501586914,582770,0.0,0.0
2007-02-21,32.349998474121094,32.65999984741211,32.0099983215332,32.08000183105469,25.147674560546875,96280,0.0,0.0
2007-02-22,32.400001525878906,32.84000015258789,31.700000762939453,31.90999984741211,25.014400482177734,72270,0.0,0.0
2007-02-23,31.399999618530273,32.400001525878906,30.850000381469727,31.229999542236328,24.48134994506836,117730,0.0,0.0
2007-02-26,31.100000381469727,31.719999313354492,30.799999237060547,31.1200008392334,24.395122528076172,49800,0.0,0.0
2007-02-27,31.010000228881836,31.760000228881836,31.0,31.170000076293945,24.43431854248047,38570,0.0,0.0
2007-02-28,30.5,31.100000381469727,28.93000030517578,30.559999465942383,23.956132888793945,115210,0.0,0.0
2007-03-01,29.760000228881836,31.3799991607666,29.229999542236328,29.68000030517578,23.26630210876465,79680,0.0,0.0
2007-03-02,29.700000762939453,30.389999389648438,28.5,28.950000762939453,22.694049835205078,110390,0.0,0.0
2007-03-05,28.600000381469727,29.299999237060547,26.5,26.600000381469727,20.851871490478516,179550,0.0,0.0
2007-03-06,27.030000686645508,28.0,26.0,26.719999313354492,20.945938110351562,140730,0.0,0.0
2007-03-07,27.489999771118164,27.799999237060547,26.709999084472656,27.200000762939453,21.32221221923828,526560,0.0,0.0
2007-03-08,27.0,28.0,27.0,27.8700008392334,21.847431182861328,63010,0.0,0.0
2007-03-09,27.600000381469727,27.770000457763672,27.110000610351562,27.549999237060547,21.59657859802246,46630,0.0,0.0
2007-03-12,28.25,29.290000915527344,27.809999465942383,28.010000228881836,21.95717430114746,45390,0.0,0.0
2007-03-13,28.0,28.100000381469727,27.020000457763672,27.670000076293945,21.690650939941406,58290,0.0,0.0
2007-03-14,27.059999465942383,28.0,26.110000610351562,27.15999984741211,21.290855407714844,34530,0.0,0.0
2007-03-15,27.510000228881836,27.850000381469727,27.399999618530273,27.5,21.557388305664062,113090,0.0,0.0
2007-03-16,26.5,27.889999389648438,26.5,27.1200008392334,21.25950050354004,35570,0.0,0.0
2007-03-19,26.5,27.670000076293945,26.5,27.229999542236328,21.34572982788086,32460,0.0,0.0
2007-03-20,27.5,27.5,27.110000610351562,27.190000534057617,21.314374923706055,92890,0.0,0.0
2007-03-21,27.360000610351562,27.360000610351562,26.799999237060547,26.940000534057617,21.11839485168457,46320,0.0,0.0
2007-03-22,27.600000381469727,27.969999313354492,26.940000534057617,27.079999923706055,21.2281436920166,1194100,0.0,0.0
2007-03-23,27.0,27.06999969482422,26.729999542236328,26.940000534057617,21.47525978088379,1196500,0.45,0.0
2007-03-26,27.899999618530273,27.899999618530273,26.049999237060547,26.3799991607666,21.028858184814453,99580,0.0,0.0
2007-03-28,27.0,27.0,25.530000686645508,26.209999084472656,20.893341064453125,1071510,0.0,0.0
2007-03-29,26.200000762939453,27.200000762939453,26.200000762939453,26.84000015258789,21.39554786682129,144100,0.0,0.0
2007-03-30,27.389999389648438,28.190000534057617,26.700000762939453,27.989999771118164,22.312271118164062,486370,0.0,0.0
2007-04-02,27.100000381469727,28.0,27.100000381469727,27.540000915527344,21.953550338745117,84320,0.0,0.0
2007-04-03,26.700000762939453,27.549999237060547,26.700000762939453,27.309999465942383,21.77020835876465,32690,0.0,0.0
2007-04-04,27.399999618530273,28.200000762939453,27.110000610351562,27.290000915527344,21.754268646240234,40740,0.0,0.0
2007-04-05,27.0,28.100000381469727,27.0,27.68000030517578,22.065155029296875,125840,0.0,0.0
2007-04-09,27.1299991607666,27.899999618530273,27.1299991607666,27.59000015258789,21.993408203125,191310,0.0,0.0
2007-04-10,27.899999618530273,27.899999618530273,27.309999465942383,27.510000228881836,21.929637908935547,334490,0.0,0.0
2007-04-11,27.200000762939453,27.950000762939453,27.200000762939453,27.639999389648438,22.033266067504883,39320,0.0,0.0
2007-04-12,27.010000228881836,27.799999237060547,27.0,27.59000015258789,21.993408203125,40830,0.0,0.0
2007-04-13,27.889999389648438,30.200000762939453,27.399999618530273,28.040000915527344,22.352130889892578,1285710,0.0,0.0
2007-04-16,28.440000534057617,28.780000686645508,28.100000381469727,28.440000534057617,22.670989990234375,749420,0.0,0.0
2007-04-17,28.600000381469727,28.670000076293945,28.229999542236328,28.440000534057617,22.670989990234375,146930,0.0,0.0
2007-04-18,28.399999618530273,28.600000381469727,27.110000610351562,28.420000076293945,22.655046463012695,124950,0.0,0.0
2007-04-19,28.399999618530273,30.399999618530273,26.709999084472656,30.149999618530273,24.03411865234375,847070,0.0,0.0
2007-04-20,30.8700008392334,31.299999237060547,30.5,30.690000534057617,24.464582443237305,627740,0.0,0.0
2007-04-23,31.440000534057617,31.950000762939453,31.059999465942383,31.360000610351562,24.99867057800293,380180,0.0,0.0
2007-04-24,31.8700008392334,33.099998474121094,30.709999084472656,32.36000061035156,25.79582405090332,1506960,0.0,0.0
2007-04-25,32.86000061035156,33.29999923706055,31.700000762939453,32.40999984741211,25.835678100585938,705410,0.0,0.0
2007-04-26,32.70000076293945,32.70000076293945,31.510000228881836,31.989999771118164,25.500877380371094,204180,0.0,0.0
2007-04-27,32.09000015258789,32.099998474121094,31.229999542236328,31.639999389648438,25.22187614440918,252270,0.0,0.0
2007-04-30,29.110000610351562,31.979999542236328,29.110000610351562,31.59000015258789,25.18201446533203,721040,0.0,0.0
2007-05-03,35.0,35.0,31.5,31.90999984741211,25.43709945678711,4420900,0.0,0.0
2007-05-04,32.349998474121094,32.5,31.559999465942383,31.850000381469727,25.3892765045166,2172670,0.0,0.0
2007-05-07,32.0,32.459999084472656,31.6299991607666,31.760000228881836,25.317535400390625,542700,0.0,0.0
2007-05-08,31.610000610351562,32.599998474121094,31.610000610351562,32.380001068115234,25.811765670776367,922450,0.0,0.0
2007-05-09,32.5,32.5,31.780000686645508,31.920000076293945,25.445077896118164,184560,0.0,0.0
2007-05-10,32.060001373291016,33.29999923706055,32.060001373291016,33.11000061035156,26.393686294555664,1146820,0.0,0.0
2007-05-11,32.900001525878906,33.400001525878906,32.400001525878906,32.86000061035156,26.19439697265625,1335780,0.0,0.0
2007-05-14,33.400001525878906,35.189998626708984,33.20000076293945,34.79999923706055,27.740863800048828,1024650,0.0,0.0
2007-05-15,34.900001525878906,35.900001525878906,34.900001525878906,35.189998626708984,28.05176544189453,486660,0.0,0.0
2007-05-16,35.189998626708984,35.54999923706055,35.0,35.099998474121094,27.98002052307129,415630,0.0,0.0
2007-05-17,35.29999923706055,36.25,35.099998474121094,36.0,28.69745445251465,1165620,0.0,0.0
2007-05-18,36.0,36.290000915527344,35.61000061035156,35.91999816894531,28.633682250976562,1193040,0.0,0.0
2007-05-21,36.5,38.970001220703125,36.029998779296875,36.29999923706055,28.936601638793945,438210,0.0,0.0
2007-05-22,36.869998931884766,37.20000076293945,33.939998626708984,36.79999923706055,29.33517074584961,1664050,0.0,0.0
2007-05-23,36.9900016784668,37.20000076293945,35.5,36.84000015258789,29.367063522338867,648600,0.0,0.0
2007-05-24,35.0099983215332,36.7599983215332,34.88999938964844,35.029998779296875,27.924219131469727,453820,0.0,0.0
2007-05-25,35.0,36.0,34.599998474121094,35.540000915527344,28.33077049255371,347360,0.0,0.0
2007-05-28,35.959999084472656,36.400001525878906,35.11000061035156,35.34000015258789,28.171323776245117,183950,0.0,0.0
2007-05-29,35.93000030517578,35.93000030517578,35.20000076293945,35.36000061035156,28.187271118164062,221930,0.0,0.0
2007-05-30,35.5,36.400001525878906,35.400001525878906,35.81999969482422,28.553974151611328,581840,0.0,0.0
2007-05-31,36.5,36.5,35.619998931884766,35.900001525878906,28.61774253845215,705580,0.0,0.0
2007-06-01,36.29999923706055,36.45000076293945,35.900001525878906,36.2400016784668,28.888774871826172,263930,0.0,0.0
2007-06-04,35.900001525878906,36.849998474121094,35.599998474121094,36.20000076293945,28.856889724731445,333500,0.0,0.0
2007-06-05,36.0,36.29999923706055,35.5,35.54999923706055,28.338733673095703,703250,0.0,0.0
2007-06-06,36.099998474121094,36.400001525878906,35.29999923706055,35.33000183105469,28.163360595703125,561180,0.0,0.0
2007-06-07,35.400001525878906,35.599998474121094,34.81999969482422,35.439998626708984,28.251047134399414,251730,0.0,0.0
2007-06-08,35.29999923706055,35.349998474121094,34.5,34.849998474121094,27.780731201171875,1885980,0.0,0.0
2007-06-11,34.11000061035156,35.599998474121094,33.900001525878906,34.0,27.103151321411133,634830,0.0,0.0
2007-06-12,35.15999984741211,35.470001220703125,33.18000030517578,33.2599983215332,26.51325798034668,118840,0.0,0.0
2007-06-13,32.65999984741211,33.29999923706055,32.65999984741211,32.95000076293945,26.266145706176758,665890,0.0,0.0
2007-06-14,34.20000076293945,35.45000076293945,32.2400016784668,32.36000061035156,25.79582405090332,459660,0.0,0.0
2007-06-15,32.970001220703125,33.900001525878906,32.0,32.11000061035156,25.596538543701172,275570,0.0,0.0
2007-06-18,32.5,32.689998626708984,31.700000762939453,31.860000610351562,25.397247314453125,626070,0.0,0.0
2007-06-19,31.889999389648438,31.950000762939453,31.549999237060547,31.81999969482422,25.365358352661133,2196850,0.0,0.0
2007-06-20,32.20000076293945,32.20000076293945,31.649999618530273,31.889999389648438,25.421159744262695,1148390,0.0,0.0
2007-06-21,32.400001525878906,32.400001525878906,31.809999465942383,31.889999389648438,25.421159744262695,1520140,0.0,0.0
2007-06-22,32.099998474121094,32.189998626708984,30.799999237060547,31.459999084472656,25.078380584716797,1141840,0.0,0.0
2007-06-25,31.5,31.989999771118164,31.299999237060547,31.739999771118164,25.301586151123047,267310,0.0,0.0
2007-06-26,32.189998626708984,32.189998626708984,31.65999984741211,31.760000228881836,25.317535400390625,2450060,0.0,0.0
2007-06-27,32.0,32.0,30.899999618530273,31.09000015258789,24.783437728881836,1441370,0.0,0.0
2007-06-28,31.5,32.900001525878906,31.25,32.209999084472656,25.676250457763672,1319030,0.0,0.0
2007-06-29,32.65999984741211,32.689998626708984,31.459999084472656,31.93000030517578,25.453046798706055,340600,0.0,0.0
2007-07-02,32.0,32.20000076293945,31.399999618530273,32.0,25.508846282958984,1580880,0.0,0.0
2007-07-03,32.29999923706055,33.70000076293945,31.93000030517578,33.459999084472656,26.672687530517578,1075400,0.0,0.0
2007-07-04,33.5099983215332,35.849998474121094,33.5099983215332,35.58000183105469,28.362653732299805,1246870,0.0,0.0
2007-07-05,36.400001525878906,36.400001525878906,34.220001220703125,36.02000045776367,28.713396072387695,890160,0.0,0.0
2007-07-06,36.0,36.0,34.709999084472656,35.459999084472656,28.26698875427246,498430,0.0,0.0
2007-07-09,34.79999923706055,35.400001525878906,34.619998931884766,34.75,27.701019287109375,189670,0.0,0.0
2007-07-10,34.70000076293945,35.0,34.5099983215332,34.689998626708984,27.653188705444336,147800,0.0,0.0
2007-07-11,34.5,35.70000076293945,34.400001525878906,35.400001525878906,28.219160079956055,732170,0.0,0.0
2007-07-12,35.599998474121094,37.79999923706055,35.29999923706055,37.40999984741211,29.82143783569336,1153410,0.0,0.0
2007-07-13,37.97999954223633,38.400001525878906,37.0,37.36000061035156,29.781585693359375,798560,0.0,0.0
2007-07-16,37.0,38.20000076293945,36.20000076293945,37.68000030517578,30.036664962768555,426970,0.0,0.0
2007-07-17,38.0,38.349998474121094,36.5,36.61000061035156,29.183719635009766,202310,0.0,0.0
2007-07-18,37.099998474121094,37.9900016784668,36.5,36.90999984741211,29.422863006591797,363540,0.0,0.0
2007-07-19,37.13999938964844,38.20000076293945,37.029998779296875,38.11000061035156,30.37944221496582,740130,0.0,0.0
2007-07-20,38.4900016784668,39.5,37.79999923706055,38.279998779296875,30.51495361328125,673490,0.0,0.0
2007-07-23,38.099998474121094,40.0,37.400001525878906,39.5099983215332,31.495450973510742,501750,0.0,0.0
2007-07-24,39.59000015258789,40.779998779296875,39.20000076293945,40.189998626708984,32.03752899169922,790930,0.0,0.0
2007-07-25,38.20000076293945,40.290000915527344,38.20000076293945,38.45000076293945,30.65047836303711,2066480,0.0,0.0
2007-07-26,38.79999923706055,40.5,38.400001525878906,39.060001373291016,31.136737823486328,2090110,0.0,0.0
2007-07-27,39.0,39.65999984741211,38.0,38.43000030517578,30.63453483581543,1280510,0.0,0.0
2007-07-30,38.5,38.5,37.099998474121094,37.45000076293945,29.85332489013672,593170,0.0,0.0
2007-07-31,37.93000030517578,38.27000045776367,37.400001525878906,37.91999816894531,30.227985382080078,422740,0.0,0.0
2007-08-01,37.47999954223633,37.70000076293945,36.75,37.25,29.69389533996582,615200,0.0,0.0
2007-08-02,37.70000076293945,38.54999923706055,37.0099983215332,37.939998626708984,30.243925094604492,286330,0.0,0.0
2007-08-03,38.4900016784668,38.900001525878906,38.20000076293945,38.7599983215332,30.8975887298584,262120,0.0,0.0
2007-08-06,38.900001525878906,38.900001525878906,37.70000076293945,37.869998931884766,30.18813133239746,364290,0.0,0.0
2007-08-07,38.5,38.70000076293945,37.20000076293945,37.5099983215332,29.90114974975586,361490,0.0,0.0
2007-08-08,37.599998474121094,38.79999923706055,37.099998474121094,37.4900016784668,29.88521385192871,2175790,0.0,0.0
2007-08-09,38.5,38.5,37.5,37.630001068115234,29.996807098388672,245230,0.0,0.0
2007-08-10,37.349998474121094,39.900001525878906,35.099998474121094,39.130001068115234,31.192543029785156,682030,0.0,0.0
2007-08-13,40.5,41.689998626708984,39.599998474121094,39.939998626708984,31.838220596313477,2326210,0.0,0.0
2007-08-14,40.0,40.369998931884766,38.86000061035156,39.290000915527344,31.320077896118164,749640,0.0,0.0
2007-08-16,37.900001525878906,38.099998474121094,34.599998474121094,37.119998931884766,29.59026527404785,1069360,0.0,0.0
2007-08-17,37.849998474121094,40.400001525878906,37.099998474121094,39.54999923706055,31.527339935302734,1883497,0.0,10.0
2007-08-20,45.0,45.0,39.54999923706055,39.849998474121094,31.76649284362793,742840,0.0,0.0
2007-08-21,39.70000076293945,40.20000076293945,38.5,38.849998474121094,30.969331741333008,309499,0.0,0.0
2007-08-22,39.45000076293945,39.45000076293945,37.150001525878906,38.75,30.88962745666504,257047,0.0,0.0
2007-08-23,39.04999923706055,39.400001525878906,37.54999923706055,37.70000076293945,30.052616119384766,216482,0.0,0.0
2007-08-24,38.0,39.20000076293945,37.75,38.95000076293945,31.049049377441406,809258,0.0,0.0
2007-08-27,38.79999923706055,40.900001525878906,38.79999923706055,40.25,32.08534622192383,1476168,0.0,0.0
2007-08-28,40.5,40.70000076293945,39.0,39.29999923706055,31.328052520751953,405419,0.0,0.0
2007-08-29,37.95000076293945,38.599998474121094,37.70000076293945,38.04999923706055,30.331615447998047,321103,0.0,0.0
2007-08-30,38.95000076293945,39.20000076293945,38.25,39.0,31.088905334472656,832934,0.0,0.0
2007-08-31,39.29999923706055,40.79999923706055,38.650001525878906,40.54999923706055,32.324501037597656,1271480,0.0,0.0
2007-09-03,40.75,41.79999923706055,38.5,39.849998474121094,31.76649284362793,311732,0.0,0.0
2007-09-04,40.45000076293945,40.45000076293945,39.599998474121094,39.95000076293945,31.846200942993164,246189,0.0,0.0
2007-09-05,40.0,40.45000076293945,39.29999923706055,39.5,31.487478256225586,196083,0.0,0.0
2007-09-06,39.20000076293945,39.70000076293945,39.0,39.25,31.288196563720703,210549,0.0,0.0
2007-09-07,40.5,40.5,38.54999923706055,38.849998474121094,30.969331741333008,215407,0.0,0.0
2007-09-10,38.04999923706055,40.79999923706055,38.04999923706055,40.29999923706055,32.12519836425781,603772,0.0,0.0
2007-09-11,41.5,41.599998474121094,40.0,40.650001525878906,32.404212951660156,516327,0.0,0.0
2007-09-12,41.0,41.400001525878906,40.0,40.70000076293945,32.44407272338867,539655,0.0,0.0
2007-09-13,40.900001525878906,42.0,40.5,41.650001525878906,33.20136642456055,904199,0.0,0.0
2007-09-14,42.0,42.900001525878906,41.25,41.54999923706055,33.121639251708984,561386,0.0,0.0
2007-09-17,42.5,42.5,39.900001525878906,40.04999923706055,31.925922393798828,325081,0.0,0.0
2007-09-18,40.20000076293945,40.20000076293945,38.54999923706055,38.900001525878906,31.009193420410156,1198580,0.0,0.0
2007-09-19,40.400001525878906,40.849998474121094,38.5,39.150001525878906,31.208480834960938,861484,0.0,0.0
2007-09-20,39.79999923706055,39.79999923706055,38.70000076293945,38.95000076293945,31.049049377441406,209042,0.0,0.0
2007-09-21,39.0,39.400001525878906,38.45000076293945,39.0,31.088905334472656,533334,0.0,0.0
2007-09-24,39.45000076293945,39.45000076293945,38.400001525878906,38.599998474121094,30.770048141479492,2052573,0.0,0.0
2007-09-25,38.95000076293945,39.0,37.54999923706055,38.349998474121094,30.57076644897461,410071,0.0,0.0
2007-09-26,38.75,40.0,37.599998474121094,37.900001525878906,30.212053298950195,1592768,0.0,0.0
2007-09-27,38.5,39.25,37.900001525878906,39.04999923706055,31.128767013549805,599938,0.0,0.0
2007-09-28,43.0,43.0,38.75,39.20000076293945,31.248342514038086,337303,0.0,0.0
2007-10-01,39.099998474121094,40.849998474121094,39.099998474121094,39.900001525878906,31.806346893310547,418762,0.0,0.0
2007-10-03,40.349998474121094,41.0,37.95000076293945,39.150001525878906,31.208480834960938,867447,0.0,0.0
2007-10-04,39.650001525878906,39.650001525878906,38.25,38.54999923706055,30.730188369750977,660167,0.0,0.0
2007-10-05,39.5,39.5,38.099998474121094,38.349998474121094,30.57076644897461,261095,0.0,0.0
2007-10-08,38.900001525878906,39.0,36.79999923706055,37.04999923706055,29.53446388244629,373319,0.0,0.0
2007-10-09,37.04999923706055,37.5,36.5,37.20000076293945,29.65403938293457,1602357,0.0,0.0
2007-10-10,38.099998474121094,40.0,37.25,38.349998474121094,30.57076644897461,1008889,0.0,0.0
2007-10-11,38.70000076293945,38.849998474121094,37.04999923706055,37.45000076293945,29.85332489013672,931786,0.0,0.0
2007-10-12,37.45000076293945,38.5,36.75,37.04999923706055,29.53446388244629,626110,0.0,0.0
2007-10-15,37.900001525878906,37.900001525878906,36.5,37.0,29.494606018066406,1297628,0.0,0.0
2007-10-16,37.45000076293945,38.20000076293945,37.25,37.599998474121094,29.97289276123047,772941,0.0,0.0
2007-10-17,36.0,37.0,31.100000381469727,36.0,28.69745445251465,766831,0.0,0.0
2007-10-18,36.29999923706055,37.20000076293945,35.79999923706055,36.0,28.69745445251465,604850,0.0,0.0
2007-10-19,35.54999923706055,36.0,34.54999923706055,34.849998474121094,27.780731201171875,322917,0.0,0.0
2007-10-22,34.0,35.04999923706055,34.0,34.849998474121094,27.780731201171875,189223,0.0,0.0
2007-10-23,35.25,36.45000076293945,35.25,36.099998474121094,28.777175903320312,505303,0.0,0.0
2007-10-24,36.650001525878906,37.5,35.849998474121094,37.04999923706055,29.53446388244629,3205813,0.0,0.0
2007-10-25,37.5,38.5,37.400001525878906,37.54999923706055,29.93303108215332,572766,0.0,0.0
2007-10-26,37.95000076293945,40.400001525878906,37.54999923706055,38.900001525878906,31.009193420410156,2058787,0.0,0.0
2007-10-29,39.650001525878906,41.349998474121094,39.0,39.400001525878906,31.407772064208984,1924565,0.0,0.0
2007-10-30,39.95000076293945,40.0,38.79999923706055,39.5,31.487478256225586,555414,0.0,0.0
2007-10-31,39.0,40.900001525878906,38.75,38.95000076293945,31.049049377441406,858404,0.0,0.0
2007-11-01,40.0,40.0,37.04999923706055,37.45000076293945,29.85332489013672,765384,0.0,0.0
2007-11-02,37.5,38.5,36.849998474121094,37.95000076293945,30.251895904541016,705992,0.0,0.0
2007-11-05,35.0,37.900001525878906,35.0,36.70000076293945,29.25545883178711,1025380,0.0,0.0
2007-11-06,37.45000076293945,37.45000076293945,35.400001525878906,35.599998474121094,28.378591537475586,456123,0.0,0.0
2007-11-07,36.0,36.5,35.099998474121094,35.650001525878906,28.418447494506836,272195,0.0,0.0
2007-11-08,35.79999923706055,35.79999923706055,35.04999923706055,35.650001525878906,28.418447494506836,277020,0.0,0.0
2007-11-12,36.0,36.95000076293945,35.45000076293945,36.20000076293945,28.856889724731445,215821,0.0,0.0
2007-11-13,36.75,37.70000076293945,34.400001525878906,35.150001525878906,28.019874572753906,1148895,0.0,0.0
2007-11-14,36.849998474121094,36.849998474121094,35.79999923706055,35.95000076293945,28.657596588134766,522771,0.0,0.0
2007-11-15,36.5,36.5,35.54999923706055,36.150001525878906,28.817033767700195,1158741,0.0,0.0
2007-11-16,37.0,37.5,35.900001525878906,36.70000076293945,29.25545883178711,1012871,0.0,0.0
2007-11-19,37.0,45.0,37.0,43.599998474121094,34.755802154541016,8245550,0.0,0.0
2007-11-20,44.0,46.95000076293945,42.0,42.75,34.078224182128906,5546472,0.0,0.0
2007-11-21,43.0,44.5,39.79999923706055,40.349998474121094,32.16506576538086,2696544,0.0,0.0
2007-11-22,41.0,41.29999923706055,38.54999923706055,39.400001525878906,31.407772064208984,1556592,0.0,0.0
2007-11-23,40.45000076293945,40.900001525878906,39.45000076293945,39.75,31.68677520751953,913218,0.0,0.0
2007-11-26,40.5,41.45000076293945,39.95000076293945,40.150001525878906,32.00563430786133,965435,0.0,0.0
2007-11-27,40.0,42.5,39.099998474121094,41.79999923706055,33.32093811035156,2255881,0.0,0.0
2007-11-28,42.25,43.900001525878906,41.900001525878906,42.75,34.078224182128906,2361884,0.0,0.0
2007-11-29,43.20000076293945,43.900001525878906,42.29999923706055,42.900001525878906,34.19779586791992,1676281,0.0,0.0
2007-11-30,43.900001525878906,43.900001525878906,41.70000076293945,41.900001525878906,33.4006462097168,1054707,0.0,0.0
2007-12-03,42.400001525878906,43.0,41.20000076293945,41.5,33.08177947998047,1208166,0.0,0.0
2007-12-04,41.95000076293945,43.0,41.54999923706055,41.79999923706055,33.32093811035156,1282975,0.0,0.0
2007-12-05,42.20000076293945,45.349998474121094,42.150001525878906,44.849998474121094,35.75224304199219,4064640,0.0,0.0
2007-12-06,46.0,52.150001525878906,44.5,50.20000076293945,40.01700973510742,14474279,0.0,0.0
2007-12-07,52.0,52.900001525878906,49.0,50.349998474121094,40.13658142089844,8997777,0.0,0.0
2007-12-10,50.400001525878906,52.849998474121094,49.54999923706055,51.29999923706055,40.89387893676758,5244798,0.0,0.0
2007-12-11,51.95000076293945,54.0,51.75,52.400001525878906,41.77073287963867,5490648,0.0,0.0
2007-12-12,52.400001525878906,53.79999923706055,50.150001525878906,51.70000076293945,41.21273422241211,5212494,0.0,0.0
2007-12-13,52.5,52.95000076293945,51.04999923706055,51.29999923706055,40.89387893676758,2979961,0.0,0.0
2007-12-14,51.849998474121094,52.29999923706055,51.099998474121094,51.29999923706055,40.89387893676758,2169753,0.0,0.0
2007-12-17,51.0,52.5,47.150001525878906,49.54999923706055,39.49885177612305,4233786,0.0,0.0
2007-12-18,48.75,51.0,47.5,49.099998474121094,39.14014434814453,2006590,0.0,0.0
2007-12-19,49.0,51.0,48.849998474121094,49.29999923706055,39.299564361572266,2112551,0.0,0.0
2007-12-20,49.79999923706055,50.25,46.0,47.5,37.86469650268555,1477283,0.0,0.0
2007-12-24,49.95000076293945,50.0,49.0,49.45000076293945,39.41913986206055,1382284,0.0,0.0
2007-12-26,50.0,50.400001525878906,49.04999923706055,49.650001525878906,39.57857131958008,1670561,0.0,0.0
2007-12-27,50.5,50.5,47.95000076293945,48.5,38.66184616088867,1411880,0.0,0.0
2007-12-28,49.0,50.25,48.0,49.900001525878906,39.77786636352539,2218766,0.0,0.0
2007-12-31,51.20000076293945,55.25,49.900001525878906,53.849998474121094,42.92660903930664,9595690,0.0,0.0
2008-01-01,54.79999923706055,59.0,53.900001525878906,58.04999923706055,46.27465057373047,12774176,0.0,0.0
2008-01-02,58.79999923706055,62.400001525878906,54.70000076293945,61.20000076293945,48.78567123413086,16621922,0.0,0.0
2008-01-03,60.900001525878906,61.900001525878906,59.099998474121094,59.849998474121094,47.70951843261719,6463832,0.0,0.0
2008-01-04,60.25,60.900001525878906,56.650001525878906,57.95000076293945,46.19492721557617,5276479,0.0,0.0
2008-01-07,57.70000076293945,62.400001525878906,56.75,57.54999923706055,45.876068115234375,9659232,0.0,0.0
2008-01-08,58.29999923706055,59.20000076293945,54.0,54.79999923706055,43.68390655517578,4852334,0.0,0.0
2008-01-09,55.0,56.0,53.099998474121094,54.349998474121094,43.3251838684082,3484672,0.0,0.0
2008-01-10,55.45000076293945,55.650001525878906,50.0,50.70000076293945,40.41557693481445,2822979,0.0,0.0
2008-01-11,50.900001525878906,51.900001525878906,48.70000076293945,49.349998474121094,39.339420318603516,3012679,0.0,0.0
2008-01-14,50.70000076293945,56.900001525878906,49.900001525878906,55.29999923706055,44.082481384277344,7319307,0.0,0.0
2008-01-15,57.0,58.5,51.45000076293945,52.45000076293945,41.81060028076172,17351382,0.0,0.0
2008-01-16,50.849998474121094,55.150001525878906,50.20000076293945,54.25,43.2454719543457,10600391,0.0,0.0
2008-01-17,55.400001525878906,56.75,54.75,55.79999923706055,44.481056213378906,8404744,0.0,0.0
2008-01-18,55.95000076293945,55.95000076293945,52.099998474121094,52.599998474121094,41.930171966552734,4855552,0.0,0.0
2008-01-21,52.5,52.599998474121094,42.20000076293945,48.099998474121094,38.342987060546875,6311222,0.0,0.0
2008-01-22,45.0,48.79999923706055,36.0,43.099998474121094,34.35723114013672,2468165,0.0,0.0
2008-01-23,40.0,49.849998474121094,40.0,47.5,37.86469650268555,3407823,0.0,0.0
2008-01-24,50.45000076293945,50.45000076293945,45.04999923706055,45.75,36.469688415527344,3109280,0.0,0.0
2008-01-25,46.0,50.04999923706055,45.75,49.25,39.25971221923828,1979138,0.0,0.0
2008-01-28,48.0,48.349998474121094,45.25,47.79999923706055,38.103843688964844,1389563,0.0,0.0
2008-01-29,49.29999923706055,49.400001525878906,46.79999923706055,47.599998474121094,37.94441604614258,966899,0.0,0.0
2008-01-30,47.95000076293945,47.95000076293945,45.29999923706055,45.29999923706055,36.1109619140625,726543,0.0,0.0
2008-01-31,44.0,46.599998474121094,44.0,44.599998474121094,35.55295944213867,1257757,0.0,0.0
2008-02-01,45.79999923706055,50.349998474121094,43.75,48.70000076293945,38.82128143310547,2908233,0.0,0.0
2008-02-04,49.5,51.0,49.099998474121094,49.54999923706055,39.49885177612305,2245530,0.0,0.0
2008-02-05,49.29999923706055,51.20000076293945,48.20000076293945,49.95000076293945,39.81771469116211,3675368,0.0,0.0
2008-02-06,49.0,49.0,45.20000076293945,48.20000076293945,38.42271041870117,1633855,0.0,0.0
2008-02-07,47.099998474121094,50.29999923706055,46.400001525878906,47.0,37.46611022949219,1517507,0.0,0.0
2008-02-08,47.45000076293945,47.95000076293945,45.54999923706055,46.0,36.668968200683594,1065495,0.0,0.0
2008-02-11,46.0,46.0,42.0,42.599998474121094,33.958656311035156,1015830,0.0,0.0
2008-02-12,42.599998474121094,45.25,41.099998474121094,44.0,35.07466125488281,2070809,0.0,0.0
2008-02-13,44.900001525878906,45.79999923706055,42.5,42.900001525878906,34.19779586791992,1036576,0.0,0.0
2008-02-14,43.75,47.400001525878906,43.75,46.849998474121094,37.346553802490234,1566551,0.0,0.0
2008-02-15,46.79999923706055,46.79999923706055,44.599998474121094,46.04999923706055,36.70882797241211,1030623,0.0,0.0
2008-02-18,45.900001525878906,47.099998474121094,45.5,45.900001525878906,36.589263916015625,1168807,0.0,0.0
2008-02-19,46.099998474121094,47.25,45.25,45.5,36.270389556884766,600542,0.0,0.0
2008-02-20,45.0,46.95000076293945,45.0,45.29999923706055,36.1109619140625,1477053,0.0,0.0
2008-02-21,46.20000076293945,46.400001525878906,45.04999923706055,45.20000076293945,36.03125,585309,0.0,0.0
2008-02-22,45.20000076293945,45.20000076293945,44.0,44.5,35.47323989868164,411542,0.0,0.0
2008-02-25,45.099998474121094,45.29999923706055,44.0,44.150001525878906,35.194244384765625,403226,0.0,0.0
2008-02-26,44.900001525878906,45.0,44.349998474121094,44.5,35.47323989868164,481649,0.0,0.0
2008-02-27,44.95000076293945,46.0,44.75,45.29999923706055,36.1109619140625,846771,0.0,0.0
2008-02-28,45.0,45.79999923706055,44.54999923706055,45.349998474121094,36.15082550048828,535113,0.0,0.0
2008-02-29,45.400001525878906,45.45000076293945,41.75,43.900001525878906,34.99495315551758,1531453,0.0,0.0
2008-03-03,43.0,44.900001525878906,41.849998474121094,43.099998474121094,34.35723114013672,909486,0.0,0.0
2008-03-04,43.150001525878906,44.29999923706055,42.20000076293945,42.650001525878906,33.99851989746094,1002797,0.0,0.0
2008-03-05,42.04999923706055,45.0,42.04999923706055,44.20000076293945,35.234100341796875,1116351,0.0,0.0
2008-03-07,43.849998474121094,43.849998474121094,41.5,43.150001525878906,34.39708709716797,1066142,0.0,0.0
2008-03-10,41.150001525878906,42.75,40.20000076293945,42.29999923706055,33.71950912475586,1032153,0.0,0.0
2008-03-11,42.29999923706055,43.400001525878906,41.25,42.45000076293945,33.83908462524414,808784,0.0,0.0
2008-03-12,44.29999923706055,44.79999923706055,41.0,41.400001525878906,33.002079010009766,1198784,0.0,0.0
2008-03-13,41.400001525878906,41.400001525878906,39.0,39.5,31.487478256225586,1551944,0.0,0.0
2008-03-14,41.0,41.04999923706055,38.45000076293945,39.79999923706055,31.726633071899414,730964,0.0,0.0
2008-03-17,38.0,40.0,35.25,38.70000076293945,30.849756240844727,564518,0.0,0.0
2008-03-18,38.0,38.70000076293945,36.099998474121094,36.5,29.096027374267578,668589,0.0,0.0
2008-03-19,38.400001525878906,38.599998474121094,36.70000076293945,37.099998474121094,29.57431983947754,1115712,0.0,0.0
2008-03-24,36.650001525878906,38.20000076293945,35.099998474121094,37.45000076293945,29.85332489013672,929547,0.0,0.0
2008-03-25,38.0,44.95000076293945,37.25,43.04999923706055,34.31736755371094,1921674,0.0,0.0
2008-03-26,44.0,44.599998474121094,41.099998474121094,41.70000076293945,33.24121856689453,908599,0.0,0.0
2008-03-27,41.04999923706055,42.20000076293945,40.5,41.099998474121094,32.76292419433594,514967,0.0,0.0
2008-03-28,41.0,42.25,40.75,42.0,33.48035430908203,438240,0.0,0.0
2008-03-31,41.5,43.349998474121094,41.0,41.29999923706055,32.92235565185547,563731,0.0,0.0
2008-04-01,42.5,42.5,40.54999923706055,41.25,32.88249588012695,274432,0.0,0.0
2008-04-02,43.0,43.5,41.0,41.25,32.88249588012695,365279,0.0,0.0
2008-04-03,41.0,41.650001525878906,39.70000076293945,39.95000076293945,31.846200942993164,303407,0.0,0.0
2008-04-04,39.5,40.45000076293945,39.20000076293945,39.70000076293945,31.64691925048828,236857,0.0,0.0
2008-04-07,41.0,41.0,39.099998474121094,40.0,31.88605308532715,413034,0.0,0.0
2008-04-08,40.0,42.0,39.599998474121094,40.79999923706055,32.52378463745117,646787,0.0,0.0
2008-04-09,40.349998474121094,41.400001525878906,40.20000076293945,41.04999923706055,32.72306823730469,315408,0.0,0.0
2008-04-10,41.099998474121094,41.29999923706055,40.599998474121094,40.900001525878906,32.60350036621094,233693,0.0,0.0
2008-04-11,41.20000076293945,41.29999923706055,40.150001525878906,40.29999923706055,32.12519836425781,196082,0.0,0.0
2008-04-15,40.099998474121094,41.29999923706055,39.70000076293945,41.04999923706055,32.72306823730469,292077,0.0,0.0
2008-04-16,41.79999923706055,44.0,41.400001525878906,43.400001525878906,34.59637451171875,1080103,0.0,0.0
2008-04-17,44.0,44.5,42.650001525878906,42.900001525878906,34.19779586791992,616964,0.0,0.0
2008-04-21,43.599998474121094,44.54999923706055,42.849998474121094,43.54999923706055,34.715946197509766,1416892,0.0,0.0
2008-04-22,43.0,47.099998474121094,42.849998474121094,46.04999923706055,36.70882797241211,2931689,0.0,0.0
2008-04-23,46.25,47.29999923706055,45.099998474121094,46.29999923706055,36.908111572265625,831712,0.0,0.0
2008-04-24,46.599998474121094,46.849998474121094,44.5,44.79999923706055,35.71238708496094,694053,0.0,0.0
2008-04-25,45.0,46.0,44.25,45.650001525878906,36.38997268676758,581124,0.0,0.0
2008-04-28,46.0,46.400001525878906,45.04999923706055,45.79999923706055,36.50953674316406,500444,0.0,0.0
2008-04-29,45.25,46.400001525878906,45.099998474121094,45.54999923706055,36.31025695800781,339118,0.0,0.0
2008-04-30,45.650001525878906,46.400001525878906,45.5,45.849998474121094,36.549400329589844,546836,0.0,0.0
2008-05-02,46.099998474121094,47.95000076293945,46.04999923706055,47.150001525878906,37.585697174072266,1121872,0.0,0.0
2008-05-05,47.95000076293945,48.400001525878906,46.54999923706055,47.0,37.46611022949219,970420,0.0,0.0
2008-05-06,46.29999923706055,47.5,46.25,46.75,37.266841888427734,605221,0.0,0.0
2008-05-07,47.5,47.5,46.0,46.25,36.86825942993164,780628,0.0,0.0
2008-05-08,46.25,46.75,45.150001525878906,46.45000076293945,37.027687072753906,740513,0.0,0.0
2008-05-09,47.0,47.5,43.20000076293945,43.54999923706055,34.715946197509766,3991415,0.0,0.0
2008-05-12,43.099998474121094,43.75,41.849998474121094,42.400001525878906,33.79922866821289,777848,0.0,0.0
2008-05-13,44.150001525878906,44.150001525878906,42.25,42.5,33.87893295288086,672739,0.0,0.0
2008-05-14,42.75,43.0,42.0,42.75,34.078224182128906,367275,0.0,0.0
2008-05-15,43.5,44.900001525878906,43.099998474121094,44.54999923706055,35.51309585571289,1150092,0.0,0.0
2008-05-16,44.75,45.349998474121094,43.5,43.650001525878906,34.7956657409668,447393,0.0,0.0
2008-05-20,44.0,44.70000076293945,43.150001525878906,43.599998474121094,34.755802154541016,470659,0.0,0.0
2008-05-21,43.70000076293945,44.95000076293945,43.099998474121094,44.70000076293945,35.63267135620117,675617,0.0,0.0
2008-05-22,44.29999923706055,44.599998474121094,43.5,43.849998474121094,34.95509719848633,324417,0.0,0.0
2008-05-23,44.349998474121094,44.349998474121094,43.0,43.349998474121094,34.55651092529297,378926,0.0,0.0
2008-05-26,40.5,44.25,40.5,42.25,33.67965316772461,1181726,0.0,0.0
2008-05-27,42.75,43.0,40.70000076293945,41.0,32.683204650878906,401051,0.0,0.0
2008-05-28,41.5,41.900001525878906,40.5,40.95000076293945,32.64335632324219,316587,0.0,0.0
2008-05-29,42.599998474121094,44.5,41.099998474121094,43.650001525878906,34.7956657409668,1800582,0.0,0.0
2008-05-30,43.79999923706055,44.25,42.099998474121094,42.29999923706055,33.71950912475586,355506,0.0,0.0
2008-06-02,42.45000076293945,42.79999923706055,40.5,40.70000076293945,32.44407272338867,308033,0.0,0.0
2008-06-03,40.5,40.70000076293945,38.04999923706055,39.75,31.68677520751953,358517,0.0,0.0
2008-06-04,40.0,40.900001525878906,38.5,38.95000076293945,31.049049377441406,310922,0.0,0.0
2008-06-05,39.0,39.20000076293945,38.29999923706055,38.79999923706055,30.929479598999023,253795,0.0,0.0
2008-06-06,39.75,39.79999923706055,37.75,38.0,30.2917537689209,445605,0.0,0.0
2008-06-09,37.04999923706055,37.900001525878906,34.75,37.25,29.69389533996582,635702,0.0,0.0
2008-06-10,37.0,38.150001525878906,36.29999923706055,37.849998474121094,30.172189712524414,482779,0.0,0.0
2008-06-11,38.349998474121094,39.0,37.599998474121094,38.29999923706055,30.530906677246094,177704,0.0,0.0
2008-06-12,37.5,38.650001525878906,36.150001525878906,38.25,30.491056442260742,175229,0.0,0.0
2008-06-13,38.29999923706055,40.70000076293945,38.0,39.45000076293945,31.447633743286133,414897,0.0,0.0
2008-06-16,39.54999923706055,41.0,39.0,39.150001525878906,31.208480834960938,188318,0.0,0.0
2008-06-17,39.0,40.0,38.75,39.70000076293945,31.64691925048828,235823,0.0,0.0
2008-06-18,39.70000076293945,40.45000076293945,39.0,39.150001525878906,31.208480834960938,265120,0.0,0.0
2008-06-19,39.70000076293945,39.70000076293945,38.099998474121094,38.20000076293945,30.451194763183594,168237,0.0,0.0
2008-06-20,38.79999923706055,39.0,36.45000076293945,36.650001525878906,29.215604782104492,243860,0.0,0.0
2008-06-23,36.0,36.0,34.25,34.95000076293945,27.860445022583008,282542,0.0,0.0
2008-06-24,34.79999923706055,35.70000076293945,34.04999923706055,34.29999923706055,27.34229850769043,192983,0.0,0.0
2008-06-25,34.0,34.400001525878906,31.149999618530273,33.54999923706055,26.744428634643555,456135,0.0,0.0
2008-06-26,33.650001525878906,34.650001525878906,33.5,33.95000076293945,27.06329345703125,196825,0.0,0.0
2008-06-27,32.150001525878906,35.900001525878906,32.150001525878906,34.400001525878906,27.8319091796875,621705,0.5,0.0
2008-06-30,34.400001525878906,35.0,31.25,32.45000076293945,26.254226684570312,509531,0.0,0.0
2008-07-01,34.0,34.0,30.0,30.149999618530273,24.39337158203125,387546,0.0,0.0
2008-07-02,31.0,31.0,27.799999237060547,30.600000381469727,24.75745391845703,424309,0.0,0.0
2008-07-03,31.0,31.0,29.149999618530273,29.600000381469727,23.948381423950195,188516,0.0,0.0
2008-07-04,30.0,30.149999618530273,28.899999618530273,29.700000762939453,24.029293060302734,272594,0.0,0.0
2008-07-07,30.5,32.54999923706055,30.0,31.399999618530273,25.404706954956055,359670,0.0,0.0
2008-07-08,30.5,33.20000076293945,30.0,31.549999237060547,25.52606201171875,662568,0.0,0.0
2008-07-09,33.25,33.25,32.150001525878906,32.45000076293945,26.254226684570312,286466,0.0,0.0
2008-07-10,31.799999237060547,32.95000076293945,31.799999237060547,31.950000762939453,25.849693298339844,410148,0.0,0.0
2008-07-11,32.0,33.099998474121094,31.950000762939453,32.400001525878906,26.213777542114258,462120,0.0,0.0
2008-07-14,32.0,32.900001525878906,31.549999237060547,32.349998474121094,26.173316955566406,208341,0.0,0.0
2008-07-15,32.0,32.349998474121094,31.0,31.450000762939453,25.445158004760742,435288,0.0,0.0
2008-07-16,31.200000762939453,32.099998474121094,30.549999237060547,30.850000381469727,24.959718704223633,234826,0.0,0.0
2008-07-17,31.149999618530273,32.0,30.649999618530273,30.950000762939453,25.040632247924805,212528,0.0,0.0
2008-07-18,31.700000762939453,31.899999618530273,30.5,30.899999618530273,25.000173568725586,571375,0.0,0.0
2008-07-21,31.049999237060547,31.399999618530273,29.799999237060547,29.950000762939453,24.23155975341797,214182,0.0,0.0
2008-07-22,29.899999618530273,31.25,29.899999618530273,30.700000762939453,24.838356018066406,287818,0.0,0.0
2008-07-23,31.799999237060547,32.20000076293945,30.75,30.950000762939453,25.040632247924805,1093733,0.0,0.0
2008-07-24,30.25,31.850000381469727,30.25,31.0,25.081079483032227,394865,0.0,0.0
2008-07-25,30.799999237060547,31.600000381469727,30.450000762939453,31.200000762939453,25.24289321899414,580016,0.0,0.0
2008-07-28,31.25,31.5,30.649999618530273,30.850000381469727,24.959718704223633,273719,0.0,0.0
2008-07-29,30.100000381469727,31.600000381469727,30.049999237060547,30.450000762939453,24.636091232299805,553722,0.0,0.0
2008-07-30,30.549999237060547,31.299999237060547,30.350000381469727,30.450000762939453,24.636091232299805,292046,0.0,0.0
2008-07-31,29.0,30.850000381469727,29.0,30.350000381469727,24.555185317993164,219193,0.0,0.0
2008-08-01,30.399999618530273,30.600000381469727,29.399999618530273,29.649999618530273,23.98883819580078,958972,0.0,0.0
2008-08-04,30.200000762939453,30.299999237060547,29.100000381469727,29.399999618530273,23.78657341003418,1107975,0.0,0.0
2008-08-05,30.0,32.0,29.5,31.5,25.485612869262695,4009206,0.0,0.0
2008-08-06,32.599998474121094,33.75,31.799999237060547,32.45000076293945,26.254226684570312,3585040,0.0,0.0
2008-08-07,33.0,33.45000076293945,32.150001525878906,32.849998474121094,26.577848434448242,1391050,0.0,0.0
2008-08-08,32.5,35.04999923706055,32.25,33.900001525878906,27.427379608154297,2768244,0.0,0.0
2008-08-11,34.400001525878906,35.400001525878906,34.349998474121094,35.0,28.31734275817871,1518808,0.0,0.0
2008-08-12,35.0,35.349998474121094,34.29999923706055,34.599998474121094,27.99371910095215,762691,0.0,0.0
2008-08-13,34.0,37.20000076293945,34.0,36.150001525878906,29.247774124145508,2457351,0.0,0.0
2008-08-14,35.900001525878906,37.20000076293945,35.25,36.04999923706055,29.166868209838867,1013369,0.0,0.0
2008-08-18,35.0,35.70000076293945,34.849998474121094,35.400001525878906,28.64097785949707,506047,0.0,0.0
2008-08-19,35.04999923706055,35.900001525878906,34.400001525878906,35.349998474121094,28.600522994995117,1131108,0.0,0.0
2008-08-20,35.900001525878906,37.95000076293945,35.349998474121094,36.79999923706055,29.77366828918457,982651,0.0,0.0
2008-08-21,37.0,37.099998474121094,36.0,36.400001525878906,29.450040817260742,475677,0.0,0.0
2008-08-22,36.349998474121094,36.900001525878906,35.70000076293945,36.5,29.53094482421875,368710,0.0,0.0
2008-08-25,37.099998474121094,38.79999923706055,36.70000076293945,37.95000076293945,30.704097747802734,980529,0.0,0.0
2008-08-26,38.04999923706055,41.04999923706055,38.0,40.25,32.56494903564453,1763844,0.0,0.0
2008-08-27,40.5,41.0,39.349998474121094,39.54999923706055,31.99860382080078,659214,0.0,0.0
2008-08-28,39.5,40.79999923706055,39.20000076293945,40.04999923706055,32.403133392333984,636893,0.0,0.0
2008-08-29,40.900001525878906,40.900001525878906,39.150001525878906,39.349998474121094,31.836780548095703,2227655,0.0,0.0
2008-09-01,39.0,39.0,37.650001525878906,38.20000076293945,30.906368255615234,460375,0.0,0.0
2008-09-02,38.349998474121094,39.099998474121094,37.54999923706055,38.20000076293945,30.906368255615234,996594,0.0,0.0
2008-09-04,38.5,39.5,36.5,37.04999923706055,29.975933074951172,955882,0.0,0.0
2008-09-05,37.0,38.45000076293945,36.54999923706055,36.849998474121094,29.814119338989258,940571,0.0,0.0
2008-09-08,37.0,41.900001525878906,37.0,37.79999923706055,30.582735061645508,679724,0.0,0.0
2008-09-09,37.79999923706055,38.900001525878906,37.04999923706055,37.599998474121094,30.420921325683594,1091804,0.0,0.0
2008-09-10,37.150001525878906,37.900001525878906,37.150001525878906,37.54999923706055,30.380470275878906,2373390,0.0,0.0
2008-09-11,37.900001525878906,39.95000076293945,37.150001525878906,38.04999923706055,30.785001754760742,7212802,0.0,0.0
2008-09-12,38.5,40.0,37.04999923706055,37.29999923706055,30.17820930480957,5056511,0.0,0.0
2008-09-15,37.150001525878906,37.150001525878906,35.150001525878906,36.79999923706055,29.77366828918457,1865077,0.0,0.0
2008-09-16,36.0,36.75,35.5,36.54999923706055,29.571401596069336,348440,0.0,0.0
2008-09-17,36.099998474121094,36.79999923706055,35.5,35.900001525878906,29.04551124572754,268845,0.0,0.0
2008-09-18,35.099998474121094,36.599998474121094,28.75,36.349998474121094,29.409587860107422,577942,0.0,0.0
2008-09-19,36.95000076293945,37.5,36.0,36.599998474121094,29.61185646057129,432797,0.0,0.0
2008-09-22,37.0,39.04999923706055,36.150001525878906,38.099998474121094,30.82546043395996,752125,0.0,0.0
2008-09-23,37.599998474121094,40.0,37.099998474121094,38.75,31.351354598999023,8834135,0.0,0.0
2008-09-24,38.54999923706055,39.20000076293945,38.04999923706055,38.54999923706055,31.18954086303711,743258,0.0,0.0
2008-09-25,38.150001525878906,39.70000076293945,38.04999923706055,38.5,31.149080276489258,771331,0.0,0.0
2008-09-26,38.20000076293945,38.75,36.5,37.150001525878906,30.05684471130371,349095,0.0,0.0
2008-09-29,37.0,37.0,35.5,35.95000076293945,29.085966110229492,1206170,0.0,0.0
2008-09-30,34.0,38.0,33.900001525878906,37.5,30.34001922607422,491830,0.0,0.0
2008-10-01,37.75,38.599998474121094,37.0,37.95000076293945,30.704097747802734,1190079,0.0,0.0
2008-10-03,38.0,38.349998474121094,36.099998474121094,36.54999923706055,29.571401596069336,282555,0.0,0.0
2008-10-06,36.650001525878906,39.0,35.5,37.0,29.93547821044922,585497,0.0,0.0
2008-10-07,37.599998474121094,38.29999923706055,34.79999923706055,35.599998474121094,28.80278968811035,639030,0.0,0.0
2008-10-08,34.20000076293945,35.900001525878906,33.29999923706055,34.0,27.50828742980957,759115,0.0,0.0
2008-10-10,33.0,34.25,31.0,33.29999923706055,26.94192886352539,436849,0.0,0.0
2008-10-13,34.0,34.599998474121094,32.95000076293945,33.5,27.103744506835938,362545,0.0,0.0
2008-10-14,34.0,37.0,34.0,36.45000076293945,29.490495681762695,594171,0.0,0.0
2008-10-15,35.95000076293945,36.5,35.29999923706055,36.04999923706055,29.166868209838867,222812,0.0,0.0
2008-10-16,33.0,35.0,33.0,34.04999923706055,27.548730850219727,209064,0.0,0.0
2008-10-17,34.650001525878906,35.5,33.150001525878906,33.70000076293945,27.26555824279785,237416,0.0,0.0
2008-10-20,34.0,34.0,31.0,32.29999923706055,26.132869720458984,548017,0.0,0.0
2008-10-21,33.79999923706055,34.25,32.70000076293945,33.650001525878906,27.225109100341797,261673,0.0,0.0
2008-10-22,32.099998474121094,34.79999923706055,28.100000381469727,31.200000762939453,25.24289321899414,1378174,0.0,0.0
2008-10-23,29.700000762939453,29.950000762939453,27.5,27.950000762939453,22.613426208496094,596008,0.0,0.0
2008-10-24,27.0,27.549999237060547,24.549999237060547,25.0,20.2266788482666,438274,0.0,0.0
2008-10-27,24.5,26.899999618530273,21.100000381469727,23.25,18.810808181762695,693375,0.0,0.0
2008-10-29,25.850000381469727,26.399999618530273,21.75,22.600000381469727,18.284915924072266,677651,0.0,0.0
2008-10-31,23.700000762939453,24.5,20.950000762939453,22.799999237060547,18.446727752685547,2863763,0.0,0.0
2008-11-03,24.850000381469727,25.899999618530273,23.950000762939453,24.350000381469727,19.70078468322754,2428266,0.0,0.0
2008-11-04,24.799999237060547,25.350000381469727,24.049999237060547,24.649999618530273,19.943504333496094,1499676,0.0,0.0
2008-11-05,25.0,25.850000381469727,23.799999237060547,25.200000762939453,20.388490676879883,1864928,0.0,0.0
2008-11-06,24.100000381469727,25.25,23.200000762939453,24.549999237060547,19.86259651184082,836088,0.0,0.0
2008-11-07,25.0,26.299999237060547,23.549999237060547,25.799999237060547,20.873926162719727,400794,0.0,0.0
2008-11-10,26.0,26.75,25.549999237060547,26.25,21.238012313842773,756939,0.0,0.0
2008-11-11,26.149999618530273,27.350000381469727,25.549999237060547,26.100000381469727,21.116649627685547,934546,0.0,0.0
2008-11-12,25.450000762939453,25.899999618530273,24.75,25.600000381469727,20.71211814880371,1786532,0.0,0.0
2008-11-14,25.0,25.899999618530273,24.100000381469727,25.200000762939453,20.388490676879883,2799544,0.0,0.0
2008-11-17,25.5,26.549999237060547,24.399999618530273,25.200000762939453,20.388490676879883,2270772,0.0,0.0
2008-11-18,25.100000381469727,25.100000381469727,18.299999237060547,22.399999618530273,18.123104095458984,2824570,0.0,0.0
2008-11-19,22.0,23.75,21.799999237060547,22.25,18.00174331665039,369084,0.0,0.0
2008-11-20,21.049999237060547,22.600000381469727,20.0,22.149999618530273,17.920835494995117,250039,0.0,0.0
2008-11-21,21.5,23.149999618530273,21.5,22.5,18.20401382446289,499571,0.0,0.0
2008-11-24,22.149999618530273,23.0,21.649999618530273,21.899999618530273,17.718570709228516,231433,0.0,0.0
2008-11-25,21.899999618530273,22.75,21.75,22.200000762939453,17.96129035949707,140770,0.0,0.0
2008-11-26,22.5,22.5,20.399999618530273,21.5,17.394941329956055,590414,0.0,0.0
2008-11-27,21.5,21.5,21.5,21.5,17.394941329956055,0,0.0,0.0
2008-11-28,21.649999618530273,21.649999618530273,20.549999237060547,21.049999237060547,17.03085708618164,58000,0.0,0.0
2008-12-01,21.5,21.5,20.5,20.5,16.585874557495117,193953,0.0,0.0
2008-12-02,20.5,21.0,19.75,20.25,16.383607864379883,370921,0.0,0.0
2008-12-03,20.899999618530273,21.049999237060547,20.0,20.899999618530273,16.90949821472168,423950,0.0,0.0
2008-12-04,20.899999618530273,21.049999237060547,20.600000381469727,20.950000762939453,16.949954986572266,439936,0.0,0.0
2008-12-05,21.0,21.0,20.299999237060547,20.450000762939453,16.545421600341797,166968,0.0,0.0
2008-12-08,20.75,21.5,20.200000762939453,20.450000762939453,16.545421600341797,193978,0.0,0.0
2008-12-10,21.0,21.0,19.950000762939453,20.25,16.383607864379883,784975,0.0,0.0
2008-12-11,20.25,21.0,18.799999237060547,19.299999237060547,15.614995002746582,1039135,0.0,0.0
2008-12-12,19.25,19.950000762939453,18.649999618530273,19.0,15.372274398803711,1501368,0.0,0.0
2008-12-15,19.100000381469727,20.200000762939453,18.799999237060547,19.649999618530273,15.898167610168457,1916049,0.0,0.0
2008-12-16,19.100000381469727,20.75,18.700000762939453,20.200000762939453,16.343158721923828,578059,0.0,0.0
2008-12-17,20.600000381469727,21.5,19.5,19.899999618530273,16.100435256958008,901005,0.0,0.0
2008-12-18,19.649999618530273,20.25,19.549999237060547,19.850000381469727,16.059980392456055,500967,0.0,0.0
2008-12-19,20.0,20.5,19.600000381469727,19.850000381469727,16.059980392456055,462586,0.0,0.0
2008-12-22,20.149999618530273,20.799999237060547,19.350000381469727,19.450000762939453,15.736353874206543,686532,0.0,0.0
2008-12-23,19.5,19.899999618530273,18.399999618530273,19.049999237060547,15.41273021697998,766712,0.0,0.0
2008-12-24,19.0,19.399999618530273,18.5,19.200000762939453,15.534090042114258,651117,0.0,0.0
2008-12-26,19.75,19.850000381469727,18.200000762939453,18.649999618530273,15.089104652404785,792952,0.0,0.0
2008-12-29,19.0,19.0,18.450000762939453,18.799999237060547,15.210460662841797,319808,0.0,0.0
2008-12-30,19.950000762939453,20.200000762939453,18.799999237060547,20.0,16.18134117126465,983384,0.0,0.0
2008-12-31,20.5,20.5,19.700000762939453,19.850000381469727,16.059980392456055,2347866,0.0,0.0
2009-01-02,20.799999237060547,20.850000381469727,20.0,20.100000381469727,16.262250900268555,911861,0.0,0.0
2009-01-05,20.799999237060547,20.799999237060547,20.149999618530273,20.299999237060547,16.424057006835938,1438884,0.0,0.0
2009-01-06,20.5,20.850000381469727,20.200000762939453,20.75,16.78813934326172,1630665,0.0,0.0
2009-01-07,20.899999618530273,21.200000762939453,19.0,19.450000762939453,15.736353874206543,1192378,0.0,0.0
2009-01-09,18.0,19.450000762939453,18.0,18.950000762939453,15.331825256347656,633166,0.0,0.0
2009-01-12,19.200000762939453,19.200000762939453,18.450000762939453,18.5,14.96773910522461,510935,0.0,0.0
2009-01-13,18.600000381469727,18.799999237060547,18.200000762939453,18.299999237060547,14.805928230285645,183653,0.0,0.0
2009-01-14,18.5,19.75,18.450000762939453,19.399999618530273,15.695901870727539,509662,0.0,0.0
2009-01-15,19.0,19.700000762939453,18.299999237060547,19.399999618530273,15.695901870727539,356493,0.0,0.0
2009-01-16,19.450000762939453,19.700000762939453,19.0,19.149999618530273,15.493633270263672,302963,0.0,0.0
2009-01-19,19.5,19.5,18.75,19.049999237060547,15.41273021697998,241248,0.0,0.0
2009-01-20,18.5,19.350000381469727,18.5,19.100000381469727,15.453184127807617,347318,0.0,0.0
2009-01-21,18.700000762939453,19.149999618530273,18.5,18.5,14.96773910522461,192274,0.0,0.0
2009-01-22,18.950000762939453,18.950000762939453,18.049999237060547,18.149999618530273,14.684565544128418,248366,0.0,0.0
2009-01-23,18.25,18.299999237060547,17.5,17.799999237060547,14.401394844055176,207363,0.0,0.0
2009-01-27,18.0,18.0,17.600000381469727,17.700000762939453,14.320488929748535,137969,0.0,0.0
2009-01-28,18.049999237060547,18.049999237060547,17.549999237060547,17.649999618530273,14.280031204223633,121436,0.0,0.0
2009-01-29,19.0,19.0,16.799999237060547,17.149999618530273,13.875503540039062,476932,0.0,0.0
2009-01-30,17.0,17.649999618530273,16.799999237060547,17.549999237060547,14.199125289916992,144330,0.0,0.0
2009-02-02,17.600000381469727,18.100000381469727,17.25,17.549999237060547,14.199125289916992,264419,0.0,0.0
2009-02-03,17.600000381469727,17.950000762939453,17.25,17.350000381469727,14.03731632232666,98512,0.0,0.0
2009-02-04,17.299999237060547,17.75,17.0,17.200000762939453,13.91595458984375,158676,0.0,0.0
2009-02-05,17.0,17.299999237060547,17.0,17.049999237060547,13.794593811035156,155379,0.0,0.0
2009-02-06,17.100000381469727,17.299999237060547,16.899999618530273,17.0,13.754143714904785,200595,0.0,0.0
2009-02-09,17.100000381469727,17.299999237060547,16.850000381469727,16.950000762939453,13.713689804077148,233261,0.0,0.0
2009-02-10,17.100000381469727,17.149999618530273,16.899999618530273,17.049999237060547,13.794593811035156,795676,0.0,0.0
2009-02-11,16.899999618530273,17.149999618530273,16.899999618530273,16.950000762939453,13.713689804077148,136832,0.0,0.0
2009-02-12,17.100000381469727,17.850000381469727,16.850000381469727,17.200000762939453,13.91595458984375,564726,0.0,0.0
2009-02-13,17.5,17.850000381469727,17.25,17.600000381469727,14.239583015441895,310149,0.0,0.0
2009-02-16,17.850000381469727,17.850000381469727,17.200000762939453,17.450000762939453,14.118220329284668,380908,0.0,0.0
2009-02-17,17.100000381469727,17.5,16.799999237060547,16.850000381469727,13.632779121398926,212507,0.0,0.0
2009-02-18,16.649999618530273,17.049999237060547,16.649999618530273,16.799999237060547,13.592326164245605,135964,0.0,0.0
2009-02-19,17.200000762939453,17.200000762939453,16.649999618530273,16.700000762939453,13.511421203613281,95231,0.0,0.0
2009-02-20,16.700000762939453,16.700000762939453,16.200000762939453,16.299999237060547,13.187793731689453,171838,0.0,0.0
2009-02-24,16.0,16.299999237060547,13.600000381469727,15.949999809265137,12.904619216918945,218364,0.0,0.0
2009-02-25,16.700000762939453,16.950000762939453,15.300000190734863,15.550000190734863,12.58099365234375,298054,0.0,0.0
2009-02-26,15.600000381469727,15.899999618530273,14.800000190734863,15.050000190734863,12.176459312438965,2460563,0.0,0.0
2009-02-27,15.050000190734863,15.25,14.850000381469727,15.050000190734863,12.176459312438965,145701,0.0,0.0
2009-03-02,15.399999618530273,21.0,14.75,18.450000762939453,14.927286148071289,3409335,0.0,0.0
2009-03-03,17.0,19.149999618530273,16.549999237060547,18.200000762939453,14.725020408630371,6831689,0.0,0.0
2009-03-04,18.649999618530273,18.649999618530273,17.0,17.100000381469727,13.835047721862793,831527,0.0,0.0
2009-03-05,17.5,17.799999237060547,14.75,15.399999618530273,12.459633827209473,891583,0.0,0.0
2009-03-06,14.899999618530273,15.899999618530273,14.899999618530273,15.350000381469727,12.419178009033203,528219,0.0,0.0
2009-03-09,14.649999618530273,16.25,14.649999618530273,15.75,12.742806434631348,463909,0.0,0.0
2009-03-12,15.949999809265137,16.399999618530273,15.050000190734863,15.25,12.338273048400879,519229,0.0,0.0
2009-03-13,15.399999618530273,15.800000190734863,15.050000190734863,15.350000381469727,12.419178009033203,1597468,0.0,0.0
2009-03-16,15.649999618530273,16.5,15.5,16.049999237060547,12.985526084899902,987054,0.0,0.0
2009-03-17,16.25,16.600000381469727,16.049999237060547,16.450000762939453,13.30915355682373,2159929,0.0,0.0
2009-03-18,16.5,18.5,16.5,18.149999618530273,14.684565544128418,1097712,0.0,0.0
2009-03-19,18.299999237060547,19.799999237060547,17.149999618530273,18.25,14.765472412109375,6481391,0.0,0.0
2009-03-20,18.5,19.149999618530273,18.0,18.25,14.765472412109375,1713691,0.0,0.0
2009-03-23,18.850000381469727,18.850000381469727,17.5,17.850000381469727,14.441845893859863,744766,0.0,0.0
2009-03-24,18.399999618530273,18.399999618530273,17.350000381469727,17.75,14.360939979553223,841106,0.0,0.0
2009-03-25,17.5,17.899999618530273,17.0,17.25,13.956405639648438,395480,0.0,0.0
2009-03-26,17.5,17.700000762939453,17.25,17.549999237060547,14.199125289916992,334708,0.0,0.0
2009-03-27,17.799999237060547,18.149999618530273,17.450000762939453,17.850000381469727,14.441845893859863,501063,0.0,0.0
2009-03-30,17.0,17.799999237060547,17.0,17.100000381469727,13.835047721862793,232000,0.0,0.0
2009-03-31,17.100000381469727,18.600000381469727,17.0,18.25,14.765472412109375,683224,0.0,0.0
2009-04-01,18.299999237060547,18.799999237060547,17.799999237060547,18.350000381469727,14.846379280090332,725186,0.0,0.0
2009-04-02,19.5,19.899999618530273,18.549999237060547,19.649999618530273,15.898167610168457,1368972,0.0,0.0
2009-04-06,19.700000762939453,21.700000762939453,19.549999237060547,19.649999618530273,15.898167610168457,525336,0.0,0.0
2009-04-08,18.700000762939453,20.5,18.649999618530273,20.149999618530273,16.30270004272461,841900,0.0,0.0
2009-04-09,20.399999618530273,20.5,19.700000762939453,20.0,16.18134117126465,536856,0.0,0.0
2009-04-13,20.0,23.600000381469727,20.0,22.399999618530273,18.123104095458984,1722085,0.0,0.0
2009-04-15,22.5,23.799999237060547,22.299999237060547,23.049999237060547,18.648996353149414,2127034,0.0,0.0
2009-04-16,23.649999618530273,23.850000381469727,20.299999237060547,22.0,17.79947280883789,2027388,0.0,0.0
2009-04-17,22.149999618530273,23.5,21.5,22.100000381469727,17.880380630493164,694881,0.0,0.0
2009-04-20,21.100000381469727,22.899999618530273,20.5,22.100000381469727,17.880380630493164,420836,0.0,0.0
2009-04-21,20.700000762939453,22.350000381469727,18.25,22.0,17.79947280883789,320243,0.0,0.0
2009-04-22,22.049999237060547,22.899999618530273,21.5,21.950000762939453,17.75902557373047,250727,0.0,0.0
2009-04-23,22.100000381469727,22.700000762939453,20.950000762939453,21.549999237060547,17.43539810180664,1763072,0.0,0.0
2009-04-24,22.0,22.399999618530273,21.600000381469727,21.75,17.59720802307129,299291,0.0,0.0
2009-04-27,22.450000762939453,22.549999237060547,21.350000381469727,22.25,18.00174331665039,307471,0.0,0.0
2009-04-28,22.0,22.450000762939453,21.0,21.200000762939453,17.1522216796875,157059,0.0,0.0
2009-04-29,21.399999618530273,22.75,20.700000762939453,21.350000381469727,17.273584365844727,2161394,0.0,0.0
2009-04-30,21.25,21.25,21.25,21.25,17.192678451538086,0,0.0,0.0
2009-05-04,21.850000381469727,23.700000762939453,21.850000381469727,23.399999618530273,18.93216323852539,1518520,0.0,0.0
2009-05-05,23.5,24.399999618530273,22.600000381469727,22.799999237060547,18.446727752685547,1264063,0.0,0.0
2009-05-06,23.5,24.5,22.799999237060547,23.450000762939453,18.972623825073242,1891691,0.0,0.0
2009-05-07,24.5,25.649999618530273,23.899999618530273,25.350000381469727,20.509849548339844,2678220,0.0,0.0
2009-05-08,25.899999618530273,27.5,24.899999618530273,26.600000381469727,21.521183013916016,2640638,0.0,0.0
2009-05-11,27.0,27.399999618530273,25.899999618530273,26.0,21.035743713378906,1107232,0.0,0.0
2009-05-12,25.100000381469727,26.75,25.100000381469727,26.25,21.238012313842773,963546,0.0,0.0
2009-05-13,27.899999618530273,27.899999618530273,26.0,26.25,21.238012313842773,1409207,0.0,0.0
2009-05-14,25.799999237060547,26.200000762939453,25.299999237060547,26.0,21.035743713378906,543078,0.0,0.0
2009-05-15,26.200000762939453,26.700000762939453,25.700000762939453,26.450000762939453,21.399826049804688,816149,0.0,0.0
2009-05-18,30.0,30.0,28.0,29.0,23.46294403076172,3700,0.0,0.0
2009-05-19,29.899999618530273,31.899999618530273,25.299999237060547,29.399999618530273,23.78657341003418,2733899,0.0,0.0
2009-05-20,30.399999618530273,30.399999618530273,28.75,29.299999237060547,23.705665588378906,1165582,0.0,0.0
2009-05-21,30.0,31.200000762939453,29.0,29.549999237060547,23.907930374145508,3099334,0.0,0.0
2009-05-22,30.0,30.25,29.100000381469727,29.549999237060547,23.907930374145508,1136944,0.0,0.0
2009-05-25,29.950000762939453,31.399999618530273,29.950000762939453,30.399999618530273,24.59563636779785,2456445,0.0,0.0
2009-05-26,31.0,31.5,28.399999618530273,29.149999618530273,23.584308624267578,1980730,0.0,0.0
2009-05-27,30.0,31.75,29.799999237060547,31.149999618530273,25.202436447143555,2485970,0.0,0.0
2009-05-28,33.0,33.45000076293945,31.5,32.0,25.8901424407959,3644676,0.0,0.0
2009-05-29,32.75,32.75,31.100000381469727,31.350000381469727,25.3642520904541,2406355,0.0,0.0
2009-06-01,32.0,32.29999923706055,30.899999618530273,31.100000381469727,25.1619873046875,1515981,0.0,0.0
2009-06-02,31.0,31.149999618530273,28.899999618530273,29.100000381469727,23.543851852416992,4063291,0.0,0.0
2009-06-03,29.950000762939453,30.600000381469727,29.200000762939453,29.5,23.867473602294922,2428789,0.0,0.0
2009-06-04,29.100000381469727,29.950000762939453,28.799999237060547,28.850000381469727,23.341581344604492,2919460,0.0,0.0
2009-06-05,29.399999618530273,30.399999618530273,29.200000762939453,29.549999237060547,23.907930374145508,5454229,0.0,0.0
2009-06-08,30.600000381469727,31.0,28.700000762939453,29.25,23.66521453857422,3606719,0.0,0.0
2009-06-09,28.600000381469727,30.200000762939453,28.299999237060547,29.700000762939453,24.029293060302734,3674482,0.0,0.0
2009-06-10,30.649999618530273,30.950000762939453,29.700000762939453,29.899999618530273,24.191104888916016,4247593,0.0,0.0
2009-06-11,30.399999618530273,33.400001525878906,28.25,32.400001525878906,26.213777542114258,10358784,0.0,0.0
2009-06-12,32.650001525878906,33.25,30.600000381469727,30.950000762939453,25.040632247924805,6016024,0.0,0.0
2009-06-15,30.950000762939453,32.150001525878906,30.5,31.799999237060547,25.728334426879883,3784721,0.0,0.0
2009-06-16,31.0,35.25,30.899999618530273,34.849998474121094,28.19598960876465,13682727,0.0,0.0
2009-06-17,35.75,37.400001525878906,31.0,31.700000762939453,25.647432327270508,24971314,0.0,0.0
2009-06-18,32.0,32.650001525878906,29.25,30.950000762939453,25.040632247924805,7448227,0.0,0.0
2009-06-19,31.200000762939453,32.20000076293945,30.5,31.25,25.283348083496094,3858813,0.0,0.0
2009-06-22,31.899999618530273,32.150001525878906,30.649999618530273,30.899999618530273,25.000173568725586,2746136,0.0,0.0
2009-06-23,30.0,30.75,29.25,30.350000381469727,24.555185317993164,2271956,0.0,0.0
2009-06-24,30.5,32.54999923706055,30.5,31.350000381469727,25.3642520904541,3598105,0.0,0.0
2009-06-25,31.5,32.349998474121094,31.399999618530273,31.600000381469727,25.566516876220703,2302378,0.0,0.0
2009-06-26,31.600000381469727,33.0,31.549999237060547,32.79999923706055,26.53740119934082,3268331,0.0,0.0
2009-06-29,32.099998474121094,32.849998474121094,31.5,32.099998474121094,26.332317352294922,1889482,0.45,0.0
2009-06-30,32.20000076293945,32.400001525878906,30.25,30.899999618530273,25.347932815551758,2501935,0.0,0.0
2009-07-01,31.0,32.45000076293945,30.549999237060547,32.150001525878906,26.37333869934082,2364769,0.0,0.0
2009-07-02,32.5,32.900001525878906,30.549999237060547,31.200000762939453,25.594030380249023,2448994,0.0,0.0
2009-07-03,31.600000381469727,32.20000076293945,30.299999237060547,31.100000381469727,25.511999130249023,1731163,0.0,0.0
2009-07-06,31.5,32.29999923706055,28.75,29.049999237060547,23.830337524414062,2110796,0.0,0.0
2009-07-07,29.0,30.75,28.600000381469727,30.549999237060547,25.06081771850586,1456101,0.0,0.0
2009-07-08,30.0,30.299999237060547,29.299999237060547,29.649999618530273,24.32253074645996,1928693,0.0,0.0
2009-07-09,28.0,31.5,28.0,31.100000381469727,25.511999130249023,2272162,0.0,0.0
2009-07-10,31.299999237060547,32.95000076293945,30.799999237060547,31.450000762939453,25.799108505249023,2992248,0.0,0.0
2009-07-13,31.0,31.100000381469727,29.850000381469727,30.649999618530273,25.142850875854492,1284407,0.0,0.0
2009-07-14,31.5,32.650001525878906,30.850000381469727,32.400001525878906,26.578418731689453,1656271,0.0,0.0
2009-07-15,32.75,33.95000076293945,31.799999237060547,33.20000076293945,27.23467254638672,3302922,0.0,0.0
2009-07-16,34.0,35.20000076293945,33.04999923706055,34.04999923706055,27.93194580078125,5696918,0.0,0.0
2009-07-17,35.150001525878906,36.75,34.650001525878906,35.900001525878906,29.449541091918945,5618252,0.0,0.0
2009-07-20,36.25,36.599998474121094,34.75,35.04999923706055,28.752260208129883,2522128,0.0,0.0
2009-07-21,35.349998474121094,37.349998474121094,34.599998474121094,36.900001525878906,30.26986312866211,6220233,0.0,0.0
2009-07-22,37.45000076293945,38.599998474121094,37.0,38.04999923706055,31.213228225708008,6202541,0.0,0.0
2009-07-23,38.20000076293945,39.5,36.79999923706055,37.45000076293945,30.721046447753906,9431249,0.0,0.0
2009-07-24,38.0,38.75,36.400001525878906,37.400001525878906,30.680028915405273,4440522,0.0,0.0
2009-07-27,37.75,39.75,37.5,38.95000076293945,31.95152473449707,5031638,0.0,0.0
2009-07-28,39.400001525878906,40.099998474121094,38.5,39.20000076293945,32.1566047668457,3526004,0.0,0.0
2009-07-29,39.0,39.79999923706055,36.79999923706055,38.45000076293945,31.54136085510254,2528474,0.0,0.0
2009-07-30,39.650001525878906,40.29999923706055,39.0,39.95000076293945,32.7718391418457,13399503,0.0,0.0
2009-07-31,39.79999923706055,41.20000076293945,39.75,40.150001525878906,32.935909271240234,5835063,0.0,0.0
2009-08-03,40.79999923706055,40.79999923706055,39.849998474121094,40.45000076293945,33.182010650634766,3853306,0.0,0.0
2009-08-04,40.5,43.5,40.099998474121094,42.54999923706055,34.90467834472656,7295802,0.0,0.0
2009-08-05,41.45000076293945,43.25,41.45000076293945,41.95000076293945,34.41249465942383,3160150,0.0,0.0
2009-08-06,42.099998474121094,43.95000076293945,41.70000076293945,41.95000076293945,34.41249465942383,5111204,0.0,0.0
2009-08-07,41.0,42.5,39.29999923706055,40.0,32.8128547668457,2489098,0.0,0.0
2009-08-10,41.5,41.70000076293945,37.75,38.599998474121094,31.66440773010254,2240621,0.0,0.0
2009-08-11,38.099998474121094,39.900001525878906,37.75,38.599998474121094,31.66440773010254,1732877,0.0,0.0
2009-08-12,38.0,39.29999923706055,37.0,38.95000076293945,31.95152473449707,1530139,0.0,0.0
2009-08-13,39.29999923706055,40.5,39.29999923706055,39.95000076293945,32.7718391418457,2750510,0.0,0.0
2009-08-14,40.099998474121094,42.400001525878906,39.75,41.650001525878906,34.1663932800293,2753110,0.0,0.0
2009-08-17,41.25,44.29999923706055,38.04999923706055,39.099998474121094,32.07456588745117,6471618,0.0,0.0
2009-08-18,39.0,41.099998474121094,38.849998474121094,39.95000076293945,32.7718391418457,2277106,0.0,0.0
2009-08-19,40.099998474121094,42.349998474121094,40.099998474121094,40.95000076293945,33.59217071533203,3787812,0.0,0.0
2009-08-20,41.5,41.79999923706055,39.25,39.599998474121094,32.48472595214844,1763348,0.0,0.0
2009-08-21,39.79999923706055,40.54999923706055,39.349998474121094,39.79999923706055,32.64879608154297,1872531,0.0,0.0
2009-08-24,40.25,41.20000076293945,40.0,40.849998474121094,33.510128021240234,1982887,0.0,0.0
2009-08-25,40.5,41.45000076293945,40.29999923706055,41.04999923706055,33.674190521240234,1423987,0.0,0.0
2009-08-26,41.900001525878906,42.349998474121094,41.349998474121094,41.70000076293945,34.207401275634766,1885376,0.0,0.0
2009-08-27,40.75,42.650001525878906,40.75,42.099998474121094,34.53553771972656,2413023,0.0,0.0
2009-08-28,42.20000076293945,44.0,42.20000076293945,43.45000076293945,35.642974853515625,4401677,0.0,0.0
2009-08-31,42.900001525878906,43.5,42.0,42.400001525878906,34.78163528442383,1656217,0.0,0.0
2009-09-01,42.599998474121094,43.20000076293945,41.04999923706055,41.599998474121094,34.1253776550293,1560361,0.0,0.0
2009-09-02,41.45000076293945,43.04999923706055,41.0,42.900001525878906,35.191795349121094,1567983,0.0,0.0
2009-09-03,43.0,43.400001525878906,42.150001525878906,42.70000076293945,35.02772521972656,1074990,0.0,0.0
2009-09-04,43.5,44.0,42.599998474121094,42.900001525878906,35.191795349121094,1118387,0.0,0.0
2009-09-07,43.45000076293945,43.45000076293945,42.099998474121094,42.95000076293945,35.23280715942383,3956039,0.0,0.0
2009-09-08,43.5,43.900001525878906,42.099998474121094,42.349998474121094,34.7406120300293,1741840,0.0,0.0
2009-09-09,42.650001525878906,43.5,42.29999923706055,42.900001525878906,35.191795349121094,2088954,0.0,0.0
2009-09-10,43.25,45.75,42.900001525878906,44.650001525878906,36.627349853515625,12212036,0.0,0.0
2009-09-11,45.099998474121094,46.29999923706055,44.79999923706055,45.04999923706055,36.955482482910156,7967904,0.0,0.0
2009-09-14,44.5,46.400001525878906,44.5,45.849998474121094,37.61173629760742,5818102,0.0,0.0
2009-09-15,46.20000076293945,48.849998474121094,46.04999923706055,48.20000076293945,39.539493560791016,8918556,0.0,0.0
2009-09-16,48.79999923706055,50.25,47.70000076293945,49.0,40.19575119018555,6525834,0.0,0.0
2009-09-17,49.29999923706055,49.650001525878906,46.75,47.29999923706055,38.80120086669922,4214725,0.0,0.0
2009-09-18,47.0,48.349998474121094,46.79999923706055,48.04999923706055,39.41644287109375,1470117,0.0,0.0
2009-09-22,48.45000076293945,48.45000076293945,46.79999923706055,47.04999923706055,38.596126556396484,1146652,0.0,0.0
2009-09-23,47.25,47.400001525878906,45.29999923706055,46.650001525878906,38.26799774169922,1863019,0.0,0.0
2009-09-24,45.5,48.0,42.400001525878906,47.599998474121094,39.04730224609375,1511395,0.0,0.0
2009-09-25,47.0,47.79999923706055,46.25,46.650001525878906,38.26799774169922,993288,0.0,0.0
2009-09-29,47.0,47.95000076293945,45.70000076293945,46.20000076293945,37.89885711669922,1446762,0.0,0.0
2009-09-30,46.70000076293945,46.70000076293945,44.5,44.900001525878906,36.832427978515625,1666202,0.0,0.0
2009-10-01,45.25,46.0,45.0,45.400001525878906,37.24259567260742,1287360,0.0,0.0
2009-10-05,45.54999923706055,45.54999923706055,43.20000076293945,43.79999923706055,35.93007278442383,983216,0.0,0.0
2009-10-06,44.0,44.849998474121094,42.79999923706055,43.95000076293945,36.05312728881836,850617,0.0,0.0
2009-10-07,44.79999923706055,46.599998474121094,43.79999923706055,45.79999923706055,37.57072448730469,2008365,0.0,0.0
2009-10-08,46.0,47.5,44.900001525878906,47.099998474121094,38.637142181396484,2017362,0.0,0.0
2009-10-09,47.5,48.29999923706055,46.79999923706055,47.099998474121094,38.637142181396484,1359422,0.0,0.0
2009-10-12,47.5,48.5,46.20000076293945,48.04999923706055,39.41644287109375,3442196,0.0,0.0
2009-10-13,47.849998474121094,47.849998474121094,47.849998474121094,47.849998474121094,39.25238037109375,0,0.0,0.0
2009-10-14,49.29999923706055,49.29999923706055,47.29999923706055,48.25,39.58051300048828,4115456,0.0,0.0
2009-10-15,48.900001525878906,53.0,48.099998474121094,52.29999923706055,42.902809143066406,8481170,0.0,0.0
2009-10-16,52.45000076293945,52.900001525878906,50.25,51.099998474121094,41.91843032836914,2963250,0.0,0.0
2009-10-20,52.54999923706055,56.70000076293945,52.5,54.650001525878906,44.83056640625,16777068,0.0,0.0
2009-10-21,55.150001525878906,57.20000076293945,53.54999923706055,54.099998474121094,44.37939453125,11827278,0.0,0.0
2009-10-22,54.0,54.29999923706055,51.849998474121094,52.20000076293945,42.82078170776367,3085436,0.0,0.0
2009-10-23,53.0,54.0,52.0,52.54999923706055,43.10789489746094,4271318,0.0,0.0
2009-10-26,53.04999923706055,54.150001525878906,52.04999923706055,53.54999923706055,43.92821502685547,3394286,0.0,0.0
2009-10-27,52.0,53.400001525878906,50.29999923706055,50.79999923706055,41.672332763671875,2134325,0.0,0.0
2009-10-28,50.099998474121094,51.400001525878906,47.0,48.0,39.37543487548828,6154702,0.0,0.0
2009-10-29,47.0,47.849998474121094,45.0,45.650001525878906,37.44767379760742,5323541,0.0,0.0
2009-10-30,46.900001525878906,49.400001525878906,46.900001525878906,48.04999923706055,39.41644287109375,3341605,0.0,0.0
2009-11-03,48.0,50.29999923706055,46.150001525878906,47.5,38.96526336669922,3192404,0.0,0.0
2009-11-04,48.75,49.900001525878906,46.849998474121094,48.0,39.37543487548828,3094334,0.0,0.0
2009-11-05,48.70000076293945,53.0,47.75,52.29999923706055,42.902809143066406,4487383,0.0,0.0
2009-11-06,53.0,54.79999923706055,52.79999923706055,54.29999923706055,44.543453216552734,3541373,0.0,0.0
2009-11-09,57.599998474121094,57.599998474121094,53.099998474121094,53.599998474121094,43.9692268371582,3621641,0.0,0.0
2009-11-10,54.29999923706055,54.75,50.599998474121094,52.150001525878906,42.77976608276367,2251307,0.0,0.0
2009-11-11,52.150001525878906,54.79999923706055,50.70000076293945,54.099998474121094,44.37939453125,3292388,0.0,0.0
2009-11-12,54.0,54.29999923706055,52.5,52.849998474121094,43.35398483276367,2083575,0.0,0.0
2009-11-13,52.70000076293945,53.900001525878906,52.25,52.70000076293945,43.2309455871582,2635904,0.0,0.0
2009-11-16,53.400001525878906,55.349998474121094,52.900001525878906,53.95000076293945,44.256343841552734,4593350,0.0,0.0
2009-11-17,54.5,55.900001525878906,54.29999923706055,55.0,45.117679595947266,5251941,0.0,0.0
2009-11-18,54.5,55.5,54.150001525878906,54.70000076293945,44.871585845947266,3621695,0.0,0.0
2009-11-19,54.25,55.29999923706055,51.400001525878906,52.650001525878906,43.18992233276367,3241722,0.0,0.0
2009-11-20,52.400001525878906,53.29999923706055,50.900001525878906,52.04999923706055,42.69773483276367,1745374,0.0,0.0
2009-11-23,53.150001525878906,54.5,52.650001525878906,53.25,43.6821174621582,2197877,0.0,0.0
2009-11-24,53.5,53.5,52.70000076293945,53.04999923706055,43.51805114746094,1040790,0.0,0.0
2009-11-25,53.0,53.45000076293945,51.54999923706055,51.95000076293945,42.61570739746094,1952631,0.0,0.0
2009-11-26,52.349998474121094,52.45000076293945,49.5,49.849998474121094,40.89302444458008,1586267,0.0,0.0
2009-11-27,48.0,49.45000076293945,47.5,48.04999923706055,39.41644287109375,2264683,0.0,0.0
2009-11-30,48.900001525878906,49.79999923706055,47.099998474121094,47.650001525878906,39.08831787109375,4726729,0.0,0.0
2009-12-01,48.25,48.599998474121094,47.54999923706055,47.95000076293945,39.33441162109375,3081661,0.0,0.0
2009-12-02,48.400001525878906,49.79999923706055,48.0,48.54999923706055,39.82661056518555,6279745,0.0,0.0
2009-12-03,49.0,49.25,47.400001525878906,47.79999923706055,39.211360931396484,3548496,0.0,0.0
2009-12-04,47.75,48.349998474121094,46.75,46.95000076293945,38.514095306396484,3112145,0.0,0.0
2009-12-07,47.349998474121094,48.400001525878906,46.0,46.099998474121094,37.81682586669922,3776905,0.0,0.0
2009-12-08,46.5,48.0,46.099998474121094,47.25,38.760189056396484,5263904,0.0,0.0
2009-12-09,47.099998474121094,49.5,46.5,48.849998474121094,40.07270812988281,5922082,0.0,0.0
2009-12-10,46.54999923706055,50.5,45.150001525878906,49.79999923706055,40.85200881958008,4477685,0.0,0.0
2009-12-11,49.849998474121094,50.20000076293945,48.25,49.5,40.60591125488281,3015013,0.0,0.0
2009-12-14,49.5,50.0,48.20000076293945,49.599998474121094,40.68794250488281,2201667,0.0,0.0
2009-12-15,49.599998474121094,49.900001525878906,48.5,48.70000076293945,39.94965744018555,1371629,0.0,0.0
2009-12-16,48.75,48.75,47.400001525878906,48.25,39.58051300048828,1143108,0.0,0.0
2009-12-17,48.29999923706055,49.349998474121094,48.0,48.599998474121094,39.86762619018555,2717440,0.0,0.0
2009-12-18,48.849998474121094,48.849998474121094,47.54999923706055,47.75,39.17034912109375,1607923,0.0,0.0
2009-12-21,48.0,48.150001525878906,46.79999923706055,47.099998474121094,38.637142181396484,998091,0.0,0.0
2009-12-22,47.5,47.599998474121094,47.0,47.150001525878906,38.67816162109375,833382,0.0,0.0
2009-12-23,47.650001525878906,49.099998474121094,47.150001525878906,47.95000076293945,39.33441162109375,4634094,0.0,0.0
2009-12-24,48.0,48.5,47.45000076293945,47.650001525878906,39.08831787109375,2141691,0.0,0.0
2009-12-29,48.0,48.20000076293945,47.75,48.0,39.37543487548828,1182418,0.0,0.0
2009-12-30,48.0,48.95000076293945,47.70000076293945,48.650001525878906,39.90863800048828,1372731,0.0,0.0
2009-12-31,49.0,49.79999923706055,48.5,49.0,40.19575119018555,1714690,0.0,0.0
2010-01-04,49.04999923706055,51.900001525878906,48.75,51.400001525878906,42.16453170776367,5797115,0.0,0.0
2010-01-05,51.95000076293945,53.75,51.75,53.54999923706055,43.92821502685547,4891846,0.0,0.0
2010-01-06,53.54999923706055,53.900001525878906,51.45000076293945,52.349998474121094,42.94383239746094,3129980,0.0,0.0
2010-01-07,52.5,52.79999923706055,51.20000076293945,51.5,42.24655532836914,1721641,0.0,0.0
2010-01-08,51.79999923706055,52.79999923706055,51.650001525878906,52.04999923706055,42.69773483276367,1389998,0.0,0.0
2010-01-11,52.75,53.5,52.04999923706055,52.400001525878906,42.98484802246094,1128199,0.0,0.0
2010-01-12,52.70000076293945,53.0,51.599998474121094,51.900001525878906,42.574684143066406,2368573,0.0,0.0
2010-01-13,51.75,52.75,50.25,52.150001525878906,42.77976608276367,1574718,0.0,0.0
2010-01-14,52.20000076293945,54.95000076293945,52.20000076293945,54.650001525878906,44.83056640625,6123054,0.0,0.0
2010-01-15,55.25,56.349998474121094,55.0,55.70000076293945,45.69190979003906,4721425,0.0,0.0
2010-01-18,55.95000076293945,57.25,55.0,57.0,46.75831985473633,2917043,0.0,0.0
2010-01-19,55.54999923706055,57.400001525878906,55.0,55.5,45.527835845947266,1396294,0.0,0.0
2010-01-20,56.0,56.0,54.0,54.349998474121094,44.584468841552734,1700205,0.0,0.0
2010-01-21,54.20000076293945,56.0,53.0,53.650001525878906,44.0102424621582,3067576,0.0,0.0
2010-01-22,53.650001525878906,55.5,50.400001525878906,53.849998474121094,44.17431640625,3331744,0.0,0.0
2010-01-25,53.5,54.099998474121094,51.900001525878906,52.0,42.65671157836914,1664412,0.0,0.0
2010-01-27,51.79999923706055,52.349998474121094,50.650001525878906,51.5,42.24655532836914,1497250,0.0,0.0
2010-01-28,51.75,52.5,50.150001525878906,51.25,42.041481018066406,1161585,0.0,0.0
2010-01-29,51.29999923706055,53.79999923706055,49.75,53.04999923706055,43.51805114746094,2634925,0.0,0.0
2010-02-01,53.400001525878906,57.25,52.54999923706055,56.650001525878906,46.471214294433594,4342557,0.0,0.0
2010-02-02,57.0,58.099998474121094,55.099998474121094,56.45000076293945,46.3071403503418,4279863,0.0,0.0
2010-02-03,57.0,57.0,55.5,56.29999923706055,46.18409729003906,2636714,0.0,0.0
2010-02-04,56.0,56.45000076293945,55.04999923706055,55.20000076293945,45.28174591064453,1612500,0.0,0.0
2010-02-05,52.0,53.5,50.900001525878906,52.04999923706055,42.69773483276367,3058328,0.0,0.0
2010-02-08,53.099998474121094,53.099998474121094,51.0,51.25,42.041481018066406,1431180,0.0,0.0
2010-02-09,51.599998474121094,52.45000076293945,51.400001525878906,52.04999923706055,42.69773483276367,1110319,0.0,0.0
2010-02-10,52.849998474121094,59.20000076293945,52.349998474121094,57.400001525878906,47.08646011352539,5990512,0.0,0.0
2010-02-11,57.79999923706055,58.0,55.099998474121094,55.75,45.7329216003418,3297232,0.0,0.0
2010-02-15,56.0,57.25,54.349998474121094,54.79999923706055,44.9536247253418,1429375,0.0,0.0
2010-02-16,55.150001525878906,57.099998474121094,54.900001525878906,56.25,46.1430778503418,1650101,0.0,0.0
2010-02-17,58.0,59.95000076293945,57.599998474121094,58.75,48.193878173828125,6841750,0.0,0.0
2010-02-18,59.20000076293945,59.650001525878906,57.75,59.150001525878906,48.52201843261719,3521803,0.0,0.0
2010-02-19,59.0,59.0,57.20000076293945,58.29999923706055,47.82474136352539,2805800,0.0,0.0
2010-02-22,58.5,59.599998474121094,57.45000076293945,57.75,47.373565673828125,3137105,0.0,0.0
2010-02-23,57.95000076293945,57.95000076293945,55.5,56.0,45.93799591064453,1649848,0.0,0.0
2010-02-24,55.5,55.599998474121094,54.5,54.95000076293945,45.076663970947266,1900366,0.0,0.0
2010-02-25,55.599998474121094,57.20000076293945,55.04999923706055,56.349998474121094,46.2251091003418,1857553,0.0,0.0
2010-02-26,56.900001525878906,58.900001525878906,55.849998474121094,58.150001525878906,47.701690673828125,2053040,0.0,0.0
2010-03-02,59.150001525878906,61.849998474121094,57.849998474121094,61.04999923706055,50.080623626708984,5426247,0.0,0.0
2010-03-03,62.29999923706055,62.79999923706055,60.849998474121094,61.400001525878906,50.36773681640625,4234959,0.0,0.0
2010-03-04,61.599998474121094,66.75,61.0,65.25,53.52598190307617,10601712,0.0,0.0
2010-03-05,65.94999694824219,65.94999694824219,63.54999923706055,63.849998474121094,52.37752914428711,5669073,0.0,0.0
2010-03-08,64.69999694824219,66.69999694824219,63.849998474121094,66.05000305175781,54.18224334716797,7255074,0.0,0.0
2010-03-09,66.25,66.69999694824219,63.25,64.05000305175781,52.54159927368164,5124260,0.0,0.0
2010-03-10,64.0,64.9000015258789,62.79999923706055,63.75,52.29549789428711,2360017,0.0,0.0
2010-03-11,63.79999923706055,64.75,63.20000076293945,63.95000076293945,52.45955276489258,3104294,0.0,0.0
2010-03-12,64.55000305175781,64.5999984741211,61.20000076293945,63.20000076293945,51.84431838989258,7916823,0.0,0.0
2010-03-15,64.5,67.5,63.150001525878906,64.30000305175781,52.74667739868164,3220847,0.0,0.0
2010-03-16,64.75,70.5,64.5,70.05000305175781,57.46351623535156,22581642,0.0,0.0
2010-03-17,70.4000015258789,71.30000305175781,69.05000305175781,70.55000305175781,57.87368392944336,10554550,0.0,0.0
2010-03-18,70.69999694824219,75.3499984741211,69.5,74.44999694824219,61.07294845581055,13389729,0.0,0.0
2010-03-19,74.80000305175781,79.80000305175781,73.1500015258789,78.0,63.98508071899414,15951613,0.0,0.0
2010-03-22,77.0,78.5,72.80000305175781,73.25,60.08854675292969,8891437,0.0,0.0
2010-03-23,74.5,75.19999694824219,72.55000305175781,73.05000305175781,59.92448806762695,10119426,0.0,0.0
2010-03-25,73.05000305175781,73.5,70.8499984741211,72.6500015258789,59.59634780883789,5819605,0.0,0.0
2010-03-26,73.30000305175781,74.9000015258789,73.0,73.6500015258789,60.41667556762695,4848244,0.0,0.0
2010-03-29,75.0,75.0,70.44999694824219,70.8499984741211,58.11976623535156,2427084,0.0,0.0
2010-03-30,71.0,72.5999984741211,70.25,70.8499984741211,58.11976623535156,4058783,0.0,0.0
2010-03-31,71.5,71.80000305175781,70.30000305175781,70.9000015258789,58.16079330444336,4379952,0.0,0.0
2010-04-01,71.4000015258789,73.25,71.19999694824219,72.25,59.26822280883789,5267673,0.0,0.0
2010-04-05,73.0,74.30000305175781,72.4000015258789,73.8499984741211,60.58074188232422,4584021,0.0,0.0
2010-04-06,74.9000015258789,75.0,72.69999694824219,73.05000305175781,59.92448806762695,5747834,0.0,0.0
2010-04-07,73.8499984741211,82.5999984741211,73.4000015258789,81.30000305175781,66.69214630126953,25776616,0.0,0.0
2010-04-08,80.9000015258789,81.75,76.80000305175781,77.6500015258789,63.69796371459961,9795007,0.0,0.0
2010-04-09,77.9000015258789,79.25,75.69999694824219,78.05000305175781,64.02609252929688,6073408,0.0,0.0
2010-04-12,78.5999984741211,79.0,76.5,76.9000015258789,63.08272171020508,2450746,0.0,0.0
2010-04-13,77.0,80.25,76.5,77.75,63.779991149902344,10100354,0.0,0.0
2010-04-15,78.5999984741211,79.44999694824219,74.5,75.1500015258789,61.64717102050781,5734764,0.0,0.0
2010-04-16,75.19999694824219,75.5,72.9000015258789,73.25,60.08854675292969,5167117,0.0,0.0
2010-04-19,71.9000015258789,74.94999694824219,71.0,74.19999694824219,60.867855072021484,4526931,0.0,0.0
2010-04-20,73.0,76.0,73.0,74.55000305175781,61.15497970581055,4398170,0.0,0.0
2010-04-21,75.9000015258789,78.25,74.5999984741211,75.94999694824219,62.303401947021484,5189202,0.0,0.0
2010-04-22,76.0,76.4000015258789,74.4000015258789,74.80000305175781,61.36005783081055,3248548,0.0,0.0
2010-04-23,61.5,75.5,61.5,73.4000015258789,60.21159744262695,2259801,0.0,0.0
2010-04-26,73.5999984741211,75.5,73.44999694824219,74.19999694824219,60.867855072021484,2117600,0.0,0.0
2010-04-27,74.69999694824219,74.69999694824219,72.55000305175781,72.9000015258789,59.801448822021484,2218795,0.0,0.0
2010-04-28,71.0,72.5999984741211,70.5999984741211,71.1500015258789,58.365882873535156,2200029,0.0,0.0
2010-04-29,71.9000015258789,73.1500015258789,71.05000305175781,71.5,58.65298843383789,2716614,0.0,0.0
2010-04-30,73.0,73.0,69.0999984741211,69.5999984741211,57.094364166259766,4847470,0.0,0.0
2010-05-03,69.5,69.5,67.6500015258789,68.1500015258789,55.904911041259766,2585032,0.0,0.0
2010-05-04,69.5,69.5,65.5,66.1500015258789,54.264259338378906,3089719,0.0,0.0
2010-05-05,64.5,69.69999694824219,63.150001525878906,69.5,57.01234436035156,6670943,0.0,0.0
2010-05-06,69.0,69.5,66.5,67.8499984741211,55.65879821777344,3422530,0.0,0.0
2010-05-07,67.0,67.0,64.0,65.3499984741211,53.60800552368164,2301494,0.0,0.0
2010-05-10,66.0,69.75,66.0,68.8499984741211,56.47913360595703,4672251,0.0,0.0
2010-05-11,69.69999694824219,69.69999694824219,66.5999984741211,67.80000305175781,55.61780548095703,2910122,0.0,0.0
2010-05-12,67.80000305175781,71.0999984741211,67.80000305175781,69.6500015258789,57.1353874206543,5633538,0.0,0.0
2010-05-13,70.05000305175781,71.75,69.6500015258789,70.80000305175781,58.078765869140625,5045546,0.0,0.0
2010-05-14,71.4000015258789,71.55000305175781,68.0999984741211,68.5999984741211,56.2740478515625,3815321,0.0,0.0
2010-05-17,68.69999694824219,70.19999694824219,65.0,69.75,57.21741485595703,2489676,0.0,0.0
2010-05-18,69.05000305175781,70.94999694824219,68.5,69.19999694824219,56.7662239074707,2430717,0.0,0.0
2010-05-19,69.05000305175781,69.05000305175781,65.0,65.55000305175781,53.77207565307617,2169791,0.0,0.0
2010-05-20,63.5,66.94999694824219,62.650001525878906,63.900001525878906,52.41853713989258,2117296,0.0,0.0
2010-05-21,63.0,63.900001525878906,61.29999923706055,63.349998474121094,51.967369079589844,2060949,0.0,0.0
2010-05-24,64.8499984741211,65.19999694824219,62.79999923706055,63.20000076293945,51.84431838989258,1723574,0.0,0.0
2010-05-25,62.5,64.44999694824219,62.0,63.75,52.29549789428711,1925189,0.0,0.0
2010-05-26,65.0,66.69999694824219,64.5,65.5,53.73105239868164,3210679,0.0,0.0
2010-05-27,66.25,67.30000305175781,64.5999984741211,65.8499984741211,54.01817321777344,4620985,0.0,0.0
2010-05-28,66.44999694824219,71.4000015258789,66.0,70.5,57.83265686035156,7052527,0.0,0.0
2010-05-31,70.9000015258789,72.75,69.80000305175781,71.4000015258789,58.570945739746094,3995091,0.0,0.0
2010-06-01,71.5,71.9000015258789,69.0999984741211,69.55000305175781,57.0533561706543,3056852,0.0,0.0
2010-06-02,69.5999984741211,70.19999694824219,67.4000015258789,69.4000015258789,56.93030548095703,4450492,0.0,0.0
2010-06-03,70.0,72.0999984741211,70.0,71.5999984741211,58.73503112792969,2672586,0.0,0.0
2010-06-04,72.0,72.44999694824219,69.4000015258789,69.55000305175781,57.0533561706543,4854336,0.0,0.0
2010-06-07,68.5999984741211,71.0,65.5,70.05000305175781,57.46351623535156,2740152,0.0,0.0
2010-06-08,70.0,71.0,67.80000305175781,68.30000305175781,56.027957916259766,3512877,0.0,0.0
2010-06-09,68.69999694824219,69.30000305175781,67.8499984741211,68.25,55.98694610595703,2418492,0.0,0.0
2010-06-10,68.0,68.9000015258789,67.44999694824219,68.05000305175781,55.8228759765625,2382475,0.0,0.0
2010-06-11,69.0,69.44999694824219,67.3499984741211,68.1500015258789,55.904911041259766,3999469,0.0,0.0
2010-06-14,68.19999694824219,68.44999694824219,66.69999694824219,67.0999984741211,55.04356002807617,2512457,0.0,0.0
2010-06-15,67.5,67.80000305175781,64.5999984741211,65.44999694824219,53.690040588378906,6889272,0.0,0.0
2010-06-16,66.0,66.69999694824219,64.5,64.80000305175781,53.156837463378906,3384338,0.0,0.0
2010-06-17,65.0,65.5999984741211,64.25,64.5,52.91073226928711,3374938,0.0,0.0
2010-06-18,65.0,65.8499984741211,64.25,64.4000015258789,52.828712463378906,3771442,0.0,0.0
2010-06-21,65.0,67.94999694824219,64.5,67.5999984741211,55.453739166259766,8192667,0.0,0.0
2010-06-22,68.0,68.80000305175781,67.0999984741211,67.30000305175781,55.20763397216797,6078022,0.0,0.0
2010-06-23,66.30000305175781,68.5,66.30000305175781,68.05000305175781,55.8228759765625,3868336,0.0,0.0
2010-06-24,67.9000015258789,69.6500015258789,67.9000015258789,68.4000015258789,56.1099853515625,5331286,0.0,0.0
2010-06-25,68.25,69.0999984741211,66.8499984741211,67.19999694824219,55.1255989074707,2611570,0.0,0.0
2010-06-28,67.5,67.6500015258789,65.75,66.55000305175781,54.59238815307617,3331870,0.0,0.0
2010-06-29,66.5999984741211,67.44999694824219,65.55000305175781,65.94999694824219,54.10019302368164,1841462,0.0,0.0
2010-06-30,64.5,65.9000015258789,64.4000015258789,64.9000015258789,53.238861083984375,4647161,0.0,0.0
2010-07-01,64.30000305175781,65.69999694824219,63.849998474121094,64.0999984741211,52.582603454589844,4185580,0.0,0.0
2010-07-02,64.69999694824219,65.3499984741211,64.19999694824219,64.4000015258789,52.828712463378906,2298189,0.0,0.0
2010-07-05,64.9000015258789,65.4000015258789,64.44999694824219,64.8499984741211,53.19784164428711,1981479,0.0,0.0
2010-07-06,64.9000015258789,65.69999694824219,64.6500015258789,65.3499984741211,53.60800552368164,1162247,0.0,0.0
2010-07-07,65.4000015258789,68.25,65.19999694824219,67.5999984741211,55.453739166259766,5712256,0.0,0.0
2010-07-08,67.9000015258789,69.80000305175781,67.8499984741211,69.05000305175781,56.643192291259766,5339020,0.0,0.0
2010-07-09,69.30000305175781,69.55000305175781,68.19999694824219,68.6500015258789,56.31507110595703,3030106,0.0,0.0
2010-07-12,68.75,69.4000015258789,67.0,67.44999694824219,55.33066940307617,1953476,0.0,0.0
2010-07-13,67.5,68.8499984741211,67.1500015258789,67.3499984741211,55.248653411865234,1513077,0.0,0.0
2010-07-14,67.5,67.9000015258789,66.9000015258789,67.25,55.78786087036133,2296306,0.75,0.0
2010-07-15,67.44999694824219,67.5999984741211,64.5,64.8499984741211,53.79690933227539,3609191,0.0,0.0
2010-07-16,64.5,65.3499984741211,64.19999694824219,64.5999984741211,53.589542388916016,2339356,0.0,0.0
2010-07-19,65.19999694824219,65.19999694824219,62.79999923706055,63.45000076293945,52.63554000854492,3241691,0.0,0.0
2010-07-20,64.0,65.1500015258789,63.0,63.75,52.8844108581543,1874661,0.0,0.0
2010-07-21,64.5,64.5,63.349998474121094,63.599998474121094,52.75996780395508,1959702,0.0,0.0
2010-07-22,63.400001525878906,64.5,63.25,64.0,53.091800689697266,1421833,0.0,0.0
2010-07-23,64.5,64.8499984741211,63.400001525878906,63.599998474121094,52.75996780395508,1359919,0.0,0.0
2010-07-26,64.4000015258789,64.4000015258789,61.45000076293945,61.900001525878906,51.34972381591797,1942615,0.0,0.0
2010-07-27,62.099998474121094,62.29999923706055,60.5,60.79999923706055,50.43721389770508,2521719,0.0,0.0
2010-07-28,61.0,62.400001525878906,59.54999923706055,59.79999923706055,49.6076545715332,3051342,0.0,0.0
2010-07-29,60.400001525878906,63.400001525878906,59.099998474121094,63.0,52.262237548828125,10051038,0.0,0.0
2010-07-30,62.900001525878906,65.19999694824219,62.0,63.900001525878906,53.00883483886719,4782979,0.0,0.0
2010-08-02,64.80000305175781,66.19999694824219,64.19999694824219,65.9000015258789,54.667964935302734,4042604,0.0,0.0
2010-08-03,66.0,66.9000015258789,65.0999984741211,65.94999694824219,54.709434509277344,2717361,0.0,0.0
2010-08-04,66.69999694824219,67.0,66.0,66.75,55.37309265136719,3277957,0.0,0.0
2010-08-05,66.75,67.1500015258789,65.55000305175781,65.94999694824219,54.709434509277344,3216914,0.0,0.0
2010-08-06,65.25,66.44999694824219,63.849998474121094,64.19999694824219,53.25770568847656,3133703,0.0,0.0
2010-08-09,64.05000305175781,65.5999984741211,63.20000076293945,65.19999694824219,54.08726501464844,2295861,0.0,0.0
2010-08-10,65.5,65.6500015258789,64.19999694824219,64.9000015258789,53.83839416503906,2799558,0.0,0.0
2010-08-11,64.94999694824219,65.4000015258789,63.900001525878906,64.3499984741211,53.382144927978516,2042524,0.0,0.0
2010-08-12,64.0,64.3499984741211,61.20000076293945,63.95000076293945,53.05031204223633,1982165,0.0,0.0
2010-08-13,63.5,65.19999694824219,63.5,64.1500015258789,53.21623611450195,3220190,0.0,0.0
2010-08-16,64.5,64.69999694824219,62.400001525878906,63.04999923706055,52.3037109375,2021273,0.0,0.0
2010-08-17,63.849998474121094,65.9000015258789,63.04999923706055,65.5,54.33613204956055,2377711,0.0,0.0
2010-08-18,67.0,69.4000015258789,65.9000015258789,69.0999984741211,57.32254409790039,8873238,0.0,0.0
2010-08-19,69.4000015258789,69.9000015258789,67.55000305175781,68.19999694824219,56.57594680786133,3310766,0.0,0.0
2010-08-20,68.0,72.5,67.5,71.8499984741211,59.60383987426758,9605747,0.0,0.0
2010-08-23,73.0,78.4000015258789,72.0,76.3499984741211,63.33686447143555,15983929,0.0,0.0
2010-08-24,76.25,78.80000305175781,75.0,75.4000015258789,62.54878234863281,9123881,0.0,0.0
2010-08-25,75.0,75.4000015258789,72.5,73.75,61.18001174926758,4226222,0.0,0.0
2010-08-26,73.0999984741211,75.6500015258789,72.5,74.0,61.38739776611328,5233067,0.0,0.0
2010-08-27,74.0,74.75,71.3499984741211,71.80000305175781,59.5623664855957,3485924,0.0,0.0
2010-08-30,73.0,75.19999694824219,72.05000305175781,72.75,60.350440979003906,2548641,0.0,0.0
2010-08-31,72.5,72.9000015258789,70.30000305175781,71.55000305175781,59.354976654052734,2553399,0.0,0.0
2010-09-01,73.05000305175781,74.30000305175781,72.0,73.75,61.18001174926758,3223224,0.0,0.0
2010-09-02,74.80000305175781,83.80000305175781,74.6500015258789,82.3499984741211,68.31420135498047,33870188,0.0,0.0
2010-09-03,83.0,84.25,81.0,81.75,67.81646728515625,15494360,0.0,0.0
2010-09-06,82.44999694824219,88.80000305175781,82.44999694824219,87.30000305175781,72.42052459716797,24367196,0.0,0.0
2010-09-07,89.0,89.0,84.1500015258789,86.55000305175781,71.79837799072266,21468378,0.0,0.0
2010-09-08,86.0,87.9000015258789,84.8499984741211,86.0,71.34210968017578,6805084,0.0,0.0
2010-09-09,86.75,87.5999984741211,84.5999984741211,85.0,70.51254272460938,5241023,0.0,0.0
2010-09-13,86.0,87.19999694824219,83.8499984741211,84.30000305175781,69.93185424804688,8305910,0.0,0.0
2010-09-14,85.0,87.0,82.0999984741211,82.6500015258789,68.56307983398438,8570769,0.0,0.0
2010-09-15,82.75,85.25,82.19999694824219,84.75,70.3051528930664,6366266,0.0,0.0
2010-09-16,84.3499984741211,86.80000305175781,83.25,85.25,70.71990966796875,7581426,0.0,0.0
2010-09-17,86.0,87.69999694824219,85.69999694824219,86.0999984741211,71.42505645751953,4903336,0.0,0.0
2010-09-20,87.0,87.0,83.5999984741211,84.8499984741211,70.38811492919922,4473896,0.0,0.0
2010-09-21,85.0,85.8499984741211,83.5999984741211,83.8499984741211,69.55855560302734,4541309,0.0,0.0
2010-09-22,84.19999694824219,84.4000015258789,80.75,81.4000015258789,67.52613067626953,4602930,0.0,0.0
2010-09-23,82.0,82.0,80.0,80.5999984741211,66.86247253417969,2837560,0.0,0.0
2010-09-24,80.94999694824219,84.0,80.55000305175781,83.55000305175781,69.30967712402344,4158450,0.0,0.0
2010-09-27,84.44999694824219,84.6500015258789,81.80000305175781,82.19999694824219,68.18978118896484,2692435,0.0,0.0
2010-09-28,82.19999694824219,83.5999984741211,81.5999984741211,82.25,68.23127746582031,1718721,0.0,0.0
2010-09-29,82.69999694824219,83.0,80.5999984741211,80.9000015258789,67.1113510131836,1964981,0.0,0.0
2010-09-30,81.6500015258789,82.44999694824219,80.69999694824219,81.0999984741211,67.27726745605469,3824831,0.0,0.0
2010-10-01,81.30000305175781,84.69999694824219,81.30000305175781,84.30000305175781,69.93185424804688,4586665,0.0,0.0
2010-10-04,84.75,85.1500015258789,82.05000305175781,82.3499984741211,68.31420135498047,3306808,0.0,0.0
2010-10-05,82.4000015258789,83.94999694824219,81.5,83.25,69.0608139038086,1864454,0.0,0.0
2010-10-06,85.0999984741211,85.0999984741211,81.94999694824219,82.19999694824219,68.18978118896484,2888195,0.0,0.0
2010-10-07,81.94999694824219,85.0999984741211,81.5,82.44999694824219,68.39717102050781,5001895,0.0,0.0
2010-10-08,82.75,83.25,81.0999984741211,81.69999694824219,67.77498626708984,1540517,0.0,0.0
2010-10-11,83.0,83.0,81.0,81.4000015258789,67.52613067626953,1948910,0.0,0.0
2010-10-12,81.30000305175781,84.19999694824219,80.8499984741211,83.19999694824219,69.01934051513672,7658286,0.0,0.0
2010-10-13,83.5999984741211,85.80000305175781,83.5,84.25,69.89037322998047,6969455,0.0,0.0
2010-10-14,84.75,85.5999984741211,83.1500015258789,84.25,69.89037322998047,4135375,0.0,0.0
2010-10-15,85.80000305175781,85.80000305175781,80.80000305175781,81.4000015258789,67.52613067626953,2482257,0.0,0.0
2010-10-18,81.5999984741211,82.8499984741211,77.55000305175781,79.05000305175781,65.57667541503906,4300462,0.0,0.0
2010-10-19,80.05000305175781,81.0,78.5,79.0,65.53518676757812,2966058,0.0,0.0
2010-10-20,78.44999694824219,79.8499984741211,77.9000015258789,78.5999984741211,65.20336151123047,1666829,0.0,0.0
2010-10-21,78.5999984741211,79.30000305175781,77.4000015258789,77.69999694824219,64.45675659179688,2926756,0.0,0.0
2010-10-22,77.5,78.75,75.8499984741211,76.25,63.25390625,3185947,0.0,0.0
2010-10-25,76.94999694824219,77.9000015258789,76.5,76.75,63.66868209838867,1874212,0.0,0.0
2010-10-26,77.0,77.44999694824219,75.19999694824219,75.4000015258789,62.54878234863281,2433669,0.0,0.0
2010-10-27,75.75,77.80000305175781,75.5,76.94999694824219,63.83460235595703,5977391,0.0,0.0
2010-10-28,77.0999984741211,77.6500015258789,73.05000305175781,73.75,61.18001174926758,6548982,0.0,0.0
2010-10-29,74.0,74.44999694824219,70.44999694824219,71.55000305175781,59.354976654052734,4053677,0.0,0.0
2010-11-01,72.44999694824219,73.25,71.5,71.94999694824219,59.68679428100586,3682686,0.0,0.0
2010-11-02,72.05000305175781,72.05000305175781,69.80000305175781,70.80000305175781,58.7327995300293,8893702,0.0,0.0
2010-11-03,71.5,74.5999984741211,71.1500015258789,73.05000305175781,60.599308013916016,6586009,0.0,0.0
2010-11-04,73.0,74.4000015258789,73.0,73.44999694824219,60.931129455566406,2035494,0.0,0.0
2010-11-08,74.19999694824219,74.25,71.55000305175781,72.0,59.728275299072266,5556207,0.0,0.0
2010-11-09,72.4000015258789,73.5999984741211,72.0,72.94999694824219,60.51634979248047,2626618,0.0,0.0
2010-11-10,73.69999694824219,76.5,72.9000015258789,75.19999694824219,62.38286209106445,7245787,0.0,0.0
2010-11-11,76.0,76.30000305175781,69.69999694824219,70.3499984741211,58.3594970703125,10788281,0.0,0.0
2010-11-12,69.80000305175781,70.0,64.80000305175781,65.4000015258789,54.25318145751953,16390895,0.0,0.0
2010-11-15,65.4000015258789,67.0,64.8499984741211,66.4000015258789,55.08274459838867,5499614,0.0,0.0
2010-11-16,67.0,68.4000015258789,64.94999694824219,65.5999984741211,54.41908645629883,8272939,0.0,0.0
2010-11-18,65.94999694824219,66.9000015258789,62.5,64.80000305175781,53.755455017089844,4015647,0.0,0.0
2010-11-19,65.25,65.25,62.0,62.20000076293945,51.59859085083008,2638447,0.0,0.0
2010-11-22,62.54999923706055,63.20000076293945,60.29999923706055,62.0,51.43267059326172,5474304,0.0,0.0
2010-11-23,62.0,63.599998474121094,60.599998474121094,62.29999923706055,51.68154525756836,7630543,0.0,0.0
2010-11-24,62.04999923706055,65.80000305175781,62.04999923706055,65.19999694824219,54.08726501464844,9491044,0.0,0.0
2010-11-25,65.5,67.44999694824219,65.0999984741211,66.9000015258789,55.497520446777344,9285634,0.0,0.0
2010-11-26,67.5,68.5,61.20000076293945,63.349998474121094,52.552589416503906,4210783,0.0,0.0
2010-11-29,64.0,64.8499984741211,62.20000076293945,64.25,53.299190521240234,3113901,0.0,0.0
2010-11-30,64.0,66.30000305175781,63.0,66.0999984741211,54.83387756347656,2881676,0.0,0.0
2010-12-01,66.30000305175781,67.9000015258789,66.30000305175781,67.5,55.9952507019043,2789629,0.0,0.0
2010-12-02,68.0,72.0,67.5999984741211,71.6500015258789,59.43793869018555,10411400,0.0,0.0
2010-12-03,72.19999694824219,72.4000015258789,69.05000305175781,69.75,57.86175537109375,3992367,0.0,0.0
2010-12-06,70.0,71.55000305175781,67.0999984741211,67.8499984741211,56.285587310791016,3996522,0.0,0.0
2010-12-07,68.0,68.5,65.5,66.30000305175781,54.99979782104492,3660240,0.0,0.0
2010-12-08,65.5,67.4000015258789,64.0999984741211,65.0999984741211,54.00431442260742,3820302,0.0,0.0
2010-12-09,65.0999984741211,65.5,63.20000076293945,64.19999694824219,53.25770568847656,3394384,0.0,0.0
2010-12-10,64.0,65.80000305175781,62.5,64.05000305175781,53.13328170776367,2200555,0.0,0.0
2010-12-13,64.30000305175781,65.5,63.25,64.19999694824219,53.25770568847656,1835929,0.0,0.0
2010-12-14,65.0,65.44999694824219,63.54999923706055,63.900001525878906,53.00883483886719,2830853,0.0,0.0
2010-12-15,64.5,65.80000305175781,63.599998474121094,65.3499984741211,54.21169662475586,4394889,0.0,0.0
2010-12-16,65.44999694824219,67.55000305175781,65.44999694824219,67.25,55.78786087036133,3505675,0.0,0.0
2010-12-20,66.9000015258789,67.44999694824219,65.0,67.05000305175781,55.62195587158203,2751923,0.0,0.0
2010-12-21,65.1500015258789,67.80000305175781,65.1500015258789,66.44999694824219,55.12422180175781,1420441,0.0,0.0
2010-12-22,66.5,66.75,65.1500015258789,65.25,54.12874984741211,1084041,0.0,0.0
2010-12-23,65.5,65.75,63.599998474121094,63.849998474121094,52.96736145019531,2851725,0.0,0.0
2010-12-24,65.0999984741211,67.0999984741211,64.19999694824219,65.9000015258789,54.667964935302734,5602921,0.0,0.0
2010-12-27,66.30000305175781,66.8499984741211,64.5,64.6500015258789,53.631004333496094,1744346,0.0,0.0
2010-12-28,65.5,65.5,64.1500015258789,65.0,53.92136001586914,1849152,0.0,0.0
2010-12-29,65.0,65.5,64.4000015258789,65.1500015258789,54.04579162597656,1396690,0.0,0.0
2010-12-30,65.05000305175781,66.0999984741211,64.4000015258789,65.8499984741211,54.62648391723633,1486243,0.0,0.0
2010-12-31,66.0,67.19999694824219,65.9000015258789,66.69999694824219,55.33161163330078,1313329,0.0,0.0
2011-01-03,67.5,69.4000015258789,67.5,68.55000305175781,56.86629867553711,3418316,0.0,0.0
2011-01-04,69.3499984741211,71.19999694824219,67.80000305175781,70.5,58.48392868041992,5031415,0.0,0.0
2011-01-05,70.0,70.5,67.05000305175781,67.19999694824219,55.74638366699219,5457789,0.0,0.0
2011-01-06,67.4000015258789,67.75,64.5999984741211,65.8499984741211,54.62648391723633,5803423,0.0,0.0
2011-01-07,65.9000015258789,67.0999984741211,64.0,64.30000305175781,53.34067153930664,4012507,0.0,0.0
2011-01-10,64.3499984741211,64.3499984741211,60.54999923706055,60.900001525878906,50.52016830444336,2861261,0.0,0.0
2011-01-11,60.900001525878906,62.95000076293945,60.150001525878906,62.0,51.43267059326172,2982983,0.0,0.0
2011-01-12,62.79999923706055,63.400001525878906,60.849998474121094,62.349998474121094,51.72303009033203,5484923,0.0,0.0
2011-01-13,61.0,63.349998474121094,61.0,61.349998474121094,50.89346694946289,2239146,0.0,0.0
2011-01-14,61.79999923706055,61.79999923706055,58.650001525878906,59.099998474121094,49.02695846557617,2599199,0.0,0.0
2011-01-17,59.5,59.650001525878906,56.04999923706055,56.349998474121094,46.745670318603516,2296104,0.0,0.0
2011-01-18,56.95000076293945,57.099998474121094,55.20000076293945,55.849998474121094,46.33088684082031,3685681,0.0,0.0
2011-01-19,56.5,56.95000076293945,55.25,56.04999923706055,46.496803283691406,3082793,0.0,0.0
2011-01-20,54.0,56.75,54.0,56.349998474121094,46.745670318603516,4189265,0.0,0.0
2011-01-21,56.29999923706055,57.5,56.20000076293945,56.70000076293945,47.0360107421875,2471253,0.0,0.0
2011-01-24,56.79999923706055,57.95000076293945,56.79999923706055,57.20000076293945,47.45079040527344,1731957,0.0,0.0
2011-01-25,57.5,57.599998474121094,55.70000076293945,56.04999923706055,46.496803283691406,1267751,0.0,0.0
2011-01-27,56.5,56.70000076293945,53.349998474121094,53.75,44.58881759643555,2239080,0.0,0.0
2011-01-28,53.650001525878906,53.75,50.29999923706055,51.150001525878906,42.43196105957031,5313702,0.0,0.0
2011-01-31,50.45000076293945,51.70000076293945,48.20000076293945,51.20000076293945,42.47344207763672,4897958,0.0,0.0
2011-02-01,51.0,54.650001525878906,51.0,53.54999923706055,44.42290496826172,5313036,0.0,0.0
2011-02-02,53.29999923706055,54.45000076293945,52.349998474121094,53.70000076293945,44.547340393066406,3525100,0.0,0.0
2011-02-03,53.70000076293945,54.349998474121094,53.150001525878906,53.54999923706055,44.42290496826172,2179387,0.0,0.0
2011-02-04,53.95000076293945,55.20000076293945,52.400001525878906,52.900001525878906,43.883689880371094,2326785,0.0,0.0
2011-02-07,52.900001525878906,53.400001525878906,51.95000076293945,52.349998474121094,43.42742919921875,1633232,0.0,0.0
2011-02-08,52.54999923706055,53.0,51.04999923706055,51.29999923706055,42.556392669677734,1300886,0.0,0.0
2011-02-09,51.04999923706055,51.20000076293945,45.54999923706055,46.349998474121094,38.450069427490234,2919954,0.0,0.0
2011-02-10,46.099998474121094,48.79999923706055,44.0,47.75,39.61145782470703,3306911,0.0,0.0
2011-02-11,48.0,52.70000076293945,47.04999923706055,50.95000076293945,42.26605224609375,6055137,0.0,0.0
2011-02-14,51.599998474121094,56.099998474121094,51.04999923706055,55.5,46.04054260253906,5941222,0.0,0.0
2011-02-15,55.900001525878906,56.70000076293945,54.70000076293945,56.099998474121094,46.538272857666016,3651371,0.0,0.0
2011-02-16,56.0,57.650001525878906,55.54999923706055,57.20000076293945,47.45079040527344,2368324,0.0,0.0
2011-02-17,57.099998474121094,59.849998474121094,56.599998474121094,58.29999923706055,48.36331558227539,4481048,0.0,0.0
2011-02-18,58.29999923706055,59.29999923706055,55.79999923706055,56.400001525878906,46.78715133666992,3649010,0.0,0.0
2011-02-21,56.04999923706055,59.20000076293945,55.0,58.650001525878906,48.65365219116211,2724864,0.0,0.0
2011-02-22,58.599998474121094,58.849998474121094,56.400001525878906,58.0,48.114444732666016,2980529,0.0,0.0
2011-02-23,58.0,58.45000076293945,56.5,57.04999923706055,47.32636260986328,2399506,0.0,0.0
2011-02-24,56.29999923706055,57.599998474121094,52.400001525878906,53.29999923706055,44.21551513671875,6916808,0.0,0.0
2011-02-25,53.5,54.400001525878906,52.45000076293945,54.0,44.796199798583984,3502999,0.0,0.0
2011-02-28,54.0,54.79999923706055,51.099998474121094,52.45000076293945,43.51038360595703,5748048,0.0,0.0
2011-03-01,53.0,56.95000076293945,52.5,55.900001525878906,46.37236785888672,7214715,0.0,0.0
2011-03-03,55.70000076293945,58.29999923706055,54.75,57.849998474121094,47.990013122558594,6358787,0.0,0.0
2011-03-04,58.29999923706055,60.0,57.849998474121094,59.25,49.15138626098633,6676704,0.0,0.0
2011-03-07,54.04999923706055,59.849998474121094,54.04999923706055,59.400001525878906,49.27582550048828,5465151,0.0,0.0
2011-03-08,59.25,62.20000076293945,58.900001525878906,61.900001525878906,51.34972381591797,6715195,0.0,0.0
2011-03-09,62.650001525878906,64.75,61.79999923706055,64.44999694824219,53.46509552001953,5779388,0.0,0.0
2011-03-10,64.44999694824219,66.25,63.70000076293945,65.9000015258789,54.667964935302734,4970702,0.0,0.0
2011-03-11,65.5,66.94999694824219,64.80000305175781,66.4000015258789,55.08274459838867,5264094,0.0,0.0
2011-03-14,66.05000305175781,68.4000015258789,65.3499984741211,67.80000305175781,56.2441291809082,4185612,0.0,0.0
2011-03-15,66.0,70.80000305175781,65.05000305175781,69.0,57.239601135253906,11106079,0.0,0.0
2011-03-16,69.5,71.19999694824219,66.25,68.1500015258789,56.53447341918945,7689546,0.0,0.0
2011-03-17,68.0,68.5,66.1500015258789,67.05000305175781,55.62195587158203,4913424,0.0,0.0
2011-03-18,67.0999984741211,67.80000305175781,64.25,65.05000305175781,53.962833404541016,5789178,0.0,0.0
2011-03-21,65.44999694824219,65.9000015258789,62.900001525878906,63.45000076293945,52.63554000854492,7165598,0.0,0.0
2011-03-22,63.75,66.6500015258789,63.29999923706055,66.1500015258789,54.875343322753906,7123459,0.0,0.0
2011-03-23,66.0,68.9000015258789,65.44999694824219,68.19999694824219,56.57594680786133,7146819,0.0,0.0
2011-03-24,68.9000015258789,70.0,67.5999984741211,69.55000305175781,57.69585418701172,5921103,0.0,0.0
2011-03-25,69.9000015258789,70.0999984741211,68.30000305175781,68.6500015258789,56.94925308227539,1661758,0.0,0.0
2011-03-28,69.0,69.55000305175781,68.05000305175781,69.4000015258789,57.571414947509766,1785970,0.0,0.0
2011-03-29,69.0999984741211,69.0999984741211,68.0,68.4000015258789,56.741851806640625,1602091,0.0,0.0
2011-03-30,68.4000015258789,69.94999694824219,66.8499984741211,67.44999694824219,55.95376205444336,1550899,0.0,0.0
2011-03-31,68.5999984741211,70.1500015258789,67.0999984741211,69.55000305175781,57.69585418701172,5057876,0.0,0.0
2011-04-01,69.9000015258789,69.9000015258789,68.4000015258789,69.05000305175781,57.281070709228516,1223373,0.0,0.0
2011-04-04,69.0,70.80000305175781,69.0,69.8499984741211,57.94472122192383,2942108,0.0,0.0
2011-04-05,70.0,70.5,68.44999694824219,69.0,57.239601135253906,2055854,0.0,0.0
2011-04-06,68.0,69.5999984741211,67.3499984741211,68.0,56.410037994384766,1770628,0.0,0.0
2011-04-07,68.0999984741211,69.4000015258789,67.0999984741211,68.0,56.410037994384766,2417443,0.0,0.0
2011-04-08,68.5,68.80000305175781,66.0999984741211,66.55000305175781,55.20716857910156,2055922,0.0,0.0
2011-04-11,65.5999984741211,66.30000305175781,65.0,65.25,54.12874984741211,1040504,0.0,0.0
2011-04-13,65.0,67.9000015258789,64.9000015258789,67.5,55.9952507019043,1478051,0.0,0.0
2011-04-15,67.25,68.6500015258789,66.80000305175781,67.55000305175781,56.0367317199707,1277714,0.0,0.0
2011-04-18,68.0,69.80000305175781,66.05000305175781,66.3499984741211,55.04126739501953,2911523,0.0,0.0
2011-04-19,66.0,67.55000305175781,66.0,66.75,55.37309265136719,1251261,0.0,0.0
2011-04-20,67.05000305175781,70.0999984741211,67.05000305175781,69.69999694824219,57.820289611816406,2765662,0.0,0.0
2011-04-21,70.0,73.5,69.25,73.0999984741211,60.64078140258789,9966299,0.0,0.0
2011-04-25,73.4000015258789,74.30000305175781,72.19999694824219,72.44999694824219,60.10158157348633,3978809,0.0,0.0
2011-04-26,72.8499984741211,73.44999694824219,71.55000305175781,73.1500015258789,60.68226623535156,2449030,0.0,0.0
2011-04-27,73.5999984741211,73.80000305175781,70.9000015258789,71.44999694824219,59.27200698852539,2095513,0.0,0.0
2011-04-28,72.5,72.5,70.30000305175781,70.6500015258789,58.608367919921875,1796962,0.0,0.0
2011-04-29,71.5,71.5,68.75,69.4000015258789,57.571414947509766,2137333,0.0,0.0
2011-05-02,69.4000015258789,70.30000305175781,67.8499984741211,68.55000305175781,56.86629867553711,1291814,0.0,0.0
2011-05-03,68.5,68.5,65.5,66.05000305175781,54.79240798950195,1440319,0.0,0.0
2011-05-04,66.0999984741211,67.9000015258789,64.1500015258789,67.4000015258789,55.912288665771484,2155514,0.0,0.0
2011-05-05,67.94999694824219,70.19999694824219,67.4000015258789,69.1500015258789,57.36402893066406,4127947,0.0,0.0
2011-05-06,69.4000015258789,71.0,69.3499984741211,70.55000305175781,58.525413513183594,3183123,0.0,0.0
2011-05-09,70.80000305175781,71.5999984741211,70.05000305175781,70.55000305175781,58.525413513183594,2939979,0.0,0.0
2011-05-10,70.25,72.4000015258789,69.0999984741211,71.8499984741211,59.60383987426758,2380655,0.0,0.0
2011-05-11,70.9000015258789,74.8499984741211,69.8499984741211,70.55000305175781,58.525413513183594,18157967,0.0,0.0
2011-05-12,70.4000015258789,71.25,69.0,69.5999984741211,57.73732376098633,4636975,0.0,0.0
2011-05-13,69.5,70.80000305175781,68.80000305175781,69.69999694824219,57.820289611816406,2302892,0.0,0.0
2011-05-16,69.1500015258789,69.6500015258789,68.5,69.05000305175781,57.281070709228516,880842,0.0,0.0
2011-05-17,68.75,69.4000015258789,65.5,66.44999694824219,55.12422180175781,2126993,0.0,0.0
2011-05-18,66.0999984741211,67.9000015258789,65.0999984741211,66.80000305175781,55.414573669433594,5783635,0.0,0.0
2011-05-19,66.1500015258789,67.55000305175781,65.80000305175781,66.0999984741211,54.83387756347656,1646015,0.0,0.0
2011-05-20,66.25,67.05000305175781,65.44999694824219,65.8499984741211,54.62648391723633,2043335,0.0,0.0
2011-05-23,65.80000305175781,66.0,62.25,62.650001525878906,51.971893310546875,2378107,0.0,0.0
2011-05-24,62.650001525878906,64.30000305175781,61.099998474121094,63.849998474121094,52.96736145019531,3446090,0.0,0.0
2011-05-25,63.54999923706055,65.30000305175781,62.25,64.94999694824219,53.87986755371094,4434959,0.0,0.0
2011-05-26,65.0,67.6500015258789,63.70000076293945,67.0999984741211,55.663429260253906,3686968,0.0,0.0
2011-05-27,67.19999694824219,71.94999694824219,66.1500015258789,70.69999694824219,58.64984893798828,5236828,0.0,0.0
2011-05-30,70.75,71.0,68.5,69.0,57.239601135253906,1281724,0.0,0.0
2011-05-31,69.5,69.9000015258789,68.3499984741211,68.9000015258789,57.15663528442383,655827,0.0,0.0
2011-06-01,68.9000015258789,71.19999694824219,68.1500015258789,70.94999694824219,58.85723114013672,2208823,0.0,0.0
2011-06-02,70.0,71.80000305175781,68.4000015258789,70.8499984741211,58.77426528930664,2447964,0.0,0.0
2011-06-03,71.0,71.9000015258789,69.55000305175781,69.8499984741211,57.94472122192383,1318198,0.0,0.0
2011-06-06,69.5,70.75,68.94999694824219,70.05000305175781,58.110626220703125,962177,0.0,0.0
2011-06-07,70.0,72.4000015258789,69.6500015258789,71.94999694824219,59.68679428100586,1797664,0.0,0.0
2011-06-08,71.9000015258789,72.8499984741211,71.19999694824219,71.8499984741211,59.60383987426758,2723243,0.0,0.0
2011-06-09,71.9000015258789,72.3499984741211,70.9000015258789,71.55000305175781,59.354976654052734,1851831,0.0,0.0
2011-06-10,71.9000015258789,72.9000015258789,71.3499984741211,72.05000305175781,59.769752502441406,2477609,0.0,0.0
2011-06-13,71.05000305175781,72.9000015258789,71.05000305175781,72.55000305175781,60.184532165527344,1333143,0.0,0.0
2011-06-14,72.5,72.9000015258789,71.05000305175781,71.4000015258789,59.23052978515625,2441685,0.0,0.0
2011-06-15,71.5,73.5999984741211,71.05000305175781,73.30000305175781,60.80670928955078,2619157,0.0,0.0
2011-06-16,73.30000305175781,77.25,72.55000305175781,76.19999694824219,63.21242141723633,5722902,0.0,0.0
2011-06-17,76.0,76.44999694824219,74.30000305175781,75.3499984741211,62.507301330566406,2174114,0.0,0.0
2011-06-20,75.80000305175781,75.80000305175781,71.0,73.1500015258789,60.68226623535156,1820960,0.0,0.0
2011-06-21,72.55000305175781,76.0,72.55000305175781,75.05000305175781,62.25843811035156,1830065,0.0,0.0
2011-06-22,75.0,76.1500015258789,71.5999984741211,72.05000305175781,59.769752502441406,2617347,0.0,0.0
2011-06-23,71.44999694824219,73.9000015258789,70.69999694824219,73.25,60.76521682739258,1936141,0.0,0.0
2011-06-24,72.4000015258789,75.25,72.05000305175781,74.94999694824219,62.17546844482422,1771650,0.0,0.0
2011-06-27,73.55000305175781,77.30000305175781,73.55000305175781,76.25,63.25390625,2895342,0.0,0.0
2011-06-28,76.9000015258789,79.0999984741211,76.69999694824219,78.5999984741211,65.20336151123047,5958491,0.0,0.0
2011-06-29,78.94999694824219,79.6500015258789,77.19999694824219,77.6500015258789,64.41529083251953,2344733,0.0,0.0
2011-06-30,77.0,79.4000015258789,76.0999984741211,78.25,64.91300964355469,5874182,0.0,0.0
2011-07-01,78.8499984741211,80.4000015258789,77.5999984741211,79.5999984741211,66.0329360961914,2803095,0.0,0.0
2011-07-04,79.6500015258789,80.3499984741211,78.0999984741211,79.0,65.53518676757812,1359693,0.0,0.0
2011-07-05,78.94999694824219,81.0,78.30000305175781,80.25,66.57213592529297,3349413,0.0,0.0
2011-07-06,80.25,80.4000015258789,78.19999694824219,78.6500015258789,65.24483489990234,1700211,0.0,0.0
2011-07-07,78.5999984741211,79.80000305175781,77.69999694824219,79.5999984741211,66.0329360961914,1650496,0.0,0.0
2011-07-08,79.5999984741211,80.4000015258789,78.6500015258789,79.1500015258789,65.65961456298828,1340377,0.0,0.0
2011-07-11,78.9000015258789,79.80000305175781,78.0999984741211,79.1500015258789,65.65961456298828,991449,0.0,0.0
2011-07-12,78.5999984741211,79.4000015258789,77.25,77.69999694824219,64.45675659179688,1752554,0.0,0.0
2011-07-13,77.44999694824219,80.75,77.44999694824219,80.0999984741211,66.44770050048828,1496820,0.0,0.0
2011-07-14,80.0,80.9000015258789,79.25,79.75,66.15735626220703,1677720,0.0,0.0
2011-07-15,78.5999984741211,81.5,78.5999984741211,80.8499984741211,67.06988525390625,3284284,0.0,0.0
2011-07-18,80.75,82.4000015258789,80.55000305175781,81.0999984741211,67.27726745605469,2967592,0.0,0.0
2011-07-19,81.30000305175781,81.55000305175781,80.30000305175781,80.75,66.98690795898438,2015475,0.0,0.0
2011-07-20,81.25,81.3499984741211,78.3499984741211,78.5999984741211,65.20336151123047,2095024,0.0,0.0
2011-07-21,79.0,79.3499984741211,73.69999694824219,74.5999984741211,61.885128021240234,3799237,0.0,0.0
2011-07-22,75.0,76.1500015258789,74.30000305175781,74.8499984741211,62.092506408691406,2595564,0.0,0.0
2011-07-25,75.0,77.0,74.8499984741211,76.0999984741211,63.129459381103516,2019008,0.0,0.0
2011-07-26,76.0999984741211,76.19999694824219,73.5,74.1500015258789,61.91865158081055,1954291,0.5,0.0
2011-07-27,74.1500015258789,74.5,72.5999984741211,73.94999694824219,61.75163269042969,4033096,0.0,0.0
2011-07-28,73.5,76.25,72.5,75.4000015258789,62.96246337890625,6638940,0.0,0.0
2011-07-29,75.44999694824219,76.1500015258789,72.80000305175781,73.19999694824219,61.125343322753906,2737285,0.0,0.0
2011-08-01,73.6500015258789,74.30000305175781,72.25,72.80000305175781,60.79133987426758,3300541,0.0,0.0
2011-08-02,72.44999694824219,74.19999694824219,72.0999984741211,73.55000305175781,61.41763687133789,1775664,0.0,0.0
2011-08-03,71.25,73.80000305175781,69.19999694824219,72.75,60.74958038330078,1836585,0.0,0.0
2011-08-04,72.75,74.5,71.6500015258789,71.94999694824219,60.081546783447266,2004564,0.0,0.0
2011-08-05,70.5,70.5,66.80000305175781,69.9000015258789,58.36970138549805,1523165,0.0,0.0
2011-08-08,66.75,68.9000015258789,66.19999694824219,66.75,55.739315032958984,1320504,0.0,0.0
2011-08-09,61.650001525878906,70.0,61.650001525878906,69.5,58.03569030761719,3268224,0.0,0.0
2011-08-10,70.0,71.4000015258789,69.55000305175781,70.9000015258789,59.204750061035156,3606579,0.0,0.0
2011-08-11,71.19999694824219,71.30000305175781,66.30000305175781,67.19999694824219,56.115074157714844,5779989,0.0,0.0
2011-08-12,67.5,67.80000305175781,60.79999923706055,62.04999923706055,51.81459426879883,7973147,0.0,0.0
2011-08-16,62.5,63.29999923706055,55.599998474121094,56.29999923706055,47.01307678222656,6958801,0.0,0.0
2011-08-17,56.5,59.349998474121094,54.400001525878906,58.650001525878906,48.97543716430664,6019561,0.0,0.0
2011-08-18,59.0,60.349998474121094,56.0,56.75,47.38885498046875,4800227,0.0,0.0
2011-08-19,53.5,55.95000076293945,50.79999923706055,52.900001525878906,44.173927307128906,8522854,0.0,0.0
2011-08-22,55.0,55.599998474121094,51.650001525878906,54.650001525878906,45.635250091552734,6746004,0.0,0.0
2011-08-23,54.75,58.25,53.400001525878906,57.650001525878906,48.14039611816406,5597594,0.0,0.0
2011-08-24,57.849998474121094,58.900001525878906,56.150001525878906,56.75,47.38885498046875,3420634,0.0,0.0
2011-08-25,57.349998474121094,58.0,55.20000076293945,55.650001525878906,46.470306396484375,2719363,0.0,0.0
2011-08-26,55.29999923706055,56.45000076293945,52.400001525878906,53.95000076293945,45.05072021484375,3396314,0.0,0.0
2011-08-29,54.20000076293945,56.95000076293945,53.900001525878906,56.29999923706055,47.01307678222656,3396307,0.0,0.0
2011-08-30,56.5,59.900001525878906,55.25,59.150001525878906,49.39296340942383,6450955,0.0,0.0
2011-09-02,59.400001525878906,60.599998474121094,58.04999923706055,59.79999923706055,49.93574523925781,2661337,0.0,0.0
2011-09-05,58.75,61.95000076293945,58.150001525878906,61.400001525878906,51.271812438964844,3092307,0.0,0.0
2011-09-06,61.0,63.5,59.849998474121094,63.0,52.60789108276367,2758219,0.0,0.0
2011-09-07,63.349998474121094,63.70000076293945,62.25,62.95000076293945,52.56613540649414,1464811,0.0,0.0
2011-09-08,63.0,63.45000076293945,61.5,62.25,51.98160171508789,1447143,0.0,0.0
2011-09-09,62.75,63.29999923706055,59.95000076293945,60.150001525878906,50.228004455566406,1571938,0.0,0.0
2011-09-12,59.20000076293945,59.400001525878906,57.5,57.900001525878906,48.349159240722656,1288991,0.0,0.0
2011-09-13,58.20000076293945,60.0,58.0,58.349998474121094,48.72492599487305,885465,0.0,0.0
2011-09-14,58.599998474121094,60.400001525878906,58.150001525878906,59.20000076293945,49.43471908569336,1949454,0.0,0.0
2011-09-15,61.5,62.95000076293945,59.5,60.0,50.10275650024414,1706325,0.0,0.0
2011-09-16,60.5,60.849998474121094,58.5,58.79999923706055,49.10069274902344,1041860,0.0,0.0
2011-09-19,58.5,60.650001525878906,58.25,60.150001525878906,50.228004455566406,1157430,0.0,0.0
2011-09-20,59.04999923706055,60.5,58.75,59.54999923706055,49.72698211669922,1277605,0.0,0.0
2011-09-21,59.599998474121094,61.25,58.95000076293945,60.349998474121094,50.395015716552734,1840823,0.0,0.0
2011-09-22,59.5,60.0,57.849998474121094,58.650001525878906,48.97543716430664,2152168,0.0,0.0
2011-09-23,57.849998474121094,58.900001525878906,55.900001525878906,58.04999923706055,48.47440719604492,1553880,0.0,0.0
2011-09-26,57.79999923706055,58.349998474121094,55.5,56.349998474121094,47.05482864379883,837611,0.0,0.0
2011-09-27,60.0,60.0,56.20000076293945,57.150001525878906,47.72287368774414,2259313,0.0,0.0
2011-09-28,57.54999923706055,58.45000076293945,55.29999923706055,55.650001525878906,46.470306396484375,1274185,0.0,0.0
2011-09-29,55.20000076293945,56.650001525878906,54.20000076293945,56.04999923706055,46.804325103759766,2020578,0.0,0.0
2011-09-30,55.5,56.70000076293945,55.04999923706055,55.25,46.13628005981445,985399,0.0,0.0
2011-10-03,54.20000076293945,55.0,51.900001525878906,53.25,44.466182708740234,3591832,0.0,0.0
2011-10-04,53.0,54.25,51.70000076293945,51.900001525878906,43.3388786315918,1291608,0.0,0.0
2011-10-05,52.25,53.650001525878906,52.099998474121094,52.849998474121094,44.13216781616211,1255046,0.0,0.0
2011-10-07,54.099998474121094,55.400001525878906,53.79999923706055,54.599998474121094,45.593502044677734,1131667,0.0,0.0
2011-10-10,54.75,56.650001525878906,54.04999923706055,56.45000076293945,47.138336181640625,1412200,0.0,0.0
2011-10-11,57.79999923706055,57.79999923706055,56.099998474121094,57.099998474121094,47.681114196777344,1625527,0.0,0.0
2011-10-12,56.900001525878906,58.900001525878906,56.900001525878906,58.45000076293945,48.80841827392578,1295735,0.0,0.0
2011-10-13,58.599998474121094,59.5,57.0,57.29999923706055,47.84811782836914,1248635,0.0,0.0
2011-10-14,56.900001525878906,57.75,56.099998474121094,56.599998474121094,47.263587951660156,1322859,0.0,0.0
2011-10-17,57.20000076293945,57.20000076293945,55.5,55.75,46.553810119628906,1055626,0.0,0.0
2011-10-18,54.95000076293945,55.29999923706055,53.79999923706055,54.400001525878906,45.4265022277832,1556313,0.0,0.0
2011-10-19,54.849998474121094,55.400001525878906,54.099998474121094,54.5,45.5099983215332,1083348,0.0,0.0
2011-10-20,54.099998474121094,54.20000076293945,52.0,53.20000076293945,44.4244384765625,3858669,0.0,0.0
2011-10-21,53.25,55.70000076293945,53.150001525878906,53.900001525878906,45.00897216796875,3447869,0.0,0.0
2011-10-24,54.599998474121094,55.29999923706055,53.599998474121094,54.20000076293945,45.259483337402344,1030400,0.0,0.0
2011-10-25,54.5,56.29999923706055,53.650001525878906,56.04999923706055,46.804325103759766,1781475,0.0,0.0
2011-10-28,56.5,58.25,56.0,57.04999923706055,47.639366149902344,2723615,0.0,0.0
2011-10-31,57.25,58.29999923706055,56.400001525878906,57.599998474121094,48.0986328125,1386955,0.0,0.0
2011-11-01,57.5,57.5,56.20000076293945,56.5,47.18008804321289,760588,0.0,0.0
2011-11-02,55.900001525878906,57.04999923706055,55.099998474121094,55.400001525878906,46.26154327392578,1237552,0.0,0.0
2011-11-03,55.349998474121094,56.0,54.70000076293945,55.400001525878906,46.26154327392578,889128,0.0,0.0
2011-11-04,55.900001525878906,57.0,55.900001525878906,56.849998474121094,47.47235107421875,713804,0.0,0.0
2011-11-08,57.0,60.349998474121094,56.099998474121094,59.849998474121094,49.97748947143555,3117251,0.0,0.0
2011-11-09,61.20000076293945,62.20000076293945,59.0,59.349998474121094,49.55997085571289,7305156,0.0,0.0
2011-11-11,59.849998474121094,62.400001525878906,58.900001525878906,61.25,51.14655685424805,4113374,0.0,0.0
2011-11-14,61.400001525878906,62.29999923706055,60.5,61.599998474121094,51.438819885253906,2798201,0.0,0.0
2011-11-15,61.599998474121094,62.900001525878906,60.20000076293945,61.0,50.93778991699219,2808487,0.0,0.0
2011-11-16,60.95000076293945,61.70000076293945,58.79999923706055,60.25,50.3115119934082,1148527,0.0,0.0
2011-11-17,60.25,60.849998474121094,58.650001525878906,59.650001525878906,49.81048583984375,1477768,0.0,0.0
2011-11-18,59.29999923706055,61.75,57.349998474121094,60.29999923706055,50.353267669677734,1210045,0.0,0.0
2011-11-21,60.5,61.79999923706055,59.0,60.0,50.10275650024414,1091973,0.0,0.0
2011-11-22,61.0,63.5,59.79999923706055,61.400001525878906,51.271812438964844,1776848,0.0,0.0
2011-11-23,60.900001525878906,62.650001525878906,60.25,60.900001525878906,50.85429000854492,1705165,0.0,0.0
2011-11-24,60.54999923706055,66.0,60.099998474121094,64.5999984741211,53.943965911865234,2925198,0.0,0.0
2011-11-25,64.5999984741211,65.5999984741211,62.5,63.25,52.816646575927734,1697635,0.0,0.0
2011-11-28,64.5999984741211,66.05000305175781,63.599998474121094,64.6500015258789,53.9857063293457,3023524,0.0,0.0
2011-11-29,65.4000015258789,66.5,63.79999923706055,64.94999694824219,54.2362174987793,2121372,0.0,0.0
2011-11-30,64.94999694824219,66.5,63.650001525878906,66.05000305175781,55.154788970947266,1442517,0.0,0.0
2011-12-01,67.0999984741211,68.80000305175781,64.8499984741211,65.75,54.904258728027344,2044688,0.0,0.0
2011-12-02,66.19999694824219,66.69999694824219,64.55000305175781,66.30000305175781,55.363548278808594,1912622,0.0,0.0
2011-12-05,65.5999984741211,67.75,65.4000015258789,65.80000305175781,54.946014404296875,1848112,0.0,0.0
2011-12-07,66.80000305175781,67.44999694824219,65.5,66.44999694824219,55.488792419433594,1819970,0.0,0.0
2011-12-08,66.4000015258789,66.94999694824219,64.5999984741211,65.1500015258789,54.403236389160156,1674993,0.0,0.0
2011-12-09,63.79999923706055,65.80000305175781,63.099998474121094,65.4000015258789,54.61199951171875,1065115,0.0,0.0
2011-12-12,66.0,66.4000015258789,59.599998474121094,60.900001525878906,50.85429000854492,1549749,0.0,0.0
2011-12-13,59.54999923706055,61.0,58.150001525878906,60.25,50.3115119934082,2663374,0.0,0.0
2011-12-14,59.79999923706055,62.5,59.650001525878906,61.150001525878906,51.06305694580078,2097216,0.0,0.0
2011-12-15,61.150001525878906,63.849998474121094,59.45000076293945,63.45000076293945,52.98365783691406,1370054,0.0,0.0
2011-12-16,63.150001525878906,64.4000015258789,59.5,60.849998474121094,50.81254196166992,2592166,0.0,0.0
2011-12-19,60.25,62.599998474121094,58.95000076293945,61.45000076293945,51.31356430053711,1983841,0.0,0.0
2011-12-20,61.45000076293945,62.70000076293945,56.79999923706055,57.20000076293945,47.764617919921875,5427978,0.0,0.0
2011-12-21,58.70000076293945,59.25,54.5,55.5,46.34504318237305,5399002,0.0,0.0
2011-12-22,57.0,59.95000076293945,54.25,59.20000076293945,49.43471908569336,5329829,0.0,0.0
2011-12-23,59.900001525878906,61.0,58.099998474121094,60.45000076293945,50.478515625,2261641,0.0,0.0
2011-12-26,59.650001525878906,61.349998474121094,59.45000076293945,60.25,50.3115119934082,1569202,0.0,0.0
2011-12-27,60.400001525878906,61.0,59.150001525878906,60.75,50.729034423828125,1387559,0.0,0.0
2011-12-28,60.70000076293945,62.45000076293945,59.54999923706055,60.20000076293945,50.2697639465332,1103340,0.0,0.0
2011-12-29,59.79999923706055,60.54999923706055,59.150001525878906,59.75,49.89398956298828,1673075,0.0,0.0
2011-12-30,60.04999923706055,60.70000076293945,58.70000076293945,59.099998474121094,49.35121154785156,784626,0.0,0.0
2012-01-02,59.20000076293945,60.349998474121094,57.25,57.95000076293945,48.39090347290039,1181962,0.0,0.0
2012-01-03,58.70000076293945,62.20000076293945,58.650001525878906,61.75,51.564083099365234,2283676,0.0,0.0
2012-01-04,61.79999923706055,63.79999923706055,60.70000076293945,62.25,51.98160171508789,1820071,0.0,0.0
2012-01-05,61.900001525878906,63.70000076293945,61.599998474121094,63.150001525878906,52.733150482177734,1663313,0.0,0.0
2012-01-06,63.400001525878906,64.5,62.0,62.45000076293945,52.14861297607422,1682944,0.0,0.0
2012-01-09,63.0,64.30000305175781,61.70000076293945,63.70000076293945,53.19242477416992,1065170,0.0,0.0
2012-01-10,64.25,67.5,64.25,67.0999984741211,56.03156661987305,2104978,0.0,0.0
2012-01-11,67.55000305175781,67.75,65.44999694824219,66.6500015258789,55.65581130981445,2682030,0.0,0.0
2012-01-12,66.30000305175781,68.25,66.0,67.80000305175781,56.616111755371094,1290696,0.0,0.0
2012-01-13,67.5,69.1500015258789,67.1500015258789,67.6500015258789,56.490848541259766,1346031,0.0,0.0
2012-01-16,68.0,68.0,65.0,66.6500015258789,55.65581130981445,954785,0.0,0.0
2012-01-17,67.0,67.8499984741211,65.0,65.8499984741211,54.987770080566406,2506646,0.0,0.0
2012-01-18,66.0,66.0,63.150001525878906,64.44999694824219,53.818702697753906,1761104,0.0,0.0
2012-01-19,65.19999694824219,65.69999694824219,63.599998474121094,64.75,54.06922149658203,2026950,0.0,0.0
2012-01-20,65.44999694824219,66.19999694824219,63.95000076293945,64.5,53.86045455932617,1412596,0.0,0.0
2012-01-23,64.5,65.6500015258789,63.79999923706055,64.6500015258789,53.9857063293457,1044853,0.0,0.0
2012-01-24,65.44999694824219,67.5,64.5999984741211,67.05000305175781,55.98982238769531,3503392,0.0,0.0
2012-01-25,68.0,68.8499984741211,67.30000305175781,68.5,57.200626373291016,1684841,0.0,0.0
2012-01-27,68.94999694824219,70.75,68.4000015258789,68.94999694824219,57.57640838623047,2425323,0.0,0.0
2012-01-30,68.5,69.75,66.5999984741211,68.25,56.99188232421875,2760960,0.0,0.0
2012-01-31,68.80000305175781,72.9000015258789,67.8499984741211,72.44999694824219,60.49907302856445,2564782,0.0,0.0
2012-02-01,72.5,73.6500015258789,71.0,73.05000305175781,61.000099182128906,2682337,0.0,0.0
2012-02-02,73.25,73.69999694824219,69.8499984741211,70.94999694824219,59.246498107910156,1594022,0.0,0.0
2012-02-03,71.0999984741211,71.5,68.80000305175781,70.3499984741211,58.7454719543457,1101945,0.0,0.0
2012-02-06,71.0999984741211,73.9000015258789,70.5999984741211,72.75,60.74958038330078,4349254,0.0,0.0
2012-02-07,73.0,74.4000015258789,70.75,71.5,59.70577621459961,2683528,0.0,0.0
2012-02-08,71.5,73.0,71.05000305175781,72.4000015258789,60.45732116699219,1680014,0.0,0.0
2012-02-09,72.19999694824219,75.9000015258789,72.05000305175781,75.5,63.04597473144531,7615969,0.0,0.0
2012-02-10,75.19999694824219,77.25,73.8499984741211,75.75,63.254722595214844,5089780,0.0,0.0
2012-02-13,75.80000305175781,78.80000305175781,74.4000015258789,78.1500015258789,65.25884246826172,4350787,0.0,0.0
2012-02-14,78.4000015258789,78.9000015258789,76.0999984741211,77.9000015258789,65.0500717163086,2063773,0.0,0.0
2012-02-15,78.19999694824219,83.69999694824219,78.0999984741211,82.80000305175781,69.14179992675781,4455196,0.0,0.0
2012-02-16,82.9000015258789,83.44999694824219,78.94999694824219,79.55000305175781,66.42789459228516,2995865,0.0,0.0
2012-02-17,80.0,84.4000015258789,80.0,83.69999694824219,69.89334869384766,3449241,0.0,0.0
2012-02-21,82.5,84.0999984741211,81.0999984741211,82.4000015258789,68.80777740478516,3044796,0.0,0.0
2012-02-22,82.25,82.80000305175781,78.0,78.5999984741211,65.63459777832031,1669964,0.0,0.0
2012-02-23,78.19999694824219,78.9000015258789,74.75,76.0,63.46347427368164,2941606,0.0,0.0
2012-02-24,76.80000305175781,77.5,75.0,75.75,63.254722595214844,1916848,0.0,0.0
2012-02-27,76.25,76.25,74.5999984741211,75.55000305175781,63.08771514892578,1486790,0.0,0.0
2012-02-28,76.9000015258789,83.3499984741211,75.5,82.8499984741211,69.18354797363281,3281737,0.0,0.0
2012-02-29,84.30000305175781,86.44999694824219,82.05000305175781,85.4000015258789,71.31291198730469,4128424,0.0,0.0
2012-03-01,83.30000305175781,86.69999694824219,81.05000305175781,81.9000015258789,68.39026641845703,2901163,0.0,0.0
2012-03-02,85.4000015258789,85.4000015258789,79.30000305175781,79.55000305175781,66.42789459228516,2396127,0.0,0.0
2012-03-05,79.0999984741211,79.19999694824219,76.19999694824219,77.5,64.71605682373047,994753,0.0,0.0
2012-03-06,76.0999984741211,80.5999984741211,75.75,76.6500015258789,64.0062484741211,3252333,0.0,0.0
2012-03-07,76.55000305175781,80.3499984741211,75.80000305175781,79.80000305175781,66.63665771484375,1846856,0.0,0.0
2012-03-09,79.80000305175781,82.4000015258789,79.44999694824219,81.4000015258789,67.97272491455078,2747268,0.0,0.0
2012-03-12,82.5,84.1500015258789,80.25,83.80000305175781,69.97683715820312,2839275,0.0,0.0
2012-03-13,85.0,85.0,82.0999984741211,82.80000305175781,69.14179992675781,915574,0.0,0.0
2012-03-14,83.0999984741211,84.19999694824219,80.55000305175781,82.05000305175781,68.51551055908203,1440005,0.0,0.0
2012-03-15,81.4000015258789,81.75,79.19999694824219,79.80000305175781,66.63665771484375,1579256,0.0,0.0
2012-03-16,80.0,83.44999694824219,79.5,81.30000305175781,67.88922119140625,2209037,0.0,0.0
2012-03-19,81.75,82.44999694824219,79.30000305175781,80.1500015258789,66.92892456054688,1053884,0.0,0.0
2012-03-20,79.9000015258789,82.25,79.05000305175781,81.8499984741211,68.3484878540039,1621515,0.0,0.0
2012-03-21,82.8499984741211,84.0999984741211,80.75,83.05000305175781,69.35057067871094,4117251,0.0,0.0
2012-03-22,83.5,85.6500015258789,78.80000305175781,79.5999984741211,66.46965789794922,4550724,0.0,0.0
2012-03-23,79.4000015258789,81.80000305175781,78.8499984741211,80.55000305175781,67.262939453125,2042953,0.0,0.0
2012-03-26,81.0,81.0,77.05000305175781,77.94999694824219,65.0918197631836,1442894,0.0,0.0
2012-03-27,78.1500015258789,80.69999694824219,76.0999984741211,76.9000015258789,64.21503448486328,1812486,0.0,0.0
2012-03-28,76.9000015258789,77.4000015258789,75.1500015258789,75.6500015258789,63.17122268676758,923865,0.0,0.0
2012-03-29,75.0,79.30000305175781,74.3499984741211,77.3499984741211,64.59078216552734,3090287,0.0,0.0
2012-03-30,77.19999694824219,80.0999984741211,76.8499984741211,79.6500015258789,66.51141357421875,1347083,0.0,0.0
2012-04-02,79.80000305175781,81.0,78.5999984741211,79.30000305175781,66.2191390991211,1685507,0.0,0.0
2012-04-03,80.0,80.9000015258789,79.69999694824219,80.44999694824219,67.179443359375,1191192,0.0,0.0
2012-04-04,80.5,83.8499984741211,79.69999694824219,83.55000305175781,69.76807403564453,2370708,0.0,0.0
2012-04-09,84.0,86.4000015258789,82.3499984741211,84.5999984741211,70.6448745727539,5332129,0.0,0.0
2012-04-10,84.80000305175781,85.5999984741211,83.5999984741211,85.05000305175781,71.02063751220703,2539537,0.0,0.0
2012-04-11,85.05000305175781,85.44999694824219,81.5,82.6500015258789,69.01654052734375,1694105,0.0,0.0
2012-04-12,83.05000305175781,84.75,82.94999694824219,84.4000015258789,70.4778823852539,2134292,0.0,0.0
2012-04-13,85.30000305175781,88.9000015258789,84.05000305175781,86.19999694824219,71.98094177246094,8227646,0.0,0.0
2012-04-16,86.19999694824219,87.30000305175781,85.4000015258789,86.6500015258789,72.35671997070312,2080871,0.0,0.0
2012-04-17,86.80000305175781,91.80000305175781,85.8499984741211,91.4000015258789,76.32317352294922,6924491,0.0,0.0
2012-04-18,92.0,94.0,90.55000305175781,93.5,78.07679748535156,5531622,0.0,0.0
2012-04-19,93.9000015258789,94.80000305175781,90.75,91.19999694824219,76.15617370605469,6906484,0.0,0.0
2012-04-20,90.55000305175781,92.8499984741211,89.55000305175781,91.75,76.6154556274414,3997279,0.0,0.0
2012-04-23,91.75,92.8499984741211,88.0999984741211,89.19999694824219,74.486083984375,2424693,0.0,0.0
2012-04-24,89.30000305175781,91.9000015258789,87.5999984741211,90.94999694824219,75.94741821289062,3104169,0.0,0.0
2012-04-25,91.5,92.25,88.5,91.0,75.98917388916016,2475623,0.0,0.0
2012-04-26,92.8499984741211,92.8499984741211,90.0999984741211,91.3499984741211,76.28144836425781,1878922,0.0,0.0
2012-04-27,92.80000305175781,94.5,91.5,93.75,78.28553771972656,4869738,0.0,0.0
2012-04-30,92.75,93.4000015258789,89.4000015258789,90.4000015258789,75.48814392089844,4525260,0.0,0.0
2012-05-02,90.5,91.69999694824219,87.3499984741211,87.80000305175781,73.31703186035156,2837573,0.0,0.0
2012-05-03,87.5,87.94999694824219,84.30000305175781,84.75,70.77012634277344,2731475,0.0,0.0
2012-05-04,84.0,84.69999694824219,80.0,80.75,67.42993927001953,3632250,0.0,0.0
2012-05-07,79.1500015258789,84.0999984741211,76.69999694824219,83.19999694824219,69.47582244873047,3850473,0.0,0.0
2012-05-08,84.19999694824219,84.8499984741211,81.1500015258789,82.25,68.68254089355469,4311201,0.0,0.0
2012-05-09,81.25,85.0999984741211,81.0999984741211,84.5999984741211,70.6448745727539,3842407,0.0,0.0
2012-05-10,85.0,86.8499984741211,79.6500015258789,81.69999694824219,68.22323608398438,11347756,0.0,0.0
2012-05-11,80.8499984741211,83.5,80.4000015258789,82.94999694824219,69.26705169677734,2754857,0.0,0.0
2012-05-14,83.0,83.5,79.75,82.0999984741211,68.5572509765625,1769785,0.0,0.0
2012-05-15,81.44999694824219,85.25,81.44999694824219,84.80000305175781,70.8118896484375,1798593,0.0,0.0
2012-05-16,83.94999694824219,84.55000305175781,81.80000305175781,83.19999694824219,69.47582244873047,1817379,0.0,0.0
2012-05-17,83.8499984741211,84.4000015258789,82.05000305175781,83.9000015258789,70.06035614013672,1756948,0.0,0.0
2012-05-18,83.05000305175781,85.25,81.5,84.6500015258789,70.6866226196289,1452495,0.0,0.0
2012-05-21,84.6500015258789,86.44999694824219,84.30000305175781,85.55000305175781,71.43816375732422,1268590,0.0,0.0
2012-05-22,85.0,86.55000305175781,81.75,82.69999694824219,69.05827331542969,3022623,0.0,0.0
2012-05-23,82.19999694824219,83.75,81.75,83.3499984741211,69.60106658935547,1292462,0.0,0.0
2012-05-24,83.25,88.0999984741211,82.8499984741211,87.55000305175781,73.10826110839844,2134121,0.0,0.0
2012-05-25,88.0,89.0,86.80000305175781,87.75,73.27527618408203,2428138,0.0,0.0
2012-05-28,87.0,89.30000305175781,86.9000015258789,88.8499984741211,74.19381713867188,1521687,0.0,0.0
2012-05-29,89.0,91.19999694824219,88.0999984741211,89.0999984741211,74.40257263183594,2254662,0.0,0.0
2012-05-30,88.6500015258789,88.6500015258789,85.80000305175781,86.19999694824219,71.98094177246094,732086,0.0,0.0
2012-05-31,85.4000015258789,87.3499984741211,85.05000305175781,86.5999984741211,72.31497192382812,1491430,0.0,0.0
2012-06-01,85.3499984741211,86.5999984741211,79.3499984741211,80.8499984741211,67.51345825195312,3363520,0.0,0.0
2012-06-04,80.30000305175781,82.19999694824219,78.44999694824219,81.44999694824219,68.01448822021484,1509104,0.0,0.0
2012-06-05,81.75,83.19999694824219,77.6500015258789,78.1500015258789,65.25884246826172,3007782,0.0,0.0
2012-06-06,79.0,84.9000015258789,76.5,84.05000305175781,70.18560028076172,4666313,0.0,0.0
2012-06-07,84.5,85.30000305175781,82.0999984741211,83.4000015258789,69.642822265625,2172828,0.0,0.0
2012-06-08,83.05000305175781,83.3499984741211,81.4000015258789,82.3499984741211,68.7660140991211,2519161,0.0,0.0
2012-06-11,83.0,85.0999984741211,81.5,81.9000015258789,68.39026641845703,2703288,0.0,0.0
2012-06-12,81.6500015258789,83.0999984741211,80.4000015258789,82.1500015258789,68.59901428222656,3813263,0.0,0.0
2012-06-13,82.5,82.94999694824219,80.0999984741211,80.94999694824219,67.59696960449219,2203378,0.0,0.0
2012-06-14,80.5,82.3499984741211,79.0,79.44999694824219,66.3443832397461,3284214,0.0,0.0
2012-06-15,79.5,81.80000305175781,79.1500015258789,80.9000015258789,67.55521392822266,2917691,0.0,0.0
2012-06-18,80.9000015258789,82.0,76.9000015258789,78.1500015258789,65.25884246826172,2391315,0.0,0.0
2012-06-19,77.80000305175781,79.0999984741211,75.30000305175781,75.94999694824219,63.421722412109375,2965865,0.0,0.0
2012-06-20,75.5,77.94999694824219,73.75,77.30000305175781,64.54904174804688,6378938,0.0,0.0
2012-06-21,77.0999984741211,79.5999984741211,76.0,78.80000305175781,65.80160522460938,2074378,0.0,0.0
2012-06-22,76.05000305175781,79.5999984741211,76.05000305175781,79.0,65.96862030029297,2377722,0.0,0.0
2012-06-25,79.19999694824219,80.80000305175781,78.0999984741211,78.6500015258789,65.67633819580078,2309515,0.0,0.0
2012-06-26,78.0,79.30000305175781,77.5999984741211,78.44999694824219,65.50934600830078,1096206,0.0,0.0
2012-06-27,78.3499984741211,79.75,78.25,79.55000305175781,66.42789459228516,1607912,0.0,0.0
2012-06-28,79.6500015258789,79.8499984741211,77.5,77.8499984741211,65.00830078125,1818649,0.0,0.0
2012-06-29,78.25,79.8499984741211,78.05000305175781,79.0,65.96862030029297,2360784,0.0,0.0
2012-07-02,79.1500015258789,80.6500015258789,78.0,79.30000305175781,66.2191390991211,2606539,0.0,0.0
2012-07-03,79.94999694824219,80.0,77.5,77.94999694824219,65.0918197631836,2716679,0.0,0.0
2012-07-04,78.0,78.4000015258789,76.25,77.0,64.29852294921875,3332054,0.0,0.0
2012-07-05,77.19999694824219,81.0,76.8499984741211,80.6500015258789,67.34644317626953,3989725,0.0,0.0
2012-07-06,79.5,82.5,78.5999984741211,81.75,68.26499938964844,3417229,0.0,0.0
2012-07-09,81.5999984741211,82.30000305175781,79.9000015258789,81.25,67.84746551513672,2176048,0.0,0.0
2012-07-10,81.9000015258789,83.9000015258789,81.75,83.4000015258789,69.642822265625,3039365,0.0,0.0
2012-07-11,83.0,84.4000015258789,81.3499984741211,81.8499984741211,68.3484878540039,1944824,0.0,0.0
2012-07-12,81.05000305175781,83.8499984741211,80.05000305175781,83.3499984741211,69.60106658935547,3810113,0.0,0.0
2012-07-13,84.0,84.25,82.3499984741211,82.69999694824219,69.05827331542969,1908861,0.0,0.0
2012-07-16,82.69999694824219,83.69999694824219,81.5,82.44999694824219,68.84953308105469,1331353,0.0,0.0
2012-07-17,82.94999694824219,83.5999984741211,80.9000015258789,81.3499984741211,67.93098449707031,1294151,0.0,0.0
2012-07-18,80.5999984741211,83.5999984741211,80.5999984741211,83.30000305175781,69.55931854248047,1640476,0.0,0.0
2012-07-19,83.9000015258789,85.19999694824219,82.5999984741211,82.8499984741211,69.18354797363281,2397800,0.0,0.0
2012-07-20,82.5,83.75,82.25,83.05000305175781,69.35057067871094,773049,0.0,0.0
2012-07-23,81.5,82.69999694824219,80.75,81.69999694824219,68.22323608398438,1285938,0.0,0.0
2012-07-24,81.5999984741211,82.44999694824219,79.6500015258789,80.94999694824219,67.59696960449219,1748545,0.0,0.0
2012-07-25,81.19999694824219,81.55000305175781,79.30000305175781,80.9000015258789,67.55521392822266,1960360,0.0,0.0
2012-07-26,80.5,82.3499984741211,79.5,80.19999694824219,66.9706802368164,1332603,0.0,0.0
2012-07-27,81.0,83.30000305175781,78.4000015258789,79.4000015258789,66.30262756347656,4112913,0.0,0.0
2012-07-30,80.0,80.25,78.5999984741211,79.75,67.01690673828125,2118395,0.5,0.0
2012-07-31,80.44999694824219,80.44999694824219,77.30000305175781,77.75,65.3362808227539,2477761,0.0,0.0
2012-08-01,77.4000015258789,78.75,76.55000305175781,78.30000305175781,65.79843139648438,2401348,0.0,0.0
2012-08-02,78.5,79.3499984741211,78.0999984741211,78.6500015258789,66.0925521850586,2050403,0.0,0.0
2012-08-03,78.0,80.0,77.80000305175781,79.3499984741211,66.6807861328125,2315954,0.0,0.0
2012-08-06,80.9000015258789,80.9000015258789,78.8499984741211,79.4000015258789,66.7228012084961,1870019,0.0,0.0
2012-08-07,79.8499984741211,81.3499984741211,79.30000305175781,80.55000305175781,67.68921661376953,2006777,0.0,0.0
2012-08-08,81.05000305175781,81.5,79.19999694824219,79.5,66.80684661865234,1754693,0.0,0.0
2012-08-09,80.0,84.30000305175781,80.0,83.69999694824219,70.33624267578125,10767890,0.0,0.0
2012-08-10,84.0,86.44999694824219,83.69999694824219,85.8499984741211,72.14299011230469,4926046,0.0,0.0
2012-08-13,86.0,87.19999694824219,84.69999694824219,87.0,73.10938262939453,3092487,0.0,0.0
2012-08-14,87.0999984741211,88.4000015258789,85.05000305175781,87.5999984741211,73.61357116699219,2587608,0.0,0.0
2012-08-16,88.0,91.0,87.0999984741211,89.1500015258789,74.91610717773438,4220518,0.0,0.0
2012-08-17,89.5,92.0,89.0999984741211,91.30000305175781,76.72282409667969,6177834,0.0,0.0
2012-08-21,91.4000015258789,95.5,90.05000305175781,95.19999694824219,80.0001449584961,4807507,0.0,0.0
2012-08-22,95.5999984741211,96.44999694824219,93.5,93.9000015258789,78.90769958496094,4201509,0.0,0.0
2012-08-23,94.0,95.69999694824219,93.5,95.0,79.83207702636719,4039038,0.0,0.0
2012-08-24,94.69999694824219,95.94999694824219,93.9000015258789,95.25,80.04214477539062,2385163,0.0,0.0
2012-08-27,94.0,98.30000305175781,94.0,95.19999694824219,80.0001449584961,6039752,0.0,0.0
2012-08-28,96.0,96.19999694824219,91.05000305175781,93.9000015258789,78.90769958496094,3565422,0.0,0.0
2012-08-29,93.9000015258789,94.05000305175781,90.1500015258789,90.5999984741211,76.13458251953125,3507889,0.0,0.0
2012-08-30,90.5,100.80000305175781,88.30000305175781,95.19999694824219,80.0001449584961,3873876,0.0,0.0
2012-08-31,94.75,95.44999694824219,93.05000305175781,93.80000305175781,78.82368469238281,1865576,0.0,0.0
2012-09-03,93.19999694824219,94.8499984741211,91.19999694824219,91.6500015258789,77.0169448852539,3466938,0.0,0.0
2012-09-04,92.0,93.25,91.5999984741211,92.1500015258789,77.4371109008789,2246031,0.0,0.0
2012-09-05,91.9000015258789,93.80000305175781,91.05000305175781,92.0999984741211,77.39508819580078,2370674,0.0,0.0
2012-09-06,92.1500015258789,93.1500015258789,91.1500015258789,91.5,76.8908920288086,1705003,0.0,0.0
2012-09-07,92.8499984741211,94.5,92.1500015258789,93.55000305175781,78.61357879638672,2811632,0.0,0.0
2012-09-10,95.05000305175781,95.94999694824219,92.80000305175781,93.5999984741211,78.65559387207031,2666128,0.0,0.0
2012-09-11,93.5,94.0,91.80000305175781,93.5999984741211,78.65559387207031,1658600,0.0,0.0
2012-09-12,94.5,100.19999694824219,94.5,99.6500015258789,83.7396469116211,6736587,0.0,0.0
2012-09-13,100.1500015258789,102.44999694824219,98.9000015258789,99.8499984741211,83.90772247314453,6182756,0.0,0.0
2012-09-14,101.0,102.3499984741211,99.55000305175781,100.0,84.03376770019531,3309418,0.0,0.0
2012-09-17,101.80000305175781,102.0,98.4000015258789,99.9000015258789,83.94973754882812,3516225,0.0,0.0
2012-09-18,100.0,102.30000305175781,99.05000305175781,99.4000015258789,83.5295639038086,4046573,0.0,0.0
2012-09-20,99.5,99.75,95.5999984741211,95.8499984741211,80.5463638305664,2619876,0.0,0.0
2012-09-21,95.5,98.6500015258789,95.30000305175781,97.19999694824219,81.68081665039062,5083176,0.0,0.0
2012-09-24,97.05000305175781,98.0999984741211,92.4000015258789,92.80000305175781,77.98332977294922,5684351,0.0,0.0
2012-09-25,91.5,93.44999694824219,88.75,92.30000305175781,77.56317138671875,7978976,0.0,0.0
2012-09-26,92.94999694824219,94.25,89.19999694824219,89.8499984741211,75.50434112548828,7741857,0.0,0.0
2012-09-27,89.4000015258789,91.69999694824219,88.5999984741211,90.4000015258789,75.96652221679688,4982997,0.0,0.0
2012-09-28,91.55000305175781,93.0,91.0999984741211,92.6500015258789,77.85728454589844,3857571,0.0,0.0
2012-10-01,93.0,94.69999694824219,91.80000305175781,92.0999984741211,77.39508819580078,5709879,0.0,0.0
2012-10-03,92.5,93.5,91.1500015258789,92.80000305175781,77.98332977294922,3390744,0.0,0.0
2012-10-04,93.3499984741211,93.69999694824219,89.9000015258789,90.1500015258789,75.75643920898438,3953733,0.0,0.0
2012-10-05,90.5,91.5999984741211,88.80000305175781,89.69999694824219,75.37828826904297,3787030,0.0,0.0
2012-10-08,90.19999694824219,90.5,86.19999694824219,86.44999694824219,72.64717864990234,5675053,0.0,0.0
2012-10-09,86.55000305175781,87.25,85.44999694824219,85.94999694824219,72.22700500488281,4693344,0.0,0.0
2012-10-10,85.5,87.9000015258789,84.30000305175781,86.25,72.4791259765625,5771616,0.0,0.0
2012-10-11,86.4000015258789,88.5,85.8499984741211,88.0,73.94969177246094,3781474,0.0,0.0
2012-10-12,88.0,89.44999694824219,87.05000305175781,87.4000015258789,73.44551849365234,6516642,0.0,0.0
2012-10-15,87.8499984741211,87.94999694824219,85.9000015258789,86.1500015258789,72.39508819580078,2494696,0.0,0.0
2012-10-16,86.25,87.25,84.3499984741211,84.8499984741211,71.30265808105469,2347715,0.0,0.0
2012-10-17,85.05000305175781,86.69999694824219,84.5999984741211,85.0999984741211,71.5127182006836,2636674,0.0,0.0
2012-10-18,85.3499984741211,86.8499984741211,85.30000305175781,85.94999694824219,72.22700500488281,3255745,0.0,0.0
2012-10-19,85.94999694824219,86.69999694824219,84.25,84.5,71.00852966308594,2653196,0.0,0.0
2012-10-22,84.5,86.5999984741211,83.75,86.0,72.26902770996094,3234230,0.0,0.0
2012-10-23,86.9000015258789,87.69999694824219,86.30000305175781,86.5999984741211,72.77323913574219,3434408,0.0,0.0
2012-10-25,87.19999694824219,87.5,85.69999694824219,85.94999694824219,72.22700500488281,4082630,0.0,0.0
2012-10-29,85.0,85.75,84.1500015258789,84.94999694824219,71.38666534423828,1384400,0.0,0.0
2012-10-30,85.0999984741211,87.5999984741211,82.75,87.0999984741211,73.19342041015625,6160030,0.0,0.0
2012-10-31,88.05000305175781,88.1500015258789,85.25,85.80000305175781,72.10099029541016,5953841,0.0,0.0
2012-11-01,86.44999694824219,88.9000015258789,85.5,88.5,74.369873046875,6150857,0.0,0.0
2012-11-02,89.0,90.5,85.9000015258789,86.3499984741211,72.56314849853516,19470447,0.0,0.0
2012-11-05,86.0,86.44999694824219,84.0999984741211,84.5999984741211,71.09256744384766,3970556,0.0,0.0
2012-11-06,83.05000305175781,85.5,83.05000305175781,84.8499984741211,71.30265808105469,3660619,0.0,0.0
2012-11-07,84.9000015258789,85.69999694824219,83.8499984741211,84.19999694824219,70.75641632080078,3202702,0.0,0.0
2012-11-08,84.0,84.0,82.19999694824219,82.44999694824219,69.28583526611328,4077694,0.0,0.0
2012-11-09,82.30000305175781,82.8499984741211,79.8499984741211,80.0999984741211,67.31105041503906,4656447,0.0,0.0
2012-11-12,80.0999984741211,82.1500015258789,79.55000305175781,81.80000305175781,68.7396240234375,2653985,0.0,0.0
2012-11-15,81.5,81.75,80.1500015258789,81.5,68.48753356933594,1892380,0.0,0.0
2012-11-16,81.25,82.4000015258789,79.30000305175781,80.19999694824219,67.39506530761719,2355014,0.0,0.0
2012-11-19,80.4000015258789,80.9000015258789,80.0,80.19999694824219,67.39506530761719,1565533,0.0,0.0
2012-11-20,80.0,81.0,78.30000305175781,78.9000015258789,66.3026351928711,2846599,0.0,0.0
2012-11-21,79.0,81.25,78.0999984741211,80.9000015258789,67.98332214355469,5759545,0.0,0.0
2012-11-22,81.25,84.0,81.25,83.0999984741211,69.83206176757812,6680028,0.0,0.0
2012-11-23,83.19999694824219,83.9000015258789,81.6500015258789,82.25,69.11778259277344,2574295,0.0,0.0
2012-11-26,82.25,83.80000305175781,82.25,83.5,70.16819763183594,1921919,0.0,0.0
2012-11-27,84.0,84.5999984741211,83.30000305175781,83.55000305175781,70.21021270751953,1601185,0.0,0.0
2012-11-29,83.75,84.44999694824219,83.0,83.55000305175781,70.21021270751953,2989547,0.0,0.0
2012-11-30,83.80000305175781,84.9000015258789,83.3499984741211,84.5999984741211,71.09256744384766,3253185,0.0,0.0
2012-12-03,84.75,85.25,83.05000305175781,84.05000305175781,70.63037109375,1284410,0.0,0.0
2012-12-04,84.05000305175781,84.9000015258789,83.80000305175781,84.55000305175781,71.05054473876953,934117,0.0,0.0
2012-12-05,84.9000015258789,87.0999984741211,84.8499984741211,86.44999694824219,72.64717864990234,3063693,0.0,0.0
2012-12-06,86.75,88.5,86.25,87.80000305175781,73.7816390991211,3962653,0.0,0.0
2012-12-07,88.0,88.5,85.69999694824219,86.4000015258789,72.60516357421875,3041839,0.0,0.0
2012-12-10,86.5,87.25,85.55000305175781,86.3499984741211,72.56314849853516,1081478,0.0,0.0
2012-12-11,86.3499984741211,86.94999694824219,84.25,85.1500015258789,71.55474090576172,1707652,0.0,0.0
2012-12-12,85.30000305175781,87.19999694824219,85.0999984741211,86.25,72.4791259765625,2615342,0.0,0.0
2012-12-13,86.80000305175781,87.8499984741211,85.5999984741211,86.1500015258789,72.39508819580078,4623887,0.0,0.0
2012-12-14,87.80000305175781,87.80000305175781,86.0,86.8499984741211,72.98332214355469,1799849,0.0,0.0
2012-12-17,87.80000305175781,87.8499984741211,86.0999984741211,87.0,73.10938262939453,2232803,0.0,0.0
2012-12-18,87.30000305175781,88.3499984741211,86.5,88.0999984741211,74.03373718261719,2521819,0.0,0.0
2012-12-19,88.25,89.44999694824219,88.25,88.75,74.5799789428711,2354929,0.0,0.0
2012-12-20,89.0,89.30000305175781,87.05000305175781,88.0,73.94969177246094,2481795,0.0,0.0
2012-12-21,87.9000015258789,88.69999694824219,86.3499984741211,87.0,73.10938262939453,2509262,0.0,0.0
2012-12-24,87.8499984741211,88.0,86.05000305175781,86.5999984741211,72.77323913574219,1307656,0.0,0.0
2012-12-26,87.0,87.8499984741211,86.0999984741211,86.5,72.68919372558594,1204010,0.0,0.0
2012-12-27,86.55000305175781,87.5,84.30000305175781,85.19999694824219,71.59676361083984,4954207,0.0,0.0
2012-12-28,84.19999694824219,87.0,84.19999694824219,86.5,72.68919372558594,2143115,0.0,0.0
2012-12-31,87.25,89.25,86.9000015258789,89.0,74.79005432128906,2610855,0.0,0.0
2013-01-01,89.0999984741211,90.30000305175781,87.25,89.4000015258789,75.12617492675781,1284271,0.0,0.0
2013-01-02,90.25,91.5,89.75,90.30000305175781,75.88249969482422,2723709,0.0,0.0
2013-01-03,90.25,91.4000015258789,89.69999694824219,90.05000305175781,75.67240142822266,2771961,0.0,0.0
2013-01-04,90.0999984741211,90.4000015258789,88.05000305175781,89.55000305175781,75.25224304199219,1600590,0.0,0.0
2013-01-07,89.75,90.0,87.9000015258789,88.1500015258789,74.07575988769531,1852637,0.0,0.0
2013-01-08,88.30000305175781,89.6500015258789,87.25,89.25,75.0001220703125,1413179,0.0,0.0
2013-01-09,89.5,90.69999694824219,88.55000305175781,89.05000305175781,74.83206939697266,2876118,0.0,0.0
2013-01-10,89.0,89.80000305175781,87.8499984741211,88.55000305175781,74.4118881225586,1527983,0.0,0.0
2013-01-11,89.0,89.0,87.19999694824219,87.4000015258789,73.44551849365234,1375049,0.0,0.0
2013-01-14,87.94999694824219,89.5999984741211,87.1500015258789,89.30000305175781,75.04215240478516,1789105,0.0,0.0
2013-01-15,89.30000305175781,90.80000305175781,89.0999984741211,90.0999984741211,75.71443176269531,2389167,0.0,0.0
2013-01-16,89.80000305175781,90.4000015258789,87.5999984741211,88.4000015258789,74.28585052490234,2459553,0.0,0.0
2013-01-17,88.75,89.5,87.80000305175781,88.4000015258789,74.28585052490234,1254942,0.0,0.0
2013-01-18,88.5,89.0,87.5,87.69999694824219,73.69761657714844,1082051,0.0,0.0
2013-01-21,87.9000015258789,88.6500015258789,86.55000305175781,86.9000015258789,73.02533721923828,1230028,0.0,0.0
2013-01-22,87.30000305175781,88.0999984741211,85.5,85.9000015258789,72.18499755859375,2655880,0.0,0.0
2013-01-23,85.5,86.44999694824219,84.4000015258789,85.5999984741211,71.93289947509766,2256787,0.0,0.0
2013-01-24,85.4000015258789,85.5,81.5999984741211,82.4000015258789,69.24382019042969,2575494,0.0,0.0
2013-01-25,82.4000015258789,84.80000305175781,81.5,84.4000015258789,70.92450714111328,1443227,0.0,0.0
2013-01-28,82.69999694824219,85.5999984741211,82.69999694824219,84.1500015258789,70.71440887451172,963997,0.0,0.0
2013-01-29,84.0999984741211,86.0999984741211,83.5999984741211,85.05000305175781,71.47071075439453,2139765,0.0,0.0
2013-01-30,85.3499984741211,86.44999694824219,85.0,85.94999694824219,72.22700500488281,1820507,0.0,0.0
2013-01-31,86.0,87.3499984741211,85.6500015258789,86.0,72.26902770996094,3207856,0.0,0.0
2013-02-01,86.75,87.69999694824219,85.4000015258789,86.94999694824219,73.06735229492188,1201422,0.0,0.0
2013-02-04,87.0,87.44999694824219,86.0,86.5999984741211,72.77323913574219,1011117,0.0,0.0
2013-02-05,86.3499984741211,86.75,84.19999694824219,85.05000305175781,71.47071075439453,1929110,0.0,0.0
2013-02-06,86.0,87.5,84.30000305175781,84.8499984741211,71.30265808105469,6459205,0.0,0.0
2013-02-07,85.69999694824219,86.25,84.25,85.55000305175781,71.89087677001953,2083114,0.0,0.0
2013-02-08,85.94999694824219,86.9000015258789,85.0999984741211,86.4000015258789,72.60516357421875,1789434,0.0,0.0
2013-02-11,86.69999694824219,86.75,84.75,85.4000015258789,71.76483917236328,830657,0.0,0.0
2013-02-12,85.0,85.5999984741211,83.3499984741211,85.0999984741211,71.5127182006836,1361889,0.0,0.0
2013-02-13,84.94999694824219,85.75,83.55000305175781,84.0999984741211,70.6723861694336,578001,0.0,0.0
2013-02-14,84.1500015258789,85.5999984741211,83.0999984741211,84.9000015258789,71.34467315673828,2242910,0.0,0.0
2013-02-15,85.30000305175781,86.19999694824219,85.05000305175781,85.94999694824219,72.22700500488281,1624702,0.0,0.0
2013-02-18,86.19999694824219,87.25,80.0,86.9000015258789,73.02533721923828,1832381,0.0,0.0
2013-02-19,87.05000305175781,88.4000015258789,86.25,88.19999694824219,74.1177749633789,1301197,0.0,0.0
2013-02-20,89.4000015258789,89.4000015258789,88.30000305175781,89.0999984741211,74.87406158447266,1425256,0.0,0.0
2013-02-21,88.5,88.94999694824219,86.4000015258789,86.69999694824219,72.85726165771484,1266598,0.0,0.0
2013-02-22,86.75,90.0,86.30000305175781,89.0,74.79005432128906,1588981,0.0,0.0
2013-02-25,89.19999694824219,90.44999694824219,85.80000305175781,88.69999694824219,74.5379409790039,2026454,0.0,0.0
2013-02-26,88.30000305175781,88.5999984741211,84.5999984741211,84.9000015258789,71.34467315673828,1741874,0.0,0.0
2013-02-27,84.8499984741211,86.80000305175781,83.6500015258789,86.1500015258789,72.39508819580078,2055153,0.0,0.0
2013-02-28,86.5,87.19999694824219,82.0999984741211,82.69999694824219,69.49592590332031,2723746,0.0,0.0
2013-03-01,82.94999694824219,85.94999694824219,82.94999694824219,85.5,71.84886169433594,792663,0.0,0.0
2013-03-04,85.05000305175781,86.0,83.5,85.0,71.42870330810547,922660,0.0,0.0
2013-03-05,85.30000305175781,88.25,84.8499984741211,88.0,73.94969177246094,1875136,0.0,0.0
2013-03-06,88.5,89.75,88.5,88.94999694824219,74.74801635742188,1843239,0.0,0.0
2013-03-07,85.6500015258789,93.0,85.6500015258789,92.0,77.3110580444336,2794323,0.0,0.0
2013-03-08,92.5999984741211,93.5,90.69999694824219,91.1500015258789,76.59677124023438,2749727,0.0,0.0
2013-03-11,91.0,92.0,88.5,88.9000015258789,74.70601654052734,1575675,0.0,0.0
2013-03-12,88.9000015258789,90.19999694824219,85.9000015258789,86.69999694824219,72.85726165771484,1958332,0.0,0.0
2013-03-13,86.75,87.30000305175781,85.0999984741211,85.80000305175781,72.10099029541016,896769,0.0,0.0
2013-03-14,85.94999694824219,88.0,85.19999694824219,87.80000305175781,73.7816390991211,2920964,0.0,0.0
2013-03-15,87.94999694824219,88.75,85.5,86.80000305175781,72.94132232666016,3407910,0.0,0.0
2013-03-18,86.0,86.25,84.0999984741211,84.44999694824219,70.96652221679688,892275,0.0,0.0
2013-03-19,84.94999694824219,86.1500015258789,83.69999694824219,84.75,71.21861267089844,2763685,0.0,0.0
2013-03-20,84.9000015258789,84.9000015258789,82.75,83.5,70.16819763183594,974530,0.0,0.0
2013-03-21,83.5,84.94999694824219,81.55000305175781,82.94999694824219,69.70600128173828,3313790,0.0,0.0
2013-03-22,83.94999694824219,83.94999694824219,79.0999984741211,82.05000305175781,68.94970703125,2339905,0.0,0.0
2013-03-25,83.0,83.4000015258789,81.5,82.8499984741211,69.62198638916016,1903347,0.0,0.0
2013-03-26,82.75,83.0,80.44999694824219,80.69999694824219,67.81523132324219,1229740,0.0,0.0
2013-03-28,81.0,84.80000305175781,81.0,83.44999694824219,70.12618255615234,2854283,0.0,0.0
2013-04-01,84.0,86.5,82.94999694824219,86.0999984741211,72.35306549072266,1225750,0.0,0.0
2013-04-02,85.5,86.25,84.75,85.75,72.05895233154297,947128,0.0,0.0
2013-04-03,86.0,86.4000015258789,83.44999694824219,83.8499984741211,70.46231079101562,792914,0.0,0.0
2013-04-04,83.5,84.1500015258789,82.9000015258789,83.1500015258789,69.87406921386719,785683,0.0,0.0
2013-04-05,82.80000305175781,83.94999694824219,81.80000305175781,83.75,70.3782730102539,1231376,0.0,0.0
2013-04-08,83.69999694824219,84.4000015258789,82.5,83.1500015258789,69.87406921386719,604084,0.0,0.0
2013-04-09,82.55000305175781,84.25,82.55000305175781,83.0,69.74803161621094,1097983,0.0,0.0
2013-04-10,83.1500015258789,84.3499984741211,81.5,84.0,70.58834838867188,784037,0.0,0.0
2013-04-11,84.0,84.5,83.0,83.5999984741211,70.25222778320312,696426,0.0,0.0
2013-04-12,83.0,84.1500015258789,83.0,83.44999694824219,70.12618255615234,483071,0.0,0.0
2013-04-15,83.3499984741211,85.5,83.25,83.80000305175781,70.42029571533203,669221,0.0,0.0
2013-04-16,83.80000305175781,86.5,83.80000305175781,86.0,72.26902770996094,798135,0.0,0.0
2013-04-17,86.5,87.25,85.3499984741211,86.19999694824219,72.43711853027344,878864,0.0,0.0
2013-04-18,86.19999694824219,90.4000015258789,85.5999984741211,89.69999694824219,75.37828826904297,2115069,0.0,0.0
2013-04-22,90.0,94.30000305175781,90.0,93.69999694824219,78.73963928222656,2896952,0.0,0.0
2013-04-23,93.69999694824219,94.3499984741211,90.55000305175781,92.0999984741211,77.39508819580078,2345408,0.0,0.0
2013-04-25,92.5,93.1500015258789,91.55000305175781,92.1500015258789,77.4371109008789,750486,0.0,0.0
2013-04-26,92.0,92.5,90.0999984741211,91.05000305175781,76.51274871826172,864533,0.0,0.0
2013-04-29,90.8499984741211,95.30000305175781,90.8499984741211,95.1500015258789,79.9581298828125,1911684,0.0,0.0
2013-04-30,95.5999984741211,97.5999984741211,93.30000305175781,96.5999984741211,81.17660522460938,3047303,0.0,0.0
2013-05-02,96.19999694824219,97.25,95.30000305175781,96.0,80.67242431640625,950326,0.0,0.0
2013-05-03,96.94999694824219,99.69999694824219,94.4000015258789,98.80000305175781,83.02535247802734,2862878,0.0,0.0
2013-05-06,99.0,100.5,97.5,99.69999694824219,83.78165435791016,2524112,0.0,0.0
2013-05-07,99.5,101.5,98.19999694824219,100.44999694824219,84.41191864013672,1577257,0.0,0.0
2013-05-08,101.0,101.55000305175781,97.1500015258789,98.05000305175781,82.39511108398438,2259248,0.0,0.0
2013-05-09,98.5,98.69999694824219,94.0999984741211,94.9000015258789,79.748046875,3289228,0.0,0.0
2013-05-10,95.6500015258789,96.0,93.5,94.44999694824219,79.36988830566406,2744468,0.0,0.0
2013-05-13,94.0,94.80000305175781,89.69999694824219,90.05000305175781,75.67240142822266,2780208,0.0,0.0
2013-05-14,90.44999694824219,90.6500015258789,88.0,88.55000305175781,74.4118881225586,1821984,0.0,0.0
2013-05-15,88.55000305175781,91.1500015258789,88.55000305175781,90.75,76.26062774658203,1997742,0.0,0.0
2013-05-16,91.0,93.0,91.0,92.0999984741211,77.39508819580078,2254834,0.0,0.0
2013-05-17,92.5,92.69999694824219,90.5,91.69999694824219,77.05895233154297,813182,0.0,0.0
2013-05-20,92.0,92.4000015258789,90.4000015258789,91.5,76.8908920288086,1160784,0.0,0.0
2013-05-21,91.0,93.6500015258789,90.4000015258789,91.19999694824219,76.63877868652344,2037947,0.0,0.0
2013-05-22,90.55000305175781,92.5,88.80000305175781,89.30000305175781,75.04215240478516,1781148,0.0,0.0
2013-05-23,89.0,89.0,85.25,86.6500015258789,72.81526947021484,1571132,0.0,0.0
2013-05-24,86.80000305175781,87.0999984741211,85.0,86.0,72.26902770996094,1852517,0.0,0.0
2013-05-27,85.1500015258789,90.9000015258789,85.1500015258789,90.55000305175781,76.09257507324219,1511864,0.0,0.0
2013-05-28,91.5,91.5,89.1500015258789,90.30000305175781,75.88249969482422,940301,0.0,0.0
2013-05-29,90.30000305175781,90.9000015258789,88.75,90.44999694824219,76.00852966308594,952027,0.0,0.0
2013-05-30,91.5,92.5,89.30000305175781,89.94999694824219,75.58837127685547,2214324,0.0,0.0
2013-05-31,90.0,90.4000015258789,88.0,89.3499984741211,75.08416748046875,1362950,0.0,0.0
2013-06-03,88.5,89.9000015258789,88.0,89.19999694824219,74.95812225341797,591418,0.0,0.0
2013-06-04,88.69999694824219,90.94999694824219,88.6500015258789,89.9000015258789,75.54634857177734,1346272,0.0,0.0
2013-06-05,90.0,91.75,89.1500015258789,91.25,76.68081665039062,1127269,0.0,0.0
2013-06-06,91.19999694824219,94.0,90.3499984741211,93.1500015258789,78.27745056152344,1844506,0.0,0.0
2013-06-07,94.0,94.19999694824219,90.6500015258789,91.0,76.47071075439453,1604329,0.0,0.0
2013-06-10,91.5,92.1500015258789,89.5,90.0,75.63038635253906,1623504,0.0,0.0
2013-06-11,89.5,90.9000015258789,87.55000305175781,89.55000305175781,75.25224304199219,1778789,0.0,0.0
2013-06-12,89.5,92.80000305175781,88.19999694824219,91.94999694824219,77.26904296875,2209609,0.0,0.0
2013-06-13,86.19999694824219,86.19999694824219,67.6500015258789,68.55000305175781,57.60514831542969,37466798,0.0,0.0
2013-06-14,72.0,72.80000305175781,62.599998474121094,64.75,54.411865234375,53761980,0.0,0.0
2013-06-17,63.75,66.5,61.29999923706055,63.900001525878906,53.697574615478516,28282801,0.0,0.0
2013-06-18,64.4000015258789,65.9000015258789,62.20000076293945,62.599998474121094,52.605133056640625,23751976,0.0,0.0
2013-06-19,62.849998474121094,63.099998474121094,60.54999923706055,60.95000076293945,51.21857833862305,11203982,0.0,0.0
2013-06-20,60.0,62.849998474121094,59.5,61.5,51.68075942993164,13366823,0.0,0.0
2013-06-21,61.150001525878906,62.29999923706055,54.599998474121094,57.29999923706055,48.15134811401367,12928014,0.0,0.0
2013-06-24,57.0,59.150001525878906,55.95000076293945,58.400001525878906,49.07571792602539,9168835,0.0,0.0
2013-06-25,59.0,59.400001525878906,56.04999923706055,56.349998474121094,47.35301971435547,12000459,0.0,0.0
2013-06-26,56.900001525878906,57.79999923706055,56.04999923706055,56.45000076293945,47.43706130981445,8966799,0.0,0.0
2013-06-27,57.0,57.45000076293945,54.79999923706055,56.45000076293945,47.43706130981445,9077235,0.0,0.0
2013-06-28,57.349998474121094,57.349998474121094,55.599998474121094,56.5,47.47907257080078,6188791,0.0,0.0
2013-07-01,56.900001525878906,61.20000076293945,56.400001525878906,60.400001525878906,50.75639343261719,10495962,0.0,0.0
2013-07-02,60.5,61.70000076293945,59.400001525878906,59.900001525878906,50.336219787597656,8623311,0.0,0.0
2013-07-03,59.70000076293945,61.25,58.650001525878906,60.099998474121094,50.504295349121094,8572482,0.0,0.0
2013-07-04,59.70000076293945,62.29999923706055,59.70000076293945,60.900001525878906,51.17655944824219,7282742,0.0,0.0
2013-07-05,61.25,61.900001525878906,60.54999923706055,61.349998474121094,51.55471420288086,4481288,0.0,0.0
2013-07-08,60.599998474121094,61.150001525878906,59.650001525878906,60.29999923706055,50.672359466552734,3880222,0.0,0.0
2013-07-09,60.349998474121094,64.05000305175781,60.349998474121094,63.20000076293945,53.10934066772461,5886887,0.0,0.0
2013-07-10,63.400001525878906,64.19999694824219,62.150001525878906,63.25,53.15134811401367,9891019,0.0,0.0
2013-07-11,64.5,64.9000015258789,63.5,64.25,53.991695404052734,8191043,0.0,0.0
2013-07-12,64.80000305175781,66.0999984741211,64.5999984741211,65.75,55.252197265625,6126017,0.0,0.0
2013-07-15,66.0,67.75,65.5,67.3499984741211,56.59674835205078,4673863,0.0,0.0
2013-07-16,65.80000305175781,68.94999694824219,65.3499984741211,68.19999694824219,57.31102752685547,7244569,0.0,0.0
2013-07-17,68.0,71.9000015258789,67.80000305175781,71.19999694824219,59.832035064697266,8589160,0.0,0.0
2013-07-18,71.25,71.69999694824219,69.8499984741211,71.19999694824219,60.25518798828125,12498640,0.5,0.0
2013-07-19,71.0,71.75,69.8499984741211,70.3499984741211,59.53584671020508,7129059,0.0,0.0
2013-07-22,70.30000305175781,70.44999694824219,68.75,69.80000305175781,59.07040023803711,5643891,0.0,0.0
2013-07-23,70.5,70.75,66.94999694824219,67.75,57.33552169799805,4052739,0.0,0.0
2013-07-24,67.5999984741211,68.80000305175781,65.0999984741211,66.0,55.85451889038086,5223950,0.0,0.0
2013-07-25,66.0,70.19999694824219,66.0,68.80000305175781,58.22410202026367,6000726,0.0,0.0
2013-07-26,69.55000305175781,69.69999694824219,67.0,68.25,57.75865173339844,2625370,0.0,0.0
2013-07-29,68.0,69.1500015258789,67.0999984741211,67.5,57.12394332885742,2887344,0.0,0.0
2013-07-30,68.0,68.8499984741211,67.0999984741211,68.05000305175781,57.58940124511719,2980375,0.0,0.0
2013-07-31,68.0,68.75,61.54999923706055,67.30000305175781,56.954689025878906,3864040,0.0,0.0
2013-08-01,67.0,67.6500015258789,62.79999923706055,64.9000015258789,54.92361068725586,2567153,0.0,0.0
2013-08-02,65.5999984741211,67.19999694824219,64.30000305175781,65.9000015258789,55.769893646240234,2153034,0.0,0.0
2013-08-05,65.75,66.3499984741211,62.04999923706055,64.1500015258789,54.28889846801758,1360479,0.0,0.0
2013-08-06,63.5,64.5999984741211,62.099998474121094,63.099998474121094,53.40029525756836,1478933,0.0,0.0
2013-08-07,62.70000076293945,64.3499984741211,59.5,60.29999923706055,51.030723571777344,10694399,0.0,0.0
2013-08-08,60.900001525878906,62.400001525878906,60.650001525878906,61.650001525878906,52.17319869995117,5624444,0.0,0.0
2013-08-12,61.5,65.1500015258789,61.5,62.95000076293945,53.27336502075195,4626368,0.0,0.0
2013-08-13,63.0,65.5,62.849998474121094,65.30000305175781,55.262123107910156,7041983,0.0,0.0
2013-08-14,65.5,66.0,64.75,65.4000015258789,55.34675216674805,3355946,0.0,0.0
2013-08-16,64.94999694824219,68.25,64.3499984741211,65.0999984741211,55.09286880493164,7319251,0.0,0.0
2013-08-19,64.80000305175781,64.80000305175781,62.45000076293945,63.150001525878906,53.442626953125,2501956,0.0,0.0
2013-08-20,63.0,65.55000305175781,61.650001525878906,64.25,54.37353515625,2061469,0.0,0.0
2013-08-21,65.30000305175781,65.80000305175781,62.75,63.0,53.3156852722168,5540771,0.0,0.0
2013-08-22,62.650001525878906,64.1500015258789,61.5,63.20000076293945,53.48493957519531,2379270,0.0,0.0
2013-08-23,63.400001525878906,63.75,61.099998474121094,62.04999923706055,52.511714935302734,2773187,0.0,0.0
2013-08-26,62.599998474121094,64.5,62.45000076293945,63.5,53.73881912231445,3624154,0.0,0.0
2013-08-27,64.5,64.69999694824219,61.150001525878906,61.70000076293945,52.21552276611328,3031342,0.0,0.0
2013-08-28,59.70000076293945,62.599998474121094,59.400001525878906,62.0,52.469398498535156,3465391,0.0,0.0
2013-08-29,62.0,65.75,60.650001525878906,64.0999984741211,54.246585845947266,3528636,0.0,0.0
2013-08-30,64.0,65.0999984741211,62.0,62.95000076293945,53.27336502075195,2203820,0.0,0.0
2013-09-02,63.0,64.1500015258789,62.75,63.54999923706055,53.78113555908203,1326893,0.0,0.0
2013-09-03,63.5,64.0999984741211,61.650001525878906,62.25,52.68096923828125,1769320,0.0,0.0
2013-09-04,62.70000076293945,65.0,61.70000076293945,64.9000015258789,54.92361068725586,5370503,0.0,0.0
2013-09-05,66.5,67.5,64.4000015258789,65.0,55.008243560791016,2411101,0.0,0.0
2013-09-06,65.4000015258789,65.5,63.70000076293945,65.0,55.008243560791016,1450409,0.0,0.0
2013-09-10,65.94999694824219,65.94999694824219,63.349998474121094,64.1500015258789,54.28889846801758,2161289,0.0,0.0
2013-09-11,63.849998474121094,65.05000305175781,63.400001525878906,64.0,54.161964416503906,1761571,0.0,0.0
2013-09-12,64.1500015258789,66.4000015258789,63.25,64.05000305175781,54.204280853271484,3307306,0.0,0.0
2013-09-13,64.25,65.4000015258789,63.599998474121094,64.94999694824219,54.96592330932617,1373141,0.0,0.0
2013-09-16,65.80000305175781,66.69999694824219,64.69999694824219,65.69999694824219,55.600624084472656,3462758,0.0,0.0
2013-09-17,65.69999694824219,67.5,64.5999984741211,66.80000305175781,56.53154754638672,3186296,0.0,0.0
2013-09-18,67.5,67.94999694824219,65.9000015258789,66.55000305175781,56.319976806640625,2347136,0.0,0.0
2013-09-19,68.0,68.6500015258789,66.94999694824219,67.8499984741211,57.420143127441406,2426790,0.0,0.0
2013-09-20,68.5,74.6500015258789,66.1500015258789,72.75,61.56692123413086,9130122,0.0,0.0
2013-09-23,71.0,72.1500015258789,67.9000015258789,68.30000305175781,57.80097198486328,4339382,0.0,0.0
2013-09-24,68.0,69.9000015258789,67.75,69.0,58.39337158203125,3974601,0.0,0.0
2013-09-25,69.0999984741211,69.19999694824219,67.0,68.4000015258789,57.88560104370117,3254349,0.0,0.0
2013-09-26,68.30000305175781,68.69999694824219,67.55000305175781,68.0,57.547080993652344,3457431,0.0,0.0
2013-09-27,67.5,68.0999984741211,66.25,66.75,56.48923873901367,2287781,0.0,0.0
2013-09-30,66.05000305175781,68.94999694824219,66.05000305175781,66.6500015258789,56.404605865478516,2171108,0.0,0.0
2013-10-01,66.5,66.5999984741211,60.70000076293945,65.44999694824219,55.389076232910156,4801216,0.0,0.0
2013-10-03,66.0,67.69999694824219,65.6500015258789,66.5,56.277671813964844,1753264,0.0,0.0
2013-10-04,66.80000305175781,67.4000015258789,65.55000305175781,66.6500015258789,56.404605865478516,1108149,0.0,0.0
2013-10-07,67.25,71.25,66.9000015258789,69.75,59.02806854248047,6033964,0.0,0.0
2013-10-08,71.5999984741211,73.0,69.9000015258789,70.55000305175781,59.70511245727539,5867969,0.0,0.0
2013-10-09,70.19999694824219,70.30000305175781,68.1500015258789,68.5999984741211,58.05485534667969,4261284,0.0,0.0
2013-10-10,68.0,69.5,67.05000305175781,67.4000015258789,57.03931427001953,3103526,0.0,0.0
2013-10-11,69.5999984741211,69.5999984741211,66.69999694824219,66.9000015258789,56.616180419921875,2650548,0.0,0.0
2013-10-14,67.69999694824219,67.75,66.1500015258789,66.5,56.277671813964844,1949981,0.0,0.0
2013-10-15,66.94999694824219,67.30000305175781,64.75,65.1500015258789,55.135189056396484,1537940,0.0,0.0
2013-10-17,65.94999694824219,67.8499984741211,65.5999984741211,66.8499984741211,56.5738525390625,2553969,0.0,0.0
2013-10-18,66.19999694824219,67.9000015258789,66.19999694824219,67.0,56.70079040527344,1723452,0.0,0.0
2013-10-21,66.5,68.3499984741211,66.5,67.80000305175781,57.37783432006836,2249114,0.0,0.0
2013-10-22,67.3499984741211,70.80000305175781,67.3499984741211,70.0999984741211,59.32426071166992,4233270,0.0,0.0
2013-10-23,70.4000015258789,71.0,68.05000305175781,68.80000305175781,58.22410202026367,3450948,0.0,0.0
2013-10-24,68.80000305175781,70.0999984741211,67.8499984741211,68.0999984741211,57.63170623779297,2009433,0.0,0.0
2013-10-25,67.75,69.69999694824219,67.75,69.19999694824219,58.56261444091797,1858337,0.0,0.0
2013-10-28,69.69999694824219,70.1500015258789,68.3499984741211,68.9000015258789,58.3087272644043,2766239,0.0,0.0
2013-10-29,68.80000305175781,69.69999694824219,67.75,68.8499984741211,58.266422271728516,2454571,0.0,0.0
2013-10-30,69.1500015258789,69.19999694824219,67.5,67.94999694824219,57.504764556884766,2648435,0.0,0.0
2013-10-31,68.4000015258789,68.80000305175781,67.25,68.0999984741211,57.63170623779297,3724444,0.0,0.0
2013-11-01,68.0,74.30000305175781,68.0,73.80000305175781,62.45551681518555,13118845,0.0,0.0
2013-11-05,72.80000305175781,75.5,69.75,74.05000305175781,62.66707992553711,5480346,0.0,0.0
2013-11-06,74.4000015258789,76.25,73.0999984741211,73.55000305175781,62.24393844604492,3986838,0.0,0.0
2013-11-07,73.5,75.69999694824219,72.5,73.0999984741211,61.86310577392578,2885489,0.0,0.0
2013-11-08,72.8499984741211,72.94999694824219,69.8499984741211,71.6500015258789,60.63600540161133,6392547,0.0,0.0
2013-11-11,73.4000015258789,76.0,73.0999984741211,74.55000305175781,63.09021759033203,9291122,0.0,0.0
2013-11-12,76.9000015258789,77.4000015258789,69.05000305175781,70.19999694824219,59.40890121459961,11255179,0.0,0.0
2013-11-13,69.80000305175781,71.8499984741211,69.30000305175781,70.19999694824219,59.40890121459961,3486202,0.0,0.0
2013-11-14,71.0,72.69999694824219,71.0,72.3499984741211,61.2284049987793,2213287,0.0,0.0
2013-11-18,72.80000305175781,74.19999694824219,72.5,74.0,62.62476348876953,2330783,0.0,0.0
2013-11-19,74.0,79.80000305175781,73.0999984741211,78.94999694824219,66.81383514404297,8235760,0.0,0.0
2013-11-20,79.0999984741211,80.19999694824219,76.0,76.75,64.95204162597656,8219632,0.0,0.0
2013-11-21,76.44999694824219,78.25,74.19999694824219,75.3499984741211,63.767242431640625,5264382,0.0,0.0
2013-11-22,76.05000305175781,78.19999694824219,75.19999694824219,76.5,64.740478515625,4163645,0.0,0.0
2013-11-25,77.0,78.75,76.5999984741211,77.6500015258789,65.71370697021484,2227407,0.0,0.0
2013-11-26,77.5,78.25,75.80000305175781,76.25,64.52890014648438,2078430,0.0,0.0
2013-11-27,76.5,78.3499984741211,75.0999984741211,77.5,65.58674621582031,3076874,0.0,0.0
2013-11-28,78.9000015258789,83.05000305175781,78.25,80.94999694824219,68.50641632080078,16054027,0.0,0.0
2013-11-29,81.5999984741211,82.30000305175781,79.80000305175781,80.5,68.12557983398438,5306898,0.0,0.0
2013-12-02,80.5999984741211,82.69999694824219,80.5999984741211,81.0,68.5487289428711,3188438,0.0,0.0
2013-12-03,81.0,81.3499984741211,77.9000015258789,78.44999694824219,66.39070892333984,6256112,0.0,0.0
2013-12-04,77.8499984741211,80.6500015258789,77.5,78.19999694824219,66.17914581298828,6482756,0.0,0.0
2013-12-05,79.80000305175781,80.30000305175781,78.19999694824219,78.80000305175781,66.68692779541016,4417237,0.0,0.0
2013-12-06,79.19999694824219,80.1500015258789,78.3499984741211,79.5,67.27930450439453,2399030,0.0,0.0
2013-12-09,80.44999694824219,82.1500015258789,79.5,81.55000305175781,69.01417541503906,4313455,0.0,0.0
2013-12-10,81.4000015258789,82.8499984741211,79.9000015258789,81.3499984741211,68.84493255615234,4891929,0.0,0.0
2013-12-11,81.0,84.19999694824219,80.80000305175781,82.94999694824219,70.198974609375,8427670,0.0,0.0
2013-12-12,82.94999694824219,84.5,82.55000305175781,83.0,70.24128723144531,6146820,0.0,0.0
2013-12-13,82.0,83.44999694824219,81.3499984741211,82.0,69.39500427246094,3882163,0.0,0.0
2013-12-16,82.30000305175781,86.0,80.80000305175781,84.80000305175781,71.76460266113281,6659544,0.0,0.0
2013-12-17,88.0,92.1500015258789,84.3499984741211,86.6500015258789,73.3302230834961,33930897,0.0,0.0
2013-12-18,87.0,89.4000015258789,85.1500015258789,88.69999694824219,75.06507873535156,12111031,0.0,0.0
2013-12-19,89.0,91.0999984741211,88.19999694824219,88.9000015258789,75.23434448242188,11904032,0.0,0.0
2013-12-20,88.25,93.5999984741211,87.19999694824219,92.5,78.28097534179688,19223389,0.0,0.0
2013-12-23,91.9000015258789,95.0,91.5,93.5,79.12724304199219,7511517,0.0,0.0
2013-12-24,93.30000305175781,101.8499984741211,93.0,100.9000015258789,85.38971710205078,29189768,0.0,0.0
2013-12-26,101.5,102.5,96.55000305175781,97.30000305175781,82.34310913085938,16852698,0.0,0.0
2013-12-27,97.05000305175781,101.3499984741211,97.05000305175781,100.69999694824219,85.22046661376953,11473431,0.0,0.0
2013-12-30,101.05000305175781,104.0,99.6500015258789,101.3499984741211,85.77052307128906,21504946,0.0,0.0
2013-12-31,111.44999694824219,116.55000305175781,103.1500015258789,107.19999694824219,90.72127532958984,42563183,0.0,0.0
2014-01-01,107.94999694824219,108.0,104.19999694824219,104.80000305175781,88.69022369384766,10509799,0.0,0.0
2014-01-02,105.0,107.25,101.05000305175781,102.75,86.95533752441406,17711345,0.0,0.0
2014-01-03,102.0,105.69999694824219,101.19999694824219,105.0,88.8594741821289,8170579,0.0,0.0
2014-01-06,105.19999694824219,107.8499984741211,105.0,105.9000015258789,89.6211166381836,13223802,0.0,0.0
2014-01-07,107.0,111.6500015258789,105.1500015258789,106.3499984741211,90.00193786621094,24937835,0.0,0.0
2014-01-08,107.0,113.69999694824219,106.19999694824219,112.69999694824219,95.3758316040039,33996072,0.0,0.0
2014-01-09,113.0,115.05000305175781,107.4000015258789,110.5,93.51400756835938,21017575,0.0,0.0
2014-01-10,111.5,113.3499984741211,108.69999694824219,111.8499984741211,94.65648651123047,12623259,0.0,0.0
2014-01-13,112.0,117.9000015258789,109.0,117.05000305175781,99.0571517944336,13361553,0.0,0.0
2014-01-14,117.0,118.55000305175781,115.8499984741211,117.1500015258789,99.14176177978516,11635435,0.0,0.0
2014-01-15,117.69999694824219,117.75,113.55000305175781,114.25,96.68756866455078,6958134,0.0,0.0
2014-01-16,114.94999694824219,117.5,114.5999984741211,116.4000015258789,98.50707244873047,9658578,0.0,0.0
2014-01-17,115.5999984741211,117.44999694824219,112.75,113.8499984741211,96.34904479980469,4933548,0.0,0.0
2014-01-20,114.0,117.19999694824219,112.8499984741211,116.44999694824219,98.54938507080078,4178427,0.0,0.0
2014-01-21,116.44999694824219,117.1500015258789,114.25,115.80000305175781,97.9992904663086,4630215,0.0,0.0
2014-01-22,116.0,118.30000305175781,113.4000015258789,114.25,96.68756866455078,9567151,0.0,0.0
2014-01-23,113.0,114.8499984741211,112.8499984741211,113.80000305175781,96.30674743652344,3838412,0.0,0.0
2014-01-24,113.0,113.19999694824219,108.30000305175781,108.80000305175781,92.0753402709961,5949152,0.0,0.0
2014-01-27,107.69999694824219,111.69999694824219,101.80000305175781,103.9000015258789,87.92855072021484,10840083,0.0,0.0
2014-01-28,104.75,110.94999694824219,104.6500015258789,109.94999694824219,93.04855346679688,11944739,0.0,0.0
2014-01-29,111.0,112.3499984741211,106.30000305175781,107.44999694824219,90.93284606933594,4460605,0.0,0.0
2014-01-30,106.0,109.44999694824219,104.4000015258789,108.1500015258789,91.52525329589844,4371955,0.0,0.0
2014-01-31,109.0999984741211,114.0999984741211,108.5,113.30000305175781,95.88359832763672,6826962,0.0,0.0
2014-02-03,112.5,114.94999694824219,111.30000305175781,112.80000305175781,95.46044158935547,6587705,0.0,0.0
2014-02-04,111.0,113.44999694824219,109.1500015258789,112.69999694824219,95.3758316040039,4747446,0.0,0.0
2014-02-05,113.0999984741211,113.55000305175781,110.25,112.8499984741211,95.50274658203125,4804602,0.0,0.0
2014-02-06,113.3499984741211,114.30000305175781,110.9000015258789,112.5,95.20658111572266,5610304,0.0,0.0
2014-02-07,113.0,116.4000015258789,112.0,114.0999984741211,96.56061553955078,3785511,0.0,0.0
2014-02-10,115.6500015258789,119.69999694824219,115.6500015258789,117.55000305175781,99.48029327392578,10495666,0.0,0.0
2014-02-11,118.69999694824219,119.69999694824219,117.55000305175781,118.5999984741211,100.36888122558594,6247897,0.0,0.0
2014-02-12,119.44999694824219,119.44999694824219,116.80000305175781,118.4000015258789,100.19962310791016,6232541,0.0,0.0
2014-02-13,120.80000305175781,121.8499984741211,116.19999694824219,117.0999984741211,99.0994644165039,12686488,0.0,0.0
2014-02-14,117.5,118.30000305175781,114.44999694824219,117.6500015258789,99.56492614746094,5628302,0.0,0.0
2014-02-17,118.0999984741211,119.1500015258789,117.0,118.75,100.49584197998047,3675411,0.0,0.0
2014-02-18,119.0,120.69999694824219,115.94999694824219,117.3499984741211,99.31103515625,5759927,0.0,0.0
2014-02-19,117.19999694824219,120.0,117.0999984741211,119.5999984741211,101.21517944335938,5544974,0.0,0.0
2014-02-20,118.94999694824219,124.9000015258789,118.6500015258789,124.0999984741211,105.02342987060547,13923748,0.0,0.0
2014-02-21,124.4000015258789,125.80000305175781,123.69999694824219,124.69999694824219,105.53119659423828,6987606,0.0,0.0
2014-02-24,123.3499984741211,126.6500015258789,123.3499984741211,125.80000305175781,106.46210479736328,3814537,0.0,0.0
2014-02-25,126.9000015258789,128.9499969482422,126.05000305175781,128.64999389648438,108.87399291992188,7187354,0.0,0.0
2014-02-26,128.39999389648438,129.85000610351562,128.35000610351562,128.9499969482422,109.12789154052734,7875823,0.0,0.0
2014-02-28,129.0,133.3000030517578,128.10000610351562,131.64999389648438,111.41284942626953,4178760,0.0,0.0
2014-03-03,132.4499969482422,132.75,126.94999694824219,127.94999694824219,108.28160858154297,4369013,0.0,0.0
2014-03-04,128.1999969482422,133.14999389648438,127.5,131.9499969482422,111.6667251586914,6239009,0.0,0.0
2014-03-05,132.5,132.5,128.6999969482422,129.4499969482422,109.551025390625,2779110,0.0,0.0
2014-03-06,129.6999969482422,133.14999389648438,129.3000030517578,132.4499969482422,112.0898666381836,5788165,0.0,0.0
2014-03-07,133.0,134.39999389648438,129.0500030517578,130.1999969482422,110.18573760986328,6248951,0.0,0.0
2014-03-10,129.8000030517578,130.8000030517578,125.80000305175781,127.0,107.4776382446289,3761484,0.0,0.0
2014-03-11,127.3499984741211,131.89999389648438,125.0,129.85000610351562,109.8895492553711,7692591,0.0,0.0
2014-03-12,130.0,130.64999389648438,127.4000015258789,128.6999969482422,108.91630554199219,3017450,0.0,0.0
2014-03-13,129.89999389648438,134.3000030517578,129.8000030517578,131.14999389648438,110.98970031738281,6486900,0.0,0.0
2014-03-14,131.0500030517578,133.5,129.0,132.85000610351562,112.42837524414062,3008485,0.0,0.0
2014-03-18,133.5500030517578,136.60000610351562,133.3000030517578,135.9499969482422,115.05184936523438,5546086,0.0,0.0
2014-03-19,137.0,138.25,135.39999389648438,136.0,115.09416198730469,5099350,0.0,0.0
2014-03-20,135.5,139.0,135.10000610351562,137.4499969482422,116.32125854492188,5025585,0.0,0.0
2014-03-21,138.0,144.1999969482422,138.0,143.5500030517578,121.48358917236328,8888535,0.0,0.0
2014-03-24,146.1999969482422,149.1999969482422,144.60000610351562,148.3000030517578,125.50343322753906,7376499,0.0,0.0
2014-03-25,147.39999389648438,166.14999389648438,147.35000610351562,156.75,132.65451049804688,29302054,0.0,0.0
2014-03-26,158.0,159.25,154.0500030517578,155.35000610351562,131.46971130371094,6868381,0.0,0.0
2014-03-27,156.0,157.9499969482422,153.6999969482422,155.4499969482422,131.55430603027344,6404298,0.0,0.0
2014-03-28,156.25,158.64999389648438,155.10000610351562,157.10000610351562,132.95069885253906,2893000,0.0,0.0
2014-03-31,157.89999389648438,161.0,156.35000610351562,159.60000610351562,135.06640625,3032038,0.0,0.0
2014-04-01,160.5,163.6999969482422,157.75,162.3000030517578,137.35134887695312,3619964,0.0,0.0
2014-04-02,162.8000030517578,164.1999969482422,162.0,163.10000610351562,138.02835083007812,1681299,0.0,0.0
2014-04-03,163.0,167.8000030517578,159.8000030517578,166.89999389648438,141.24424743652344,4474021,0.0,0.0
2014-04-04,168.10000610351562,169.1999969482422,166.14999389648438,167.10000610351562,141.41351318359375,2318707,0.0,0.0
2014-04-07,167.0,169.6999969482422,164.5,166.0,140.48257446289062,2814789,0.0,0.0
2014-04-09,166.6999969482422,168.5500030517578,165.5,167.9499969482422,142.1328125,2375686,0.0,0.0
2014-04-10,167.0,170.0,164.35000610351562,165.8000030517578,140.31332397460938,3161865,0.0,0.0
2014-04-11,163.89999389648438,168.0,162.75,165.0,139.6363067626953,3251228,0.0,0.0
2014-04-15,165.85000610351562,168.4499969482422,162.85000610351562,166.14999389648438,140.60951232910156,2759206,0.0,0.0
2014-04-16,165.6999969482422,168.8000030517578,159.1999969482422,160.9499969482422,136.20887756347656,2873111,0.0,0.0
2014-04-17,162.39999389648438,175.3000030517578,160.0,173.3000030517578,146.6604461669922,11504438,0.0,0.0
2014-04-21,174.10000610351562,178.89999389648438,174.0,177.60000610351562,150.29945373535156,3640039,0.0,0.0
2014-04-22,178.25,178.25,165.64999389648438,167.0,141.328857421875,5470844,0.0,0.0
2014-04-23,167.5,173.64999389648438,167.5,172.1999969482422,145.72950744628906,6180671,0.0,0.0
2014-04-24,172.1999969482422,172.1999969482422,172.1999969482422,172.1999969482422,145.72950744628906,0,0.0,0.0
2014-04-25,173.0,173.4499969482422,166.10000610351562,167.89999389648438,142.09051513671875,4148327,0.0,0.0
2014-04-28,167.89999389648438,168.6999969482422,163.0500030517578,163.60000610351562,138.4515380859375,3298505,0.0,0.0
2014-04-29,164.4499969482422,168.0,161.5500030517578,162.89999389648438,137.85910034179688,2478298,0.0,0.0
2014-04-30,163.64999389648438,163.64999389648438,154.5,159.0500030517578,134.60092163085938,5149203,0.0,0.0
2014-05-02,159.10000610351562,164.35000610351562,157.5500030517578,162.75,137.73216247558594,2975927,0.0,0.0
2014-05-05,163.0,167.4499969482422,162.3000030517578,164.89999389648438,139.5516815185547,3632202,0.0,0.0
2014-05-06,164.0,169.9499969482422,161.75,163.0,137.94375610351562,4682026,0.0,0.0
2014-05-07,163.0500030517578,170.5,163.0500030517578,168.3000030517578,142.42904663085938,4550365,0.0,0.0
2014-05-08,169.85000610351562,172.0,167.60000610351562,170.39999389648438,144.2062225341797,4440021,0.0,0.0
2014-05-09,170.39999389648438,170.85000610351562,164.14999389648438,167.75,141.96356201171875,4979612,0.0,0.0
2014-05-12,168.4499969482422,180.5,167.10000610351562,172.3000030517578,145.81414794921875,5369332,0.0,0.0
2014-05-13,174.35000610351562,175.8000030517578,165.14999389648438,166.4499969482422,140.86338806152344,3863172,0.0,0.0
2014-05-14,168.0,169.89999389648438,160.0,167.6999969482422,141.92124938964844,3876119,0.0,0.0
2014-05-15,169.0,182.89999389648438,166.8000030517578,177.35000610351562,150.08787536621094,16121058,0.0,0.0
2014-05-16,181.8000030517578,184.85000610351562,170.6999969482422,172.8000030517578,146.2373046875,5373267,0.0,0.0
2014-05-19,175.6999969482422,179.8000030517578,173.10000610351562,174.3000030517578,147.5067138671875,3768394,0.0,0.0
2014-05-20,175.89999389648438,177.4499969482422,173.0,174.0,147.25283813476562,2893399,0.0,0.0
2014-05-21,175.60000610351562,184.3000030517578,175.0,183.0,154.86935424804688,6415163,0.0,0.0
2014-05-22,185.6999969482422,193.9499969482422,184.60000610351562,190.60000610351562,161.30108642578125,6320549,0.0,0.0
2014-05-23,191.75,193.9499969482422,184.39999389648438,186.75,158.04290771484375,3710273,0.0,0.0
2014-05-26,189.8000030517578,190.6999969482422,174.1999969482422,178.3000030517578,150.89186096191406,3855212,0.0,0.0
2014-05-27,178.0,181.25,174.0500030517578,175.14999389648438,148.22607421875,2608944,0.0,0.0
2014-05-28,175.89999389648438,178.39999389648438,173.0,173.4499969482422,146.7873992919922,2098514,0.0,0.0
2014-05-29,174.35000610351562,181.0,173.85000610351562,178.0,150.63795471191406,4215238,0.0,0.0
2014-05-30,177.6999969482422,182.39999389648438,174.89999389648438,176.14999389648438,149.07232666015625,3451700,0.0,0.0
2014-06-02,175.0,180.6999969482422,175.0,180.0,152.3305206298828,1779118,0.0,0.0
2014-06-03,180.0,184.9499969482422,178.5,184.3000030517578,155.9695281982422,3260964,0.0,0.0
2014-06-04,184.0,186.0,179.60000610351562,180.1999969482422,152.49977111816406,3268991,0.0,0.0
2014-06-05,181.75,187.10000610351562,181.1999969482422,186.3000030517578,157.66204833984375,3023740,0.0,0.0
2014-06-06,188.10000610351562,195.39999389648438,188.0,194.14999389648438,164.30535888671875,6539485,0.0,0.0
2014-06-09,195.8000030517578,203.60000610351562,194.14999389648438,201.8000030517578,170.77943420410156,4355407,0.0,0.0
2014-06-10,202.75,206.89999389648438,196.1999969482422,204.0,172.64120483398438,3523379,0.0,0.0
2014-06-11,206.0,211.89999389648438,200.5,202.8000030517578,171.62571716308594,5055015,0.0,0.0
2014-06-12,203.3000030517578,210.8000030517578,202.39999389648438,208.5500030517578,176.49183654785156,3485452,0.0,0.0
2014-06-13,209.6999969482422,213.39999389648438,197.60000610351562,200.0500030517578,169.29844665527344,4174166,0.0,0.0
2014-06-16,200.0,201.6999969482422,191.35000610351562,198.0500030517578,167.60589599609375,3910373,0.0,0.0
2014-06-17,198.0,201.35000610351562,193.0,199.35000610351562,168.70603942871094,4271766,0.0,0.0
2014-06-18,200.75,207.3000030517578,194.5,196.39999389648438,166.20953369140625,6228901,0.0,0.0
2014-06-19,198.35000610351562,201.0,192.0,193.25,163.54376220703125,3953922,0.0,0.0
2014-06-20,191.39999389648438,195.5,187.64999389648438,192.1999969482422,162.65512084960938,6959564,0.0,0.0
2014-06-23,193.0,198.8000030517578,192.10000610351562,197.75,167.3519744873047,4904477,0.0,0.0
2014-06-24,199.5500030517578,203.4499969482422,196.0,199.25,168.62142944335938,5798598,0.0,0.0
2014-06-25,199.1999969482422,203.35000610351562,199.1999969482422,200.0,169.2561492919922,3062965,0.0,0.0
2014-06-26,201.8000030517578,201.8000030517578,193.9499969482422,195.0,165.02474975585938,4190082,0.0,0.0
2014-06-27,195.0,197.0,193.10000610351562,195.64999389648438,165.57479858398438,1607687,0.0,0.0
2014-06-30,196.64999389648438,199.89999389648438,196.64999389648438,199.10000610351562,168.49447631835938,2318185,0.0,0.0
2014-07-01,200.25,204.8000030517578,199.75,203.3000030517578,172.04885864257812,4241333,0.0,0.0
2014-07-02,205.0,207.39999389648438,203.0500030517578,204.39999389648438,172.97975158691406,3193720,0.0,0.0
2014-07-03,207.10000610351562,217.1999969482422,207.10000610351562,211.5,178.9883575439453,9105692,0.0,0.0
2014-07-04,213.0,213.60000610351562,208.1999969482422,211.89999389648438,179.3268585205078,2687276,0.0,0.0
2014-07-07,213.0,214.8000030517578,210.4499969482422,212.0,179.4114990234375,2550849,0.0,0.0
2014-07-08,214.10000610351562,214.1999969482422,195.64999389648438,198.0500030517578,167.60589599609375,3246478,0.0,0.0
2014-07-09,197.39999389648438,199.39999389648438,178.60000610351562,183.0,154.86935424804688,6298112,0.0,0.0
2014-07-10,180.0500030517578,185.0,168.5,175.64999389648438,148.64918518066406,9105439,0.0,0.0
2014-07-11,177.39999389648438,181.89999389648438,167.5,169.5,143.44456481933594,4465242,0.0,0.0
2014-07-14,170.10000610351562,173.35000610351562,164.25,172.4499969482422,145.94107055664062,2668551,0.0,0.0
2014-07-15,173.5,182.0,173.5,180.6999969482422,152.9228973388672,5359148,0.0,0.0
2014-07-16,181.5500030517578,188.60000610351562,181.3000030517578,187.35000610351562,158.5507049560547,4744096,0.0,0.0
2014-07-17,188.0,193.64999389648438,183.89999389648438,192.85000610351562,163.86117553710938,4808697,0.75,0.0
2014-07-18,190.89999389648438,191.35000610351562,185.0,188.5500030517578,160.20758056640625,2309621,0.0,0.0
2014-07-21,189.9499969482422,192.3000030517578,187.39999389648438,188.6999969482422,160.33499145507812,2022086,0.0,0.0
2014-07-22,188.5,191.75,183.25,184.9499969482422,157.14871215820312,2085023,0.0,0.0
2014-07-23,185.0,186.64999389648438,178.64999389648438,184.89999389648438,157.106201171875,3676219,0.0,0.0
2014-07-24,185.35000610351562,185.85000610351562,178.25,179.0,152.0930938720703,3543465,0.0,0.0
2014-07-25,179.3000030517578,181.5,170.5,176.14999389648438,149.67152404785156,3297964,0.0,0.0
2014-07-28,176.0,179.5,175.39999389648438,177.5500030517578,150.86105346679688,1752278,0.0,0.0
2014-07-30,176.5500030517578,177.6999969482422,170.0500030517578,172.60000610351562,146.65513610839844,3235092,0.0,0.0
2014-07-31,173.0500030517578,176.39999389648438,170.5,174.8000030517578,148.5244140625,2632959,0.0,0.0
2014-08-01,173.10000610351562,173.39999389648438,167.0,168.5,143.17144775390625,3807156,0.0,0.0
2014-08-04,170.5,179.6999969482422,170.4499969482422,177.39999389648438,150.7335968017578,4721168,0.0,0.0
2014-08-05,179.1999969482422,185.85000610351562,178.0,185.14999389648438,157.3186492919922,6652253,0.0,0.0
2014-08-06,185.85000610351562,190.0,170.25,171.5,145.72047424316406,14846042,0.0,0.0
2014-08-07,173.0,174.1999969482422,166.39999389648438,168.75,143.3838653564453,9007972,0.0,0.0
2014-08-08,167.75,170.3000030517578,166.0,167.1999969482422,142.0668487548828,5336060,0.0,0.0
2014-08-11,169.6999969482422,171.35000610351562,168.5,170.14999389648438,144.5734100341797,3088723,0.0,0.0
2014-08-12,171.4499969482422,171.5,168.10000610351562,170.64999389648438,144.99827575683594,1900242,0.0,0.0
2014-08-13,169.5,170.60000610351562,161.5,163.0,138.49819946289062,3581096,0.0,0.0
2014-08-14,164.4499969482422,165.5500030517578,160.5500030517578,162.64999389648438,138.20079040527344,3166026,0.0,0.0
2014-08-18,161.0,171.14999389648438,160.89999389648438,170.0500030517578,144.4884490966797,4548097,0.0,0.0
2014-08-19,170.4499969482422,173.5,167.5,172.5500030517578,146.61265563964844,5027503,0.0,0.0
2014-08-20,171.64999389648438,173.75,169.5,169.89999389648438,144.36099243164062,4154324,0.0,0.0
2014-08-21,170.75,174.60000610351562,170.0,172.39999389648438,146.4851837158203,3694713,0.0,0.0
2014-08-22,172.89999389648438,173.75,167.25,168.25,142.9590301513672,2763808,0.0,0.0
2014-08-25,168.8000030517578,170.75,166.0,166.75,141.6844940185547,2865770,0.0,0.0
2014-08-26,165.10000610351562,168.89999389648438,162.35000610351562,166.4499969482422,141.42959594726562,1884782,0.0,0.0
2014-08-27,167.9499969482422,168.5,165.5,166.9499969482422,141.85440063476562,1411981,0.0,0.0
2014-08-28,167.0,169.4499969482422,164.8000030517578,165.3000030517578,140.45245361328125,2088959,0.0,0.0
2014-09-01,166.9499969482422,180.0,166.6999969482422,179.14999389648438,152.2205352783203,6868744,0.0,0.0
2014-09-02,180.89999389648438,186.5,180.0500030517578,185.64999389648438,157.7434844970703,7535975,0.0,0.0
2014-09-03,186.5,189.5500030517578,184.35000610351562,188.0,159.74024963378906,6363077,0.0,0.0
2014-09-04,188.0,195.6999969482422,184.1999969482422,194.39999389648438,165.17823791503906,6720275,0.0,0.0
2014-09-05,196.0,199.8000030517578,191.4499969482422,193.85000610351562,164.71090698242188,6019560,0.0,0.0
2014-09-08,195.0,213.89999389648438,192.6999969482422,209.39999389648438,177.92343139648438,19077951,0.0,0.0
2014-09-09,212.0,217.8000030517578,209.14999389648438,210.89999389648438,179.19793701171875,13335010,0.0,0.0
2014-09-10,210.10000610351562,215.5,205.8000030517578,209.4499969482422,177.96591186523438,10026944,0.0,0.0
2014-09-11,210.3000030517578,214.25,209.0,211.1999969482422,179.45286560058594,5459799,0.0,0.0
2014-09-12,211.25,213.39999389648438,206.4499969482422,207.35000610351562,176.1815948486328,5559477,0.0,0.0
2014-09-15,206.60000610351562,213.39999389648438,201.85000610351562,209.9499969482422,178.39076232910156,7577182,0.0,0.0
2014-09-16,209.8000030517578,213.89999389648438,194.39999389648438,195.64999389648438,166.24029541015625,9571533,0.0,0.0
2014-09-17,198.8000030517578,203.4499969482422,193.35000610351562,201.64999389648438,171.33837890625,10055449,0.0,0.0
2014-09-18,202.89999389648438,206.8000030517578,201.10000610351562,205.0,174.18482971191406,5837690,0.0,0.0
2014-09-19,206.4499969482422,210.60000610351562,204.10000610351562,206.25,175.24691772460938,6241605,0.0,0.0
2014-09-22,204.8000030517578,205.89999389648438,200.0500030517578,201.25,170.99855041503906,4336154,0.0,0.0
2014-09-23,201.0,203.0,192.0,193.14999389648438,164.11611938476562,4701611,0.0,0.0
2014-09-24,193.0,194.0,185.5500030517578,191.39999389648438,162.629150390625,4637472,0.0,0.0
2014-09-25,191.6999969482422,195.4499969482422,186.3000030517578,190.8000030517578,162.11935424804688,4771157,0.0,0.0
2014-09-26,189.5500030517578,193.75,182.6999969482422,191.5500030517578,162.75662231445312,4611246,0.0,0.0
2014-09-29,191.6999969482422,194.6999969482422,190.64999389648438,191.89999389648438,163.05397033691406,2070299,0.0,0.0
2014-09-30,191.0,206.1999969482422,190.6999969482422,203.75,173.1227264404297,10255785,0.0,0.0
2014-10-01,204.6999969482422,204.6999969482422,196.0,196.75,167.1749725341797,4296084,0.0,0.0
2014-10-07,198.60000610351562,213.39999389648438,198.3000030517578,208.60000610351562,177.24366760253906,15635094,0.0,0.0
2014-10-08,209.8000030517578,217.89999389648438,206.25,215.25,182.89405822753906,11410653,0.0,0.0
2014-10-09,217.3000030517578,219.89999389648438,214.25,215.4499969482422,183.06399536132812,7889356,0.0,0.0
2014-10-10,213.9499969482422,226.4499969482422,210.89999389648438,220.4499969482422,187.31243896484375,11608307,0.0,0.0
2014-10-13,221.0,223.5500030517578,219.0,221.60000610351562,188.28958129882812,4287505,0.0,0.0
2014-10-14,223.3000030517578,226.75,215.5500030517578,216.4499969482422,183.91371154785156,6937630,0.0,0.0
2014-10-15,216.4499969482422,216.4499969482422,216.4499969482422,216.4499969482422,183.91371154785156,0,0.0,0.0
2014-10-16,215.85000610351562,218.6999969482422,204.0500030517578,205.4499969482422,174.5671844482422,8542636,0.0,0.0
2014-10-17,207.64999389648438,209.89999389648438,203.10000610351562,206.60000610351562,175.54434204101562,7148671,0.0,0.0
2014-10-20,210.0,212.8000030517578,207.0,208.39999389648438,177.07376098632812,3418192,0.0,0.0
2014-10-21,209.89999389648438,219.25,209.0500030517578,217.85000610351562,185.10325622558594,6593698,0.0,0.0
2014-10-22,219.89999389648438,223.4499969482422,217.4499969482422,220.1999969482422,187.09996032714844,3389058,0.0,0.0
2014-10-27,220.6999969482422,221.0,213.10000610351562,215.75,183.3189239501953,2413190,0.0,0.0
2014-10-28,214.85000610351562,219.89999389648438,211.0,219.0500030517578,186.1228485107422,3565996,0.0,0.0
2014-10-29,220.0,221.89999389648438,216.0500030517578,216.6999969482422,184.12608337402344,3507504,0.0,0.0
2014-10-30,216.8000030517578,218.6999969482422,214.10000610351562,216.10000610351562,183.61631774902344,2589868,0.0,0.0
2014-10-31,217.8000030517578,222.85000610351562,216.14999389648438,219.10000610351562,186.16534423828125,5398536,0.0,0.0
2014-11-03,221.14999389648438,230.89999389648438,220.10000610351562,229.64999389648438,195.12950134277344,6251768,0.0,0.0
2014-11-05,231.0,237.1999969482422,231.0,235.89999389648438,200.44000244140625,6437658,0.0,0.0
2014-11-07,231.0500030517578,235.14999389648438,227.60000610351562,233.0500030517578,198.0184326171875,2793059,0.0,0.0
2014-11-10,234.1999969482422,240.8000030517578,231.5,236.3000030517578,200.77989196777344,5358665,0.0,0.0
2014-11-11,238.0,239.0,228.8000030517578,233.3000030517578,198.2308349609375,4772496,0.0,0.0
2014-11-12,234.75,242.9499969482422,231.60000610351562,240.8000030517578,204.6034698486328,5873298,0.0,0.0
2014-11-13,242.0,242.5500030517578,231.0,233.8000030517578,198.65567016601562,4029329,0.0,0.0
2014-11-14,235.0,239.39999389648438,233.6999969482422,237.0500030517578,201.41714477539062,4476518,0.0,0.0
2014-11-17,235.89999389648438,236.5500030517578,231.5500030517578,232.9499969482422,197.93344116210938,2786619,0.0,0.0
2014-11-18,234.0,236.25,231.3000030517578,233.0,197.97592163085938,1748792,0.0,0.0
2014-11-19,234.14999389648438,235.35000610351562,224.10000610351562,225.10000610351562,191.263427734375,3574891,0.0,0.0
2014-11-20,224.89999389648438,226.8000030517578,220.14999389648438,225.64999389648438,191.73074340820312,2802224,0.0,0.0
2014-11-21,223.64999389648438,227.9499969482422,222.35000610351562,223.75,190.11639404296875,2097043,0.0,0.0
2014-11-24,222.1999969482422,228.5,222.1999969482422,226.5,192.45298767089844,3367774,0.0,0.0
2014-11-25,226.5,229.89999389648438,214.35000610351562,221.64999389648438,188.33201599121094,4431426,0.0,0.0
2014-11-26,220.0,225.5,219.8000030517578,223.6999969482422,190.0738983154297,2635380,0.0,0.0
2014-11-27,223.85000610351562,225.6999969482422,218.6999969482422,222.5,189.0542449951172,3224531,0.0,0.0
2014-11-28,224.60000610351562,232.64999389648438,224.5500030517578,228.39999389648438,194.0673828125,3583535,0.0,0.0
2014-12-01,229.9499969482422,236.3000030517578,229.6999969482422,232.89999389648438,197.89096069335938,3391804,0.0,0.0
2014-12-02,231.8000030517578,237.10000610351562,228.5500030517578,235.3000030517578,199.93020629882812,3002143,0.0,0.0
2014-12-03,234.0,239.89999389648438,234.0,238.4499969482422,202.606689453125,3276098,0.0,0.0
2014-12-04,240.0,242.75,235.25,237.39999389648438,201.71453857421875,2889738,0.0,0.0
2014-12-05,238.89999389648438,240.89999389648438,235.0,235.64999389648438,200.22760009765625,2209794,0.0,0.0
2014-12-08,236.8000030517578,237.4499969482422,230.3000030517578,232.14999389648438,197.25372314453125,1630894,0.0,0.0
2014-12-09,230.75,231.9499969482422,220.0,222.10000610351562,188.71441650390625,2326433,0.0,0.0
2014-12-10,220.1999969482422,228.8000030517578,220.1999969482422,227.6999969482422,193.47259521484375,2054901,0.0,0.0
2014-12-11,225.3000030517578,227.1999969482422,222.1999969482422,225.14999389648438,191.30593872070312,1444923,0.0,0.0
2014-12-12,224.8000030517578,229.8000030517578,216.3000030517578,222.1999969482422,188.7993621826172,2707903,0.0,0.0
2014-12-15,219.8000030517578,228.64999389648438,219.39999389648438,227.3000030517578,193.1327362060547,1751324,0.0,0.0
2014-12-16,228.0,231.3000030517578,219.25,223.25,189.6915283203125,3917662,0.0,0.0
2014-12-17,221.0,223.25,205.14999389648438,207.89999389648438,176.64891052246094,4590334,0.0,0.0
2014-12-18,212.39999389648438,217.85000610351562,210.0,216.35000610351562,183.82875061035156,3765932,0.0,0.0
2014-12-19,218.64999389648438,227.60000610351562,217.6999969482422,222.60000610351562,189.1392364501953,3988140,0.0,0.0
2014-12-22,223.5,224.14999389648438,217.1999969482422,221.0,187.7797393798828,2743800,0.0,0.0
2014-12-23,220.1999969482422,224.0,216.3000030517578,218.10000610351562,185.31568908691406,2370805,0.0,0.0
2014-12-24,218.1999969482422,222.4499969482422,216.14999389648438,218.4499969482422,185.61302185058594,4031367,0.0,0.0
2014-12-26,218.5,219.64999389648438,216.14999389648438,218.14999389648438,185.35812377929688,1167609,0.0,0.0
2014-12-29,218.0,224.14999389648438,218.0,223.25,189.6915283203125,1702931,0.0,0.0
2014-12-30,224.5500030517578,225.14999389648438,220.60000610351562,222.39999389648438,188.9692840576172,1608721,0.0,0.0
2014-12-31,220.64999389648438,224.1999969482422,220.64999389648438,223.1999969482422,189.6490478515625,928619,0.0,0.0
2015-01-01,222.0,225.0,222.0,223.60000610351562,189.9888916015625,836653,0.0,0.0
2015-01-02,222.25,226.0,222.10000610351562,223.64999389648438,190.0313720703125,1850799,0.0,0.0
2015-01-05,222.1999969482422,231.35000610351562,222.1999969482422,229.60000610351562,195.08702087402344,3668113,0.0,0.0
2015-01-06,230.3000030517578,230.6999969482422,220.6999969482422,221.64999389648438,188.33201599121094,3767376,0.0,0.0
2015-01-07,221.6999969482422,223.60000610351562,214.5,218.8000030517578,185.91046142578125,2441198,0.0,0.0
2015-01-08,222.3000030517578,227.25,220.64999389648438,226.64999389648438,192.5804443359375,1751458,0.0,0.0
2015-01-09,228.10000610351562,228.60000610351562,221.35000610351562,224.10000610351562,190.4137420654297,1659291,0.0,0.0
2015-01-12,223.9499969482422,226.8000030517578,220.10000610351562,225.39999389648438,191.51832580566406,2008440,0.0,0.0
2015-01-13,226.75,228.39999389648438,222.0500030517578,223.64999389648438,190.0313720703125,2742530,0.0,0.0
2015-01-14,223.0,225.75,217.75,219.10000610351562,186.16534423828125,1998777,0.0,0.0
2015-01-15,222.0500030517578,225.89999389648438,218.89999389648438,222.39999389648438,188.9692840576172,2777582,0.0,0.0
2015-01-16,222.3000030517578,227.8000030517578,221.14999389648438,226.3000030517578,192.2830810546875,2398241,0.0,0.0
2015-01-19,226.39999389648438,230.64999389648438,224.5,228.85000610351562,194.44972229003906,2284195,0.0,0.0
2015-01-20,229.8000030517578,237.6999969482422,229.39999389648438,235.25,199.88771057128906,3144072,0.0,0.0
2015-01-21,235.64999389648438,236.4499969482422,228.10000610351562,232.35000610351562,197.4236297607422,2929541,0.0,0.0
2015-01-22,233.0,234.25,228.39999389648438,231.0500030517578,196.31906127929688,1870122,0.0,0.0
2015-01-23,232.0,233.14999389648438,225.0500030517578,225.8000030517578,191.8582000732422,2269971,0.0,0.0
2015-01-27,226.3000030517578,231.5,222.85000610351562,230.89999389648438,196.1916046142578,2313395,0.0,0.0
2015-01-28,227.1999969482422,233.75,224.14999389648438,226.85000610351562,192.7503662109375,2919031,0.0,0.0
2015-01-29,227.1999969482422,236.39999389648438,225.0,234.9499969482422,199.63278198242188,3050605,0.0,0.0
2015-01-30,236.75,246.0,234.0,242.5500030517578,206.0904083251953,6004542,0.0,0.0
2015-02-02,243.5,248.9499969482422,241.75,243.14999389648438,206.60020446777344,3574123,0.0,0.0
2015-02-03,245.6999969482422,249.8000030517578,236.1999969482422,238.5500030517578,202.69168090820312,6014205,0.0,0.0
2015-02-04,239.0,241.10000610351562,229.5500030517578,231.1999969482422,196.4464874267578,1996795,0.0,0.0
2015-02-05,231.0500030517578,233.39999389648438,225.8000030517578,226.85000610351562,192.7503662109375,1462081,0.0,0.0
2015-02-06,227.0,228.89999389648438,211.0,213.64999389648438,181.53456115722656,3519373,0.0,0.0
2015-02-09,204.10000610351562,204.75,177.5500030517578,187.10000610351562,158.97552490234375,19661639,0.0,0.0
2015-02-10,185.14999389648438,191.9499969482422,178.5,181.85000610351562,154.5146942138672,12258487,0.0,0.0
2015-02-11,183.5,183.89999389648438,176.5,179.64999389648438,152.64540100097656,8018843,0.0,0.0
2015-02-12,180.89999389648438,185.39999389648438,176.5500030517578,183.39999389648438,155.83169555664062,8673168,0.0,0.0
2015-02-13,185.0,185.6999969482422,181.5500030517578,182.6999969482422,155.23692321777344,3962246,0.0,0.0
2015-02-16,184.1999969482422,189.5,180.1999969482422,186.9499969482422,158.84805297851562,6955835,0.0,0.0
2015-02-18,188.0,189.9499969482422,185.14999389648438,185.89999389648438,157.95587158203125,3068049,0.0,0.0
2015-02-19,187.39999389648438,187.39999389648438,177.85000610351562,182.1999969482422,154.8120880126953,4601768,0.0,0.0
2015-02-20,182.0,184.8000030517578,179.4499969482422,183.14999389648438,155.61927795410156,2885594,0.0,0.0
2015-02-23,184.0,184.5,173.8000030517578,175.10000610351562,148.77932739257812,4539229,0.0,0.0
2015-02-24,173.8000030517578,177.4499969482422,170.4499969482422,176.8000030517578,150.2238006591797,8951423,0.0,0.0
2015-02-25,178.0,178.75,172.5500030517578,173.39999389648438,147.33486938476562,4882261,0.0,0.0
2015-02-26,173.5500030517578,176.1999969482422,171.5,174.75,148.48194885253906,5597130,0.0,0.0
2015-02-27,175.9499969482422,180.4499969482422,173.85000610351562,179.89999389648438,152.85780334472656,3780135,0.0,0.0
2015-03-02,177.0,180.0,173.64999389648438,178.64999389648438,151.79568481445312,2906234,0.0,0.0
2015-03-03,178.8000030517578,183.39999389648438,176.0,179.0,152.0930938720703,3007720,0.0,0.0
2015-03-04,180.3000030517578,180.6999969482422,173.0,174.3000030517578,148.099609375,4296499,0.0,0.0
2015-03-05,174.64999389648438,176.8000030517578,173.85000610351562,175.10000610351562,148.77932739257812,2425560,0.0,0.0
2015-03-09,174.0,176.60000610351562,172.10000610351562,174.14999389648438,147.9721221923828,1376470,0.0,0.0
2015-03-10,175.64999389648438,176.0,171.25,173.6999969482422,147.58978271484375,2324197,0.0,0.0
2015-03-11,173.0500030517578,175.89999389648438,171.85000610351562,173.5500030517578,147.46234130859375,1957368,0.0,0.0
2015-03-12,174.5,177.60000610351562,174.5,175.60000610351562,149.20419311523438,2180734,0.0,0.0
2015-03-13,174.0,175.0,167.60000610351562,169.9499969482422,144.4034881591797,4836063,0.0,0.0
2015-03-16,170.0,172.60000610351562,165.0,169.1999969482422,143.76622009277344,5349867,0.0,0.0
2015-03-17,170.89999389648438,171.35000610351562,166.10000610351562,168.85000610351562,143.46881103515625,2919973,0.0,0.0
2015-03-18,169.35000610351562,169.60000610351562,167.0,167.9499969482422,142.7041015625,1934901,0.0,0.0
2015-03-19,168.60000610351562,170.35000610351562,165.39999389648438,166.3000030517578,141.30213928222656,2699405,0.0,0.0
2015-03-20,166.6999969482422,166.8000030517578,160.10000610351562,162.0500030517578,137.69097900390625,3307185,0.0,0.0
2015-03-23,162.10000610351562,163.4499969482422,158.8000030517578,162.3000030517578,137.9033966064453,1973941,0.0,0.0
2015-03-24,161.1999969482422,163.89999389648438,160.6999969482422,161.64999389648438,137.35110473632812,3007614,0.0,0.0
2015-03-25,162.9499969482422,162.9499969482422,161.14999389648438,161.4499969482422,137.18118286132812,1764955,0.0,0.0
2015-03-26,159.0,161.0,156.6999969482422,157.8000030517578,134.07984924316406,5774857,0.0,0.0
2015-03-27,158.10000610351562,160.75,155.0,159.9499969482422,135.9066619873047,2705017,0.0,0.0
2015-03-30,162.5500030517578,166.10000610351562,161.39999389648438,165.3000030517578,140.45245361328125,4165812,0.0,0.0
2015-03-31,166.25,173.14999389648438,163.1999969482422,168.25,142.9590301513672,10527737,0.0,0.0
2015-04-01,169.64999389648438,175.89999389648438,169.0,175.1999969482422,148.8643035888672,3515274,0.0,0.0
2015-04-06,176.6999969482422,179.5,174.3000030517578,177.35000610351562,150.69113159179688,2173585,0.0,0.0
2015-04-07,178.6999969482422,181.6999969482422,175.5500030517578,180.35000610351562,153.2401885986328,3234054,0.0,0.0
2015-04-08,181.1999969482422,184.60000610351562,180.39999389648438,182.14999389648438,154.76962280273438,5641939,0.0,0.0
2015-04-09,182.64999389648438,183.6999969482422,178.0500030517578,181.9499969482422,154.5996551513672,2611743,0.0,0.0
2015-04-10,182.4499969482422,182.4499969482422,179.4499969482422,180.4499969482422,153.3251190185547,3079185,0.0,0.0
2015-04-13,181.1999969482422,189.25,180.5,188.0,159.74024963378906,3897449,0.0,0.0
2015-04-15,189.39999389648438,194.0,188.25,190.75,162.0768585205078,4694378,0.0,0.0
2015-04-16,191.5500030517578,193.9499969482422,187.6999969482422,191.85000610351562,163.0115203857422,3214202,0.0,0.0
2015-04-17,191.1999969482422,191.1999969482422,184.0,185.10000610351562,157.2761688232422,1841537,0.0,0.0
2015-04-20,185.5500030517578,186.85000610351562,181.0,183.35000610351562,155.7892303466797,2234055,0.0,0.0
2015-04-21,182.3000030517578,185.1999969482422,172.0,173.0500030517578,147.0374755859375,2724524,0.0,0.0
2015-04-22,172.60000610351562,175.60000610351562,170.1999969482422,174.75,148.48194885253906,2737147,0.0,0.0
2015-04-23,175.8000030517578,177.4499969482422,173.5500030517578,174.75,148.48194885253906,1349204,0.0,0.0
2015-04-24,175.0500030517578,175.35000610351562,166.25,168.3000030517578,143.0015106201172,1521760,0.0,0.0
2015-04-27,168.64999389648438,173.8000030517578,165.6999969482422,170.14999389648438,144.5734100341797,2951437,0.0,0.0
2015-04-28,169.89999389648438,173.5,167.89999389648438,172.9499969482422,146.95252990722656,2119526,0.0,0.0
2015-04-29,173.0,175.1999969482422,172.0,173.39999389648438,147.33486938476562,1433147,0.0,0.0
2015-04-30,173.1999969482422,175.0,171.6999969482422,173.3000030517578,147.24989318847656,3318146,0.0,0.0
2015-05-04,172.0,178.64999389648438,170.5500030517578,177.9499969482422,151.20091247558594,1936734,0.0,0.0
2015-05-05,177.9499969482422,178.60000610351562,174.5500030517578,175.64999389648438,149.24664306640625,1210386,0.0,0.0
2015-05-06,175.0,175.0,162.0,165.25,140.40997314453125,3981255,0.0,0.0
2015-05-07,165.25,168.6999969482422,162.0500030517578,163.35000610351562,138.7955780029297,2670262,0.0,0.0
2015-05-08,166.89999389648438,167.6999969482422,163.39999389648438,163.89999389648438,139.2628936767578,1378980,0.0,0.0
2015-05-11,165.60000610351562,172.25,164.85000610351562,170.9499969482422,145.25314331054688,1508316,0.0,0.0
2015-05-12,173.9499969482422,174.25,165.39999389648438,169.60000610351562,144.1060791015625,6126802,0.0,0.0
2015-05-13,169.14999389648438,173.6999969482422,167.0500030517578,171.8000030517578,145.97540283203125,3702320,0.0,0.0
2015-05-14,171.0,175.3000030517578,170.0,173.75,147.6322479248047,2300326,0.0,0.0
2015-05-15,174.5500030517578,176.25,170.0,171.4499969482422,145.67799377441406,1729733,0.0,0.0
2015-05-18,173.3000030517578,187.0,172.5,186.14999389648438,158.16831970214844,6694734,0.0,0.0
2015-05-19,182.14999389648438,188.14999389648438,182.14999389648438,183.4499969482422,155.8741912841797,3387537,0.0,0.0
2015-05-20,184.0,188.35000610351562,183.9499969482422,187.64999389648438,159.4428253173828,2651828,0.0,0.0
2015-05-21,188.10000610351562,189.0,182.5500030517578,183.25,155.70425415039062,2866847,0.0,0.0
2015-05-22,183.3000030517578,185.85000610351562,181.0500030517578,183.6999969482422,156.08660888671875,2363851,0.0,0.0
2015-05-25,183.8000030517578,186.0,183.14999389648438,184.0,156.34152221679688,1065048,0.0,0.0
2015-05-26,184.0,185.75,182.25,183.39999389648438,155.83169555664062,1038445,0.0,0.0
2015-05-27,181.4499969482422,184.39999389648438,181.3000030517578,183.5,155.91665649414062,1019610,0.0,0.0
2015-05-28,183.0,185.0,179.85000610351562,182.10000610351562,154.72714233398438,1227271,0.0,0.0
2015-05-29,182.0,191.39999389648438,180.3000030517578,189.85000610351562,161.31214904785156,3101702,0.0,0.0
2015-06-01,189.39999389648438,192.5500030517578,183.75,184.8000030517578,157.021240234375,2192895,0.0,0.0
2015-06-02,185.0,185.60000610351562,175.0500030517578,176.0,149.54405212402344,2352601,0.0,0.0
2015-06-03,175.5,177.89999389648438,170.60000610351562,175.64999389648438,149.24664306640625,2794818,0.0,0.0
2015-06-04,175.6999969482422,176.14999389648438,170.3000030517578,172.35000610351562,146.4427032470703,1898017,0.0,0.0
2015-06-05,170.0,173.60000610351562,167.6999969482422,171.4499969482422,145.67799377441406,2993925,0.0,0.0
2015-06-08,173.0,175.75,170.75,174.8000030517578,148.5244140625,3186054,0.0,0.0
2015-06-09,174.0500030517578,174.5,155.89999389648438,161.0500030517578,136.84130859375,6226023,0.0,0.0
2015-06-10,163.0,166.3000030517578,158.64999389648438,165.39999389648438,140.53741455078125,4733962,0.0,0.0
2015-06-11,166.0,166.85000610351562,160.10000610351562,162.5,138.0733642578125,2986940,0.0,0.0
2015-06-12,160.4499969482422,165.5,160.4499969482422,164.1999969482422,139.51779174804688,1740678,0.0,0.0
2015-06-15,163.89999389648438,169.0,162.8000030517578,165.0,140.1975555419922,1738656,0.0,0.0
2015-06-16,164.4499969482422,167.0,163.0,165.1999969482422,140.36749267578125,2143031,0.0,0.0
2015-06-17,165.75,168.64999389648438,164.6999969482422,167.14999389648438,142.0243682861328,2066797,0.0,0.0
2015-06-18,167.0,169.64999389648438,165.60000610351562,166.6999969482422,141.6420135498047,1236189,0.0,0.0
2015-06-19,167.0,168.6999969482422,162.25,166.10000610351562,141.13218688964844,1427495,0.0,0.0
2015-06-22,166.89999389648438,171.5,165.89999389648438,168.85000610351562,143.46881103515625,1542867,0.0,0.0
2015-06-23,168.8000030517578,172.5,167.6999969482422,169.8000030517578,144.27601623535156,2693875,0.0,0.0
2015-06-24,169.75,171.5,167.4499969482422,168.35000610351562,143.04400634765625,2086568,0.0,0.0
2015-06-25,167.1999969482422,172.3000030517578,167.0,171.64999389648438,145.8479461669922,2252154,0.0,0.0
2015-06-26,170.3000030517578,173.10000610351562,168.25,171.89999389648438,146.06031799316406,1671491,0.0,0.0
2015-06-29,167.89999389648438,168.75,163.14999389648438,165.60000610351562,140.70738220214844,2536350,0.0,0.0
2015-06-30,164.5500030517578,171.0,163.5,170.25,144.6583709716797,2161849,0.0,0.0
2015-07-01,169.35000610351562,175.4499969482422,168.25,172.89999389648438,146.91001892089844,2445064,0.0,0.0
2015-07-02,173.85000610351562,176.5,172.25,173.25,147.2074432373047,1492878,0.0,0.0
2015-07-03,172.35000610351562,174.4499969482422,169.3000030517578,170.64999389648438,144.99827575683594,805949,0.0,0.0
2015-07-06,167.0,173.10000610351562,166.39999389648438,172.10000610351562,146.23028564453125,1504214,0.0,0.0
2015-07-07,174.35000610351562,180.75,173.60000610351562,177.8000030517578,151.07350158691406,4744818,0.0,0.0
2015-07-08,175.5,179.25,170.0,171.89999389648438,146.06031799316406,2780868,0.0,0.0
2015-07-09,172.5500030517578,176.0,170.60000610351562,175.14999389648438,148.8218231201172,1808345,0.0,0.0
2015-07-10,176.0500030517578,177.14999389648438,172.75,175.89999389648438,149.4590606689453,1933561,0.0,0.0
2015-07-13,177.0500030517578,183.5,175.0500030517578,183.0500030517578,155.53431701660156,2190201,0.0,0.0
2015-07-14,183.9499969482422,185.4499969482422,182.0,183.3000030517578,155.74673461914062,1952181,0.0,0.0
2015-07-15,184.0,186.35000610351562,183.5,185.64999389648438,157.7434844970703,1626114,0.0,0.0
2015-07-16,187.0,190.1999969482422,186.3000030517578,189.1999969482422,160.75987243652344,2794969,0.0,0.0
2015-07-17,190.0,190.89999389648438,188.25,189.10000610351562,160.67491149902344,2245704,0.0,0.0
2015-07-20,189.6999969482422,196.0,188.10000610351562,194.6999969482422,165.43310546875,2243459,0.0,0.0
2015-07-21,195.3000030517578,196.39999389648438,190.6999969482422,192.0500030517578,163.1814727783203,3092921,0.0,0.0
2015-07-22,191.10000610351562,194.6999969482422,188.0,193.1999969482422,164.1585693359375,2359368,0.0,0.0
2015-07-23,196.0,202.89999389648438,194.75,197.14999389648438,167.5148162841797,4383803,0.0,0.0
2015-07-24,197.8000030517578,198.5,192.5,193.9499969482422,164.7958221435547,1674170,0.0,0.0
2015-07-27,192.6999969482422,195.75,190.1999969482422,191.4499969482422,162.67164611816406,2417645,0.0,0.0
2015-07-28,192.8000030517578,199.5,190.75,196.8000030517578,167.21742248535156,2879173,0.0,0.0
2015-07-29,198.39999389648438,204.89999389648438,198.35000610351562,203.8000030517578,173.1652069091797,3514965,0.0,0.0
2015-07-30,204.85000610351562,208.5,204.0,207.35000610351562,176.1815948486328,3591399,0.0,0.0
2015-07-31,208.3000030517578,209.9499969482422,200.10000610351562,202.5500030517578,172.10313415527344,3800203,0.0,0.0
2015-08-03,202.5,208.8000030517578,202.35000610351562,207.35000610351562,176.1815948486328,2953730,0.0,0.0
2015-08-04,207.25,218.5,203.5,217.25,186.3912811279297,4863271,2.0,0.0
2015-08-05,218.5,223.39999389648438,208.60000610351562,209.6999969482422,179.91368103027344,4259197,0.0,0.0
2015-08-06,210.4499969482422,213.75,207.14999389648438,212.0500030517578,181.9298858642578,2815104,0.0,0.0
2015-08-07,212.0500030517578,216.6999969482422,210.8000030517578,212.0,181.8870086669922,2628809,0.0,0.0
2015-08-10,212.10000610351562,214.8000030517578,207.5,209.14999389648438,179.4418182373047,2106953,0.0,0.0
2015-08-11,208.5500030517578,209.0,180.75,183.10000610351562,157.092041015625,13375624,0.0,0.0
2015-08-12,183.10000610351562,190.25,180.0,188.35000610351562,161.59629821777344,8419224,0.0,0.0
2015-08-13,188.9499969482422,191.60000610351562,185.64999389648438,187.9499969482422,161.25311279296875,3575532,0.0,0.0
2015-08-14,189.5,192.89999389648438,186.39999389648438,191.9499969482422,164.68495178222656,2049543,0.0,0.0
2015-08-17,192.10000610351562,194.5,188.25,192.1999969482422,164.89942932128906,1723850,0.0,0.0
2015-08-18,194.0,204.0,193.5500030517578,202.0,173.3074493408203,2956582,0.0,0.0
2015-08-19,202.5,206.0,191.9499969482422,195.25,167.51622009277344,4588655,0.0,0.0
2015-08-20,195.89999389648438,197.89999389648438,191.64999389648438,194.4499969482422,166.82986450195312,2802925,0.0,0.0
2015-08-21,190.89999389648438,196.75,186.1999969482422,195.64999389648438,167.85940551757812,2469104,0.0,0.0
2015-08-24,187.8000030517578,188.5,166.35000610351562,169.89999389648438,145.76698303222656,5539839,0.0,0.0
2015-08-25,174.60000610351562,175.9499969482422,165.60000610351562,173.10000610351562,148.51246643066406,4959915,0.0,0.0
2015-08-26,173.0,182.6999969482422,169.0,179.14999389648438,153.70309448242188,3250410,0.0,0.0
2015-08-27,184.60000610351562,186.0,180.3000030517578,181.25,155.5048065185547,4072606,0.0,0.0
2015-08-28,182.1999969482422,186.9499969482422,178.3000030517578,181.25,155.5048065185547,1879712,0.0,0.0
2015-08-31,182.0,184.89999389648438,178.9499969482422,180.0,154.43234252929688,2207090,0.0,0.0
2015-09-01,178.60000610351562,180.75,167.5,169.64999389648438,145.55252075195312,3221786,0.0,0.0
2015-09-02,170.10000610351562,176.25,169.14999389648438,173.8000030517578,149.113037109375,2117812,0.0,0.0
2015-09-03,174.89999389648438,176.60000610351562,170.8000030517578,172.0,147.56871032714844,2011862,0.0,0.0
2015-09-04,170.60000610351562,173.3000030517578,162.89999389648438,170.1999969482422,146.02435302734375,3009823,0.0,0.0
2015-09-07,170.6999969482422,172.6999969482422,167.85000610351562,168.6999969482422,144.7374267578125,1393563,0.0,0.0
2015-09-08,169.10000610351562,179.1999969482422,166.64999389648438,177.14999389648438,151.98716735839844,2188449,0.0,0.0
2015-09-09,179.25,181.60000610351562,177.3000030517578,178.25,152.93089294433594,2000066,0.0,0.0
2015-09-10,175.3000030517578,185.39999389648438,173.3000030517578,184.5,158.29318237304688,3003995,0.0,0.0
2015-09-11,185.0,188.60000610351562,183.0500030517578,185.39999389648438,159.0653076171875,2531572,0.0,0.0
2015-09-14,186.39999389648438,190.14999389648438,185.1999969482422,188.0500030517578,161.3389129638672,1501966,0.0,0.0
2015-09-15,188.5500030517578,189.89999389648438,185.0,185.89999389648438,159.49427795410156,1484762,0.0,0.0
2015-09-16,187.8000030517578,189.0,183.75,184.60000610351562,158.3789520263672,1587411,0.0,0.0
2015-09-18,187.0500030517578,191.5,185.64999389648438,186.5500030517578,160.05198669433594,2692858,0.0,0.0
2015-09-21,184.8000030517578,194.6999969482422,183.85000610351562,193.39999389648438,165.9290008544922,2685207,0.0,0.0
2015-09-22,195.0500030517578,197.5,180.89999389648438,183.5,157.43521118164062,3707639,0.0,0.0
2015-09-23,179.0,186.5,179.0,185.5500030517578,159.1940155029297,2040030,0.0,0.0
2015-09-24,183.8000030517578,187.64999389648438,183.5,186.6999969482422,160.1806640625,2464837,0.0,0.0
2015-09-28,187.0,188.60000610351562,181.75,182.85000610351562,156.8775177001953,989652,0.0,0.0
2015-09-29,179.0,185.0,177.1999969482422,182.1999969482422,156.31985473632812,1926079,0.0,0.0
2015-09-30,184.35000610351562,185.39999389648438,177.89999389648438,179.9499969482422,154.3894500732422,2265916,0.0,0.0
2015-10-01,180.8000030517578,184.14999389648438,180.10000610351562,182.14999389648438,156.2769775390625,1493092,0.0,0.0
2015-10-05,182.60000610351562,192.3000030517578,182.60000610351562,190.9499969482422,163.82701110839844,2138798,0.0,0.0
2015-10-06,191.89999389648438,197.0,189.25,195.5500030517578,167.7736053466797,2405909,0.0,0.0
2015-10-07,196.10000610351562,198.5,193.1999969482422,194.5500030517578,166.91563415527344,1884280,0.0,0.0
2015-10-08,194.6999969482422,195.64999389648438,190.39999389648438,193.25,165.80030822753906,1375466,0.0,0.0
2015-10-09,194.5,195.5500030517578,185.10000610351562,187.9499969482422,161.25311279296875,1775725,0.0,0.0
2015-10-12,188.6999969482422,190.3000030517578,184.25,188.0,161.29605102539062,1065389,0.0,0.0
2015-10-13,187.0,191.35000610351562,186.89999389648438,190.5500030517578,163.48379516601562,1575122,0.0,0.0
2015-10-14,192.10000610351562,192.10000610351562,186.3000030517578,187.10000610351562,160.5238494873047,1251822,0.0,0.0
2015-10-15,187.75,192.60000610351562,187.75,191.3000030517578,164.12728881835938,1296881,0.0,0.0
2015-10-16,192.6999969482422,193.85000610351562,189.6999969482422,191.5500030517578,164.34176635742188,1490651,0.0,0.0
2015-10-19,192.0,194.8000030517578,191.0500030517578,193.8000030517578,166.2721710205078,944789,0.0,0.0
2015-10-20,195.0,196.8000030517578,194.0500030517578,194.9499969482422,167.25881958007812,2467064,0.0,0.0
2015-10-21,194.89999389648438,196.25,191.0,192.9499969482422,165.54290771484375,1685892,0.0,0.0
2015-10-23,194.0500030517578,198.3000030517578,192.25,194.75,167.08721923828125,1979573,0.0,0.0
2015-10-26,195.0500030517578,196.25,189.5,190.25,163.2263946533203,1662124,0.0,0.0
2015-10-27,189.39999389648438,190.85000610351562,187.64999389648438,190.10000610351562,163.09774780273438,944773,0.0,0.0
2015-10-28,190.0,193.0,188.8000030517578,190.85000610351562,163.74122619628906,1163622,0.0,0.0
2015-10-29,190.25,190.75,181.5,182.25,156.36276245117188,2334947,0.0,0.0
2015-10-30,181.0500030517578,181.5,168.1999969482422,171.0500030517578,146.7536163330078,5702135,0.0,0.0
2015-11-02,171.9499969482422,172.60000610351562,165.6999969482422,169.85000610351562,145.72409057617188,3576727,0.0,0.0
2015-11-03,171.10000610351562,171.5,163.39999389648438,164.75,141.34849548339844,3632925,0.0,0.0
2015-11-04,165.3000030517578,166.39999389648438,161.6999969482422,162.1999969482422,139.16070556640625,3101330,0.0,0.0
2015-11-05,162.0,163.14999389648438,158.10000610351562,159.0500030517578,136.4581298828125,3894925,0.0,0.0
2015-11-06,159.14999389648438,162.3000030517578,156.4499969482422,158.89999389648438,136.32943725585938,1949061,0.0,0.0
2015-11-09,156.8000030517578,161.39999389648438,153.39999389648438,160.5500030517578,137.7450714111328,2276910,0.0,0.0
2015-11-10,160.0,162.25,155.6999969482422,156.4499969482422,134.2274627685547,1731105,0.0,0.0
2015-11-13,158.0,158.0,154.25,155.10000610351562,133.06922912597656,1354971,0.0,0.0
2015-11-16,154.89999389648438,160.35000610351562,151.25,157.6999969482422,135.29989624023438,4472873,0.0,0.0
2015-11-17,160.64999389648438,163.3000030517578,159.25,162.0,138.98912048339844,4481654,0.0,0.0
2015-11-18,162.5,163.64999389648438,156.0,157.60000610351562,135.214111328125,2754896,0.0,0.0
2015-11-19,159.25,161.0,157.60000610351562,160.35000610351562,137.57350158691406,2058770,0.0,0.0
2015-11-20,160.8000030517578,162.39999389648438,159.60000610351562,161.0500030517578,138.17404174804688,1526082,0.0,0.0
2015-11-23,161.75,162.25,160.1999969482422,161.39999389648438,138.47434997558594,1079892,0.0,0.0
2015-11-24,161.60000610351562,164.39999389648438,160.6999969482422,162.0,138.98912048339844,2070483,0.0,0.0
2015-11-26,162.89999389648438,162.89999389648438,160.5,160.85000610351562,138.0024871826172,2250995,0.0,0.0
2015-11-27,161.35000610351562,165.1999969482422,161.0,163.0500030517578,139.88998413085938,1508031,0.0,0.0
2015-11-30,163.39999389648438,165.0,161.14999389648438,162.6999969482422,139.5896759033203,1098966,0.0,0.0
2015-12-01,162.0,164.5,161.0,162.9499969482422,139.80418395996094,2109378,0.0,0.0
2015-12-02,164.8000030517578,166.8000030517578,163.5,164.0500030517578,140.74794006347656,2349853,0.0,0.0
2015-12-03,163.5,165.0,157.5,158.4499969482422,135.943359375,2693334,0.0,0.0
2015-12-04,156.0,157.89999389648438,154.10000610351562,155.1999969482422,133.15499877929688,1789734,0.0,0.0
2015-12-07,157.1999969482422,158.3000030517578,156.25,156.8000030517578,134.5277557373047,978387,0.0,0.0
2015-12-08,157.0,157.5,154.5,156.0500030517578,133.88427734375,1617886,0.0,0.0
2015-12-09,154.5,157.0500030517578,150.25,151.10000610351562,129.63739013671875,1671180,0.0,0.0
2015-12-10,151.14999389648438,153.0,147.5500030517578,150.89999389648438,129.46580505371094,2443257,0.0,0.0
2015-12-11,151.39999389648438,152.10000610351562,146.60000610351562,148.0500030517578,127.02062225341797,2112922,0.0,0.0
2015-12-14,146.0,151.6999969482422,145.14999389648438,151.0,129.5515594482422,2203178,0.0,0.0
2015-12-15,152.60000610351562,152.64999389648438,147.0500030517578,149.3000030517578,128.0930633544922,1467455,0.0,0.0
2015-12-16,151.0,152.14999389648438,149.35000610351562,150.1999969482422,128.86521911621094,1246336,0.0,0.0
2015-12-17,151.0,154.3000030517578,149.1999969482422,153.64999389648438,131.82518005371094,1833787,0.0,0.0
2015-12-18,153.0,153.5500030517578,150.10000610351562,150.89999389648438,129.46580505371094,1726016,0.0,0.0
2015-12-21,150.6999969482422,152.5,149.1999969482422,151.6999969482422,130.15216064453125,1236059,0.0,0.0
2015-12-22,152.0,154.89999389648438,151.14999389648438,151.64999389648438,130.10926818847656,2060127,0.0,0.0
2015-12-23,153.10000610351562,153.35000610351562,151.0,152.25,130.6240234375,856158,0.0,0.0
2015-12-24,152.64999389648438,154.3000030517578,151.6999969482422,153.5500030517578,131.73939514160156,820751,0.0,0.0
2015-12-28,153.5,156.60000610351562,153.35000610351562,155.64999389648438,133.54107666015625,1051634,0.0,0.0
2015-12-29,156.0,157.8000030517578,155.8000030517578,157.0,134.6993408203125,1237041,0.0,0.0
2015-12-30,157.0,158.5,154.25,155.1999969482422,133.15499877929688,1045000,0.0,0.0
2015-12-31,156.39999389648438,157.89999389648438,155.1999969482422,156.1999969482422,134.01295471191406,1053168,0.0,0.0
2016-01-01,156.89999389648438,160.0,156.0500030517578,159.0,136.41526794433594,1224291,0.0,0.0
2016-01-04,159.14999389648438,161.89999389648438,153.25,155.75,133.62689208984375,2203740,0.0,0.0
2016-01-05,156.9499969482422,158.39999389648438,154.25,157.25,134.913818359375,1324704,0.0,0.0
2016-01-06,156.8000030517578,160.39999389648438,154.5,155.35000610351562,133.28370666503906,1550088,0.0,0.0
2016-01-07,153.75,153.8000030517578,147.0,148.85000610351562,127.70698547363281,3355306,0.0,0.0
2016-01-08,150.85000610351562,151.39999389648438,144.25,150.10000610351562,128.7794647216797,3121295,0.0,0.0
2016-01-11,148.9499969482422,151.9499969482422,146.64999389648438,148.0,126.97771453857422,1772306,0.0,0.0
2016-01-12,148.89999389648438,151.3000030517578,145.8000030517578,149.10000610351562,127.92149353027344,1597678,0.0,0.0
2016-01-13,149.5,152.60000610351562,144.89999389648438,148.60000610351562,127.49249267578125,2942194,0.0,0.0
2016-01-14,147.0,148.64999389648438,145.14999389648438,146.0,125.26178741455078,1774069,0.0,0.0
2016-01-15,146.60000610351562,147.3000030517578,136.85000610351562,139.3000030517578,119.51347351074219,3319165,0.0,0.0
2016-01-18,137.5500030517578,138.35000610351562,129.39999389648438,133.8000030517578,114.79471588134766,3310150,0.0,0.0
2016-01-19,132.0,135.85000610351562,129.0500030517578,132.39999389648438,113.59358215332031,4067685,0.0,0.0
2016-01-20,130.0,136.8000030517578,127.05000305175781,134.89999389648438,115.73845672607422,5680721,0.0,0.0
2016-01-21,136.0,139.0500030517578,132.9499969482422,135.64999389648438,116.38194274902344,1973050,0.0,0.0
2016-01-22,137.9499969482422,143.14999389648438,136.25,140.75,120.75751495361328,2078588,0.0,0.0
2016-01-25,142.0,146.39999389648438,141.1999969482422,142.6999969482422,122.43052673339844,2030338,0.0,0.0
2016-01-27,142.8000030517578,147.0,142.8000030517578,145.60000610351562,124.91864013671875,1233470,0.0,0.0
2016-01-28,146.0,149.6999969482422,143.85000610351562,146.9499969482422,126.07687377929688,2175330,0.0,0.0
2016-01-29,145.8000030517578,148.6999969482422,143.10000610351562,147.4499969482422,126.50581359863281,1578791,0.0,0.0
2016-02-01,149.0,149.0,142.10000610351562,144.0,123.5458755493164,2532906,0.0,0.0
2016-02-02,143.8000030517578,144.0,141.5,142.4499969482422,122.216064453125,3388035,0.0,0.0
2016-02-03,140.0,142.5,137.60000610351562,138.5,118.82711029052734,3826110,0.0,0.0
2016-02-04,140.0,142.6999969482422,134.10000610351562,141.25,121.1865234375,3865348,0.0,0.0
2016-02-05,140.89999389648438,141.64999389648438,136.89999389648438,138.25,118.61264038085938,2249494,0.0,0.0
2016-02-08,138.9499969482422,143.14999389648438,136.0,136.9499969482422,117.49727630615234,2251547,0.0,0.0
2016-02-09,134.0500030517578,138.39999389648438,133.4499969482422,135.10000610351562,115.91007995605469,2618057,0.0,0.0
2016-02-10,135.5,150.89999389648438,135.5,149.5500030517578,128.3075408935547,11748500,0.0,0.0
2016-02-11,149.85000610351562,152.39999389648438,147.39999389648438,149.0,127.835693359375,6373004,0.0,0.0
2016-02-12,150.0,152.4499969482422,142.0,148.0500030517578,127.02062225341797,7522145,0.0,0.0
2016-02-15,150.0,157.89999389648438,150.0,156.39999389648438,134.1845703125,2838355,0.0,0.0
2016-02-16,158.1999969482422,158.6999969482422,148.85000610351562,151.5,129.98056030273438,2537035,0.0,0.0
2016-02-17,151.5,160.3000030517578,151.5,159.6999969482422,137.01583862304688,5496754,0.0,0.0
2016-02-18,161.1999969482422,162.5,154.10000610351562,160.25,137.48768615722656,5320936,0.0,0.0
2016-02-19,159.5,163.5,158.0500030517578,160.64999389648438,137.8308868408203,2356212,0.0,0.0
2016-02-22,159.39999389648438,163.0,157.8000030517578,162.4499969482422,139.37518310546875,2573800,0.0,0.0
2016-02-23,162.5500030517578,164.5,158.3000030517578,163.25,140.0615692138672,2928145,0.0,0.0
2016-02-24,162.0,166.39999389648438,160.6999969482422,161.75,138.77462768554688,2940746,0.0,0.0
2016-02-25,161.8000030517578,161.8000030517578,157.0,158.10000610351562,135.64309692382812,2655870,0.0,0.0
2016-02-26,159.1999969482422,159.75,153.8000030517578,154.9499969482422,132.94052124023438,1746099,0.0,0.0
2016-02-29,156.39999389648438,160.5500030517578,152.39999389648438,157.85000610351562,135.42860412597656,3031587,0.0,0.0
2016-03-01,158.0,161.3000030517578,157.0500030517578,158.35000610351562,135.85757446289062,2925741,0.0,0.0
2016-03-02,160.1999969482422,169.0500030517578,160.10000610351562,164.85000610351562,141.434326171875,3315300,0.0,0.0
2016-03-03,166.6999969482422,167.1999969482422,163.8000030517578,165.9499969482422,142.37806701660156,3644847,0.0,0.0
2016-03-04,166.0,171.60000610351562,165.10000610351562,170.14999389648438,145.9814910888672,3474287,0.0,0.0
2016-03-08,172.5,174.85000610351562,169.39999389648438,171.75,147.35423278808594,3665146,0.0,0.0
2016-03-09,170.0,172.75,166.0,171.5,147.13973999023438,2510975,0.0,0.0
2016-03-10,172.5,173.0500030517578,167.0,168.85000610351562,144.86611938476562,1855545,0.0,0.0
2016-03-11,168.85000610351562,170.5500030517578,166.5,167.5,143.7078857421875,1586552,0.0,0.0
2016-03-14,169.0,170.6999969482422,168.3000030517578,169.35000610351562,145.29510498046875,874339,0.0,0.0
2016-03-15,170.0,172.4499969482422,166.1999969482422,168.89999389648438,144.90902709960938,2437775,0.0,0.0
2016-03-16,170.60000610351562,170.60000610351562,165.5,168.39999389648438,144.4800567626953,1263306,0.0,0.0
2016-03-17,170.5,171.8000030517578,168.89999389648438,170.39999389648438,146.1959686279297,1611633,0.0,0.0
2016-03-18,171.0,179.39999389648438,168.5500030517578,177.25,152.07298278808594,3737007,0.0,0.0
2016-03-21,177.0,180.25,177.0,178.3000030517578,152.97384643554688,2170256,0.0,0.0
2016-03-22,177.5500030517578,181.5,176.1999969482422,178.60000610351562,153.23121643066406,3587364,0.0,0.0
2016-03-23,178.39999389648438,178.64999389648438,173.0500030517578,175.1999969482422,150.31414794921875,2239435,0.0,0.0
2016-03-28,173.0500030517578,176.25,170.25,172.0,147.56871032714844,1666204,0.0,0.0
2016-03-29,171.89999389648438,174.35000610351562,169.0500030517578,170.25,146.0672607421875,2093617,0.0,0.0
2016-03-30,171.4499969482422,173.89999389648438,169.9499969482422,172.89999389648438,148.3408660888672,2662792,0.0,0.0
2016-03-31,173.0,178.0,171.60000610351562,174.89999389648438,150.05677795410156,4069107,0.0,0.0
2016-04-01,174.3000030517578,176.39999389648438,173.10000610351562,174.39999389648438,149.62779235839844,1024764,0.0,0.0
2016-04-04,174.39999389648438,175.60000610351562,169.10000610351562,171.3000030517578,146.96810913085938,2140904,0.0,0.0
2016-04-05,170.6999969482422,172.14999389648438,164.5,165.5,141.9919891357422,1620648,0.0,0.0
2016-04-06,166.8000030517578,173.5,165.5500030517578,172.60000610351562,148.08348083496094,3151470,0.0,0.0
2016-04-07,173.60000610351562,173.85000610351562,167.89999389648438,168.5,144.5658721923828,1971133,0.0,0.0
2016-04-08,168.75,169.60000610351562,167.10000610351562,168.0,144.13687133789062,877445,0.0,0.0
2016-04-11,169.5,169.5,165.0,168.14999389648438,144.2655792236328,1824405,0.0,0.0
2016-04-12,168.6999969482422,170.0,165.5,168.10000610351562,144.22265625,2022831,0.0,0.0
2016-04-13,170.8000030517578,172.0,168.75,169.4499969482422,145.3809356689453,1358250,0.0,0.0
2016-04-18,169.0,174.8000030517578,167.89999389648438,173.25,148.6411590576172,2233362,0.0,0.0
2016-04-20,173.3000030517578,175.39999389648438,168.5,169.0,144.9948272705078,2367848,0.0,0.0
2016-04-21,169.60000610351562,170.75,162.8000030517578,164.0500030517578,140.74794006347656,2025872,0.0,0.0
2016-04-22,162.5,163.6999969482422,159.75,162.64999389648438,139.54678344726562,2162723,0.0,0.0
2016-04-25,162.8000030517578,165.35000610351562,158.5500030517578,161.5500030517578,138.60305786132812,2075010,0.0,0.0
2016-04-26,162.0,164.3000030517578,160.5500030517578,162.8000030517578,139.6754913330078,1886113,0.0,0.0
2016-04-27,163.0,167.1999969482422,162.10000610351562,166.4499969482422,142.8070526123047,2357341,0.0,0.0
2016-04-28,165.64999389648438,167.5,163.75,164.4499969482422,141.0911102294922,1590539,0.0,0.0
2016-04-29,164.39999389648438,164.4499969482422,158.10000610351562,160.14999389648438,137.40188598632812,1821818,0.0,0.0
2016-05-02,150.0,162.9499969482422,150.0,162.10000610351562,139.07493591308594,1909350,0.0,0.0
2016-05-03,162.89999389648438,163.4499969482422,158.0,158.5,135.9862823486328,1095169,0.0,0.0
2016-05-04,159.39999389648438,160.6999969482422,153.8000030517578,154.9499969482422,132.94052124023438,1611468,0.0,0.0
2016-05-05,155.3000030517578,157.10000610351562,154.10000610351562,155.39999389648438,133.3266143798828,1047717,0.0,0.0
2016-05-06,155.89999389648438,159.4499969482422,154.3000030517578,158.8000030517578,136.24366760253906,1037440,0.0,0.0
2016-05-09,159.0,160.1999969482422,156.3000030517578,157.25,134.913818359375,1906405,0.0,0.0
2016-05-10,158.5,158.5,151.25,152.35000610351562,130.70982360839844,3266476,0.0,0.0
2016-05-11,150.10000610351562,154.3000030517578,149.6999969482422,153.5,131.69650268554688,2661915,0.0,0.0
2016-05-12,150.5500030517578,159.39999389648438,148.6999969482422,158.60000610351562,136.0720672607422,10149074,0.0,0.0
2016-05-13,158.39999389648438,161.25,156.85000610351562,159.75,137.05873107910156,3512999,0.0,0.0
2016-05-16,159.9499969482422,161.1999969482422,155.64999389648438,157.14999389648438,134.82801818847656,1776664,0.0,0.0
2016-05-17,156.60000610351562,158.8000030517578,153.10000610351562,153.5500030517578,131.73939514160156,1439028,0.0,0.0
2016-05-18,152.5,153.5,151.5,152.8000030517578,131.09591674804688,1301836,0.0,0.0
2016-05-19,153.1999969482422,154.6999969482422,150.0,150.8000030517578,129.3800048828125,2172570,0.0,0.0
2016-05-20,151.3000030517578,153.14999389648438,149.25,152.3000030517578,130.6669464111328,1472348,0.0,0.0
2016-05-23,151.89999389648438,152.89999389648438,150.75,151.5,129.98056030273438,1663293,0.0,0.0
2016-05-24,151.0,152.0,147.14999389648438,147.75,126.76322174072266,2282634,0.0,0.0
2016-05-25,148.64999389648438,152.4499969482422,147.3000030517578,151.8000030517578,130.23797607421875,1925250,0.0,0.0
2016-05-26,152.5500030517578,153.5,149.6999969482422,152.85000610351562,131.13882446289062,1673863,0.0,0.0
2016-05-27,153.0,157.25,152.8000030517578,156.85000610351562,134.5706329345703,1236710,0.0,0.0
2016-05-30,157.89999389648438,159.10000610351562,154.3000030517578,157.25,134.913818359375,783258,0.0,0.0
2016-05-31,157.39999389648438,158.5,155.0500030517578,156.4499969482422,134.2274627685547,1125847,0.0,0.0
2016-06-01,156.5500030517578,157.6999969482422,153.0500030517578,153.4499969482422,131.65359497070312,990218,0.0,0.0
2016-06-02,153.4499969482422,155.4499969482422,151.0500030517578,154.9499969482422,132.94052124023438,835294,0.0,0.0
2016-06-03,155.10000610351562,156.60000610351562,150.35000610351562,150.9499969482422,129.50868225097656,860468,0.0,0.0
2016-06-06,151.0,153.10000610351562,150.14999389648438,151.8000030517578,130.23797607421875,375987,0.0,0.0
2016-06-07,153.0,153.75,150.85000610351562,153.25,131.4820098876953,1030575,0.0,0.0
2016-06-08,152.85000610351562,154.89999389648438,151.85000610351562,153.9499969482422,132.0825653076172,817263,0.0,0.0
2016-06-09,154.0,155.25,151.64999389648438,152.39999389648438,130.7527313232422,989693,0.0,0.0
2016-06-10,152.5,153.89999389648438,149.8000030517578,150.25,128.90814208984375,1317070,0.0,0.0
2016-06-13,149.0,150.0,147.39999389648438,148.10000610351562,127.0634994506836,873346,0.0,0.0
2016-06-14,148.0,152.39999389648438,147.6999969482422,151.60000610351562,130.06637573242188,1507275,0.0,0.0
2016-06-15,153.0,153.3000030517578,151.0,151.9499969482422,130.3666534423828,929650,0.0,0.0
2016-06-16,151.5,151.6999969482422,148.10000610351562,149.14999389648438,127.96437072753906,1835460,0.0,0.0
2016-06-17,149.14999389648438,150.3000030517578,147.8000030517578,148.89999389648438,127.74986267089844,1241361,0.0,0.0
2016-06-20,148.6999969482422,150.89999389648438,147.0,149.85000610351562,128.56494140625,1825442,0.0,0.0
2016-06-21,149.9499969482422,151.0,148.0500030517578,148.60000610351562,127.49249267578125,863775,0.0,0.0
2016-06-22,149.6999969482422,149.6999969482422,147.0500030517578,148.75,127.62120056152344,1149498,0.0,0.0
2016-06-23,148.6999969482422,149.39999389648438,147.39999389648438,148.64999389648438,127.53536987304688,988343,0.0,0.0
2016-06-24,145.0,148.3000030517578,139.35000610351562,147.5,126.54873657226562,2024469,0.0,0.0
2016-06-27,147.5,147.9499969482422,145.0,146.10000610351562,125.34760284423828,909438,0.0,0.0
2016-06-28,146.0,148.60000610351562,145.60000610351562,147.9499969482422,126.93482208251953,1784911,0.0,0.0
2016-06-29,148.5,152.60000610351562,148.5,151.39999389648438,129.894775390625,2189946,0.0,0.0
2016-06-30,154.89999389648438,154.89999389648438,151.10000610351562,151.5,129.98056030273438,1831804,0.0,0.0
2016-07-01,152.10000610351562,155.5,152.0,154.75,132.76893615722656,1869177,0.0,0.0
2016-07-04,155.0,157.9499969482422,155.0,156.60000610351562,134.35614013671875,1243946,0.0,0.0
2016-07-05,156.6999969482422,157.3000030517578,154.0,156.14999389648438,133.97007751464844,688093,0.0,0.0
2016-07-07,156.0,156.14999389648438,149.25,150.39999389648438,129.03680419921875,2274958,0.0,0.0
2016-07-08,150.39999389648438,151.60000610351562,149.3000030517578,149.75,128.4791259765625,1333960,0.0,0.0
2016-07-11,151.3000030517578,153.75,151.3000030517578,152.85000610351562,131.13882446289062,1290915,0.0,0.0
2016-07-12,152.64999389648438,156.64999389648438,151.10000610351562,156.0500030517578,133.88427734375,3388577,0.0,0.0
2016-07-13,156.0,156.6999969482422,152.1999969482422,153.8000030517578,131.95388793945312,1490048,0.0,0.0
2016-07-14,153.0,155.9499969482422,153.0,155.25,133.19793701171875,807365,0.0,0.0
2016-07-15,156.5,157.64999389648438,155.89999389648438,156.85000610351562,134.5706329345703,1967506,0.0,0.0
2016-07-18,158.3000030517578,161.8000030517578,158.0,159.89999389648438,137.18740844726562,2932461,0.0,0.0
2016-07-19,160.9499969482422,161.3000030517578,156.75,158.6999969482422,136.15785217285156,2711588,0.0,0.0
2016-07-20,159.5,161.75,158.5500030517578,158.9499969482422,136.3723602294922,1321839,0.0,0.0
2016-07-21,160.0,161.0,157.0,157.89999389648438,135.47149658203125,1315066,0.0,0.0
2016-07-22,158.10000610351562,159.5,155.5,157.64999389648438,135.25698852539062,1894200,0.0,0.0
2016-07-25,158.0,163.25,158.0,162.5500030517578,139.4610137939453,2320610,0.0,0.0
2016-07-26,163.60000610351562,165.0,159.85000610351562,161.0500030517578,138.17404174804688,2486686,0.0,0.0
2016-07-27,161.3000030517578,162.75,158.60000610351562,161.3000030517578,138.38856506347656,1639458,0.0,0.0
2016-07-28,161.89999389648438,164.5,160.5,164.1999969482422,140.87661743164062,1561008,0.0,0.0
2016-07-29,164.0500030517578,165.3000030517578,161.5,163.3000030517578,140.10447692871094,2381739,0.0,0.0
2016-08-01,163.10000610351562,166.10000610351562,160.60000610351562,162.9499969482422,141.53762817382812,2180723,2.0,0.0
2016-08-02,164.0,164.5,159.5,161.4499969482422,140.23475646972656,1116580,0.0,0.0
2016-08-03,161.4499969482422,162.4499969482422,155.10000610351562,156.0,135.5009307861328,1628289,0.0,0.0
2016-08-04,158.39999389648438,163.39999389648438,154.25,161.0500030517578,139.8873291015625,2653327,0.0,0.0
2016-08-05,162.75,176.6999969482422,161.75,174.9499969482422,151.9608154296875,9551847,0.0,0.0
2016-08-08,175.0,183.25,175.0,181.0,157.2158203125,5224830,0.0,0.0
2016-08-09,180.5500030517578,190.3000030517578,176.14999389648438,182.5500030517578,158.56211853027344,13871309,0.0,0.0
2016-08-10,182.8000030517578,186.0,171.5500030517578,172.60000610351562,149.9196014404297,7900943,0.0,0.0
2016-08-11,171.0,173.89999389648438,166.25,169.0,146.7926483154297,4213420,0.0,0.0
2016-08-12,168.5,174.1999969482422,168.5,170.39999389648438,148.00869750976562,2657868,0.0,0.0
2016-08-16,170.0500030517578,173.39999389648438,170.0500030517578,172.75,150.04991149902344,2063622,0.0,0.0
2016-08-17,172.75,177.0,170.75,175.64999389648438,152.56878662109375,2395507,0.0,0.0
2016-08-18,175.5,178.5,175.35000610351562,177.35000610351562,154.0454559326172,1624689,0.0,0.0
2016-08-19,177.39999389648438,178.8000030517578,174.5,175.5,152.43853759765625,1333543,0.0,0.0
2016-08-22,175.9499969482422,176.25,168.4499969482422,170.8000030517578,148.3561248779297,3146195,0.0,0.0
2016-08-23,169.5,173.89999389648438,168.10000610351562,172.5,149.83273315429688,2343873,0.0,0.0
2016-08-24,172.60000610351562,174.8000030517578,171.0,174.14999389648438,151.2659149169922,2411252,0.0,0.0
2016-08-25,174.60000610351562,176.6999969482422,172.60000610351562,173.8000030517578,150.96194458007812,1979466,0.0,0.0
2016-08-26,173.5,177.3000030517578,171.39999389648438,176.6999969482422,153.48081970214844,1629274,0.0,0.0
2016-08-29,178.60000610351562,185.6999969482422,178.60000610351562,184.1999969482422,159.9953155517578,4846688,0.0,0.0
2016-08-30,185.0,186.39999389648438,183.4499969482422,185.0,160.69020080566406,2381932,0.0,0.0
2016-08-31,184.85000610351562,186.1999969482422,181.14999389648438,183.0500030517578,158.99642944335938,2079953,0.0,0.0
2016-09-01,184.3000030517578,188.75,182.0,186.10000610351562,161.64566040039062,4992181,0.0,0.0
2016-09-02,186.9499969482422,195.89999389648438,186.64999389648438,194.5,168.9418487548828,6293256,0.0,0.0
2016-09-06,196.4499969482422,203.9499969482422,196.25,202.4499969482422,175.84718322753906,6547672,0.0,0.0
2016-09-07,203.75,207.6999969482422,203.0,206.0,178.93069458007812,3457581,0.0,0.0
2016-09-08,206.5,210.5,204.6999969482422,207.75,180.45074462890625,2817238,0.0,0.0
2016-09-09,209.5,215.89999389648438,208.5,212.85000610351562,184.8805694580078,4866480,0.0,0.0
2016-09-12,209.8000030517578,210.0,201.8000030517578,203.6999969482422,176.93292236328125,1937247,0.0,0.0
2016-09-14,205.0,214.85000610351562,203.0,213.25,185.22799682617188,5335005,0.0,0.0
2016-09-15,214.8000030517578,219.89999389648438,213.60000610351562,215.5,187.18234252929688,4719164,0.0,0.0
2016-09-16,216.0,217.9499969482422,208.25,213.4499969482422,185.40170288085938,3749895,0.0,0.0
2016-09-19,215.1999969482422,222.1999969482422,214.4499969482422,221.35000610351562,192.26364135742188,5757699,0.0,0.0
2016-09-20,222.85000610351562,223.6999969482422,216.0500030517578,217.25,188.702392578125,5620605,0.0,0.0
2016-09-21,216.5,219.5,213.1999969482422,215.10000610351562,186.8349151611328,3723720,0.0,0.0
2016-09-22,218.0,218.6999969482422,212.8000030517578,215.6999969482422,187.35606384277344,2828200,0.0,0.0
2016-09-23,216.0,223.0,213.89999389648438,221.0,191.95962524414062,4590732,0.0,0.0
2016-09-26,221.0,221.75,215.60000610351562,216.25,187.8337860107422,2195480,0.0,0.0
2016-09-27,217.60000610351562,219.85000610351562,214.0500030517578,215.25,186.96517944335938,2597505,0.0,0.0
2016-09-28,214.0,221.64999389648438,210.60000610351562,220.4499969482422,191.48190307617188,6489227,0.0,0.0
2016-09-29,221.6999969482422,225.0,207.8000030517578,210.5,182.83937072753906,7063592,0.0,0.0
2016-09-30,210.0,221.39999389648438,210.0,219.9499969482422,191.04759216308594,3633516,0.0,0.0
2016-10-03,222.0,225.64999389648438,220.4499969482422,223.85000610351562,194.4351348876953,2873544,0.0,0.0
2016-10-04,224.10000610351562,225.89999389648438,219.3000030517578,220.60000610351562,191.6121826171875,2607046,0.0,0.0
2016-10-05,222.64999389648438,233.35000610351562,221.8000030517578,229.4499969482422,199.2992401123047,7048803,0.0,0.0
2016-10-06,230.9499969482422,234.75,225.0500030517578,227.5,197.6055145263672,4734834,0.0,0.0
2016-10-07,230.10000610351562,231.0,222.64999389648438,223.8000030517578,194.39170837402344,2240468,0.0,0.0
2016-10-10,224.10000610351562,228.89999389648438,223.10000610351562,223.6999969482422,194.30484008789062,2038308,0.0,0.0
2016-10-13,223.3000030517578,224.64999389648438,215.0,223.3000030517578,193.95738220214844,3176077,0.0,0.0
2016-10-14,222.75,223.64999389648438,215.60000610351562,216.75,188.26809692382812,3257357,0.0,0.0
2016-10-17,216.75,216.75,208.1999969482422,209.5,181.97079467773438,3341161,0.0,0.0
2016-10-18,210.5,220.89999389648438,206.10000610351562,219.6999969482422,190.83047485351562,5967957,0.0,0.0
2016-10-19,220.1999969482422,220.60000610351562,211.1999969482422,211.75,183.9250946044922,4508177,0.0,0.0
2016-10-20,212.0,215.14999389648438,210.4499969482422,212.3000030517578,184.40283203125,3409691,0.0,0.0
2016-10-21,214.0,215.3000030517578,209.6999969482422,212.9499969482422,184.9674072265625,2446018,0.0,0.0
2016-10-24,214.89999389648438,215.0500030517578,209.10000610351562,209.8000030517578,182.23135375976562,2001973,0.0,0.0
2016-10-25,209.8000030517578,213.75,209.1999969482422,212.0500030517578,184.1856689453125,2096346,0.0,0.0
2016-10-26,211.0,216.10000610351562,207.39999389648438,208.3000030517578,180.92845153808594,3284971,0.0,0.0
2016-10-27,207.1999969482422,210.5,198.6999969482422,199.60000610351562,173.37168884277344,4846243,0.0,0.0
2016-10-28,200.0,203.75,199.0,201.89999389648438,175.36944580078125,2506033,0.0,0.0
2016-11-01,201.8000030517578,209.35000610351562,201.3000030517578,205.89999389648438,178.84381103515625,3268615,0.0,0.0
2016-11-02,204.35000610351562,204.35000610351562,198.35000610351562,199.1999969482422,173.0242156982422,1886663,0.0,0.0
2016-11-03,199.10000610351562,204.5500030517578,196.64999389648438,197.5,171.54763793945312,2484882,0.0,0.0
2016-11-04,198.14999389648438,200.9499969482422,190.10000610351562,193.14999389648438,167.7692413330078,2504600,0.0,0.0
2016-11-07,198.39999389648438,198.39999389648438,193.0,193.5500030517578,168.11666870117188,1844271,0.0,0.0
2016-11-08,194.89999389648438,199.0,190.5500030517578,197.5500030517578,171.59104919433594,3727718,0.0,0.0
2016-11-09,182.5500030517578,197.39999389648438,177.8000030517578,195.64999389648438,169.9407196044922,6049755,0.0,0.0
2016-11-10,197.0,203.35000610351562,194.6999969482422,195.5500030517578,169.85386657714844,2886090,0.0,0.0
2016-11-11,193.0,198.89999389648438,191.5,192.6999969482422,167.3783721923828,2835153,0.0,0.0
2016-11-15,194.89999389648438,194.89999389648438,182.10000610351562,186.75,162.21023559570312,3119302,0.0,0.0
2016-11-16,190.0,191.9499969482422,183.0500030517578,184.1999969482422,159.9953155517578,3105884,0.0,0.0
2016-11-17,183.0,187.5,182.64999389648438,185.60000610351562,161.21133422851562,1497150,0.0,0.0
2016-11-18,186.60000610351562,190.3000030517578,183.25,189.1999969482422,164.33828735351562,2019695,0.0,0.0
2016-11-21,189.6999969482422,189.85000610351562,178.64999389648438,181.5500030517578,157.69349670410156,2571775,0.0,0.0
2016-11-22,182.0,184.89999389648438,178.5500030517578,183.60000610351562,159.47415161132812,1858610,0.0,0.0
2016-11-23,184.1999969482422,184.5,176.10000610351562,177.9499969482422,154.56658935546875,3927960,0.0,0.0
2016-11-24,175.0,179.5,173.3000030517578,178.0500030517578,154.6534423828125,4103030,0.0,0.0
2016-11-25,179.8000030517578,181.75,177.64999389648438,180.85000610351562,157.08551025390625,1460448,0.0,0.0
2016-11-28,181.0,185.9499969482422,180.75,181.89999389648438,157.9975128173828,2212790,0.0,0.0
2016-11-29,184.75,185.85000610351562,181.8000030517578,184.10000610351562,159.90843200683594,1576827,0.0,0.0
2016-11-30,186.0,192.0,186.0,190.89999389648438,165.81488037109375,4014074,0.0,0.0
2016-12-01,192.25,192.5,187.5,188.14999389648438,163.42625427246094,1902668,0.0,0.0
2016-12-02,187.0,187.4499969482422,181.3000030517578,182.0500030517578,158.1278076171875,1875276,0.0,0.0
2016-12-05,182.0,187.5,179.60000610351562,186.5,161.9930877685547,2068990,0.0,0.0
2016-12-06,187.89999389648438,191.39999389648438,187.5,189.35000610351562,164.4685821533203,2078436,0.0,0.0
2016-12-07,189.39999389648438,190.89999389648438,186.5,188.6999969482422,163.90399169921875,1533694,0.0,0.0
2016-12-08,192.0,196.0,190.89999389648438,194.5,168.9418487548828,2700524,0.0,0.0
2016-12-09,197.0,198.8000030517578,194.4499969482422,197.75,171.7647705078125,2185182,0.0,0.0
2016-12-12,197.0,197.5,192.8000030517578,194.1999969482422,168.68125915527344,2224388,0.0,0.0
2016-12-13,194.0,197.25,192.9499969482422,196.8000030517578,170.93960571289062,1570751,0.0,0.0
2016-12-14,197.85000610351562,198.8000030517578,195.0,197.5500030517578,171.59104919433594,1893893,0.0,0.0
2016-12-15,196.89999389648438,203.1999969482422,195.4499969482422,201.3000030517578,174.84829711914062,4181174,0.0,0.0
2016-12-16,201.9499969482422,202.35000610351562,193.5,194.85000610351562,169.24583435058594,2790785,0.0,0.0
2016-12-19,194.1999969482422,196.85000610351562,192.10000610351562,195.75,170.02757263183594,2068003,0.0,0.0
2016-12-20,196.25,197.8000030517578,191.6999969482422,195.35000610351562,169.68014526367188,3089581,0.0,0.0
2016-12-21,195.39999389648438,195.75,189.8000030517578,192.4499969482422,167.16122436523438,5455440,0.0,0.0
2016-12-22,189.9499969482422,192.10000610351562,187.60000610351562,189.64999389648438,164.72914123535156,1798771,0.0,0.0
2016-12-23,189.6999969482422,191.5,187.89999389648438,189.35000610351562,164.4685821533203,1328790,0.0,0.0
2016-12-26,189.0,189.35000610351562,183.89999389648438,185.1999969482422,160.86390686035156,1303544,0.0,0.0
2016-12-27,184.8000030517578,188.60000610351562,179.64999389648438,187.85000610351562,163.16567993164062,2207500,0.0,0.0
2016-12-28,188.8000030517578,189.0,182.5,183.14999389648438,159.08326721191406,2405817,0.0,0.0
2016-12-29,183.0,186.0,182.35000610351562,185.35000610351562,160.99420166015625,3051743,0.0,0.0
2016-12-30,185.39999389648438,186.6999969482422,183.60000610351562,184.89999389648438,160.6033172607422,2138316,0.0,0.0
2017-01-02,187.0,187.85000610351562,183.85000610351562,185.85000610351562,161.42849731445312,1781042,0.0,0.0
2017-01-03,186.89999389648438,188.25,185.39999389648438,187.25,162.64451599121094,1360567,0.0,0.0
2017-01-04,187.6999969482422,189.39999389648438,184.5,185.3000030517578,160.95077514648438,1244450,0.0,0.0
2017-01-05,185.60000610351562,188.64999389648438,185.60000610351562,187.6999969482422,163.03538513183594,1595767,0.0,0.0
2017-01-06,187.64999389648438,191.85000610351562,186.75,188.89999389648438,164.07769775390625,2580440,0.0,0.0
2017-01-09,189.75,189.89999389648438,185.0,186.25,161.7759246826172,1325132,0.0,0.0
2017-01-10,186.60000610351562,195.89999389648438,186.10000610351562,194.4499969482422,168.89840698242188,2495539,0.0,0.0
2017-01-11,197.0,198.60000610351562,195.64999389648438,197.10000610351562,171.2001953125,3622122,0.0,0.0
2017-01-12,197.35000610351562,198.5500030517578,193.35000610351562,194.8000030517578,169.20242309570312,2046050,0.0,0.0
2017-01-13,194.8000030517578,194.8000030517578,185.0500030517578,187.75,163.0788116455078,5589804,0.0,0.0
2017-01-16,185.25,188.5,184.60000610351562,186.85000610351562,162.2970733642578,2842194,0.0,0.0
2017-01-17,187.5,191.5,187.3000030517578,187.85000610351562,163.16567993164062,2488815,0.0,0.0
2017-01-18,188.5500030517578,190.39999389648438,186.60000610351562,188.9499969482422,164.12110900878906,2435356,0.0,0.0
2017-01-19,188.75,188.75,184.6999969482422,185.60000610351562,161.21133422851562,2291906,0.0,0.0
2017-01-20,185.85000610351562,186.9499969482422,182.64999389648438,183.75,159.60443115234375,2066552,0.0,0.0
2017-01-23,184.0,186.6999969482422,183.3000030517578,184.6999969482422,160.42959594726562,1211178,0.0,0.0
2017-01-24,185.35000610351562,186.5,184.0500030517578,185.0500030517578,160.73361206054688,2431531,0.0,0.0
2017-01-25,185.60000610351562,187.4499969482422,184.39999389648438,186.75,162.21023559570312,3912026,0.0,0.0
2017-01-27,188.0,189.8000030517578,186.10000610351562,187.35000610351562,162.7313690185547,1741509,0.0,0.0
2017-01-30,187.3000030517578,187.39999389648438,183.3000030517578,183.89999389648438,159.7347412109375,1390787,0.0,0.0
2017-01-31,183.39999389648438,183.5,179.0,180.39999389648438,156.6946563720703,2025683,0.0,0.0
2017-02-01,180.3000030517578,189.0,176.25,186.9499969482422,162.38394165039062,7118554,0.0,0.0
2017-02-02,187.0,188.75,182.10000610351562,184.4499969482422,160.21246337890625,2558578,0.0,0.0
2017-02-03,184.1999969482422,187.3000030517578,181.3000030517578,183.3000030517578,159.2135467529297,2777653,0.0,0.0
2017-02-06,184.0,184.89999389648438,181.35000610351562,182.14999389648438,158.21469116210938,1670342,0.0,0.0
2017-02-07,181.6999969482422,185.0,180.4499969482422,182.64999389648438,158.6489715576172,2725144,0.0,0.0
2017-02-08,182.3000030517578,186.64999389648438,181.4499969482422,185.89999389648438,161.47189331054688,2462154,0.0,0.0
2017-02-09,186.3000030517578,187.85000610351562,182.25,183.60000610351562,159.47415161132812,1739437,0.0,0.0
2017-02-10,183.60000610351562,184.25,181.0500030517578,182.4499969482422,158.4752655029297,2590030,0.0,0.0
2017-02-13,183.3000030517578,183.3000030517578,178.25,179.25,155.6957550048828,1726610,0.0,0.0
2017-02-14,180.0,180.0,174.5,175.4499969482422,152.39508056640625,1972119,0.0,0.0
2017-02-15,174.5500030517578,176.85000610351562,173.35000610351562,174.1999969482422,151.30935668945312,2517954,0.0,0.0
2017-02-16,174.3000030517578,179.6999969482422,171.60000610351562,178.89999389648438,155.39173889160156,4054456,0.0,0.0
2017-02-17,179.9499969482422,181.5,176.60000610351562,179.5,155.91290283203125,2274487,0.0,0.0
2017-02-20,179.0,182.0,178.14999389648438,179.75,156.1300506591797,2545288,0.0,0.0
2017-02-21,180.4499969482422,180.85000610351562,178.85000610351562,180.0,156.34719848632812,2152875,0.0,0.0
2017-02-22,180.85000610351562,182.8000030517578,178.89999389648438,179.89999389648438,156.2603302001953,3638530,0.0,0.0
2017-02-23,180.6999969482422,185.14999389648438,179.60000610351562,184.4499969482422,160.21246337890625,4030414,0.0,0.0
2017-02-27,185.1999969482422,187.0,183.75,185.0500030517578,160.73361206054688,2991680,0.0,0.0
2017-02-28,185.8000030517578,189.4499969482422,185.10000610351562,187.60000610351562,162.9485321044922,3301330,0.0,0.0
2017-03-01,188.9499969482422,191.14999389648438,184.60000610351562,185.64999389648438,161.25477600097656,2229344,0.0,0.0
2017-03-02,186.89999389648438,187.64999389648438,180.60000610351562,181.39999389648438,157.56320190429688,1864411,0.0,0.0
2017-03-03,180.8000030517578,184.0,179.64999389648438,183.4499969482422,159.34385681152344,2264868,0.0,0.0
2017-03-06,184.1999969482422,184.4499969482422,181.8000030517578,182.6999969482422,158.69239807128906,1515319,0.0,0.0
2017-03-07,182.39999389648438,183.5,180.5500030517578,181.25,157.43292236328125,1249252,0.0,0.0
2017-03-08,180.25,182.35000610351562,177.8000030517578,179.89999389648438,156.2603302001953,1628933,0.0,0.0
2017-03-09,179.89999389648438,182.5500030517578,179.0500030517578,179.5,155.91290283203125,2079204,0.0,0.0
2017-03-10,181.89999389648438,181.89999389648438,178.4499969482422,179.10000610351562,155.5655059814453,1590706,0.0,0.0
2017-03-14,183.0,187.3000030517578,181.25,186.10000610351562,161.64566040039062,3340317,0.0,0.0
2017-03-15,187.1999969482422,196.5,187.0,194.10000610351562,168.5944061279297,9848960,0.0,0.0
2017-03-16,195.6999969482422,198.64999389648438,194.60000610351562,196.25,170.4618682861328,3822845,0.0,0.0
2017-03-17,197.39999389648438,199.8000030517578,191.8000030517578,198.85000610351562,172.72021484375,4872998,0.0,0.0
2017-03-20,204.0,205.89999389648438,202.0,203.0,176.3249053955078,8999554,0.0,0.0
2017-03-21,204.0,205.9499969482422,199.1999969482422,204.9499969482422,178.01864624023438,4512017,0.0,0.0
2017-03-22,203.8000030517578,207.9499969482422,202.10000610351562,204.64999389648438,177.75808715820312,7102360,0.0,0.0
2017-03-23,206.60000610351562,208.0,204.0,206.5,179.36497497558594,4474217,0.0,0.0
2017-03-24,206.6999969482422,211.3000030517578,205.10000610351562,209.25,181.75364685058594,6289999,0.0,0.0
2017-03-27,208.75,211.89999389648438,206.60000610351562,210.60000610351562,182.9262237548828,4714879,0.0,0.0
2017-03-28,211.0,212.5,203.3000030517578,203.9499969482422,177.15008544921875,4666644,0.0,0.0
2017-03-29,203.5,210.5,200.64999389648438,209.39999389648438,181.8839111328125,6029056,0.0,0.0
2017-03-30,211.10000610351562,211.10000610351562,207.14999389648438,207.89999389648438,180.58102416992188,2759080,0.0,0.0
2017-03-31,208.89999389648438,210.89999389648438,207.60000610351562,208.6999969482422,181.27590942382812,1893678,0.0,0.0
2017-04-03,209.0,211.4499969482422,208.64999389648438,210.25,182.62220764160156,1688873,0.0,0.0
2017-04-05,211.5,214.14999389648438,210.89999389648438,211.9499969482422,184.09884643554688,2484413,0.0,0.0
2017-04-06,212.0,215.3000030517578,210.3000030517578,212.85000610351562,184.8805694580078,3386136,0.0,0.0
2017-04-07,211.5,216.5,210.0,213.4499969482422,185.40170288085938,3579041,0.0,0.0
2017-04-10,216.0,218.0,214.14999389648438,216.6999969482422,188.2246551513672,3368676,0.0,0.0
2017-04-11,217.5500030517578,232.9499969482422,216.75,227.75,197.82264709472656,9480815,0.0,0.0
2017-04-12,229.89999389648438,229.89999389648438,220.10000610351562,221.1999969482422,192.13336181640625,4711488,0.0,0.0
2017-04-13,221.25,227.3000030517578,220.9499969482422,222.35000610351562,193.1322479248047,3646063,0.0,0.0
2017-04-17,223.0,231.39999389648438,220.75,229.25,199.1255340576172,5253164,0.0,0.0
2017-04-18,229.9499969482422,236.4499969482422,225.3000030517578,227.0,197.17120361328125,5388471,0.0,0.0
2017-04-19,227.6999969482422,233.0,226.14999389648438,230.5500030517578,200.2547149658203,3249841,0.0,0.0
2017-04-20,231.4499969482422,241.0,228.9499969482422,240.10000610351562,208.5498046875,5839488,0.0,0.0
2017-04-21,241.89999389648438,242.35000610351562,233.1999969482422,237.10000610351562,205.9440155029297,4537956,0.0,0.0
2017-04-24,238.0500030517578,242.3000030517578,235.5,241.5,209.76583862304688,4364101,0.0,0.0
2017-04-25,242.39999389648438,244.39999389648438,239.0,242.75,210.85154724121094,2993642,0.0,0.0
2017-04-26,242.6999969482422,249.5,241.85000610351562,247.25,214.76025390625,6171207,0.0,0.0
2017-04-27,249.0,249.89999389648438,245.39999389648438,248.10000610351562,215.49855041503906,3700308,0.0,0.0
2017-04-28,248.0,248.14999389648438,242.10000610351562,244.0,211.9373321533203,1879173,0.0,0.0
2017-05-02,244.1999969482422,252.5,241.14999389648438,250.25,217.3660430908203,2997430,0.0,0.0
2017-05-03,252.0,254.25,243.64999389648438,244.64999389648438,212.50192260742188,4256400,0.0,0.0
2017-05-04,245.10000610351562,250.1999969482422,241.10000610351562,242.8000030517578,210.89500427246094,3174956,0.0,0.0
2017-05-05,242.5,247.4499969482422,239.5,245.89999389648438,213.58766174316406,5050129,0.0,0.0
2017-05-08,240.0,245.0,238.25,240.35000610351562,208.76695251464844,6158877,0.0,0.0
2017-05-09,242.0,242.60000610351562,232.60000610351562,234.60000610351562,203.7725067138672,3771651,0.0,0.0
2017-05-10,234.9499969482422,236.35000610351562,228.5500030517578,231.64999389648438,201.2101593017578,4538041,0.0,0.0
2017-05-11,233.6999969482422,235.39999389648438,229.1999969482422,230.39999389648438,200.1243896484375,4696584,0.0,0.0
2017-05-12,231.60000610351562,232.6999969482422,225.1999969482422,227.0500030517578,197.21463012695312,2467294,0.0,0.0
2017-05-15,227.60000610351562,232.39999389648438,225.0500030517578,231.89999389648438,201.42730712890625,4347614,0.0,0.0
2017-05-16,232.0,235.35000610351562,230.6999969482422,234.39999389648438,203.59878540039062,3426685,0.0,0.0
2017-05-17,234.10000610351562,239.0500030517578,231.6999969482422,237.35000610351562,206.16116333007812,5219959,0.0,0.0
2017-05-18,235.10000610351562,239.89999389648438,230.0500030517578,232.64999389648438,202.07875061035156,3965961,0.0,0.0
2017-05-19,234.39999389648438,237.75,230.10000610351562,234.64999389648438,203.8159637451172,5363574,0.0,0.0
2017-05-22,234.0,237.5500030517578,230.89999389648438,233.75,203.03421020507812,4429589,0.0,0.0
2017-05-23,232.0,233.0,225.64999389648438,230.5,200.21128845214844,3349365,0.0,0.0
2017-05-24,229.0,230.4499969482422,217.25,221.4499969482422,192.35049438476562,4210918,0.0,0.0
2017-05-25,223.6999969482422,228.0,218.8000030517578,226.89999389648438,197.0843048095703,2798923,0.0,0.0
2017-05-26,227.4499969482422,236.0,223.8000030517578,232.10000610351562,201.60105895996094,2473018,0.0,0.0
2017-05-29,232.0,234.35000610351562,225.0500030517578,225.64999389648438,195.9985809326172,2325611,0.0,0.0
2017-05-30,224.0,229.75,222.85000610351562,228.1999969482422,198.21351623535156,2050162,0.0,0.0
2017-05-31,229.3000030517578,231.64999389648438,227.5,228.60000610351562,198.5609588623047,2233535,0.0,0.0
2017-06-01,228.0,243.89999389648438,227.5,242.8000030517578,210.89500427246094,7092775,0.0,0.0
2017-06-02,243.14999389648438,248.85000610351562,241.60000610351562,247.14999389648438,214.6733856201172,5512657,0.0,0.0
2017-06-05,245.14999389648438,254.5,245.14999389648438,248.1999969482422,215.58541870117188,3539094,0.0,0.0
2017-06-06,248.9499969482422,260.8999938964844,242.14999389648438,259.3500061035156,225.270263671875,6377588,0.0,0.0
2017-06-07,261.95001220703125,264.75,257.29998779296875,259.45001220703125,225.3571319580078,6591199,0.0,0.0
2017-06-08,259.95001220703125,264.3500061035156,257.0,258.20001220703125,224.27139282226562,5124556,0.0,0.0
2017-06-09,260.1000061035156,262.5,255.6999969482422,258.0,224.09765625,4079827,0.0,0.0
2017-06-12,256.79998779296875,262.3999938964844,254.35000610351562,260.3500061035156,226.13885498046875,3182739,0.0,0.0
2017-06-13,261.0,266.6000061035156,253.9499969482422,257.29998779296875,223.48963928222656,8151583,0.0,0.0
2017-06-14,254.39999389648438,259.8999938964844,251.5,258.1499938964844,224.2279510498047,6064458,0.0,0.0
2017-06-15,257.0,260.6000061035156,254.9499969482422,257.20001220703125,223.4027862548828,3452982,0.0,0.0
2017-06-16,257.29998779296875,259.6499938964844,254.64999389648438,255.64999389648438,222.05645751953125,2155363,0.0,0.0
2017-06-19,256.95001220703125,258.3999938964844,253.0500030517578,256.70001220703125,222.968505859375,2695737,0.0,0.0
2017-06-20,256.95001220703125,265.0,256.95001220703125,261.75,227.35488891601562,4810795,0.0,0.0
2017-06-21,262.0,266.29998779296875,258.79998779296875,260.29998779296875,226.09542846679688,6463867,0.0,0.0
2017-06-22,261.1000061035156,263.3500061035156,255.0,257.29998779296875,223.48963928222656,3234463,0.0,0.0
2017-06-23,256.8999938964844,257.0,246.0,247.0500030517578,214.58653259277344,4146341,0.0,0.0
2017-06-27,245.35000610351562,245.39999389648438,238.89999389648438,243.25,213.8831329345703,2949329,3.0,0.0
2017-06-28,240.0,245.75,237.5,244.3000030517578,214.80636596679688,4211405,0.0,0.0
2017-06-29,246.5,247.3000030517578,241.85000610351562,242.89999389648438,213.57537841796875,2014274,0.0,0.0
2017-06-30,240.0,243.10000610351562,239.0,240.6999969482422,211.64097595214844,2152305,0.0,0.0
2017-07-03,241.0,255.0500030517578,241.0,254.60000610351562,223.86289978027344,5023488,0.0,0.0
2017-07-04,255.6999969482422,256.75,250.35000610351562,251.1999969482422,220.87335205078125,3128081,0.0,0.0
2017-07-05,252.8000030517578,257.8999938964844,251.0,254.5500030517578,223.8189239501953,2260574,0.0,0.0
2017-07-06,256.25,260.0,255.0,256.3999938964844,225.445556640625,2911311,0.0,0.0
2017-07-07,254.89999389648438,260.0,252.89999389648438,258.75,227.5118408203125,3812270,0.0,0.0
2017-07-10,252.0500030517578,259.0,252.0500030517578,257.25,226.19293212890625,300472,0.0,0.0
2017-07-11,257.3999938964844,259.70001220703125,247.39999389648438,249.60000610351562,219.4665069580078,3938837,0.0,0.0
2017-07-12,247.6999969482422,254.0,245.5,252.25,221.79656982421875,3907251,0.0,0.0
2017-07-13,251.4499969482422,254.85000610351562,250.0,251.5,221.1371307373047,2118858,0.0,0.0
2017-07-14,252.5,252.5,249.0,251.0,220.69749450683594,1480370,0.0,0.0
2017-07-17,251.0,254.75,246.6999969482422,253.35000610351562,222.76377868652344,3015300,0.0,0.0
2017-07-18,252.85000610351562,256.8999938964844,249.9499969482422,252.85000610351562,222.3241424560547,3368756,0.0,0.0
2017-07-19,253.89999389648438,257.3500061035156,253.14999389648438,255.89999389648438,225.00592041015625,3036591,0.0,0.0
2017-07-20,256.0,257.45001220703125,252.25,253.6999969482422,223.07151794433594,1830875,0.0,0.0
2017-07-21,253.0,255.6999969482422,250.3000030517578,252.39999389648438,221.92845153808594,2795175,0.0,0.0
2017-07-24,254.3000030517578,255.5,251.0500030517578,253.6999969482422,223.07151794433594,1905074,0.0,0.0
2017-07-25,253.8000030517578,265.70001220703125,252.5500030517578,264.54998779296875,232.6116180419922,6443067,0.0,0.0
2017-07-26,265.79998779296875,268.8999938964844,264.25,266.8999938964844,234.67794799804688,5575016,0.0,0.0
2017-07-27,266.20001220703125,267.1499938964844,258.75,261.8999938964844,230.28155517578125,2727039,0.0,0.0
2017-07-28,261.3999938964844,265.3999938964844,259.45001220703125,263.20001220703125,231.4246063232422,2729167,0.0,0.0
2017-07-31,263.6499938964844,269.8999938964844,261.20001220703125,266.5,234.3262176513672,4278814,0.0,0.0
2017-08-01,267.70001220703125,268.0,263.0,266.95001220703125,234.7218780517578,2285358,0.0,0.0
2017-08-02,266.0,279.0,263.75,277.75,244.21804809570312,8790037,0.0,0.0
2017-08-03,278.5,278.6000061035156,269.29998779296875,270.8500061035156,238.15106201171875,5013187,0.0,0.0
2017-08-04,261.0,270.3999938964844,259.1000061035156,262.25,230.58932495117188,10772073,0.0,0.0
2017-08-07,255.60000610351562,288.45001220703125,255.60000610351562,285.5,251.03240966796875,18908914,0.0,0.0
2017-08-08,285.0,285.0,271.75,280.45001220703125,246.5920867919922,8342293,0.0,0.0
2017-08-09,276.1499938964844,279.0,267.5,270.25,237.62347412109375,6919830,0.0,0.0
2017-08-10,269.70001220703125,275.75,257.45001220703125,262.6000061035156,230.89706420898438,4651785,0.0,0.0
2017-08-11,260.1000061035156,262.5,252.0,257.04998779296875,226.01707458496094,4783508,0.0,0.0
2017-08-14,260.29998779296875,264.75,258.6499938964844,262.8999938964844,231.1608428955078,2552441,0.0,0.0
2017-08-16,265.0,273.95001220703125,259.5,272.70001220703125,239.7777099609375,4475188,0.0,0.0
2017-08-17,272.8500061035156,274.75,268.3500061035156,269.25,236.7442169189453,3452974,0.0,0.0
2017-08-18,267.3999938964844,271.79998779296875,265.29998779296875,270.1499938964844,237.53558349609375,2175670,0.0,0.0
2017-08-21,270.0,273.70001220703125,266.8500061035156,268.8999938964844,236.43646240234375,2921377,0.0,0.0
2017-08-22,270.25,271.70001220703125,255.39999389648438,259.6499938964844,228.30319213867188,4894280,0.0,0.0
2017-08-23,260.0,264.95001220703125,256.0,259.79998779296875,228.43505859375,3009326,0.0,0.0
2017-08-24,261.0,261.3999938964844,253.60000610351562,257.0,225.97311401367188,3459869,0.0,0.0
2017-08-28,257.04998779296875,257.6499938964844,251.1999969482422,252.60000610351562,222.10433959960938,5360565,0.0,0.0
2017-08-29,249.5,254.64999389648438,246.14999389648438,249.14999389648438,219.07081604003906,6524043,0.0,0.0
2017-08-30,251.0,253.3000030517578,247.60000610351562,248.35000610351562,218.36740112304688,3302942,0.0,0.0
2017-08-31,248.35000610351562,254.1999969482422,248.35000610351562,253.39999389648438,222.8077392578125,4619190,0.0,0.0
2017-09-01,256.0,257.04998779296875,252.60000610351562,256.3500061035156,225.401611328125,3278369,0.0,0.0
2017-09-04,257.0,257.0,248.25,250.6999969482422,220.4337158203125,4478038,0.0,0.0
2017-09-05,250.85000610351562,255.0,250.6999969482422,253.4499969482422,222.8516845703125,2357609,0.0,0.0
2017-09-06,251.10000610351562,257.1000061035156,250.10000610351562,254.85000610351562,224.08270263671875,2563552,0.0,0.0
2017-09-07,256.79998779296875,257.6000061035156,252.25,253.1999969482422,222.6318817138672,2377279,0.0,0.0
2017-09-08,253.4499969482422,255.39999389648438,250.3000030517578,252.39999389648438,221.92845153808594,1600999,0.0,0.0
2017-09-11,253.8000030517578,257.20001220703125,252.0500030517578,256.20001220703125,225.2696990966797,2212611,0.0,0.0
2017-09-12,257.6499938964844,264.5,256.1000061035156,263.3500061035156,231.55650329589844,3002793,0.0,0.0
2017-09-13,266.0,266.54998779296875,258.20001220703125,260.0,228.61093139648438,4176745,0.0,0.0
2017-09-14,260.5,263.1000061035156,258.45001220703125,259.45001220703125,228.1273651123047,1673275,0.0,0.0
2017-09-15,258.29998779296875,260.45001220703125,253.5500030517578,255.6999969482422,224.830078125,2512542,0.0,0.0
2017-09-18,259.5,262.95001220703125,255.5,261.54998779296875,229.9738006591797,3148346,0.0,0.0
2017-09-19,261.25,263.29998779296875,257.5,258.5,227.2920379638672,1709213,0.0,0.0
2017-09-20,268.0,269.0,261.6499938964844,262.25,230.58932495117188,5085001,0.0,0.0
2017-09-21,262.70001220703125,263.79998779296875,254.8000030517578,257.3999938964844,226.32479858398438,3027899,0.0,0.0
2017-09-22,259.75,263.0,248.64999389648438,251.35000610351562,221.0052490234375,4945207,0.0,0.0
2017-09-25,253.1999969482422,253.1999969482422,245.0,249.8000030517578,219.64234924316406,2827572,0.0,0.0
2017-09-26,243.0,252.1999969482422,243.0,248.0,218.05966186523438,3655722,0.0,0.0
2017-09-27,248.5500030517578,250.10000610351562,239.3000030517578,241.6999969482422,212.52023315429688,2004251,0.0,0.0
2017-09-28,242.0500030517578,246.3000030517578,240.60000610351562,243.14999389648438,213.79518127441406,4015188,0.0,0.0
2017-09-29,244.5500030517578,249.39999389648438,244.5500030517578,245.75,216.081298828125,2881800,0.0,0.0
2017-10-03,249.0,249.6999969482422,242.0,244.14999389648438,214.6744842529297,2325570,0.0,0.0
2017-10-04,245.1999969482422,246.25,237.64999389648438,238.9499969482422,210.10223388671875,4024911,0.0,0.0
2017-10-05,237.5,240.8000030517578,236.0,239.6999969482422,210.76168823242188,3443418,0.0,0.0
2017-10-06,239.1999969482422,243.75,237.25,242.3000030517578,213.04782104492188,3960690,0.0,0.0
2017-10-09,243.60000610351562,243.89999389648438,236.5,238.10000610351562,209.35487365722656,3689179,0.0,0.0
2017-10-10,238.39999389648438,242.8000030517578,238.0500030517578,242.25,213.0038299560547,2879505,0.0,0.0
2017-10-11,242.89999389648438,244.35000610351562,236.0,238.14999389648438,209.39881896972656,2982730,0.0,0.0
2017-10-12,239.1999969482422,243.0,238.5,242.5,213.22364807128906,2427106,0.0,0.0
2017-10-13,246.39999389648438,246.39999389648438,240.35000610351562,242.1999969482422,212.9598846435547,1801541,0.0,0.0
2017-10-16,242.39999389648438,245.6999969482422,240.4499969482422,242.35000610351562,213.09181213378906,2832308,0.0,0.0
2017-10-17,242.35000610351562,247.0,240.9499969482422,246.0,216.30111694335938,1810140,0.0,0.0
2017-10-18,246.89999389648438,248.89999389648438,242.85000610351562,243.5500030517578,214.1469268798828,1753632,0.0,0.0
2017-10-19,243.5500030517578,243.9499969482422,240.0,241.3000030517578,212.16854858398438,200575,0.0,0.0
2017-10-23,241.0,242.5,237.0,239.75,210.80569458007812,2839975,0.0,0.0
2017-10-24,239.64999389648438,243.64999389648438,239.5,240.5,211.46510314941406,1249906,0.0,0.0
2017-10-25,241.5,242.5,238.5,241.1999969482422,212.08059692382812,1203040,0.0,0.0
2017-10-26,240.9499969482422,242.5,237.39999389648438,238.60000610351562,209.7945098876953,9175736,0.0,0.0
2017-10-27,239.0,244.8000030517578,238.85000610351562,243.5,214.1029510498047,2700936,0.0,0.0
2017-10-30,245.4499969482422,249.64999389648438,243.6999969482422,246.89999389648438,217.09246826171875,2939875,0.0,0.0
2017-10-31,246.6999969482422,247.3000030517578,243.8000030517578,246.0,216.30111694335938,1474552,0.0,0.0
2017-11-01,248.64999389648438,248.64999389648438,240.5500030517578,244.64999389648438,215.11410522460938,3135278,0.0,0.0
2017-11-02,241.10000610351562,250.8000030517578,235.6999969482422,237.14999389648438,208.5195770263672,6073028,0.0,0.0
2017-11-03,237.5,239.89999389648438,232.75,236.4499969482422,207.90408325195312,3858578,0.0,0.0
2017-11-06,236.0,244.1999969482422,234.0500030517578,242.85000610351562,213.53140258789062,4508729,0.0,0.0
2017-11-07,242.5,243.75,232.39999389648438,234.3000030517578,206.01364135742188,4061444,0.0,0.0
2017-11-08,234.3000030517578,236.75,228.1999969482422,229.6999969482422,201.96896362304688,2729724,0.0,0.0
2017-11-09,232.85000610351562,234.0,228.14999389648438,233.14999389648438,205.00247192382812,2260142,0.0,0.0
2017-11-10,234.5500030517578,237.89999389648438,230.3000030517578,236.0,207.50839233398438,2568531,0.0,0.0
2017-11-13,237.0,239.1999969482422,235.25,236.25,207.7282257080078,1880772,0.0,0.0
2017-11-14,236.5500030517578,237.35000610351562,230.5500030517578,231.5500030517578,203.59561157226562,1616032,0.0,0.0
2017-11-15,233.39999389648438,241.0500030517578,229.5500030517578,232.0,203.99130249023438,4418215,0.0,0.0
2017-11-16,233.4499969482422,237.0,231.5500030517578,233.25,205.09039306640625,2056626,0.0,0.0
2017-11-17,235.8000030517578,239.0,234.5,236.3000030517578,207.7721710205078,1957214,0.0,0.0
2017-11-20,236.8000030517578,238.0,234.5500030517578,235.5500030517578,207.1127166748047,2905664,0.0,0.0
2017-11-21,237.0,247.0,235.35000610351562,245.6999969482422,216.03732299804688,6369579,0.0,0.0
2017-11-22,247.6999969482422,249.8000030517578,243.5500030517578,248.14999389648438,218.19155883789062,3977673,0.0,0.0
2017-11-23,250.0,253.89999389648438,248.0,252.8000030517578,222.2801971435547,4768486,0.0,0.0
2017-11-24,253.0,255.39999389648438,251.5,254.10000610351562,223.42323303222656,2320121,0.0,0.0
2017-11-27,251.5500030517578,257.5,250.64999389648438,256.79998779296875,225.7972869873047,2432690,0.0,0.0
2017-11-28,256.95001220703125,258.29998779296875,255.0,256.79998779296875,225.7972869873047,1413873,0.0,0.0
2017-11-29,255.0500030517578,259.6000061035156,255.0500030517578,258.79998779296875,227.55581665039062,1546171,0.0,0.0
2017-11-30,255.64999389648438,257.75,249.1999969482422,250.6999969482422,220.4337158203125,2736138,0.0,0.0
2017-12-01,251.85000610351562,255.64999389648438,243.39999389648438,244.25,214.7624053955078,2469582,0.0,0.0
2017-12-04,245.6999969482422,246.89999389648438,240.9499969482422,242.9499969482422,213.61935424804688,1416428,0.0,0.0
2017-12-05,241.25,243.0,236.8000030517578,239.60000610351562,210.6737823486328,2816961,0.0,0.0
2017-12-06,237.60000610351562,241.39999389648438,237.10000610351562,238.25,209.48675537109375,3637090,0.0,0.0
2017-12-07,239.35000610351562,244.64999389648438,239.0,243.1999969482422,213.83914184570312,1971658,0.0,0.0
2017-12-08,245.0,249.35000610351562,244.1999969482422,247.89999389648438,217.97174072265625,2076472,0.0,0.0
2017-12-11,249.0,250.39999389648438,245.1999969482422,246.75,216.96058654785156,1534556,0.0,0.0
2017-12-12,247.0,249.9499969482422,243.1999969482422,244.5,214.9822235107422,2185339,0.0,0.0
2017-12-13,245.0,247.0,241.6999969482422,245.5500030517578,215.9054412841797,2229760,0.0,0.0
2017-12-14,245.3000030517578,246.6999969482422,239.5500030517578,240.75,211.68495178222656,2193001,0.0,0.0
2017-12-15,243.0,254.10000610351562,243.0,249.60000610351562,219.4665069580078,5124428,0.0,0.0
2017-12-18,248.8000030517578,260.25,240.35000610351562,255.10000610351562,224.302490234375,4980855,0.0,0.0
2017-12-19,255.1999969482422,260.8500061035156,255.1999969482422,259.54998779296875,228.21524047851562,2517564,0.0,0.0
2017-12-20,259.6000061035156,262.6499938964844,257.8999938964844,260.04998779296875,228.65487670898438,2506464,0.0,0.0
2017-12-21,261.8999938964844,266.70001220703125,256.29998779296875,265.3999938964844,233.3590087890625,4126638,0.0,0.0
2017-12-22,266.29998779296875,268.8500061035156,262.3500061035156,264.8500061035156,232.87538146972656,3742427,0.0,0.0
2017-12-26,263.0,269.95001220703125,260.04998779296875,267.5,235.2055206298828,2731077,0.0,0.0
2017-12-27,267.5,271.3500061035156,262.5,268.8500061035156,236.3925018310547,4025076,0.0,0.0
2017-12-28,269.79998779296875,271.5,266.0,268.79998779296875,236.3485107421875,2972180,0.0,0.0
2017-12-29,267.20001220703125,270.29998779296875,266.04998779296875,268.25,235.86492919921875,2891635,0.0,0.0
2018-01-01,268.25,272.70001220703125,266.75,268.8500061035156,236.3925018310547,1308125,0.0,0.0
2018-01-02,268.8500061035156,272.3999938964844,262.20001220703125,267.54998779296875,235.24945068359375,2819943,0.0,0.0
2018-01-03,267.6000061035156,271.0,267.6000061035156,269.95001220703125,237.35972595214844,1504749,0.0,0.0
2018-01-04,270.8999938964844,272.0,268.3999938964844,270.8999938964844,238.19500732421875,2423527,0.0,0.0
2018-01-05,270.1000061035156,283.5,269.75,280.6000061035156,246.7239532470703,5282717,0.0,0.0
2018-01-08,282.1000061035156,285.0,279.0,283.70001220703125,249.44969177246094,2827715,0.0,0.0
2018-01-09,283.95001220703125,288.6499938964844,280.6499938964844,285.6000061035156,251.12034606933594,3741055,0.0,0.0
2018-01-10,287.0,288.1499938964844,275.8500061035156,278.04998779296875,244.48178100585938,3481128,0.0,0.0
2018-01-11,278.5,280.45001220703125,275.5,279.04998779296875,245.361083984375,1633890,0.0,0.0
2018-01-12,279.45001220703125,281.79998779296875,274.95001220703125,278.95001220703125,245.27317810058594,2675592,0.0,0.0
2018-01-15,280.0,282.0,277.3500061035156,278.70001220703125,245.0533447265625,1738472,0.0,0.0
2018-01-16,277.3500061035156,278.0,268.70001220703125,271.70001220703125,238.89842224121094,2962659,0.0,0.0
2018-01-17,273.0,275.0,269.54998779296875,273.8500061035156,240.7888641357422,2010538,0.0,0.0
2018-01-18,274.0,274.6499938964844,259.3500061035156,261.8500061035156,230.2375946044922,3167641,0.0,0.0
2018-01-19,261.95001220703125,266.0,260.3500061035156,264.79998779296875,232.83145141601562,1621095,0.0,0.0
2018-01-22,265.8999938964844,265.8999938964844,257.29998779296875,259.6000061035156,228.25924682617188,1411127,0.0,0.0
2018-01-23,261.3999938964844,267.95001220703125,260.20001220703125,264.8500061035156,232.87538146972656,1899243,0.0,0.0
2018-01-24,264.79998779296875,268.70001220703125,260.6499938964844,267.25,234.98568725585938,1868919,0.0,0.0
2018-01-25,269.0,269.6000061035156,259.6000061035156,261.04998779296875,229.53419494628906,5131170,0.0,0.0
2018-01-29,263.95001220703125,264.3999938964844,254.75,257.6000061035156,226.5006866455078,1497214,0.0,0.0
2018-01-30,256.70001220703125,261.3500061035156,250.75,258.45001220703125,227.2480926513672,4217855,0.0,0.0
2018-01-31,259.3999938964844,263.75,253.5500030517578,254.85000610351562,224.08270263671875,3531429,0.0,0.0
2018-02-01,255.8000030517578,268.5,248.39999389648438,262.3500061035156,230.67721557617188,4693162,0.0,0.0
2018-02-02,258.0,260.25,246.0,249.5,219.37855529785156,5641354,0.0,0.0
2018-02-05,241.3000030517578,255.6999969482422,238.39999389648438,252.0,221.57679748535156,2874449,0.0,0.0
2018-02-06,240.0,255.39999389648438,229.5500030517578,248.25,218.27947998046875,6238520,0.0,0.0
2018-02-07,250.89999389648438,264.8999938964844,250.14999389648438,261.1000061035156,229.57814025878906,5587479,0.0,0.0
2018-02-08,261.0,272.0,259.1499938964844,269.75,237.18385314941406,5327898,0.0,0.0
2018-02-09,262.79998779296875,272.0,262.6499938964844,270.79998779296875,238.10708618164062,2254834,0.0,0.0
2018-02-12,272.04998779296875,277.79998779296875,271.1000061035156,274.8999938964844,241.7121124267578,3624552,0.0,0.0
2018-02-14,279.8999938964844,279.95001220703125,272.5,274.0,240.92076110839844,3007377,0.0,0.0
2018-02-15,274.0,279.0,270.54998779296875,272.75,239.8216552734375,4238095,0.0,0.0
2018-02-16,273.0,276.0,260.04998779296875,261.29998779296875,229.75399780273438,2417120,0.0,0.0
2018-02-19,262.3999938964844,262.8500061035156,250.10000610351562,254.5500030517578,223.8189239501953,2842510,0.0,0.0
2018-02-20,255.0,265.5,253.64999389648438,264.70001220703125,232.74354553222656,4636403,0.0,0.0
2018-02-21,266.1000061035156,268.0,259.1000061035156,262.1499938964844,230.50135803222656,1935835,0.0,0.0
2018-02-22,260.0,264.6499938964844,260.0,262.95001220703125,231.204833984375,2296396,0.0,0.0
2018-02-23,264.0,269.8500061035156,263.0,268.8500061035156,236.3925018310547,2901084,0.0,0.0
2018-02-26,270.45001220703125,271.0,265.75,268.45001220703125,236.04083251953125,2201918,0.0,0.0
2018-02-27,269.95001220703125,269.95001220703125,262.1499938964844,264.6499938964844,232.6995391845703,2640754,0.0,0.0
2018-02-28,265.1000061035156,275.5,261.70001220703125,274.54998779296875,241.40435791015625,5332447,0.0,0.0
2018-03-01,274.0,274.0,264.70001220703125,265.70001220703125,233.62278747558594,3851150,0.0,0.0
2018-03-05,266.3999938964844,266.70001220703125,257.70001220703125,259.1499938964844,227.86358642578125,3163425,0.0,0.0
2018-03-06,260.0,263.0,255.0,258.54998779296875,227.33595275878906,3745933,0.0,0.0
2018-03-07,260.0,260.0,250.5,254.9499969482422,224.17059326171875,2605902,0.0,0.0
2018-03-08,255.5500030517578,261.25,252.39999389648438,260.0,228.61093139648438,2801164,0.0,0.0
2018-03-09,263.29998779296875,265.20001220703125,257.79998779296875,260.0,228.61093139648438,2986138,0.0,0.0
2018-03-12,260.8500061035156,262.79998779296875,256.1499938964844,262.1499938964844,230.50135803222656,1659940,0.0,0.0
2018-03-13,260.1000061035156,267.95001220703125,260.1000061035156,264.54998779296875,232.6116180419922,1798681,0.0,0.0
2018-03-14,263.1000061035156,267.6499938964844,261.95001220703125,267.0,234.76583862304688,1613608,0.0,0.0
2018-03-15,266.5,269.5,262.3999938964844,266.45001220703125,234.28224182128906,2765849,0.0,0.0
2018-03-16,264.5,268.70001220703125,263.25,265.6499938964844,233.57882690429688,3241898,0.0,0.0
2018-03-19,263.54998779296875,265.5,259.25,261.25,229.7100372314453,1384506,0.0,0.0
2018-03-20,261.1000061035156,264.29998779296875,258.0,263.25,231.46859741210938,1132351,0.0,0.0
2018-03-21,263.5,267.29998779296875,262.70001220703125,263.04998779296875,231.292724609375,1030507,0.0,0.0
2018-03-22,262.5,264.25,259.79998779296875,260.20001220703125,228.7868194580078,1427843,0.0,0.0
2018-03-23,253.8000030517578,258.3999938964844,251.64999389648438,256.04998779296875,225.13780212402344,2051561,0.0,0.0
2018-03-26,257.0,268.75,255.0,267.6499938964844,235.33738708496094,2042206,0.0,0.0
2018-03-27,269.0,276.0,269.0,274.79998779296875,241.62416076660156,3310412,0.0,0.0
2018-03-28,272.5,281.79998779296875,271.6000061035156,277.04998779296875,243.6024932861328,3024236,0.0,0.0
2018-04-02,277.70001220703125,279.6499938964844,271.29998779296875,277.3999938964844,243.91024780273438,1501332,0.0,0.0
2018-04-03,277.3999938964844,289.45001220703125,276.0,285.6000061035156,251.12034606933594,3788338,0.0,0.0
2018-04-04,286.1000061035156,289.04998779296875,280.5,282.1499938964844,248.08682250976562,2783007,0.0,0.0
2018-04-05,284.3500061035156,295.3500061035156,284.3500061035156,292.5,257.18731689453125,4642680,0.0,0.0
2018-04-06,292.0,296.20001220703125,288.8999938964844,294.1000061035156,258.5941162109375,3223111,0.0,0.0
2018-04-09,294.1000061035156,297.5,291.20001220703125,293.20001220703125,257.8028259277344,2702990,0.0,0.0
2018-04-10,296.8500061035156,296.8500061035156,288.0,290.70001220703125,255.60464477539062,1881153,0.0,0.0
2018-04-11,290.29998779296875,291.6000061035156,285.75,286.75,252.1315155029297,1954853,0.0,0.0
2018-04-12,288.5,297.20001220703125,284.29998779296875,294.6000061035156,259.0338134765625,4040620,0.0,0.0
2018-04-13,296.75,300.5,293.5,296.25,260.48455810546875,4792776,0.0,0.0
2018-04-16,293.5,301.5,290.54998779296875,300.04998779296875,263.82586669921875,2363413,0.0,0.0
2018-04-17,301.0,307.25,295.20001220703125,296.54998779296875,260.74835205078125,6913502,0.0,0.0
2018-04-18,298.75,299.20001220703125,288.25,289.45001220703125,254.50555419921875,3521201,0.0,0.0
2018-04-19,291.3500061035156,295.95001220703125,286.54998779296875,292.95001220703125,257.5830078125,4278681,0.0,0.0
2018-04-20,291.0,293.6499938964844,286.20001220703125,287.95001220703125,253.18661499023438,2551938,0.0,0.0
2018-04-23,287.0,290.5,283.95001220703125,289.1000061035156,254.19776916503906,2374803,0.0,0.0
2018-04-24,289.0,293.0,286.6000061035156,288.70001220703125,253.8460693359375,2202561,0.0,0.0
2018-04-25,288.8999938964844,289.1499938964844,284.0,284.75,250.3730010986328,1528321,0.0,0.0
2018-04-26,283.79998779296875,287.3999938964844,282.04998779296875,285.95001220703125,251.42813110351562,2654908,0.0,0.0
2018-04-27,287.0,293.8999938964844,286.5,292.8500061035156,257.49505615234375,2852936,0.0,0.0
2018-04-30,295.8500061035156,296.8500061035156,293.04998779296875,294.3500061035156,258.81396484375,1769276,0.0,0.0
2018-05-02,296.8500061035156,300.70001220703125,287.6499938964844,290.20001220703125,255.16497802734375,3122546,0.0,0.0
2018-05-03,291.5,295.29998779296875,285.1499938964844,286.3500061035156,251.7797393798828,2402684,0.0,0.0
2018-05-04,285.54998779296875,287.95001220703125,282.0,286.45001220703125,251.8677520751953,1888110,0.0,0.0
2018-05-07,287.1499938964844,294.79998779296875,285.54998779296875,293.8999938964844,258.4183044433594,2189545,0.0,0.0
2018-05-08,294.8999938964844,296.45001220703125,288.20001220703125,289.1000061035156,254.19776916503906,2067280,0.0,0.0
2018-05-09,288.8500061035156,292.8500061035156,285.54998779296875,286.6000061035156,251.99961853027344,2545142,0.0,0.0
2018-05-10,288.04998779296875,291.8999938964844,282.1000061035156,283.6000061035156,249.36180114746094,2873706,0.0,0.0
2018-05-11,288.6000061035156,289.6499938964844,274.1000061035156,280.0,246.19642639160156,3776298,0.0,0.0
2018-05-14,281.8999938964844,287.5,278.54998779296875,286.29998779296875,251.73580932617188,2561495,0.0,0.0
2018-05-15,285.3999938964844,290.79998779296875,283.45001220703125,288.04998779296875,253.27456665039062,1992223,0.0,0.0
2018-05-16,287.5,295.3999938964844,285.20001220703125,294.04998779296875,258.5501708984375,2123951,0.0,0.0
2018-05-17,295.0,295.0,286.8999938964844,288.45001220703125,253.62628173828125,1831666,0.0,0.0
2018-05-18,289.45001220703125,290.5,284.5,285.95001220703125,251.42813110351562,1404964,0.0,0.0
2018-05-21,285.0,286.45001220703125,273.1499938964844,276.0,242.67930603027344,2647317,0.0,0.0
2018-05-22,276.0,278.0,269.6000061035156,274.25,241.14059448242188,1686995,0.0,0.0
2018-05-23,273.25,277.8500061035156,271.25,274.8999938964844,241.7121124267578,1653827,0.0,0.0
2018-05-24,275.0,276.29998779296875,266.25,272.6000061035156,239.6897735595703,2318445,0.0,0.0
2018-05-25,272.70001220703125,282.20001220703125,271.04998779296875,279.5,245.75674438476562,1420896,0.0,0.0
2018-05-28,282.95001220703125,297.3999938964844,280.5,287.04998779296875,252.39529418945312,5098864,0.0,0.0
2018-05-29,288.0,291.3500061035156,279.1499938964844,280.0,246.19642639160156,2483607,0.0,0.0
2018-05-30,277.0,280.75,273.75,276.1499938964844,242.81118774414062,2661368,0.0,0.0
2018-05-31,276.54998779296875,277.54998779296875,267.0,269.29998779296875,236.78814697265625,2039549,0.0,0.0
2018-06-01,269.95001220703125,271.70001220703125,263.0,266.0,233.88656616210938,2252213,0.0,0.0
2018-06-04,269.0,270.45001220703125,264.3500061035156,266.04998779296875,233.9305419921875,2099074,0.0,0.0
2018-06-05,268.0,270.3500061035156,260.6000061035156,269.04998779296875,236.568359375,5148797,0.0,0.0
2018-06-06,269.25,274.5,266.6499938964844,273.3999938964844,240.39315795898438,2271168,0.0,0.0
2018-06-07,274.1000061035156,277.0,272.29998779296875,275.95001220703125,242.6353302001953,3335231,0.0,0.0
2018-06-08,275.0,276.6499938964844,272.6000061035156,275.25,242.0198516845703,1997748,0.0,0.0
2018-06-11,276.25,278.6000061035156,273.79998779296875,275.20001220703125,241.9759063720703,1595285,0.0,0.0
2018-06-12,274.20001220703125,276.3500061035156,273.0,275.29998779296875,242.06378173828125,1278763,0.0,0.0
2018-06-13,275.6000061035156,279.0,274.25,275.1000061035156,241.8879852294922,1363820,0.0,0.0
2018-06-14,274.8500061035156,276.54998779296875,273.0,275.1000061035156,241.8879852294922,1199938,0.0,0.0
2018-06-15,275.70001220703125,277.75,267.20001220703125,268.70001220703125,236.26065063476562,1759211,0.0,0.0
2018-06-18,269.45001220703125,274.1499938964844,268.0,271.3999938964844,238.63465881347656,1192130,0.0,0.0
2018-06-19,271.0,274.45001220703125,267.75,268.5,236.08477783203125,1385595,0.0,0.0
2018-06-20,268.45001220703125,272.20001220703125,261.5,271.1000061035156,238.3708953857422,2304827,0.0,0.0
2018-06-21,274.20001220703125,275.5,268.95001220703125,274.25,241.14059448242188,2367482,0.0,0.0
2018-06-22,273.8500061035156,274.45001220703125,267.1499938964844,272.75,239.8216552734375,1890787,0.0,0.0
2018-06-25,272.0,272.95001220703125,267.79998779296875,268.25,235.86492919921875,980663,0.0,0.0
2018-06-26,267.79998779296875,270.70001220703125,264.3500061035156,265.79998779296875,233.710693359375,2041181,0.0,0.0
2018-06-27,264.8500061035156,266.3999938964844,257.8500061035156,259.75,228.39112854003906,1539547,0.0,0.0
2018-06-28,255.8000030517578,260.8999938964844,246.35000610351562,254.64999389648438,223.90684509277344,3890653,0.0,0.0
2018-06-29,254.5,258.8500061035156,250.75,254.0,223.33531188964844,2401324,0.0,0.0
2018-07-02,255.0,258.3500061035156,251.3000030517578,252.39999389648438,221.92845153808594,1810125,0.0,0.0
2018-07-03,252.64999389648438,255.60000610351562,250.5,251.64999389648438,221.2689971923828,1929833,0.0,0.0
2018-07-04,251.89999389648438,254.14999389648438,246.64999389648438,253.3000030517578,222.71981811523438,2113615,0.0,0.0
2018-07-05,254.8000030517578,256.3999938964844,251.0,252.0500030517578,221.62074279785156,1262640,0.0,0.0
2018-07-06,251.75,262.95001220703125,251.10000610351562,261.5,229.92987060546875,3592025,0.0,0.0
2018-07-09,263.0,266.75,261.20001220703125,262.1000061035156,230.45742797851562,3349316,0.0,0.0
2018-07-10,260.0,267.75,260.0,266.70001220703125,234.50210571289062,1943253,0.0,0.0
2018-07-11,266.6499938964844,268.75,261.6000061035156,264.79998779296875,232.83145141601562,1736695,0.0,0.0
2018-07-12,268.5,272.0,265.04998779296875,265.75,233.66677856445312,2340177,0.0,0.0
2018-07-13,266.25,270.0,258.25,269.0,236.52439880371094,2456357,0.0,0.0
2018-07-16,268.0,270.0,263.5,268.25,235.86492919921875,1688534,0.0,0.0
2018-07-17,268.0,279.3500061035156,266.8500061035156,277.25,243.77842712402344,2864129,0.0,0.0
2018-07-18,276.95001220703125,276.95001220703125,269.5,272.0,241.7783966064453,2547022,3.0,0.0
2018-07-19,274.95001220703125,284.0,270.25,279.75,248.6673126220703,2616046,0.0,0.0
2018-07-20,277.1499938964844,289.79998779296875,274.3500061035156,280.29998779296875,249.15623474121094,5049006,0.0,0.0
2018-07-23,280.0,280.20001220703125,269.5,275.8999938964844,245.2450714111328,3385991,0.0,0.0
2018-07-24,276.04998779296875,280.45001220703125,270.5,274.3500061035156,243.86727905273438,2616286,0.0,0.0
2018-07-25,274.0,282.95001220703125,270.79998779296875,276.8500061035156,246.0895233154297,3236167,0.0,0.0
2018-07-26,277.0,290.0,277.0,286.8500061035156,254.9784393310547,7421999,0.0,0.0
2018-07-27,286.29998779296875,293.70001220703125,283.45001220703125,290.3999938964844,258.1340026855469,2773138,0.0,0.0
2018-07-30,289.8999938964844,293.0,286.04998779296875,289.45001220703125,257.2895812988281,2175750,0.0,0.0
2018-07-31,291.3999938964844,296.1000061035156,287.1499938964844,292.79998779296875,260.267333984375,4015896,0.0,0.0
2018-08-01,294.95001220703125,299.5,287.54998779296875,291.6000061035156,259.20068359375,11145442,0.0,0.0
2018-08-02,292.8999938964844,294.3999938964844,285.0,286.25,254.44508361816406,3627740,0.0,0.0
2018-08-03,288.3500061035156,290.6499938964844,285.0,286.6499938964844,254.80062866210938,2113372,0.0,0.0
2018-08-06,287.29998779296875,288.04998779296875,273.1000061035156,275.8999938964844,245.2450714111328,5083429,0.0,0.0
2018-08-07,275.0,278.0,272.5,276.79998779296875,246.04507446289062,3620771,0.0,0.0
2018-08-08,277.0,277.79998779296875,271.5,272.54998779296875,242.26731872558594,2127601,0.0,0.0
2018-08-09,273.0,276.0,270.1000061035156,271.29998779296875,241.1561737060547,2781246,0.0,0.0
2018-08-10,271.0,272.04998779296875,263.1000061035156,264.0,234.66729736328125,2584615,0.0,0.0
2018-08-13,262.0,265.6000061035156,260.04998779296875,261.54998779296875,232.4894561767578,2026369,0.0,0.0
2018-08-14,262.1000061035156,267.5,262.0,266.95001220703125,237.28948974609375,3368667,0.0,0.0
2018-08-16,265.5,267.3999938964844,261.6499938964844,263.45001220703125,234.1783905029297,2679639,0.0,0.0
2018-08-17,266.25,269.0,264.29998779296875,266.70001220703125,237.0673065185547,1804401,0.0,0.0
2018-08-20,264.6000061035156,266.5,261.20001220703125,261.8500061035156,232.7561492919922,4447592,0.0,0.0
2018-08-21,258.0,264.79998779296875,257.54998779296875,262.6000061035156,233.42283630371094,6870652,0.0,0.0
2018-08-23,263.0,263.0,255.6999969482422,259.25,230.44503784179688,3566372,0.0,0.0
2018-08-24,259.0,264.29998779296875,257.1000061035156,260.70001220703125,231.73394775390625,3052623,0.0,0.0
2018-08-27,264.0,266.0,261.45001220703125,263.75,234.44503784179688,2527938,0.0,0.0
2018-08-28,264.1000061035156,265.0,252.5,253.85000610351562,225.64501953125,6296138,0.0,0.0
2018-08-29,255.0,256.79998779296875,249.39999389648438,250.5,222.66725158691406,3213653,0.0,0.0
2018-08-30,252.0,252.0,248.6999969482422,250.5500030517578,222.71168518066406,4947003,0.0,0.0
2018-08-31,251.39999389648438,254.85000610351562,250.64999389648438,251.39999389648438,223.4672393798828,2067525,0.0,0.0
2018-09-03,252.0,254.5,248.8000030517578,250.3000030517578,222.48947143554688,1674997,0.0,0.0
2018-09-04,250.0,251.0,239.75,241.14999389648438,214.35609436035156,4263761,0.0,0.0
2018-09-05,240.0,245.5,237.1999969482422,244.35000610351562,217.2005615234375,3165366,0.0,0.0
2018-09-06,246.0,247.0,242.5,245.9499969482422,218.62278747558594,1624909,0.0,0.0
2018-09-07,246.1999969482422,250.5,245.0,247.75,220.22279357910156,2248742,0.0,0.0
2018-09-10,247.0,250.8000030517578,235.6999969482422,241.25,214.4449920654297,1994669,0.0,0.0
2018-09-11,238.1999969482422,242.85000610351562,229.0,230.75,205.11163330078125,4318217,0.0,0.0
2018-09-12,231.9499969482422,233.0,225.5500030517578,230.60000610351562,204.9783172607422,4642573,0.0,0.0
2018-09-14,234.0,242.4499969482422,232.3000030517578,241.60000610351562,214.756103515625,5074936,0.0,0.0
2018-09-17,240.4499969482422,245.0,236.5,243.5500030517578,216.4894561767578,2939173,0.0,0.0
2018-09-18,243.35000610351562,244.64999389648438,238.0,238.85000610351562,212.31166076660156,2947278,0.0,0.0
2018-09-19,241.0,241.8000030517578,236.3000030517578,239.85000610351562,213.2005615234375,2286893,0.0,0.0
2018-09-21,242.60000610351562,243.64999389648438,216.5,231.1999969482422,205.51162719726562,5453773,0.0,0.0
2018-09-24,231.3000030517578,233.1999969482422,223.3000030517578,226.10000610351562,200.9783172607422,2291403,0.0,0.0
2018-09-25,225.6999969482422,235.10000610351562,222.14999389648438,231.10000610351562,205.42274475097656,2889656,0.0,0.0
2018-09-26,235.0,235.0,226.5500030517578,228.3000030517578,202.9338836669922,2397083,0.0,0.0
2018-09-27,233.0,236.3000030517578,220.14999389648438,222.0500030517578,197.3782958984375,6857884,0.0,0.0
2018-09-28,216.0500030517578,221.9499969482422,205.5500030517578,212.25,188.6671600341797,7769507,0.0,0.0
2018-10-01,211.0,215.39999389648438,202.8000030517578,213.10000610351562,189.42269897460938,4267809,0.0,0.0
2018-10-03,210.0,214.4499969482422,205.25,206.0,183.11158752441406,3624093,0.0,0.0
2018-10-04,200.8000030517578,205.4499969482422,198.5,203.3000030517578,180.71157836914062,2991297,0.0,0.0
2018-10-05,201.25,204.1999969482422,194.0,198.0,176.0004425048828,2951857,0.0,0.0
2018-10-08,195.89999389648438,207.4499969482422,193.89999389648438,205.25,182.44491577148438,3261159,0.0,0.0
2018-10-09,206.1999969482422,208.0,199.64999389648438,201.39999389648438,179.02268981933594,3482398,0.0,0.0
2018-10-10,201.60000610351562,215.64999389648438,201.60000610351562,214.35000610351562,190.53379821777344,3138955,0.0,0.0
2018-10-11,208.0,211.64999389648438,204.9499969482422,206.0,183.11158752441406,1980808,0.0,0.0
2018-10-12,209.0,219.0,209.0,217.0500030517578,192.93385314941406,3747478,0.0,0.0
2018-10-15,219.6999969482422,219.6999969482422,212.89999389648438,216.60000610351562,192.53384399414062,1811281,0.0,0.0
2018-10-16,218.8000030517578,222.8000030517578,216.9499969482422,220.3000030517578,195.82273864746094,2053978,0.0,0.0
2018-10-17,222.3000030517578,223.9499969482422,208.0,209.3000030517578,186.044921875,2346918,0.0,0.0
2018-10-19,209.5,211.89999389648438,204.5,206.3000030517578,183.3782501220703,2104200,0.0,0.0
2018-10-22,208.64999389648438,209.5500030517578,205.64999389648438,206.3000030517578,183.3782501220703,1467975,0.0,0.0
2018-10-23,204.10000610351562,208.0,192.0500030517578,196.25,174.4448699951172,6821891,0.0,0.0
2018-10-24,201.10000610351562,206.60000610351562,200.0,205.0500030517578,182.2671356201172,3257357,0.0,0.0
2018-10-25,201.5,208.85000610351562,199.1999969482422,207.0500030517578,184.044921875,3043270,0.0,0.0
2018-10-26,202.89999389648438,213.4499969482422,200.39999389648438,207.5500030517578,184.48934936523438,3171759,0.0,0.0
2018-10-29,208.0,216.0,204.9499969482422,214.9499969482422,191.06715393066406,1684170,0.0,0.0
2018-10-30,215.1999969482422,219.6999969482422,213.60000610351562,215.0500030517578,191.15606689453125,2383136,0.0,0.0
2018-10-31,216.0500030517578,219.89999389648438,209.60000610351562,218.8000030517578,194.48939514160156,1582761,0.0,0.0
2018-11-01,220.0,223.39999389648438,216.8000030517578,218.39999389648438,194.1338348388672,1269156,0.0,0.0
2018-11-02,222.0,229.5,219.10000610351562,220.6999969482422,196.17828369140625,4362130,0.0,0.0
2018-11-05,220.5,222.0500030517578,213.85000610351562,215.1999969482422,191.28936767578125,1515633,0.0,0.0
2018-11-06,216.75,219.89999389648438,211.89999389648438,212.75,189.1116180419922,2272040,0.0,0.0
2018-11-07,214.85000610351562,221.1999969482422,213.1999969482422,220.25,195.7782745361328,1142635,0.0,0.0
2018-11-09,220.8000030517578,224.3000030517578,218.6999969482422,221.0500030517578,196.4893798828125,2660337,0.0,0.0
2018-11-12,221.10000610351562,222.1999969482422,213.8000030517578,214.60000610351562,190.7560577392578,2200263,0.0,0.0
2018-11-13,214.89999389648438,224.5,212.0,222.60000610351562,197.86717224121094,10096359,0.0,0.0
2018-11-14,226.0,230.5,221.0,223.35000610351562,198.53384399414062,7305882,0.0,0.0
2018-11-15,223.75,231.1999969482422,219.14999389648438,230.0,204.4449462890625,3354365,0.0,0.0
2018-11-16,229.0,231.39999389648438,224.10000610351562,226.25,201.1116180419922,2715552,0.0,0.0
2018-11-19,226.60000610351562,229.89999389648438,222.89999389648438,229.14999389648438,203.68939208984375,2500442,0.0,0.0
2018-11-20,229.0,229.8000030517578,224.64999389648438,225.3000030517578,200.26718139648438,2820381,0.0,0.0
2018-11-21,227.9499969482422,231.75,224.8000030517578,225.4499969482422,200.4005126953125,6062909,0.0,0.0
2018-11-22,227.9499969482422,227.9499969482422,216.6999969482422,218.75,194.44493103027344,3826219,0.0,0.0
2018-11-26,219.9499969482422,225.0,218.60000610351562,224.1999969482422,199.28939819335938,3812986,0.0,0.0
2018-11-27,223.25,231.0,222.14999389648438,230.10000610351562,204.5338592529297,4816417,0.0,0.0
2018-11-28,230.10000610351562,237.35000610351562,230.10000610351562,236.3000030517578,210.04498291015625,8415614,0.0,0.0
2018-11-29,238.14999389648438,241.0,234.5,236.0,209.77830505371094,8069235,0.0,0.0
2018-11-30,236.9499969482422,240.3000030517578,234.35000610351562,239.0500030517578,212.4894256591797,2180338,0.0,0.0
2018-12-03,242.35000610351562,242.35000610351562,233.5,234.9499969482422,208.844970703125,2285274,0.0,0.0
2018-12-04,234.5500030517578,236.85000610351562,230.39999389648438,232.64999389648438,206.80052185058594,1822163,0.0,0.0
2018-12-05,232.8000030517578,235.35000610351562,226.10000610351562,228.10000610351562,202.75608825683594,2123955,0.0,0.0
2018-12-06,226.0,226.9499969482422,222.4499969482422,225.14999389648438,200.13385009765625,1153486,0.0,0.0
2018-12-07,226.89999389648438,228.14999389648438,222.5500030517578,226.39999389648438,201.2449493408203,2388836,0.0,0.0
2018-12-10,223.60000610351562,226.25,220.75,225.0,200.00051879882812,1835010,0.0,0.0
2018-12-11,221.0500030517578,234.9499969482422,221.0500030517578,233.6999969482422,207.73387145996094,1980032,0.0,0.0
2018-12-12,233.39999389648438,240.0,232.5,237.85000610351562,211.4227752685547,1755281,0.0,0.0
2018-12-13,239.6999969482422,239.6999969482422,233.0,234.4499969482422,208.40052795410156,1430472,0.0,0.0
2018-12-14,235.0,237.35000610351562,230.5,235.10000610351562,208.9783172607422,2118894,0.0,0.0
2018-12-17,235.0,236.60000610351562,231.6999969482422,234.8000030517578,208.71163940429688,1484694,0.0,0.0
2018-12-18,234.6999969482422,242.3000030517578,233.1999969482422,235.5500030517578,209.37831115722656,4136850,0.0,0.0
2018-12-19,237.10000610351562,240.1999969482422,236.8000030517578,239.64999389648438,213.02276611328125,2910445,0.0,0.0
2018-12-20,241.35000610351562,244.85000610351562,238.1999969482422,239.5500030517578,212.9338836669922,6293860,0.0,0.0
2018-12-21,243.0,243.0,232.10000610351562,233.39999389648438,207.4672088623047,3965309,0.0,0.0
2018-12-24,230.25,233.5,225.3000030517578,229.0500030517578,203.60052490234375,4165981,0.0,0.0
2018-12-26,227.0,235.25,225.60000610351562,233.35000610351562,207.42276000976562,2417738,0.0,0.0
2018-12-27,234.4499969482422,235.3000030517578,230.10000610351562,231.0500030517578,205.37831115722656,1916532,0.0,0.0
2018-12-28,232.5,236.5,231.8000030517578,234.5,208.44497680664062,1568629,0.0,0.0
2018-12-31,235.10000610351562,237.5,233.8000030517578,235.9499969482422,209.73387145996094,1888044,0.0,0.0
2019-01-01,236.5,236.5,232.60000610351562,234.39999389648438,208.3560791015625,1125991,0.0,0.0
2019-01-02,233.0,235.25,229.25,230.85000610351562,205.20053100585938,1983510,0.0,0.0
2019-01-03,230.0,232.5500030517578,227.35000610351562,227.85000610351562,202.53384399414062,1183802,0.0,0.0
2019-01-04,228.0,234.25,226.14999389648438,233.39999389648438,207.4672088623047,1540427,0.0,0.0
2019-01-07,234.85000610351562,234.89999389648438,229.4499969482422,230.14999389648438,204.5782928466797,929054,0.0,0.0
2019-01-08,230.0,232.35000610351562,228.0500030517578,228.8000030517578,203.3782958984375,1285634,0.0,0.0
2019-01-09,230.3000030517578,230.3000030517578,223.0,223.39999389648438,198.57827758789062,1830077,0.0,0.0
2019-01-10,223.0,228.1999969482422,222.0,227.25,202.0005340576172,1371920,0.0,0.0
2019-01-11,227.0,227.4499969482422,224.6999969482422,225.9499969482422,200.84495544433594,870820,0.0,0.0
2019-01-14,225.5,225.5,222.0,223.39999389648438,198.57827758789062,1067341,0.0,0.0
2019-01-15,224.0,225.5,222.60000610351562,223.1999969482422,198.40049743652344,2219716,0.0,0.0
2019-01-16,222.3000030517578,227.39999389648438,217.25,218.85000610351562,194.53382873535156,3263101,0.0,0.0
2019-01-17,218.85000610351562,221.85000610351562,217.6999969482422,218.39999389648438,194.1338348388672,2694921,0.0,0.0
2019-01-18,219.5,221.0,217.5,217.89999389648438,193.68936157226562,1519378,0.0,0.0
2019-01-21,217.8000030517578,219.60000610351562,215.5,216.60000610351562,192.53384399414062,915690,0.0,0.0
2019-01-22,215.60000610351562,220.3000030517578,214.5500030517578,219.0,194.6671600341797,1885675,0.0,0.0
2019-01-23,219.0500030517578,219.89999389648438,217.0,218.39999389648438,194.1338348388672,995406,0.0,0.0
2019-01-24,218.8000030517578,219.0500030517578,216.0,216.8000030517578,192.71160888671875,802132,0.0,0.0
2019-01-25,217.5,218.6999969482422,208.75,210.75,187.3338165283203,2218748,0.0,0.0
2019-01-28,208.35000610351562,212.39999389648438,207.8000030517578,209.64999389648438,186.3560333251953,1887429,0.0,0.0
2019-01-29,207.0,208.75,199.64999389648438,203.0500030517578,180.48934936523438,3260886,0.0,0.0
2019-01-30,202.89999389648438,206.60000610351562,201.3000030517578,203.3000030517578,180.71157836914062,1409006,0.0,0.0
2019-01-31,205.3000030517578,205.3000030517578,199.3000030517578,204.35000610351562,181.64492797851562,1795751,0.0,0.0
2019-02-01,204.64999389648438,210.75,203.60000610351562,207.85000610351562,184.75604248046875,1670882,0.0,0.0
2019-02-04,208.0,208.0500030517578,197.3000030517578,200.14999389648438,177.9115447998047,2328060,0.0,0.0
2019-02-05,200.14999389648438,205.39999389648438,196.35000610351562,202.5,180.00045776367188,6299857,0.0,0.0
2019-02-06,201.89999389648438,202.85000610351562,193.8000030517578,199.14999389648438,177.02267456054688,3309459,0.0,0.0
2019-02-07,199.8000030517578,208.60000610351562,197.5,207.4499969482422,184.40048217773438,3735779,0.0,0.0
2019-02-08,206.1999969482422,209.89999389648438,202.0,203.14999389648438,180.57821655273438,2519281,0.0,0.0
2019-02-11,202.14999389648438,204.85000610351562,200.1999969482422,201.6999969482422,179.28933715820312,1741712,0.0,0.0
2019-02-12,202.0,205.14999389648438,199.25,200.89999389648438,178.57823181152344,1566055,0.0,0.0
2019-02-14,198.1999969482422,204.35000610351562,197.4499969482422,202.6999969482422,180.17823791503906,2090637,0.0,0.0
2019-02-15,202.8000030517578,202.89999389648438,196.6999969482422,200.39999389648438,178.13377380371094,2385065,0.0,0.0
2019-02-18,200.5,203.8000030517578,199.64999389648438,202.6999969482422,180.17823791503906,1647484,0.0,0.0
2019-02-19,202.5,208.9499969482422,201.5500030517578,202.39999389648438,179.91159057617188,2764354,0.0,0.0
2019-02-20,203.1999969482422,210.89999389648438,203.1999969482422,209.10000610351562,185.8671417236328,3626848,0.0,0.0
2019-02-21,209.9499969482422,211.5,207.0,208.9499969482422,185.73382568359375,2324645,0.0,0.0
2019-02-22,210.0,211.14999389648438,206.1999969482422,210.14999389648438,186.8004608154297,2463708,0.0,0.0
2019-02-25,211.0500030517578,214.39999389648438,210.25,211.25,187.77828979492188,2445738,0.0,0.0
2019-02-26,211.0,211.5,206.4499969482422,209.64999389648438,186.3560333251953,3339902,0.0,0.0
2019-02-27,210.9499969482422,216.5,210.64999389648438,213.85000610351562,190.0894012451172,2532635,0.0,0.0
2019-02-28,215.14999389648438,218.0,212.64999389648438,217.4499969482422,193.2893829345703,3454722,0.0,0.0
2019-03-01,218.5,220.35000610351562,217.3000030517578,219.89999389648438,195.4671630859375,1763953,0.0,0.0
2019-03-05,220.0,224.39999389648438,219.0,223.10000610351562,198.3115997314453,2949672,0.0,0.0
2019-03-06,224.1999969482422,225.0,218.64999389648438,219.4499969482422,195.06716918945312,2297209,0.0,0.0
2019-03-07,219.85000610351562,220.0,216.0,216.5,192.44491577148438,1750522,0.0,0.0
2019-03-08,215.39999389648438,216.85000610351562,211.5,212.3000030517578,188.7115936279297,1554812,0.0,0.0
2019-03-11,212.8000030517578,219.0500030517578,212.35000610351562,217.64999389648438,193.4671630859375,4214398,0.0,0.0
2019-03-12,219.25,228.1999969482422,219.0,226.8000030517578,201.6005096435547,3085459,0.0,0.0
2019-03-13,235.0,235.0,224.5,225.4499969482422,200.4005126953125,9846829,0.0,0.0
2019-03-14,226.60000610351562,226.85000610351562,220.0500030517578,223.0,198.22274780273438,2363806,0.0,0.0
2019-03-15,223.1999969482422,225.14999389648438,221.10000610351562,222.25,197.55604553222656,2591655,0.0,0.0
2019-03-18,222.39999389648438,224.0,217.0500030517578,217.9499969482422,193.73382568359375,2014211,0.0,0.0
2019-03-19,218.0500030517578,222.4499969482422,215.0,221.0,196.4449462890625,2939295,0.0,0.0
2019-03-20,221.14999389648438,223.75,219.60000610351562,220.5500030517578,196.0449676513672,1930121,0.0,0.0
2019-03-22,221.0,222.8000030517578,215.0,215.75,191.7782745361328,1498576,0.0,0.0
2019-03-25,214.89999389648438,215.39999389648438,211.39999389648438,212.39999389648438,188.8004913330078,1824816,0.0,0.0
2019-03-26,212.9499969482422,214.39999389648438,210.0,213.4499969482422,189.73379516601562,2734381,0.0,0.0
2019-03-27,214.8000030517578,217.5,213.0500030517578,214.0,190.22271728515625,1548540,0.0,0.0
2019-03-28,213.3000030517578,219.89999389648438,212.75,217.4499969482422,193.2893829345703,1865135,0.0,0.0
2019-04-01,223.89999389648438,227.64999389648438,222.0500030517578,225.85000610351562,200.75607299804688,3023752,0.0,0.0
2019-04-02,226.10000610351562,226.5,219.75,221.25,196.66717529296875,2392936,0.0,0.0
2019-04-03,220.10000610351562,225.0,218.4499969482422,219.85000610351562,195.42274475097656,2602557,0.0,0.0
2019-04-04,220.10000610351562,223.5500030517578,217.0,222.89999389648438,198.13385009765625,2344897,0.0,0.0
2019-04-05,223.4499969482422,224.60000610351562,220.8000030517578,224.0500030517578,199.1560821533203,1464673,0.0,0.0
2019-04-08,225.0,225.0,219.5,220.10000610351562,195.6449432373047,1752415,0.0,0.0
2019-04-09,219.0,219.0,214.25,216.0,192.00048828125,2335176,0.0,0.0
2019-04-10,216.5,219.25,215.5,216.10000610351562,192.08938598632812,1582070,0.0,0.0
2019-04-11,215.75,216.5,212.5,213.5,189.7782745361328,2456854,0.0,0.0
2019-04-12,214.0,216.0,212.8000030517578,215.0,191.1116180419922,2332414,0.0,0.0
2019-04-15,215.39999389648438,219.75,214.9499969482422,218.0,193.7782745361328,1155929,0.0,0.0
2019-04-16,218.1999969482422,219.4499969482422,215.1999969482422,216.35000610351562,192.3115997314453,2450298,0.0,0.0
2019-04-18,217.0,221.25,214.35000610351562,219.10000610351562,194.7560577392578,2590365,0.0,0.0
2019-04-22,216.9499969482422,217.5,208.8000030517578,209.64999389648438,186.3560333251953,2367067,0.0,0.0
2019-04-23,210.0,213.5,207.3000030517578,211.9499969482422,188.40049743652344,2093535,0.0,0.0
2019-04-24,211.0,211.89999389648438,207.75,209.0,185.7782745361328,2273549,0.0,0.0
2019-04-25,209.4499969482422,211.3000030517578,207.5500030517578,209.0500030517578,185.82269287109375,3218763,0.0,0.0
2019-04-26,208.0,210.10000610351562,205.25,209.5,186.2227020263672,3470828,0.0,0.0
2019-04-30,209.9499969482422,209.9499969482422,204.3000030517578,206.0500030517578,183.15602111816406,2755508,0.0,0.0
2019-05-02,203.0,206.60000610351562,201.10000610351562,202.0,179.55601501464844,2632924,0.0,0.0
2019-05-03,204.0,204.39999389648438,201.25,201.64999389648438,179.24488830566406,1646418,0.0,0.0
2019-05-06,201.0,202.5,196.5,197.0500030517578,175.15599060058594,1990897,0.0,0.0
2019-05-07,197.8000030517578,199.10000610351562,194.5500030517578,195.1999969482422,173.51153564453125,1273921,0.0,0.0
2019-05-08,195.89999389648438,197.1999969482422,191.0,191.75,170.4448699951172,2511215,0.0,0.0
2019-05-09,191.6999969482422,192.5,182.1999969482422,185.3000030517578,164.71151733398438,9156401,0.0,0.0
2019-05-10,184.89999389648438,191.8000030517578,183.4499969482422,190.9499969482422,169.7337646484375,4279032,0.0,0.0
2019-05-13,190.10000610351562,190.60000610351562,185.5500030517578,186.1999969482422,165.5115203857422,2297813,0.0,0.0
2019-05-14,184.9499969482422,186.0,178.35000610351562,179.64999389648438,159.68930053710938,6485545,0.0,0.0
2019-05-15,179.8000030517578,182.8000030517578,176.0500030517578,177.10000610351562,157.4226531982422,2285495,0.0,0.0
2019-05-16,177.5,177.75,174.0,176.0500030517578,156.4893035888672,1886278,0.0,0.0
2019-05-17,176.4499969482422,178.85000610351562,175.14999389648438,177.5,157.7781982421875,1880591,0.0,0.0
2019-05-20,180.39999389648438,187.75,180.39999389648438,182.60000610351562,162.31150817871094,1960620,0.0,0.0
2019-05-21,183.85000610351562,184.5,181.10000610351562,181.89999389648438,161.68930053710938,1808112,0.0,0.0
2019-05-22,182.89999389648438,184.39999389648438,179.35000610351562,183.1999969482422,162.84487915039062,1077368,0.0,0.0
2019-05-23,185.0,189.85000610351562,182.60000610351562,183.60000610351562,163.200439453125,2515235,0.0,0.0
2019-05-24,185.5,197.0,184.4499969482422,194.60000610351562,172.97821044921875,2673882,0.0,0.0
2019-05-27,195.0,200.89999389648438,194.5,199.10000610351562,176.97825622558594,3074229,0.0,0.0
2019-05-28,199.0,199.8000030517578,194.0,197.89999389648438,175.91156005859375,2772492,0.0,0.0
2019-05-29,197.5,197.8000030517578,192.64999389648438,194.14999389648438,172.5782012939453,1319186,0.0,0.0
2019-05-30,194.0,198.25,193.8000030517578,197.10000610351562,175.20046997070312,1367906,0.0,0.0
2019-05-31,198.0500030517578,198.5,190.6999969482422,194.5,172.8893280029297,3370473,0.0,0.0
2019-06-03,192.5500030517578,198.0,192.1999969482422,196.35000610351562,174.5337677001953,2324600,0.0,0.0
2019-06-04,194.75,202.5,194.3000030517578,197.3000030517578,175.3782196044922,4667323,0.0,0.0
2019-06-06,199.6999969482422,200.75,195.8000030517578,199.5,177.33377075195312,2810121,0.0,0.0
2019-06-07,198.9499969482422,199.9499969482422,191.4499969482422,192.1999969482422,170.8448944091797,2645450,0.0,0.0
2019-06-10,193.0,195.0,190.8000030517578,194.1999969482422,172.62266540527344,1857605,0.0,0.0
2019-06-11,194.89999389648438,196.35000610351562,191.0500030517578,195.4499969482422,173.7338104248047,1713021,0.0,0.0
2019-06-12,195.0,198.0,191.10000610351562,191.75,170.4448699951172,1166390,0.0,0.0
2019-06-13,191.5500030517578,191.8000030517578,185.8000030517578,188.10000610351562,167.200439453125,2430739,0.0,0.0
2019-06-14,187.0,188.39999389648438,184.0,184.75,164.22264099121094,2285350,0.0,0.0
2019-06-17,185.0,202.39999389648438,183.89999389648438,199.9499969482422,177.73379516601562,36924875,0.0,0.0
2019-06-18,200.89999389648438,201.14999389648438,191.85000610351562,193.89999389648438,172.35598754882812,7041882,0.0,0.0
2019-06-19,194.9499969482422,195.85000610351562,186.8000030517578,189.25,168.22264099121094,2901176,0.0,0.0
2019-06-20,188.6999969482422,196.39999389648438,188.1999969482422,195.35000610351562,173.64488220214844,2061074,0.0,0.0
2019-06-21,194.5,200.0,192.39999389648438,197.5500030517578,175.60043334960938,1872101,0.0,0.0
2019-06-24,197.60000610351562,200.89999389648438,195.3000030517578,199.4499969482422,177.2893524169922,1829459,0.0,0.0
2019-06-25,198.39999389648438,205.5,197.10000610351562,200.39999389648438,178.13377380371094,5981431,0.0,0.0
2019-06-26,201.9499969482422,203.5,198.6999969482422,200.5500030517578,178.2671356201172,3406548,0.0,0.0
2019-06-27,201.0,204.0,200.1999969482422,202.89999389648438,180.35601806640625,2785295,0.0,0.0
2019-06-28,203.4499969482422,204.25,199.14999389648438,200.64999389648438,178.3560028076172,1125746,0.0,0.0
2019-07-01,202.0,204.60000610351562,199.8000030517578,200.3000030517578,178.04490661621094,2895320,0.0,0.0
2019-07-02,202.0,202.14999389648438,197.25,200.1999969482422,177.95602416992188,1643088,0.0,0.0
2019-07-03,199.89999389648438,202.5,199.0,200.89999389648438,178.57823181152344,1156109,0.0,0.0
2019-07-04,201.0,201.60000610351562,199.0,199.39999389648438,177.24488830566406,1112054,0.0,0.0
2019-07-05,200.0,200.8000030517578,194.75,195.3000030517578,173.60043334960938,1509512,0.0,0.0
2019-07-08,193.0,195.3000030517578,186.60000610351562,187.4499969482422,166.62265014648438,2485531,0.0,0.0
2019-07-09,186.1999969482422,189.5,185.14999389648438,186.35000610351562,165.64488220214844,1763656,0.0,0.0
2019-07-10,187.0500030517578,188.5,185.60000610351562,187.0,166.22267150878906,996851,0.0,0.0
2019-07-11,187.9499969482422,189.0500030517578,184.3000030517578,188.10000610351562,167.200439453125,1534438,0.0,0.0
2019-07-12,188.3000030517578,189.1999969482422,186.3000030517578,187.14999389648438,166.35598754882812,861265,0.0,0.0
2019-07-15,187.5,187.75,184.10000610351562,184.9499969482422,164.40042114257812,1468874,0.0,0.0
2019-07-16,185.0,188.0,184.39999389648438,187.0500030517578,166.26708984375,1638368,0.0,0.0
2019-07-17,187.0,189.10000610351562,184.0500030517578,184.60000610351562,164.08929443359375,2612031,0.0,0.0
2019-07-18,184.64999389648438,186.35000610351562,178.39999389648438,179.25,159.33375549316406,2057799,0.0,0.0
2019-07-19,180.5,180.8000030517578,174.25,174.8000030517578,155.378173828125,3277411,0.0,0.0
2019-07-22,175.0,175.9499969482422,172.60000610351562,175.0,155.55596923828125,2605914,0.0,0.0
2019-07-23,173.5,174.0,166.0,167.5,151.70668029785156,7116134,3.25,0.0
2019-07-24,167.5,168.0,162.5,164.5500030517578,149.0348358154297,3311058,0.0,0.0
2019-07-25,164.5500030517578,165.39999389648438,160.6999969482422,161.35000610351562,146.13653564453125,2589689,0.0,0.0
2019-07-26,162.25,165.5,160.1999969482422,164.0500030517578,148.5819854736328,2768222,0.0,0.0
2019-07-29,163.89999389648438,164.0,153.10000610351562,154.35000610351562,139.7965850830078,4794798,0.0,0.0
2019-07-30,151.9499969482422,154.75,149.0,149.6999969482422,135.5850067138672,4672764,0.0,0.0
2019-07-31,149.0500030517578,158.35000610351562,148.39999389648438,157.5,142.64956665039062,7616628,0.0,0.0
2019-08-01,156.5,157.89999389648438,151.75,154.14999389648438,139.61541748046875,2624505,0.0,0.0
2019-08-02,152.0,152.5500030517578,144.0500030517578,150.35000610351562,136.17373657226562,5958824,0.0,0.0
2019-08-05,148.0,151.85000610351562,146.3000030517578,147.0500030517578,133.18487548828125,2208778,0.0,0.0
2019-08-06,146.0,154.0,146.0,151.6999969482422,137.3964385986328,2974338,0.0,0.0
2019-08-07,152.4499969482422,154.9499969482422,149.39999389648438,150.0,135.8567352294922,3210045,0.0,0.0
2019-08-08,152.0,157.8000030517578,151.5,157.10000610351562,142.2872772216797,3426285,0.0,0.0
2019-08-09,157.8000030517578,165.10000610351562,157.39999389648438,162.64999389648438,147.31398010253906,5025774,0.0,0.0
2019-08-13,162.6999969482422,165.0,158.0,158.6999969482422,143.73641967773438,3038805,0.0,0.0
2019-08-14,158.6999969482422,164.0,156.85000610351562,162.9499969482422,147.58566284179688,3230504,0.0,0.0
2019-08-16,162.0,166.4499969482422,161.6999969482422,164.25,148.76312255859375,4814865,0.0,0.0
2019-08-19,163.9499969482422,165.89999389648438,162.5,163.64999389648438,148.21969604492188,2539598,0.0,0.0
2019-08-20,163.5,166.0,162.60000610351562,165.1999969482422,149.62356567382812,1816108,0.0,0.0
2019-08-21,165.1999969482422,166.25,160.25,162.4499969482422,147.1328125,3119072,0.0,0.0
2019-08-22,161.89999389648438,165.4499969482422,161.25,163.3000030517578,147.9027099609375,2229324,0.0,0.0
2019-08-23,161.64999389648438,168.3000030517578,161.64999389648438,165.60000610351562,149.98583984375,2414430,0.0,0.0
2019-08-26,167.0500030517578,168.0,164.0,166.4499969482422,150.7556915283203,1727710,0.0,0.0
2019-08-27,167.5,173.0,167.5,172.0,155.78237915039062,2162552,0.0,0.0
2019-08-28,172.5,172.9499969482422,167.0,168.5500030517578,152.65768432617188,2366161,0.0,0.0
2019-08-29,167.5500030517578,172.39999389648438,167.25,169.60000610351562,153.60867309570312,2913894,0.0,0.0
2019-08-30,169.60000610351562,172.14999389648438,168.5,171.25,155.1031036376953,2026816,0.0,0.0
2019-09-03,170.0,176.5,167.5,170.25,154.19740295410156,3516636,0.0,0.0
2019-09-04,169.25,176.89999389648438,168.8000030517578,175.89999389648438,159.31463623046875,3883974,0.0,0.0
2019-09-05,175.85000610351562,175.85000610351562,172.85000610351562,173.75,157.36737060546875,3388610,0.0,0.0
2019-09-06,175.0,176.6999969482422,174.60000610351562,175.25,158.72596740722656,2010523,0.0,0.0
2019-09-09,175.60000610351562,177.89999389648438,174.0,176.6999969482422,160.03921508789062,1583348,0.0,0.0
2019-09-11,177.0,180.0,176.1999969482422,179.10000610351562,162.2129669189453,2119204,0.0,0.0
2019-09-12,179.10000610351562,181.60000610351562,176.64999389648438,177.10000610351562,160.4015350341797,1332394,0.0,0.0
2019-09-13,178.0,181.0,175.10000610351562,180.60000610351562,163.57150268554688,1615075,0.0,0.0
2019-09-16,178.5,183.0,177.14999389648438,180.60000610351562,163.57150268554688,2527053,0.0,0.0
2019-09-17,179.9499969482422,180.64999389648438,175.8000030517578,177.75,160.99020385742188,3102533,0.0,0.0
2019-09-18,177.64999389648438,181.89999389648438,177.5,179.85000610351562,162.89224243164062,3058152,0.0,0.0
2019-09-19,180.25,181.25,174.35000610351562,175.1999969482422,158.68064880371094,1760079,0.0,0.0
2019-09-20,175.1999969482422,189.10000610351562,173.35000610351562,185.1999969482422,167.73776245117188,5194630,0.0,0.0
2019-09-23,187.5,192.4499969482422,184.8000030517578,189.1999969482422,171.36061096191406,2134581,0.0,0.0
2019-09-24,190.0,191.39999389648438,185.25,186.25,168.6887664794922,1878154,0.0,0.0
2019-09-25,186.0,187.5,181.89999389648438,184.9499969482422,167.5113525390625,3128869,0.0,0.0
2019-09-26,184.9499969482422,188.64999389648438,183.6999969482422,184.39999389648438,167.01318359375,2459090,0.0,0.0
2019-09-27,184.10000610351562,185.8000030517578,181.0,181.85000610351562,164.7036590576172,1715776,0.0,0.0
2019-09-30,183.0,184.39999389648438,176.3000030517578,181.64999389648438,164.52249145507812,3073573,0.0,0.0
2019-10-01,181.6999969482422,182.5500030517578,167.35000610351562,169.10000610351562,153.15582275390625,5019342,0.0,0.0
2019-10-03,169.10000610351562,172.60000610351562,167.1999969482422,168.85000610351562,152.9293975830078,2587269,0.0,0.0
2019-10-04,169.6999969482422,174.5500030517578,166.75,168.8000030517578,152.88409423828125,2865252,0.0,0.0
2019-10-07,167.5,168.1999969482422,163.5,164.35000610351562,148.8536834716797,1684274,0.0,0.0
2019-10-09,163.0,169.9499969482422,162.5500030517578,168.85000610351562,152.9293975830078,1858232,0.0,0.0
2019-10-10,168.8000030517578,169.5,165.0,165.85000610351562,150.21224975585938,1585971,0.0,0.0
2019-10-11,166.6999969482422,170.3000030517578,165.64999389648438,166.5,150.8009796142578,1199478,0.0,0.0
2019-10-14,166.9499969482422,172.14999389648438,166.5,169.9499969482422,153.92567443847656,1843627,0.0,0.0
2019-10-15,169.9499969482422,173.8000030517578,168.64999389648438,173.3000030517578,156.95980834960938,1647100,0.0,0.0
2019-10-16,173.6999969482422,177.8000030517578,172.85000610351562,177.4499969482422,160.718505859375,1914748,0.0,0.0
2019-10-17,177.35000610351562,182.5,175.10000610351562,181.0,163.9337921142578,1323156,0.0,0.0
2019-10-18,180.0,186.89999389648438,179.0500030517578,186.0500030517578,168.5076446533203,1620760,0.0,0.0
2019-10-22,184.5500030517578,188.35000610351562,183.39999389648438,185.0500030517578,167.60191345214844,3680040,0.0,0.0
2019-10-23,185.14999389648438,185.64999389648438,181.39999389648438,183.5500030517578,166.2433319091797,2078362,0.0,0.0
2019-10-24,184.60000610351562,184.60000610351562,180.64999389648438,181.6999969482422,164.5677947998047,1215140,0.0,0.0
2019-10-25,182.8000030517578,184.1999969482422,178.9499969482422,181.0,163.9337921142578,2541205,0.0,0.0
2019-10-27,182.10000610351562,183.3000030517578,181.0,181.85000610351562,164.7036590576172,108509,0.0,0.0
2019-10-29,181.5,190.10000610351562,181.1999969482422,186.85000610351562,169.23219299316406,3239605,0.0,0.0
2019-10-30,187.75,188.5,184.4499969482422,187.8000030517578,170.09262084960938,1410885,0.0,0.0
2019-10-31,190.3000030517578,194.39999389648438,189.10000610351562,190.3000030517578,172.35693359375,4163472,0.0,0.0
2019-11-01,191.39999389648438,196.75,188.10000610351562,189.1999969482422,171.36061096191406,4995111,0.0,0.0
2019-11-04,189.75,190.64999389648438,184.8000030517578,185.5500030517578,168.05477905273438,2125782,0.0,0.0
2019-11-05,185.39999389648438,187.64999389648438,177.9499969482422,179.85000610351562,162.89224243164062,8595442,0.0,0.0
2019-11-06,178.0,178.60000610351562,167.14999389648438,168.5,152.61241149902344,6895790,0.0,0.0
2019-11-07,168.39999389648438,169.6999969482422,166.0,167.0,151.2538299560547,4178035,0.0,0.0
2019-11-08,167.0,168.8000030517578,164.5,165.14999389648438,149.5782470703125,2566305,0.0,0.0
2019-11-11,165.0,168.1999969482422,163.64999389648438,166.25,150.5745391845703,1908437,0.0,0.0
2019-11-13,167.0,167.1999969482422,162.85000610351562,163.60000610351562,148.17442321777344,1891558,0.0,0.0
2019-11-14,163.0,165.14999389648438,161.89999389648438,162.6999969482422,147.35926818847656,2272057,0.0,0.0
2019-11-15,164.0,169.60000610351562,163.85000610351562,167.89999389648438,152.06895446777344,4085824,0.0,0.0
2019-11-18,168.64999389648438,170.25,167.10000610351562,169.14999389648438,153.20111083984375,2781990,0.0,0.0
2019-11-19,169.89999389648438,169.9499969482422,167.5,167.89999389648438,152.06895446777344,1177120,0.0,0.0
2019-11-20,167.9499969482422,170.75,166.5,167.64999389648438,151.84254455566406,2212021,0.0,0.0
2019-11-21,167.60000610351562,169.5,164.8000030517578,165.4499969482422,149.8499755859375,1679699,0.0,0.0
2019-11-22,165.0,168.39999389648438,162.5,167.89999389648438,152.06895446777344,2546788,0.0,0.0
2019-11-25,168.0,171.10000610351562,167.0,170.25,154.19740295410156,2016912,0.0,0.0
2019-11-26,172.8000030517578,173.5,167.6999969482422,168.39999389648438,152.52182006835938,4125715,0.0,0.0
2019-11-27,169.39999389648438,172.5,168.0,171.75,155.55596923828125,2687302,0.0,0.0
2019-11-28,171.75,172.75,169.39999389648438,171.35000610351562,155.19366455078125,2719784,0.0,0.0
2019-11-29,171.0,172.8000030517578,167.3000030517578,168.0500030517578,152.20481872558594,2077562,0.0,0.0
2019-12-02,169.0,169.0,166.25,168.0500030517578,152.20481872558594,1099589,0.0,0.0
2019-12-03,169.0,169.75,164.60000610351562,166.3000030517578,150.6198272705078,1638809,0.0,0.0
2019-12-04,166.0,170.60000610351562,165.14999389648438,170.10000610351562,154.06153869628906,1462104,0.0,0.0
2019-12-05,170.85000610351562,174.1999969482422,169.0,173.25,156.91455078125,2248253,0.0,0.0
2019-12-06,177.0,177.5,171.1999969482422,173.89999389648438,157.5032196044922,10658225,0.0,0.0
2019-12-09,173.6999969482422,173.6999969482422,168.60000610351562,170.0500030517578,154.01625061035156,2912380,0.0,0.0
2019-12-10,170.0,171.85000610351562,161.0,162.60000610351562,147.26869201660156,3424810,0.0,0.0
2019-12-11,161.0,166.14999389648438,159.25,164.10000610351562,148.62725830078125,6462347,0.0,0.0
2019-12-12,164.10000610351562,166.5,163.5500030517578,165.5,149.895263671875,1363824,0.0,0.0
2019-12-13,165.4499969482422,169.39999389648438,165.1999969482422,166.8000030517578,151.0726776123047,2822701,0.0,0.0
2019-12-16,167.5,168.39999389648438,163.35000610351562,164.35000610351562,148.8536834716797,2277535,0.0,0.0
2019-12-17,165.3000030517578,167.60000610351562,165.0,165.39999389648438,149.8046875,1728569,0.0,0.0
2019-12-18,166.0,166.5,163.5500030517578,164.5500030517578,149.0348358154297,2040202,0.0,0.0
2019-12-19,164.39999389648438,166.1999969482422,163.60000610351562,164.89999389648438,149.35182189941406,1135000,0.0,0.0
2019-12-20,165.0,165.5,163.10000610351562,163.5,148.0838165283203,998404,0.0,0.0
2019-12-23,163.75,164.8000030517578,163.1999969482422,163.60000610351562,148.17442321777344,624872,0.0,0.0
2019-12-24,163.64999389648438,164.60000610351562,161.60000610351562,163.10000610351562,147.7215576171875,1030346,0.0,0.0
2019-12-26,163.10000610351562,164.10000610351562,161.0,161.1999969482422,146.0006866455078,1305674,0.0,0.0
2019-12-27,162.10000610351562,164.5,161.64999389648438,163.64999389648438,148.21969604492188,1076433,0.0,0.0
2019-12-30,164.5500030517578,166.5,164.25,165.0,149.44241333007812,1581502,0.0,0.0
2019-12-31,165.0500030517578,165.64999389648438,163.5,163.89999389648438,148.4461212158203,770298,0.0,0.0
2020-01-01,164.5,164.9499969482422,163.0,163.35000610351562,147.94798278808594,642850,0.0,0.0
2020-01-02,163.6999969482422,170.89999389648438,163.35000610351562,170.35000610351562,154.28793334960938,2954927,0.0,0.0
2020-01-03,169.8000030517578,169.8000030517578,164.0,165.14999389648438,149.5782470703125,2231107,0.0,0.0
2020-01-06,164.5500030517578,164.5500030517578,160.0,160.5,145.36671447753906,2420889,0.0,0.0
2020-01-07,162.5,165.39999389648438,158.4499969482422,161.25,146.04600524902344,2654726,0.0,0.0
2020-01-08,159.8000030517578,162.85000610351562,159.0,162.39999389648438,147.08755493164062,1664694,0.0,0.0
2020-01-09,164.5500030517578,166.89999389648438,163.10000610351562,165.35000610351562,149.75942993164062,2997881,0.0,0.0
2020-01-10,165.35000610351562,169.5,165.25,168.64999389648438,152.74826049804688,2799088,0.0,0.0
2020-01-13,169.39999389648438,171.0,168.0500030517578,170.5500030517578,154.4691162109375,2525447,0.0,0.0
2020-01-14,171.5,175.5,171.0500030517578,173.64999389648438,157.27679443359375,3906967,0.0,0.0
2020-01-15,174.3000030517578,176.64999389648438,172.6999969482422,176.0,159.4052276611328,1980997,0.0,0.0
2020-01-16,175.9499969482422,177.10000610351562,174.14999389648438,176.0,159.4052276611328,1625739,0.0,0.0
2020-01-17,177.0,182.35000610351562,176.85000610351562,180.0,163.02806091308594,6393789,0.0,0.0
2020-01-20,180.0,180.1999969482422,173.14999389648438,174.0,157.5937957763672,2284994,0.0,0.0
2020-01-21,173.3000030517578,175.8000030517578,171.9499969482422,174.85000610351562,158.36366271972656,1515394,0.0,0.0
2020-01-22,175.5,175.5,173.35000610351562,174.25,157.8202362060547,1035978,0.0,0.0
2020-01-23,175.5500030517578,177.1999969482422,174.6999969482422,175.14999389648438,158.63536071777344,2318536,0.0,0.0
2020-01-24,175.5,178.85000610351562,174.75,177.5,160.76380920410156,1495711,0.0,0.0
2020-01-27,177.0,178.35000610351562,174.0500030517578,174.75,158.27310180664062,1465065,0.0,0.0
2020-01-28,175.25,177.0500030517578,172.85000610351562,173.89999389648438,157.5032196044922,1206153,0.0,0.0
2020-01-29,174.5500030517578,175.8000030517578,173.5,174.1999969482422,157.77493286132812,1067364,0.0,0.0
2020-01-30,175.0,175.5,170.10000610351562,171.4499969482422,155.28424072265625,1195534,0.0,0.0
2020-01-31,172.0,172.3000030517578,165.5,166.5,150.8009796142578,2059074,0.0,0.0
2020-02-03,164.25,170.6999969482422,159.60000610351562,161.0500030517578,145.86483764648438,3345011,0.0,0.0
2020-02-04,163.5,165.14999389648438,160.5,161.5500030517578,146.31771850585938,3108857,0.0,0.0
2020-02-05,162.5500030517578,169.60000610351562,161.5,168.39999389648438,152.52182006835938,12937250,0.0,0.0
2020-02-06,169.89999389648438,170.8000030517578,163.1999969482422,165.10000610351562,149.53298950195312,5431485,0.0,0.0
2020-02-07,165.10000610351562,166.6999969482422,163.5,164.0,148.53668212890625,2268574,0.0,0.0
2020-02-10,163.60000610351562,164.4499969482422,159.64999389648438,162.10000610351562,146.81585693359375,3784007,0.0,0.0
2020-02-11,163.1999969482422,164.5,160.75,161.39999389648438,146.1818389892578,1568825,0.0,0.0
2020-02-12,161.6999969482422,162.6999969482422,160.25,161.9499969482422,146.6799774169922,1714945,0.0,0.0
2020-02-13,162.10000610351562,162.5500030517578,160.0,161.25,146.04600524902344,1501341,0.0,0.0
2020-02-14,161.8000030517578,163.25,158.3000030517578,159.0500030517578,144.05340576171875,1605188,0.0,0.0
2020-02-17,159.3000030517578,159.3000030517578,153.35000610351562,154.4499969482422,139.8871307373047,2621877,0.0,0.0
2020-02-18,154.89999389648438,154.89999389648438,150.35000610351562,151.35000610351562,137.07945251464844,3980792,0.0,0.0
2020-02-19,152.10000610351562,153.14999389648438,150.35000610351562,150.8000030517578,136.58131408691406,3867262,0.0,0.0
2020-02-20,150.60000610351562,159.1999969482422,149.75,158.0,143.10243225097656,6419252,0.0,0.0
2020-02-24,157.9499969482422,157.9499969482422,151.5,151.9499969482422,137.6228485107422,2427071,0.0,0.0
2020-02-25,152.89999389648438,155.6999969482422,150.3000030517578,154.39999389648438,139.84185791015625,2419330,0.0,0.0
2020-02-26,153.6999969482422,158.0,146.39999389648438,148.6999969482422,134.67926025390625,8017307,0.0,0.0
2020-02-27,149.5500030517578,151.6999969482422,145.5,150.3000030517578,136.12844848632812,5186981,0.0,0.0
2020-02-28,146.0,147.0,141.0,142.8000030517578,129.33560180664062,6020812,0.0,0.0
2020-03-02,145.0,145.8000030517578,134.5500030517578,136.3000030517578,123.448486328125,7509876,0.0,0.0
2020-03-03,138.0,142.89999389648438,136.5500030517578,141.75,128.38461303710938,4006039,0.0,0.0
2020-03-04,138.9499969482422,140.64999389648438,136.5,139.9499969482422,129.4949493408203,4106501,3.0,0.0
2020-03-05,140.64999389648438,142.64999389648438,138.64999389648438,139.25,128.84727478027344,3841282,0.0,0.0
2020-03-06,135.0,136.5,131.25,135.3000030517578,125.19232940673828,4712533,0.0,0.0
2020-03-09,132.64999389648438,133.0,125.3499984741211,126.75,117.28107452392578,3080610,0.0,0.0
2020-03-11,126.4000015258789,127.3499984741211,114.0999984741211,115.0,106.40885925292969,9175920,0.0,0.0
2020-03-12,104.0,107.94999694824219,96.69999694824219,100.1500015258789,92.6682357788086,11277411,0.0,0.0
2020-03-13,90.1500015258789,105.19999694824219,88.0,104.1500015258789,96.36942291259766,5393170,0.0,0.0
2020-03-16,101.69999694824219,102.30000305175781,96.69999694824219,97.5999984741211,90.30873107910156,4868451,0.0,0.0
2020-03-17,97.0,101.5,92.5,93.5999984741211,86.6075668334961,3631634,0.0,0.0
2020-03-18,96.80000305175781,97.69999694824219,88.0,89.4000015258789,82.72132110595703,4289406,0.0,0.0
2020-03-19,86.0,91.3499984741211,83.6500015258789,86.19999694824219,79.76038360595703,4347529,0.0,0.0
2020-03-20,87.1500015258789,92.75,84.75,88.8499984741211,82.21240997314453,6206312,0.0,0.0
2020-03-23,83.0,83.9000015258789,75.80000305175781,76.44999694824219,70.73876190185547,1468284,0.0,0.0
2020-03-24,77.0,81.19999694824219,73.4000015258789,78.55000305175781,72.681884765625,2703847,0.0,0.0
2020-03-25,75.0,82.6500015258789,74.94999694824219,80.8499984741211,74.81006622314453,2569825,0.0,0.0
2020-03-26,82.0,86.75,79.30000305175781,82.4000015258789,76.24427032470703,4185024,0.0,0.0
2020-03-27,84.0,85.9000015258789,78.80000305175781,82.5999984741211,76.4293212890625,4871255,0.0,0.0
2020-03-30,79.0,83.30000305175781,77.0,81.5999984741211,75.5040283203125,3774005,0.0,0.0
2020-03-31,82.8499984741211,82.8499984741211,78.5999984741211,79.4000015258789,73.4683837890625,5591330,0.0,0.0
2020-04-01,79.4000015258789,79.75,76.80000305175781,77.9000015258789,72.08045196533203,4214918,0.0,0.0
2020-04-03,79.5,79.5,76.44999694824219,78.44999694824219,72.58934783935547,3753970,0.0,0.0
2020-04-07,80.5,84.19999694824219,79.5999984741211,83.5,77.26209259033203,2423064,0.0,0.0
2020-04-08,83.5,87.1500015258789,82.0,83.4000015258789,77.1695556640625,2950330,0.0,0.0
2020-04-09,84.9000015258789,90.80000305175781,84.5,89.80000305175781,83.09143829345703,8140116,0.0,0.0
2020-04-13,92.69999694824219,92.69999694824219,85.05000305175781,85.80000305175781,79.39027404785156,9360098,0.0,0.0
2020-04-15,87.5,89.9000015258789,86.0,88.1500015258789,81.56471252441406,6059059,0.0,0.0
2020-04-16,88.75,96.0,88.69999694824219,94.0,86.97767639160156,15986544,0.0,0.0
2020-04-17,98.0,99.5,95.0,98.19999694824219,90.86392211914062,8133307,0.0,0.0
2020-04-20,101.0,101.69999694824219,95.5999984741211,97.3499984741211,90.07740783691406,7370269,0.0,0.0
2020-04-21,95.5,95.5,91.25,91.94999694824219,85.08082580566406,3326345,0.0,0.0
2020-04-22,91.0999984741211,95.3499984741211,89.94999694824219,94.3499984741211,87.30152893066406,6239068,0.0,0.0
2020-04-23,94.3499984741211,96.25,92.8499984741211,93.25,86.28369903564453,3973978,0.0,0.0
2020-04-24,93.0,93.5,89.55000305175781,89.94999694824219,83.23023223876953,2644087,0.0,0.0
2020-04-27,91.0,92.44999694824219,89.1500015258789,89.69999694824219,82.99890899658203,3489864,0.0,0.0
2020-04-28,90.9000015258789,92.4000015258789,89.19999694824219,89.5,82.81385040283203,3697617,0.0,0.0
2020-04-29,89.9000015258789,96.80000305175781,89.30000305175781,95.6500015258789,88.50440979003906,10775893,0.0,0.0
2020-04-30,97.5,103.30000305175781,95.75,96.30000305175781,89.10585021972656,17847572,0.0,0.0
2020-05-04,93.5,93.5,87.0999984741211,88.75,82.11988067626953,6908434,0.0,0.0
2020-05-05,93.3499984741211,93.3499984741211,84.1500015258789,85.69999694824219,79.29773712158203,9057721,0.0,0.0
2020-05-06,84.0,88.4000015258789,81.05000305175781,87.0999984741211,80.59314727783203,12267391,0.0,0.0
2020-05-07,86.0,90.5,85.3499984741211,89.6500015258789,82.95264434814453,11792998,0.0,0.0
2020-05-08,91.4000015258789,92.9000015258789,88.80000305175781,90.0999984741211,83.3690414428711,9165912,0.0,0.0
2020-05-11,91.19999694824219,94.3499984741211,90.5999984741211,93.0999984741211,86.14491271972656,9497627,0.0,0.0
2020-05-12,92.9000015258789,92.9000015258789,88.0,90.94999694824219,84.15552520751953,8357476,0.0,0.0
2020-05-13,96.5,96.5,92.1500015258789,94.4000015258789,87.3478012084961,7702772,0.0,0.0
2020-05-14,91.9000015258789,94.69999694824219,91.25,92.5999984741211,85.68226623535156,3816587,0.0,0.0
2020-05-15,92.44999694824219,93.19999694824219,90.55000305175781,91.69999694824219,84.84950256347656,7108760,0.0,0.0
2020-05-18,92.5,93.6500015258789,89.69999694824219,91.6500015258789,84.80323791503906,12292578,0.0,0.0
2020-05-19,93.5,95.9000015258789,90.05000305175781,91.80000305175781,84.94202423095703,13987954,0.0,0.0
2020-05-20,93.5,94.4000015258789,89.0,90.3499984741211,83.60035705566406,19650762,0.0,0.0
2020-05-21,91.0,93.0,90.0,91.8499984741211,84.98828887939453,9861690,0.0,0.0
2020-05-22,91.5,93.0,89.8499984741211,90.3499984741211,83.60035705566406,6964251,0.0,0.0
2020-05-26,91.69999694824219,93.0,90.5,92.3499984741211,85.4509506225586,5790587,0.0,0.0
2020-05-27,93.0,95.55000305175781,91.69999694824219,94.8499984741211,87.76416778564453,7712369,0.0,0.0
2020-05-28,95.5,98.44999694824219,94.44999694824219,98.05000305175781,90.7251205444336,11130922,0.0,0.0
2020-05-29,98.3499984741211,100.80000305175781,96.0999984741211,97.0999984741211,89.84608459472656,14775918,0.0,0.0
2020-06-01,99.19999694824219,105.44999694824219,98.55000305175781,104.75,96.92459106445312,16650086,0.0,0.0
2020-06-02,105.6500015258789,106.55000305175781,102.4000015258789,103.94999694824219,96.18436431884766,13347583,0.0,0.0
2020-06-03,104.9000015258789,109.75,104.5,107.1500015258789,99.14530181884766,13936450,0.0,0.0
2020-06-04,107.0999984741211,107.80000305175781,101.80000305175781,102.69999694824219,95.02774810791016,11501574,0.0,0.0
2020-06-05,104.8499984741211,105.25,102.5,104.69999694824219,96.87833404541016,12380783,0.0,0.0
2020-06-08,106.8499984741211,109.5,105.55000305175781,106.3499984741211,98.40505981445312,14654121,0.0,0.0
2020-06-09,106.94999694824219,108.30000305175781,104.1500015258789,104.75,96.92459106445312,9941692,0.0,0.0
2020-06-10,104.4000015258789,106.5,103.6500015258789,105.6500015258789,97.75735473632812,6352190,0.0,0.0
2020-06-11,106.8499984741211,109.19999694824219,104.25,105.0,97.15592193603516,9369782,0.0,0.0
2020-06-12,97.5,107.80000305175781,97.5,106.6500015258789,98.68266296386719,9441933,0.0,0.0
2020-06-15,110.0,112.5999984741211,106.0999984741211,106.9000015258789,98.91397857666016,18246753,0.0,0.0
2020-06-16,108.25,109.75,104.1500015258789,105.80000305175781,97.89615631103516,8764250,0.0,0.0
2020-06-17,105.0999984741211,107.75,104.5,105.3499984741211,97.47977447509766,8699400,0.0,0.0
2020-06-18,105.69999694824219,106.6500015258789,104.80000305175781,106.05000305175781,98.12747955322266,6091628,0.0,0.0
2020-06-19,106.5,109.9000015258789,106.0,109.0,100.85709381103516,13632212,0.0,0.0
2020-06-22,110.44999694824219,113.3499984741211,108.80000305175781,111.9000015258789,103.54045867919922,12640229,0.0,0.0
2020-06-23,113.25,114.0,111.4000015258789,112.05000305175781,103.67924499511719,8861309,0.0,0.0
2020-06-24,113.69999694824219,114.3499984741211,107.19999694824219,108.75,100.62577056884766,9039419,0.0,0.0
2020-06-25,108.69999694824219,113.3499984741211,107.25,112.30000305175781,103.91056823730469,13008547,0.0,0.0
2020-06-26,114.80000305175781,114.94999694824219,110.69999694824219,111.0,102.70768737792969,9136431,0.0,0.0
2020-06-29,111.0,111.0,107.19999694824219,108.44999694824219,100.34819030761719,5523273,0.0,0.0
2020-06-30,108.9000015258789,110.8499984741211,107.5,108.0,99.93180084228516,4802681,0.0,0.0
2020-07-01,108.80000305175781,110.9000015258789,108.3499984741211,109.75,101.55107116699219,5314438,0.0,0.0
2020-07-02,110.25,111.69999694824219,110.05000305175781,110.8499984741211,102.56889343261719,4491579,0.0,0.0
2020-07-03,111.75,114.8499984741211,111.5,114.25,105.71488952636719,9011680,0.0,0.0
2020-07-06,114.80000305175781,118.19999694824219,114.69999694824219,117.80000305175781,108.99968719482422,10584593,0.0,0.0
2020-07-07,117.80000305175781,118.1500015258789,115.5,117.30000305175781,108.53704833984375,5879805,0.0,0.0
2020-07-08,117.30000305175781,119.5999984741211,114.9000015258789,116.0,107.33415222167969,6595315,0.0,0.0
2020-07-09,116.5,117.0,114.1500015258789,115.4000015258789,106.77898406982422,4655682,0.0,0.0
2020-07-10,115.5,117.19999694824219,112.75,113.19999694824219,104.74333953857422,5251751,0.0,0.0
2020-07-13,114.3499984741211,115.25,112.25,114.0999984741211,105.57610321044922,3529042,0.0,0.0
2020-07-14,113.94999694824219,113.94999694824219,110.0,110.44999694824219,102.19876861572266,4252693,0.0,0.0
2020-07-15,110.8499984741211,114.80000305175781,110.4000015258789,112.1500015258789,103.77176666259766,7513249,0.0,0.0
2020-07-16,113.0,113.19999694824219,108.75,109.44999694824219,101.27348327636719,5856410,0.0,0.0
2020-07-17,110.0,111.19999694824219,107.75,109.5,101.31974792480469,7812673,0.0,0.0
2020-07-20,110.0,113.30000305175781,109.0999984741211,109.75,101.55107116699219,7584153,0.0,0.0
2020-07-21,110.80000305175781,112.25,109.75,110.05000305175781,101.82865142822266,5413906,0.0,0.0
2020-07-22,109.69999694824219,111.1500015258789,107.0,109.6500015258789,101.45854187011719,7261401,0.0,0.0
2020-07-23,110.0,111.19999694824219,108.75,109.44999694824219,101.27348327636719,4638889,0.0,0.0
2020-07-24,109.0,110.8499984741211,108.3499984741211,109.0,100.85709381103516,5568701,0.0,0.0
2020-07-27,109.3499984741211,110.0,105.9000015258789,106.69999694824219,98.72891235351562,5092636,0.0,0.0
2020-07-28,106.69999694824219,111.3499984741211,106.69999694824219,110.75,102.47636413574219,7580380,0.0,0.0
2020-07-29,110.75,112.0,109.30000305175781,110.3499984741211,102.10624694824219,6104693,0.0,0.0
2020-07-30,110.69999694824219,111.30000305175781,107.69999694824219,108.30000305175781,100.20939636230469,3278192,0.0,0.0
2020-07-31,107.94999694824219,109.44999694824219,107.19999694824219,108.25,100.16313171386719,3424302,0.0,0.0
2020-08-03,108.9000015258789,110.75,107.55000305175781,108.0999984741211,100.02433776855469,3888162,0.0,0.0
2020-08-04,108.8499984741211,116.0,108.8499984741211,115.1500015258789,106.54766082763672,18091251,0.0,0.0
2020-08-05,116.0,117.75,115.0999984741211,115.9000015258789,107.24162292480469,12136312,0.0,0.0
2020-08-06,115.80000305175781,116.30000305175781,111.0,115.5,106.87152099609375,13862282,0.0,0.0
2020-08-07,115.5,124.94999694824219,114.5,123.55000305175781,114.32012939453125,32759588,0.0,0.0
2020-08-10,123.44999694824219,128.39999389648438,122.80000305175781,127.4000015258789,117.88251495361328,13097177,0.0,0.0
2020-08-11,127.30000305175781,129.4499969482422,124.30000305175781,126.05000305175781,116.63336944580078,8705800,0.0,0.0
2020-08-12,124.69999694824219,130.14999389648438,123.5999984741211,129.39999389648438,119.73309326171875,12121333,0.0,0.0
2020-08-13,130.0,133.6999969482422,128.75,131.85000610351562,122.00008392333984,10303156,0.0,0.0
2020-08-14,131.9499969482422,134.39999389648438,128.60000610351562,129.9499969482422,120.24201965332031,11955380,0.0,0.0
2020-08-17,131.60000610351562,132.5,128.39999389648438,129.35000610351562,119.68682861328125,7619265,0.0,0.0
2020-08-18,130.0,131.0,126.80000305175781,128.4499969482422,118.85407257080078,9148627,0.0,0.0
2020-08-19,129.6999969482422,129.6999969482422,127.25,127.9000015258789,118.34516143798828,5939778,0.0,0.0
2020-08-20,127.0,130.10000610351562,126.5,128.75,119.13166046142578,6901671,0.0,0.0
2020-08-21,130.0,132.89999389648438,129.5,131.25,121.44490051269531,9354350,0.0,0.0
2020-08-24,132.60000610351562,132.60000610351562,127.25,128.4499969482422,118.85407257080078,6829190,0.0,0.0
2020-08-25,127.5,128.89999389648438,126.25,126.8499984741211,117.37361145019531,5361353,0.0,0.0
2020-08-26,127.55000305175781,132.60000610351562,126.3499984741211,132.0,122.13887023925781,9662908,0.0,0.0
2020-08-27,133.3000030517578,139.0,132.8000030517578,135.5,125.37741088867188,22833181,0.0,0.0
2020-08-28,136.0,137.89999389648438,132.60000610351562,133.5500030517578,123.57308959960938,7624362,0.0,0.0
2020-08-31,134.25,135.5,121.5999984741211,123.55000305175781,114.32012939453125,9883792,0.0,0.0
2020-09-01,124.0,126.6500015258789,117.8499984741211,122.44999694824219,113.30229949951172,7323601,0.0,0.0
2020-09-02,123.6500015258789,124.3499984741211,119.80000305175781,122.55000305175781,113.39484405517578,4948853,0.0,0.0
2020-09-03,123.80000305175781,125.69999694824219,122.1500015258789,123.69999694824219,114.45892333984375,6568119,0.0,0.0
2020-09-04,122.0,124.25,119.0,120.94999694824219,111.91437530517578,5912148,0.0,0.0
2020-09-07,121.5999984741211,123.19999694824219,117.5,118.80000305175781,109.92499542236328,6309554,0.0,0.0
2020-09-08,119.0,120.0,110.3499984741211,113.30000305175781,104.83586120605469,7424673,0.0,0.0
2020-09-09,113.30000305175781,115.1500015258789,109.55000305175781,113.4000015258789,104.92839050292969,8054395,0.0,0.0
2020-09-10,115.0,117.44999694824219,113.30000305175781,116.25,107.56549072265625,9099558,0.0,0.0
2020-09-11,116.55000305175781,117.55000305175781,115.0,116.19999694824219,107.51921844482422,3569729,0.0,0.0
2020-09-14,116.80000305175781,126.5,116.80000305175781,125.55000305175781,116.17073059082031,15212646,0.0,0.0
2020-09-15,125.55000305175781,130.4499969482422,124.25,127.75,118.20636749267578,12471201,0.0,0.0
2020-09-16,127.80000305175781,129.10000610351562,126.0,128.60000610351562,118.99286651611328,6211869,0.0,0.0
2020-09-17,127.19999694824219,135.35000610351562,126.9000015258789,134.5500030517578,124.49837493896484,13587450,0.0,0.0
2020-09-18,134.85000610351562,135.5500030517578,129.75,130.6999969482422,120.93597412109375,6045625,0.0,0.0
2020-09-21,131.0,133.10000610351562,123.05000305175781,124.8499984741211,115.52301788330078,6040018,0.0,0.0
2020-09-22,124.8499984741211,124.8499984741211,117.69999694824219,124.0,114.73651123046875,8418862,0.0,0.0
2020-09-23,124.5,126.55000305175781,119.4000015258789,121.30000305175781,112.23822021484375,6801780,0.0,0.0
2020-09-24,119.0,119.6500015258789,114.5,115.94999694824219,107.28789520263672,4528169,0.0,0.0
2020-09-25,116.30000305175781,121.3499984741211,113.55000305175781,120.19999694824219,111.22039794921875,10032486,0.0,0.0
2020-09-28,121.5,129.5,121.0,128.35000610351562,118.76155090332031,10016522,0.0,0.0
2020-09-29,129.5,130.8000030517578,126.55000305175781,130.1999969482422,120.47335052490234,8115568,0.0,0.0
2020-09-30,131.10000610351562,131.9499969482422,129.14999389648438,130.85000610351562,121.07478332519531,5359247,0.0,0.0
2020-10-01,131.9499969482422,133.35000610351562,130.85000610351562,132.85000610351562,122.92536926269531,4311614,0.0,0.0
2020-10-05,133.0,135.1999969482422,132.1999969482422,134.89999389648438,124.82222747802734,5509646,0.0,0.0
2020-10-06,135.75,136.6999969482422,133.39999389648438,135.39999389648438,125.28486633300781,3970105,0.0,0.0
2020-10-07,135.0,137.5500030517578,134.0,136.1999969482422,126.02510070800781,6882197,0.0,0.0
2020-10-08,136.4499969482422,137.5,135.5,136.8000030517578,126.58028411865234,3189656,0.0,0.0
2020-10-09,137.3000030517578,138.60000610351562,135.5,137.75,127.45931243896484,6044318,0.0,0.0
2020-10-12,137.75,138.6999969482422,131.8000030517578,132.3000030517578,122.41645050048828,5181835,0.0,0.0
2020-10-13,132.0,133.4499969482422,130.3000030517578,131.60000610351562,121.76875305175781,3416003,0.0,0.0
2020-10-14,131.85000610351562,131.85000610351562,126.69999694824219,128.64999389648438,119.03912353515625,3730390,0.0,0.0
2020-10-15,129.0,130.10000610351562,124.30000305175781,124.8499984741211,115.52301788330078,4662061,0.0,0.0
2020-10-16,125.0,128.5500030517578,124.0999984741211,128.1999969482422,118.62274169921875,3370208,0.0,0.0
2020-10-19,129.0,131.75,128.0500030517578,131.39999389648438,121.58369445800781,4087187,0.0,0.0
2020-10-20,130.35000610351562,132.5,129.8000030517578,131.6999969482422,121.86129760742188,3557896,0.0,0.0
2020-10-21,132.4499969482422,143.35000610351562,132.14999389648438,140.64999389648438,130.1426544189453,17538128,0.0,0.0
2020-10-22,141.8000030517578,143.5,138.39999389648438,141.1999969482422,130.6515655517578,13366846,0.0,0.0
2020-10-23,142.0500030517578,151.0,141.0500030517578,149.8000030517578,138.60911560058594,20075196,0.0,0.0
2020-10-26,149.4499969482422,150.4499969482422,144.35000610351562,148.0,136.94358825683594,8372475,0.0,0.0
2020-10-27,147.10000610351562,152.64999389648438,143.0,149.60000610351562,138.42404174804688,9819752,0.0,0.0
2020-10-28,147.8000030517578,149.3000030517578,142.10000610351562,143.1999969482422,132.50216674804688,6690225,0.0,0.0
2020-10-29,141.8000030517578,143.64999389648438,139.0,143.0,132.31712341308594,5001607,0.0,0.0
2020-10-30,142.4499969482422,144.3000030517578,137.75,139.89999389648438,129.44869995117188,5949691,0.0,0.0
2020-11-02,140.89999389648438,142.5,138.75,141.35000610351562,130.7903594970703,4135380,0.0,0.0
2020-11-03,142.0,146.5,141.64999389648438,142.9499969482422,132.2708282470703,5393359,0.0,0.0
2020-11-04,144.0,149.25,142.75,147.89999389648438,136.85105895996094,12150695,0.0,0.0
2020-11-05,150.0,151.8000030517578,144.5500030517578,147.8000030517578,136.75851440429688,16279196,0.0,0.0
2020-11-06,149.1999969482422,157.1999969482422,147.0,153.4499969482422,141.98643493652344,16534345,0.0,0.0
2020-11-09,154.5,158.25,152.6999969482422,157.4499969482422,145.68760681152344,7806598,0.0,0.0
2020-11-10,159.0,165.5,157.64999389648438,164.60000610351562,152.303466796875,8969133,0.0,0.0
2020-11-11,164.4499969482422,164.60000610351562,159.0,161.3000030517578,149.25,7066653,0.0,0.0
2020-11-12,161.3000030517578,165.5,159.10000610351562,164.25,151.97962951660156,8040192,0.0,0.0
2020-11-13,163.89999389648438,165.1999969482422,162.0,164.0,151.748291015625,3719379,0.0,0.0
2020-11-14,165.6999969482422,166.39999389648438,163.8000030517578,164.64999389648438,152.3497314453125,522568,0.0,0.0
2020-11-17,165.0,174.6999969482422,164.60000610351562,173.0500030517578,160.12220764160156,10585162,0.0,0.0
2020-11-18,173.0,175.89999389648438,169.8000030517578,174.64999389648438,161.6026611328125,7402635,0.0,0.0
2020-11-19,173.39999389648438,177.10000610351562,171.85000610351562,173.1999969482422,160.26100158691406,5835133,0.0,0.0
2020-11-20,172.8000030517578,178.3000030517578,172.14999389648438,175.14999389648438,162.06533813476562,10914854,0.0,0.0
2020-11-23,175.1999969482422,178.0500030517578,173.25,174.0,161.00123596191406,7865639,0.0,0.0
2020-11-24,176.0,179.3000030517578,175.5,177.60000610351562,164.33230590820312,8863848,0.0,0.0
2020-11-25,177.8000030517578,178.60000610351562,172.0,173.39999389648438,160.44607543945312,5724982,0.0,0.0
2020-11-26,173.6999969482422,176.25,171.60000610351562,174.89999389648438,161.83399963378906,5799005,0.0,0.0
2020-11-27,176.0,185.5,175.75,184.4499969482422,170.67056274414062,10762908,0.0,0.0
2020-12-01,184.5,188.0,182.8000030517578,187.0,173.0300750732422,6264103,0.0,0.0
2020-12-02,186.0,189.4499969482422,185.5,188.4499969482422,174.37173461914062,7457490,0.0,0.0
2020-12-03,188.60000610351562,191.9499969482422,186.35000610351562,187.39999389648438,173.40017700195312,9514213,0.0,0.0
2020-12-04,188.6999969482422,191.1999969482422,184.64999389648438,188.25,174.18667602539062,6319781,0.0,0.0
2020-12-07,189.0,189.10000610351562,185.5,188.25,174.18667602539062,6298502,0.0,0.0
2020-12-08,188.4499969482422,190.6999969482422,184.89999389648438,186.85000610351562,172.89126586914062,6728894,0.0,0.0
2020-12-09,188.0500030517578,188.5,182.8000030517578,183.5500030517578,169.83779907226562,4605591,0.0,0.0
2020-12-10,185.0,186.39999389648438,180.9499969482422,181.5,167.94094848632812,7314086,0.0,0.0
2020-12-11,181.5,194.6999969482422,181.5,193.0,178.58184814453125,26199032,0.0,0.0
2020-12-14,193.0,194.35000610351562,187.4499969482422,188.39999389648438,174.32546997070312,8127617,0.0,0.0
2020-12-15,189.39999389648438,191.25,185.35000610351562,189.5500030517578,175.3895721435547,9906131,0.0,0.0
2020-12-16,191.0,200.0,190.39999389648438,196.6999969482422,182.00543212890625,20035196,0.0,0.0
2020-12-17,195.75,199.75,195.0500030517578,197.64999389648438,182.8844451904297,7878871,0.0,0.0
2020-12-18,196.75,198.64999389648438,189.60000610351562,191.5,177.1938934326172,10923364,0.0,0.0
2020-12-21,191.1999969482422,191.1999969482422,172.35000610351562,176.9499969482422,163.73085021972656,10277121,0.0,0.0
2020-12-22,175.25,181.8000030517578,170.35000610351562,174.9499969482422,161.8802490234375,11643440,0.0,0.0
2020-12-23,175.75,179.89999389648438,173.60000610351562,178.14999389648438,164.84121704101562,7670775,0.0,0.0
2020-12-24,180.0,181.25,174.75,175.39999389648438,162.296630859375,6913495,0.0,0.0
2020-12-28,177.0,179.8000030517578,176.0,177.6999969482422,164.42481994628906,5773834,0.0,0.0
2020-12-29,180.1999969482422,181.9499969482422,177.5,180.75,167.2469940185547,8862957,0.0,0.0
2020-12-30,181.8000030517578,182.35000610351562,178.5,179.89999389648438,166.46046447753906,5749554,0.0,0.0
2020-12-31,179.75,183.1999969482422,176.85000610351562,178.0,164.70240783691406,8317227,0.0,0.0
2021-01-01,178.4499969482422,180.9499969482422,177.1999969482422,179.89999389648438,166.46046447753906,7089146,0.0,0.0
2021-01-04,181.89999389648438,189.6999969482422,180.5,188.60000610351562,174.51052856445312,12369742,0.0,0.0
2021-01-05,186.60000610351562,188.4499969482422,184.1999969482422,187.0,173.0300750732422,8902841,0.0,0.0
2021-01-06,187.5,189.6999969482422,183.75,186.39999389648438,172.47488403320312,6428061,0.0,0.0
2021-01-07,187.9499969482422,194.35000610351562,187.1999969482422,190.75,176.4999237060547,9759532,0.0,0.0
2021-01-08,194.0,196.5500030517578,191.75,192.60000610351562,178.21170043945312,9558639,0.0,0.0
2021-01-11,194.5,194.9499969482422,188.25,193.10000610351562,178.6743621826172,8690690,0.0,0.0
2021-01-12,193.39999389648438,198.75,191.9499969482422,192.85000610351562,178.4430389404297,8795573,0.0,0.0
2021-01-13,194.89999389648438,196.1999969482422,187.25,191.89999389648438,177.5640106201172,8491908,0.0,0.0
2021-01-14,192.85000610351562,194.89999389648438,188.5,190.0,175.8059539794922,7759849,0.0,0.0
2021-01-15,190.64999389648438,192.10000610351562,181.8000030517578,183.3000030517578,169.60647583007812,10009834,0.0,0.0
2021-01-18,183.89999389648438,183.89999389648438,174.5,179.1999969482422,165.81277465820312,10544836,0.0,0.0
2021-01-19,179.75,190.75,179.6999969482422,189.35000610351562,175.20452880859375,9258312,0.0,0.0
2021-01-20,189.85000610351562,204.0,188.4499969482422,201.89999389648438,186.8169403076172,27835642,0.0,0.0
2021-01-21,208.0,222.0,205.6999969482422,217.3000030517578,201.0664825439453,51269488,0.0,0.0
2021-01-22,220.0,237.5,219.0,231.89999389648438,214.57579040527344,65548748,0.0,0.0
2021-01-25,233.4499969482422,239.6999969482422,209.1999969482422,211.3000030517578,195.51470947265625,38938668,0.0,0.0
2021-01-27,211.0,211.0,200.0,201.85000610351562,186.7707061767578,23956044,0.0,0.0
2021-01-28,196.1999969482422,206.0,195.0,202.4499969482422,187.32586669921875,21792316,0.0,0.0
2021-01-29,206.5,208.75,195.35000610351562,196.64999389648438,181.95916748046875,21472526,0.0,0.0
2021-02-01,198.25,216.0,192.39999389648438,213.6999969482422,197.73544311523438,19615177,0.0,0.0
2021-02-02,217.9499969482422,228.6999969482422,215.10000610351562,227.5,210.50450134277344,21134623,0.0,0.0
2021-02-03,229.8000030517578,231.85000610351562,222.85000610351562,227.4499969482422,210.4582061767578,15076432,0.0,0.0
2021-02-04,237.25,255.6999969482422,232.0,243.85000610351562,225.633056640625,81015566,0.0,0.0
2021-02-05,245.8000030517578,249.9499969482422,235.0,241.60000610351562,223.5511474609375,24192684,0.0,0.0
2021-02-08,242.5,256.5,242.14999389648438,248.85000610351562,230.25955200195312,19399396,0.0,0.0
2021-02-09,249.9499969482422,250.9499969482422,241.1999969482422,243.5,225.30918884277344,13763979,0.0,0.0
2021-02-10,244.0,250.9499969482422,240.3000030517578,249.14999389648438,230.53712463378906,12835226,0.0,0.0
2021-02-11,249.0,249.10000610351562,239.0,240.0,222.0706787109375,12561402,0.0,0.0
2021-02-12,242.5,243.35000610351562,236.5500030517578,239.60000610351562,221.70059204101562,9407649,0.0,0.0
2021-02-15,241.9499969482422,244.39999389648438,236.9499969482422,238.0,220.22007751464844,6835538,0.0,0.0
2021-02-16,238.5,240.5500030517578,232.60000610351562,236.25,218.600830078125,8706612,0.0,0.0
2021-02-17,235.0500030517578,244.39999389648438,234.64999389648438,241.64999389648438,223.597412109375,12855633,0.0,0.0
2021-02-18,243.25,243.75,235.10000610351562,236.0500030517578,218.415771484375,8842208,0.0,0.0
2021-02-19,236.5,244.0500030517578,235.10000610351562,238.5500030517578,220.72900390625,13029321,0.0,0.0
2021-02-22,238.5500030517578,241.10000610351562,226.8000030517578,228.39999389648438,211.33726501464844,10223609,0.0,0.0
2021-02-23,228.39999389648438,232.5500030517578,223.39999389648438,229.8000030517578,212.63267517089844,12527522,0.0,0.0
2021-02-24,232.39999389648438,241.0,231.1999969482422,238.89999389648438,221.05282592773438,8702989,0.0,0.0
2021-02-25,241.8000030517578,243.75,239.5,241.35000610351562,223.31982421875,6678690,0.0,0.0
2021-02-26,238.0,238.9499969482422,227.10000610351562,232.10000610351562,214.76084899902344,8502569,0.0,0.0
2021-03-01,235.0,248.8000030517578,235.0,244.85000610351562,226.558349609375,14941186,0.0,0.0
2021-03-02,247.0,247.85000610351562,242.0500030517578,246.35000610351562,227.9462890625,7076813,0.0,0.0
2021-03-03,246.5,252.1999969482422,243.60000610351562,250.0,231.3236083984375,12219130,0.0,0.0
2021-03-04,243.0,261.25,242.6999969482422,259.04998779296875,239.69752502441406,12623097,0.0,0.0
2021-03-05,257.0,258.79998779296875,239.0,242.75,224.615234375,15118120,0.0,0.0
2021-03-08,244.9499969482422,246.25,234.10000610351562,234.8000030517578,217.25914001464844,10551070,0.0,0.0
2021-03-09,236.10000610351562,238.0,229.0500030517578,232.0500030517578,214.71456909179688,8384559,0.0,0.0
2021-03-10,234.0500030517578,238.75,233.60000610351562,237.5,219.75743103027344,6197436,0.0,0.0
2021-03-12,239.39999389648438,245.60000610351562,236.5,239.25,221.37669372558594,9690551,0.0,0.0
2021-03-15,240.89999389648438,240.89999389648438,231.60000610351562,235.64999389648438,218.04563903808594,5144510,0.0,0.0
2021-03-16,235.64999389648438,236.8000030517578,230.60000610351562,232.3000030517578,214.94590759277344,5851407,0.0,0.0
2021-03-17,233.1999969482422,234.35000610351562,222.5,223.64999389648438,206.94210815429688,5176713,0.0,0.0
2021-03-18,225.6999969482422,228.6999969482422,208.0,217.0500030517578,200.83517456054688,8433612,0.0,0.0
2021-03-19,215.0,227.5,210.25,225.10000610351562,208.28378295898438,10788228,0.0,0.0
2021-03-22,226.0,226.75,220.6999969482422,224.39999389648438,207.6360626220703,5402029,0.0,0.0
2021-03-23,225.39999389648438,231.14999389648438,222.5,229.14999389648438,212.0312042236328,5540415,0.0,0.0
2021-03-24,227.0,230.0,220.39999389648438,221.75,205.18406677246094,5744918,0.0,0.0
2021-03-25,222.0,223.0,212.5,219.0500030517578,202.68576049804688,7068613,0.0,0.0
2021-03-26,222.0500030517578,226.89999389648438,221.5,224.85000610351562,208.0524444580078,4654822,0.0,0.0
2021-03-30,226.0,227.8000030517578,219.6999969482422,222.9499969482422,206.2943878173828,4419355,0.0,0.0
2021-03-31,221.0,227.5,220.75,223.6999969482422,206.98837280273438,3038051,0.0,0.0
2021-04-01,226.25,236.89999389648438,224.0500030517578,236.0500030517578,218.415771484375,6079701,0.0,0.0
2021-04-05,234.25,234.35000610351562,221.0500030517578,221.75,205.18406677246094,7826250,0.0,0.0
2021-04-06,223.9499969482422,227.5,219.75,222.75,206.10934448242188,5622359,0.0,0.0
2021-04-07,222.0,226.25,221.25,225.6999969482422,208.83895874023438,4562985,0.0,0.0
2021-04-08,225.6999969482422,229.25,223.35000610351562,224.3000030517578,207.5435333251953,6064459,0.0,0.0
2021-04-09,224.4499969482422,228.0,222.0500030517578,223.5,206.80331420898438,3251356,0.0,0.0
2021-04-12,219.89999389648438,219.89999389648438,202.5,203.5,188.29742431640625,6217829,0.0,0.0
2021-04-13,204.5,217.89999389648438,203.0,215.4499969482422,199.35467529296875,13740612,0.0,0.0
2021-04-15,212.60000610351562,215.5,205.3000030517578,208.39999389648438,192.83135986328125,7243110,0.0,0.0
2021-04-16,209.1999969482422,210.89999389648438,205.60000610351562,208.75,193.1552276611328,6651237,0.0,0.0
2021-04-19,199.9499969482422,205.1999969482422,199.0,203.5500030517578,188.3437042236328,7637679,0.0,0.0
2021-04-20,205.14999389648438,208.5,200.4499969482422,202.1999969482422,187.09454345703125,4318084,0.0,0.0
2021-04-22,199.9499969482422,205.1999969482422,198.5500030517578,203.75,188.5287628173828,4860873,0.0,0.0
2021-04-23,203.0,206.64999389648438,199.85000610351562,201.8000030517578,186.72442626953125,4559504,0.0,0.0
2021-04-26,203.64999389648438,205.1999969482422,199.75,200.14999389648438,185.19766235351562,6648609,0.0,0.0
2021-04-27,201.39999389648438,206.35000610351562,200.9499969482422,205.5,190.14801025390625,4595056,0.0,0.0
2021-04-28,206.4499969482422,214.3000030517578,203.75,212.75,196.85641479492188,10798496,0.0,0.0
2021-04-29,215.5500030517578,216.39999389648438,206.6999969482422,208.0500030517578,192.5075225830078,8818857,0.0,0.0
2021-04-30,207.4499969482422,223.60000610351562,203.0,216.35000610351562,200.1874542236328,19747072,0.0,0.0
2021-05-03,213.0,223.75,212.5,221.3000030517578,204.7676544189453,9482232,0.0,0.0
2021-05-04,223.1999969482422,226.25,216.25,217.64999389648438,201.3903350830078,7509987,0.0,0.0
2021-05-05,219.6999969482422,220.5,211.9499969482422,214.60000610351562,198.56820678710938,9238790,0.0,0.0
2021-05-06,215.75,217.6999969482422,210.35000610351562,213.60000610351562,197.6428985595703,6142013,0.0,0.0
2021-05-07,214.4499969482422,216.0,209.39999389648438,214.3000030517578,198.2906036376953,8931992,0.0,0.0
2021-05-10,216.5,223.39999389648438,216.10000610351562,221.10000610351562,204.58261108398438,9901076,0.0,0.0
2021-05-11,219.14999389648438,226.89999389648438,216.39999389648438,224.0,207.26596069335938,9629227,0.0,0.0
2021-05-12,224.1999969482422,226.3000030517578,219.64999389648438,221.39999389648438,204.8601837158203,9899396,0.0,0.0
2021-05-14,225.0,225.0,204.5500030517578,208.0500030517578,192.5075225830078,24409802,0.0,0.0
2021-05-17,210.0,212.10000610351562,206.4499969482422,210.39999389648438,194.6819610595703,8381595,0.0,0.0
2021-05-18,212.60000610351562,217.0,211.9499969482422,214.5,198.4756622314453,8613313,0.0,0.0
2021-05-19,214.5,218.5,213.39999389648438,215.9499969482422,199.8173370361328,5742580,0.0,0.0
2021-05-20,217.1999969482422,218.4499969482422,213.39999389648438,214.0,198.0130157470703,5193726,0.0,0.0
2021-05-21,215.9499969482422,219.0,214.5,217.35000610351562,201.11276245117188,7673508,0.0,0.0
2021-05-24,218.75,220.75,215.5,218.9499969482422,202.5932159423828,4624653,0.0,0.0
2021-05-25,220.9499969482422,221.0,218.0,219.0,202.63949584960938,4232780,0.0,0.0
2021-05-26,219.0,224.25,218.5,222.10000610351562,205.5078887939453,6419209,0.0,0.0
2021-05-27,222.85000610351562,224.10000610351562,218.75,223.1999969482422,206.52572631835938,5859968,0.0,0.0
2021-05-28,225.0,228.6999969482422,221.75,223.60000610351562,206.89584350585938,5526121,0.0,0.0
2021-05-31,224.64999389648438,224.64999389648438,221.0,222.0500030517578,205.46163940429688,2710673,0.0,0.0
2021-06-01,222.85000610351562,227.85000610351562,220.10000610351562,221.8000030517578,205.23031616210938,5376825,0.0,0.0
2021-06-02,221.0,231.5,218.5,229.9499969482422,212.77145385742188,7324473,0.0,0.0
2021-06-03,232.10000610351562,233.0,228.64999389648438,230.89999389648438,213.6505126953125,5700616,0.0,0.0
2021-06-04,230.89999389648438,234.3000030517578,229.5,230.60000610351562,213.37290954589844,4684948,0.0,0.0
2021-06-07,231.0,241.25,230.64999389648438,237.39999389648438,219.66490173339844,10922981,0.0,0.0
2021-06-08,238.0,241.5,232.75,236.10000610351562,218.4620361328125,6685280,0.0,0.0
2021-06-09,237.0,241.10000610351562,233.0500030517578,235.5500030517578,217.95314025878906,5539647,0.0,0.0
2021-06-10,236.0,241.4499969482422,236.0,240.8000030517578,222.81089782714844,4525461,0.0,0.0
2021-06-11,242.4499969482422,243.0,237.75,238.75,220.9140625,4662661,0.0,0.0
2021-06-14,239.0,239.5,233.0500030517578,237.39999389648438,219.66490173339844,2084657,0.0,0.0
2021-06-15,238.0,240.8000030517578,234.6999969482422,235.1999969482422,217.62925720214844,3593627,0.0,0.0
2021-06-16,235.1999969482422,238.25,232.3000030517578,233.0,215.59361267089844,2415125,0.0,0.0
2021-06-17,232.0,234.60000610351562,228.60000610351562,229.89999389648438,212.7251739501953,3884976,0.0,0.0
2021-06-18,230.9499969482422,232.64999389648438,220.0,227.1999969482422,210.22689819335938,4940545,0.0,0.0
2021-06-21,225.0,226.75,222.14999389648438,226.10000610351562,209.2091064453125,2529035,0.0,0.0
2021-06-22,227.5,230.3000030517578,224.25,224.8000030517578,208.00621032714844,2713286,0.0,0.0
2021-06-23,226.10000610351562,231.64999389648438,223.5500030517578,224.14999389648438,207.4047393798828,5642837,0.0,0.0
2021-06-24,226.0,226.5,219.0,219.85000610351562,203.42599487304688,6708299,0.0,0.0
2021-06-25,220.4499969482422,224.35000610351562,219.25,221.25,204.72140502929688,4482718,0.0,0.0
2021-06-28,222.0500030517578,231.0,221.35000610351562,229.0500030517578,211.93869018554688,5205547,0.0,0.0
2021-06-29,231.5,236.0,224.85000610351562,226.4499969482422,209.5329132080078,10736632,0.0,0.0
2021-06-30,228.5500030517578,228.5500030517578,223.8000030517578,225.0,208.1912384033203,3204644,0.0,0.0
2021-07-01,226.10000610351562,228.60000610351562,224.5,227.85000610351562,210.82833862304688,2976390,0.0,0.0
2021-07-02,228.9499969482422,230.5500030517578,226.14999389648438,227.4499969482422,210.4582061767578,3512190,0.0,0.0
2021-07-05,228.5,229.89999389648438,227.25,228.8000030517578,211.70736694335938,1953733,0.0,0.0
2021-07-06,229.10000610351562,233.5,228.8000030517578,229.9499969482422,212.77145385742188,5441343,0.0,0.0
2021-07-07,230.60000610351562,231.5,227.5,231.10000610351562,213.83554077148438,2480384,0.0,0.0
2021-07-08,231.0,231.25,225.60000610351562,226.89999389648438,209.9492950439453,3071909,0.0,0.0
2021-07-09,225.10000610351562,229.4499969482422,223.0,228.1999969482422,211.15220642089844,2940711,0.0,0.0
2021-07-12,229.89999389648438,232.75,228.6999969482422,229.8000030517578,212.63267517089844,3265628,0.0,0.0
2021-07-13,231.64999389648438,237.5,229.8000030517578,235.75,218.13816833496094,7879903,0.0,0.0
2021-07-14,236.6999969482422,241.0,235.75,240.4499969482422,222.48704528808594,7246560,0.0,0.0
2021-07-15,237.14999389648438,237.14999389648438,230.5,231.14999389648438,217.04107666015625,6258720,3.5,0.0
2021-07-16,232.25,232.39999389648438,228.14999389648438,230.85000610351562,216.7593994140625,3225005,0.0,0.0
2021-07-19,229.5500030517578,229.5500030517578,222.8000030517578,225.35000610351562,211.59510803222656,5981959,0.0,0.0
2021-07-20,226.0,227.75,220.25,221.6999969482422,208.16787719726562,5642151,0.0,0.0
2021-07-22,223.5,226.89999389648438,222.64999389648438,226.4499969482422,212.6279296875,3759724,0.0,0.0
2021-07-23,226.75,227.85000610351562,224.1999969482422,226.8000030517578,212.9565887451172,3074785,0.0,0.0
2021-07-26,226.0,226.10000610351562,221.6999969482422,222.25,208.68431091308594,2936002,0.0,0.0
2021-07-27,223.5,225.35000610351562,221.14999389648438,221.75,208.21484375,2417871,0.0,0.0
2021-07-28,222.5,224.1999969482422,220.0,220.89999389648438,207.4167022705078,3634879,0.0,0.0
2021-07-29,222.0,223.1999969482422,215.60000610351562,216.3000030517578,203.09750366210938,5460444,0.0,0.0
2021-07-30,216.89999389648438,225.5,216.0500030517578,223.4499969482422,209.81105041503906,5767529,0.0,0.0
2021-08-02,224.85000610351562,229.75,224.0,228.60000610351562,214.64674377441406,3693403,0.0,0.0
2021-08-03,229.0,230.35000610351562,225.10000610351562,229.5500030517578,215.5387420654297,4749916,0.0,0.0
2021-08-04,231.25,231.9499969482422,224.60000610351562,225.4499969482422,211.68899536132812,4521311,0.0,0.0
2021-08-05,226.25,231.5,221.0,222.39999389648438,208.82516479492188,6421297,0.0,0.0
2021-08-06,223.39999389648438,225.5,221.6999969482422,223.35000610351562,209.71717834472656,2720819,0.0,0.0
2021-08-09,223.89999389648438,227.6999969482422,222.25,222.9499969482422,209.34156799316406,4446029,0.0,0.0
2021-08-10,224.0,224.0,213.5,215.35000610351562,202.20550537109375,5656370,0.0,0.0
2021-08-11,216.4499969482422,218.75,210.14999389648438,213.5,200.4683837890625,4187893,0.0,0.0
2021-08-12,215.39999389648438,225.0,213.0500030517578,224.5,210.79698181152344,8200307,0.0,0.0
2021-08-13,224.6999969482422,226.75,223.5,225.10000610351562,211.36036682128906,3922910,0.0,0.0
2021-08-16,224.85000610351562,227.4499969482422,224.0,225.9499969482422,212.15847778320312,3136047,0.0,0.0
2021-08-17,225.64999389648438,227.0,220.5,222.14999389648438,208.5904083251953,3013321,0.0,0.0
2021-08-18,222.5,223.0,219.25,220.25,206.80641174316406,2256555,0.0,0.0
2021-08-20,219.0,219.0,210.0,211.5500030517578,198.63743591308594,3941166,0.0,0.0
2021-08-23,213.6999969482422,214.14999389648438,204.25,205.35000610351562,192.8158721923828,4079880,0.0,0.0
2021-08-24,206.5,209.5,203.35000610351562,209.0,196.24305725097656,3208791,0.0,0.0
2021-08-25,209.0,210.6999969482422,205.89999389648438,207.5,194.8346405029297,3336327,0.0,0.0
2021-08-26,208.8000030517578,210.0,206.10000610351562,208.85000610351562,196.1022186279297,2845221,0.0,0.0
2021-08-27,209.4499969482422,212.10000610351562,207.25,208.9499969482422,196.1961212158203,3047268,0.0,0.0
2021-08-30,210.0,214.25,209.75,212.4499969482422,199.48248291015625,2206254,0.0,0.0
2021-08-31,212.25,215.9499969482422,211.3000030517578,212.9499969482422,199.95196533203125,3204602,0.0,0.0
2021-09-01,213.6999969482422,219.5,213.39999389648438,218.6999969482422,205.3509979248047,3092795,0.0,0.0
2021-09-02,219.5,222.35000610351562,218.75,221.64999389648438,208.1209259033203,2940214,0.0,0.0
2021-09-03,222.5,224.5,219.8000030517578,223.0500030517578,209.4355010986328,2217660,0.0,0.0
2021-09-06,223.39999389648438,224.5500030517578,220.64999389648438,221.6999969482422,208.16787719726562,1224274,0.0,0.0
2021-09-07,221.5,221.85000610351562,217.25,218.25,204.92848205566406,1529838,0.0,0.0
2021-09-08,218.0,218.25,214.0,214.8000030517578,201.6890411376953,2092709,0.0,0.0
2021-09-09,214.85000610351562,217.39999389648438,213.0500030517578,214.9499969482422,201.8298797607422,2610370,0.0,0.0
2021-09-13,214.9499969482422,216.0500030517578,213.39999389648438,214.89999389648438,201.78294372558594,2200392,0.0,0.0
2021-09-14,215.9499969482422,221.89999389648438,215.3000030517578,221.0500030517578,207.5575408935547,3898100,0.0,0.0
2021-09-15,222.14999389648438,224.9499969482422,221.4499969482422,222.39999389648438,208.82516479492188,3931223,0.0,0.0
2021-09-16,223.10000610351562,225.64999389648438,221.60000610351562,221.9499969482422,208.40260314941406,3199698,0.0,0.0
2021-09-17,223.0,228.3000030517578,219.5,223.60000610351562,209.951904296875,6893518,0.0,0.0
2021-09-20,221.9499969482422,225.64999389648438,216.64999389648438,218.0,204.6937255859375,2985529,0.0,0.0
2021-09-21,218.0,220.5,214.25,219.5500030517578,206.1491241455078,3012522,0.0,0.0
2021-09-22,220.5,234.5,220.5,232.5500030517578,218.35562133789062,15453714,0.0,0.0
2021-09-23,234.64999389648438,239.85000610351562,233.4499969482422,236.9499969482422,222.48704528808594,8364323,0.0,0.0
2021-09-24,238.1999969482422,238.5,225.8000030517578,228.8000030517578,214.83450317382812,5274766,0.0,0.0
2021-09-27,229.0,234.5,225.9499969482422,231.85000610351562,217.69834899902344,3717008,0.0,0.0
2021-09-28,233.0500030517578,234.3000030517578,225.5,226.39999389648438,212.58102416992188,3598548,0.0,0.0
2021-09-29,226.1999969482422,229.3000030517578,220.85000610351562,224.6999969482422,210.98475646972656,4045085,0.0,0.0
2021-09-30,225.8000030517578,228.4499969482422,224.0500030517578,225.6999969482422,211.92372131347656,3198232,0.0,0.0
2021-10-01,224.5,226.64999389648438,222.5,224.25,210.56224060058594,2017092,0.0,0.0
2021-10-04,225.35000610351562,229.5,225.25,228.10000610351562,214.17724609375,1936726,0.0,0.0
2021-10-05,227.0,228.25,224.8000030517578,225.25,211.501220703125,1776081,0.0,0.0
2021-10-06,226.6999969482422,231.6999969482422,221.5,222.3000030517578,208.7312774658203,3873270,0.0,0.0
2021-10-07,224.0,233.0,223.64999389648438,228.14999389648438,214.2241973876953,6417957,0.0,0.0
2021-10-08,229.14999389648438,235.75,228.0,234.5,220.18658447265625,4477732,0.0,0.0
2021-10-11,235.9499969482422,245.25,234.0,240.5500030517578,225.86732482910156,10744057,0.0,0.0
2021-10-12,242.0,245.0,236.10000610351562,239.0,224.41192626953125,4818636,0.0,0.0
2021-10-13,241.0,244.39999389648438,238.1999969482422,239.10000610351562,224.50582885742188,3312096,0.0,0.0
2021-10-14,240.39999389648438,243.75,237.75,239.8000030517578,225.1630859375,2736472,0.0,0.0
2021-10-18,240.85000610351562,250.0,238.8000030517578,242.5,227.69830322265625,8984522,0.0,0.0
2021-10-19,244.89999389648438,246.3000030517578,230.5,231.89999389648438,217.74530029296875,5689713,0.0,0.0
2021-10-20,232.3000030517578,233.89999389648438,220.6999969482422,225.6999969482422,211.92372131347656,6163715,0.0,0.0
2021-10-21,227.5,229.25,224.39999389648438,226.14999389648438,212.34625244140625,3610872,0.0,0.0
2021-10-22,228.0,230.0,218.64999389648438,221.0500030517578,207.5575408935547,4081606,0.0,0.0
2021-10-25,222.9499969482422,224.5,214.5500030517578,219.89999389648438,206.4777374267578,4610633,0.0,0.0
2021-10-26,219.39999389648438,221.39999389648438,215.75,219.0500030517578,205.6796417236328,3281444,0.0,0.0
2021-10-27,220.6999969482422,220.75,216.60000610351562,217.14999389648438,203.89559936523438,2363376,0.0,0.0
2021-10-28,217.35000610351562,217.60000610351562,212.0,212.9499969482422,199.95196533203125,2964778,0.0,0.0
2021-10-29,213.8000030517578,217.0,208.10000610351562,212.89999389648438,199.905029296875,3642654,0.0,0.0
2021-11-01,215.10000610351562,222.5,212.89999389648438,220.64999389648438,207.18197631835938,5546106,0.0,0.0
2021-11-02,221.75,225.89999389648438,220.25,223.4499969482422,209.81105041503906,3103362,0.0,0.0
2021-11-03,223.60000610351562,224.6999969482422,219.10000610351562,220.60000610351562,207.13502502441406,1903450,0.0,0.0
2021-11-04,222.75,223.5,221.3000030517578,222.5500030517578,208.96600341796875,294162,0.0,0.0
2021-11-08,223.0,230.0,221.0,229.4499969482422,215.44483947753906,5398970,0.0,0.0
2021-11-09,229.1999969482422,232.5,228.14999389648438,231.3000030517578,217.18191528320312,2900718,0.0,0.0
2021-11-10,229.9499969482422,234.0,228.5500030517578,233.14999389648438,218.9189910888672,3101948,0.0,0.0
2021-11-11,233.35000610351562,236.25,229.5500030517578,232.0,217.83920288085938,3058586,0.0,0.0
2021-11-12,233.0,235.39999389648438,230.5500030517578,232.5,218.30870056152344,1696917,0.0,0.0
2021-11-15,232.5,234.3000030517578,228.75,232.5,218.30870056152344,1511879,0.0,0.0
2021-11-16,233.75,237.0,232.0,233.0500030517578,218.8251190185547,3026483,0.0,0.0
2021-11-17,233.75,234.85000610351562,229.3000030517578,230.1999969482422,216.14906311035156,2032033,0.0,0.0
2021-11-18,230.89999389648438,231.3000030517578,222.0500030517578,224.0,210.32748413085938,3721820,0.0,0.0
2021-11-22,223.10000610351562,223.5500030517578,214.6999969482422,217.3000030517578,204.0364532470703,2963562,0.0,0.0
2021-11-23,216.8000030517578,222.39999389648438,213.5500030517578,221.39999389648438,207.8861846923828,2758276,0.0,0.0
2021-11-24,221.39999389648438,226.35000610351562,221.1999969482422,223.10000610351562,209.48243713378906,1981492,0.0,0.0
2021-11-25,223.0,225.5,220.89999389648438,222.5,208.91903686523438,3279246,0.0,0.0
2021-11-26,221.0,221.0,209.8000030517578,211.35000610351562,198.4496307373047,3342382,0.0,0.0
2021-11-29,210.0,210.35000610351562,200.8000030517578,206.14999389648438,193.56700134277344,3902124,0.0,0.0
2021-11-30,206.4499969482422,211.35000610351562,203.5,204.5500030517578,192.06468200683594,2292067,0.0,0.0
2021-12-01,205.25,209.0,205.25,207.8000030517578,195.11631774902344,1720325,0.0,0.0
2021-12-02,207.8000030517578,210.39999389648438,206.75,209.89999389648438,197.088134765625,1492806,0.0,0.0
2021-12-03,211.0,212.89999389648438,209.0,210.0,197.18202209472656,1476550,0.0,0.0
2021-12-06,210.5,211.1999969482422,204.25,204.85000610351562,192.3463897705078,1606829,0.0,0.0
2021-12-07,206.5,212.0,205.5500030517578,209.25,196.4778289794922,1825523,0.0,0.0
2021-12-08,210.6999969482422,217.39999389648438,210.0500030517578,215.8000030517578,202.6280059814453,2648381,0.0,0.0
2021-12-09,216.0,217.25,214.10000610351562,216.1999969482422,203.00360107421875,1264398,0.0,0.0
2021-12-10,217.3000030517578,218.3000030517578,215.0500030517578,217.14999389648438,203.89559936523438,1206497,0.0,0.0
2021-12-13,218.0,221.39999389648438,217.60000610351562,219.5,206.1021728515625,2421351,0.0,0.0
2021-12-14,217.9499969482422,218.6999969482422,214.35000610351562,216.85000610351562,203.61392211914062,1921045,0.0,0.0
2021-12-15,216.89999389648438,220.25,215.1999969482422,215.60000610351562,202.44020080566406,1511438,0.0,0.0
2021-12-16,216.75,218.0,213.60000610351562,217.4499969482422,204.17727661132812,1570974,0.0,0.0
2021-12-17,217.0,217.0,212.0,213.3000030517578,200.28060913085938,2010657,0.0,0.0
2021-12-20,212.0,212.0,197.8000030517578,202.25,189.9050750732422,3666093,0.0,0.0
2021-12-21,203.5,206.3000030517578,201.14999389648438,202.9499969482422,190.56234741210938,1645421,0.0,0.0
2021-12-22,204.25,210.0,203.75,208.0500030517578,195.35105895996094,2260174,0.0,0.0
2021-12-23,210.5500030517578,213.3000030517578,209.25,210.5500030517578,197.69847106933594,1704058,0.0,0.0
2021-12-24,212.0,212.0,205.89999389648438,206.64999389648438,194.0364990234375,2689098,0.0,0.0
2021-12-27,206.10000610351562,209.39999389648438,202.0,208.89999389648438,196.14915466308594,1280639,0.0,0.0
2021-12-28,210.0,217.0,209.14999389648438,215.0500030517578,201.92379760742188,2419860,0.0,0.0
2021-12-29,215.5,217.8000030517578,213.1999969482422,217.5500030517578,204.2711944580078,2510455,0.0,0.0
2021-12-30,217.1999969482422,218.39999389648438,216.0,217.14999389648438,203.89559936523438,1655520,0.0,0.0
2021-12-31,217.14999389648438,222.10000610351562,217.14999389648438,219.14999389648438,205.77352905273438,2218732,0.0,0.0
2022-01-03,220.1999969482422,222.39999389648438,219.14999389648438,220.89999389648438,207.4167022705078,1126982,0.0,0.0
2022-01-04,221.0,227.8000030517578,220.89999389648438,225.60000610351562,211.82984924316406,4076160,0.0,0.0
2022-01-05,225.75,228.0,224.0,227.5,213.61387634277344,2086152,0.0,0.0
2022-01-06,225.5,229.1999969482422,224.14999389648438,228.5,214.55282592773438,1876933,0.0,0.0
2022-01-07,229.5,234.25,227.10000610351562,233.0,218.7781524658203,2872775,0.0,0.0
2022-01-10,234.64999389648438,234.64999389648438,230.39999389648438,232.5,218.30870056152344,1965998,0.0,0.0
2022-01-11,231.9499969482422,233.14999389648438,228.75,231.85000610351562,217.69834899902344,1911686,0.0,0.0
2022-01-12,232.0500030517578,235.75,230.5,233.64999389648438,219.3884735107422,2430304,0.0,0.0
2022-01-13,233.64999389648438,236.39999389648438,232.0500030517578,234.9499969482422,220.60911560058594,1745200,0.0,0.0
2022-01-14,235.35000610351562,237.5,230.5,231.60000610351562,217.463623046875,2592666,0.0,0.0
2022-01-17,232.0,244.0,231.6999969482422,243.4499969482422,228.5902862548828,7050781,0.0,0.0
2022-01-18,245.0,245.0,234.1999969482422,235.3000030517578,220.93775939941406,4954232,0.0,0.0
2022-01-19,235.0,235.0,227.0,233.14999389648438,218.9189910888672,2578370,0.0,0.0
2022-01-20,227.9499969482422,231.75,224.0,226.25,212.44017028808594,5357697,0.0,0.0
2022-01-21,225.0,229.64999389648438,221.75,223.8000030517578,210.13970947265625,2567260,0.0,0.0
2022-01-24,223.0,224.39999389648438,210.0500030517578,212.35000610351562,199.3885955810547,2871823,0.0,0.0
2022-01-25,210.9499969482422,213.64999389648438,208.25,212.39999389648438,199.43553161621094,2458314,0.0,0.0
2022-01-27,210.0,218.25,205.5,213.0500030517578,200.04588317871094,3866620,0.0,0.0
2022-01-28,216.6999969482422,223.75,214.35000610351562,215.25,202.11158752441406,3201850,0.0,0.0
2022-01-31,217.4499969482422,219.9499969482422,215.75,216.64999389648438,203.42611694335938,2524409,0.0,0.0
2022-02-01,218.75,220.64999389648438,215.0,219.1999969482422,205.8204803466797,2982391,0.0,0.0
2022-02-02,221.0500030517578,226.8000030517578,220.60000610351562,225.35000610351562,211.59510803222656,4434266,0.0,0.0
2022-02-03,217.0500030517578,228.89999389648438,215.85000610351562,224.9499969482422,211.21951293945312,12257995,0.0,0.0
2022-02-04,220.1999969482422,230.5,220.1999969482422,223.8000030517578,210.13970947265625,5753713,0.0,0.0
2022-02-07,220.0,226.5,219.10000610351562,224.10000610351562,210.42138671875,5218368,0.0,0.0
2022-02-08,225.4499969482422,227.25,221.0,224.9499969482422,211.21951293945312,2405339,0.0,0.0
2022-02-09,226.5,228.8000030517578,225.0,227.64999389648438,213.75469970703125,2082831,0.0,0.0
2022-02-10,228.0,229.14999389648438,226.1999969482422,226.64999389648438,212.81573486328125,1680142,0.0,0.0
2022-02-11,224.6999969482422,226.4499969482422,218.9499969482422,219.5,206.1021728515625,2542780,0.0,0.0
2022-02-14,216.89999389648438,216.89999389648438,207.35000610351562,208.5,195.77357482910156,3130216,0.0,0.0
2022-02-15,208.0,216.8000030517578,205.10000610351562,215.64999389648438,202.4871826171875,3494720,0.0,0.0
2022-02-16,218.25,219.6999969482422,213.0500030517578,214.14999389648438,201.07872009277344,2609705,0.0,0.0
2022-02-17,216.5,217.4499969482422,212.1999969482422,213.6999969482422,200.65618896484375,2396158,0.0,0.0
2022-02-18,211.60000610351562,214.1999969482422,207.25,207.8000030517578,195.11631774902344,2660630,0.0,0.0
2022-02-21,207.14999389648438,207.75,202.5,203.1999969482422,190.7970733642578,3624515,0.0,0.0
2022-02-22,196.5,199.25,191.10000610351562,197.75,185.67974853515625,4676006,0.0,0.0
2022-02-23,199.0,203.5500030517578,199.0,201.14999389648438,188.87220764160156,2880091,0.0,0.0
2022-02-24,192.9499969482422,196.5,176.4499969482422,178.5,167.60472106933594,9553612,0.0,0.0
2022-02-25,186.35000610351562,188.85000610351562,184.0,185.1999969482422,173.895751953125,4891471,0.0,0.0
2022-02-28,183.0,186.89999389648438,178.6999969482422,184.6999969482422,173.42630004882812,6456344,0.0,0.0
2022-03-02,183.6999969482422,184.5,179.35000610351562,181.39999389648438,170.3277130126953,2962027,0.0,0.0
2022-03-03,184.8000030517578,184.8000030517578,178.0,178.85000610351562,167.93336486816406,3338662,0.0,0.0
2022-03-04,177.1999969482422,177.75,170.64999389648438,174.39999389648438,163.75498962402344,7158636,0.0,0.0
2022-03-07,169.9499969482422,175.5,165.25,173.8000030517578,163.1916046142578,4632142,0.0,0.0
2022-03-08,172.0,175.3000030517578,165.85000610351562,171.5500030517578,161.0789337158203,6744510,0.0,0.0
2022-03-09,173.9499969482422,179.85000610351562,171.14999389648438,177.10000610351562,166.29017639160156,6091824,0.0,0.0
2022-03-10,185.85000610351562,187.89999389648438,182.3000030517578,183.64999389648438,172.44036865234375,5852786,0.0,0.0
2022-03-11,184.0,185.8000030517578,181.3000030517578,184.25,173.00376892089844,2443880,0.0,0.0
2022-03-14,184.89999389648438,185.3000030517578,181.0,183.89999389648438,172.67510986328125,2103886,0.0,0.0
2022-03-15,185.5500030517578,189.9499969482422,182.0,184.10000610351562,172.86289978027344,3835547,0.0,0.0
2022-03-16,186.0,188.10000610351562,184.0500030517578,186.5500030517578,175.1633758544922,3590473,0.0,0.0
2022-03-17,190.0,194.89999389648438,189.0500030517578,193.75,181.9239044189453,5449690,0.0,0.0
2022-03-21,193.75,193.9499969482422,188.14999389648438,188.5500030517578,177.0413055419922,2515370,0.0,0.0
2022-03-22,188.10000610351562,190.5,183.0500030517578,190.0500030517578,178.44973754882812,4183713,0.0,0.0
2022-03-23,190.5,191.85000610351562,188.10000610351562,189.14999389648438,177.6046600341797,1612579,0.0,0.0
2022-03-24,186.89999389648438,189.6999969482422,185.35000610351562,186.64999389648438,175.2572479248047,1822259,0.0,0.0
2022-03-25,188.0,188.5,184.39999389648438,187.5500030517578,176.1023406982422,1660744,0.0,0.0
2022-03-28,188.9499969482422,189.5500030517578,184.25,188.9499969482422,177.41688537597656,2918622,0.0,0.0
2022-03-29,190.6999969482422,193.39999389648438,188.35000610351562,189.89999389648438,178.30889892578125,2867220,0.0,0.0
2022-03-30,192.0,193.5,184.75,188.4499969482422,176.9473876953125,4244882,0.0,0.0
2022-03-31,190.0,193.1999969482422,189.3000030517578,191.0,179.34173583984375,3261714,0.0,0.0
2022-04-01,191.10000610351562,196.39999389648438,189.64999389648438,195.6999969482422,183.75486755371094,2964637,0.0,0.0
2022-04-04,196.64999389648438,199.25,195.1999969482422,197.5,185.4450225830078,3240680,0.0,0.0
2022-04-05,198.0,201.25,197.3000030517578,200.14999389648438,187.93324279785156,2420941,0.0,0.0
2022-04-06,198.8000030517578,201.0500030517578,197.1999969482422,197.4499969482422,185.39804077148438,1882397,0.0,0.0
2022-04-07,201.8000030517578,201.8000030517578,195.25,197.10000610351562,185.06942749023438,2715798,0.0,0.0
2022-04-08,199.0,204.5,195.6999969482422,202.75,190.3745574951172,6696513,0.0,0.0
2022-04-11,203.0,204.8000030517578,200.10000610351562,201.5,189.2008514404297,2888261,0.0,0.0
2022-04-12,200.0,200.0,194.9499969482422,195.35000610351562,183.42623901367188,4091155,0.0,0.0
2022-04-13,195.5,198.0,195.0,195.4499969482422,183.52012634277344,2074515,0.0,0.0
2022-04-18,193.0,194.4499969482422,188.89999389648438,190.10000610351562,178.49668884277344,2303227,0.0,0.0
2022-04-19,191.6999969482422,193.8000030517578,187.0,189.1999969482422,177.65162658691406,2290054,0.0,0.0
2022-04-20,190.75,195.9499969482422,189.25,194.39999389648438,182.5342254638672,3428638,0.0,0.0
2022-04-21,199.39999389648438,204.8000030517578,197.10000610351562,204.14999389648438,191.68910217285156,7095916,0.0,0.0
2022-04-22,202.35000610351562,203.6999969482422,199.0500030517578,199.75,187.55767822265625,2907621,0.0,0.0
2022-04-25,197.5,198.5,191.10000610351562,191.9499969482422,180.23374938964844,3760965,0.0,0.0
2022-04-26,195.39999389648438,205.3000030517578,194.0500030517578,204.10000610351562,191.6421356201172,6786358,0.0,0.0
2022-04-27,201.9499969482422,211.4499969482422,198.5500030517578,210.5,197.65150451660156,8443657,0.0,0.0
2022-04-28,213.89999389648438,214.0,206.25,207.0,194.36512756347656,5104715,0.0,0.0
2022-04-29,205.1999969482422,210.3000030517578,204.35000610351562,205.0,192.4872283935547,2941052,0.0,0.0
2022-05-02,202.1999969482422,204.0,198.5,202.60000610351562,190.2337188720703,1842620,0.0,0.0
2022-05-04,204.0,206.5,198.5,200.0,187.7924041748047,3633629,0.0,0.0
2022-05-05,203.60000610351562,204.0,199.10000610351562,199.6999969482422,187.51071166992188,2378186,0.0,0.0
2022-05-06,194.85000610351562,197.0,192.10000610351562,196.3000030517578,184.31826782226562,3401145,0.0,0.0
2022-05-09,196.0,196.0,189.0500030517578,193.14999389648438,181.3605194091797,2440942,0.0,0.0
2022-05-10,193.14999389648438,203.60000610351562,193.14999389648438,198.75,186.61871337890625,7841294,0.0,0.0
2022-05-11,200.5,200.9499969482422,193.25,195.64999389648438,183.70790100097656,4078142,0.0,0.0
2022-05-12,194.5,197.0,190.75,196.0,184.0365753173828,4355672,0.0,0.0
2022-05-13,195.5,208.4499969482422,194.0,200.64999389648438,188.40272521972656,9735027,0.0,0.0
2022-05-16,204.39999389648438,211.39999389648438,198.75,210.35000610351562,197.5106658935547,8673232,0.0,0.0
2022-05-17,209.1999969482422,215.6999969482422,208.0,214.89999389648438,201.78294372558594,4934672,0.0,0.0
2022-05-18,215.0,219.0,213.3000030517578,214.10000610351562,201.03175354003906,4081629,0.0,0.0
2022-05-19,206.0,219.0,206.0,215.25,202.11158752441406,5872245,0.0,0.0
2022-05-20,216.25,218.75,214.75,216.75,203.52001953125,2632825,0.0,0.0
2022-05-23,218.39999389648438,224.5,217.0,218.85000610351562,205.49185180664062,4656426,0.0,0.0
2022-05-24,218.5,220.1999969482422,215.35000610351562,216.39999389648438,203.19137573242188,1796489,0.0,0.0
2022-05-25,217.60000610351562,218.9499969482422,211.89999389648438,212.8000030517578,199.81112670898438,1889645,0.0,0.0
2022-05-26,213.1999969482422,214.75,207.0,213.5,200.4683837890625,3168312,0.0,0.0
2022-05-27,216.0,217.6999969482422,212.25,215.14999389648438,202.01766967773438,1847098,0.0,0.0
2022-05-30,217.5,220.64999389648438,217.10000610351562,220.0,206.5716552734375,1860634,0.0,0.0
2022-05-31,219.0,221.5500030517578,217.3000030517578,218.35000610351562,205.02236938476562,2127628,0.0,0.0
2022-06-01,218.5,221.89999389648438,218.5,219.85000610351562,206.4308319091797,2615209,0.0,0.0
2022-06-02,219.4499969482422,222.5500030517578,218.10000610351562,221.89999389648438,208.35569763183594,1876440,0.0,0.0
2022-06-03,223.0,223.6999969482422,217.35000610351562,218.3000030517578,204.97540283203125,3370883,0.0,0.0
2022-06-06,218.0,220.25,213.25,215.89999389648438,202.72190856933594,5773421,0.0,0.0
2022-06-07,215.60000610351562,215.60000610351562,209.1999969482422,210.89999389648438,198.027099609375,1931353,0.0,0.0
2022-06-08,211.75,214.8000030517578,209.4499969482422,212.0,199.05996704101562,1738755,0.0,0.0
2022-06-09,211.9499969482422,211.9499969482422,206.25,208.5500030517578,195.820556640625,1897437,0.0,0.0
2022-06-10,206.0,206.9499969482422,200.0,200.39999389648438,188.16799926757812,2887595,0.0,0.0
2022-06-13,198.75,198.75,187.6999969482422,189.60000610351562,178.02720642089844,3101090,0.0,0.0
2022-06-14,189.64999389648438,192.5,186.0,187.10000610351562,175.67979431152344,2177460,0.0,0.0
2022-06-15,188.1999969482422,188.1999969482422,183.0,186.10000610351562,174.7408447265625,2726702,0.0,0.0
2022-06-16,183.0,184.8000030517578,175.0,176.1999969482422,168.38575744628906,3807016,3.25,0.0
2022-06-17,176.4499969482422,179.0,172.89999389648438,175.5500030517578,167.7646026611328,3024259,0.0,0.0
2022-06-20,176.5,181.75,167.10000610351562,176.4499969482422,168.62466430664062,5267947,0.0,0.0
2022-06-21,178.0,180.0,175.35000610351562,179.25,171.30050659179688,3558572,0.0,0.0
2022-06-22,179.0,181.3000030517578,176.10000610351562,179.5500030517578,171.5872039794922,3385696,0.0,0.0
2022-06-23,179.5,184.3000030517578,174.39999389648438,179.39999389648438,171.44383239746094,5974789,0.0,0.0
2022-06-24,181.25,183.0,179.89999389648438,181.3000030517578,173.25958251953125,3491221,0.0,0.0
2022-06-27,185.39999389648438,189.25,183.3000030517578,187.64999389648438,179.32794189453125,4036877,0.0,0.0
2022-06-28,186.60000610351562,190.25,184.0,188.89999389648438,180.52252197265625,3252373,0.0,0.0
2022-06-29,186.10000610351562,187.85000610351562,184.85000610351562,186.89999389648438,178.61123657226562,2263450,0.0,0.0
2022-06-30,187.5,188.64999389648438,184.5,185.10000610351562,176.89105224609375,1958789,0.0,0.0
2022-07-01,185.6999969482422,190.0,184.3000030517578,189.0500030517578,180.6658935546875,1276512,0.0,0.0
2022-07-04,189.0,191.0,188.14999389648438,189.3000030517578,180.90478515625,1051165,0.0,0.0
2022-07-05,191.35000610351562,191.5500030517578,185.75,186.14999389648438,177.89447021484375,1227177,0.0,0.0
2022-07-06,187.4499969482422,195.0500030517578,187.4499969482422,192.8000030517578,184.2495574951172,3004454,0.0,0.0
2022-07-07,194.4499969482422,203.0,193.5500030517578,202.0500030517578,193.08934020996094,5020555,0.0,0.0
2022-07-08,202.85000610351562,205.25,199.8000030517578,203.14999389648438,194.1405487060547,2784010,0.0,0.0
2022-07-11,200.3000030517578,209.1999969482422,200.3000030517578,207.5,198.2976531982422,2145160,0.0,0.0
2022-07-12,206.0,207.4499969482422,204.5500030517578,206.4499969482422,197.294189453125,1447158,0.0,0.0
2022-07-13,207.5,210.25,206.35000610351562,207.14999389648438,197.96315002441406,1439599,0.0,0.0
2022-07-14,207.14999389648438,209.1999969482422,204.5,206.64999389648438,197.48533630371094,1200408,0.0,0.0
2022-07-15,207.9499969482422,211.85000610351562,207.0,211.14999389648438,201.7857666015625,2534663,0.0,0.0
2022-07-18,212.0,213.64999389648438,209.9499969482422,211.64999389648438,202.26358032226562,1214398,0.0,0.0
2022-07-19,209.75,213.5,208.89999389648438,212.14999389648438,202.7414093017578,1287440,0.0,0.0
2022-07-20,213.9499969482422,214.75,211.75,212.39999389648438,202.98033142089844,1231681,0.0,0.0
2022-07-21,212.0,213.5500030517578,210.89999389648438,213.14999389648438,203.69705200195312,980144,0.0,0.0
2022-07-22,213.8000030517578,215.4499969482422,210.35000610351562,211.75,202.35914611816406,1407502,0.0,0.0
2022-07-25,212.35000610351562,215.8000030517578,210.64999389648438,213.8000030517578,204.3182373046875,1575796,0.0,0.0
2022-07-26,214.39999389648438,214.39999389648438,208.0,209.0500030517578,199.77890014648438,992654,0.0,0.0
2022-07-27,208.3000030517578,212.75,206.25,212.3000030517578,202.88478088378906,1286108,0.0,0.0
2022-07-28,212.64999389648438,218.75,210.9499969482422,218.14999389648438,208.47531127929688,2944272,0.0,0.0
2022-07-29,218.25,222.0,217.60000610351562,219.89999389648438,210.147705078125,1818463,0.0,0.0
2022-08-01,220.35000610351562,224.5,220.35000610351562,222.10000610351562,212.25015258789062,2157833,0.0,0.0
2022-08-02,222.39999389648438,229.64999389648438,218.5500030517578,227.35000610351562,217.267333984375,4821502,0.0,0.0
2022-08-03,228.0,229.14999389648438,223.14999389648438,228.5,218.36631774902344,1905742,0.0,0.0
2022-08-04,229.6999969482422,233.89999389648438,225.3000030517578,232.1999969482422,221.90223693847656,2680246,0.0,0.0
2022-08-05,233.4499969482422,233.4499969482422,228.0500030517578,230.0,219.79978942871094,2146494,0.0,0.0
2022-08-08,230.0,232.60000610351562,228.10000610351562,228.89999389648438,218.74856567382812,1178984,0.0,0.0
2022-08-10,229.0,229.8000030517578,225.4499969482422,228.60000610351562,218.46189880371094,1248427,0.0,0.0
2022-08-11,229.75,234.75,229.0,233.75,223.3834991455078,1683251,0.0,0.0
2022-08-12,234.75,239.5,231.35000610351562,236.10000610351562,225.62928771972656,3143149,0.0,0.0
2022-08-16,238.10000610351562,257.54998779296875,235.85000610351562,250.14999389648438,239.05616760253906,20112566,0.0,0.0
2022-08-17,249.1999969482422,261.8999938964844,249.0500030517578,260.0,248.4693145751953,8884401,0.0,0.0
2022-08-18,260.0,267.3500061035156,257.6499938964844,266.5,254.6810760498047,5840246,0.0,0.0
2022-08-19,266.3999938964844,268.29998779296875,259.1499938964844,260.1499938964844,248.6126708984375,3603948,0.0,0.0
2022-08-22,258.5,260.0,248.6999969482422,249.85000610351562,238.7694854736328,2877229,0.0,0.0
2022-08-23,247.5,253.14999389648438,244.8000030517578,252.0,240.82412719726562,4114692,0.0,0.0
2022-08-24,252.0,254.5,247.5,250.0,238.91281127929688,2042297,0.0,0.0
2022-08-25,252.3000030517578,252.89999389648438,246.14999389648438,246.64999389648438,235.7113800048828,1811625,0.0,0.0
2022-08-26,248.0,250.1999969482422,245.0,245.3000030517578,234.42124938964844,1502077,0.0,0.0
2022-08-29,241.0,243.64999389648438,236.4499969482422,242.4499969482422,231.69764709472656,2717298,0.0,0.0
2022-08-30,244.39999389648438,253.39999389648438,243.10000610351562,251.6999969482422,240.53741455078125,3792772,0.0,0.0
2022-09-01,251.25,255.4499969482422,249.1999969482422,252.8000030517578,241.58865356445312,2767609,0.0,0.0
2022-09-02,254.14999389648438,256.3500061035156,250.0,251.9499969482422,240.77633666992188,3530033,0.0,0.0
2022-09-05,253.25,255.8000030517578,252.64999389648438,254.60000610351562,243.30882263183594,2298044,0.0,0.0
2022-09-06,261.8999938964844,274.25,258.0,272.45001220703125,260.3672180175781,20003769,0.0,0.0
2022-09-07,271.0,275.70001220703125,269.1000061035156,274.75,262.5652160644531,4895373,0.0,0.0
2022-09-08,277.0,279.75,274.75,277.79998779296875,265.4799499511719,3659958,0.0,0.0
2022-09-09,278.70001220703125,279.79998779296875,272.75,273.6000061035156,261.4661865234375,2600993,0.0,0.0
2022-09-12,274.1000061035156,285.0,273.8999938964844,284.0,271.4049377441406,4282678,0.0,0.0
2022-09-13,284.0,285.3999938964844,278.8999938964844,279.5,267.1045227050781,2051904,0.0,0.0
2022-09-14,274.1499938964844,282.8500061035156,273.95001220703125,281.20001220703125,268.7291564941406,2497302,0.0,0.0
2022-09-15,281.8500061035156,301.54998779296875,280.3999938964844,299.6499938964844,286.36090087890625,14869699,0.0,0.0
2022-09-16,299.5,303.45001220703125,281.45001220703125,282.8500061035156,270.3060302734375,11351453,0.0,0.0
2022-09-19,284.29998779296875,292.1000061035156,281.0,288.75,275.9443359375,6526069,0.0,0.0
2022-09-20,292.54998779296875,293.3500061035156,287.29998779296875,288.20001220703125,275.418701171875,2466073,0.0,0.0
2022-09-21,289.6499938964844,295.8500061035156,286.54998779296875,287.3500061035156,274.60638427734375,4099662,0.0,0.0
2022-09-22,285.04998779296875,289.8999938964844,277.3500061035156,288.1000061035156,275.3231201171875,4234367,0.0,0.0
2022-09-23,289.0,289.8999938964844,281.6000061035156,285.25,272.5995178222656,3264445,0.0,0.0
2022-09-26,283.0,283.1000061035156,267.29998779296875,274.04998779296875,261.896240234375,3953508,0.0,0.0
2022-09-27,275.04998779296875,278.0,270.29998779296875,273.0,260.8927917480469,3280017,0.0,0.0
2022-09-28,270.0,278.70001220703125,267.25,273.54998779296875,261.4183654785156,2722366,0.0,0.0
2022-09-29,274.95001220703125,277.8999938964844,269.6000061035156,270.75,258.7425842285156,3696480,0.0,0.0
2022-09-30,271.6499938964844,279.95001220703125,268.1499938964844,278.70001220703125,266.34002685546875,2723667,0.0,0.0
2022-10-03,279.79998779296875,279.8999938964844,262.0,263.95001220703125,252.24417114257812,5260992,0.0,0.0
2022-10-04,268.79998779296875,273.3500061035156,264.54998779296875,272.3999938964844,260.31939697265625,5785606,0.0,0.0
2022-10-06,273.79998779296875,276.3500061035156,271.29998779296875,272.54998779296875,260.4627380371094,2918428,0.0,0.0
2022-10-07,270.04998779296875,272.20001220703125,266.79998779296875,271.1499938964844,259.1248474121094,1554031,0.0,0.0
2022-10-10,267.5,271.29998779296875,263.5,270.45001220703125,258.4559326171875,1722106,0.0,0.0
2022-10-11,271.5,275.8500061035156,266.45001220703125,267.29998779296875,255.44557189941406,3333782,0.0,0.0
2022-10-12,269.0,274.3500061035156,265.5,273.04998779296875,260.94061279296875,2533146,0.0,0.0
2022-10-13,273.70001220703125,275.5,268.1499938964844,272.25,260.1760559082031,1528929,0.0,0.0
2022-10-14,278.5,279.0,270.1499938964844,271.1000061035156,259.0770568847656,1175760,0.0,0.0
2022-10-17,271.95001220703125,277.3500061035156,268.1000061035156,276.5,264.23760986328125,2046926,0.0,0.0
2022-10-18,276.5,282.3500061035156,274.75,280.25,267.8212585449219,2958781,0.0,0.0
2022-10-19,283.20001220703125,291.75,283.20001220703125,286.95001220703125,274.22418212890625,7796511,0.0,0.0
2022-10-20,287.20001220703125,287.45001220703125,279.04998779296875,282.29998779296875,269.78033447265625,2037246,0.0,0.0
2022-10-21,284.29998779296875,286.29998779296875,277.95001220703125,281.75,269.2547607421875,2375508,0.0,0.0
2022-10-24,285.0,285.5,279.25,281.29998779296875,268.8246765136719,405664,0.0,0.0
2022-10-25,282.95001220703125,290.70001220703125,278.79998779296875,287.45001220703125,274.70196533203125,2651663,0.0,0.0
2022-10-27,288.0,289.0,284.0,288.5,275.70538330078125,1692821,0.0,0.0
2022-10-28,288.6499938964844,291.75,286.3500061035156,289.20001220703125,276.3743591308594,2360584,0.0,0.0
2022-10-31,290.6499938964844,293.3999938964844,289.1499938964844,290.70001220703125,277.807861328125,2333379,0.0,0.0
2022-11-01,292.20001220703125,294.1000061035156,288.1499938964844,292.95001220703125,279.95806884765625,1986351,0.0,0.0
2022-11-02,291.75,294.0,287.5,288.6499938964844,275.8487548828125,1679080,0.0,0.0
2022-11-03,286.8500061035156,291.3999938964844,284.0,286.45001220703125,273.7463073730469,2123051,0.0,0.0
2022-11-04,286.45001220703125,289.6000061035156,285.0,288.8999938964844,276.0876159667969,1776393,0.0,0.0
2022-11-07,289.79998779296875,301.6000061035156,289.79998779296875,300.75,287.412109375,5723504,0.0,0.0
2022-11-09,301.0,302.1499938964844,291.1000061035156,295.79998779296875,282.681640625,4248129,0.0,0.0
2022-11-10,295.0,295.45001220703125,290.8500061035156,293.8500061035156,280.81817626953125,1590521,0.0,0.0
2022-11-11,295.5,298.95001220703125,288.75,290.29998779296875,277.425537109375,2276331,0.0,0.0
2022-11-14,291.45001220703125,292.1000061035156,282.5,285.3500061035156,272.6950988769531,2684508,0.0,0.0
2022-11-15,291.0,303.6000061035156,290.0,297.70001220703125,284.4974365234375,16987072,0.0,0.0
2022-11-16,298.1000061035156,301.95001220703125,274.5,277.3500061035156,265.0498962402344,16069595,0.0,0.0
2022-11-17,277.75,281.0,275.1499938964844,276.70001220703125,264.4287109375,5588794,0.0,0.0
2022-11-18,276.8999938964844,281.54998779296875,270.0,273.29998779296875,261.17950439453125,5855231,0.0,0.0
2022-11-21,274.70001220703125,281.70001220703125,272.70001220703125,280.45001220703125,268.0124206542969,5378366,0.0,0.0
2022-11-22,280.45001220703125,286.0,279.5,284.3999938964844,271.7872314453125,4001103,0.0,0.0
2022-11-23,283.79998779296875,286.45001220703125,281.79998779296875,284.0,271.4049377441406,2150977,0.0,0.0
2022-11-24,285.1499938964844,286.70001220703125,280.45001220703125,282.1000061035156,269.5892333984375,1787377,0.0,0.0
2022-11-25,283.54998779296875,294.29998779296875,283.1000061035156,293.20001220703125,280.1969299316406,5019984,0.0,0.0
2022-11-28,296.04998779296875,314.0,296.04998779296875,312.70001220703125,298.8321838378906,20698755,0.0,0.0
2022-11-29,314.29998779296875,318.0,312.95001220703125,315.1499938964844,301.17352294921875,7814998,0.0,0.0
2022-11-30,316.8500061035156,318.0,310.70001220703125,316.45001220703125,302.4158630371094,3736077,0.0,0.0
2022-12-01,317.6499938964844,321.0,314.70001220703125,315.5,301.50799560546875,4447547,0.0,0.0
2022-12-02,317.3999938964844,320.8500061035156,315.3999938964844,319.20001220703125,305.04388427734375,3277532,0.0,0.0
2022-12-05,322.20001220703125,323.6499938964844,317.3500061035156,318.95001220703125,304.80499267578125,2711201,0.0,0.0
2022-12-06,317.5,320.3999938964844,316.0,319.20001220703125,305.04388427734375,1851704,0.0,0.0
2022-12-07,321.95001220703125,321.95001220703125,313.0,314.6499938964844,300.6956481933594,1747704,0.0,0.0
2022-12-08,316.25,317.70001220703125,311.6499938964844,317.04998779296875,302.9892272949219,1683435,0.0,0.0
2022-12-09,319.5,320.20001220703125,312.04998779296875,315.95001220703125,301.93804931640625,2150553,0.0,0.0
2022-12-12,316.0,323.6499938964844,313.6499938964844,323.1000061035156,308.77093505859375,3811951,0.0,0.0
2022-12-13,324.70001220703125,324.70001220703125,317.20001220703125,318.29998779296875,304.1838073730469,2959479,0.0,0.0
2022-12-14,318.45001220703125,321.25,314.0,319.3500061035156,305.1872253417969,1405239,0.0,0.0
2022-12-15,318.95001220703125,325.29998779296875,318.1499938964844,322.6000061035156,308.2931213378906,3522801,0.0,0.0
2022-12-16,320.45001220703125,326.54998779296875,316.75,323.04998779296875,308.72314453125,3837290,0.0,0.0
2022-12-19,323.8500061035156,325.29998779296875,313.29998779296875,324.5,310.1088562011719,3389328,0.0,0.0
2022-12-20,324.5,328.8500061035156,319.0,327.3999938964844,312.8802185058594,2233392,0.0,0.0
2022-12-21,329.0,330.5,317.70001220703125,319.0,304.8527526855469,4263341,0.0,0.0
2022-12-22,319.0,323.45001220703125,313.6000061035156,316.29998779296875,302.27252197265625,2038444,0.0,0.0
2022-12-23,313.6000061035156,314.75,306.70001220703125,308.1499938964844,294.48394775390625,3345847,0.0,0.0
2022-12-26,306.5,321.3999938964844,305.1000061035156,320.3500061035156,306.1429138183594,3012205,0.0,0.0
2022-12-27,321.6000061035156,325.95001220703125,320.5,323.5,309.1531982421875,2689611,0.0,0.0
2022-12-28,323.8500061035156,326.70001220703125,319.79998779296875,321.75,307.4808044433594,1706586,0.0,0.0
2022-12-29,320.0,327.5,317.3999938964844,326.5,312.0201721191406,2306713,0.0,0.0
2022-12-30,328.8999938964844,329.5,323.25,324.29998779296875,309.9176940917969,1613534,0.0,0.0
2023-01-02,324.29998779296875,329.0,323.75,328.25,313.6925354003906,1011815,0.0,0.0
2023-01-03,329.0,330.70001220703125,324.3500061035156,325.3999938964844,310.9689025878906,3036393,0.0,0.0
2023-01-04,326.8999938964844,327.29998779296875,315.3999938964844,320.04998779296875,305.856201171875,3016870,0.0,0.0
2023-01-05,321.8999938964844,339.5,321.70001220703125,338.25,323.2490234375,11848529,0.0,0.0
2023-01-06,339.95001220703125,339.95001220703125,326.45001220703125,327.75,313.2146911621094,6218095,0.0,0.0
2023-01-09,330.0,331.8999938964844,323.75,327.20001220703125,312.6890869140625,3224407,0.0,0.0
2023-01-10,327.8999938964844,329.3999938964844,323.3500061035156,325.8999938964844,311.4467468261719,2303256,0.0,0.0
2023-01-11,326.0,326.95001220703125,318.04998779296875,319.20001220703125,305.04388427734375,2598658,0.0,0.0
2023-01-12,318.95001220703125,319.3999938964844,315.25,317.0,302.9414367675781,2789739,0.0,0.0
2023-01-13,318.29998779296875,323.0,317.0,320.79998779296875,306.57293701171875,2637954,0.0,0.0
2023-01-16,322.0,323.95001220703125,317.0,317.70001220703125,303.6104431152344,1617910,0.0,0.0
2023-01-17,318.0,320.29998779296875,315.25,319.25,305.0916748046875,1389647,0.0,0.0
2023-01-18,319.95001220703125,324.95001220703125,319.3500061035156,323.29998779296875,308.9620361328125,2129497,0.0,0.0
2023-01-19,322.75,323.75,316.3500061035156,318.29998779296875,304.1838073730469,1519717,0.0,0.0
2023-01-20,319.25,319.8999938964844,311.0,311.79998779296875,297.9720764160156,1874396,0.0,0.0
2023-01-23,311.79998779296875,317.6499938964844,310.5,316.1499938964844,302.129150390625,2367258,0.0,0.0
2023-01-24,317.1000061035156,322.5,316.29998779296875,320.75,306.5251770019531,2715461,0.0,0.0
2023-01-25,321.0,324.3500061035156,317.0,322.29998779296875,308.00640869140625,3455839,0.0,0.0
2023-01-27,323.5,323.5,304.8999938964844,308.29998779296875,294.62725830078125,3650520,0.0,0.0
2023-01-30,307.1499938964844,315.45001220703125,306.79998779296875,311.8500061035156,298.0198669433594,4045915,0.0,0.0
2023-01-31,313.3999938964844,324.0,313.20001220703125,321.20001220703125,306.9552001953125,3528721,0.0,0.0
2023-02-01,322.29998779296875,336.3999938964844,321.3500061035156,329.45001220703125,314.8393249511719,8286501,0.0,0.0
2023-02-02,329.95001220703125,337.0,326.25,331.45001220703125,316.7506408691406,3482811,0.0,0.0
2023-02-03,335.0,343.04998779296875,319.45001220703125,330.20001220703125,315.5560607910156,8825502,0.0,0.0
2023-02-06,330.20001220703125,340.0,327.29998779296875,338.29998779296875,323.2968444824219,3947224,0.0,0.0
2023-02-07,339.8500061035156,339.8500061035156,325.1000061035156,328.1000061035156,313.5492248535156,4209719,0.0,0.0
2023-02-08,329.75,333.70001220703125,327.6499938964844,332.6499938964844,317.8973693847656,1835770,0.0,0.0
2023-02-09,332.6499938964844,337.0,331.29998779296875,333.45001220703125,318.6619567871094,2196089,0.0,0.0
2023-02-10,333.3999938964844,335.5,327.6000061035156,330.1499938964844,315.50830078125,1284465,0.0,0.0
2023-02-13,330.0,332.8500061035156,327.3999938964844,331.1499938964844,316.4639587402344,1287043,0.0,0.0
2023-02-14,331.95001220703125,332.20001220703125,325.1000061035156,327.70001220703125,313.1669616699219,1213411,0.0,0.0
2023-02-15,327.5,329.8999938964844,325.75,327.79998779296875,313.2624816894531,2024744,0.0,0.0
2023-02-16,327.8500061035156,335.70001220703125,327.0,334.1499938964844,319.33087158203125,2062059,0.0,0.0
2023-02-17,334.1499938964844,336.5,329.6499938964844,330.95001220703125,316.2727966308594,1704718,0.0,0.0
2023-02-20,332.0,334.0,327.3999938964844,330.3500061035156,315.6994323730469,2761417,0.0,0.0
2023-02-21,330.79998779296875,333.8999938964844,327.5,329.25,314.6481628417969,996302,0.0,0.0
2023-02-22,328.8500061035156,329.75,325.20001220703125,328.6499938964844,314.0747985839844,1864934,0.0,0.0
2023-02-23,329.45001220703125,330.8999938964844,325.75,327.8500061035156,313.310302734375,2167454,0.0,0.0
2023-02-24,329.5,330.0,314.70001220703125,318.6499938964844,304.5182800292969,2294583,0.0,0.0
2023-02-27,318.6499938964844,319.29998779296875,309.45001220703125,314.3500061035156,300.4089660644531,1693961,0.0,0.0
2023-02-28,315.6499938964844,321.29998779296875,312.3500061035156,313.3500061035156,299.45330810546875,2360674,0.0,0.0
2023-03-01,314.0,317.3500061035156,311.75,316.20001220703125,302.1769104003906,1199802,0.0,0.0
2023-03-02,316.20001220703125,317.1499938964844,313.29998779296875,313.95001220703125,300.0267333984375,857188,0.0,0.0
2023-03-03,314.0,317.70001220703125,310.5,315.8500061035156,301.8424987792969,2205652,0.0,0.0
2023-03-06,316.0,320.6499938964844,315.3999938964844,319.29998779296875,305.1394348144531,1056606,0.0,0.0
2023-03-08,319.29998779296875,324.79998779296875,318.0,322.0,307.7197265625,2016020,0.0,0.0
2023-03-09,323.1000061035156,324.8500061035156,313.54998779296875,314.20001220703125,300.265625,1493511,0.0,0.0
2023-03-10,313.3500061035156,313.3500061035156,306.1000061035156,312.0,298.1632080078125,2162817,0.0,0.0
2023-03-13,313.45001220703125,313.54998779296875,304.54998779296875,306.79998779296875,293.19378662109375,1160542,0.0,0.0
2023-03-14,308.0,311.29998779296875,303.3500061035156,307.75,294.1016845703125,1335168,0.0,0.0
2023-03-15,310.0,312.25,307.1499938964844,308.1499938964844,294.48394775390625,1061050,0.0,0.0
2023-03-16,308.8999938964844,311.5,305.75,308.95001220703125,295.24847412109375,1675202,0.0,0.0
2023-03-17,310.04998779296875,311.04998779296875,306.3999938964844,308.70001220703125,295.0095520019531,972728,0.0,0.0
2023-03-20,309.95001220703125,311.95001220703125,304.6000061035156,311.45001220703125,297.6376037597656,1722665,0.0,0.0
2023-03-21,313.1000061035156,318.6000061035156,305.95001220703125,317.0,302.9414367675781,1822097,0.0,0.0
2023-03-22,317.5,319.5,313.20001220703125,315.1499938964844,301.17352294921875,1016366,0.0,0.0
2023-03-23,315.0,315.1499938964844,309.1499938964844,309.8999938964844,296.15631103515625,1387433,0.0,0.0
2023-03-24,311.5,313.45001220703125,305.20001220703125,306.04998779296875,292.47705078125,2721241,0.0,0.0
2023-03-27,306.54998779296875,310.54998779296875,303.5,307.1000061035156,293.48052978515625,1263044,0.0,0.0
2023-03-28,305.6499938964844,308.79998779296875,305.29998779296875,307.1499938964844,293.5283203125,989912,0.0,0.0
2023-03-29,306.70001220703125,313.75,305.25,311.5,297.68536376953125,2879575,0.0,0.0
2023-03-31,313.1000061035156,321.0,312.0,319.8999938964844,305.7127990722656,2701524,0.0,0.0
2023-04-03,319.8500061035156,323.29998779296875,315.0,322.79998779296875,308.4842529296875,1152811,0.0,0.0
2023-04-05,322.79998779296875,323.6499938964844,320.5,321.75,307.4808044433594,710747,0.0,0.0
2023-04-06,320.1000061035156,322.95001220703125,318.6000061035156,319.04998779296875,304.9005126953125,762865,0.0,0.0
2023-04-10,319.8999938964844,329.1000061035156,317.6499938964844,328.3500061035156,313.7881164550781,1984551,0.0,0.0
2023-04-11,329.95001220703125,329.95001220703125,319.0,322.8500061035156,308.53204345703125,3428685,0.0,0.0
2023-04-12,323.45001220703125,327.6499938964844,323.25,324.04998779296875,309.6788024902344,2196682,0.0,0.0
2023-04-13,325.1499938964844,325.79998779296875,320.3500061035156,324.1499938964844,309.7743835449219,897691,0.0,0.0
2023-04-17,324.25,326.8999938964844,323.04998779296875,325.3500061035156,310.9211730957031,1107718,0.0,0.0
2023-04-18,325.5,335.20001220703125,324.75,332.20001220703125,317.4673767089844,4934182,0.0,0.0
2023-04-19,332.0,336.5,331.20001220703125,332.5,317.7540588378906,1969414,0.0,0.0
2023-04-20,333.1499938964844,335.3500061035156,331.8999938964844,334.70001220703125,319.8564758300781,891486,0.0,0.0
2023-04-21,334.70001220703125,337.3999938964844,333.1000061035156,334.0,319.1875305175781,1445953,0.0,0.0
2023-04-24,334.0,337.8999938964844,331.5,332.1000061035156,317.3717956542969,1518113,0.0,0.0
2023-04-25,332.75,333.75,329.3999938964844,330.0,315.36492919921875,769557,0.0,0.0
2023-04-26,331.70001220703125,335.3999938964844,328.1000061035156,334.8500061035156,319.9998474121094,1942987,0.0,0.0
2023-04-27,335.04998779296875,342.75,333.3999938964844,341.45001220703125,326.3071594238281,1931229,0.0,0.0
2023-04-28,344.0,353.29998779296875,342.0,346.8999938964844,331.5154113769531,3535675,0.0,0.0
2023-05-02,348.0,348.54998779296875,344.6499938964844,346.20001220703125,330.84649658203125,1588048,0.0,0.0
2023-05-03,347.04998779296875,357.0,344.5,355.3500061035156,339.5906982421875,3760025,0.0,0.0
2023-05-04,357.95001220703125,365.0,356.3500061035156,359.75,343.7955627441406,3839531,0.0,0.0
2023-05-05,361.54998779296875,371.79998779296875,359.1000061035156,368.8999938964844,352.5397644042969,4033463,0.0,0.0
2023-05-08,370.0,377.29998779296875,367.04998779296875,376.25,359.56378173828125,3930879,0.0,0.0
2023-05-09,377.45001220703125,383.29998779296875,375.0,381.6000061035156,364.676513671875,6585578,0.0,0.0
2023-05-10,370.0,377.5,364.54998779296875,368.6000061035156,352.2530822753906,11482573,0.0,0.0
2023-05-11,371.70001220703125,373.20001220703125,365.6499938964844,368.6000061035156,352.2530822753906,4603092,0.0,0.0
2023-05-12,369.0,372.95001220703125,367.6000061035156,368.04998779296875,351.7274169921875,5705146,0.0,0.0
2023-05-15,369.8999938964844,369.8999938964844,360.54998779296875,362.8999938964844,346.8058166503906,2980168,0.0,0.0
2023-05-16,363.0,373.45001220703125,359.0,365.8999938964844,349.67279052734375,4562352,0.0,0.0
2023-05-17,367.95001220703125,371.0,365.0,369.1000061035156,352.7309265136719,2194687,0.0,0.0
2023-05-18,371.8999938964844,373.3500061035156,367.0,369.1000061035156,352.7309265136719,3293186,0.0,0.0
2023-05-19,371.3500061035156,371.3500061035156,360.70001220703125,367.20001220703125,350.9151306152344,1835070,0.0,0.0
2023-05-22,365.70001220703125,371.6000061035156,363.3999938964844,369.6000061035156,353.2087097167969,1784711,0.0,0.0
2023-05-23,370.0,380.6499938964844,368.04998779296875,379.1000061035156,362.28741455078125,4118807,0.0,0.0
2023-05-24,379.5,385.0,376.70001220703125,383.79998779296875,366.77899169921875,3259370,0.0,0.0
2023-05-25,382.95001220703125,390.0,380.0,389.20001220703125,371.9394836425781,2487583,0.0,0.0
2023-05-26,389.79998779296875,393.8999938964844,389.20001220703125,392.5,375.0931091308594,1949600,0.0,0.0
2023-05-29,393.29998779296875,395.95001220703125,390.1000061035156,392.29998779296875,374.9019775390625,1654415,0.0,0.0
2023-05-30,391.04998779296875,392.0,384.0,385.6499938964844,368.54693603515625,1445958,0.0,0.0
2023-05-31,385.6499938964844,392.29998779296875,385.04998779296875,390.79998779296875,373.468505859375,1403719,0.0,0.0
2023-06-01,391.70001220703125,393.45001220703125,388.8500061035156,391.0,373.6596374511719,815217,0.0,0.0
2023-06-02,392.0,393.5,388.3500061035156,391.95001220703125,374.5675354003906,1184325,0.0,0.0
2023-06-05,393.1499938964844,396.75,390.29998779296875,391.3500061035156,373.994140625,842797,0.0,0.0
2023-06-06,393.0,393.45001220703125,390.0,391.6000061035156,374.2330322265625,1078428,0.0,0.0
2023-06-07,392.3500061035156,398.5,391.6000061035156,394.25,376.7655029296875,2850595,0.0,0.0
2023-06-08,392.25,399.8500061035156,390.0,396.20001220703125,378.6290283203125,1991553,0.0,0.0
2023-06-09,396.95001220703125,406.5,396.5,405.29998779296875,387.325439453125,4097632,0.0,0.0
2023-06-12,407.95001220703125,408.6000061035156,404.25,406.79998779296875,388.7589416503906,1753255,0.0,0.0
2023-06-13,409.5,410.6000061035156,404.25,408.54998779296875,390.4313049316406,1713166,0.0,0.0
2023-06-14,409.29998779296875,409.5,405.75,408.20001220703125,390.0968322753906,861858,0.0,0.0
2023-06-15,407.95001220703125,414.54998779296875,403.04998779296875,407.3500061035156,389.2845458984375,1992061,0.0,0.0
2023-06-16,409.70001220703125,413.0,408.6000061035156,411.6000061035156,393.3460693359375,1126995,0.0,0.0
2023-06-19,412.8500061035156,412.8500061035156,405.25,407.0,388.9500732421875,1065984,0.0,0.0
2023-06-20,407.5,410.75,405.20001220703125,408.95001220703125,390.8135986328125,1055318,0.0,0.0
2023-06-21,409.79998779296875,422.0,409.5,419.45001220703125,400.8479309082031,2950591,0.0,0.0
2023-06-22,421.45001220703125,427.6000061035156,413.20001220703125,415.1000061035156,396.6908264160156,3965592,0.0,0.0
2023-06-23,416.8999938964844,420.6499938964844,410.45001220703125,415.8999938964844,397.4553527832031,2593725,0.0,0.0
2023-06-26,418.70001220703125,418.70001220703125,399.45001220703125,403.75,385.8442077636719,3398449,0.0,0.0
2023-06-27,406.45001220703125,409.95001220703125,397.79998779296875,399.1499938964844,381.4482116699219,3227313,0.0,0.0
2023-06-28,401.95001220703125,417.79998779296875,396.5,409.45001220703125,391.29144287109375,3942436,0.0,0.0
2023-06-30,411.25,412.6000061035156,404.0,406.70001220703125,388.66339111328125,2421632,0.0,0.0
2023-07-03,397.0,402.29998779296875,396.0,397.0,379.3935546875,2631061,0.0,0.0
2023-07-04,399.0,399.70001220703125,395.1499938964844,397.3500061035156,379.7280578613281,1095037,0.0,0.0
2023-07-05,398.0,400.6499938964844,394.04998779296875,399.04998779296875,381.3526306152344,1348900,0.0,0.0
2023-07-06,398.0,413.25,396.8500061035156,410.8999938964844,392.6771240234375,3843036,0.0,0.0
2023-07-07,415.0,422.25,410.8500061035156,418.1499938964844,399.6055908203125,4806357,0.0,0.0
2023-07-10,422.0,430.8999938964844,419.3999938964844,428.8500061035156,409.8310852050781,4588816,0.0,0.0
2023-07-11,431.95001220703125,433.95001220703125,426.25,433.3500061035156,414.13153076171875,2351049,0.0,0.0
2023-07-12,433.3500061035156,436.5,431.0,432.6000061035156,413.4147644042969,1683722,0.0,0.0
2023-07-13,434.0,434.3999938964844,423.29998779296875,424.54998779296875,405.72174072265625,1160649,0.0,0.0
2023-07-14,422.8999938964844,424.45001220703125,413.45001220703125,415.79998779296875,401.61669921875,1639042,4.5,0.0
2023-07-17,417.3999938964844,418.6499938964844,412.04998779296875,415.95001220703125,401.7616271972656,1203019,0.0,0.0
2023-07-18,417.8999938964844,426.6000061035156,415.29998779296875,420.25,405.9149169921875,3304746,0.0,0.0
2023-07-19,421.75,422.04998779296875,414.29998779296875,420.1499938964844,405.8183288574219,1291722,0.0,0.0
2023-07-20,421.1000061035156,421.8500061035156,417.3999938964844,419.54998779296875,405.2388000488281,863755,0.0,0.0
2023-07-21,418.5,421.8500061035156,416.29998779296875,418.54998779296875,404.2729187011719,833310,0.0,0.0
2023-07-24,418.54998779296875,422.95001220703125,413.45001220703125,414.70001220703125,400.5542297363281,1160559,0.0,0.0
2023-07-25,417.20001220703125,420.79998779296875,414.0,420.1000061035156,405.77008056640625,1271283,0.0,0.0
2023-07-26,423.5,430.5,422.04998779296875,425.6000061035156,411.08245849609375,3050002,0.0,0.0
2023-07-27,424.95001220703125,426.5,418.29998779296875,419.75,405.4319763183594,1627575,0.0,0.0
2023-07-28,420.79998779296875,425.0,417.3999938964844,424.29998779296875,409.8267822265625,1159058,0.0,0.0
2023-07-31,424.0,433.79998779296875,420.0,432.79998779296875,418.03680419921875,2241780,0.0,0.0
2023-08-01,433.75,438.0,423.54998779296875,427.25,412.6761474609375,1731940,0.0,0.0
2023-08-02,424.25,431.70001220703125,419.1000061035156,424.75,410.26141357421875,1793026,0.0,0.0
2023-08-03,423.0,433.0,421.0,431.54998779296875,416.8294677734375,1254172,0.0,0.0
2023-08-04,433.8999938964844,440.8999938964844,428.1000061035156,437.29998779296875,422.38330078125,2211786,0.0,0.0
2023-08-07,440.8500061035156,440.8500061035156,431.3999938964844,434.8500061035156,420.01690673828125,1009390,0.0,0.0
2023-08-08,435.95001220703125,439.3999938964844,431.5,438.1000061035156,423.1560363769531,933720,0.0,0.0
2023-08-09,437.8999938964844,439.8500061035156,434.1499938964844,438.54998779296875,423.5906982421875,586045,0.0,0.0
2023-08-10,438.0,438.3500061035156,430.0,431.54998779296875,416.8294677734375,999295,0.0,0.0
2023-08-11,429.0,429.0,392.54998779296875,395.8500061035156,382.34722900390625,9477294,0.0,0.0
2023-08-14,396.0,401.3500061035156,386.70001220703125,399.5,385.8727111816406,3900528,0.0,0.0
2023-08-16,398.70001220703125,399.1499938964844,390.6000061035156,396.3500061035156,382.8301696777344,1570571,0.0,0.0
2023-08-17,396.3500061035156,398.8999938964844,389.45001220703125,391.70001220703125,378.33880615234375,1766781,0.0,0.0
2023-08-18,391.3999938964844,396.45001220703125,384.6000061035156,391.6499938964844,378.29046630859375,2682279,0.0,0.0
2023-08-21,392.0,399.79998779296875,390.1499938964844,398.79998779296875,385.1966247558594,1265957,0.0,0.0
2023-08-22,398.75,401.5,392.04998779296875,393.95001220703125,380.51202392578125,1889753,0.0,0.0
2023-08-23,392.0,396.0,387.1499938964844,393.3500061035156,379.9324951171875,2530723,0.0,0.0
2023-08-24,397.29998779296875,399.6499938964844,393.1000061035156,395.6000061035156,382.1057434082031,1713038,0.0,0.0
2023-08-25,395.3999938964844,398.0,388.0,389.1499938964844,375.87579345703125,2270218,0.0,0.0
2023-08-28,390.0,393.3500061035156,386.0,391.6000061035156,378.2422180175781,1805330,0.0,0.0
2023-08-29,392.70001220703125,397.75,388.5,389.6499938964844,376.35870361328125,2358611,0.0,0.0
2023-08-30,390.75,394.8999938964844,389.0,390.8500061035156,377.5177917480469,1690826,0.0,0.0
2023-08-31,393.20001220703125,393.20001220703125,387.04998779296875,388.3999938964844,375.1513366699219,1718513,0.0,0.0
2023-09-01,388.0,390.54998779296875,383.79998779296875,384.75,371.6258850097656,2601429,0.0,0.0
2023-09-04,386.8999938964844,390.29998779296875,383.54998779296875,389.8500061035156,376.5518798828125,1811974,0.0,0.0
2023-09-05,390.3500061035156,390.8500061035156,380.70001220703125,383.6000061035156,370.5151062011719,3094206,0.0,0.0
2023-09-06,382.5,384.8500061035156,371.25,382.25,369.21112060546875,3106579,0.0,0.0
2023-09-07,381.0,387.6000061035156,380.20001220703125,384.29998779296875,371.1911926269531,1920479,0.0,0.0
2023-09-08,386.75,386.75,381.04998779296875,381.6499938964844,368.631591796875,1330195,0.0,0.0
2023-09-11,384.0,385.5,382.0,383.6000061035156,370.5151062011719,1285174,0.0,0.0
2023-09-12,385.0,386.6499938964844,378.0,381.20001220703125,368.19696044921875,1699720,0.0,0.0
2023-09-13,378.5,386.70001220703125,376.8500061035156,385.0,371.8673095703125,1772526,0.0,0.0
2023-09-14,386.0,388.0,381.0,382.54998779296875,369.5008850097656,2576062,0.0,0.0
2023-09-15,384.0,391.1000061035156,375.29998779296875,376.3999938964844,363.5606689453125,4544616,0.0,0.0
2023-09-18,377.5,379.0,372.04998779296875,373.04998779296875,360.3249816894531,4073235,0.0,0.0
2023-09-20,370.0,379.8500061035156,370.0,378.95001220703125,366.023681640625,2135884,0.0,0.0
2023-09-21,369.04998779296875,373.3500061035156,366.70001220703125,368.79998779296875,356.21990966796875,5080181,0.0,0.0
2023-09-22,368.79998779296875,374.5,366.3500061035156,371.75,359.0693054199219,2440598,0.0,0.0
2023-09-25,373.70001220703125,378.25,372.25,377.45001220703125,364.57489013671875,1564689,0.0,0.0
2023-09-26,378.79998779296875,380.5,369.95001220703125,370.54998779296875,357.9101867675781,2786441,0.0,0.0
2023-09-27,372.29998779296875,378.0,370.0,376.5,363.6572570800781,1428700,0.0,0.0
2023-09-28,377.0,377.20001220703125,365.0,367.20001220703125,354.6745300292969,2395030,0.0,0.0
2023-09-29,369.95001220703125,375.20001220703125,368.1499938964844,368.6499938964844,356.07501220703125,1554249,0.0,0.0
2023-10-03,369.54998779296875,372.5,367.1000061035156,371.8999938964844,359.21417236328125,1852792,0.0,0.0
2023-10-04,371.45001220703125,371.45001220703125,366.0,370.3999938964844,357.76531982421875,1267442,0.0,0.0
2023-10-05,372.8500061035156,376.0,369.29998779296875,372.5,359.7937316894531,1835375,0.0,0.0
2023-10-06,373.45001220703125,382.1499938964844,372.70001220703125,380.3999938964844,367.4242248535156,3020445,0.0,0.0
2023-10-09,372.79998779296875,375.79998779296875,368.1000061035156,371.1000061035156,358.44146728515625,2405714,0.0,0.0
2023-10-10,373.3999938964844,378.0,372.25,375.20001220703125,362.4016418457031,1271420,0.0,0.0
2023-10-11,378.0,380.29998779296875,372.8999938964844,378.04998779296875,365.1543884277344,2343892,0.0,0.0
2023-10-12,379.1499938964844,383.8500061035156,377.5,379.29998779296875,366.36175537109375,2387602,0.0,0.0
2023-10-13,379.0,382.3999938964844,376.0,381.54998779296875,368.5350036621094,2264580,0.0,0.0
2023-10-16,379.54998779296875,381.75,373.29998779296875,380.6000061035156,367.617431640625,2283521,0.0,0.0
2023-10-17,389.0,394.5,386.8999938964844,389.8999938964844,376.6001892089844,8622451,0.0,0.0
2023-10-18,390.0,390.0,381.6499938964844,382.79998779296875,369.74237060546875,2846103,0.0,0.0
2023-10-19,382.0,386.25,378.1000061035156,385.0,371.8673095703125,2359339,0.0,0.0
2023-10-20,382.95001220703125,386.3999938964844,379.20001220703125,383.95001220703125,370.8531799316406,1309227,0.0,0.0
2023-10-23,383.3500061035156,385.3999938964844,371.70001220703125,375.0,362.2084045410156,1391548,0.0,0.0
2023-10-25,376.5,378.70001220703125,371.1000061035156,374.70001220703125,361.918701171875,1038613,0.0,0.0
2023-10-26,374.29998779296875,374.29998779296875,368.1000061035156,370.75,358.1034240722656,1509438,0.0,0.0
2023-10-27,371.8500061035156,377.54998779296875,371.75,375.6000061035156,362.7879638671875,779237,0.0,0.0
2023-10-30,377.8999938964844,377.8999938964844,370.6000061035156,374.1499938964844,361.387451171875,541858,0.0,0.0
2023-10-31,376.54998779296875,382.75,375.25,381.29998779296875,368.29351806640625,1049214,0.0,0.0
2023-11-01,383.8500061035156,386.5,380.1000061035156,380.70001220703125,367.7140197753906,850542,0.0,0.0
2023-11-02,387.0,389.70001220703125,383.0,387.3999938964844,374.1854553222656,1826171,0.0,0.0
2023-11-03,388.0,390.0,383.0,384.29998779296875,371.1911926269531,889186,0.0,0.0
2023-11-06,387.20001220703125,394.45001220703125,385.3500061035156,393.0,379.59442138671875,1910889,0.0,0.0
2023-11-07,393.3999938964844,393.3999938964844,382.0,384.1000061035156,370.998046875,3175840,0.0,0.0
2023-11-08,391.0,412.5,391.0,410.29998779296875,396.3043212890625,17051533,0.0,0.0
2023-11-09,412.0,427.79998779296875,412.0,417.8500061035156,403.5968017578125,10390383,0.0,0.0
2023-11-10,417.8500061035156,419.5,412.8999938964844,418.70001220703125,404.4178466796875,1716232,0.0,0.0
2023-11-13,418.95001220703125,418.95001220703125,414.04998779296875,415.45001220703125,401.2786560058594,1466163,0.0,0.0
2023-11-15,417.0,429.1499938964844,416.0,428.29998779296875,413.6903076171875,2601327,0.0,0.0
2023-11-16,428.95001220703125,432.3999938964844,425.1000061035156,427.8500061035156,413.2557067871094,2030076,0.0,0.0
2023-11-17,430.0,435.0,429.0,431.0,416.2982482910156,1542514,0.0,0.0
2023-11-20,433.0,433.1499938964844,421.1499938964844,425.8500061035156,411.3238830566406,1188556,0.0,0.0
2023-11-21,425.8500061035156,428.6000061035156,423.75,424.6000061035156,410.11651611328125,898555,0.0,0.0
2023-11-22,424.6000061035156,425.1499938964844,417.04998779296875,420.8500061035156,406.49444580078125,672426,0.0,0.0
2023-11-23,420.8500061035156,423.20001220703125,419.3999938964844,420.95001220703125,406.591064453125,585289,0.0,0.0
2023-11-24,420.79998779296875,421.95001220703125,413.95001220703125,414.6000061035156,400.4576721191406,1137441,0.0,0.0
2023-11-28,416.5,423.3500061035156,414.6000061035156,422.6000061035156,408.1847839355469,716242,0.0,0.0
2023-11-29,425.0,426.8999938964844,421.29998779296875,426.1000061035156,411.56536865234375,1207141,0.0,0.0
2023-11-30,426.75,430.45001220703125,425.0,427.3999938964844,412.821044921875,1791963,0.0,0.0
2023-12-01,431.04998779296875,445.79998779296875,431.04998779296875,442.45001220703125,427.3576965332031,4870523,0.0,0.0
2023-12-04,449.3999938964844,450.75,442.45001220703125,449.95001220703125,434.6018371582031,2696584,0.0,0.0
2023-12-05,455.0,461.79998779296875,448.6499938964844,458.6499938964844,443.00506591796875,3237324,0.0,0.0
2023-12-06,461.95001220703125,465.0,458.3500061035156,462.45001220703125,446.67547607421875,1904702,0.0,0.0
2023-12-07,463.45001220703125,475.70001220703125,451.29998779296875,455.1499938964844,439.62445068359375,3288285,0.0,0.0
2023-12-08,458.45001220703125,465.8500061035156,453.3999938964844,458.54998779296875,442.908447265625,2768845,0.0,0.0
2023-12-11,458.0,460.6000061035156,449.6000061035156,450.54998779296875,435.18133544921875,1284846,0.0,0.0
2023-12-12,452.8999938964844,457.75,447.54998779296875,449.8500061035156,434.5052490234375,1339067,0.0,0.0
2023-12-13,454.0,456.54998779296875,441.8500061035156,445.6499938964844,430.448486328125,1530566,0.0,0.0
2023-12-14,450.1000061035156,464.6499938964844,443.75,450.8500061035156,435.47113037109375,3150400,0.0,0.0
2023-12-15,454.0,465.75,446.45001220703125,450.54998779296875,435.18133544921875,2853749,0.0,0.0
2023-12-18,453.6499938964844,457.0,448.0,453.04998779296875,437.5960998535156,1175762,0.0,0.0
2023-12-19,464.5,485.0,454.0,455.3500061035156,439.8176574707031,12188346,0.0,0.0
2023-12-20,460.0,460.3500061035156,427.3500061035156,431.29998779296875,416.5879821777344,4042560,0.0,0.0
2023-12-21,427.95001220703125,437.5,419.25,430.25,415.57379150390625,4260102,0.0,0.0
2023-12-22,434.0,436.04998779296875,424.3999938964844,427.54998779296875,412.9659118652344,1682246,0.0,0.0
2023-12-26,429.70001220703125,431.20001220703125,425.25,430.3500061035156,415.67041015625,1600917,0.0,0.0
2023-12-27,431.1499938964844,442.5,431.1499938964844,435.6499938964844,420.7895812988281,2889653,0.0,0.0
2023-12-28,437.5,441.95001220703125,436.25,438.8999938964844,423.92877197265625,3217689,0.0,0.0
2023-12-29,439.95001220703125,455.1499938964844,439.04998779296875,454.04998779296875,438.56195068359375,3264903,0.0,0.0
2024-01-01,456.45001220703125,456.45001220703125,450.54998779296875,453.25,437.7892761230469,1679801,0.0,0.0
2024-01-02,454.0,457.95001220703125,448.25,456.45001220703125,440.880126953125,2359662,0.0,0.0
2024-01-03,456.0,460.54998779296875,453.54998779296875,457.75,442.1357421875,1161847,0.0,0.0
2024-01-04,460.0,460.0,447.25,448.8999938964844,433.5876159667969,2539469,0.0,0.0
2024-01-05,452.54998779296875,465.0,450.20001220703125,460.5,444.7919616699219,4674473,0.0,0.0
2024-01-08,461.45001220703125,462.0,453.75,454.75,439.2380676269531,1209682,0.0,0.0
2024-01-09,458.04998779296875,471.0,458.04998779296875,468.3500061035156,452.3741760253906,4395480,0.0,0.0
2024-01-10,468.45001220703125,469.95001220703125,462.5,466.70001220703125,450.780517578125,1704422,0.0,0.0
2024-01-11,469.0,474.3999938964844,467.0,468.8999938964844,452.9054260253906,2517234,0.0,0.0
2024-01-12,471.79998779296875,472.54998779296875,464.1499938964844,468.6499938964844,452.6639404296875,1848945,0.0,0.0
2024-01-15,471.95001220703125,473.6499938964844,467.25,472.29998779296875,456.1894226074219,1006054,0.0,0.0
2024-01-16,471.95001220703125,476.79998779296875,467.1000061035156,472.6000061035156,456.47918701171875,1690869,0.0,0.0
2024-01-17,468.0,482.8500061035156,465.54998779296875,471.75,455.6582336425781,2717197,0.0,0.0
2024-01-18,473.20001220703125,506.29998779296875,468.29998779296875,500.04998779296875,482.99285888671875,8869857,0.0,0.0
2024-01-19,503.95001220703125,504.5,494.54998779296875,503.45001220703125,486.27691650390625,2351287,0.0,0.0
2024-01-23,525.9500122070312,532.0,508.3999938964844,510.3999938964844,492.9898376464844,2409894,0.0,0.0
2024-01-24,513.2000122070312,526.8499755859375,508.95001220703125,525.75,507.8161926269531,1694554,0.0,0.0
2024-01-25,528.0999755859375,528.6500244140625,512.8499755859375,517.5999755859375,499.9442443847656,1623437,0.0,0.0
2024-01-29,518.0,528.9500122070312,515.1500244140625,527.25,509.2651062011719,1328581,0.0,0.0
2024-01-30,531.2000122070312,537.4500122070312,526.2000122070312,532.0,513.85302734375,1734251,0.0,0.0
2024-01-31,535.7999877929688,547.8499755859375,525.0999755859375,540.5,522.0631103515625,3944608,0.0,0.0
2024-02-01,544.0,544.0,533.0,533.9500122070312,515.736572265625,1821545,0.0,0.0
2024-02-02,539.9000244140625,544.7000122070312,536.8499755859375,539.7000122070312,521.2904052734375,895826,0.0,0.0
2024-02-05,541.5,552.3499755859375,539.7000122070312,545.5,526.8925170898438,1330649,0.0,0.0
2024-02-06,549.5,554.9500122070312,546.0,553.0,534.13671875,1628120,0.0,0.0
2024-02-07,556.0,556.7000122070312,547.25,552.2000122070312,533.3639526367188,999927,0.0,0.0
2024-02-08,556.0,557.9000244140625,537.5499877929688,538.7999877929688,520.4210815429688,2207877,0.0,0.0
2024-02-09,532.0,532.0,499.8500061035156,509.8999938964844,492.5068664550781,4008573,0.0,0.0
2024-02-12,518.0,520.9500122070312,508.25,512.6500244140625,495.1630859375,2572741,0.0,0.0
2024-02-13,515.9500122070312,518.2000122070312,504.04998779296875,510.79998779296875,493.3761901855469,1283153,0.0,0.0
2024-02-14,508.0,520.0,502.8500061035156,517.9500122070312,500.2823181152344,1572177,0.0,0.0
2024-02-15,522.5999755859375,525.0,517.0499877929688,520.5499877929688,502.7935791015625,1429181,0.0,0.0
2024-02-16,524.4500122070312,532.4500122070312,522.0,528.6500244140625,510.6173400878906,1555307,0.0,0.0
2024-02-19,530.0,537.2000122070312,527.0499877929688,531.7999877929688,513.6598510742188,1638779,0.0,0.0
2024-02-20,531.0,532.7999877929688,516.0499877929688,518.2000122070312,500.5238037109375,1786636,0.0,0.0
2024-02-21,521.0,525.0,514.0,516.25,498.64031982421875,846319,0.0,0.0
2024-02-22,519.5,524.5499877929688,513.0999755859375,522.8499755859375,505.0151672363281,716238,0.0,0.0
2024-02-23,524.0,528.0499877929688,520.75,523.75,505.88446044921875,736032,0.0,0.0
2024-02-26,524.5,530.0499877929688,519.6500244140625,526.25,508.2991943359375,1059568,0.0,0.0
2024-02-27,526.25,528.3499755859375,515.5499877929688,518.0499877929688,500.3788757324219,873528,0.0,0.0
2024-02-28,518.4000244140625,522.0999755859375,505.6499938964844,507.5,490.188720703125,1012079,0.0,0.0
2024-02-29,509.70001220703125,521.0,505.6000061035156,518.5,500.81353759765625,1504165,0.0,0.0
2024-03-01,519.4500122070312,532.5999755859375,519.4500122070312,529.7999877929688,511.72808837890625,1375573,0.0,0.0
2024-03-04,530.5499877929688,537.8499755859375,521.7000122070312,535.0999755859375,516.8472290039062,1620165,0.0,0.0
2024-03-05,536.4500122070312,546.0,534.0499877929688,542.0,523.5120239257812,2474793,0.0,0.0
2024-03-06,542.0,542.9500122070312,524.8499755859375,535.2999877929688,517.0404663085938,1088131,0.0,0.0
2024-03-07,536.5,536.5,515.5499877929688,516.7000122070312,499.0749816894531,2393023,0.0,0.0
2024-03-11,519.7999877929688,519.7999877929688,499.3500061035156,510.6499938964844,493.2312927246094,3071219,0.0,0.0
2024-03-12,508.0,512.4000244140625,500.70001220703125,507.1000061035156,489.8023986816406,2396316,0.0,0.0
2024-03-13,510.45001220703125,514.5499877929688,489.0,492.1000061035156,475.3140563964844,2850815,0.0,0.0
2024-03-14,493.3500061035156,505.54998779296875,481.75,502.54998779296875,485.4076232910156,2421237,0.0,0.0
2024-03-15,501.1000061035156,503.3500061035156,470.70001220703125,472.95001220703125,456.8172912597656,2923532,0.0,0.0
2024-03-18,475.0,475.8999938964844,457.20001220703125,458.1000061035156,442.47381591796875,5046215,0.0,0.0
2024-03-19,458.0,458.0,441.6499938964844,454.95001220703125,439.4312744140625,2469179,0.0,0.0
2024-03-20,459.70001220703125,459.70001220703125,444.0,452.04998779296875,436.6301574707031,1714931,0.0,0.0
2024-03-21,456.6000061035156,462.75,453.6000061035156,461.0,445.27490234375,1351780,0.0,0.0
2024-03-22,463.0,471.3500061035156,457.20001220703125,468.3500061035156,452.3741760253906,1670126,0.0,0.0
2024-03-26,469.5,474.25,465.1000061035156,471.45001220703125,455.36846923828125,1494231,0.0,0.0
2024-03-27,472.0,476.45001220703125,466.29998779296875,467.70001220703125,451.7463684082031,1248009,0.0,0.0
2024-03-28,468.0,470.6499938964844,462.70001220703125,466.45001220703125,450.5389709472656,1161982,0.0,0.0
2024-04-01,468.95001220703125,472.75,463.0,465.29998779296875,449.4282531738281,2061868,0.0,0.0
2024-04-02,466.79998779296875,474.0,464.6000061035156,470.1000061035156,454.06451416015625,2290801,0.0,0.0
2024-04-03,472.8500061035156,472.8500061035156,467.0,468.6499938964844,452.6639404296875,1304780,0.0,0.0
2024-04-04,472.3999938964844,474.75,458.95001220703125,459.8500061035156,444.1641540527344,1977977,0.0,0.0
2024-04-05,459.04998779296875,469.95001220703125,452.79998779296875,468.45001220703125,452.4708251953125,2777318,0.0,0.0
2024-04-08,473.3500061035156,473.95001220703125,467.29998779296875,469.8999938964844,453.8713073730469,1551758,0.0,0.0
2024-04-09,472.0,472.0,464.5,469.8500061035156,453.8230285644531,1399936,0.0,0.0
2024-04-10,472.0,491.1000061035156,472.0,488.75,472.0783386230469,4950136,0.0,0.0
2024-04-12,488.70001220703125,488.95001220703125,480.25,482.29998779296875,465.84832763671875,1955613,0.0,0.0
2024-04-15,472.0,480.6000061035156,462.6499938964844,473.29998779296875,457.1553039550781,1607704,0.0,0.0
2024-04-16,464.3500061035156,480.8999938964844,457.5,477.54998779296875,461.2603759765625,2466801,0.0,0.0
2024-04-18,480.1000061035156,485.3999938964844,470.25,473.20001220703125,457.05877685546875,1826053,0.0,0.0
2024-04-19,465.0,477.25,460.1499938964844,473.3999938964844,457.25189208984375,1677526,0.0,0.0
2024-04-22,476.0,494.1499938964844,475.45001220703125,480.04998779296875,463.6750793457031,3589441,0.0,0.0
2024-04-23,482.8999938964844,490.45001220703125,480.5,486.3999938964844,469.8085021972656,1449810,0.0,0.0
2024-04-24,489.3500061035156,490.3999938964844,484.75,486.54998779296875,469.953369140625,928098,0.0,0.0
2024-04-25,485.95001220703125,501.0,483.5,499.29998779296875,482.2684326171875,1971088,0.0,0.0
2024-04-26,500.45001220703125,501.29998779296875,489.79998779296875,492.3999938964844,475.60382080078125,1266683,0.0,0.0
2024-04-29,495.70001220703125,505.5,488.1000061035156,494.6499938964844,477.7770690917969,1830142,0.0,0.0
2024-04-30,497.45001220703125,517.0,495.1000061035156,510.1000061035156,492.7000732421875,5403633,0.0,0.0
2024-05-02,513.8499755859375,518.7999877929688,510.20001220703125,513.3499755859375,495.83917236328125,1486206,0.0,0.0
2024-05-03,505.0,510.8999938964844,495.1000061035156,502.54998779296875,485.4076232910156,2947783,0.0,0.0
2024-05-06,506.0,506.0,479.5,482.70001220703125,466.2347106933594,2692166,0.0,0.0
2024-05-07,484.0,486.0,473.20001220703125,478.3500061035156,462.0330810546875,1431009,0.0,0.0
2024-05-08,473.04998779296875,484.3500061035156,472.79998779296875,479.20001220703125,462.8541259765625,1248973,0.0,0.0
2024-05-09,481.75,485.3500061035156,476.0,478.54998779296875,462.22625732421875,1492554,0.0,0.0
2024-05-10,479.8999938964844,482.95001220703125,466.8999938964844,480.75,464.3511962890625,1246498,0.0,0.0
2024-05-13,484.95001220703125,485.6499938964844,472.79998779296875,477.8500061035156,461.5501403808594,999769,0.0,0.0
2024-05-14,477.1000061035156,481.5,469.1000061035156,474.1499938964844,457.9763488769531,1964775,0.0,0.0
2024-05-15,460.0,481.8999938964844,459.0,474.1000061035156,457.92803955078125,11896368,0.0,0.0
2024-05-16,484.8999938964844,508.29998779296875,479.04998779296875,488.1499938964844,471.498779296875,15576619,0.0,0.0
2024-05-17,490.1000061035156,501.1000061035156,486.0,489.29998779296875,472.60955810546875,3731519,0.0,0.0
2024-05-21,492.6000061035156,493.0,478.3500061035156,482.6000061035156,466.13812255859375,3001710,0.0,0.0
2024-05-22,502.0,510.0,480.3999938964844,490.75,474.0101013183594,9506341,0.0,0.0
2024-05-23,493.70001220703125,493.70001220703125,481.20001220703125,483.45001220703125,466.95916748046875,2904558,0.0,0.0
2024-05-24,483.45001220703125,487.6000061035156,480.3999938964844,481.6499938964844,465.22052001953125,1703680,0.0,0.0
2024-05-27,481.70001220703125,483.0,473.95001220703125,476.95001220703125,460.68084716796875,5617854,0.0,0.0
2024-05-28,476.95001220703125,479.70001220703125,471.1499938964844,473.95001220703125,457.7831726074219,2887519,0.0,0.0
2024-05-29,470.25,472.0,466.3999938964844,471.04998779296875,454.9820861816406,2459093,0.0,0.0
2024-05-30,471.04998779296875,477.6000061035156,463.0,465.75,449.8628845214844,4052768,0.0,0.0
2024-05-31,470.0,476.0,461.95001220703125,463.5,447.6896057128906,3935307,0.0,0.0
2024-06-03,477.0,479.75,469.1000061035156,476.6499938964844,460.3910827636719,2122390,0.0,0.0
2024-06-04,476.6000061035156,476.6499938964844,429.0,451.3999938964844,436.0024108886719,3876955,0.0,0.0
2024-06-05,454.0,473.3999938964844,447.3999938964844,470.1499938964844,454.1127624511719,2206982,0.0,0.0
2024-06-06,474.0,474.0,466.25,471.0,454.9338073730469,2364537,0.0,0.0
2024-06-07,474.0,486.54998779296875,470.1000061035156,485.04998779296875,468.5045471191406,3264588,0.0,0.0
2024-06-10,486.04998779296875,488.3999938964844,481.75,487.1499938964844,470.5329284667969,2132005,0.0,0.0
2024-06-11,487.1499938964844,488.0,480.3999938964844,481.3500061035156,464.9307556152344,2186575,0.0,0.0
2024-06-12,481.3500061035156,484.95001220703125,475.29998779296875,477.8999938964844,461.5984191894531,2130425,0.0,0.0
2024-06-13,478.25,481.79998779296875,475.95001220703125,476.70001220703125,460.4393615722656,1644139,0.0,0.0
2024-06-14,476.70001220703125,479.1499938964844,472.1000061035156,476.45001220703125,460.1979064941406,1748591,0.0,0.0
2024-06-18,477.25,488.6499938964844,477.0,484.79998779296875,468.2630615234375,3169655,0.0,0.0
2024-06-19,486.0,489.0,479.6499938964844,484.6499938964844,468.1181640625,3228626,0.0,0.0
2024-06-20,485.0,495.8999938964844,483.3999938964844,494.04998779296875,477.19757080078125,4238014,0.0,0.0
2024-06-21,496.95001220703125,507.0,490.45001220703125,502.04998779296875,484.9246520996094,5309186,0.0,0.0
2024-06-24,501.0,501.0,488.3999938964844,499.1499938964844,482.12353515625,3168748,0.0,0.0
2024-06-25,500.79998779296875,521.0,496.3500061035156,519.25,501.5379333496094,8427606,0.0,0.0
2024-06-26,525.0,527.8499755859375,515.0,517.75,500.0891418457031,6268773,0.0,0.0
2024-06-27,518.0,522.0,510.25,517.5499877929688,499.8958740234375,3845267,0.0,0.0
2024-06-28,518.0,547.5999755859375,516.5499877929688,541.9000244140625,523.4154052734375,11400917,0.0,0.0
2024-07-01,543.7000122070312,549.5,534.5499877929688,545.9000244140625,527.2788696289062,3427707,0.0,0.0
2024-07-02,547.4500122070312,550.1500244140625,533.8499755859375,535.5,517.233642578125,2740659,0.0,0.0
2024-07-03,538.0,539.6500244140625,528.5999755859375,534.7999877929688,516.5574951171875,2004346,0.0,0.0
2024-07-04,533.4000244140625,534.5,522.9000244140625,528.5,510.472412109375,2987714,0.0,0.0
2024-07-05,525.0,532.5,521.0,524.3499755859375,512.2798461914062,2008857,6.0,0.0
2024-07-08,527.0999755859375,533.5,520.0,522.3499755859375,510.3258361816406,2084124,0.0,0.0
2024-07-09,524.5499877929688,541.7999877929688,522.5499877929688,536.9000244140625,524.5409545898438,4915377,0.0,0.0
2024-07-10,542.3499755859375,542.4500122070312,518.4500122070312,527.8499755859375,515.6992797851562,3199536,0.0,0.0
2024-07-11,530.0,532.4000244140625,525.5,526.4000244140625,514.28271484375,1190567,0.0,0.0
2024-07-12,527.0499877929688,527.6500244140625,518.0,518.7999877929688,506.8575744628906,1113874,0.0,0.0
2024-07-15,525.0,547.9000244140625,522.5,539.75,527.3253173828125,9379442,0.0,0.0
2024-07-16,542.7000122070312,553.9000244140625,540.0,550.4500122070312,537.7789916992188,5548382,0.0,0.0
2024-07-18,550.4500122070312,555.1500244140625,544.9000244140625,549.9500122070312,537.2905883789062,5415470,0.0,0.0
2024-07-19,538.0,538.0,501.54998779296875,525.5999755859375,513.5010375976562,13115529,0.0,0.0
2024-07-22,524.0,528.75,519.6500244140625,525.4000244140625,513.3056640625,1510500,0.0,0.0
2024-07-23,525.4000244140625,526.2000122070312,500.5,518.5999755859375,506.6622314453125,2977480,0.0,0.0
2024-07-24,518.5499877929688,541.0,516.3499755859375,539.25,526.8369140625,2424545,0.0,0.0
2024-07-25,535.0,541.5,531.25,537.0,524.6386108398438,1848936,0.0,0.0
2024-07-26,544.2999877929688,558.5,532.5,550.4000244140625,537.730224609375,5476585,0.0,0.0
2024-07-29,557.0,564.5999755859375,546.0,551.75,539.0491333007812,2850913,0.0,0.0
2024-07-30,551.0,568.0499877929688,543.6500244140625,559.6500244140625,546.767333984375,3711263,0.0,0.0
2024-07-31,561.3499755859375,562.3499755859375,555.0,555.7000122070312,542.908203125,1230173,0.0,0.0
2024-08-01,556.4500122070312,560.0,545.5499877929688,551.5999755859375,538.9025268554688,1683013,0.0,0.0
2024-08-02,544.9500122070312,551.9000244140625,535.5,536.6500244140625,524.2967529296875,2286266,0.0,0.0
2024-08-05,527.9000244140625,536.5499877929688,519.0,523.7000122070312,511.6448059082031,1741274,0.0,0.0
2024-08-06,523.9500122070312,532.5,512.7999877929688,515.3499755859375,503.4869689941406,1205402,0.0,0.0
2024-08-07,520.25,526.9500122070312,515.25,520.2000122070312,508.22540283203125,1817252,0.0,0.0
2024-08-08,509.0,516.2000122070312,505.0,511.5,499.72564697265625,6058675,0.0,0.0
2024-08-09,510.0,510.0,489.70001220703125,491.8500061035156,480.52801513671875,4084029,0.0,0.0
2024-08-12,491.8500061035156,497.3999938964844,487.20001220703125,493.5,482.1400146484375,1950474,0.0,0.0
2024-08-13,495.75,495.75,482.79998779296875,485.3999938964844,474.2264099121094,1443176,0.0,0.0
2024-08-14,483.0,489.29998779296875,477.1499938964844,486.3999938964844,475.20343017578125,1512958,0.0,0.0
2024-08-16,490.0,491.54998779296875,480.04998779296875,485.1499938964844,473.9822082519531,1682594,0.0,0.0
2024-08-19,486.6000061035156,488.79998779296875,482.20001220703125,483.0,471.8817138671875,1262033,0.0,0.0
2024-08-20,485.0,499.8500061035156,483.6499938964844,499.04998779296875,487.5622253417969,3164460,0.0,0.0
2024-08-21,500.95001220703125,508.5,500.04998779296875,506.25,494.59649658203125,2794620,0.0,0.0
2024-08-22,500.5,510.8500061035156,500.5,507.6000061035156,495.9154357910156,1146477,0.0,0.0
2024-08-23,507.6000061035156,511.75,501.6000061035156,508.6000061035156,496.8924255371094,1160888,0.0,0.0
2024-08-26,510.0,511.29998779296875,501.04998779296875,502.45001220703125,490.8839416503906,1014998,0.0,0.0
2024-08-27,503.8999938964844,512.0,503.0,504.3999938964844,492.7890625,2140553,0.0,0.0
2024-08-28,504.6000061035156,506.3999938964844,496.0,497.5,486.04791259765625,1022790,0.0,0.0
2024-08-29,497.5,500.5,485.0,492.3500061035156,481.0164794921875,2589238,0.0,0.0
2024-08-30,495.75,498.70001220703125,491.6000061035156,492.8999938964844,481.5538024902344,2065720,0.0,0.0
2024-09-02,494.04998779296875,500.25,492.79998779296875,499.3500061035156,487.8553161621094,1146829,0.0,0.0
2024-09-03,500.0,503.95001220703125,497.70001220703125,502.8999938964844,491.3236083984375,1304842,0.0,0.0
2024-09-04,500.1000061035156,509.70001220703125,500.1000061035156,508.70001220703125,496.9901123046875,2143460,0.0,0.0
2024-09-05,512.9000244140625,515.5,509.1000061035156,512.0,500.2141418457031,1525806,0.0,0.0
2024-09-06,512.0499877929688,513.9000244140625,499.75,507.75,496.0619812011719,2354990,0.0,0.0
2024-09-09,507.0,513.0,499.1000061035156,512.3499755859375,500.5560607910156,2001905,0.0,0.0
2024-09-10,514.8499755859375,520.9000244140625,512.6500244140625,518.6500244140625,506.7110900878906,1291556,0.0,0.0
2024-09-11,523.0,526.2999877929688,515.0999755859375,523.6500244140625,511.59600830078125,2109435,0.0,0.0
2024-09-12,525.0499877929688,528.5,515.7000122070312,518.0499877929688,506.1248474121094,1652747,0.0,0.0
2024-09-13,520.7999877929688,531.3499755859375,517.0,526.7000122070312,514.5757446289062,1926342,0.0,0.0
2024-09-16,529.7000122070312,534.0999755859375,519.0999755859375,526.3499755859375,514.2337646484375,2222664,0.0,0.0
2024-09-17,527.9000244140625,527.9000244140625,515.0499877929688,518.25,506.32025146484375,1558438,0.0,0.0
2024-09-18,518.25,521.0,507.6499938964844,510.8999938964844,499.13946533203125,1013982,0.0,0.0
2024-09-19,512.7000122070312,519.8499755859375,505.6499938964844,518.4500122070312,506.51568603515625,1819180,0.0,0.0
2024-09-20,518.4500122070312,521.5999755859375,512.7999877929688,515.5999755859375,503.73126220703125,1691024,0.0,0.0
2024-09-23,516.9500122070312,522.9500122070312,515.7999877929688,520.0499877929688,508.0788269042969,848202,0.0,0.0
2024-09-24,520.0,530.5,517.6500244140625,528.6500244140625,516.4808349609375,1633423,0.0,0.0
2024-09-25,535.0,549.2999877929688,535.0,544.5499877929688,532.0148315429688,7034413,0.0,0.0
2024-09-26,545.0,584.9000244140625,537.4000244140625,564.25,551.2614135742188,3348655,0.0,0.0
2024-09-27,550.0,555.9000244140625,545.0,547.5499877929688,534.9457397460938,3442227,0.0,0.0
2024-09-30,547.5,551.0,538.5,547.8499755859375,535.2388916015625,1379284,0.0,0.0
2024-10-01,548.9500122070312,552.1500244140625,546.2000122070312,550.75,538.0721435546875,1285872,0.0,0.0
2024-10-03,531.2000122070312,550.0,523.6500244140625,525.7999877929688,513.6964721679688,2536501,0.0,0.0
2024-10-04,525.0,526.7000122070312,508.6499938964844,511.54998779296875,499.77447509765625,2664861,0.0,0.0
2024-10-07,511.6000061035156,515.0,498.79998779296875,502.25,490.6885681152344,1811289,0.0,0.0
2024-10-08,493.3500061035156,511.0,491.3999938964844,508.95001220703125,497.2343444824219,1904743,0.0,0.0
2024-10-09,515.0,519.3499755859375,505.75,507.1499938964844,495.47576904296875,1901453,0.0,0.0
2024-10-10,508.0,509.6499938964844,503.04998779296875,506.29998779296875,494.6453552246094,971249,0.0,0.0
2024-10-11,507.0,510.95001220703125,501.25,505.04998779296875,493.4241027832031,914550,0.0,0.0
2024-10-14,505.0,506.6499938964844,500.29998779296875,503.54998779296875,491.9586181640625,565136,0.0,0.0
2024-10-15,507.29998779296875,518.7000122070312,505.8500061035156,515.0,503.14508056640625,2520223,0.0,0.0
2024-10-16,515.75,522.9000244140625,508.45001220703125,518.7999877929688,506.8575744628906,1468467,0.0,0.0
2024-10-17,521.9000244140625,521.9000244140625,502.6000061035156,504.25,492.6425476074219,1451399,0.0,0.0
2024-10-18,495.0,510.8999938964844,494.95001220703125,505.75,494.1080322265625,1892408,0.0,0.0
2024-10-21,506.6499938964844,514.4000244140625,502.8999938964844,510.29998779296875,498.5532531738281,1264960,0.0,0.0
2024-10-22,512.5,513.0,493.45001220703125,497.1000061035156,485.6571044921875,1449912,0.0,0.0
2024-10-23,497.0,505.45001220703125,490.0,493.79998779296875,482.4330749511719,1457774,0.0,0.0
2024-10-24,498.0,498.0,483.20001220703125,487.5,476.2781066894531,1335924,0.0,0.0
2024-10-25,488.04998779296875,491.04998779296875,474.25,480.04998779296875,468.99957275390625,1156896,0.0,0.0
2024-10-28,481.1000061035156,490.6000061035156,479.75,486.3999938964844,475.20343017578125,611546,0.0,0.0
2024-10-29,487.29998779296875,500.3999938964844,478.1000061035156,499.04998779296875,487.5622253417969,1355140,0.0,0.0
2024-10-30,498.25,505.3500061035156,495.3500061035156,497.6000061035156,486.1456298828125,1207029,0.0,0.0
2024-10-31,497.3999938964844,508.0,494.6499938964844,504.95001220703125,493.3264465332031,1063823,0.0,0.0
2024-11-01,499.25,505.5,499.25,503.20001220703125,491.6167297363281,198515,0.0,0.0
2024-11-04,502.95001220703125,504.0,480.1000061035156,485.20001220703125,474.03106689453125,1707365,0.0,0.0
2024-11-05,485.20001220703125,490.3500061035156,474.75,482.45001220703125,471.3443603515625,1014214,0.0,0.0
2024-11-06,482.95001220703125,491.79998779296875,479.25,490.3999938964844,479.1113586425781,902846,0.0,0.0
2024-11-07,492.79998779296875,498.3999938964844,492.0,497.5,486.04791259765625,1144341,0.0,0.0
2024-11-08,497.5,499.70001220703125,486.54998779296875,491.04998779296875,479.74639892578125,701717,0.0,0.0
2024-11-11,491.54998779296875,493.45001220703125,481.04998779296875,483.25,472.1259460449219,1150891,0.0,0.0
2024-11-12,483.29998779296875,487.3500061035156,470.3500061035156,471.3500061035156,460.4998779296875,1268350,0.0,0.0
2024-11-13,468.8500061035156,472.3500061035156,454.8999938964844,456.6000061035156,446.08941650390625,1567349,0.0,0.0
2024-11-14,449.95001220703125,478.54998779296875,448.1499938964844,475.29998779296875,464.3589172363281,4069068,0.0,0.0
2024-11-18,471.29998779296875,477.8999938964844,465.6000061035156,472.04998779296875,461.1837463378906,1013363,0.0,0.0
2024-11-19,471.79998779296875,491.3500061035156,471.0,486.25,475.056884765625,1562532,0.0,0.0
2024-11-21,479.0,486.25,477.1499938964844,481.29998779296875,470.2207946777344,878039,0.0,0.0
2024-11-22,481.29998779296875,496.1000061035156,479.8999938964844,495.0,483.6054992675781,1105580,0.0,0.0
2024-11-25,495.1000061035156,508.1499938964844,495.1000061035156,503.79998779296875,492.202880859375,1334995,0.0,0.0
2024-11-26,505.3500061035156,521.3499755859375,504.3500061035156,519.9500122070312,507.9811706542969,1562417,0.0,0.0
2024-11-27,519.9500122070312,522.4000244140625,509.0,513.1500244140625,501.33770751953125,1041251,0.0,0.0
2024-11-28,513.1500244140625,515.0,506.1000061035156,510.3999938964844,498.6509704589844,821040,0.0,0.0
2024-11-29,509.79998779296875,511.8500061035156,504.3999938964844,509.6499938964844,497.9182434082031,832397,0.0,0.0
2024-12-02,509.8999938964844,516.2000122070312,506.3500061035156,513.75,501.9238586425781,706642,0.0,0.0
2024-12-03,515.4000244140625,524.75,513.8499755859375,521.4500122070312,509.4466552734375,725837,0.0,0.0
2024-12-04,523.9500122070312,536.9000244140625,518.75,534.4500122070312,522.1473388671875,1521606,0.0,0.0
2024-12-05,537.4500122070312,543.9000244140625,534.9000244140625,540.4500122070312,528.0092163085938,1629867,0.0,0.0
2024-12-06,540.4500122070312,544.6500244140625,536.2999877929688,541.7999877929688,529.328125,1032518,0.0,0.0
2024-12-09,538.0,557.0,537.2000122070312,549.0999755859375,536.4601440429688,1732714,0.0,0.0
2024-12-10,546.25,547.0,538.0999755859375,541.2000122070312,528.7420043945312,1667380,0.0,0.0
2024-12-11,538.0999755859375,545.2999877929688,538.0999755859375,541.3499755859375,528.8884887695312,869855,0.0,0.0
2024-12-12,541.0,544.25,536.6500244140625,541.0,528.5465698242188,1103461,0.0,0.0
2024-12-13,540.9000244140625,550.0,537.9000244140625,547.7999877929688,535.1900024414062,2150181,0.0,0.0
2024-12-16,548.0,550.4500122070312,539.25,540.0999755859375,527.6672973632812,1016683,0.0,0.0
2024-12-17,540.0,540.4500122070312,530.3499755859375,532.8499755859375,520.5841674804688,1754369,0.0,0.0
2024-12-18,530.0499877929688,535.2999877929688,529.2000122070312,530.75,518.5325317382812,1174356,0.0,0.0
2024-12-19,520.0999755859375,530.9000244140625,520.0499877929688,530.0,517.7998046875,704464,0.0,0.0
2024-12-20,527.0,536.0,526.1500244140625,531.9500122070312,519.7048950195312,2669277,0.0,0.0
2024-12-23,533.9000244140625,536.9000244140625,527.0,532.0999755859375,519.8514404296875,637912,0.0,0.0
2024-12-24,532.0999755859375,540.0,531.0,534.7999877929688,522.4892578125,1418312,0.0,0.0
2024-12-26,537.7999877929688,544.25,534.0999755859375,542.25,529.7677612304688,1433508,0.0,0.0
2024-12-27,540.0,546.0,534.7999877929688,540.7000122070312,528.2534790039062,2240285,0.0,0.0
2024-12-30,538.0,540.5499877929688,530.3499755859375,536.6500244140625,524.2967529296875,1319122,0.0,0.0
2024-12-31,533.9500122070312,540.25,528.0,529.4000244140625,517.213623046875,452808,0.0,0.0
2025-01-01,529.4000244140625,530.5,521.5999755859375,527.5499877929688,515.4061889648438,452770,0.0,0.0
2025-01-02,529.9000244140625,530.7000122070312,517.0,526.5499877929688,514.42919921875,945975,0.0,0.0
2025-01-03,526.6500244140625,529.2000122070312,510.54998779296875,511.95001220703125,500.165283203125,1530218,0.0,0.0
2025-01-06,511.5,513.5,497.1000061035156,500.75,489.2231140136719,1029267,0.0,0.0
2025-01-07,501.3500061035156,505.6499938964844,496.54998779296875,498.1000061035156,486.6341247558594,2127349,0.0,0.0
2025-01-08,498.0,498.0,479.3999938964844,482.8999938964844,471.78399658203125,1082081,0.0,0.0
2025-01-09,485.04998779296875,486.1000061035156,474.04998779296875,475.6000061035156,464.65203857421875,1426100,0.0,0.0
2025-01-10,475.54998779296875,476.95001220703125,458.5,462.0,451.3651123046875,3414061,0.0,0.0
2025-01-13,452.0,460.45001220703125,440.95001220703125,443.1499938964844,432.9490051269531,1225767,0.0,0.0
2025-01-14,446.8999938964844,456.70001220703125,446.1499938964844,452.79998779296875,442.3768615722656,923545,0.0,0.0
2025-01-15,454.29998779296875,459.3500061035156,452.20001220703125,454.75,444.2819519042969,1855864,0.0,0.0
2025-01-16,457.0,465.3500061035156,453.75,455.6000061035156,445.1124267578125,1544374,0.0,0.0
2025-01-17,457.5,458.70001220703125,449.0,452.79998779296875,442.3768615722656,674210,0.0,0.0
2025-01-20,452.79998779296875,454.8999938964844,447.25,451.29998779296875,440.911376953125,2372010,0.0,0.0
2025-01-21,453.6000061035156,458.20001220703125,446.3500061035156,447.6000061035156,437.2966003417969,1474758,0.0,0.0
2025-01-22,449.95001220703125,453.45001220703125,432.6499938964844,439.0,428.89453125,1380036,0.0,0.0
2025-01-23,438.45001220703125,442.20001220703125,431.79998779296875,438.8999938964844,428.7968444824219,965428,0.0,0.0
2025-01-24,439.04998779296875,440.79998779296875,422.45001220703125,423.3999938964844,413.65362548828125,1226597,0.0,0.0
2025-01-27,421.0,421.0,407.04998779296875,419.54998779296875,409.8922424316406,3135587,0.0,0.0
2025-01-28,424.8999938964844,430.0,418.1000061035156,423.75,413.99560546875,3136478,0.0,0.0
2025-01-29,424.0,429.29998779296875,422.04998779296875,423.95001220703125,414.19097900390625,1827081,0.0,0.0
2025-01-30,425.1000061035156,434.8999938964844,420.0,432.79998779296875,422.8372497558594,2822251,0.0,0.0
2025-01-31,433.0,439.1000061035156,430.75,437.29998779296875,427.233642578125,1118848,0.0,0.0
2025-02-01,440.1499938964844,441.25,421.3500061035156,426.3500061035156,416.5357360839844,1195015,0.0,0.0
2025-02-03,424.0,428.3999938964844,411.3500061035156,414.6499938964844,405.1050720214844,1118063,0.0,0.0
2025-02-04,416.04998779296875,423.3500061035156,415.5,421.95001220703125,412.2370300292969,1065386,0.0,0.0
2025-02-05,421.95001220703125,426.1499938964844,419.25,420.1000061035156,410.42962646484375,928712,0.0,0.0
2025-02-06,422.95001220703125,422.95001220703125,413.54998779296875,416.3999938964844,406.81475830078125,967039,0.0,0.0
2025-02-07,414.0,430.8999938964844,414.0,426.1499938964844,416.34033203125,5953396,0.0,0.0
2025-02-10,429.0,437.3500061035156,420.1000061035156,422.70001220703125,412.9697570800781,2734651,0.0,0.0
2025-02-11,423.04998779296875,426.8999938964844,413.6499938964844,417.54998779296875,407.93829345703125,1534407,0.0,0.0
2025-02-12,417.1499938964844,419.6499938964844,408.1000061035156,412.79998779296875,403.2976379394531,1397333,0.0,0.0
2025-02-13,415.6499938964844,425.5,412.3999938964844,420.70001220703125,411.01580810546875,1540335,0.0,0.0
2025-02-14,422.54998779296875,424.29998779296875,410.0,413.20001220703125,403.68841552734375,817075,0.0,0.0
2025-02-17,414.0,417.6000061035156,403.5,416.29998779296875,406.7170715332031,713099,0.0,0.0
2025-02-18,414.04998779296875,418.20001220703125,406.6000061035156,412.1000061035156,402.6137390136719,706450,0.0,0.0
2025-02-19,410.95001220703125,415.45001220703125,407.29998779296875,413.3999938964844,403.8838195800781,725275,0.0,0.0
2025-02-20,412.0,419.45001220703125,409.29998779296875,418.3999938964844,408.7687072753906,663978,0.0,0.0
2025-02-21,418.3999938964844,423.54998779296875,407.25,408.6499938964844,399.2431640625,1152287,0.0,0.0
2025-02-24,408.5,408.5,399.29998779296875,401.3500061035156,392.1112060546875,1539491,0.0,0.0
2025-02-25,401.3500061035156,404.70001220703125,398.1000061035156,398.95001220703125,389.7664794921875,2001189,0.0,0.0
2025-02-27,398.95001220703125,400.20001220703125,389.0,389.95001220703125,380.9736633300781,1377674,0.0,0.0
2025-02-28,388.8999938964844,389.6499938964844,373.3500061035156,374.29998779296875,365.68389892578125,1471211,0.0,0.0
2025-03-03,378.1000061035156,388.8999938964844,370.8999938964844,387.29998779296875,378.3846130371094,1529627,0.0,0.0
2025-03-04,386.8999938964844,386.8999938964844,377.79998779296875,378.70001220703125,369.98260498046875,1414972,0.0,0.0
2025-03-05,379.1499938964844,390.6499938964844,379.1499938964844,389.45001220703125,380.48516845703125,1515699,0.0,0.0
2025-03-06,399.0,407.70001220703125,393.5,400.8500061035156,391.62274169921875,2546433,0.0,0.0
2025-03-07,400.8500061035156,413.5,397.6499938964844,411.70001220703125,402.22296142578125,2631376,0.0,0.0
2025-03-10,411.5,414.75,406.1499938964844,408.79998779296875,399.38970947265625,1423560,0.0,0.0
2025-03-11,404.8999938964844,407.3500061035156,401.04998779296875,402.1000061035156,392.8439636230469,888015,0.0,0.0
2025-03-12,404.54998779296875,410.8999938964844,402.29998779296875,407.3500061035156,397.97308349609375,1005723,0.0,0.0
2025-03-13,408.0,409.20001220703125,399.1000061035156,400.95001220703125,391.7204284667969,507073,0.0,0.0
2025-03-17,399.5,404.0,396.20001220703125,402.29998779296875,393.0393371582031,632742,0.0,0.0
2025-03-18,402.29998779296875,402.29998779296875,402.29998779296875,402.29998779296875,393.0393371582031,0,0.0,0.0
2025-03-19,412.1000061035156,428.6499938964844,410.0,425.04998779296875,415.2656555175781,1571421,0.0,0.0
2025-03-20,425.04998779296875,428.54998779296875,420.54998779296875,427.0,417.1707763671875,1396944,0.0,0.0
2025-03-21,426.6000061035156,428.70001220703125,422.6000061035156,425.8500061035156,416.0472412109375,1318195,0.0,0.0
2025-03-24,428.70001220703125,435.29998779296875,422.8500061035156,432.95001220703125,422.98382568359375,1315906,0.0,0.0
2025-03-25,440.5,440.6499938964844,424.6000061035156,432.20001220703125,422.2510681152344,2006204,0.0,0.0
2025-03-26,431.45001220703125,435.29998779296875,426.1499938964844,429.6000061035156,419.7109375,1499465,0.0,0.0
2025-03-27,429.6000061035156,432.0,420.04998779296875,428.0,418.14776611328125,1946020,0.0,0.0
2025-03-28,430.04998779296875,433.04998779296875,422.75,426.04998779296875,416.24261474609375,1445919,0.0,0.0
2025-04-01,425.0,429.3500061035156,420.54998779296875,422.54998779296875,412.82318115234375,569201,0.0,0.0
2025-04-02,422.0,429.0,417.75,428.25,418.3919982910156,394646,0.0,0.0
2025-04-03,422.1000061035156,427.29998779296875,420.04998779296875,423.25,413.5071105957031,1875908,0.0,0.0
2025-04-04,425.0,425.5,406.20001220703125,407.95001220703125,398.559326171875,718028,0.0,0.0
2025-04-07,375.0,406.70001220703125,375.0,397.45001220703125,388.3009948730469,1562496,0.0,0.0
2025-04-08,402.0,405.1499938964844,392.5,401.45001220703125,392.2089538574219,1170323,0.0,0.0
2025-04-09,399.0,409.29998779296875,395.6499938964844,407.79998779296875,398.4127197265625,844827,0.0,0.0
2025-04-11,419.8999938964844,428.70001220703125,411.8999938964844,427.75,417.90350341796875,2909571,0.0,0.0
2025-04-15,428.6000061035156,439.75,428.6000061035156,439.1000061035156,428.99224853515625,2527163,0.0,0.0
2025-04-16,439.3999938964844,449.0,436.6000061035156,448.20001220703125,437.8827819824219,1618991,0.0,0.0
2025-04-17,448.8999938964844,454.8999938964844,443.8500061035156,451.75,441.3510437011719,1323859,0.0,0.0
2025-04-21,451.79998779296875,462.3500061035156,448.20001220703125,460.79998779296875,450.1927185058594,1435427,0.0,0.0
2025-04-22,461.54998779296875,465.8500061035156,457.95001220703125,462.3999938964844,451.7558898925781,776057,0.0,0.0
2025-04-23,465.54998779296875,467.0,457.04998779296875,460.1499938964844,449.5576477050781,778254,0.0,0.0
2025-04-24,460.1499938964844,472.8999938964844,456.6499938964844,470.45001220703125,459.62060546875,1488463,0.0,0.0
2025-04-25,472.3999938964844,474.3500061035156,455.45001220703125,461.3999938964844,450.7789001464844,1520153,0.0,0.0
2025-04-28,459.0,461.0,445.8999938964844,459.45001220703125,448.8738098144531,927869,0.0,0.0
2025-04-29,461.70001220703125,464.29998779296875,453.0,455.95001220703125,445.4543762207031,883384,0.0,0.0
2025-04-30,454.79998779296875,475.29998779296875,454.29998779296875,471.8999938964844,461.0372009277344,4518564,0.0,0.0
2025-05-02,475.0,479.8500061035156,469.45001220703125,476.5,465.53131103515625,2442258,0.0,0.0
2025-05-05,485.0,491.75,481.6499938964844,487.79998779296875,476.5711669921875,2673499,0.0,0.0
2025-05-06,487.79998779296875,490.3500061035156,480.0,482.8500061035156,471.73516845703125,1576060,0.0,0.0
2025-05-07,473.20001220703125,499.0,473.0,494.75,483.3612060546875,2421760,0.0,0.0
2025-05-08,498.5,503.95001220703125,481.0,484.6000061035156,473.4448547363281,1547020,0.0,0.0
2025-05-09,478.95001220703125,482.0,460.1000061035156,466.6000061035156,455.8592224121094,2729954,0.0,0.0
2025-05-12,475.0,483.0,472.0,481.0,469.927734375,1521186,0.0,0.0
2025-05-13,483.3999938964844,484.0,467.6499938964844,472.3999938964844,461.52569580078125,1804302,0.0,0.0
2025-05-14,473.8999938964844,478.29998779296875,469.75,475.3500061035156,464.40777587890625,1258392,0.0,0.0
2025-05-15,474.0,490.8500061035156,474.0,480.45001220703125,469.3904113769531,3830238,0.0,0.0
2025-05-16,487.0,509.79998779296875,483.5,494.25,482.87274169921875,4576424,0.0,0.0
2025-05-19,495.0,498.29998779296875,487.6499938964844,488.54998779296875,477.30389404296875,1127526,0.0,0.0
2025-05-20,490.95001220703125,491.95001220703125,484.5,489.3500061035156,478.08551025390625,2090317,0.0,0.0
2025-05-21,490.1000061035156,492.6499938964844,482.25,488.1000061035156,476.8642883300781,1273074,0.0,0.0
2025-05-22,490.5,492.8999938964844,483.70001220703125,491.8500061035156,480.52801513671875,722099,0.0,0.0
2025-05-23,495.0,497.70001220703125,491.0,494.70001220703125,483.3123779296875,903008,0.0,0.0
2025-05-26,494.3999938964844,500.54998779296875,488.04998779296875,495.1499938964844,483.75201416015625,1279138,0.0,0.0
2025-05-27,495.0,499.04998779296875,492.6499938964844,494.0,482.62847900390625,1116601,0.0,0.0
2025-05-28,495.0,497.0,492.29998779296875,493.8500061035156,482.4819641113281,903521,0.0,0.0
2025-05-29,494.3999938964844,495.6499938964844,478.0,479.3500061035156,468.31573486328125,2039952,0.0,0.0
2025-05-30,481.95001220703125,483.54998779296875,465.70001220703125,470.54998779296875,459.71826171875,1058286,0.0,0.0
2025-06-02,467.75,474.8999938964844,464.29998779296875,471.5,460.6463928222656,899808,0.0,0.0
2025-06-03,471.5,472.0,463.1499938964844,465.5,454.7845458984375,1201526,0.0,0.0
2025-06-04,466.5,466.8999938964844,456.6499938964844,458.1499938964844,447.6037292480469,922039,0.0,0.0
2025-06-05,461.29998779296875,466.75,460.0,462.6499938964844,452.0001220703125,619545,0.0,0.0
2025-06-06,465.8999938964844,476.0,459.5,471.20001220703125,460.35333251953125,1505404,0.0,0.0
2025-06-09,475.8999938964844,477.0,468.0,472.45001220703125,461.5745544433594,1044052,0.0,0.0
2025-06-10,474.6000061035156,475.3500061035156,466.1000061035156,467.8999938964844,457.1292724609375,1220459,0.0,0.0
2025-06-11,469.0,472.0,461.5,462.45001220703125,451.8047790527344,722412,0.0,0.0
2025-06-12,462.3999938964844,465.8999938964844,453.25,457.1499938964844,446.6267395019531,904050,0.0,0.0
2025-06-13,441.0,456.70001220703125,440.0,451.95001220703125,441.5464782714844,802931,0.0,0.0
2025-06-16,450.29998779296875,451.95001220703125,444.45001220703125,447.54998779296875,437.2477111816406,486765,0.0,0.0
2025-06-17,448.3999938964844,449.8999938964844,443.45001220703125,445.20001220703125,434.95184326171875,505842,0.0,0.0
2025-06-18,444.8999938964844,449.0,442.1000061035156,445.3999938964844,435.147216796875,371685,0.0,0.0
2025-06-19,445.3999938964844,449.0,441.6000061035156,447.1000061035156,436.80810546875,549348,0.0,0.0
2025-06-20,447.45001220703125,448.5,436.1000061035156,439.79998779296875,429.6761169433594,2304684,0.0,0.0
2025-06-23,439.0,444.8999938964844,435.29998779296875,443.5,433.29095458984375,650748,0.0,0.0
2025-06-24,450.0,452.20001220703125,441.5,446.45001220703125,436.1730651855469,896805,0.0,0.0
2025-06-25,447.1000061035156,452.3500061035156,444.25,451.04998779296875,440.6671447753906,1379568,0.0,0.0
2025-06-26,452.20001220703125,454.95001220703125,445.79998779296875,446.6000061035156,436.319580078125,1208086,0.0,0.0
2025-06-27,449.0,453.0,445.70001220703125,447.3500061035156,437.05230712890625,1374368,0.0,0.0
2025-06-30,449.1499938964844,452.5,446.8999938964844,448.79998779296875,438.4689636230469,440931,0.0,0.0
2025-07-01,449.04998779296875,451.3999938964844,445.5,447.70001220703125,437.394287109375,418710,0.0,0.0
2025-07-02,449.3999938964844,470.8999938964844,448.54998779296875,466.79998779296875,456.0545959472656,7350003,0.0,0.0
2025-07-03,469.5,471.0,461.25,462.6000061035156,451.9512939453125,2422706,0.0,0.0
2025-07-04,462.95001220703125,467.0,456.25,459.1499938964844,448.5807189941406,564838,0.0,0.0
2025-07-07,459.04998779296875,463.6000061035156,455.6000061035156,460.3999938964844,449.80194091796875,488674,0.0,0.0
2025-07-08,460.0,475.0,457.5,471.75,460.89068603515625,1947914,0.0,0.0
2025-07-09,473.0,476.54998779296875,468.1000061035156,473.8999938964844,462.99114990234375,2041231,0.0,0.0
2025-07-10,476.0,477.1000061035156,470.04998779296875,472.25,461.379150390625,918685,0.0,0.0
2025-07-11,468.0,470.70001220703125,457.0,458.6000061035156,452.8378601074219,1096347,5.0,0.0
2025-07-14,458.0,461.45001220703125,451.79998779296875,453.5,447.8019104003906,768813,0.0,0.0
2025-07-15,456.0,461.5,455.04998779296875,459.45001220703125,453.67718505859375,871453,0.0,0.0
2025-07-16,459.0,462.5,454.29998779296875,455.20001220703125,449.4805908203125,723678,0.0,0.0
2025-07-17,457.29998779296875,473.0,455.25,458.1499938964844,452.39349365234375,2921721,0.0,0.0
2025-07-18,458.8999938964844,461.0,454.20001220703125,455.1499938964844,449.4311828613281,507733,0.0,0.0
2025-07-21,455.0,455.95001220703125,446.45001220703125,450.54998779296875,444.88897705078125,759137,0.0,0.0
2025-07-22,452.0,454.95001220703125,448.0,449.54998779296875,443.9015197753906,369290,0.0,0.0
2025-07-23,451.70001220703125,458.8999938964844,448.54998779296875,457.95001220703125,452.1960144042969,563753,0.0,0.0
2025-07-24,457.95001220703125,465.5,455.70001220703125,459.1000061035156,453.3315734863281,779549,0.0,0.0
2025-07-25,459.0,459.8500061035156,452.3500061035156,455.04998779296875,449.33245849609375,442237,0.0,0.0
2025-07-28,455.75,461.70001220703125,447.45001220703125,451.95001220703125,446.27142333984375,547315,0.0,0.0
2025-07-29,451.8999938964844,458.5,449.04998779296875,455.8999938964844,450.1717529296875,259720,0.0,0.0
2025-07-30,457.95001220703125,463.25,455.04998779296875,460.04998779296875,454.2696228027344,465687,0.0,0.0
2025-07-31,456.5,460.75,447.04998779296875,449.70001220703125,444.0496826171875,405420,0.0,0.0
2025-08-01,450.70001220703125,454.70001220703125,439.20001220703125,440.8500061035156,435.31085205078125,227026,0.0,0.0
2025-08-04,444.0,444.79998779296875,437.04998779296875,441.45001220703125,435.9033508300781,250458,0.0,0.0
2025-08-05,442.29998779296875,446.1499938964844,438.75,439.8500061035156,434.3234558105469,256491,0.0,0.0
2025-08-06,439.8500061035156,443.8500061035156,431.1000061035156,435.1000061035156,429.63311767578125,417114,0.0,0.0
2025-08-07,435.1000061035156,438.3500061035156,427.70001220703125,436.25,430.7686767578125,227665,0.0,0.0
2025-08-08,425.6000061035156,437.79998779296875,421.0,434.20001220703125,428.7444152832031,519716,0.0,0.0
2025-08-11,434.25,440.95001220703125,430.0,438.8999938964844,433.3853759765625,282065,0.0,0.0
2025-08-12,441.0,448.95001220703125,434.79998779296875,446.6499938964844,441.0379943847656,451459,0.0,0.0
2025-08-13,446.6499938964844,446.95001220703125,438.0,444.6499938964844,439.0631103515625,492562,0.0,0.0
2025-08-14,444.6499938964844,445.6000061035156,430.04998779296875,432.29998779296875,426.8682861328125,612195,0.0,0.0
2025-08-18,436.79998779296875,468.75,431.0,464.45001220703125,458.6143493652344,2446895,0.0,0.0
2025-08-19,462.0,468.0,455.79998779296875,466.29998779296875,460.4410705566406,1237000,0.0,0.0
2025-08-20,467.0,469.70001220703125,462.0,467.29998779296875,461.42852783203125,606469,0.0,0.0
2025-08-21,467.3500061035156,467.95001220703125,460.0,464.70001220703125,458.8612060546875,519012,0.0,0.0
2025-08-22,464.45001220703125,467.5,456.5,465.75,459.89801025390625,562831,0.0,0.0
2025-08-25,465.95001220703125,471.29998779296875,463.0,465.79998779296875,459.9473571777344,756689,0.0,0.0
2025-08-26,465.79998779296875,465.8999938964844,455.0,456.54998779296875,450.8135986328125,718649,0.0,0.0
2025-08-28,456.5,462.1499938964844,453.5,457.54998779296875,451.801025390625,609203,0.0,0.0
2025-08-29,459.75,463.54998779296875,454.70001220703125,462.20001220703125,456.3926086425781,681893,0.0,0.0
2025-09-01,464.5,471.5,463.25,467.6000061035156,461.7247619628906,993342,0.0,0.0
2025-09-02,469.0,493.0,467.0,487.79998779296875,481.6709289550781,6936286,0.0,0.0
2025-09-03,491.04998779296875,495.70001220703125,482.3999938964844,485.6499938964844,479.5479736328125,1536058,0.0,0.0
2025-09-04,492.0,497.79998779296875,481.04998779296875,485.5,479.3998718261719,2501551,0.0,0.0
2025-09-05,486.0,488.0,479.04998779296875,482.79998779296875,476.7337646484375,572558,0.0,0.0
2025-09-08,484.95001220703125,491.0,478.3500061035156,480.0,473.9689636230469,638840,0.0,0.0
2025-09-09,482.6499938964844,485.0,477.25,481.3999938964844,475.35137939453125,447151,0.0,0.0
2025-09-10,483.5,483.8999938964844,473.1000061035156,479.54998779296875,473.52459716796875,875353,0.0,0.0
2025-09-11,480.1499938964844,480.29998779296875,475.1499938964844,477.79998779296875,471.79656982421875,642776,0.0,0.0
2025-09-12,480.1499938964844,481.0,470.0,475.45001220703125,469.47613525390625,1390599,0.0,0.0
2025-09-15,476.0,486.3999938964844,470.54998779296875,479.20001220703125,473.1790466308594,975708,0.0,0.0
2025-09-16,480.5,491.0,479.75,486.25,480.14044189453125,1587021,0.0,0.0
2025-09-17,493.95001220703125,499.0,482.25,483.45001220703125,477.3756408691406,2095486,0.0,0.0
2025-09-18,486.70001220703125,491.0,481.25,484.54998779296875,478.4617919921875,610388,0.0,0.0
2025-09-19,485.0,485.04998779296875,476.04998779296875,480.6499938964844,474.61077880859375,947737,0.0,0.0
2025-09-22,483.0,490.3999938964844,481.3500061035156,486.3999938964844,480.2885437011719,1131081,0.0,0.0
2025-09-23,486.3999938964844,497.6499938964844,486.3500061035156,489.04998779296875,482.9052429199219,2074346,0.0,0.0
2025-09-24,490.75,495.79998779296875,483.5,494.70001220703125,488.4842834472656,1568815,0.0,0.0
2025-09-25,494.3500061035156,495.8999938964844,488.20001220703125,493.25,487.052490234375,1016220,0.0,0.0
2025-09-26,492.0,492.0,472.54998779296875,479.8999938964844,473.8702087402344,806706,0.0,0.0
2025-09-29,483.25,483.25,464.0,465.54998779296875,459.70050048828125,884958,0.0,0.0
2025-09-30,469.25,474.29998779296875,465.54998779296875,472.95001220703125,467.0075378417969,1138550,0.0,0.0
2025-10-01,472.95001220703125,473.0,463.25,467.6499938964844,461.7741394042969,799502,0.0,0.0
2025-10-03,469.20001220703125,475.5,466.25,473.1499938964844,467.20501708984375,1242296,0.0,0.0
2025-10-06,475.0,479.0,470.3999938964844,474.70001220703125,468.7355651855469,772008,0.0,0.0
2025-10-07,475.1000061035156,480.3500061035156,472.8999938964844,478.5,472.48779296875,384205,0.0,0.0
2025-10-08,478.1000061035156,493.8999938964844,476.79998779296875,486.8999938964844,480.7822570800781,1132727,0.0,0.0
2025-10-09,490.25,491.5,479.6499938964844,484.8500061035156,478.7580261230469,588201,0.0,0.0
2025-10-10,485.79998779296875,489.70001220703125,483.5,488.25,482.11529541015625,617231,0.0,0.0
2025-10-13,486.54998779296875,488.0,478.75,485.3500061035156,479.25177001953125,432097,0.0,0.0
2025-10-14,486.0,488.6499938964844,477.5,480.70001220703125,474.6601867675781,456892,0.0,0.0
2025-10-15,481.3500061035156,488.0,479.04998779296875,486.79998779296875,480.68353271484375,332343,0.0,0.0
2025-10-16,487.20001220703125,490.6000061035156,484.70001220703125,489.95001220703125,483.7939758300781,742685,0.0,0.0
2025-10-17,492.0,503.0,485.04998779296875,488.45001220703125,482.31280517578125,2551939,0.0,0.0
2025-10-20,493.3999938964844,512.5499877929688,488.75,507.0,500.6297302246094,3460910,0.0,0.0
2025-10-21,510.0,518.0,507.3999938964844,515.1500244140625,508.6773376464844,537454,0.0,0.0
2025-10-23,515.0,517.0,504.25,513.9500122070312,507.4924011230469,1413312,0.0,0.0
2025-10-24,514.0499877929688,517.0,497.1000061035156,499.79998779296875,493.5201721191406,1097426,0.0,0.0
2025-10-27,500.0,511.45001220703125,499.0,505.54998779296875,499.19793701171875,736362,0.0,0.0
2025-10-28,513.0,529.7999877929688,500.6499938964844,504.5,498.1611022949219,3352963,0.0,0.0
2025-10-29,506.0,508.5,501.29998779296875,505.54998779296875,499.19793701171875,488457,0.0,0.0
2025-10-30,506.8500061035156,510.70001220703125,500.04998779296875,503.0,496.6799621582031,733764,0.0,0.0
2025-10-31,506.25,508.75,500.25,501.5,495.1988220214844,305198,0.0,0.0
2025-11-03,500.04998779296875,513.4000244140625,499.3999938964844,509.45001220703125,503.0489501953125,839770,0.0,0.0
2025-11-04,509.95001220703125,528.5,509.8999938964844,522.3499755859375,515.7868041992188,2697240,0.0,0.0
2025-11-06,522.3499755859375,524.3499755859375,504.5,505.79998779296875,499.44476318359375,562329,0.0,0.0
2025-11-07,506.8999938964844,520.7999877929688,497.5,515.4000244140625,508.9242248535156,865620,0.0,0.0
2025-11-10,515.4000244140625,524.9500122070312,515.4000244140625,522.0,515.4412841796875,645982,0.0,0.0
2025-11-11,522.25,523.9500122070312,515.0499877929688,520.4000244140625,513.8613891601562,455201,0.0,0.0
2025-11-12,522.0,533.8499755859375,520.9000244140625,532.3499755859375,525.6611938476562,1684497,0.0,0.0
2025-11-13,533.4500122070312,539.25,532.3499755859375,536.9000244140625,530.154052734375,769551,0.0,0.0
2025-11-14,534.0,540.5,516.5999755859375,518.7000122070312,512.1826782226562,1305213,0.0,0.0
2025-11-17,525.0,538.9000244140625,512.5499877929688,514.0,507.541748046875,1082641,0.0,0.0
2025-11-18,514.0,528.9500122070312,503.6000061035156,522.7999877929688,516.2311401367188,1296744,0.0,0.0
2025-11-19,524.0499877929688,528.25,515.5499877929688,522.6500244140625,516.0830688476562,912099,0.0,0.0
2025-11-20,523.0,525.6500244140625,517.5,519.25,512.7257690429688,387466,0.0,0.0
2025-11-21,517.25,523.4000244140625,511.0,512.4000244140625,505.9618835449219,361031,0.0,0.0
2025-11-24,511.8999938964844,538.0,511.54998779296875,528.1500244140625,521.5139770507812,1268776,0.0,0.0
2025-11-25,530.0,530.7000122070312,520.5,522.0499877929688,515.4906005859375,303594,0.0,0.0
2025-11-26,524.25,526.6500244140625,518.0999755859375,521.4500122070312,514.898193359375,535179,0.0,0.0
2025-11-27,521.25,522.25,516.7999877929688,518.9500122070312,512.4295654296875,166766,0.0,0.0
2025-11-28,519.0,522.0499877929688,513.1500244140625,514.0,507.541748046875,267746,0.0,0.0
2025-12-01,517.3499755859375,523.9500122070312,514.0999755859375,516.3499755859375,509.8622131347656,445396,0.0,0.0
2025-12-02,518.5,528.0,517.0,519.25,512.7257690429688,1411085,0.0,0.0
2025-12-03,521.7000122070312,538.5,519.5499877929688,535.2000122070312,528.4754028320312,1517255,0.0,0.0
2025-12-04,531.7000122070312,539.2000122070312,526.5,530.5999755859375,523.9331665039062,1001462,0.0,0.0
2025-12-05,531.5,536.2000122070312,518.25,521.4500122070312,514.898193359375,661593,0.0,0.0
2025-12-08,524.0499877929688,528.4500122070312,518.0,520.3499755859375,513.8119506835938,528025,0.0,0.0
2025-12-09,520.3499755859375,531.0,519.0,524.5999755859375,518.0086059570312,1168279,0.0,0.0
2025-12-10,526.0,529.4500122070312,517.5999755859375,520.75,514.2069091796875,383487,0.0,0.0
2025-12-11,523.0,523.0,512.0499877929688,514.0999755859375,507.6405029296875,235971,0.0,0.0
2025-12-12,514.9500122070312,518.5,507.1000061035156,510.0,503.592041015625,413327,0.0,0.0
2025-12-15,510.0,510.5,504.0,506.5,500.1360168457031,324549,0.0,0.0
2025-12-16,508.8999938964844,513.2000122070312,506.29998779296875,511.0,504.5794372558594,587035,0.0,0.0
2025-12-17,511.0,511.0,498.1000061035156,499.29998779296875,493.02642822265625,398588,0.0,0.0
2025-12-18,499.20001220703125,500.45001220703125,494.25,495.95001220703125,489.71856689453125,631506,0.0,0.0
2025-12-19,496.0,513.75,491.0,507.04998779296875,500.6790771484375,1434222,0.0,0.0
2025-12-22,507.04998779296875,512.4500122070312,503.54998779296875,509.75,503.34515380859375,379016,0.0,0.0
2025-12-23,512.0999755859375,519.9500122070312,506.25,512.0999755859375,505.66558837890625,762056,0.0,0.0
2025-12-24,512.7999877929688,513.9500122070312,507.04998779296875,511.70001220703125,505.27069091796875,624578,0.0,0.0
2025-12-26,511.70001220703125,511.70001220703125,504.1000061035156,505.79998779296875,499.44476318359375,343635,0.0,0.0
2025-12-29,507.0,512.0,494.75,496.54998779296875,490.3110046386719,735336,0.0,0.0
2025-12-30,497.0,500.45001220703125,492.8500061035156,494.1000061035156,487.89178466796875,560939,0.0,0.0
2025-12-31,497.5,502.1499938964844,494.5,500.0,493.7176818847656,432342,0.0,0.0
2026-01-01,500.75,502.5,492.3500061035156,494.20001220703125,487.9905700683594,517987,0.0,0.0
2026-01-02,494.20001220703125,500.5,492.0,497.25,491.002197265625,399501,0.0,0.0
2026-01-05,497.25,508.25,493.29998779296875,505.79998779296875,499.44476318359375,1140870,0.0,0.0
2026-01-06,509.79998779296875,521.0,505.0,519.5,512.97265625,1957528,0.0,0.0
2026-01-07,521.0,525.0,516.0,517.5499877929688,511.047119140625,1084107,0.0,0.0
2026-01-08,517.5,530.75,514.5499877929688,519.9500122070312,513.4170532226562,1362000,0.0,0.0
2026-01-09,519.9500122070312,523.9500122070312,502.04998779296875,504.3999938964844,498.0623779296875,664785,0.0,0.0
2026-01-12,503.0,505.5,487.25,503.70001220703125,497.3712158203125,755693,0.0,0.0
2026-01-13,508.20001220703125,524.0,500.1499938964844,520.5,513.9601440429688,1378698,0.0,0.0
2026-01-14,520.0,529.0999755859375,517.5,527.9500122070312,521.3165283203125,1235341,0.0,0.0
2026-01-15,527.9500122070312,527.9500122070312,527.9500122070312,527.9500122070312,521.3165283203125,0,0.0,0.0
2026-01-16,525.6500244140625,528.6500244140625,506.04998779296875,508.54998779296875,502.1602478027344,892494,0.0,0.0
2026-01-19,508.0,515.25,503.95001220703125,510.04998779296875,503.641357421875,450889,0.0,0.0
2026-01-20,512.7999877929688,514.0499877929688,498.29998779296875,506.6000061035156,500.2347412109375,997484,0.0,0.0
2026-01-21,503.0,505.45001220703125,493.45001220703125,502.0,495.6925354003906,847258,0.0,0.0
2026-01-22,502.0,517.3499755859375,499.6000061035156,503.8500061035156,497.5193176269531,725683,0.0,0.0
2026-01-23,503.0,510.25,497.0,499.20001220703125,492.927734375,598625,0.0,0.0
2026-01-27,497.5,510.3999938964844,487.04998779296875,506.95001220703125,500.5803527832031,637329,0.0,0.0
2026-01-28,506.25,506.8999938964844,499.54998779296875,501.0,494.7051086425781,745181,0.0,0.0
2026-01-29,499.8999938964844,500.3999938964844,477.79998779296875,491.75,485.5713195800781,979663,0.0,0.0
2026-01-30,489.75,493.95001220703125,485.0,492.1499938964844,485.96630859375,521470,0.0,0.0
2026-02-02,485.0,487.95001220703125,474.8500061035156,483.04998779296875,476.9806213378906,799186,0.0,0.0
2026-02-03,491.0,506.0,487.0,504.8999938964844,498.55609130859375,1179645,0.0,0.0
2026-02-04,504.8999938964844,521.75,502.0,512.6500244140625,506.208740234375,1203720,0.0,0.0
2026-02-05,525.0,532.0,502.25,507.8500061035156,501.4690246582031,3657302,0.0,0.0
2026-02-06,508.75,510.75,500.54998779296875,504.20001220703125,497.8648986816406,912338,0.0,0.0
2026-02-09,507.0,514.7000122070312,504.29998779296875,505.95001220703125,499.5929260253906,1289850,0.0,0.0
2026-02-10,507.0,515.5999755859375,503.25,507.20001220703125,504.3158874511719,1060494,3.5,0.0
2026-02-11,509.70001220703125,523.2000122070312,507.1499938964844,509.5,506.6028137207031,2121693,0.0,0.0
2026-02-12,512.0,512.0,497.04998779296875,498.75,495.9139404296875,745770,0.0,0.0
2026-02-13,498.75,500.5,488.0,489.6499938964844,486.86566162109375,846798,0.0,0.0
2026-02-16,489.70001220703125,492.0,476.8999938964844,479.25,476.5248107910156,812390,0.0,0.0
2026-02-17,481.5,483.95001220703125,476.25,478.3999938964844,475.6796569824219,935036,0.0,0.0
2026-02-18,480.0,482.29998779296875,474.3999938964844,475.1000061035156,472.3984375,1291770,0.0,0.0
2026-02-19,477.1000061035156,477.1000061035156,460.0,462.3500061035156,459.7209167480469,700482,0.0,0.0
2026-02-20,464.1000061035156,465.54998779296875,453.29998779296875,455.3500061035156,452.7607421875,809786,0.0,0.0
2026-02-23,457.70001220703125,457.8500061035156,440.5,453.5,450.9212341308594,1568200,0.0,0.0
2026-02-24,455.70001220703125,458.6000061035156,450.79998779296875,454.75,452.16412353515625,1023066,0.0,0.0
2026-02-25,456.6000061035156,465.04998779296875,453.95001220703125,463.25,460.6158142089844,1262686,0.0,0.0
2026-02-26,463.0,464.75,456.04998779296875,460.8500061035156,458.2294616699219,503063,0.0,0.0
2026-02-27,456.0,462.95001220703125,452.0,454.04998779296875,451.4681091308594,992981,0.0,0.0
2026-03-02,430.29998779296875,446.5,430.29998779296875,440.3999938964844,437.8957214355469,1403297,0.0,0.0
2026-03-04,431.29998779296875,435.0,426.54998779296875,431.29998779296875,428.84747314453125,926388,0.0,0.0
2026-03-05,435.0,446.25,433.0,444.3500061035156,441.8232727050781,2024017,0.0,0.0
2026-03-06,441.95001220703125,445.45001220703125,437.6499938964844,439.75,437.2494201660156,969049,0.0,0.0
2026-03-09,429.6000061035156,434.3500061035156,418.0,430.6000061035156,428.1514587402344,1385179,0.0,0.0
2026-03-10,437.5,439.8999938964844,433.5,437.79998779296875,435.3105163574219,940739,0.0,0.0
2026-03-11,439.3999938964844,441.25,429.04998779296875,434.25,431.78070068359375,1127198,0.0,0.0
2026-03-12,429.0,429.0,413.0,417.6499938964844,415.27508544921875,2236725,0.0,0.0
2026-03-13,413.04998779296875,417.04998779296875,396.20001220703125,400.29998779296875,398.02374267578125,2645501,0.0,0.0
2026-03-16,401.45001220703125,414.25,392.04998779296875,412.79998779296875,410.4526672363281,1670759,0.0,0.0
2026-03-17,412.79998779296875,424.0,408.1000061035156,421.95001220703125,419.5506591796875,1211351,0.0,0.0
2026-03-18,421.95001220703125,428.0,417.1499938964844,419.75,417.3631591796875,864518,0.0,0.0
2026-03-19,415.0,424.75,412.75,419.45001220703125,417.06488037109375,929173,0.0,0.0
2026-03-20,420.20001220703125,423.95001220703125,415.29998779296875,420.8500061035156,418.4569091796875,635724,0.0,0.0
2026-03-23,418.0,418.0,397.8500061035156,399.5,397.2283020019531,590180,0.0,0.0
2026-03-24,409.75,409.75,402.25,404.70001220703125,402.39874267578125,782952,0.0,0.0
2026-03-25,409.0,423.75,405.29998779296875,419.6499938964844,417.26373291015625,1184719,0.0,0.0
2026-03-27,418.95001220703125,419.1499938964844,408.0,412.45001220703125,410.10467529296875,657592,0.0,0.0
2026-03-30,405.1000061035156,415.0,402.25,412.29998779296875,409.95550537109375,1038467,0.0,0.0
2026-04-01,419.0,421.75,414.1000061035156,415.25,412.88873291015625,430083,0.0,0.0
2026-04-02,413.04998779296875,413.04998779296875,402.6499938964844,409.45001220703125,407.1217346191406,438417,0.0,0.0
2026-04-06,409.45001220703125,412.0,401.5,410.8999938964844,408.5634765625,471337,0.0,0.0
2026-04-07,408.5,414.6000061035156,402.20001220703125,412.8500061035156,410.5024108886719,352606,0.0,0.0
2026-04-08,425.04998779296875,444.0,425.0,436.1000061035156,433.62017822265625,2409572,0.0,0.0
2026-04-09,429.25,442.0,427.04998779296875,440.3500061035156,437.8460388183594,732691,0.0,0.0
2026-04-10,440.3500061035156,446.0,435.5,438.1499938964844,435.65850830078125,1052640,0.0,0.0
2026-04-13,432.5,435.0,426.0,432.3999938964844,429.94122314453125,669776,0.0,0.0
2026-04-15,436.45001220703125,444.95001220703125,435.20001220703125,441.6000061035156,439.08892822265625,1120750,0.0,0.0
2026-04-16,443.5,445.5,437.45001220703125,443.6499938964844,441.12725830078125,910188,0.0,0.0
2026-04-17,445.0,449.25,441.3999938964844,445.3999938964844,442.8673095703125,738259,0.0,0.0
2026-04-20,446.04998779296875,447.5,439.0,441.3999938964844,438.8900451660156,579772,0.0,0.0
2026-04-21,443.5,445.3999938964844,441.0,441.95001220703125,439.4369201660156,620322,0.0,0.0
2026-04-22,442.0,444.54998779296875,432.75,434.0,431.5321350097656,552891,0.0,0.0
2026-04-23,432.0,437.45001220703125,431.20001220703125,432.45001220703125,429.990966796875,527424,0.0,0.0
2026-04-24,432.45001220703125,434.20001220703125,421.8999938964844,423.8500061035156,421.4398498535156,337070,0.0,0.0
2026-04-27,426.20001220703125,430.25,424.70001220703125,428.54998779296875,426.11309814453125,501556,0.0,0.0
2026-04-28,429.6000061035156,432.45001220703125,422.25,423.6499938964844,421.240966796875,484706,0.0,0.0
2026-04-29,428.25,439.45001220703125,422.0,424.1499938964844,421.7381286621094,1251084,0.0,0.0
2026-04-30,420.0,420.79998779296875,406.95001220703125,408.3999938964844,406.07769775390625,1211183,0.0,0.0
2026-05-01,408.3999938964844,408.3999938964844,408.3999938964844,408.3999938964844,406.07769775390625,0,0.0,0.0
2026-05-04,411.25,417.8500061035156,408.0,409.45001220703125,407.1217346191406,728402,0.0,0.0
2026-05-05,409.0,410.0,399.6000061035156,402.6000061035156,400.3106994628906,3670938,0.0,0.0
2026-05-06,405.5,418.6000061035156,403.70001220703125,412.6499938964844,410.30352783203125,2176400,0.0,0.0
2026-05-07,414.0,418.8500061035156,409.20001220703125,410.04998779296875,407.7182922363281,1874740,0.0,0.0
2026-05-08,412.04998779296875,413.25,407.54998779296875,409.25,406.9228515625,1177811,0.0,0.0
2026-05-11,408.45001220703125,409.0,401.20001220703125,405.70001220703125,403.39306640625,915176,0.0,0.0
2026-05-12,405.6499938964844,409.0,397.45001220703125,398.75,396.4825744628906,707677,0.0,0.0
2026-05-13,397.6499938964844,401.20001220703125,394.6000061035156,396.45001220703125,394.1956481933594,728287,0.0,0.0
2026-05-14,398.79998779296875,404.1499938964844,396.1499938964844,401.79998779296875,399.5152282714844,1715502,0.0,0.0
2026-05-15,421.0,428.75,392.0,394.5,392.2567443847656,9044984,0.0,0.0
2026-05-18,393.04998779296875,394.0,374.0,375.1499938964844,373.0167541503906,2250527,0.0,0.0
2026-05-19,378.95001220703125,379.6499938964844,370.0,371.8999938964844,369.7852478027344,3739290,0.0,0.0
2026-05-20,371.8500061035156,377.1499938964844,365.29998779296875,375.8999938964844,373.76251220703125,1629986,0.0,0.0
2026-05-21,379.5,379.54998779296875,370.3999938964844,371.8999938964844,369.7852478027344,1347201,0.0,0.0
2026-05-22,374.1000061035156,374.45001220703125,368.8500061035156,371.79998779296875,369.685791015625,850020,0.0,0.0
2026-05-25,376.0,392.8999938964844,375.0,388.3500061035156,386.1417236328125,3668821,0.0,0.0
2026-05-26,390.0,399.20001220703125,388.1000061035156,393.25,391.01385498046875,2761966,0.0,0.0
2026-05-27,396.25,400.75,392.45001220703125,399.75,397.4768981933594,2572258,0.0,0.0
2026-05-28,399.75,399.75,399.75,399.75,397.4768981933594,0,0.0,0.0
2026-05-29,401.5,406.0,392.0,394.5,392.2567443847656,1172571,0.0,0.0
2026-06-01,395.1499938964844,398.6499938964844,383.79998779296875,385.29998779296875,383.1090393066406,977726,0.0,0.0
2026-06-02,385.45001220703125,396.0,379.79998779296875,391.75,389.5223693847656,1479954,0.0,0.0
2026-06-03,391.29998779296875,394.8999938964844,387.95001220703125,391.1499938964844,388.92578125,541725,0.0,0.0
2026-06-04,389.29998779296875,398.29998779296875,387.95001220703125,395.75,393.4996337890625,943323,0.0,0.0
2026-06-05,398.75,399.0,395.04998779296875,396.79998779296875,394.54364013671875,388734,0.0,0.0
2026-06-08,393.75,393.75,384.0,384.8500061035156,382.66162109375,401969,0.0,0.0
2026-06-09,388.6499938964844,392.20001220703125,385.3500061035156,391.3500061035156,389.1246643066406,309451,0.0,0.0
2026-06-10,392.5,392.5,384.3500061035156,385.8500061035156,383.65594482421875,317467,0.0,0.0
2026-06-11,383.95001220703125,383.95001220703125,378.04998779296875,380.29998779296875,378.1374816894531,393802,0.0,0.0
2026-06-12,388.0,397.3500061035156,386.0,396.29998779296875,394.0464782714844,1147185,0.0,0.0
2026-06-15,407.3500061035156,415.8999938964844,405.20001220703125,414.3500061035156,411.9938659667969,2449234,0.0,0.0
2026-06-16,416.20001220703125,420.3999938964844,411.1000061035156,416.45001220703125,414.0819396972656,1238586,0.0,0.0
2026-06-17,424.0,443.8999938964844,421.1499938964844,429.6000061035156,427.15716552734375,6404212,0.0,0.0
2026-06-18,430.5,431.8500061035156,423.0,428.0,425.5662536621094,930192,0.0,0.0
2026-06-19,426.8999938964844,429.25,420.79998779296875,425.5,423.0804748535156,716052,0.0,0.0
2026-06-22,425.5,434.0,423.8999938964844,428.1499938964844,425.71539306640625,1120243,0.0,0.0
2026-06-23,428.75,428.75,421.25,423.5,421.0918273925781,577138,0.0,0.0
2026-06-24,422.95001220703125,428.8999938964844,418.3999938964844,421.79998779296875,419.4014892578125,514483,0.0,0.0
2026-06-25,426.0,439.3999938964844,424.1499938964844,430.6499938964844,428.201171875,1815374,0.0,0.0
2026-06-26,430.6499938964844,430.6499938964844,430.6499938964844,430.6499938964844,428.201171875,0,0.0,0.0
2026-06-29,430.0,432.45001220703125,419.1499938964844,420.6499938964844,418.2580261230469,455904,0.0,0.0
2026-06-30,428.75,431.5,423.1499938964844,430.20001220703125,427.7537536621094,744125,0.0,0.0
2026-07-01,431.75,437.95001220703125,428.3500061035156,431.6499938964844,429.19549560546875,694948,0.0,0.0
2026-07-02,434.0,458.5,432.29998779296875,456.6000061035156,454.0036315917969,4299995,0.0,0.0
2026-07-03,458.5,458.95001220703125,446.0,448.5,445.9496765136719,1064985,0.0,0.0
2026-07-06,448.70001220703125,458.5,446.04998779296875,455.3500061035156,452.7607421875,1018587,0.0,0.0
2026-07-07,458.0,461.6000061035156,452.45001220703125,454.3500061035156,451.76641845703125,822867,0.0,0.0
2026-07-08,448.25,454.1499938964844,435.25,439.54998779296875,437.0505676269531,1062648,0.0,0.0
2026-07-09,438.0,446.5,436.54998779296875,439.6499938964844,437.1499938964844,634889,0.0,0.0
2026-07-10,442.75,446.25,438.1000061035156,440.1000061035156,440.1000061035156,496648,2.5,0.0
2026-07-13,436.95001220703125,443.75,434.25,440.6000061035156,440.6000061035156,360224,0.0,0.0
2026-07-14,435.25,435.8999938964844,421.75,425.8500061035156,425.8500061035156,1340483,0.0,0.0
2026-07-15,428.3999938964844,434.8999938964844,424.6000061035156,427.0,427.0,1493654,0.0,0.0
2026-07-16,429.5,437.25,428.0,432.04998779296875,432.04998779296875,923839,0.0,0.0
2026-07-17,429.0,432.25,422.54998779296875,430.6499938964844,430.6499938964844,713234,0.0,0.0
2026-07-20,428.0,431.25,426.25,428.70001220703125,428.70001220703125,379115,0.0,0.0
2026-07-21,430.0,431.70001220703125,426.0,428.5,428.5,159164,0.0,0.0
2026-07-22,425.95001220703125,429.25,423.04998779296875,426.6000061035156,426.6000061035156,265484,0.0,0.0
2026-07-23,424.0,431.45001220703125,422.5,424.3500061035156,424.3500061035156,483933,0.0,0.0
2026-07-24,419.8999938964844,420.25,413.3999938964844,419.6499938964844,419.6499938964844,488448,0.0,0.0
2026-07-27,423.25,424.75,418.0,419.95001220703125,419.95001220703125,529704,0.0,0.0
