Date,Open,High,Low,Close,Adj Close,Volume,Dividends,Stock Splits
2017-01-05,28.700000762939453,28.700000762939453,28.299999237060547,28.700000762939453,26.082456588745117,6683,0.0,0.0
2017-01-06,30.899999618530273,30.950000762939453,28.049999237060547,30.200000762939453,27.44565200805664,22988,0.0,0.0
2017-01-09,30.899999618530273,31.299999237060547,29.149999618530273,31.100000381469727,28.263565063476562,7453,0.0,0.0
2017-01-10,31.0,32.349998474121094,29.649999618530273,31.649999618530273,28.763402938842773,19163,0.0,0.0
2017-01-11,32.0,33.20000076293945,31.549999237060547,33.20000076293945,30.17203712463379,12045,0.0,0.0
2017-01-12,34.0,34.849998474121094,34.0,34.849998474121094,31.671552658081055,14340,0.0,0.0
2017-01-13,36.0,36.54999923706055,36.0,36.54999923706055,33.21651077270508,12592,0.0,0.0
2017-01-16,37.900001525878906,38.349998474121094,37.04999923706055,37.95000076293945,34.488826751708984,30422,0.0,0.0
2017-01-17,36.5,39.79999923706055,36.5,39.5,35.897457122802734,21025,0.0,0.0
2017-01-18,41.349998474121094,41.45000076293945,40.20000076293945,41.45000076293945,37.66960906982422,9338,0.0,0.0
2017-01-19,43.5,43.5,41.650001525878906,43.5,39.53264236450195,14936,0.0,0.0
2017-01-20,44.349998474121094,45.650001525878906,44.349998474121094,45.650001525878906,41.48655700683594,15527,0.0,0.0
2017-01-23,47.849998474121094,47.900001525878906,46.04999923706055,47.599998474121094,43.258705139160156,29344,0.0,0.0
2017-01-24,47.5,47.5,45.25,45.25,41.12303161621094,5566,0.0,0.0
2017-01-25,43.0,43.0,43.0,43.0,39.078250885009766,665,0.0,0.0
2017-01-27,41.0,41.0,40.849998474121094,40.849998474121094,37.12433624267578,825,0.0,0.0
2017-01-30,38.849998474121094,38.849998474121094,38.849998474121094,38.849998474121094,35.30673599243164,2353,0.0,0.0
2017-01-31,36.95000076293945,36.95000076293945,36.95000076293945,36.95000076293945,33.58002471923828,2420,0.0,0.0
2017-02-01,35.150001525878906,38.75,35.150001525878906,38.75,35.215858459472656,34262,0.0,0.0
2017-02-02,39.5,40.650001525878906,37.099998474121094,37.79999923706055,34.35249710083008,23253,0.0,0.0
2017-02-03,38.20000076293945,39.29999923706055,35.95000076293945,36.150001525878906,32.85298538208008,18461,0.0,0.0
2017-02-06,36.54999923706055,36.54999923706055,34.349998474121094,34.599998474121094,31.44434928894043,14501,0.0,0.0
2017-02-07,36.349998474121094,38.04999923706055,35.95000076293945,38.04999923706055,34.57969665527344,10155,0.0,0.0
2017-02-08,40.0,41.849998474121094,38.0,41.849998474121094,38.03313064575195,16894,0.0,0.0
2017-02-09,45.400001525878906,45.400001525878906,39.25,42.79999923706055,38.896484375,19913,0.0,0.0
2017-02-10,42.79999923706055,43.0,39.849998474121094,40.04999923706055,36.39729690551758,5406,0.0,0.0
2017-02-13,40.0,43.0,38.099998474121094,39.349998474121094,35.761131286621094,18061,0.0,0.0
2017-02-14,42.79999923706055,42.79999923706055,39.0,39.04999923706055,35.48849105834961,5371,0.0,0.0
2017-02-15,38.0,38.0,36.5,37.70000076293945,34.26162338256836,4606,0.0,0.0
2017-02-16,39.29999923706055,40.0,38.20000076293945,39.04999923706055,35.48849105834961,3814,0.0,0.0
2017-02-17,42.0,42.0,38.099998474121094,39.650001525878906,36.033775329589844,4429,0.0,0.0
2017-02-20,39.29999923706055,39.900001525878906,38.900001525878906,39.45000076293945,35.85201644897461,2614,0.0,0.0
2017-02-21,39.0,40.900001525878906,38.150001525878906,39.29999923706055,35.715694427490234,1977,0.0,0.0
2017-02-22,37.5,41.900001525878906,37.5,39.900001525878906,36.26097869873047,14559,0.0,0.0
2017-02-23,38.5,43.400001525878906,38.45000076293945,42.04999923706055,38.21488571166992,14426,0.0,0.0
2017-02-27,41.0,46.25,41.0,46.150001525878906,41.94095230102539,27471,0.0,0.0
2017-02-28,46.0,50.75,44.5,50.75,46.12141036987305,46529,0.0,0.0
2017-03-01,51.5,53.25,50.20000076293945,53.25,48.39340591430664,29443,0.0,0.0
2017-03-02,54.95000076293945,55.900001525878906,50.599998474121094,50.599998474121094,45.98509216308594,55616,0.0,0.0
2017-03-03,49.70000076293945,52.599998474121094,49.5,50.79999923706055,46.16685485839844,6672,0.0,0.0
2017-03-06,51.5,53.29999923706055,48.599998474121094,53.29999923706055,48.438846588134766,38518,0.0,0.0
2017-03-07,55.0,55.5,50.70000076293945,52.45000076293945,47.66636657714844,7134,0.0,0.0
2017-03-08,53.0,53.599998474121094,52.0,53.25,48.39340591430664,17461,0.0,0.0
2017-03-09,53.29999923706055,53.29999923706055,51.349998474121094,51.849998474121094,47.121089935302734,1489,0.0,0.0
2017-03-10,52.0,52.79999923706055,50.54999923706055,52.25,47.48461151123047,8460,0.0,0.0
2017-03-14,50.25,52.900001525878906,50.150001525878906,52.650001525878906,47.84812927246094,13471,0.0,0.0
2017-03-15,51.95000076293945,52.900001525878906,51.95000076293945,52.54999923706055,47.75724411010742,3331,0.0,0.0
2017-03-16,53.45000076293945,53.900001525878906,50.70000076293945,52.20000076293945,47.439170837402344,4719,0.0,0.0
2017-03-17,50.150001525878906,52.45000076293945,49.650001525878906,50.5,45.89421844482422,6805,0.0,0.0
2017-03-20,51.75,52.900001525878906,50.29999923706055,52.599998474121094,47.80268478393555,9398,0.0,0.0
2017-03-21,51.150001525878906,52.79999923706055,50.0,51.5,46.803009033203125,20480,0.0,0.0
2017-03-22,51.04999923706055,53.25,51.0,51.54999923706055,46.84845733642578,2038,0.0,0.0
2017-03-23,52.0,52.0,49.0,49.0,44.53101348876953,19773,0.0,0.0
2017-03-24,49.04999923706055,50.70000076293945,47.54999923706055,47.70000076293945,43.34959030151367,4549,0.0,0.0
2017-03-27,47.0,48.849998474121094,47.0,48.70000076293945,44.25838088989258,3494,0.0,0.0
2017-03-28,49.900001525878906,49.900001525878906,47.04999923706055,47.70000076293945,43.34959030151367,2317,0.0,0.0
2017-03-29,49.54999923706055,49.54999923706055,49.0,49.0,44.53101348876953,1448,0.0,0.0
2017-03-30,48.0,49.45000076293945,47.0,48.150001525878906,43.758544921875,1602,0.0,0.0
2017-03-31,48.0,49.0,47.04999923706055,47.04999923706055,42.75886535644531,1149,0.0,0.0
2017-04-03,48.0,48.75,47.20000076293945,47.79999923706055,43.44046401977539,2043,0.0,0.0
2017-04-05,48.75,48.900001525878906,46.54999923706055,48.150001525878906,43.758544921875,16051,0.0,0.0
2017-04-06,48.70000076293945,48.70000076293945,46.5,47.45000076293945,43.12238311767578,11383,0.0,0.0
2017-04-07,49.25,49.25,46.849998474121094,47.45000076293945,43.12238311767578,6559,0.0,0.0
2017-04-10,48.5,51.45000076293945,46.79999923706055,47.400001525878906,43.07694625854492,13019,0.0,0.0
2017-04-11,48.5,48.5,43.29999923706055,47.0,42.71342849731445,4346,0.0,0.0
2017-04-12,51.0,51.0,45.95000076293945,46.849998474121094,42.577110290527344,729,0.0,0.0
2017-04-13,48.29999923706055,48.29999923706055,46.099998474121094,46.650001525878906,42.395355224609375,1377,0.0,0.0
2017-04-17,46.599998474121094,46.75,45.04999923706055,46.04999923706055,41.85007095336914,943,0.0,0.0
2017-04-18,46.79999923706055,47.0,43.099998474121094,45.20000076293945,41.07759475708008,6769,0.0,0.0
2017-04-19,43.04999923706055,45.599998474121094,43.04999923706055,43.849998474121094,39.85071563720703,4322,0.0,0.0
2017-04-20,42.04999923706055,47.0,42.04999923706055,47.0,42.71342849731445,1212,0.0,0.0
2017-04-21,47.0,48.400001525878906,45.25,46.900001525878906,42.622554779052734,1420,0.0,0.0
2017-04-24,45.099998474121094,46.0,45.04999923706055,46.0,41.804630279541016,10750,0.0,0.0
2017-04-25,46.5,46.95000076293945,45.20000076293945,45.900001525878906,41.7137565612793,1263,0.0,0.0
2017-04-26,47.29999923706055,47.29999923706055,43.0,46.849998474121094,42.577110290527344,2648,0.0,0.0
2017-04-27,44.599998474121094,45.70000076293945,44.54999923706055,45.70000076293945,41.53200149536133,650,0.0,0.0
2017-04-28,47.5,47.5,44.599998474121094,46.79999923706055,42.53166961669922,840,0.0,0.0
2017-05-02,46.0,46.0,45.04999923706055,45.04999923706055,40.94127655029297,426,0.0,0.0
2017-05-03,45.04999923706055,46.400001525878906,43.0,45.0,40.895835876464844,1199,0.0,0.0
2017-05-04,43.349998474121094,47.95000076293945,43.349998474121094,47.349998474121094,43.03150939941406,1379,0.0,0.0
2017-05-05,45.0,45.54999923706055,43.5,43.95000076293945,39.94160842895508,7396,0.0,0.0
2017-05-08,42.5,45.400001525878906,40.650001525878906,44.95000076293945,40.85039138793945,1629,0.0,0.0
2017-05-09,43.150001525878906,45.900001525878906,43.150001525878906,44.650001525878906,40.5777587890625,2053,0.0,0.0
2017-05-10,44.04999923706055,44.900001525878906,42.150001525878906,43.54999923706055,39.57807922363281,700,0.0,0.0
2017-05-11,42.70000076293945,45.70000076293945,42.70000076293945,44.5,40.44144058227539,13082,0.0,0.0
2017-05-12,44.45000076293945,45.0,44.45000076293945,45.0,40.895835876464844,916,0.0,0.0
2017-05-15,45.0,46.79999923706055,44.45000076293945,44.5,40.44144058227539,9555,0.0,0.0
2017-05-16,45.70000076293945,45.70000076293945,45.70000076293945,45.70000076293945,41.53200149536133,2,0.0,0.0
2017-05-17,44.54999923706055,45.25,42.599998474121094,43.099998474121094,39.16911697387695,25523,0.0,0.0
2017-05-18,43.75,44.95000076293945,42.900001525878906,44.95000076293945,40.85039138793945,4602,0.0,0.0
2017-05-19,44.75,45.650001525878906,43.29999923706055,43.650001525878906,39.668968200683594,2815,0.0,0.0
2017-05-22,43.650001525878906,44.849998474121094,43.599998474121094,43.599998474121094,39.62351608276367,1147,0.0,0.0
2017-05-23,43.599998474121094,45.150001525878906,43.599998474121094,43.650001525878906,39.668968200683594,1102,0.0,0.0
2017-05-24,44.70000076293945,44.70000076293945,43.04999923706055,43.04999923706055,39.12368392944336,945,0.0,0.0
2017-05-25,43.04999923706055,43.04999923706055,40.0,41.04999923706055,37.306087493896484,6694,0.0,0.0
2017-05-26,42.0,43.5,41.150001525878906,41.150001525878906,37.39697265625,1011,0.0,0.0
2017-05-29,41.150001525878906,45.25,39.20000076293945,45.25,41.12303161621094,7240,0.0,0.0
2017-05-30,48.79999923706055,49.75,45.0,49.75,45.21261978149414,28750,0.0,0.0
2017-05-31,49.5,53.0,46.29999923706055,48.95000076293945,44.4855842590332,17114,0.0,0.0
2017-06-01,49.0,50.0,47.25,48.79999923706055,44.34926223754883,13158,0.0,0.0
2017-06-02,49.349998474121094,50.0,48.5,49.5,44.98542404174805,5340,0.0,0.0
2017-06-05,49.95000076293945,52.0,48.150001525878906,50.150001525878906,45.576133728027344,20573,0.0,0.0
2017-06-06,50.150001525878906,53.0,50.150001525878906,51.150001525878906,46.48493576049805,6123,0.0,0.0
2017-06-07,52.849998474121094,52.849998474121094,51.099998474121094,51.20000076293945,46.53037643432617,6546,0.0,0.0
2017-06-08,51.150001525878906,54.0,51.099998474121094,51.25,46.5758171081543,3252,0.0,0.0
2017-06-09,53.0,53.5,51.099998474121094,53.099998474121094,48.257083892822266,9544,0.0,0.0
2017-06-12,55.25,55.25,51.5,52.20000076293945,47.439170837402344,7728,0.0,0.0
2017-06-13,51.099998474121094,53.79999923706055,51.099998474121094,52.29999923706055,47.53004455566406,4066,0.0,0.0
2017-06-14,51.0,53.75,51.0,52.20000076293945,47.439170837402344,9862,0.0,0.0
2017-06-15,51.70000076293945,53.5,51.0,52.0,47.257415771484375,3467,0.0,0.0
2017-06-16,54.95000076293945,54.95000076293945,50.20000076293945,51.25,46.5758171081543,5975,0.0,0.0
2017-06-19,51.5,51.5,50.0,50.0,45.4398193359375,1303,0.0,0.0
2017-06-20,51.0,51.0,48.54999923706055,49.0,44.53101348876953,2778,0.0,0.0
2017-06-21,48.599998474121094,51.0,46.54999923706055,50.650001525878906,46.03053665161133,2822,0.0,0.0
2017-06-22,48.04999923706055,51.0,48.04999923706055,50.349998474121094,45.75788879394531,1065,0.0,0.0
2017-06-23,47.75,49.0,47.0,47.150001525878906,42.84974670410156,1162,0.0,0.0
2017-06-27,47.0,48.400001525878906,46.0,46.75,42.48622512817383,494,0.0,0.0
2017-06-28,44.0,46.25,44.0,45.150001525878906,41.03215789794922,744,0.0,0.0
2017-06-29,48.75,48.75,48.75,48.75,44.3038215637207,1,0.0,0.0
2017-06-30,51.349998474121094,51.349998474121094,44.849998474121094,47.099998474121094,42.80430603027344,365,0.0,0.0
2017-07-03,50.400001525878906,50.400001525878906,47.04999923706055,48.79999923706055,44.34926223754883,446,0.0,0.0
2017-07-04,47.04999923706055,48.79999923706055,45.5,46.400001525878906,42.168155670166016,1428,0.0,0.0
2017-07-05,46.599998474121094,50.0,46.599998474121094,48.150001525878906,43.758544921875,5000,0.0,0.0
2017-07-06,48.54999923706055,49.79999923706055,47.599998474121094,49.5,44.98542404174805,1698,0.0,0.0
2017-07-07,50.5,50.5,47.0,47.599998474121094,43.258705139160156,1581,0.0,0.0
2017-07-10,50.95000076293945,50.95000076293945,50.95000076293945,50.95000076293945,46.30318069458008,1,0.0,0.0
2017-07-11,50.599998474121094,50.599998474121094,48.25,49.75,45.21261978149414,963,0.0,0.0
2017-07-12,46.900001525878906,49.0,46.849998474121094,48.25,43.849422454833984,776,0.0,0.0
2017-07-13,47.349998474121094,48.0,46.20000076293945,46.650001525878906,42.395355224609375,3938,0.0,0.0
2017-07-14,49.20000076293945,49.20000076293945,46.0,47.75,43.39502716064453,3158,0.0,0.0
2017-07-17,47.75,48.400001525878906,44.5,48.099998474121094,43.71310043334961,2459,0.0,0.0
2017-07-18,47.900001525878906,47.900001525878906,46.25,46.70000076293945,42.440792083740234,542,0.0,0.0
2017-07-19,44.650001525878906,48.04999923706055,44.650001525878906,46.54999923706055,42.304466247558594,584,0.0,0.0
2017-07-20,50.0,50.849998474121094,45.650001525878906,46.75,42.48622512817383,5571,0.0,0.0
2017-07-21,48.150001525878906,48.150001525878906,46.04999923706055,46.849998474121094,42.577110290527344,1012,0.0,0.0
2017-07-24,45.29999923706055,46.70000076293945,45.04999923706055,45.70000076293945,41.53200149536133,2306,0.0,0.0
2017-07-25,44.599998474121094,45.650001525878906,44.599998474121094,45.54999923706055,41.39567184448242,1100,0.0,0.0
2017-07-26,49.5,49.5,44.599998474121094,46.599998474121094,42.34991455078125,1773,0.0,0.0
2017-07-27,47.75,47.75,45.650001525878906,46.099998474121094,41.8955078125,1336,0.0,0.0
2017-07-28,45.95000076293945,45.95000076293945,44.25,44.45000076293945,40.395999908447266,1651,0.0,0.0
2017-07-31,45.0,46.900001525878906,44.400001525878906,45.849998474121094,41.66830825805664,2412,0.0,0.0
2017-08-01,47.400001525878906,47.400001525878906,45.0,45.04999923706055,40.94127655029297,1933,0.0,0.0
2017-08-02,44.0,47.29999923706055,43.0,43.599998474121094,39.62351608276367,3973,0.0,0.0
2017-08-03,43.0,44.0,43.0,43.04999923706055,39.12368392944336,148,0.0,0.0
2017-08-04,45.5,47.349998474121094,44.70000076293945,46.20000076293945,41.98639678955078,26881,0.0,0.0
2017-08-07,48.0,55.400001525878906,48.0,49.599998474121094,45.076297760009766,49600,0.0,0.0
2017-08-08,50.04999923706055,52.79999923706055,46.45000076293945,48.099998474121094,43.71310043334961,9930,0.0,0.0
2017-08-09,52.5,53.0,46.150001525878906,48.400001525878906,43.98574447631836,18335,0.0,0.0
2017-08-10,49.400001525878906,54.29999923706055,48.70000076293945,51.099998474121094,46.439491271972656,40577,0.0,0.0
2017-08-11,48.599998474121094,51.0,47.099998474121094,48.349998474121094,43.940303802490234,16510,0.0,0.0
2017-08-14,53.349998474121094,56.0,48.54999923706055,51.0,46.34861373901367,17862,0.0,0.0
2017-08-16,53.79999923706055,53.79999923706055,49.099998474121094,50.04999923706055,45.48525619506836,5269,0.0,0.0
2017-08-17,50.04999923706055,51.900001525878906,49.150001525878906,50.400001525878906,45.80333709716797,11539,0.0,0.0
2017-08-18,50.599998474121094,50.70000076293945,48.29999923706055,49.900001525878906,45.34893798828125,5282,0.0,0.0
2017-08-21,50.650001525878906,51.0,47.650001525878906,48.75,44.3038215637207,9297,0.0,0.0
2017-08-22,50.900001525878906,50.95000076293945,46.400001525878906,47.79999923706055,43.44046401977539,11631,0.0,0.0
2017-08-23,49.849998474121094,50.400001525878906,48.45000076293945,50.099998474121094,45.53070068359375,1178,0.0,0.0
2017-08-24,50.0,50.849998474121094,47.5,48.400001525878906,43.98574447631836,7128,0.0,0.0
2017-08-28,48.0,50.900001525878906,47.0,48.0,43.62222671508789,21493,0.0,0.0
2017-08-29,47.099998474121094,48.95000076293945,46.400001525878906,47.400001525878906,43.07694625854492,4324,0.0,0.0
2017-08-30,47.099998474121094,49.0,46.5,48.04999923706055,43.667667388916016,25752,0.0,0.0
2017-08-31,47.400001525878906,48.5,47.04999923706055,48.29999923706055,43.894866943359375,8585,0.0,0.0
2017-09-01,48.0,50.900001525878906,47.5,48.900001525878906,44.44013977050781,10295,0.0,0.0
2017-09-04,48.5,48.900001525878906,47.5,48.0,43.62222671508789,4961,0.0,0.0
2017-09-05,48.0,49.400001525878906,47.70000076293945,49.25,44.75822067260742,3885,0.0,0.0
2017-09-06,48.04999923706055,48.599998474121094,47.75,47.95000076293945,43.57678985595703,3901,0.0,0.0
2017-09-07,49.650001525878906,57.5,47.650001525878906,57.5,52.25578689575195,62514,0.0,0.0
2017-09-08,63.0,69.0,63.0,69.0,62.70694351196289,121812,0.0,0.0
2017-09-11,73.80000305175781,75.9000015258789,73.6500015258789,75.9000015258789,68.97765350341797,59246,0.0,0.0
2017-09-12,83.4000015258789,83.44999694824219,76.0999984741211,83.44999694824219,75.83905792236328,117734,0.0,0.0
2017-09-13,88.9000015258789,91.75,83.0,86.0999984741211,78.24736785888672,206362,0.0,0.0
2017-09-14,86.0,90.0,77.3499984741211,79.4000015258789,73.00635528564453,84258,1.0,0.0
2017-09-15,79.3499984741211,79.3499984741211,72.1500015258789,73.19999694824219,67.30560302734375,50238,0.0,0.0
2017-09-18,74.0,80.5,71.0,80.5,74.01776885986328,161458,0.0,0.0
2017-09-19,81.80000305175781,84.94999694824219,74.19999694824219,77.4000015258789,71.16741180419922,76996,0.0,0.0
2017-09-20,75.05000305175781,79.0,75.05000305175781,76.55000305175781,70.38584899902344,12724,0.0,0.0
2017-09-21,78.80000305175781,80.5,73.5,76.5,70.33987426757812,21601,0.0,0.0
2017-09-22,76.5,76.5,72.0,73.0,67.12171173095703,13435,0.0,0.0
2017-09-25,72.0,72.0,67.0999984741211,68.75,63.21393966674805,14233,0.0,0.0
2017-09-26,70.80000305175781,75.5999984741211,65.44999694824219,75.5999984741211,69.51234436035156,13134,0.0,0.0
2017-09-27,79.94999694824219,82.0,73.30000305175781,75.69999694824219,69.60428619384766,29163,0.0,0.0
2017-09-28,76.0,77.69999694824219,70.94999694824219,73.30000305175781,67.3975601196289,11112,0.0,0.0
2017-09-29,73.25,78.0,73.25,74.1500015258789,68.1791000366211,12258,0.0,0.0
2017-10-03,73.19999694824219,76.9000015258789,73.19999694824219,74.3499984741211,68.36299133300781,1714,0.0,0.0
2017-10-04,74.4000015258789,76.80000305175781,74.1500015258789,74.94999694824219,68.9146957397461,9049,0.0,0.0
2017-10-05,73.05000305175781,75.5999984741211,72.75,73.19999694824219,67.30560302734375,5182,0.0,0.0
2017-10-06,73.0999984741211,74.5999984741211,72.0,73.0,67.12171173095703,7828,0.0,0.0
2017-10-09,75.4000015258789,75.4000015258789,72.05000305175781,72.55000305175781,66.70794677734375,6927,0.0,0.0
2017-10-10,74.3499984741211,74.3499984741211,70.05000305175781,73.1500015258789,67.2596435546875,9029,0.0,0.0
2017-10-11,71.30000305175781,72.8499984741211,69.30000305175781,70.1500015258789,64.5011978149414,12056,0.0,0.0
2017-10-12,72.94999694824219,72.94999694824219,68.69999694824219,70.19999694824219,64.54718017578125,5681,0.0,0.0
2017-10-13,72.0999984741211,73.0,70.0,70.80000305175781,65.09886169433594,14191,0.0,0.0
2017-10-16,73.9000015258789,73.9000015258789,69.5,69.9000015258789,64.27134704589844,6423,0.0,0.0
2017-10-17,71.75,71.75,69.0,69.94999694824219,64.31730651855469,14701,0.0,0.0
2017-10-18,71.30000305175781,71.5,69.0,71.25,65.51263427734375,12042,0.0,0.0
2017-10-19,71.94999694824219,73.0,69.05000305175781,70.69999694824219,65.00692749023438,5149,0.0,0.0
2017-10-23,68.80000305175781,72.55000305175781,68.80000305175781,70.3499984741211,64.68509674072266,6007,0.0,0.0
2017-10-24,69.0,84.4000015258789,69.0,84.4000015258789,77.6037368774414,151286,0.0,0.0
2017-10-25,93.1500015258789,99.0,83.19999694824219,86.4000015258789,79.44268035888672,297429,0.0,0.0
2017-10-26,84.5,86.5,81.0,81.9000015258789,75.30503845214844,38607,0.0,0.0
2017-10-27,79.25,98.25,79.25,98.25,90.33847045898438,235895,0.0,0.0
2017-10-30,105.0,117.9000015258789,105.0,117.9000015258789,108.40615844726562,377035,0.0,0.0
2017-10-31,127.75,129.64999389648438,123.19999694824219,128.75,118.38247680664062,533608,0.0,0.0
2017-11-01,126.0,128.75,119.1500015258789,123.6500015258789,113.69314575195312,153985,0.0,0.0
2017-11-02,128.0,128.6999969482422,122.05000305175781,124.30000305175781,114.29081726074219,46361,0.0,0.0
2017-11-03,126.5,127.5,122.19999694824219,123.30000305175781,113.37133026123047,36090,0.0,0.0
2017-11-06,120.5,121.75,115.0,116.69999694824219,107.30277252197266,32898,0.0,0.0
2017-11-07,114.0,128.35000610351562,112.1500015258789,118.8499984741211,109.2796630859375,62097,0.0,0.0
2017-11-08,123.9000015258789,123.9000015258789,117.0,118.9000015258789,109.32563781738281,22402,0.0,0.0
2017-11-09,118.05000305175781,120.9000015258789,116.44999694824219,118.80000305175781,109.23368835449219,13800,0.0,0.0
2017-11-10,121.0,122.0,116.0,116.80000305175781,107.39473724365234,20228,0.0,0.0
2017-11-13,118.0,121.5,111.0,114.8499984741211,105.60176086425781,12977,0.0,0.0
2017-11-14,115.0,120.55000305175781,109.1500015258789,119.75,110.10718536376953,17876,0.0,0.0
2017-11-15,117.0,118.9000015258789,113.80000305175781,113.80000305175781,104.63631439208984,4287,0.0,0.0
2017-11-16,108.1500015258789,114.0,108.1500015258789,112.1500015258789,103.11917877197266,10520,0.0,0.0
2017-11-17,112.94999694824219,115.0,106.55000305175781,110.94999694824219,102.01580047607422,15158,0.0,0.0
2017-11-20,106.0,115.0,106.0,111.44999694824219,102.47554779052734,11927,0.0,0.0
2017-11-21,110.0,113.0,106.1500015258789,109.55000305175781,100.72854614257812,13065,0.0,0.0
2017-11-22,109.55000305175781,111.4000015258789,105.5,108.94999694824219,100.17684173583984,6174,0.0,0.0
2017-11-23,104.5,110.94999694824219,104.5,106.3499984741211,97.78621673583984,4786,0.0,0.0
2017-11-24,103.5,108.9000015258789,103.5,108.5,99.76309204101562,4561,0.0,0.0
2017-11-27,110.0,111.94999694824219,107.0,110.0,101.14230346679688,7146,0.0,0.0
2017-11-28,106.0,110.0,105.0,107.30000305175781,98.65972137451172,3177,0.0,0.0
2017-11-29,105.0,108.8499984741211,105.0,107.0,98.38387298583984,3195,0.0,0.0
2017-11-30,102.0,106.0,102.0,103.0999984741211,94.79792785644531,2283,0.0,0.0
2017-12-01,100.0,108.25,100.0,106.6500015258789,98.06204986572266,8296,0.0,0.0
2017-12-04,111.0,111.0,103.0,103.30000305175781,94.9818115234375,3589,0.0,0.0
2017-12-05,99.0,107.0,98.5,104.19999694824219,95.8093490600586,2469,0.0,0.0
2017-12-06,105.0,105.0,99.0,99.3499984741211,91.34988403320312,4829,0.0,0.0
2017-12-07,96.0,101.0,94.55000305175781,101.0,92.86702728271484,4087,0.0,0.0
2017-12-08,106.0,106.0,96.0,99.3499984741211,91.34988403320312,4055,0.0,0.0
2017-12-11,99.3499984741211,104.0,99.3499984741211,102.0,93.7864990234375,845,0.0,0.0
2017-12-12,97.0,103.5,97.0,101.9000015258789,93.69454956054688,2960,0.0,0.0
2017-12-13,100.0,103.0,97.05000305175781,99.05000305175781,91.07405090332031,2899,0.0,0.0
2017-12-14,101.0,101.0,94.1500015258789,95.69999694824219,87.9937973022461,2909,0.0,0.0
2017-12-15,99.0,99.0,91.0999984741211,97.0999984741211,89.28107452392578,3671,0.0,0.0
2017-12-18,98.0,99.0,92.25,97.0,89.18911743164062,2277,0.0,0.0
2017-12-19,96.0,100.94999694824219,93.0,97.0,89.18911743164062,6831,0.0,0.0
2017-12-20,97.0,100.5,95.5,96.30000305175781,88.54548645019531,5341,0.0,0.0
2017-12-21,99.0,99.5,96.0,96.8499984741211,89.05119323730469,2860,0.0,0.0
2017-12-22,96.8499984741211,100.0,96.8499984741211,98.5,90.56834411621094,3971,0.0,0.0
2017-12-26,101.30000305175781,101.30000305175781,98.0,100.75,92.63715362548828,5807,0.0,0.0
2017-12-27,101.0,105.75,101.0,105.75,97.23454284667969,8648,0.0,0.0
2017-12-28,105.75,111.0,105.5,111.0,102.06177520751953,11806,0.0,0.0
2017-12-29,112.0,116.55000305175781,112.0,116.55000305175781,107.16487121582031,7712,0.0,0.0
2018-01-01,121.5,122.3499984741211,115.05000305175781,117.0,107.5786361694336,13753,0.0,0.0
2018-01-02,116.9000015258789,116.9000015258789,111.1500015258789,113.8499984741211,104.6822738647461,5151,0.0,0.0
2018-01-03,108.5,113.80000305175781,108.5,110.8499984741211,101.92385864257812,3567,0.0,0.0
2018-01-04,108.0,111.5,106.0,107.5999984741211,98.93556213378906,3364,0.0,0.0
2018-01-05,112.94999694824219,112.94999694824219,105.0,112.0999984741211,103.07320404052734,5118,0.0,0.0
2018-01-08,110.05000305175781,112.1500015258789,107.05000305175781,107.8499984741211,99.16543579101562,2531,0.0,0.0
2018-01-09,112.0,112.0,108.05000305175781,111.25,102.29164123535156,2126,0.0,0.0
2018-01-10,107.0,111.0,106.05000305175781,107.25,98.61376190185547,2170,0.0,0.0
2018-01-11,104.0,112.30000305175781,104.0,110.80000305175781,101.87789154052734,4671,0.0,0.0
2018-01-12,107.30000305175781,111.5,107.0,111.0,102.06177520751953,2763,0.0,0.0
2018-01-15,110.94999694824219,110.94999694824219,106.94999694824219,108.30000305175781,99.57920837402344,4865,0.0,0.0
2018-01-16,110.0,111.0,105.19999694824219,105.19999694824219,96.72881317138672,6544,0.0,0.0
2018-01-17,104.0,107.5,100.0,103.5,95.16571044921875,5410,0.0,0.0
2018-01-18,103.0,108.5999984741211,102.0,106.94999694824219,98.33790588378906,2793,0.0,0.0
2018-01-19,106.94999694824219,106.94999694824219,101.6500015258789,103.1500015258789,94.84388732910156,2227,0.0,0.0
2018-01-22,108.0,108.0,98.0,104.19999694824219,95.8093490600586,4547,0.0,0.0
2018-01-23,103.0,108.0,100.05000305175781,107.30000305175781,98.65972137451172,3246,0.0,0.0
2018-01-24,107.0,107.0,101.94999694824219,102.55000305175781,94.2922134399414,2136,0.0,0.0
2018-01-25,101.0,105.5,101.0,103.6500015258789,95.30363464355469,598,0.0,0.0
2018-01-29,100.05000305175781,104.9000015258789,98.5,102.0,93.7864990234375,3186,0.0,0.0
2018-01-30,98.0,102.0,98.0,98.0,90.10858917236328,922,0.0,0.0
2018-01-31,100.0,101.0,93.0999984741211,99.9000015258789,91.85559844970703,1069,0.0,0.0
2018-02-01,96.0,100.0,96.0,98.19999694824219,90.29249572753906,1950,0.0,0.0
2018-02-02,93.30000305175781,97.5,93.30000305175781,93.44999694824219,85.92498016357422,2192,0.0,0.0
2018-02-05,88.80000305175781,88.80000305175781,88.80000305175781,88.80000305175781,81.64942932128906,1795,0.0,0.0
2018-02-06,88.0,88.69999694824219,84.4000015258789,85.5999984741211,78.70709991455078,2739,0.0,0.0
2018-02-07,82.0,89.0,82.0,87.44999694824219,80.40812683105469,1456,0.0,0.0
2018-02-08,90.0,91.80000305175781,85.1500015258789,91.80000305175781,84.40785217285156,904,0.0,0.0
2018-02-09,88.4000015258789,96.25,88.4000015258789,93.25,85.7410888671875,4203,0.0,0.0
2018-02-12,97.9000015258789,97.9000015258789,95.0,97.9000015258789,90.01664733886719,1077,0.0,0.0
2018-02-14,99.5,101.0,94.0,94.19999694824219,86.61457824707031,4666,0.0,0.0
2018-02-15,95.0,97.4000015258789,90.0,92.75,85.2813491821289,9185,0.0,0.0
2018-02-16,92.5,96.9000015258789,92.5,95.1500015258789,87.48809051513672,3180,0.0,0.0
2018-02-19,96.9000015258789,97.0,90.4000015258789,92.75,85.2813491821289,5011,0.0,0.0
2018-02-20,89.8499984741211,92.3499984741211,88.1500015258789,88.55000305175781,81.41956329345703,1719,0.0,0.0
2018-02-21,88.55000305175781,91.0,85.55000305175781,87.1500015258789,80.13229370117188,1243,0.0,0.0
2018-02-22,91.0,91.5,85.0,88.19999694824219,81.09773254394531,1663,0.0,0.0
2018-02-23,91.0,91.0,87.0,89.9000015258789,82.66084289550781,582,0.0,0.0
2018-02-26,89.9000015258789,94.0,89.9000015258789,91.9000015258789,84.49979400634766,1149,0.0,0.0
2018-02-27,88.0999984741211,94.0,88.0999984741211,90.8499984741211,83.53433990478516,692,0.0,0.0
2018-02-28,94.80000305175781,94.80000305175781,87.3499984741211,91.69999694824219,84.3158950805664,2094,0.0,0.0
2018-03-01,94.0,94.0,88.0,89.05000305175781,81.87928771972656,5675,0.0,0.0
2018-03-05,85.30000305175781,91.0,85.30000305175781,88.9000015258789,81.74137878417969,1292,0.0,0.0
2018-03-06,89.6500015258789,89.6500015258789,86.0,86.0,79.07489776611328,1467,0.0,0.0
2018-03-07,85.0999984741211,85.0999984741211,82.0,82.19999694824219,75.58089447021484,1185,0.0,0.0
2018-03-08,81.8499984741211,82.30000305175781,79.3499984741211,82.25,75.62686920166016,142,0.0,0.0
2018-03-09,82.25,83.0,78.75,81.94999694824219,75.35101318359375,1478,0.0,0.0
2018-03-12,85.75,85.75,77.9000015258789,77.9000015258789,71.62715148925781,1457,0.0,0.0
2018-03-13,75.05000305175781,79.4000015258789,74.05000305175781,74.05000305175781,68.08717346191406,4428,0.0,0.0
2018-03-14,72.0,74.5,70.69999694824219,72.25,66.43209075927734,4759,0.0,0.0
2018-03-15,75.69999694824219,75.80000305175781,70.0999984741211,73.75,67.81131744384766,2187,0.0,0.0
2018-03-16,72.0,74.9000015258789,72.0,74.0,68.04119110107422,705,0.0,0.0
2018-03-19,70.6500015258789,76.0,70.3499984741211,75.30000305175781,69.23650360107422,779,0.0,0.0
2018-03-20,75.0,78.0,71.5999984741211,72.0,66.20223236083984,1056,0.0,0.0
2018-03-21,73.0,75.5999984741211,73.0,73.25,67.35157775878906,3215,0.0,0.0
2018-03-22,75.30000305175781,75.30000305175781,69.75,70.19999694824219,64.54718017578125,2353,0.0,0.0
2018-03-23,69.0,72.19999694824219,66.69999694824219,67.0,61.604854583740234,28800,0.0,0.0
2018-03-26,67.0,69.69999694824219,64.25,66.1500015258789,60.82330322265625,1470,0.0,0.0
2018-03-27,69.0,69.4000015258789,66.0999984741211,67.9000015258789,62.43238830566406,1425,0.0,0.0
2018-03-28,67.30000305175781,69.44999694824219,66.30000305175781,66.30000305175781,60.96123123168945,1254,0.0,0.0
2018-04-02,69.0,69.5999984741211,68.9000015258789,69.55000305175781,63.94952392578125,3033,0.0,0.0
2018-04-03,71.94999694824219,73.0,71.0,73.0,67.12171173095703,1952,0.0,0.0
2018-04-04,76.19999694824219,76.6500015258789,76.19999694824219,76.6500015258789,70.47779846191406,1330,0.0,0.0
2018-04-05,79.8499984741211,80.44999694824219,79.8499984741211,80.44999694824219,73.9718017578125,365,0.0,0.0
2018-04-06,88.4000015258789,88.44999694824219,84.0,88.44999694824219,81.3276138305664,4816,0.0,0.0
2018-04-09,92.9000015258789,97.25,85.30000305175781,97.25,89.41899108886719,3116,0.0,0.0
2018-04-10,100.94999694824219,106.5,100.94999694824219,102.05000305175781,93.83248138427734,21732,0.0,0.0
2018-04-11,103.94999694824219,104.0,98.05000305175781,100.9000015258789,92.77507781982422,5135,0.0,0.0
2018-04-12,100.0,100.0,97.0,97.25,89.41899108886719,2240,0.0,0.0
2018-04-13,97.0,97.0,92.4000015258789,92.6500015258789,85.18940734863281,5261,0.0,0.0
2018-04-16,90.0999984741211,93.5,90.0,90.05000305175781,82.79878997802734,1658,0.0,0.0
2018-04-17,90.0,94.0,87.69999694824219,91.9000015258789,84.49979400634766,771,0.0,0.0
2018-04-18,93.94999694824219,93.94999694824219,87.3499984741211,88.75,81.60344696044922,2789,0.0,0.0
2018-04-19,87.3499984741211,89.05000305175781,86.0,86.44999694824219,79.48865509033203,1710,0.0,0.0
2018-04-20,86.0,90.0,86.0,88.44999694824219,81.3276138305664,1732,0.0,0.0
2018-04-23,87.94999694824219,92.8499984741211,87.0999984741211,91.0,83.67227172851562,1810,0.0,0.0
2018-04-24,93.0,93.0,87.55000305175781,88.6500015258789,81.5114974975586,3845,0.0,0.0
2018-04-25,88.5,90.94999694824219,84.25,86.05000305175781,79.12088012695312,5156,0.0,0.0
2018-04-26,84.30000305175781,87.69999694824219,81.75,82.3499984741211,75.71880340576172,5560,0.0,0.0
2018-04-27,80.30000305175781,82.94999694824219,78.25,79.44999694824219,73.05231475830078,2800,0.0,0.0
2018-04-30,83.4000015258789,83.4000015258789,75.5,76.5999984741211,70.43181610107422,6229,0.0,0.0
2018-05-02,80.0,80.0,74.0999984741211,79.6500015258789,73.23622131347656,3121,0.0,0.0
2018-05-03,81.0,82.80000305175781,76.0,76.5999984741211,70.43181610107422,2656,0.0,0.0
2018-05-04,76.0,80.19999694824219,74.1500015258789,75.05000305175781,69.00663757324219,2663,0.0,0.0
2018-05-07,73.55000305175781,75.0,72.25,74.6500015258789,68.63884735107422,1985,0.0,0.0
2018-05-08,74.19999694824219,75.5,74.1500015258789,74.19999694824219,68.2250747680664,1261,0.0,0.0
2018-05-09,77.19999694824219,77.19999694824219,74.1500015258789,74.1500015258789,68.1791000366211,750,0.0,0.0
2018-05-10,74.19999694824219,74.19999694824219,70.5,70.5,64.8230209350586,2958,0.0,0.0
2018-05-11,71.9000015258789,71.9000015258789,67.0,68.9000015258789,63.35185623168945,4376,0.0,0.0
2018-05-14,66.25,71.30000305175781,66.25,66.80000305175781,61.42096710205078,6502,0.0,0.0
2018-05-15,67.0,70.0999984741211,67.0,68.9000015258789,63.35185623168945,5678,0.0,0.0
2018-05-16,67.0,71.5999984741211,66.19999694824219,67.3499984741211,61.92668533325195,1670,0.0,0.0
2018-05-17,66.55000305175781,66.55000305175781,64.05000305175781,65.3499984741211,60.08772277832031,5603,0.0,0.0
2018-05-18,65.0,66.25,63.5,65.0999984741211,59.857852935791016,3408,0.0,0.0
2018-05-21,66.80000305175781,66.80000305175781,62.0,64.5999984741211,59.39811706542969,2059,0.0,0.0
2018-05-22,64.6500015258789,64.6500015258789,64.44999694824219,64.44999694824219,59.26019287109375,48,0.0,0.0
2018-05-23,65.0,65.0,62.099998474121094,64.8499984741211,59.62797927856445,1463,0.0,0.0
2018-05-24,63.099998474121094,67.94999694824219,62.5,63.0,57.92695236206055,1694,0.0,0.0
2018-05-25,65.8499984741211,66.1500015258789,62.0,66.1500015258789,60.82330322265625,5491,0.0,0.0
2018-05-28,69.0,69.44999694824219,68.0,69.4000015258789,63.81159973144531,4054,0.0,0.0
2018-05-29,69.5,70.9000015258789,67.0999984741211,69.4000015258789,63.81159973144531,3298,0.0,0.0
2018-05-30,72.8499984741211,72.8499984741211,66.69999694824219,69.05000305175781,63.489776611328125,5166,0.0,0.0
2018-05-31,68.5,70.55000305175781,68.5,69.05000305175781,63.489776611328125,1056,0.0,0.0
2018-06-01,68.0,71.0,66.5,67.05000305175781,61.650840759277344,826,0.0,0.0
2018-06-04,67.0,67.0,65.0,66.1500015258789,60.82330322265625,410,0.0,0.0
2018-06-05,63.599998474121094,65.0,62.849998474121094,62.900001525878906,57.83500671386719,4231,0.0,0.0
2018-06-06,60.04999923706055,64.9000015258789,60.04999923706055,62.0,57.00748062133789,644,0.0,0.0
2018-06-07,66.5,68.19999694824219,66.0,67.80000305175781,62.340450286865234,7082,0.0,0.0
2018-06-08,64.69999694824219,69.8499984741211,64.30000305175781,68.3499984741211,62.84613800048828,1701,0.0,0.0
2018-06-11,70.94999694824219,73.5,68.0,68.05000305175781,62.5703125,1914,0.0,0.0
2018-06-12,73.0,73.0,63.5,67.25,61.8347282409668,4117,0.0,0.0
2018-06-13,69.75,69.75,67.0,68.69999694824219,63.167964935302734,36,0.0,0.0
2018-06-14,68.0,69.0,67.0,68.0,62.524330139160156,2444,0.0,0.0
2018-06-15,68.0,70.69999694824219,68.0,69.4000015258789,63.81159973144531,216,0.0,0.0
2018-06-18,69.19999694824219,70.0,65.05000305175781,67.0,61.604854583740234,1257,0.0,0.0
2018-06-19,65.30000305175781,69.5,61.0,67.5,62.064598083496094,2064,0.0,0.0
2018-06-20,67.4000015258789,67.4000015258789,65.30000305175781,65.75,60.45551681518555,177,0.0,0.0
2018-06-21,69.3499984741211,69.3499984741211,64.19999694824219,65.0,59.76590347290039,362,0.0,0.0
2018-06-22,65.0,65.0,65.0,65.0,59.76590347290039,0,0.0,0.0
2018-06-25,65.1500015258789,66.30000305175781,64.0,66.30000305175781,60.96123123168945,324,0.0,0.0
2018-06-26,63.099998474121094,63.099998474121094,62.599998474121094,63.0,57.92695236206055,375,0.0,0.0
2018-06-27,61.20000076293945,64.0,61.150001525878906,63.349998474121094,58.2487678527832,2047,0.0,0.0
2018-06-28,59.20000076293945,65.5,58.0,58.20000076293945,53.51346969604492,1684,0.0,0.0
2018-06-29,60.5,64.0,58.0,63.349998474121094,58.2487678527832,2462,0.0,0.0
2018-07-02,63.400001525878906,63.400001525878906,58.150001525878906,59.849998474121094,55.03061294555664,3070,0.0,0.0
2018-07-03,62.5,62.79999923706055,57.0,57.54999923706055,52.91581344604492,2219,0.0,0.0
2018-07-04,58.099998474121094,63.29999923706055,57.25,59.349998474121094,54.570865631103516,3704,0.0,0.0
2018-07-05,57.0,60.900001525878906,56.70000076293945,59.400001525878906,54.616844177246094,316,0.0,0.0
2018-07-06,62.0,65.30000305175781,59.0,61.95000076293945,56.96150588989258,1871,0.0,0.0
2018-07-09,63.0,65.0,61.0,62.599998474121094,57.55916976928711,2039,0.0,0.0
2018-07-10,63.5,66.0,62.29999923706055,63.20000076293945,58.11085510253906,2010,0.0,0.0
2018-07-11,64.0,69.5,64.0,66.0,60.68538284301758,2687,0.0,0.0
2018-07-12,67.0,68.0,65.0999984741211,67.5999984741211,62.15653991699219,1422,0.0,0.0
2018-07-13,67.0,67.69999694824219,60.849998474121094,60.95000076293945,56.04203414916992,21424,0.0,0.0
2018-07-16,61.150001525878906,63.5,60.150001525878906,61.5,56.54773712158203,1282,0.0,0.0
2018-07-17,61.599998474121094,61.599998474121094,57.54999923706055,58.45000076293945,53.743343353271484,1139,0.0,0.0
2018-07-18,61.70000076293945,63.5,57.099998474121094,58.29999923706055,53.60542678833008,1507,0.0,0.0
2018-07-19,56.650001525878906,59.95000076293945,56.20000076293945,56.20000076293945,51.67452621459961,954,0.0,0.0
2018-07-20,52.45000076293945,56.599998474121094,52.400001525878906,55.099998474121094,50.66309356689453,2759,0.0,0.0
2018-07-23,52.599998474121094,59.849998474121094,52.599998474121094,56.099998474121094,51.58257293701172,2811,0.0,0.0
2018-07-24,59.0,59.400001525878906,57.5,57.599998474121094,52.9617805480957,1402,0.0,0.0
2018-07-25,57.79999923706055,58.849998474121094,56.0,57.20000076293945,52.593994140625,1176,0.0,0.0
2018-07-26,55.400001525878906,56.70000076293945,54.54999923706055,55.95000076293945,51.44465637207031,482,0.0,0.0
2018-07-27,56.0,56.0,54.25,55.45000076293945,50.98491668701172,1169,0.0,0.0
2018-07-30,55.0,56.0,54.04999923706055,55.400001525878906,50.93894577026367,12620,0.0,0.0
2018-07-31,55.95000076293945,56.0,54.79999923706055,55.599998474121094,51.122840881347656,1201,0.0,0.0
2018-08-01,54.79999923706055,56.75,54.29999923706055,55.099998474121094,50.66309356689453,1788,0.0,0.0
2018-08-02,55.0,57.29999923706055,55.0,56.70000076293945,52.13425827026367,1518,0.0,0.0
2018-08-03,55.349998474121094,58.900001525878906,55.349998474121094,58.099998474121094,53.42152786254883,2114,0.0,0.0
2018-08-06,60.5,60.5,54.54999923706055,57.900001525878906,53.237632751464844,2947,0.0,0.0
2018-08-07,59.849998474121094,62.0,58.599998474121094,60.150001525878906,55.306453704833984,4066,0.0,0.0
2018-08-08,62.0,72.1500015258789,62.0,72.1500015258789,66.34015655517578,20683,0.0,0.0
2018-08-09,80.0,86.55000305175781,80.0,83.0999984741211,76.40840911865234,226240,0.0,0.0
2018-08-10,83.94999694824219,84.5,76.0,77.0999984741211,70.89156341552734,42224,0.0,0.0
2018-08-13,74.5,77.0999984741211,69.4000015258789,70.55000305175781,64.8689956665039,18230,0.0,0.0
2018-08-14,70.55000305175781,72.5,66.0,66.4000015258789,61.05317306518555,10388,0.0,0.0
2018-08-16,65.0,68.4000015258789,63.5,64.5999984741211,59.39811706542969,8773,0.0,0.0
2018-08-17,67.80000305175781,67.80000305175781,64.0,65.8499984741211,60.547462463378906,5255,0.0,0.0
2018-08-20,67.5,67.5,62.599998474121094,62.70000076293945,57.6511116027832,6962,0.0,0.0
2018-08-21,60.400001525878906,64.4000015258789,60.400001525878906,62.5,57.467220306396484,3117,0.0,0.0
2018-08-23,62.099998474121094,64.9000015258789,62.099998474121094,63.849998474121094,58.70851135253906,3314,0.0,0.0
2018-08-24,65.9000015258789,66.9000015258789,63.79999923706055,63.79999923706055,58.66253662109375,2204,0.0,0.0
2018-08-27,66.94999694824219,66.94999694824219,62.0,62.900001525878906,57.83500671386719,4264,0.0,0.0
2018-08-28,62.0,63.0,62.0,62.150001525878906,57.145408630371094,1590,0.0,0.0
2018-08-29,61.099998474121094,63.79999923706055,60.95000076293945,62.20000076293945,57.191375732421875,4575,0.0,0.0
2018-08-30,62.0,62.0,60.150001525878906,60.95000076293945,56.04203414916992,2286,0.0,0.0
2018-08-31,61.95000076293945,61.95000076293945,58.400001525878906,59.04999923706055,54.29502487182617,6426,0.0,0.0
2018-09-03,61.0,62.0,59.349998474121094,62.0,57.00748062133789,6304,0.0,0.0
2018-09-04,65.0999984741211,65.0999984741211,61.25,61.79999923706055,56.823585510253906,2836,0.0,0.0
2018-09-05,64.1500015258789,64.1500015258789,59.5,60.25,55.398399353027344,5650,0.0,0.0
2018-09-06,61.900001525878906,61.900001525878906,60.0,60.75,55.85813903808594,4030,0.0,0.0
2018-09-07,60.0,62.70000076293945,60.0,61.599998474121094,56.63969421386719,7364,0.0,0.0
2018-09-10,60.599998474121094,61.599998474121094,59.650001525878906,60.25,55.398399353027344,654,0.0,0.0
2018-09-11,59.599998474121094,59.95000076293945,57.25,57.75,53.09971237182617,12865,0.0,0.0
2018-09-12,57.5,59.29999923706055,57.25,59.29999923706055,55.485687255859375,1986,1.0,0.0
2018-09-14,59.25,61.900001525878906,59.25,60.95000076293945,57.02956008911133,2156,0.0,0.0
2018-09-17,58.349998474121094,62.79999923706055,58.20000076293945,59.5,55.67282485961914,1393,0.0,0.0
2018-09-18,59.70000076293945,60.650001525878906,58.75,60.25,56.37458801269531,1939,0.0,0.0
2018-09-19,60.0,60.0,57.54999923706055,58.099998474121094,54.36286926269531,1250,0.0,0.0
2018-09-21,57.0,60.900001525878906,57.0,57.45000076293945,53.75469207763672,4463,0.0,0.0
2018-09-24,56.0,58.900001525878906,54.599998474121094,55.70000076293945,52.11724853515625,2295,0.0,0.0
2018-09-25,55.70000076293945,55.70000076293945,54.650001525878906,55.650001525878906,52.07046890258789,1413,0.0,0.0
2018-09-26,54.599998474121094,56.70000076293945,53.70000076293945,55.099998474121094,51.55584716796875,1525,0.0,0.0
2018-09-27,57.0,57.5,55.099998474121094,56.25,52.631874084472656,3964,0.0,0.0
2018-09-28,55.04999923706055,55.04999923706055,53.45000076293945,53.45000076293945,50.01197814941406,2403,0.0,0.0
2018-10-01,53.45000076293945,53.849998474121094,51.150001525878906,53.04999923706055,49.63770294189453,5569,0.0,0.0
2018-10-03,55.650001525878906,55.650001525878906,51.54999923706055,55.20000076293945,51.649410247802734,6579,0.0,0.0
2018-10-04,53.0,53.5,52.5,52.75,49.35700225830078,2924,0.0,0.0
2018-10-05,54.5,54.5,52.0,52.0,48.65524673461914,184,0.0,0.0
2018-10-08,52.0,53.29999923706055,47.349998474121094,49.349998474121094,46.17569351196289,2213,0.0,0.0
2018-10-09,47.79999923706055,50.900001525878906,47.5,50.900001525878906,47.62599182128906,3066,0.0,0.0
2018-10-10,50.900001525878906,50.900001525878906,47.650001525878906,49.29999923706055,46.12891387939453,443,0.0,0.0
2018-10-11,48.5,50.79999923706055,48.5,50.29999923706055,47.0645866394043,1271,0.0,0.0
2018-10-12,53.400001525878906,53.400001525878906,50.0,50.650001525878906,47.3920783996582,2093,0.0,0.0
2018-10-15,52.0,52.0,48.650001525878906,48.95000076293945,45.801429748535156,1567,0.0,0.0
2018-10-16,52.79999923706055,52.79999923706055,50.0,50.75,47.48564529418945,1017,0.0,0.0
2018-10-17,50.75,51.599998474121094,48.04999923706055,48.04999923706055,44.95931625366211,1618,0.0,0.0
2018-10-19,48.5,50.0,47.0,49.400001525878906,46.22248077392578,832,0.0,0.0
2018-10-22,53.849998474121094,53.849998474121094,47.20000076293945,48.54999923706055,45.42715072631836,1479,0.0,0.0
2018-10-23,48.54999923706055,49.0,47.099998474121094,47.099998474121094,44.07041931152344,91,0.0,0.0
2018-10-24,50.650001525878906,50.650001525878906,43.099998474121094,46.599998474121094,43.60258102416992,5208,0.0,0.0
2018-10-25,44.29999923706055,47.20000076293945,44.25,46.900001525878906,43.88328552246094,1492,0.0,0.0
2018-10-26,45.0,48.400001525878906,44.0,44.79999923706055,41.918357849121094,1751,0.0,0.0
2018-10-29,44.25,46.900001525878906,42.79999923706055,46.849998474121094,43.83650207519531,2318,0.0,0.0
2018-10-30,48.0,51.5,48.0,51.45000076293945,48.1406135559082,10740,0.0,0.0
2018-10-31,55.0,56.400001525878906,47.20000076293945,51.75,48.421321868896484,10351,0.0,0.0
2018-11-01,55.75,55.75,48.29999923706055,50.849998474121094,47.57921600341797,599,0.0,0.0
2018-11-02,54.900001525878906,54.900001525878906,49.400001525878906,51.849998474121094,48.51488494873047,7586,0.0,0.0
2018-11-05,52.70000076293945,52.70000076293945,50.20000076293945,51.20000076293945,47.906707763671875,670,0.0,0.0
2018-11-06,49.20000076293945,52.29999923706055,49.20000076293945,50.349998474121094,47.11137390136719,863,0.0,0.0
2018-11-07,50.04999923706055,52.70000076293945,49.29999923706055,50.29999923706055,47.0645866394043,2421,0.0,0.0
2018-11-09,53.0,54.79999923706055,51.04999923706055,52.849998474121094,49.45056915283203,3293,0.0,0.0
2018-11-12,52.849998474121094,53.5,51.04999923706055,52.900001525878906,49.497352600097656,1530,0.0,0.0
2018-11-13,57.900001525878906,58.150001525878906,51.0,58.150001525878906,54.40966796875,8153,0.0,0.0
2018-11-14,61.599998474121094,61.599998474121094,55.5,55.95000076293945,52.35116958618164,4235,0.0,0.0
2018-11-15,54.099998474121094,55.25,50.45000076293945,51.25,47.95348358154297,5206,0.0,0.0
2018-11-16,51.54999923706055,53.75,50.0,51.900001525878906,48.561676025390625,1741,0.0,0.0
2018-11-19,50.75,54.0,49.0,50.70000076293945,47.43886184692383,3164,0.0,0.0
2018-11-20,49.5,52.0,49.5,50.849998474121094,47.57921600341797,588,0.0,0.0
2018-11-21,52.400001525878906,52.400001525878906,49.79999923706055,50.79999923706055,47.532432556152344,330,0.0,0.0
2018-11-22,48.20000076293945,51.5,45.79999923706055,47.20000076293945,44.16399002075195,10357,0.0,0.0
2018-11-26,48.0,48.0,47.0,47.0,43.97684860229492,1257,0.0,0.0
2018-11-27,48.0,49.5,46.20000076293945,48.0,44.91253662109375,1553,0.0,0.0
2018-11-28,47.0,49.79999923706055,46.599998474121094,46.95000076293945,43.93006896972656,731,0.0,0.0
2018-11-29,49.599998474121094,49.599998474121094,47.099998474121094,49.0,45.84820556640625,2294,0.0,0.0
2018-11-30,46.45000076293945,49.0,44.099998474121094,44.20000076293945,41.35695266723633,51363,0.0,0.0
2018-12-03,45.0,46.0,43.79999923706055,44.45000076293945,41.590877532958984,5340,0.0,0.0
2018-12-04,45.29999923706055,45.29999923706055,42.95000076293945,44.5,41.637664794921875,1930,0.0,0.0
2018-12-05,44.0,45.0,43.25,44.04999923706055,41.21660614013672,1516,0.0,0.0
2018-12-06,44.0,44.5,43.5,43.54999923706055,40.74876022338867,405,0.0,0.0
2018-12-07,44.95000076293945,45.5,44.04999923706055,44.95000076293945,42.058712005615234,2723,0.0,0.0
2018-12-10,43.0,45.5,41.400001525878906,43.0,40.2341423034668,1660,0.0,0.0
2018-12-11,44.900001525878906,44.900001525878906,42.79999923706055,44.849998474121094,41.965145111083984,276,0.0,0.0
2018-12-12,44.900001525878906,47.70000076293945,40.79999923706055,44.099998474121094,41.263389587402344,4852,0.0,0.0
2018-12-13,45.599998474121094,46.75,44.0,44.29999923706055,41.450523376464844,2149,0.0,0.0
2018-12-14,46.400001525878906,46.400001525878906,44.29999923706055,45.45000076293945,42.526554107666016,1480,0.0,0.0
2018-12-17,45.45000076293945,45.45000076293945,44.54999923706055,45.45000076293945,42.526554107666016,287,0.0,0.0
2018-12-18,46.75,46.75,46.650001525878906,46.650001525878906,43.64936828613281,145,0.0,0.0
2018-12-19,44.0,46.70000076293945,44.0,46.25,43.27509689331055,3651,0.0,0.0
2018-12-20,46.75,47.0,45.599998474121094,45.599998474121094,42.666900634765625,1335,0.0,0.0
2018-12-21,47.79999923706055,47.79999923706055,44.79999923706055,44.79999923706055,41.918357849121094,2205,0.0,0.0
2018-12-24,45.900001525878906,45.900001525878906,44.099998474121094,45.0,42.10549545288086,1501,0.0,0.0
2018-12-26,44.0,46.0,41.849998474121094,42.75,40.00022506713867,10082,0.0,0.0
2018-12-27,43.099998474121094,44.5,43.0,43.099998474121094,40.32770538330078,1930,0.0,0.0
2018-12-28,43.0,46.0,42.0,44.25,41.40373611450195,2029,0.0,0.0
2018-12-31,44.29999923706055,45.25,44.0,44.0,41.169822692871094,1468,0.0,0.0
2019-01-01,44.04999923706055,45.20000076293945,42.150001525878906,45.099998474121094,42.199066162109375,7338,0.0,0.0
2019-01-02,44.0,46.0,44.0,45.70000076293945,42.760475158691406,1659,0.0,0.0
2019-01-03,44.29999923706055,45.0,44.20000076293945,44.25,41.40373611450195,4502,0.0,0.0
2019-01-04,44.04999923706055,45.0,43.5,43.5,40.70198059082031,4190,0.0,0.0
2019-01-07,44.849998474121094,45.0,43.29999923706055,45.0,42.10549545288086,1548,0.0,0.0
2019-01-08,43.849998474121094,45.0,43.75,44.04999923706055,41.21660614013672,1847,0.0,0.0
2019-01-09,44.04999923706055,44.75,44.0,44.0,41.169822692871094,3991,0.0,0.0
2019-01-10,44.0,45.0,42.650001525878906,44.45000076293945,41.590877532958984,3695,0.0,0.0
2019-01-11,43.29999923706055,44.099998474121094,42.54999923706055,43.70000076293945,40.889122009277344,1986,0.0,0.0
2019-01-14,43.70000076293945,44.650001525878906,42.79999923706055,43.45000076293945,40.65519714355469,620,0.0,0.0
2019-01-15,42.45000076293945,44.400001525878906,42.45000076293945,43.70000076293945,40.889122009277344,2669,0.0,0.0
2019-01-16,43.04999923706055,43.95000076293945,42.099998474121094,42.79999923706055,40.0470085144043,1916,0.0,0.0
2019-01-17,43.0,43.0,42.0,42.70000076293945,39.95344161987305,4338,0.0,0.0
2019-01-18,42.0,42.75,41.599998474121094,42.099998474121094,39.392032623291016,2560,0.0,0.0
2019-01-21,42.04999923706055,43.0,41.0,41.400001525878906,38.737064361572266,4226,0.0,0.0
2019-01-22,43.0,43.0,40.54999923706055,41.150001525878906,38.50313949584961,2528,0.0,0.0
2019-01-23,43.20000076293945,43.20000076293945,40.5,42.75,40.00022506713867,8156,0.0,0.0
2019-01-24,42.5,42.95000076293945,41.20000076293945,42.099998474121094,39.392032623291016,2705,0.0,0.0
2019-01-25,42.900001525878906,43.349998474121094,41.0,41.04999923706055,38.40957260131836,7084,0.0,0.0
2019-01-28,41.0,41.04999923706055,38.099998474121094,38.849998474121094,36.351078033447266,6557,0.0,0.0
2019-01-29,41.599998474121094,44.0,38.0,39.400001525878906,36.86570358276367,1422,0.0,0.0
2019-01-30,40.0,40.20000076293945,37.099998474121094,38.5,36.02359390258789,1326,0.0,0.0
2019-01-31,37.79999923706055,39.900001525878906,37.25,37.25,34.85399627685547,2445,0.0,0.0
2019-02-01,37.20000076293945,39.349998474121094,36.29999923706055,38.599998474121094,36.11716079711914,2564,0.0,0.0
2019-02-04,37.20000076293945,39.5,36.79999923706055,37.650001525878906,35.228267669677734,2384,0.0,0.0
2019-02-05,36.5,39.29999923706055,35.79999923706055,36.04999923706055,33.73118591308594,3146,0.0,0.0
2019-02-06,36.04999923706055,38.400001525878906,34.54999923706055,38.400001525878906,35.930030822753906,767,0.0,0.0
2019-02-07,38.29999923706055,39.29999923706055,36.75,37.849998474121094,35.415401458740234,3972,0.0,0.0
2019-02-08,35.599998474121094,37.5,34.650001525878906,36.04999923706055,33.73118591308594,1874,0.0,0.0
2019-02-11,36.5,43.0,30.950000762939453,32.099998474121094,30.035253524780273,12057,0.0,0.0
2019-02-12,32.349998474121094,35.5,32.29999923706055,34.150001525878906,31.95339584350586,6226,0.0,0.0
2019-02-14,32.70000076293945,35.349998474121094,32.70000076293945,33.400001525878906,31.251638412475586,1848,0.0,0.0
2019-02-15,31.200000762939453,35.79999923706055,31.200000762939453,33.54999923706055,31.391990661621094,4735,0.0,0.0
2019-02-18,32.5,33.54999923706055,32.099998474121094,33.25,31.111284255981445,311,0.0,0.0
2019-02-19,32.150001525878906,34.0,32.150001525878906,34.0,31.81304168701172,3308,0.0,0.0
2019-02-20,32.20000076293945,35.0,30.899999618530273,34.45000076293945,32.23409652709961,13460,0.0,0.0
2019-02-21,35.0,35.650001525878906,33.849998474121094,34.599998474121094,32.374446868896484,10339,0.0,0.0
2019-02-22,35.0,41.5,34.599998474121094,41.5,38.830623626708984,39472,0.0,0.0
2019-02-25,45.0,45.0,41.5,42.20000076293945,39.485599517822266,33190,0.0,0.0
2019-02-26,40.0,44.0,39.04999923706055,42.0,39.2984619140625,7357,0.0,0.0
2019-02-27,42.0,43.400001525878906,40.5,43.400001525878906,40.60841751098633,1560,0.0,0.0
2019-02-28,42.95000076293945,42.95000076293945,40.400001525878906,41.70000076293945,39.01776123046875,608,0.0,0.0
2019-03-01,40.29999923706055,43.29999923706055,40.29999923706055,41.150001525878906,38.50313949584961,1334,0.0,0.0
2019-03-05,41.150001525878906,44.0,41.099998474121094,43.79999923706055,40.98268508911133,2911,0.0,0.0
2019-03-06,43.0,44.95000076293945,42.0,42.45000076293945,39.719520568847656,7888,0.0,0.0
2019-03-07,41.75,43.099998474121094,41.75,42.45000076293945,39.719520568847656,4341,0.0,0.0
2019-03-08,42.099998474121094,42.900001525878906,42.0,42.349998474121094,39.625953674316406,265,0.0,0.0
2019-03-11,41.45000076293945,42.900001525878906,41.20000076293945,41.349998474121094,38.690277099609375,2371,0.0,0.0
2019-03-12,42.79999923706055,43.0,40.29999923706055,41.349998474121094,38.690277099609375,4211,0.0,0.0
2019-03-13,40.25,41.70000076293945,40.04999923706055,40.150001525878906,37.56746292114258,1628,0.0,0.0
2019-03-14,42.25,42.25,40.04999923706055,41.20000076293945,38.54991912841797,1184,0.0,0.0
2019-03-15,42.0,43.900001525878906,40.25,43.599998474121094,40.7955436706543,5552,0.0,0.0
2019-03-18,43.599998474121094,44.25,41.900001525878906,42.5,39.76630401611328,4321,0.0,0.0
2019-03-19,40.849998474121094,43.400001525878906,40.849998474121094,42.20000076293945,39.485599517822266,1027,0.0,0.0
2019-03-20,41.349998474121094,42.79999923706055,41.0,41.29999923706055,38.64348602294922,1017,0.0,0.0
2019-03-22,41.0,42.70000076293945,40.54999923706055,42.20000076293945,39.485599517822266,1957,0.0,0.0
2019-03-25,40.5,41.900001525878906,39.20000076293945,39.900001525878906,37.33354187011719,1815,0.0,0.0
2019-03-26,42.400001525878906,42.5,38.599998474121094,39.5,36.959266662597656,6578,0.0,0.0
2019-03-27,41.5,41.5,39.25,40.79999923706055,38.1756477355957,1243,0.0,0.0
2019-03-28,41.5,44.099998474121094,36.75,41.0,38.36278533935547,17941,0.0,0.0
2019-04-01,42.099998474121094,42.099998474121094,41.099998474121094,41.400001525878906,38.737064361572266,2974,0.0,0.0
2019-04-02,41.29999923706055,42.45000076293945,40.54999923706055,41.75,39.06454849243164,1827,0.0,0.0
2019-04-03,42.25,42.95000076293945,41.70000076293945,42.54999923706055,39.813087463378906,2091,0.0,0.0
2019-04-04,41.599998474121094,51.04999923706055,41.599998474121094,51.04999923706055,47.7663459777832,171592,0.0,0.0
2019-04-05,54.849998474121094,58.0,51.20000076293945,52.849998474121094,49.45056915283203,171666,0.0,0.0
2019-04-08,51.0,51.79999923706055,47.20000076293945,48.0,44.91253662109375,37522,0.0,0.0
2019-04-09,48.70000076293945,50.79999923706055,46.0,48.849998474121094,45.707855224609375,8990,0.0,0.0
2019-04-10,49.599998474121094,49.599998474121094,47.0,47.650001525878906,44.58504867553711,3119,0.0,0.0
2019-04-11,48.400001525878906,48.400001525878906,46.79999923706055,47.20000076293945,44.16399002075195,2154,0.0,0.0
2019-04-12,47.900001525878906,47.900001525878906,45.5,46.099998474121094,43.134742736816406,1630,0.0,0.0
2019-04-15,46.79999923706055,46.900001525878906,45.0,46.099998474121094,43.134742736816406,3534,0.0,0.0
2019-04-16,45.0,46.95000076293945,45.0,45.5,42.573341369628906,6900,0.0,0.0
2019-04-18,45.5,46.20000076293945,45.20000076293945,45.29999923706055,42.38620376586914,1167,0.0,0.0
2019-04-22,43.650001525878906,44.900001525878906,42.5,43.150001525878906,40.3745002746582,7185,0.0,0.0
2019-04-23,43.79999923706055,45.150001525878906,43.0,44.849998474121094,41.965145111083984,1791,0.0,0.0
2019-04-24,43.25,44.5,43.25,44.25,41.40373611450195,201,0.0,0.0
2019-04-25,44.599998474121094,46.25,43.599998474121094,44.70000076293945,41.824798583984375,3676,0.0,0.0
2019-04-26,43.70000076293945,44.900001525878906,43.70000076293945,43.900001525878906,41.07625198364258,1218,0.0,0.0
2019-04-30,44.599998474121094,44.599998474121094,41.79999923706055,42.099998474121094,39.392032623291016,4538,0.0,0.0
2019-05-02,41.900001525878906,50.5,41.900001525878906,50.5,47.25172424316406,26154,0.0,0.0
2019-05-03,54.349998474121094,60.599998474121094,53.5,60.599998474121094,56.70207214355469,372953,0.0,0.0
2019-05-06,59.5,60.70000076293945,55.0,56.099998474121094,52.491519927978516,73041,0.0,0.0
2019-05-07,56.900001525878906,59.29999923706055,51.650001525878906,53.45000076293945,50.01197814941406,37350,0.0,0.0
2019-05-08,53.0,53.79999923706055,50.400001525878906,51.5,48.187400817871094,8499,0.0,0.0
2019-05-09,51.5,53.79999923706055,49.29999923706055,52.54999923706055,49.169864654541016,8336,0.0,0.0
2019-05-10,52.54999923706055,61.900001525878906,52.04999923706055,57.95000076293945,54.22251892089844,18976,0.0,0.0
2019-05-13,59.900001525878906,59.95000076293945,51.0,56.5,52.86579513549805,34957,0.0,0.0
2019-05-14,54.0,57.349998474121094,51.400001525878906,52.95000076293945,49.54413986206055,18910,0.0,0.0
2019-05-15,51.29999923706055,56.5,51.29999923706055,52.599998474121094,49.216644287109375,4063,0.0,0.0
2019-05-16,52.0,53.0,51.849998474121094,52.599998474121094,49.216644287109375,1012,0.0,0.0
2019-05-17,54.900001525878906,54.900001525878906,51.099998474121094,52.75,49.35700225830078,9751,0.0,0.0
2019-05-20,53.04999923706055,55.400001525878906,52.45000076293945,53.150001525878906,49.73127365112305,5997,0.0,0.0
2019-05-21,54.150001525878906,54.150001525878906,52.70000076293945,53.79999923706055,50.33946228027344,3388,0.0,0.0
2019-05-22,52.099998474121094,55.0,52.099998474121094,52.75,49.35700225830078,6416,0.0,0.0
2019-05-23,52.29999923706055,54.79999923706055,52.29999923706055,52.79999923706055,49.403778076171875,3108,0.0,0.0
2019-05-24,53.0,63.349998474121094,52.29999923706055,63.349998474121094,59.275184631347656,35030,0.0,0.0
2019-05-27,66.0999984741211,67.9000015258789,59.0,61.95000076293945,57.96523666381836,37341,0.0,0.0
2019-05-28,64.69999694824219,64.69999694824219,61.099998474121094,61.599998474121094,57.63774871826172,7997,0.0,0.0
2019-05-29,61.0,62.599998474121094,57.54999923706055,59.20000076293945,55.39212417602539,4271,0.0,0.0
2019-05-30,58.04999923706055,62.0,57.0,58.54999923706055,54.7839241027832,10692,0.0,0.0
2019-05-31,57.25,59.45000076293945,54.20000076293945,55.04999923706055,51.50905990600586,11629,0.0,0.0
2019-06-03,54.0,59.400001525878906,53.5,57.0,53.3336296081543,6796,0.0,0.0
2019-06-04,57.849998474121094,57.849998474121094,54.54999923706055,55.5,51.93011474609375,5395,0.0,0.0
2019-06-06,53.599998474121094,56.45000076293945,53.599998474121094,55.599998474121094,52.023677825927734,3095,0.0,0.0
2019-06-07,59.29999923706055,59.29999923706055,54.54999923706055,55.29999923706055,51.742977142333984,1822,0.0,0.0
2019-06-10,57.0,57.900001525878906,51.5,57.54999923706055,53.8482551574707,12176,0.0,0.0
2019-06-11,57.900001525878906,59.20000076293945,55.25,56.900001525878906,53.24006271362305,4160,0.0,0.0
2019-06-12,58.75,59.400001525878906,55.54999923706055,58.5,54.73714828491211,4398,0.0,0.0
2019-06-13,57.0,57.95000076293945,57.0,57.04999923706055,53.38041305541992,1021,0.0,0.0
2019-06-14,57.04999923706055,58.75,55.5,57.099998474121094,53.42720031738281,2036,0.0,0.0
2019-06-17,57.099998474121094,58.400001525878906,55.5,55.75,52.164031982421875,2784,0.0,0.0
2019-06-18,57.70000076293945,57.70000076293945,53.29999923706055,55.349998474121094,51.789756774902344,2950,0.0,0.0
2019-06-19,57.5,57.5,53.0,53.70000076293945,50.24589538574219,3639,0.0,0.0
2019-06-20,57.400001525878906,57.400001525878906,50.400001525878906,52.900001525878906,49.497352600097656,1551,0.0,0.0
2019-06-21,52.900001525878906,53.5,51.0,53.5,50.05875778198242,1478,0.0,0.0
2019-06-24,51.29999923706055,54.0,51.0,52.79999923706055,49.403778076171875,886,0.0,0.0
2019-06-25,58.0,58.0,51.29999923706055,53.599998474121094,50.152320861816406,2099,0.0,0.0
2019-06-26,55.0,55.0,51.599998474121094,54.95000076293945,51.415489196777344,4264,0.0,0.0
2019-06-27,54.45000076293945,56.599998474121094,53.45000076293945,55.79999923706055,52.210819244384766,3621,0.0,0.0
2019-06-28,57.0,57.0,53.79999923706055,54.849998474121094,51.321922302246094,1358,0.0,0.0
2019-07-01,56.900001525878906,56.95000076293945,53.5,55.849998474121094,52.257598876953125,1415,0.0,0.0
2019-07-02,55.849998474121094,57.75,54.150001525878906,54.20000076293945,50.7137336730957,2487,0.0,0.0
2019-07-03,56.900001525878906,56.900001525878906,52.150001525878906,54.45000076293945,50.94765090942383,867,0.0,0.0
2019-07-04,57.20000076293945,57.20000076293945,53.599998474121094,53.599998474121094,50.152320861816406,914,0.0,0.0
2019-07-05,55.900001525878906,55.900001525878906,53.0,55.400001525878906,51.8365478515625,334,0.0,0.0
2019-07-08,54.0,54.0,52.54999923706055,54.0,50.52659606933594,731,0.0,0.0
2019-07-09,55.900001525878906,55.900001525878906,50.25,54.0,50.52659606933594,474,0.0,0.0
2019-07-10,52.0,55.0,51.599998474121094,52.5,49.123085021972656,3609,0.0,0.0
2019-07-11,53.0,53.0,53.0,53.0,49.59091567993164,2,0.0,0.0
2019-07-12,51.400001525878906,54.400001525878906,51.349998474121094,52.54999923706055,49.169864654541016,1480,0.0,0.0
2019-07-15,52.54999923706055,52.54999923706055,50.54999923706055,50.900001525878906,47.62599182128906,3012,0.0,0.0
2019-07-16,51.0,51.0,49.650001525878906,50.04999923706055,46.83066940307617,1558,0.0,0.0
2019-07-17,49.70000076293945,51.5,46.099998474121094,48.900001525878906,45.754642486572266,7360,0.0,0.0
2019-07-18,48.0,48.79999923706055,46.0,47.099998474121094,44.07041931152344,1644,0.0,0.0
2019-07-19,46.0,46.849998474121094,40.099998474121094,41.650001525878906,38.970977783203125,8757,0.0,0.0
2019-07-22,42.0,45.0,42.0,44.900001525878906,42.01193618774414,1659,0.0,0.0
2019-07-23,49.0,49.0,43.599998474121094,44.599998474121094,41.73122024536133,933,0.0,0.0
2019-07-24,47.5,47.5,43.25,44.75,41.87157440185547,1465,0.0,0.0
2019-07-25,44.0,46.0,43.0,45.900001525878906,42.947608947753906,474,0.0,0.0
2019-07-26,48.0,48.0,44.400001525878906,47.650001525878906,44.58504867553711,1678,0.0,0.0
2019-07-29,45.0,46.79999923706055,44.70000076293945,46.79999923706055,43.78971862792969,477,0.0,0.0
2019-07-30,51.900001525878906,51.900001525878906,42.0,43.29999923706055,40.51484680175781,2053,0.0,0.0
2019-07-31,46.0,46.0,43.29999923706055,43.900001525878906,41.07625198364258,1008,0.0,0.0
2019-08-01,48.70000076293945,51.400001525878906,41.650001525878906,44.0,41.169822692871094,2214,0.0,0.0
2019-08-02,48.79999923706055,48.900001525878906,42.349998474121094,45.349998474121094,42.432987213134766,1699,0.0,0.0
2019-08-05,45.849998474121094,45.900001525878906,44.0,45.900001525878906,42.947608947753906,601,0.0,0.0
2019-08-06,49.0,49.0,45.29999923706055,46.70000076293945,43.69615173339844,523,0.0,0.0
2019-08-07,44.20000076293945,46.75,41.95000076293945,46.0,43.041175842285156,2043,0.0,0.0
2019-08-08,46.0,46.5,46.0,46.5,43.509010314941406,1371,0.0,0.0
2019-08-09,51.0,51.0,40.0,42.849998474121094,40.093788146972656,28106,0.0,0.0
2019-08-13,46.95000076293945,46.95000076293945,41.29999923706055,42.54999923706055,39.813087463378906,3103,0.0,0.0
2019-08-14,44.900001525878906,44.95000076293945,42.599998474121094,43.54999923706055,40.74876022338867,735,0.0,0.0
2019-08-16,42.04999923706055,44.400001525878906,40.099998474121094,43.400001525878906,40.60841751098633,1443,0.0,0.0
2019-08-19,41.25,44.849998474121094,41.25,44.400001525878906,41.544090270996094,335,0.0,0.0
2019-08-20,43.5,43.5,41.400001525878906,41.79999923706055,39.111331939697266,1734,0.0,0.0
2019-08-21,41.0,44.400001525878906,38.95000076293945,39.849998474121094,37.2867546081543,2411,0.0,0.0
2019-08-22,40.0,41.79999923706055,37.70000076293945,38.349998474121094,35.88323974609375,1874,0.0,0.0
2019-08-23,39.349998474121094,40.04999923706055,38.099998474121094,40.04999923706055,37.47389602661133,758,0.0,0.0
2019-08-26,41.75,42.45000076293945,39.400001525878906,41.95000076293945,39.25168228149414,1804,0.0,0.0
2019-08-27,45.900001525878906,45.900001525878906,40.0,43.29999923706055,40.51484680175781,898,0.0,0.0
2019-08-28,45.95000076293945,45.95000076293945,41.0,41.900001525878906,39.20489501953125,1005,0.0,0.0
2019-08-29,41.900001525878906,41.900001525878906,38.54999923706055,41.04999923706055,38.40957260131836,2424,0.0,0.0
2019-08-30,42.79999923706055,42.79999923706055,41.04999923706055,42.0,39.2984619140625,876,0.0,0.0
2019-09-03,42.75,42.79999923706055,41.599998474121094,41.599998474121094,38.924190521240234,14830,0.0,0.0
2019-09-04,42.400001525878906,42.5,42.400001525878906,42.5,39.76630401611328,209,0.0,0.0
2019-09-05,42.5,43.75,42.04999923706055,43.0,40.2341423034668,1673,0.0,0.0
2019-09-06,44.0,44.0,43.099998474121094,43.099998474121094,40.32770538330078,2737,0.0,0.0
2019-09-09,45.0,45.0,43.349998474121094,44.25,41.40373611450195,1207,0.0,0.0
2019-09-11,44.25,45.5,43.0,43.849998474121094,41.02946472167969,3582,0.0,0.0
2019-09-12,44.0,45.75,43.70000076293945,45.54999923706055,43.61475372314453,10589,1.0,0.0
2019-09-13,45.54999923706055,51.95000076293945,45.54999923706055,49.349998474121094,47.25330352783203,8078,0.0,0.0
2019-09-16,53.0,59.20000076293945,49.79999923706055,59.20000076293945,56.68482208251953,117443,0.0,0.0
2019-09-17,62.849998474121094,62.849998474121094,53.29999923706055,54.099998474121094,51.80149841308594,38983,0.0,0.0
2019-09-18,53.0,53.79999923706055,50.5,51.849998474121094,49.647090911865234,4356,0.0,0.0
2019-09-19,51.900001525878906,53.25,49.099998474121094,51.150001525878906,48.976837158203125,1835,0.0,0.0
2019-09-20,51.150001525878906,54.900001525878906,50.0,51.400001525878906,49.216217041015625,5500,0.0,0.0
2019-09-23,53.900001525878906,55.45000076293945,51.099998474121094,51.650001525878906,49.45559310913086,2149,0.0,0.0
2019-09-24,50.650001525878906,53.650001525878906,50.25,52.599998474121094,50.3652229309082,1670,0.0,0.0
2019-09-25,52.5,52.5,50.04999923706055,51.45000076293945,49.26408386230469,1583,0.0,0.0
2019-09-26,51.5,54.0,51.0,51.599998474121094,49.40771484375,4269,0.0,0.0
2019-09-27,53.599998474121094,53.599998474121094,51.04999923706055,52.0,49.79072570800781,1404,0.0,0.0
2019-09-30,51.0,53.45000076293945,48.400001525878906,50.04999923706055,47.92356872558594,840,0.0,0.0
2019-10-01,48.400001525878906,52.400001525878906,45.150001525878906,48.099998474121094,46.056419372558594,2540,0.0,0.0
2019-10-03,48.0,49.79999923706055,45.25,48.95000076293945,46.87030792236328,1727,0.0,0.0
2019-10-04,48.95000076293945,50.54999923706055,46.75,47.79999923706055,45.769161224365234,4499,0.0,0.0
2019-10-07,48.0,51.400001525878906,47.25,48.349998474121094,46.29579544067383,10728,0.0,0.0
2019-10-09,47.0,49.849998474121094,46.650001525878906,49.650001525878906,47.540565490722656,4232,0.0,0.0
2019-10-10,48.900001525878906,49.0,47.29999923706055,48.29999923706055,46.24791717529297,2941,0.0,0.0
2019-10-11,49.849998474121094,49.849998474121094,48.0,48.0,45.960670471191406,664,0.0,0.0
2019-10-14,48.0,52.95000076293945,47.0,51.150001525878906,48.976837158203125,4225,0.0,0.0
2019-10-15,53.5,53.5,50.5,51.0,48.83320999145508,3308,0.0,0.0
2019-10-16,52.5,52.5,49.70000076293945,50.150001525878906,48.019317626953125,548,0.0,0.0
2019-10-17,50.0,51.75,50.0,50.0,47.87569808959961,1122,0.0,0.0
2019-10-18,50.95000076293945,50.95000076293945,49.5,50.0,47.87569808959961,1594,0.0,0.0
2019-10-22,50.0,52.0,50.0,50.150001525878906,48.019317626953125,2038,0.0,0.0
2019-10-23,49.0,51.0,47.099998474121094,47.95000076293945,45.91279220581055,3914,0.0,0.0
2019-10-24,50.900001525878906,53.75,48.099998474121094,51.95000076293945,49.74284744262695,3004,0.0,0.0
2019-10-25,51.849998474121094,54.79999923706055,51.5,53.45000076293945,51.17911911010742,2592,0.0,0.0
2019-10-27,56.0,56.0,53.0,53.04999923706055,50.796112060546875,2512,0.0,0.0
2019-10-29,50.20000076293945,54.650001525878906,50.20000076293945,54.0,51.70574951171875,6521,0.0,0.0
2019-10-30,55.5,58.0,51.099998474121094,53.54999923706055,51.274871826171875,7926,0.0,0.0
2019-10-31,54.849998474121094,54.849998474121094,52.20000076293945,52.29999923706055,50.077972412109375,1155,0.0,0.0
2019-11-01,52.20000076293945,56.75,52.0,52.75,50.50885772705078,1854,0.0,0.0
2019-11-04,55.0,59.5,55.0,56.75,54.33891296386719,22401,0.0,0.0
2019-11-05,56.0,58.0,56.0,56.5,54.09953689575195,1830,0.0,0.0
2019-11-06,57.0,57.349998474121094,55.0,56.5,54.09953689575195,2177,0.0,0.0
2019-11-07,58.0,58.0,55.5,56.20000076293945,53.812278747558594,2211,0.0,0.0
2019-11-08,55.599998474121094,57.75,55.0,56.099998474121094,53.71652603149414,3321,0.0,0.0
2019-11-11,56.900001525878906,56.900001525878906,52.099998474121094,54.650001525878906,52.32813262939453,7170,0.0,0.0
2019-11-13,60.70000076293945,64.5,53.54999923706055,56.900001525878906,54.482540130615234,5344,0.0,0.0
2019-11-14,55.5,58.349998474121094,51.20000076293945,55.25,52.90264129638672,2389,0.0,0.0
2019-11-15,58.95000076293945,58.95000076293945,53.0,53.54999923706055,51.274871826171875,5182,0.0,0.0
2019-11-18,52.70000076293945,54.54999923706055,50.29999923706055,52.099998474121094,49.88646697998047,3165,0.0,0.0
2019-11-19,52.099998474121094,54.70000076293945,47.5,48.099998474121094,46.056419372558594,11718,0.0,0.0
2019-11-20,52.0,52.0,47.45000076293945,49.349998474121094,47.25330352783203,986,0.0,0.0
2019-11-21,50.79999923706055,50.79999923706055,48.0,48.25,46.20004653930664,379,0.0,0.0
2019-11-22,48.0,49.0,47.150001525878906,48.20000076293945,46.152164459228516,2422,0.0,0.0
2019-11-25,51.54999923706055,51.54999923706055,48.099998474121094,48.20000076293945,46.152164459228516,866,0.0,0.0
2019-11-26,49.0,50.900001525878906,48.20000076293945,49.20000076293945,47.109683990478516,13023,0.0,0.0
2019-11-27,53.0,53.0,48.29999923706055,49.04999923706055,46.96605682373047,1046,0.0,0.0
2019-11-28,50.0,50.0,47.45000076293945,49.650001525878906,47.540565490722656,698,0.0,0.0
2019-11-29,50.0,50.0,47.20000076293945,49.79999923706055,47.68418884277344,1111,0.0,0.0
2019-12-02,48.0,51.0,47.0,49.70000076293945,47.588436126708984,2736,0.0,0.0
2019-12-03,46.20000076293945,50.099998474121094,46.099998474121094,47.95000076293945,45.91279220581055,2419,0.0,0.0
2019-12-04,49.5,49.5,47.0,47.099998474121094,45.098899841308594,1869,0.0,0.0
2019-12-05,48.0,48.900001525878906,47.25,48.79999923706055,46.72667694091797,126,0.0,0.0
2019-12-06,48.79999923706055,48.79999923706055,47.25,47.25,45.242530822753906,489,0.0,0.0
2019-12-09,49.45000076293945,49.45000076293945,46.25,46.5,44.524391174316406,1301,0.0,0.0
2019-12-10,46.29999923706055,48.900001525878906,45.45000076293945,47.400001525878906,45.38616180419922,4168,0.0,0.0
2019-12-11,47.0,49.79999923706055,46.400001525878906,47.150001525878906,45.14677810668945,5459,0.0,0.0
2019-12-12,48.900001525878906,48.900001525878906,46.099998474121094,46.349998474121094,44.380767822265625,415,0.0,0.0
2019-12-13,46.349998474121094,49.150001525878906,44.099998474121094,47.04999923706055,45.051029205322266,7337,0.0,0.0
2019-12-16,50.0,50.0,46.29999923706055,49.20000076293945,47.109683990478516,963,0.0,0.0
2019-12-17,48.95000076293945,49.0,47.20000076293945,48.75,46.678802490234375,3541,0.0,0.0
2019-12-18,49.599998474121094,49.599998474121094,46.650001525878906,48.900001525878906,46.82242965698242,3265,0.0,0.0
2019-12-19,48.0,48.849998474121094,46.70000076293945,47.5,45.48190689086914,1191,0.0,0.0
2019-12-20,47.29999923706055,48.650001525878906,47.25,47.54999923706055,45.52978515625,2164,0.0,0.0
2019-12-23,48.95000076293945,48.95000076293945,46.75,48.04999923706055,46.008541107177734,1359,0.0,0.0
2019-12-24,49.0,53.95000076293945,47.349998474121094,48.900001525878906,46.82242965698242,2985,0.0,0.0
2019-12-26,51.900001525878906,51.900001525878906,47.75,48.599998474121094,46.53517532348633,457,0.0,0.0
2019-12-27,52.79999923706055,58.29999923706055,48.599998474121094,58.29999923706055,55.82305908203125,69899,0.0,0.0
2019-12-30,60.0,69.5,59.29999923706055,67.69999694824219,64.82367706298828,346820,0.0,0.0
2019-12-31,68.44999694824219,73.80000305175781,68.0,70.9000015258789,67.88774108886719,157652,0.0,0.0
2020-01-01,70.0,77.9000015258789,66.0,73.19999694824219,70.09001159667969,44347,0.0,0.0
2020-01-02,74.69999694824219,74.69999694824219,68.5999984741211,70.4000015258789,67.40897369384766,36963,0.0,0.0
2020-01-03,71.0,71.0,63.400001525878906,64.1500015258789,61.42451858520508,47823,0.0,0.0
2020-01-06,63.849998474121094,67.69999694824219,59.0,63.5,60.802127838134766,16156,0.0,0.0
2020-01-07,64.75,67.9000015258789,62.0,63.54999923706055,60.85000228881836,13142,0.0,0.0
2020-01-08,63.0,63.0,59.5,62.0,59.3658561706543,3728,0.0,0.0
2020-01-09,62.0,64.69999694824219,61.400001525878906,62.79999923706055,60.13187026977539,11823,0.0,0.0
2020-01-10,64.94999694824219,64.94999694824219,62.099998474121094,63.849998474121094,61.13726043701172,3961,0.0,0.0
2020-01-13,64.3499984741211,64.69999694824219,62.95000076293945,63.099998474121094,60.419124603271484,3935,0.0,0.0
2020-01-14,64.4000015258789,64.4000015258789,61.099998474121094,61.650001525878906,59.03072738647461,9611,0.0,0.0
2020-01-15,66.94999694824219,66.94999694824219,58.70000076293945,62.099998474121094,59.46160888671875,5725,0.0,0.0
2020-01-16,64.0,64.94999694824219,60.79999923706055,61.45000076293945,58.83922576904297,9131,0.0,0.0
2020-01-17,62.54999923706055,63.95000076293945,61.400001525878906,61.599998474121094,58.98285675048828,9649,0.0,0.0
2020-01-20,62.54999923706055,64.0,60.45000076293945,61.400001525878906,58.791358947753906,8037,0.0,0.0
2020-01-21,60.79999923706055,62.0,58.75,60.75,58.168968200683594,4965,0.0,0.0
2020-01-22,61.0,61.349998474121094,58.599998474121094,59.349998474121094,56.82844924926758,6283,0.0,0.0
2020-01-23,61.20000076293945,65.25,60.79999923706055,65.25,62.477779388427734,29357,0.0,0.0
2020-01-24,68.5,68.6500015258789,63.5,64.05000305175781,61.328765869140625,18944,0.0,0.0
2020-01-27,62.20000076293945,62.900001525878906,60.099998474121094,62.29999923706055,59.653114318847656,13529,0.0,0.0
2020-01-28,62.150001525878906,64.5999984741211,59.54999923706055,60.0,57.450828552246094,7050,0.0,0.0
2020-01-29,62.0,66.0,60.150001525878906,65.94999694824219,63.14802551269531,39350,0.0,0.0
2020-01-30,68.25,68.25,61.0,61.29999923706055,58.69559860229492,29627,0.0,0.0
2020-01-31,61.95000076293945,63.95000076293945,60.04999923706055,61.599998474121094,58.98285675048828,12197,0.0,0.0
2020-02-03,60.099998474121094,61.79999923706055,58.150001525878906,58.349998474121094,55.87092971801758,5035,0.0,0.0
2020-02-04,58.54999923706055,61.54999923706055,58.54999923706055,60.20000076293945,57.642337799072266,3860,0.0,0.0
2020-02-05,60.54999923706055,62.5,60.0,60.150001525878906,57.594459533691406,6071,0.0,0.0
2020-02-06,60.25,70.05000305175781,60.25,65.69999694824219,62.908660888671875,58653,0.0,0.0
2020-02-07,64.94999694824219,68.0,63.099998474121094,66.19999694824219,63.387420654296875,10029,0.0,0.0
2020-02-10,65.05000305175781,65.4000015258789,63.099998474121094,64.0,61.2808837890625,6042,0.0,0.0
2020-02-11,63.0,65.0999984741211,60.20000076293945,61.04999923706055,58.45621871948242,10001,0.0,0.0
2020-02-12,61.45000076293945,65.94999694824219,59.29999923706055,60.900001525878906,58.31259536743164,4025,0.0,0.0
2020-02-13,60.75,63.900001525878906,60.5,62.099998474121094,59.46160888671875,4446,0.0,0.0
2020-02-14,63.79999923706055,63.900001525878906,61.0,61.150001525878906,58.551971435546875,3759,0.0,0.0
2020-02-17,61.349998474121094,61.75,58.0,60.75,58.168968200683594,4623,0.0,0.0
2020-02-18,59.45000076293945,63.79999923706055,59.0,59.79999923706055,57.25933074951172,6649,0.0,0.0
2020-02-19,61.0,62.900001525878906,58.0,59.45000076293945,56.9242057800293,4782,0.0,0.0
2020-02-20,59.95000076293945,60.0,57.150001525878906,59.29999923706055,56.78057098388672,5386,0.0,0.0
2020-02-24,59.400001525878906,60.95000076293945,57.29999923706055,60.0,57.450828552246094,4359,0.0,0.0
2020-02-25,59.0,60.95000076293945,58.29999923706055,59.04999923706055,56.541194915771484,4362,0.0,0.0
2020-02-26,58.04999923706055,60.0,58.04999923706055,59.95000076293945,57.402957916259766,1623,0.0,0.0
2020-02-27,60.099998474121094,60.150001525878906,58.29999923706055,58.54999923706055,56.06243133544922,477,0.0,0.0
2020-02-28,61.900001525878906,61.900001525878906,53.0,54.95000076293945,52.615386962890625,10482,0.0,0.0
2020-03-02,54.099998474121094,59.79999923706055,54.04999923706055,55.45000076293945,53.09415054321289,3466,0.0,0.0
2020-03-03,54.20000076293945,57.849998474121094,46.25,48.400001525878906,46.34367370605469,19503,0.0,0.0
2020-03-04,47.20000076293945,49.04999923706055,45.0,46.150001525878906,44.18926239013672,5324,0.0,0.0
2020-03-05,45.150001525878906,48.54999923706055,45.150001525878906,46.900001525878906,44.90740203857422,4126,0.0,0.0
2020-03-06,44.599998474121094,45.95000076293945,42.0,44.900001525878906,42.99237823486328,2011,0.0,0.0
2020-03-09,42.349998474121094,43.849998474121094,40.29999923706055,41.25,39.4974479675293,4013,0.0,0.0
2020-03-11,41.0,49.5,39.400001525878906,48.400001525878906,46.34367370605469,18536,0.0,0.0
2020-03-12,44.79999923706055,48.400001525878906,42.29999923706055,42.849998474121094,41.02946472167969,9709,0.0,0.0
2020-03-13,37.150001525878906,44.900001525878906,37.150001525878906,44.099998474121094,42.22636413574219,8344,0.0,0.0
2020-03-16,41.099998474121094,49.400001525878906,37.849998474121094,41.45000076293945,39.68894958496094,8525,0.0,0.0
2020-03-17,41.54999923706055,45.0,38.20000076293945,40.0,38.30055236816406,3119,0.0,0.0
2020-03-18,41.900001525878906,47.95000076293945,38.04999923706055,40.04999923706055,38.34843063354492,3017,0.0,0.0
2020-03-19,38.29999923706055,40.95000076293945,37.04999923706055,39.79999923706055,38.10905075073242,7368,0.0,0.0
2020-03-20,41.349998474121094,44.900001525878906,37.5,43.25,41.412471771240234,3543,0.0,0.0
2020-03-23,41.54999923706055,44.0,35.20000076293945,39.0,37.343040466308594,1844,0.0,0.0
2020-03-24,39.04999923706055,41.0,37.400001525878906,39.04999923706055,37.39091491699219,3020,0.0,0.0
2020-03-25,38.099998474121094,40.25,35.75,38.29999923706055,36.67277908325195,1009,0.0,0.0
2020-03-26,39.900001525878906,41.0,36.150001525878906,39.79999923706055,38.10905075073242,3046,0.0,0.0
2020-03-27,42.900001525878906,42.900001525878906,38.25,39.75,38.061180114746094,3313,0.0,0.0
2020-03-30,40.900001525878906,40.900001525878906,38.400001525878906,39.650001525878906,37.965423583984375,293,0.0,0.0
2020-03-31,42.400001525878906,42.400001525878906,38.849998474121094,41.29999923706055,39.545318603515625,825,0.0,0.0
2020-04-01,42.29999923706055,44.650001525878906,40.04999923706055,42.75,40.9337158203125,8864,0.0,0.0
2020-04-03,43.0,44.900001525878906,42.150001525878906,43.25,41.412471771240234,3071,0.0,0.0
2020-04-07,41.54999923706055,46.75,40.29999923706055,45.5,43.56688690185547,7151,0.0,0.0
2020-04-08,48.0,50.79999923706055,45.099998474121094,49.20000076293945,47.109683990478516,6709,0.0,0.0
2020-04-09,48.150001525878906,56.25,48.150001525878906,51.20000076293945,49.024715423583984,8985,0.0,0.0
2020-04-13,51.29999923706055,53.150001525878906,50.0,50.79999923706055,48.64170837402344,1112,0.0,0.0
2020-04-15,51.20000076293945,54.900001525878906,47.45000076293945,53.45000076293945,51.17911911010742,7296,0.0,0.0
2020-04-16,51.400001525878906,59.70000076293945,51.400001525878906,57.95000076293945,55.4879264831543,11420,0.0,0.0
2020-04-17,56.0,65.0,56.0,59.0,56.49332046508789,4344,0.0,0.0
2020-04-20,63.849998474121094,63.849998474121094,53.04999923706055,55.150001525878906,52.806888580322266,7893,0.0,0.0
2020-04-21,52.900001525878906,56.70000076293945,52.900001525878906,54.70000076293945,52.37601089477539,1549,0.0,0.0
2020-04-22,54.5,56.0,52.0,53.54999923706055,51.274871826171875,2963,0.0,0.0
2020-04-23,55.70000076293945,57.900001525878906,53.599998474121094,56.79999923706055,54.38678741455078,4065,0.0,0.0
2020-04-24,59.5,59.5,50.0,52.400001525878906,50.173728942871094,9097,0.0,0.0
2020-04-27,51.04999923706055,54.5,50.349998474121094,53.400001525878906,51.13124084472656,2850,0.0,0.0
2020-04-28,55.0,55.0,50.04999923706055,52.04999923706055,49.83859634399414,5449,0.0,0.0
2020-04-29,53.54999923706055,55.0,52.400001525878906,54.04999923706055,51.75362014770508,6249,0.0,0.0
2020-04-30,54.95000076293945,55.099998474121094,53.04999923706055,54.20000076293945,51.89725112915039,3859,0.0,0.0
2020-05-04,53.0,53.900001525878906,47.45000076293945,51.20000076293945,49.024715423583984,6074,0.0,0.0
2020-05-05,52.599998474121094,53.849998474121094,50.599998474121094,52.29999923706055,50.077972412109375,3698,0.0,0.0
2020-05-06,54.349998474121094,54.400001525878906,51.04999923706055,52.70000076293945,50.46098327636719,506,0.0,0.0
2020-05-07,51.5,53.54999923706055,50.599998474121094,51.599998474121094,49.40771484375,1228,0.0,0.0
2020-05-08,52.45000076293945,52.75,51.400001525878906,52.599998474121094,50.3652229309082,2965,0.0,0.0
2020-05-11,55.400001525878906,55.95000076293945,51.5,51.75,49.55134201049805,4148,0.0,0.0
2020-05-12,51.54999923706055,54.79999923706055,51.54999923706055,52.0,49.79072570800781,1926,0.0,0.0
2020-05-13,52.0,54.54999923706055,51.95000076293945,53.400001525878906,51.13124084472656,4362,0.0,0.0
2020-05-14,51.5,55.70000076293945,51.5,53.400001525878906,51.13124084472656,1436,0.0,0.0
2020-05-15,54.599998474121094,54.650001525878906,52.25,53.849998474121094,51.56211853027344,1001,0.0,0.0
2020-05-18,52.29999923706055,54.29999923706055,50.04999923706055,53.349998474121094,51.08336639404297,3831,0.0,0.0
2020-05-19,52.5,54.0,52.400001525878906,53.20000076293945,50.93973922729492,1947,0.0,0.0
2020-05-20,54.599998474121094,63.5,51.04999923706055,56.349998474121094,53.95590591430664,7675,0.0,0.0
2020-05-21,55.04999923706055,63.0,54.0,57.45000076293945,55.009178161621094,55184,0.0,0.0
2020-05-22,57.79999923706055,61.79999923706055,54.25,55.54999923706055,53.18989181518555,66500,0.0,0.0
2020-05-26,55.099998474121094,56.599998474121094,54.0,54.599998474121094,52.28025436401367,6244,0.0,0.0
2020-05-27,55.95000076293945,55.95000076293945,52.150001525878906,53.20000076293945,50.93973922729492,8212,0.0,0.0
2020-05-28,52.849998474121094,53.849998474121094,52.0,52.650001525878906,50.41310119628906,8267,0.0,0.0
2020-05-29,54.400001525878906,54.400001525878906,52.20000076293945,52.75,50.50885772705078,4262,0.0,0.0
2020-06-01,54.20000076293945,58.0,52.54999923706055,55.20000076293945,52.85476303100586,10647,0.0,0.0
2020-06-02,57.5,57.79999923706055,54.45000076293945,55.75,53.38139724731445,7049,0.0,0.0
2020-06-03,59.25,59.25,54.20000076293945,55.75,53.38139724731445,4551,0.0,0.0
2020-06-04,56.79999923706055,57.5,54.0,56.75,54.33891296386719,6083,0.0,0.0
2020-06-05,57.04999923706055,58.70000076293945,54.5,57.04999923706055,54.626163482666016,7941,0.0,0.0
2020-06-08,59.20000076293945,59.20000076293945,55.5,57.150001525878906,54.721920013427734,2802,0.0,0.0
2020-06-09,57.04999923706055,58.0,55.5,56.29999923706055,53.90803146362305,4328,0.0,0.0
2020-06-10,56.04999923706055,67.55000305175781,56.0,65.3499984741211,62.57353591918945,65203,0.0,0.0
2020-06-11,62.849998474121094,63.79999923706055,58.70000076293945,60.29999923706055,57.73808670043945,39907,0.0,0.0
2020-06-12,59.04999923706055,69.05000305175781,56.150001525878906,67.5999984741211,64.72794342041016,44900,0.0,0.0
2020-06-15,70.80000305175781,76.44999694824219,67.19999694824219,68.25,65.35031127929688,94091,0.0,0.0
2020-06-16,67.0,68.94999694824219,61.79999923706055,64.19999694824219,61.472389221191406,10758,0.0,0.0
2020-06-17,65.4000015258789,65.44999694824219,60.20000076293945,62.45000076293945,59.79673767089844,7470,0.0,0.0
2020-06-18,63.70000076293945,72.0,60.849998474121094,66.8499984741211,64.00980377197266,23830,0.0,0.0
2020-06-19,67.0,80.19999694824219,67.0,77.55000305175781,74.25520324707031,614820,0.0,0.0
2020-06-22,80.9000015258789,82.9000015258789,71.80000305175781,78.0999984741211,74.78182983398438,171831,0.0,0.0
2020-06-23,78.0,78.05000305175781,73.4000015258789,74.19999694824219,71.04752349853516,28390,0.0,0.0
2020-06-24,76.0,76.9000015258789,70.0999984741211,70.44999694824219,67.45684814453125,21785,0.0,0.0
2020-06-25,72.30000305175781,73.0,66.19999694824219,71.44999694824219,68.41436004638672,11988,0.0,0.0
2020-06-26,72.9000015258789,73.0,70.1500015258789,70.5,67.50473022460938,6315,0.0,0.0
2020-06-29,70.5,71.4000015258789,68.1500015258789,69.1500015258789,66.21208190917969,5964,0.0,0.0
2020-06-30,70.5999984741211,70.69999694824219,67.05000305175781,67.9000015258789,65.01519775390625,10073,0.0,0.0
2020-07-01,68.0,68.05000305175781,63.349998474121094,65.3499984741211,62.57353591918945,10723,0.0,0.0
2020-07-02,65.0,67.69999694824219,64.0999984741211,65.05000305175781,62.286277770996094,8422,0.0,0.0
2020-07-03,65.0999984741211,66.6500015258789,65.0,65.69999694824219,62.908660888671875,4021,0.0,0.0
2020-07-06,65.69999694824219,65.69999694824219,61.20000076293945,64.80000305175781,62.04690170288086,9771,0.0,0.0
2020-07-07,65.05000305175781,70.0,64.1500015258789,68.1500015258789,65.25457000732422,9312,0.0,0.0
2020-07-08,72.0,72.0,67.0,68.75,65.8290786743164,9382,0.0,0.0
2020-07-09,71.4000015258789,75.0,68.0,68.8499984741211,65.9248275756836,20230,0.0,0.0
2020-07-10,68.0999984741211,70.9000015258789,65.3499984741211,68.80000305175781,65.876953125,5667,0.0,0.0
2020-07-13,70.44999694824219,70.44999694824219,65.94999694824219,66.94999694824219,64.10556030273438,3517,0.0,0.0
2020-07-14,67.30000305175781,67.69999694824219,64.0,65.25,62.477779388427734,6994,0.0,0.0
2020-07-15,65.3499984741211,65.75,63.0,64.0,61.2808837890625,10056,0.0,0.0
2020-07-16,64.25,66.0,63.04999923706055,64.05000305175781,61.328765869140625,2110,0.0,0.0
2020-07-17,64.4000015258789,69.0,63.04999923706055,63.54999923706055,60.85000228881836,15979,0.0,0.0
2020-07-20,63.20000076293945,64.9000015258789,62.79999923706055,62.849998474121094,60.179744720458984,7465,0.0,0.0
2020-07-21,65.1500015258789,65.1500015258789,61.29999923706055,62.04999923706055,59.41373062133789,4917,0.0,0.0
2020-07-22,63.04999923706055,69.0,61.400001525878906,64.8499984741211,62.09477233886719,18634,0.0,0.0
2020-07-23,67.75,70.69999694824219,63.04999923706055,65.9000015258789,63.10015869140625,25950,0.0,0.0
2020-07-24,66.4000015258789,66.69999694824219,63.650001525878906,64.30000305175781,61.568145751953125,2014,0.0,0.0
2020-07-27,64.80000305175781,64.80000305175781,62.650001525878906,63.400001525878906,60.706382751464844,2889,0.0,0.0
2020-07-28,66.0,66.0,62.25,62.79999923706055,60.13187026977539,1926,0.0,0.0
2020-07-29,63.04999923706055,65.55000305175781,62.5,62.849998474121094,60.179744720458984,2058,0.0,0.0
2020-07-30,63.849998474121094,65.55000305175781,61.54999923706055,64.0,61.2808837890625,9113,0.0,0.0
2020-07-31,63.150001525878906,69.44999694824219,62.20000076293945,66.25,63.435302734375,29378,0.0,0.0
2020-08-03,66.5,67.6500015258789,63.20000076293945,66.75,63.91404724121094,14106,0.0,0.0
2020-08-04,65.1500015258789,72.0,65.1500015258789,67.30000305175781,64.44068145751953,20313,0.0,0.0
2020-08-05,67.4000015258789,69.94999694824219,66.0,67.0999984741211,64.24918365478516,5673,0.0,0.0
2020-08-06,67.30000305175781,69.94999694824219,67.1500015258789,67.80000305175781,64.91944885253906,5696,0.0,0.0
2020-08-07,69.19999694824219,70.0,67.0,68.5999984741211,65.68545532226562,8143,0.0,0.0
2020-08-10,70.8499984741211,70.9000015258789,67.0999984741211,68.8499984741211,65.9248275756836,7991,0.0,0.0
2020-08-11,69.0,71.0,67.1500015258789,69.0999984741211,66.1642074584961,3623,0.0,0.0
2020-08-12,70.8499984741211,70.8499984741211,67.25,67.94999694824219,65.06307220458984,14669,0.0,0.0
2020-08-13,69.4000015258789,73.0,68.5,70.25,67.26534271240234,10822,0.0,0.0
2020-08-14,70.5,74.75,70.19999694824219,74.25,71.09539794921875,21528,0.0,0.0
2020-08-17,74.0,75.94999694824219,71.19999694824219,71.80000305175781,68.74949645996094,12262,0.0,0.0
2020-08-18,74.44999694824219,75.0,70.75,72.30000305175781,69.22825622558594,9140,0.0,0.0
2020-08-19,71.05000305175781,78.30000305175781,69.4000015258789,76.5999984741211,73.3455581665039,35637,0.0,0.0
2020-08-20,76.6500015258789,78.69999694824219,75.0,76.0999984741211,72.8667984008789,4233,0.0,0.0
2020-08-21,75.55000305175781,83.55000305175781,74.05000305175781,80.80000305175781,77.36712646484375,98464,0.0,0.0
2020-08-24,78.25,84.0,78.25,81.5999984741211,78.13312530517578,19421,0.0,0.0
2020-08-25,84.0,84.0,74.55000305175781,76.80000305175781,73.53707122802734,42005,0.0,0.0
2020-08-26,76.80000305175781,78.44999694824219,72.0,73.1500015258789,70.04214477539062,34024,0.0,0.0
2020-08-27,73.0,76.55000305175781,71.69999694824219,73.05000305175781,69.94638061523438,16891,0.0,0.0
2020-08-28,72.3499984741211,74.9000015258789,69.80000305175781,70.3499984741211,67.36109924316406,14124,0.0,0.0
2020-08-31,70.3499984741211,75.0999984741211,66.0,68.19999694824219,65.30244445800781,19847,0.0,0.0
2020-09-01,69.0,73.9000015258789,67.55000305175781,71.5,68.46223449707031,5750,0.0,0.0
2020-09-02,71.0,72.8499984741211,68.6500015258789,71.25,68.22286224365234,2212,0.0,0.0
2020-09-03,73.0,73.0,68.0,69.9000015258789,66.93022155761719,8130,0.0,0.0
2020-09-04,69.05000305175781,73.75,69.05000305175781,71.9000015258789,68.84524536132812,8704,0.0,0.0
2020-09-07,73.80000305175781,76.30000305175781,71.0,73.5999984741211,70.47301483154297,6420,0.0,0.0
2020-09-08,74.0,78.80000305175781,73.5,77.1500015258789,73.8721923828125,18590,0.0,0.0
2020-09-09,74.0999984741211,81.5,74.0999984741211,80.0999984741211,76.69686126708984,18821,0.0,0.0
2020-09-10,82.0,83.0,77.25,81.5999984741211,78.13312530517578,33472,0.0,0.0
2020-09-11,82.0,82.5,79.5,80.8499984741211,77.41499328613281,14571,0.0,0.0
2020-09-14,82.19999694824219,86.5,82.19999694824219,84.75,81.14929962158203,32189,0.0,0.0
2020-09-15,85.0,85.4000015258789,80.0,81.9000015258789,78.4203872680664,16397,0.0,0.0
2020-09-16,83.8499984741211,85.19999694824219,81.9000015258789,82.30000305175781,78.80339813232422,8299,0.0,0.0
2020-09-17,85.69999694824219,87.0,80.55000305175781,82.80000305175781,80.25733184814453,9499,1.0,0.0
2020-09-18,84.4000015258789,84.55000305175781,81.5,82.0999984741211,79.57882690429688,7591,0.0,0.0
2020-09-21,83.05000305175781,85.9000015258789,79.0,82.75,80.2088623046875,25108,0.0,0.0
2020-09-22,82.30000305175781,85.05000305175781,75.55000305175781,77.8499984741211,75.45933532714844,9921,0.0,0.0
2020-09-23,79.05000305175781,82.5,78.1500015258789,80.55000305175781,78.07642364501953,9982,0.0,0.0
2020-09-24,80.94999694824219,81.0,76.44999694824219,77.8499984741211,75.45933532714844,4528,0.0,0.0
2020-09-25,80.94999694824219,83.94999694824219,77.0999984741211,78.05000305175781,75.6531982421875,10380,0.0,0.0
2020-09-28,75.30000305175781,82.4000015258789,75.30000305175781,82.3499984741211,79.8211441040039,2201,0.0,0.0
2020-09-29,83.1500015258789,83.19999694824219,78.69999694824219,80.19999694824219,77.73716735839844,4654,0.0,0.0
2020-09-30,80.19999694824219,82.4000015258789,76.25,78.19999694824219,75.798583984375,11444,0.0,0.0
2020-10-01,80.30000305175781,81.3499984741211,77.94999694824219,78.6500015258789,76.2347640991211,6339,0.0,0.0
2020-10-05,79.55000305175781,80.3499984741211,75.6500015258789,76.6500015258789,74.29618072509766,7212,0.0,0.0
2020-10-06,78.5999984741211,79.69999694824219,74.0999984741211,75.3499984741211,73.03610229492188,5337,0.0,0.0
2020-10-07,78.1500015258789,78.1500015258789,71.0,73.19999694824219,70.9521255493164,8606,0.0,0.0
2020-10-08,72.0,74.9000015258789,70.0,71.94999694824219,69.74051666259766,11374,0.0,0.0
2020-10-09,73.75,73.75,70.5,71.5,69.30433654785156,7896,0.0,0.0
2020-10-12,71.05000305175781,73.94999694824219,70.0,71.25,69.06200408935547,2919,0.0,0.0
2020-10-13,73.1500015258789,73.1500015258789,69.25,70.75,68.57736206054688,3773,0.0,0.0
2020-10-14,70.5,73.4000015258789,69.0,71.4000015258789,69.20741271972656,2573,0.0,0.0
2020-10-15,70.3499984741211,72.3499984741211,66.0,67.55000305175781,65.47563171386719,10227,0.0,0.0
2020-10-16,67.55000305175781,69.5,66.5999984741211,69.0999984741211,66.97802734375,3602,0.0,0.0
2020-10-19,73.3499984741211,82.9000015258789,71.5,82.9000015258789,80.35425567626953,85863,0.0,0.0
2020-10-20,85.0,90.6500015258789,80.5999984741211,82.9000015258789,80.35425567626953,202212,0.0,0.0
2020-10-21,80.5,83.0,78.3499984741211,81.55000305175781,79.04571533203125,19295,0.0,0.0
2020-10-22,82.8499984741211,82.8499984741211,77.5,79.4000015258789,76.96173095703125,8531,0.0,0.0
2020-10-23,79.5999984741211,82.94999694824219,79.1500015258789,81.3499984741211,78.85185241699219,7792,0.0,0.0
2020-10-26,85.69999694824219,85.69999694824219,80.0,80.4000015258789,77.93102264404297,10796,0.0,0.0
2020-10-27,80.4000015258789,81.0,77.0,79.5,77.05867004394531,26809,0.0,0.0
2020-10-28,80.94999694824219,83.69999694824219,79.44999694824219,81.0,78.51260375976562,7843,0.0,0.0
2020-10-29,80.3499984741211,83.9000015258789,79.5,79.6500015258789,77.20405578613281,2718,0.0,0.0
2020-10-30,81.8499984741211,81.8499984741211,75.3499984741211,78.05000305175781,75.6531982421875,4177,0.0,0.0
2020-11-02,80.5,80.5,76.25,77.9000015258789,75.50780487060547,13204,0.0,0.0
2020-11-03,81.19999694824219,83.0,77.4000015258789,80.1500015258789,77.68870544433594,25035,0.0,0.0
2020-11-04,81.25,81.30000305175781,76.05000305175781,76.94999694824219,74.58696746826172,10905,0.0,0.0
2020-11-05,79.80000305175781,82.4000015258789,76.69999694824219,81.0,78.51260375976562,20680,0.0,0.0
2020-11-06,83.4000015258789,83.4000015258789,79.0,80.55000305175781,78.07642364501953,10840,0.0,0.0
2020-11-09,80.05000305175781,80.80000305175781,75.6500015258789,76.55000305175781,74.19926452636719,10186,0.0,0.0
2020-11-10,78.55000305175781,78.55000305175781,75.30000305175781,75.6500015258789,73.32689666748047,18499,0.0,0.0
2020-11-11,77.44999694824219,78.0,73.19999694824219,77.25,74.87776184082031,6262,0.0,0.0
2020-11-12,78.5,78.55000305175781,75.3499984741211,76.69999694824219,74.34465026855469,4764,0.0,0.0
2020-11-13,76.05000305175781,76.8499984741211,69.80000305175781,73.94999694824219,71.67909240722656,11954,0.0,0.0
2020-11-14,73.3499984741211,77.8499984741211,71.0,73.55000305175781,71.2913818359375,9815,0.0,0.0
2020-11-17,73.55000305175781,77.5,70.44999694824219,76.9000015258789,74.53852081298828,20396,0.0,0.0
2020-11-18,77.6500015258789,78.9000015258789,74.30000305175781,77.9000015258789,75.50780487060547,20084,0.0,0.0
2020-11-19,77.0,77.69999694824219,73.1500015258789,76.8499984741211,74.49004364013672,14284,0.0,0.0
2020-11-20,77.30000305175781,78.9000015258789,76.05000305175781,76.5999984741211,74.24772644042969,5401,0.0,0.0
2020-11-23,78.55000305175781,79.05000305175781,74.30000305175781,75.5999984741211,73.2784194946289,4005,0.0,0.0
2020-11-24,76.3499984741211,77.0999984741211,73.5999984741211,76.6500015258789,74.29618072509766,7382,0.0,0.0
2020-11-25,76.5999984741211,76.80000305175781,75.0,75.25,72.93917846679688,2464,0.0,0.0
2020-11-26,74.6500015258789,75.94999694824219,73.0,74.8499984741211,72.55146026611328,1659,0.0,0.0
2020-11-27,76.0,78.30000305175781,76.0,76.80000305175781,74.44158172607422,7410,0.0,0.0
2020-12-01,75.05000305175781,78.69999694824219,75.05000305175781,77.30000305175781,74.92622375488281,5254,0.0,0.0
2020-12-02,76.0,92.75,75.6500015258789,92.75,89.90178680419922,188986,0.0,0.0
2020-12-03,98.0,99.94999694824219,84.80000305175781,85.69999694824219,83.06828308105469,240685,0.0,0.0
2020-12-04,84.5,92.0,84.25,88.44999694824219,85.73381805419922,61520,0.0,0.0
2020-12-07,91.5,91.5,85.30000305175781,87.4000015258789,84.716064453125,21217,0.0,0.0
2020-12-08,87.5,90.9000015258789,84.6500015258789,88.0999984741211,85.39456939697266,31507,0.0,0.0
2020-12-09,88.1500015258789,88.94999694824219,85.3499984741211,86.0999984741211,83.45598602294922,13544,0.0,0.0
2020-12-10,87.94999694824219,88.0,84.0,84.44999694824219,81.85665893554688,5916,0.0,0.0
2020-12-11,84.05000305175781,86.69999694824219,84.05000305175781,84.30000305175781,81.71126556396484,14863,0.0,0.0
2020-12-14,85.0,86.4000015258789,83.0999984741211,84.1500015258789,81.56586456298828,4522,0.0,0.0
2020-12-15,84.05000305175781,92.5,80.4000015258789,88.6500015258789,85.92768096923828,38990,0.0,0.0
2020-12-16,88.0,89.44999694824219,85.5999984741211,86.4000015258789,83.74678039550781,6576,0.0,0.0
2020-12-17,89.0,89.5,82.25,84.30000305175781,81.71126556396484,17652,0.0,0.0
2020-12-18,84.30000305175781,87.19999694824219,83.80000305175781,86.25,83.60137939453125,5565,0.0,0.0
2020-12-21,85.69999694824219,85.94999694824219,78.0,80.6500015258789,78.17335510253906,4883,0.0,0.0
2020-12-22,79.0,81.0,75.1500015258789,79.69999694824219,77.25252532958984,11864,0.0,0.0
2020-12-23,79.69999694824219,87.0,79.19999694824219,83.25,80.69351196289062,29948,0.0,0.0
2020-12-24,85.0999984741211,86.94999694824219,81.19999694824219,83.1500015258789,80.59657287597656,9510,0.0,0.0
2020-12-28,84.75,85.94999694824219,83.4000015258789,84.8499984741211,82.24436950683594,4260,0.0,0.0
2020-12-29,86.0,86.3499984741211,82.5999984741211,83.5999984741211,81.03276062011719,4920,0.0,0.0
2020-12-30,82.80000305175781,86.3499984741211,80.5,84.19999694824219,81.61432647705078,40728,0.0,0.0
2020-12-31,83.05000305175781,86.30000305175781,82.5,84.8499984741211,82.24436950683594,13645,0.0,0.0
2021-01-01,85.05000305175781,88.05000305175781,83.5,84.55000305175781,81.9535903930664,25137,0.0,0.0
2021-01-04,85.0,85.5999984741211,83.19999694824219,84.44999694824219,81.85665893554688,17443,0.0,0.0
2021-01-05,83.25,87.6500015258789,82.05000305175781,87.0,84.32835388183594,23090,0.0,0.0
2021-01-06,87.25,90.25,83.5,84.8499984741211,82.24436950683594,101859,0.0,0.0
2021-01-07,87.44999694824219,95.0,84.05000305175781,91.8499984741211,89.02940368652344,110410,0.0,0.0
2021-01-08,94.8499984741211,110.19999694824219,90.05000305175781,100.4000015258789,97.31684875488281,505559,0.0,0.0
2021-01-11,101.80000305175781,101.94999694824219,91.05000305175781,92.6500015258789,89.80484771728516,63625,0.0,0.0
2021-01-12,92.05000305175781,94.1500015258789,89.0,90.6500015258789,87.86626434326172,40162,0.0,0.0
2021-01-13,89.3499984741211,108.75,89.0,108.44999694824219,105.11964416503906,625617,0.0,0.0
2021-01-14,108.0,119.6500015258789,103.94999694824219,110.55000305175781,107.15516662597656,243948,0.0,0.0
2021-01-15,110.55000305175781,111.30000305175781,104.1500015258789,106.3499984741211,103.08413696289062,61606,0.0,0.0
2021-01-18,109.0,109.94999694824219,104.55000305175781,105.4000015258789,102.16331481933594,56268,0.0,0.0
2021-01-19,108.19999694824219,112.0,105.4000015258789,108.5999984741211,105.26504516601562,62021,0.0,0.0
2021-01-20,109.0,111.44999694824219,105.5,107.9000015258789,104.58653259277344,19076,0.0,0.0
2021-01-21,108.94999694824219,110.0,105.0,105.69999694824219,102.45409393310547,16618,0.0,0.0
2021-01-22,105.3499984741211,107.5,100.44999694824219,101.6500015258789,98.5284652709961,21437,0.0,0.0
2021-01-25,105.5,109.44999694824219,99.19999694824219,106.5,103.22953796386719,109165,0.0,0.0
2021-01-27,108.5999984741211,108.5999984741211,101.19999694824219,102.5,99.35237121582031,29346,0.0,0.0
2021-01-28,102.25,106.5999984741211,100.6500015258789,101.5999984741211,98.4800033569336,35928,0.0,0.0
2021-01-29,103.55000305175781,105.9000015258789,100.0,100.80000305175781,97.70457458496094,12159,0.0,0.0
2021-02-01,101.05000305175781,102.4000015258789,93.0,94.4000015258789,91.50111389160156,61489,0.0,0.0
2021-02-02,96.5,98.6500015258789,95.0999984741211,96.44999694824219,93.48814392089844,21424,0.0,0.0
2021-02-03,97.44999694824219,102.6500015258789,96.30000305175781,101.19999694824219,98.09227752685547,27851,0.0,0.0
2021-02-04,101.80000305175781,102.94999694824219,100.5,101.44999694824219,98.33460998535156,13917,0.0,0.0
2021-02-05,102.5999984741211,102.5999984741211,98.4000015258789,99.69999694824219,96.63834381103516,28937,0.0,0.0
2021-02-08,99.8499984741211,102.05000305175781,99.0999984741211,100.1500015258789,97.07453155517578,12219,0.0,0.0
2021-02-09,102.30000305175781,108.69999694824219,100.30000305175781,107.5999984741211,104.29574584960938,83981,0.0,0.0
2021-02-10,107.0,111.5,104.44999694824219,110.3499984741211,106.9613037109375,256906,0.0,0.0
2021-02-11,111.80000305175781,111.80000305175781,106.44999694824219,107.19999694824219,103.90802764892578,73589,0.0,0.0
2021-02-12,107.94999694824219,108.9000015258789,105.55000305175781,106.30000305175781,103.03568267822266,33321,0.0,0.0
2021-02-15,106.44999694824219,108.0,103.05000305175781,105.0999984741211,101.87252807617188,15812,0.0,0.0
2021-02-16,106.9000015258789,106.9000015258789,101.4000015258789,102.75,99.59468841552734,16359,0.0,0.0
2021-02-17,100.55000305175781,104.0,100.55000305175781,102.3499984741211,99.20696258544922,11578,0.0,0.0
2021-02-18,101.80000305175781,105.75,101.5,103.0,99.8370132446289,15908,0.0,0.0
2021-02-19,104.0,106.5,101.5,102.0999984741211,98.96464538574219,15769,0.0,0.0
2021-02-22,105.75,105.75,100.0,101.25,98.14076232910156,10042,0.0,0.0
2021-02-23,98.3499984741211,109.25,98.3499984741211,107.05000305175781,103.76264953613281,53194,0.0,0.0
2021-02-24,108.0,108.0,102.0,103.9000015258789,100.70938110351562,11782,0.0,0.0
2021-02-25,106.5,106.5,99.19999694824219,101.4000015258789,98.28614044189453,35481,0.0,0.0
2021-02-26,101.75,103.94999694824219,100.25,102.44999694824219,99.30389404296875,11088,0.0,0.0
2021-03-01,103.0,106.0,101.25,103.5999984741211,100.41858673095703,17327,0.0,0.0
2021-03-02,104.3499984741211,124.30000305175781,104.3499984741211,124.05000305175781,120.2406005859375,1024802,0.0,0.0
2021-03-03,128.0,143.64999389648438,120.30000305175781,132.1999969482422,128.14031982421875,1131962,0.0,0.0
2021-03-04,127.0,129.60000610351562,122.0999984741211,126.3499984741211,122.46996307373047,119934,0.0,0.0
2021-03-05,125.8499984741211,126.1500015258789,120.19999694824219,121.05000305175781,117.33272552490234,46896,0.0,0.0
2021-03-08,124.44999694824219,124.44999694824219,112.3499984741211,115.9000015258789,112.34086608886719,68040,0.0,0.0
2021-03-09,117.05000305175781,119.8499984741211,111.5999984741211,113.05000305175781,109.57839965820312,19489,0.0,0.0
2021-03-10,113.05000305175781,119.69999694824219,112.0,115.3499984741211,111.80776977539062,20281,0.0,0.0
2021-03-12,118.0,118.0,110.0,111.25,107.83366394042969,19848,0.0,0.0
2021-03-15,109.5,112.75,104.0,108.0,104.6834716796875,25569,0.0,0.0
2021-03-16,110.0,113.69999694824219,105.0,106.25,102.98721313476562,23835,0.0,0.0
2021-03-17,110.55000305175781,110.75,103.5,103.8499984741211,100.6609115600586,15344,0.0,0.0
2021-03-18,106.0,107.4000015258789,100.05000305175781,101.0999984741211,97.995361328125,22793,0.0,0.0
2021-03-19,100.25,103.69999694824219,97.30000305175781,102.44999694824219,99.30389404296875,14078,0.0,0.0
2021-03-22,103.0,104.05000305175781,100.4000015258789,102.94999694824219,99.78854370117188,8520,0.0,0.0
2021-03-23,106.9000015258789,106.9000015258789,100.44999694824219,102.30000305175781,99.15852355957031,12292,0.0,0.0
2021-03-24,101.0999984741211,102.4000015258789,99.5,99.69999694824219,96.63834381103516,5436,0.0,0.0
2021-03-25,99.9000015258789,100.94999694824219,91.25,92.5999984741211,89.75637817382812,42448,0.0,0.0
2021-03-26,92.9000015258789,111.0999984741211,92.9000015258789,111.0,107.59134674072266,289707,0.0,0.0
2021-03-30,115.0,118.9000015258789,102.1500015258789,104.3499984741211,101.14555358886719,127721,0.0,0.0
2021-03-31,106.4000015258789,119.69999694824219,104.3499984741211,112.75,109.28760528564453,237399,0.0,0.0
2021-04-01,113.9000015258789,126.75,112.19999694824219,122.9000015258789,119.12592315673828,528393,0.0,0.0
2021-04-05,119.19999694824219,128.0,115.05000305175781,125.25,121.40374755859375,245083,0.0,0.0
2021-04-06,125.19999694824219,135.5,124.0,128.10000610351562,124.1662368774414,305761,0.0,0.0
2021-04-07,129.14999389648438,132.0,126.3499984741211,127.69999694824219,123.77849578857422,107931,0.0,0.0
2021-04-08,128.0,132.0,123.05000305175781,123.8499984741211,120.04674530029297,65834,0.0,0.0
2021-04-09,124.9000015258789,129.60000610351562,118.80000305175781,124.94999694824219,121.11295318603516,51632,0.0,0.0
2021-04-12,120.4000015258789,122.0,112.80000305175781,113.44999694824219,109.96610260009766,33132,0.0,0.0
2021-04-13,113.44999694824219,120.0,113.1500015258789,115.8499984741211,112.29240417480469,19777,0.0,0.0
2021-04-15,117.0,117.9000015258789,110.69999694824219,112.44999694824219,108.99681854248047,19332,0.0,0.0
2021-04-16,114.5999984741211,117.19999694824219,112.25,113.1500015258789,109.6753158569336,18981,0.0,0.0
2021-04-19,112.0,112.0,105.0,106.25,102.98721313476562,23283,0.0,0.0
2021-04-20,108.80000305175781,109.5999984741211,106.5,107.80000305175781,104.48961639404297,16915,0.0,0.0
2021-04-22,104.1500015258789,109.0,104.1500015258789,108.19999694824219,104.87732696533203,18202,0.0,0.0
2021-04-23,108.19999694824219,109.69999694824219,105.19999694824219,107.44999694824219,104.15035247802734,18244,0.0,0.0
2021-04-26,106.0,120.69999694824219,106.0,116.94999694824219,113.3586196899414,92014,0.0,0.0
2021-04-27,119.0,120.0,111.6500015258789,113.94999694824219,110.45074462890625,39964,0.0,0.0
2021-04-28,115.94999694824219,116.94999694824219,110.80000305175781,112.19999694824219,108.75448608398438,29983,0.0,0.0
2021-04-29,113.80000305175781,118.44999694824219,113.80000305175781,115.69999694824219,112.14701080322266,52164,0.0,0.0
2021-04-30,115.0,118.8499984741211,113.80000305175781,114.0999984741211,110.59615325927734,30635,0.0,0.0
2021-05-03,116.4000015258789,122.3499984741211,116.05000305175781,118.25,114.61869812011719,66477,0.0,0.0
2021-05-04,118.8499984741211,119.5999984741211,110.44999694824219,113.3499984741211,109.86917877197266,42322,0.0,0.0
2021-05-05,117.0,118.75,113.1500015258789,114.1500015258789,110.64460754394531,18885,0.0,0.0
2021-05-06,117.69999694824219,117.69999694824219,113.80000305175781,114.4000015258789,110.8869400024414,23946,0.0,0.0
2021-05-07,116.0,124.80000305175781,115.94999694824219,120.69999694824219,116.99346160888672,222027,0.0,0.0
2021-05-10,122.75,132.0,121.05000305175781,128.0,124.06929779052734,195404,0.0,0.0
2021-05-11,123.55000305175781,128.8000030517578,120.94999694824219,124.5999984741211,120.7737045288086,44772,0.0,0.0
2021-05-12,124.0,124.5999984741211,118.75,119.30000305175781,115.63646697998047,31858,0.0,0.0
2021-05-14,119.55000305175781,122.80000305175781,117.30000305175781,118.5999984741211,114.95795440673828,14877,0.0,0.0
2021-05-17,118.0,124.0,115.25,115.94999694824219,112.38932800292969,42609,0.0,0.0
2021-05-18,115.94999694824219,119.94999694824219,115.30000305175781,116.4000015258789,112.82551574707031,39698,0.0,0.0
2021-05-19,118.4000015258789,118.4000015258789,116.0999984741211,116.6500015258789,113.06784057617188,19562,0.0,0.0
2021-05-20,119.0,119.0,116.0999984741211,116.44999694824219,112.87397766113281,12978,0.0,0.0
2021-05-21,118.69999694824219,118.69999694824219,116.0,116.30000305175781,112.72859191894531,10620,0.0,0.0
2021-05-24,117.80000305175781,117.80000305175781,116.0999984741211,116.5,112.92244720458984,13690,0.0,0.0
2021-05-25,117.30000305175781,123.94999694824219,116.1500015258789,118.8499984741211,115.20028686523438,44883,0.0,0.0
2021-05-26,121.75,121.9000015258789,116.19999694824219,116.44999694824219,112.87397766113281,25851,0.0,0.0
2021-05-27,116.1500015258789,117.80000305175781,114.05000305175781,116.55000305175781,112.97091674804688,11822,0.0,0.0
2021-05-28,117.19999694824219,118.4000015258789,116.0,116.6500015258789,113.06784057617188,12328,0.0,0.0
2021-05-31,118.9000015258789,118.9000015258789,113.0,113.6500015258789,110.15996551513672,34306,0.0,0.0
2021-06-01,114.0,114.0,108.1500015258789,109.8499984741211,106.4766616821289,30350,0.0,0.0
2021-06-02,110.0,111.9000015258789,108.05000305175781,111.25,107.83366394042969,17016,0.0,0.0
2021-06-03,111.30000305175781,114.9000015258789,111.30000305175781,114.25,110.74153137207031,11269,0.0,0.0
2021-06-04,115.9000015258789,115.9000015258789,111.55000305175781,113.6500015258789,110.15996551513672,21191,0.0,0.0
2021-06-07,114.6500015258789,116.19999694824219,112.0,114.30000305175781,110.79000854492188,15626,0.0,0.0
2021-06-08,114.6500015258789,114.94999694824219,112.5999984741211,113.4000015258789,109.91764831542969,5757,0.0,0.0
2021-06-09,113.6500015258789,114.55000305175781,91.9000015258789,104.19999694824219,101.00016021728516,34602,0.0,0.0
2021-06-10,108.3499984741211,125.0,108.3499984741211,125.0,121.16141510009766,226649,0.0,0.0
2021-06-11,135.0,138.60000610351562,118.75,120.1500015258789,116.46036529541016,272935,0.0,0.0
2021-06-14,121.0,122.94999694824219,112.9000015258789,119.9000015258789,116.2180404663086,56033,0.0,0.0
2021-06-15,120.94999694824219,128.8000030517578,118.44999694824219,127.55000305175781,123.63311767578125,138528,0.0,0.0
2021-06-16,130.0,137.39999389648438,122.75,134.75,130.6120147705078,269631,0.0,0.0
2021-06-17,132.5,139.89999389648438,131.60000610351562,133.5500030517578,129.4488525390625,398766,0.0,0.0
2021-06-18,134.5500030517578,136.9499969482422,121.30000305175781,127.5999984741211,123.68158721923828,84079,0.0,0.0
2021-06-21,123.0,136.89999389648438,123.0,132.6999969482422,128.6249542236328,96468,0.0,0.0
2021-06-22,131.6999969482422,139.8000030517578,131.6999969482422,133.9499969482422,129.83657836914062,123648,0.0,0.0
2021-06-23,135.39999389648438,137.4499969482422,132.0,132.89999389648438,128.81883239746094,51414,0.0,0.0
2021-06-24,134.8000030517578,136.89999389648438,132.10000610351562,133.0500030517578,128.9642333984375,69010,0.0,0.0
2021-06-25,134.89999389648438,143.0,126.55000305175781,141.6999969482422,137.3485870361328,381313,0.0,0.0
2021-06-28,143.85000610351562,146.5500030517578,138.5,142.5,138.12400817871094,304942,0.0,0.0
2021-06-29,143.6999969482422,143.6999969482422,137.5500030517578,138.0,133.76222229003906,61324,0.0,0.0
2021-06-30,137.60000610351562,139.5500030517578,132.10000610351562,134.6999969482422,130.56353759765625,54806,0.0,0.0
2021-07-01,135.6999969482422,139.75,135.0,136.5500030517578,132.3567657470703,45762,0.0,0.0
2021-07-02,136.0,138.25,131.6999969482422,132.6999969482422,128.6249542236328,71165,0.0,0.0
2021-07-05,133.6999969482422,137.8000030517578,131.3000030517578,134.39999389648438,130.2727508544922,50513,0.0,0.0
2021-07-06,137.0,138.0,132.5500030517578,134.3000030517578,130.1758270263672,36231,0.0,0.0
2021-07-07,133.0500030517578,149.0,132.35000610351562,144.25,139.82028198242188,443837,0.0,0.0
2021-07-08,145.89999389648438,148.5,140.6999969482422,141.64999389648438,137.30010986328125,104885,0.0,0.0
2021-07-09,141.85000610351562,144.75,139.0500030517578,143.75,139.33563232421875,53052,0.0,0.0
2021-07-12,145.10000610351562,147.60000610351562,138.8000030517578,140.39999389648438,136.0885009765625,56698,0.0,0.0
2021-07-13,141.0500030517578,143.0500030517578,127.80000305175781,135.64999389648438,131.484375,44505,0.0,0.0
2021-07-14,138.0,140.8000030517578,136.1999969482422,138.5500030517578,134.2953338623047,47673,0.0,0.0
2021-07-15,139.75,141.89999389648438,135.35000610351562,137.89999389648438,133.66526794433594,53189,0.0,0.0
2021-07-16,139.64999389648438,141.0,136.10000610351562,137.5,133.27755737304688,30186,0.0,0.0
2021-07-19,134.6999969482422,144.0500030517578,134.6999969482422,142.0500030517578,137.68783569335938,50958,0.0,0.0
2021-07-20,143.3000030517578,143.3000030517578,132.64999389648438,136.3000030517578,132.11441040039062,76767,0.0,0.0
2021-07-22,139.8000030517578,163.5500030517578,136.10000610351562,163.1999969482422,158.1883544921875,871842,0.0,0.0
2021-07-23,165.0,165.0,146.10000610351562,152.64999389648438,147.9623260498047,470849,0.0,0.0
2021-07-26,154.9499969482422,160.75,147.5,150.0500030517578,145.44219970703125,330964,0.0,0.0
2021-07-27,151.0,152.0,145.0500030517578,146.64999389648438,142.14657592773438,65749,0.0,0.0
2021-07-28,149.0,149.0,138.5500030517578,143.8000030517578,139.38409423828125,97258,0.0,0.0
2021-07-29,141.64999389648438,155.0,141.64999389648438,149.5,144.9090576171875,163943,0.0,0.0
2021-07-30,149.85000610351562,154.8000030517578,145.10000610351562,146.3000030517578,141.80734252929688,94961,0.0,0.0
2021-08-02,148.1999969482422,151.9499969482422,144.14999389648438,148.60000610351562,144.0366973876953,67257,0.0,0.0
2021-08-03,149.89999389648438,151.0500030517578,144.64999389648438,145.1999969482422,140.74110412597656,46765,0.0,0.0
2021-08-04,145.0,149.5,140.8000030517578,143.25,138.8509979248047,22554,0.0,0.0
2021-08-05,146.3000030517578,146.3000030517578,134.6999969482422,139.39999389648438,135.1192169189453,47481,0.0,0.0
2021-08-06,141.35000610351562,144.5,138.0,141.85000610351562,137.49398803710938,60734,0.0,0.0
2021-08-09,143.0,146.0,137.1999969482422,138.85000610351562,134.58612060546875,39380,0.0,0.0
2021-08-10,141.75,141.85000610351562,119.5999984741211,124.94999694824219,121.11295318603516,89662,0.0,0.0
2021-08-11,125.19999694824219,131.10000610351562,122.4000015258789,127.5,123.58464813232422,40506,0.0,0.0
2021-08-12,131.9499969482422,137.6999969482422,127.69999694824219,136.1999969482422,132.01748657226562,43927,0.0,0.0
2021-08-13,138.0,140.9499969482422,123.9000015258789,129.8000030517578,125.81401824951172,79102,0.0,0.0
2021-08-16,134.9499969482422,152.0,131.0,133.5500030517578,129.4488525390625,44692,0.0,0.0
2021-08-17,133.10000610351562,134.8000030517578,130.3000030517578,133.6999969482422,129.59423828125,13402,0.0,0.0
2021-08-18,133.3000030517578,133.3000030517578,127.05000305175781,131.5500030517578,127.51028442382812,12368,0.0,0.0
2021-08-20,131.0,131.0,123.1500015258789,124.94999694824219,121.11295318603516,24584,0.0,0.0
2021-08-23,124.55000305175781,127.0,116.44999694824219,117.80000305175781,114.18253326416016,27524,0.0,0.0
2021-08-24,117.0,124.5,117.0,120.80000305175781,117.09040832519531,27333,0.0,0.0
2021-08-25,121.80000305175781,124.9000015258789,119.5999984741211,121.8499984741211,118.108154296875,33654,0.0,0.0
2021-08-26,122.8499984741211,124.4000015258789,120.0,122.0,118.2535400390625,22044,0.0,0.0
2021-08-27,123.6500015258789,144.39999389648438,121.5,134.35000610351562,130.22430419921875,372830,0.0,0.0
2021-08-30,132.0,142.0,132.0,133.75,129.64271545410156,81418,0.0,0.0
2021-08-31,135.3000030517578,136.9499969482422,128.5500030517578,131.75,127.70413970947266,35669,0.0,0.0
2021-09-01,133.75,133.75,128.1999969482422,129.60000610351562,125.62017822265625,18481,0.0,0.0
2021-09-02,129.0,135.0,129.0,130.14999389648438,126.15326690673828,24027,0.0,0.0
2021-09-03,130.89999389648438,133.0,129.0,130.89999389648438,126.88024139404297,29598,0.0,0.0
2021-09-06,133.6999969482422,134.4499969482422,131.25,133.25,129.15809631347656,37818,0.0,0.0
2021-09-07,133.89999389648438,133.89999389648438,129.60000610351562,130.25,126.25019073486328,13200,0.0,0.0
2021-09-08,130.60000610351562,133.5,130.5,130.89999389648438,127.86190795898438,22123,1.0,0.0
2021-09-09,130.9499969482422,132.85000610351562,130.60000610351562,131.85000610351562,128.78985595703125,10946,0.0,0.0
2021-09-13,130.0,131.89999389648438,129.0,129.25,126.25019836425781,9070,0.0,0.0
2021-09-14,130.14999389648438,138.75,130.0,133.1999969482422,130.1085205078125,49199,0.0,0.0
2021-09-15,133.5,135.5,130.25,133.35000610351562,130.2550506591797,21716,0.0,0.0
2021-09-16,132.5500030517578,134.89999389648438,130.10000610351562,130.75,127.71539306640625,14408,0.0,0.0
2021-09-17,132.75,132.75,127.0,129.75,126.73860168457031,16497,0.0,0.0
2021-09-20,131.60000610351562,133.0,125.0,126.5,123.56402587890625,31242,0.0,0.0
2021-09-21,124.30000305175781,128.6999969482422,124.19999694824219,127.19999694824219,124.2477798461914,8461,0.0,0.0
2021-09-22,129.85000610351562,129.85000610351562,125.3499984741211,126.19999694824219,123.27098846435547,8973,0.0,0.0
2021-09-23,129.6999969482422,131.0,126.0,127.30000305175781,124.345458984375,12622,0.0,0.0
2021-09-24,126.5999984741211,130.0,122.55000305175781,126.9000015258789,123.95474243164062,40216,0.0,0.0
2021-09-27,127.0,129.0,125.4000015258789,126.69999694824219,123.75938415527344,14616,0.0,0.0
2021-09-28,128.5500030517578,132.5,124.0,125.3499984741211,122.44071960449219,43335,0.0,0.0
2021-09-29,125.0,131.4499969482422,125.0,129.4499969482422,126.445556640625,40903,0.0,0.0
2021-09-30,131.89999389648438,132.5,129.0,131.60000610351562,128.54566955566406,73972,0.0,0.0
2021-10-01,133.25,133.3000030517578,129.6999969482422,131.75,128.6921844482422,15012,0.0,0.0
2021-10-04,132.10000610351562,138.5,126.3499984741211,135.10000610351562,131.9644317626953,45244,0.0,0.0
2021-10-05,136.0,136.0500030517578,132.5,135.14999389648438,132.0132598876953,19199,0.0,0.0
2021-10-06,136.0,136.0,129.1999969482422,130.39999389648438,127.37350463867188,23672,0.0,0.0
2021-10-07,133.64999389648438,133.64999389648438,131.0,131.10000610351562,128.0572509765625,2222,0.0,0.0
2021-10-08,132.85000610351562,132.89999389648438,130.0,130.4499969482422,127.4223403930664,7626,0.0,0.0
2021-10-11,130.0500030517578,132.1999969482422,130.0500030517578,130.1999969482422,127.17816162109375,11527,0.0,0.0
2021-10-12,129.5,131.0,129.0,129.5500030517578,126.54324340820312,9555,0.0,0.0
2021-10-13,130.10000610351562,132.5,129.4499969482422,130.14999389648438,127.12931060791016,12152,0.0,0.0
2021-10-14,131.9499969482422,131.9499969482422,128.4499969482422,129.6999969482422,126.68975067138672,8842,0.0,0.0
2021-10-18,132.60000610351562,134.1999969482422,130.0,130.8000030517578,127.76424407958984,22010,0.0,0.0
2021-10-19,131.9499969482422,132.89999389648438,124.4000015258789,126.0999984741211,123.1733169555664,15747,0.0,0.0
2021-10-20,126.5999984741211,127.5,122.5999984741211,123.8499984741211,120.97554016113281,15592,0.0,0.0
2021-10-21,126.55000305175781,126.9000015258789,123.0,125.44999694824219,122.53839111328125,6324,0.0,0.0
2021-10-22,127.0,127.0999984741211,120.94999694824219,123.6500015258789,120.7801742553711,30432,0.0,0.0
2021-10-25,123.6500015258789,126.4000015258789,115.9000015258789,123.30000305175781,120.43830108642578,28248,0.0,0.0
2021-10-26,123.4000015258789,134.39999389648438,123.4000015258789,128.39999389648438,125.41992950439453,48267,0.0,0.0
2021-10-27,128.0,128.3000030517578,124.0,124.1500015258789,121.26856994628906,18905,0.0,0.0
2021-10-28,124.1500015258789,126.69999694824219,123.0,123.69999694824219,120.82901763916016,5785,0.0,0.0
2021-10-29,126.0,126.5,123.5999984741211,124.05000305175781,121.1708984375,8400,0.0,0.0
2021-11-01,125.1500015258789,126.5,124.94999694824219,125.0,122.09883880615234,1965,0.0,0.0
2021-11-02,124.9000015258789,126.80000305175781,124.5999984741211,124.9000015258789,122.00116729736328,6567,0.0,0.0
2021-11-03,125.25,126.6500015258789,124.30000305175781,125.6500015258789,122.7337646484375,8864,0.0,0.0
2021-11-04,128.0,128.0,124.9000015258789,125.6500015258789,122.7337646484375,2333,0.0,0.0
2021-11-08,129.0,129.0,123.1500015258789,123.6500015258789,120.7801742553711,7806,0.0,0.0
2021-11-09,125.0999984741211,125.0999984741211,122.1500015258789,123.0999984741211,120.2429428100586,3870,0.0,0.0
2021-11-10,124.55000305175781,124.55000305175781,121.30000305175781,123.0,120.14525604248047,8533,0.0,0.0
2021-11-11,123.6500015258789,127.0,123.0,123.69999694824219,120.82901763916016,5782,0.0,0.0
2021-11-12,125.4000015258789,131.8000030517578,122.5,129.9499969482422,126.93395233154297,72941,0.0,0.0
2021-11-15,133.0,133.0,125.94999694824219,126.6500015258789,123.71055603027344,11327,0.0,0.0
2021-11-16,127.80000305175781,127.80000305175781,124.25,126.0999984741211,123.1733169555664,8211,0.0,0.0
2021-11-17,125.5,129.0,123.0,124.25,121.36624908447266,77274,0.0,0.0
2021-11-18,126.0,127.75,122.05000305175781,124.30000305175781,121.41508483886719,7611,0.0,0.0
2021-11-22,126.5999984741211,126.5999984741211,123.0,125.8499984741211,122.92911529541016,13357,0.0,0.0
2021-11-23,126.0,126.0,123.0999984741211,123.94999694824219,121.07321166992188,5926,0.0,0.0
2021-11-24,126.30000305175781,134.0,123.5999984741211,128.9499969482422,125.9571533203125,58788,0.0,0.0
2021-11-25,129.0,132.0,126.3499984741211,128.6999969482422,125.71296691894531,21805,0.0,0.0
2021-11-26,128.39999389648438,129.6999969482422,123.30000305175781,125.0,122.09883880615234,14969,0.0,0.0
2021-11-29,127.94999694824219,127.94999694824219,121.55000305175781,123.8499984741211,120.97554016113281,11142,0.0,0.0
2021-11-30,126.0,126.0,122.0999984741211,122.8499984741211,119.99874877929688,5503,0.0,0.0
2021-12-01,124.5,124.55000305175781,120.5999984741211,120.69999694824219,117.89863586425781,7896,0.0,0.0
2021-12-02,122.44999694824219,122.44999694824219,119.0,120.80000305175781,117.99633026123047,8571,0.0,0.0
2021-12-03,122.3499984741211,122.44999694824219,120.0,120.4000015258789,117.6056137084961,4642,0.0,0.0
2021-12-06,120.0,122.0,117.0,117.69999694824219,114.96826934814453,9496,0.0,0.0
2021-12-07,120.30000305175781,120.44999694824219,118.25,119.19999694824219,116.4334487915039,1489,0.0,0.0
2021-12-08,121.19999694824219,124.0,120.0999984741211,121.30000305175781,118.4847183227539,8848,0.0,0.0
2021-12-09,123.80000305175781,123.80000305175781,120.4000015258789,123.30000305175781,120.43830108642578,8010,0.0,0.0
2021-12-10,122.5,123.0,121.3499984741211,122.69999694824219,119.85222625732422,1821,0.0,0.0
2021-12-13,122.3499984741211,123.6500015258789,122.25,122.44999694824219,119.60802459716797,2084,0.0,0.0
2021-12-14,122.0,122.94999694824219,121.0,121.30000305175781,118.4847183227539,1797,0.0,0.0
2021-12-15,120.5,123.6500015258789,120.0,120.19999694824219,117.41024017333984,1938,0.0,0.0
2021-12-16,123.75,123.75,120.0,121.0,118.1916732788086,3295,0.0,0.0
2021-12-17,122.55000305175781,122.55000305175781,118.0,118.4000015258789,115.65202331542969,3981,0.0,0.0
2021-12-20,117.05000305175781,117.55000305175781,110.3499984741211,111.1500015258789,108.5702896118164,9720,0.0,0.0
2021-12-21,114.94999694824219,115.0,111.30000305175781,114.55000305175781,111.89138793945312,2023,0.0,0.0
2021-12-22,118.0,119.0,113.30000305175781,118.19999694824219,115.45665740966797,5876,0.0,0.0
2021-12-23,117.8499984741211,120.5999984741211,116.0999984741211,117.94999694824219,115.21246337890625,1539,0.0,0.0
2021-12-24,117.6500015258789,118.0,114.1500015258789,117.9000015258789,115.16362762451172,6916,0.0,0.0
2021-12-27,121.5,121.5,115.6500015258789,116.94999694824219,114.23567199707031,1464,0.0,0.0
2021-12-28,117.3499984741211,122.0,116.0,120.0,117.21488952636719,7332,0.0,0.0
2021-12-29,119.3499984741211,122.4000015258789,118.0999984741211,119.69999694824219,116.9218521118164,10179,0.0,0.0
2021-12-30,118.25,122.3499984741211,118.25,121.19999694824219,118.38703155517578,5034,0.0,0.0
2021-12-31,120.5,121.94999694824219,119.69999694824219,120.69999694824219,117.89863586425781,1997,0.0,0.0
2022-01-03,120.69999694824219,122.0,120.1500015258789,121.6500015258789,118.82659912109375,2948,0.0,0.0
2022-01-04,123.80000305175781,123.80000305175781,120.19999694824219,121.25,118.43588256835938,3107,0.0,0.0
2022-01-05,120.44999694824219,122.80000305175781,120.0,120.30000305175781,117.5079345703125,2224,0.0,0.0
2022-01-06,119.0,137.1999969482422,117.0999984741211,127.69999694824219,124.73616790771484,209712,0.0,0.0
2022-01-07,128.85000610351562,134.0,126.0,127.44999694824219,124.49198150634766,28943,0.0,0.0
2022-01-10,128.85000610351562,129.9499969482422,125.0,126.05000305175781,123.12447357177734,24680,0.0,0.0
2022-01-11,128.0,128.0500030517578,124.9000015258789,126.44999694824219,123.51519012451172,7185,0.0,0.0
2022-01-12,125.05000305175781,126.3499984741211,122.4000015258789,122.8499984741211,119.99874877929688,7845,0.0,0.0
2022-01-13,124.69999694824219,131.39999389648438,124.25,127.44999694824219,124.49198150634766,34565,0.0,0.0
2022-01-14,128.85000610351562,128.85000610351562,124.0,126.05000305175781,123.12447357177734,4024,0.0,0.0
2022-01-17,129.9499969482422,129.9499969482422,122.5,124.0,121.12205505371094,25114,0.0,0.0
2022-01-18,127.55000305175781,128.5500030517578,121.9000015258789,122.6500015258789,119.80338287353516,32326,0.0,0.0
2022-01-19,126.75,126.75,122.0,124.30000305175781,121.41508483886719,8748,0.0,0.0
2022-01-20,124.4000015258789,125.94999694824219,122.0,123.25,120.38945770263672,4962,0.0,0.0
2022-01-21,124.9000015258789,126.0,122.0,123.55000305175781,120.6824951171875,8406,0.0,0.0
2022-01-24,122.1500015258789,123.69999694824219,110.80000305175781,113.8499984741211,111.20762634277344,18135,0.0,0.0
2022-01-25,120.05000305175781,120.05000305175781,110.25,117.1500015258789,114.43103790283203,11435,0.0,0.0
2022-01-27,117.0,118.0,113.1500015258789,114.94999694824219,112.28208923339844,18913,0.0,0.0
2022-01-28,115.44999694824219,118.75,115.0,116.19999694824219,113.50308227539062,2582,0.0,0.0
2022-01-31,116.19999694824219,118.44999694824219,116.19999694824219,116.80000305175781,114.08917236328125,2097,0.0,0.0
2022-02-01,116.25,118.44999694824219,115.25,116.69999694824219,113.9914779663086,7361,0.0,0.0
2022-02-02,117.4000015258789,119.44999694824219,116.5999984741211,117.1500015258789,114.43103790283203,3606,0.0,0.0
2022-02-03,119.94999694824219,119.94999694824219,115.80000305175781,116.5,113.7961196899414,6182,0.0,0.0
2022-02-04,116.44999694824219,118.80000305175781,116.0,116.30000305175781,113.60076904296875,3388,0.0,0.0
2022-02-07,118.30000305175781,118.30000305175781,115.05000305175781,116.5,113.7961196899414,2005,0.0,0.0
2022-02-08,116.69999694824219,118.4000015258789,113.5,114.0,111.35414123535156,8319,0.0,0.0
2022-02-09,116.6500015258789,116.69999694824219,114.80000305175781,115.8499984741211,113.16120910644531,2732,0.0,0.0
2022-02-10,115.0999984741211,117.9000015258789,115.0999984741211,116.69999694824219,113.9914779663086,2522,0.0,0.0
2022-02-11,116.6500015258789,117.44999694824219,115.19999694824219,115.80000305175781,113.11237335205078,3827,0.0,0.0
2022-02-14,111.55000305175781,116.0999984741211,108.0,111.94999694824219,109.35171508789062,11553,0.0,0.0
2022-02-15,110.0,113.0,108.1500015258789,109.75,107.20278930664062,10386,0.0,0.0
2022-02-16,114.69999694824219,114.69999694824219,109.30000305175781,111.05000305175781,108.47261810302734,5350,0.0,0.0
2022-02-17,110.5,113.3499984741211,109.94999694824219,111.44999694824219,108.86332702636719,1361,0.0,0.0
2022-02-18,110.9000015258789,110.94999694824219,108.6500015258789,110.25,107.6911849975586,2678,0.0,0.0
2022-02-21,111.94999694824219,111.94999694824219,107.0,107.5,105.00499725341797,8888,0.0,0.0
2022-02-22,107.5999984741211,107.5999984741211,103.0,106.0,103.53982543945312,4028,0.0,0.0
2022-02-23,107.5,111.0,103.4000015258789,104.8499984741211,102.41651153564453,7536,0.0,0.0
2022-02-24,100.0,107.0,91.19999694824219,94.6500015258789,92.45323944091797,22208,0.0,0.0
2022-02-25,97.0,101.9000015258789,95.44999694824219,99.80000305175781,97.48372650146484,12029,0.0,0.0
2022-02-28,100.30000305175781,103.0999984741211,95.69999694824219,102.1500015258789,99.7791748046875,3038,0.0,0.0
2022-03-02,103.19999694824219,106.8499984741211,100.5999984741211,102.1500015258789,99.7791748046875,8377,0.0,0.0
2022-03-03,104.9000015258789,122.55000305175781,104.0,122.55000305175781,119.70570373535156,119183,0.0,0.0
2022-03-04,129.89999389648438,144.0,128.0,130.0,126.98280334472656,1038188,0.0,0.0
2022-03-07,130.0,134.0,124.5,126.05000305175781,123.12447357177734,131745,0.0,0.0
2022-03-08,127.0,130.0,119.19999694824219,121.69999694824219,118.87543487548828,56894,0.0,0.0
2022-03-09,124.0,124.0,117.75,119.19999694824219,116.4334487915039,21485,0.0,0.0
2022-03-10,123.0,123.0,115.69999694824219,119.4000015258789,116.6288070678711,23365,0.0,0.0
2022-03-11,119.25,121.75,116.8499984741211,118.0,115.26130676269531,14257,0.0,0.0
2022-03-14,121.69999694824219,122.0,112.6500015258789,114.6500015258789,111.98905181884766,28761,0.0,0.0
2022-03-15,115.05000305175781,117.69999694824219,104.30000305175781,110.6500015258789,108.08190155029297,45798,0.0,0.0
2022-03-16,113.0,132.75,110.0,132.75,129.66896057128906,279228,0.0,0.0
2022-03-17,143.0,144.0,128.0500030517578,129.35000610351562,126.34789276123047,330617,0.0,0.0
2022-03-21,129.6999969482422,131.10000610351562,123.0,124.69999694824219,121.80580139160156,40293,0.0,0.0
2022-03-22,127.4000015258789,146.8000030517578,126.44999694824219,138.39999389648438,135.18783569335938,522324,0.0,0.0
2022-03-23,139.0,139.89999389648438,131.64999389648438,133.0500030517578,129.96202087402344,66377,0.0,0.0
2022-03-24,134.9499969482422,141.10000610351562,131.10000610351562,132.9499969482422,129.86431884765625,102202,0.0,0.0
2022-03-25,134.89999389648438,136.0,130.0,131.10000610351562,128.0572509765625,34001,0.0,0.0
2022-03-28,131.10000610351562,135.8000030517578,126.6500015258789,127.5999984741211,124.63850402832031,29092,0.0,0.0
2022-03-29,130.6999969482422,131.8000030517578,124.19999694824219,125.69999694824219,122.78260040283203,50792,0.0,0.0
2022-03-30,129.60000610351562,129.60000610351562,122.69999694824219,124.5999984741211,121.70812225341797,29140,0.0,0.0
2022-03-31,127.0,127.0,121.5,122.44999694824219,119.60802459716797,58921,0.0,0.0
2022-04-01,125.80000305175781,131.0,121.0,130.14999389648438,127.12931060791016,58930,0.0,0.0
2022-04-04,133.64999389648438,133.64999389648438,127.0,129.14999389648438,126.15251922607422,28850,0.0,0.0
2022-04-05,130.0,132.85000610351562,128.1999969482422,130.39999389648438,127.37350463867188,53446,0.0,0.0
2022-04-06,131.3000030517578,133.89999389648438,129.64999389648438,130.64999389648438,127.61770629882812,51060,0.0,0.0
2022-04-07,130.14999389648438,132.9499969482422,129.64999389648438,130.5,127.47119140625,13315,0.0,0.0
2022-04-08,126.0,133.64999389648438,126.0,131.6999969482422,128.64332580566406,29553,0.0,0.0
2022-04-11,132.0,136.9499969482422,132.0,133.35000610351562,130.2550506591797,27253,0.0,0.0
2022-04-12,133.35000610351562,133.5500030517578,129.0500030517578,130.39999389648438,127.37350463867188,23337,0.0,0.0
2022-04-13,129.0500030517578,135.8000030517578,129.0500030517578,131.60000610351562,128.54566955566406,25306,0.0,0.0
2022-04-18,134.0,134.0,129.9499969482422,131.10000610351562,128.0572509765625,11975,0.0,0.0
2022-04-19,130.6999969482422,135.6999969482422,128.60000610351562,130.64999389648438,127.61770629882812,29627,0.0,0.0
2022-04-20,132.5,134.0,130.0500030517578,132.1999969482422,129.13172912597656,19497,0.0,0.0
2022-04-21,132.1999969482422,135.5500030517578,129.0500030517578,131.4499969482422,128.39913940429688,27327,0.0,0.0
2022-04-22,132.60000610351562,133.8000030517578,130.1999969482422,132.8000030517578,129.7178192138672,12872,0.0,0.0
2022-04-25,132.75,132.75,128.85000610351562,129.64999389648438,126.64092254638672,13135,0.0,0.0
2022-04-26,130.0,131.89999389648438,128.60000610351562,129.64999389648438,126.64092254638672,10009,0.0,0.0
2022-04-27,129.4499969482422,133.6999969482422,127.55000305175781,131.14999389648438,128.10609436035156,13850,0.0,0.0
2022-04-28,131.14999389648438,131.14999389648438,128.60000610351562,129.1999969482422,126.20137023925781,6129,0.0,0.0
2022-04-29,129.1999969482422,134.5,127.5999984741211,128.8000030517578,125.81065368652344,35250,0.0,0.0
2022-05-02,129.0,141.8000030517578,128.1999969482422,136.4499969482422,133.2830810546875,178798,0.0,0.0
2022-05-04,139.0,148.0,137.0500030517578,138.0,134.79713439941406,214676,0.0,0.0
2022-05-05,139.39999389648438,139.39999389648438,131.5,133.3000030517578,130.2062225341797,33402,0.0,0.0
2022-05-06,135.25,135.25,128.64999389648438,129.6999969482422,126.68975067138672,12678,0.0,0.0
2022-05-09,131.0,131.0,126.0,127.30000305175781,124.345458984375,10919,0.0,0.0
2022-05-10,128.9499969482422,128.9499969482422,111.6500015258789,118.0,115.26130676269531,33645,0.0,0.0
2022-05-11,119.75,123.55000305175781,110.75,112.9000015258789,110.27967834472656,20493,0.0,0.0
2022-05-12,111.0999984741211,111.1500015258789,105.0,106.05000305175781,103.58866119384766,21921,0.0,0.0
2022-05-13,107.55000305175781,114.0,107.55000305175781,111.69999694824219,109.1075210571289,11452,0.0,0.0
2022-05-16,111.69999694824219,114.0,108.0,109.8499984741211,107.30046844482422,11302,0.0,0.0
2022-05-17,111.44999694824219,117.5,111.44999694824219,116.1500015258789,113.45425415039062,15182,0.0,0.0
2022-05-18,117.75,121.80000305175781,116.25,118.94999694824219,116.18926239013672,17110,0.0,0.0
2022-05-19,117.0999984741211,118.05000305175781,114.25,116.1500015258789,113.45425415039062,7567,0.0,0.0
2022-05-20,117.8499984741211,121.9000015258789,117.0,117.30000305175781,114.57756805419922,13043,0.0,0.0
2022-05-23,119.5,119.5,115.1500015258789,115.75,113.06352996826172,5912,0.0,0.0
2022-05-24,115.75,117.3499984741211,111.80000305175781,113.19999694824219,110.57270812988281,6813,0.0,0.0
2022-05-25,113.94999694824219,113.94999694824219,108.0,109.5,106.95858001708984,7187,0.0,0.0
2022-05-26,110.0999984741211,110.25,105.75,106.3499984741211,103.8816909790039,10791,0.0,0.0
2022-05-27,107.8499984741211,111.75,106.3499984741211,107.30000305175781,104.80965423583984,6449,0.0,0.0
2022-05-30,110.5999984741211,128.75,110.5999984741211,128.1999969482422,125.22457122802734,200933,0.0,0.0
2022-05-31,125.5999984741211,128.4499969482422,118.0,122.0,119.16846466064453,98073,0.0,0.0
2022-06-01,122.5,134.60000610351562,122.5,126.75,123.8082275390625,76471,0.0,0.0
2022-06-02,128.75,134.6999969482422,121.5,129.0,126.0060043334961,69792,0.0,0.0
2022-06-03,128.0,131.89999389648438,124.30000305175781,126.0999984741211,123.1733169555664,10611,0.0,0.0
2022-06-06,125.0999984741211,125.0999984741211,122.19999694824219,123.4000015258789,120.53598022460938,5303,0.0,0.0
2022-06-07,123.9000015258789,125.80000305175781,120.0999984741211,121.44999694824219,118.63123321533203,12658,0.0,0.0
2022-06-08,122.0,124.19999694824219,119.05000305175781,121.0,118.1916732788086,10045,0.0,0.0
2022-06-09,120.19999694824219,120.19999694824219,116.1500015258789,119.0,116.23809051513672,7802,0.0,0.0
2022-06-10,119.0,119.5,117.3499984741211,118.0,115.26130676269531,3648,0.0,0.0
2022-06-13,116.19999694824219,117.8499984741211,112.0,112.75,110.1331558227539,10135,0.0,0.0
2022-06-14,112.69999694824219,116.69999694824219,110.5,113.44999694824219,110.81690216064453,14800,0.0,0.0
2022-06-15,115.0,115.0999984741211,113.0,113.8499984741211,111.20762634277344,2931,0.0,0.0
2022-06-16,116.69999694824219,117.1500015258789,94.8499984741211,98.19999694824219,95.92084503173828,102597,0.0,0.0
2022-06-17,99.80000305175781,112.4000015258789,97.4000015258789,104.4000015258789,101.9769515991211,116049,0.0,0.0
2022-06-20,104.4000015258789,110.0,95.94999694824219,98.3499984741211,96.06737518310547,33859,0.0,0.0
2022-06-21,100.0,109.69999694824219,98.55000305175781,104.94999694824219,102.5141830444336,35807,0.0,0.0
2022-06-22,105.0,105.0,100.0,100.5999984741211,98.26515197753906,7291,0.0,0.0
2022-06-23,104.75,120.5,101.44999694824219,113.75,111.10994720458984,151322,0.0,0.0
2022-06-24,115.0,116.0999984741211,110.8499984741211,114.5999984741211,111.94022369384766,24741,0.0,0.0
2022-06-27,116.05000305175781,126.30000305175781,114.94999694824219,119.1500015258789,116.3846206665039,45173,0.0,0.0
2022-06-28,119.75,123.8499984741211,118.94999694824219,122.3499984741211,119.51034545898438,41665,0.0,0.0
2022-06-29,122.94999694824219,123.0,115.0,116.44999694824219,113.74727630615234,18613,0.0,0.0
2022-06-30,115.0,117.80000305175781,111.0,112.19999694824219,109.59591674804688,13517,0.0,0.0
2022-07-01,113.8499984741211,118.69999694824219,112.9000015258789,114.80000305175781,112.13558197021484,9126,0.0,0.0
2022-07-04,116.44999694824219,117.8499984741211,113.0,113.80000305175781,111.15879821777344,6148,0.0,0.0
2022-07-05,113.80000305175781,123.6500015258789,113.80000305175781,115.44999694824219,112.7704849243164,23329,0.0,0.0
2022-07-06,115.9000015258789,119.4000015258789,115.1500015258789,115.80000305175781,113.11237335205078,3796,0.0,0.0
2022-07-07,115.80000305175781,124.05000305175781,115.80000305175781,122.80000305175781,119.94990539550781,24309,0.0,0.0
2022-07-08,124.5,124.5,116.19999694824219,118.0,115.26130676269531,10442,0.0,0.0
2022-07-11,119.05000305175781,119.19999694824219,113.80000305175781,116.25,113.55191802978516,9188,0.0,0.0
2022-07-12,115.0,117.94999694824219,114.6500015258789,116.3499984741211,113.64960479736328,2062,0.0,0.0
2022-07-13,115.5,121.94999694824219,115.19999694824219,119.6500015258789,116.87301635742188,13102,0.0,0.0
2022-07-14,121.0,126.0,117.6500015258789,120.94999694824219,118.1428451538086,21994,0.0,0.0
2022-07-15,122.75,123.30000305175781,116.5,118.69999694824219,115.94505310058594,6235,0.0,0.0
2022-07-18,120.4000015258789,120.4000015258789,116.0,117.0,114.28451538085938,5973,0.0,0.0
2022-07-19,119.25,119.25,116.3499984741211,117.55000305175781,114.8217544555664,4033,0.0,0.0
2022-07-20,119.25,119.9000015258789,117.8499984741211,119.0,116.23809051513672,2916,0.0,0.0
2022-07-21,118.69999694824219,120.69999694824219,117.0,118.94999694824219,116.18926239013672,5198,0.0,0.0
2022-07-22,120.4000015258789,120.4000015258789,116.19999694824219,117.5999984741211,114.87059020996094,8922,0.0,0.0
2022-07-25,115.05000305175781,118.94999694824219,115.05000305175781,116.69999694824219,113.9914779663086,5676,0.0,0.0
2022-07-26,117.0,118.6500015258789,114.5999984741211,116.19999694824219,113.50308227539062,6995,0.0,0.0
2022-07-27,118.80000305175781,119.0,115.0,118.3499984741211,115.60318756103516,10235,0.0,0.0
2022-07-28,118.3499984741211,119.0,115.05000305175781,117.4000015258789,114.67523193359375,14006,0.0,0.0
2022-07-29,118.6500015258789,119.3499984741211,116.5,118.0999984741211,115.35899353027344,9333,0.0,0.0
2022-08-01,116.19999694824219,122.0,116.19999694824219,121.3499984741211,118.53356170654297,13063,0.0,0.0
2022-08-02,121.55000305175781,124.5,119.0,123.80000305175781,120.92668914794922,10669,0.0,0.0
2022-08-03,121.0999984741211,125.5,121.05000305175781,123.8499984741211,120.97554016113281,15291,0.0,0.0
2022-08-04,123.75,125.19999694824219,120.6500015258789,122.5,119.65686798095703,6182,0.0,0.0
2022-08-05,122.0,122.9000015258789,116.80000305175781,119.1500015258789,116.3846206665039,4686,0.0,0.0
2022-08-08,116.5,126.69999694824219,116.5,122.0,119.16846466064453,11006,0.0,0.0
2022-08-10,123.75,127.0,120.0,121.25,118.43588256835938,6847,0.0,0.0
2022-08-11,122.6500015258789,122.6500015258789,116.25,118.55000305175781,115.79855346679688,12221,0.0,0.0
2022-08-12,120.25,125.80000305175781,119.0999984741211,122.6500015258789,119.80338287353516,17177,0.0,0.0
2022-08-16,125.9000015258789,125.9000015258789,116.94999694824219,121.55000305175781,118.72891998291016,35041,0.0,0.0
2022-08-17,122.75,125.9000015258789,122.05000305175781,123.55000305175781,120.6824951171875,16452,0.0,0.0
2022-08-18,125.0999984741211,125.5,122.8499984741211,124.9000015258789,122.00116729736328,12444,0.0,0.0
2022-08-19,125.8499984741211,136.0,122.9000015258789,131.5,128.44798278808594,77284,0.0,0.0
2022-08-22,129.0,130.9499969482422,127.0,127.94999694824219,124.98037719726562,18229,0.0,0.0
2022-08-23,125.0999984741211,139.0,124.80000305175781,133.89999389648438,130.7922821044922,161772,0.0,0.0
2022-08-24,134.8000030517578,136.0,131.10000610351562,133.6999969482422,130.59690856933594,28760,0.0,0.0
2022-08-25,132.0,150.5,132.0,137.0500030517578,133.8691864013672,358659,0.0,0.0
2022-08-26,140.14999389648438,144.75,134.0,135.0,131.8667449951172,46978,0.0,0.0
2022-08-29,131.0,134.35000610351562,126.5999984741211,131.0500030517578,128.00843811035156,35699,0.0,0.0
2022-08-30,128.5,136.8000030517578,128.25,130.75,127.71539306640625,21454,0.0,0.0
2022-09-01,130.75,133.89999389648438,125.94999694824219,129.6999969482422,126.68975067138672,65786,0.0,0.0
2022-09-02,127.94999694824219,134.64999389648438,127.94999694824219,133.89999389648438,130.7922821044922,29772,0.0,0.0
2022-09-05,135.0,138.5500030517578,132.60000610351562,136.75,133.5761260986328,21713,0.0,0.0
2022-09-06,137.5,142.0,137.5,139.5,136.26231384277344,42362,0.0,0.0
2022-09-07,139.5,149.0,139.5,146.3000030517578,142.9044952392578,88275,0.0,0.0
2022-09-08,147.0,147.5500030517578,139.10000610351562,140.35000610351562,137.09259033203125,31070,0.0,0.0
2022-09-09,140.60000610351562,142.89999389648438,135.3000030517578,140.89999389648438,138.61746215820312,20709,1.0,0.0
2022-09-12,142.0,143.0,137.1999969482422,137.60000610351562,135.3709259033203,12340,0.0,0.0
2022-09-13,136.60000610351562,139.6999969482422,136.0500030517578,136.8000030517578,134.58387756347656,6521,0.0,0.0
2022-09-14,134.9499969482422,139.0,132.14999389648438,135.60000610351562,133.40333557128906,13903,0.0,0.0
2022-09-15,134.0500030517578,137.89999389648438,134.0,134.5,132.32115173339844,6200,0.0,0.0
2022-09-16,135.64999389648438,152.1999969482422,133.85000610351562,136.35000610351562,134.1411895751953,124538,0.0,0.0
2022-09-19,137.8000030517578,141.39999389648438,135.5,140.3000030517578,138.02719116210938,15318,0.0,0.0
2022-09-20,140.35000610351562,141.5500030517578,137.1999969482422,139.9499969482422,137.682861328125,16703,0.0,0.0
2022-09-21,140.6999969482422,140.6999969482422,133.1999969482422,135.0,132.81304931640625,8026,0.0,0.0
2022-09-22,133.0,135.9499969482422,130.1999969482422,134.9499969482422,132.76385498046875,3621,0.0,0.0
2022-09-23,136.9499969482422,136.9499969482422,130.8000030517578,131.25,129.12379455566406,5150,0.0,0.0
2022-09-26,132.9499969482422,132.9499969482422,120.4000015258789,126.0999984741211,124.0572280883789,18905,0.0,0.0
2022-09-27,127.44999694824219,128.89999389648438,122.0,125.5,123.4669418334961,6775,0.0,0.0
2022-09-28,121.69999694824219,129.1999969482422,121.4000015258789,123.3499984741211,121.35176849365234,14534,0.0,0.0
2022-09-29,127.0,130.0,123.0,124.25,122.23719787597656,7391,0.0,0.0
2022-09-30,124.80000305175781,128.4499969482422,123.1500015258789,128.39999389648438,126.31996154785156,2905,0.0,0.0
2022-10-03,127.0999984741211,129.5500030517578,125.05000305175781,127.3499984741211,125.28697204589844,5243,0.0,0.0
2022-10-04,129.25,134.4499969482422,127.4000015258789,132.0,129.86163330078125,19683,0.0,0.0
2022-10-06,133.89999389648438,133.9499969482422,128.39999389648438,129.9499969482422,127.84485626220703,10680,0.0,0.0
2022-10-07,128.6999969482422,133.4499969482422,128.6999969482422,130.9499969482422,128.8286590576172,3938,0.0,0.0
2022-10-10,132.75,132.75,128.0,129.60000610351562,127.50053405761719,7443,0.0,0.0
2022-10-11,130.0,130.0,126.05000305175781,126.5,124.45074462890625,7766,0.0,0.0
2022-10-12,128.35000610351562,129.75,125.0,128.0,125.92644500732422,16736,0.0,0.0
2022-10-13,129.3000030517578,129.3000030517578,127.0,127.19999694824219,125.139404296875,1749,0.0,0.0
2022-10-14,129.0,130.0,125.0,125.75,123.712890625,4151,0.0,0.0
2022-10-17,125.19999694824219,128.25,122.80000305175781,125.94999694824219,123.90965270996094,3573,0.0,0.0
2022-10-18,126.69999694824219,128.3000030517578,117.19999694824219,120.19999694824219,118.25279998779297,37673,0.0,0.0
2022-10-19,120.30000305175781,125.8499984741211,120.30000305175781,123.55000305175781,121.54853820800781,10872,0.0,0.0
2022-10-20,125.0,127.80000305175781,121.25,124.05000305175781,122.04043579101562,13251,0.0,0.0
2022-10-21,125.80000305175781,125.80000305175781,122.5999984741211,123.30000305175781,121.3025894165039,2478,0.0,0.0
2022-10-24,125.05000305175781,127.75,124.0,125.0,122.97504425048828,1185,0.0,0.0
2022-10-25,126.0,126.0,124.4000015258789,124.6500015258789,122.6307144165039,2695,0.0,0.0
2022-10-27,126.44999694824219,129.9499969482422,125.55000305175781,128.8000030517578,126.71349334716797,20092,0.0,0.0
2022-10-28,128.8000030517578,134.0,127.0,131.39999389648438,129.2713623046875,18471,0.0,0.0
2022-10-31,133.1999969482422,133.60000610351562,131.0,131.85000610351562,129.71408081054688,8706,0.0,0.0
2022-11-01,133.0,133.85000610351562,130.0500030517578,130.64999389648438,128.53350830078125,6229,0.0,0.0
2022-11-02,130.60000610351562,132.85000610351562,128.5500030517578,129.64999389648438,127.5497055053711,4831,0.0,0.0
2022-11-03,127.69999694824219,131.6999969482422,126.19999694824219,127.05000305175781,124.99183654785156,14589,0.0,0.0
2022-11-04,127.05000305175781,129.8000030517578,125.19999694824219,129.10000610351562,127.00862884521484,9457,0.0,0.0
2022-11-07,130.8000030517578,131.1999969482422,127.0,127.5,125.43453979492188,8216,0.0,0.0
2022-11-09,129.25,135.0,129.25,134.25,132.07521057128906,29878,0.0,0.0
2022-11-10,134.39999389648438,134.5,129.0,131.0,128.8778533935547,26934,0.0,0.0
2022-11-11,132.10000610351562,135.4499969482422,130.0,131.0,128.8778533935547,26703,0.0,0.0
2022-11-14,128.14999389648438,130.9499969482422,125.05000305175781,128.85000610351562,126.7626724243164,19573,0.0,0.0
2022-11-15,127.94999694824219,130.6999969482422,127.25,128.75,126.66429138183594,4427,0.0,0.0
2022-11-16,130.64999389648438,131.5,126.19999694824219,127.0999984741211,125.041015625,9871,0.0,0.0
2022-11-17,127.55000305175781,129.75,127.5,127.6500015258789,125.58211517333984,5054,0.0,0.0
2022-11-18,129.0,129.4499969482422,126.30000305175781,127.4000015258789,125.33616638183594,5276,0.0,0.0
2022-11-21,129.1999969482422,132.0,128.5500030517578,130.64999389648438,128.53350830078125,7453,0.0,0.0
2022-11-22,132.3000030517578,132.3000030517578,126.5,127.4000015258789,125.33616638183594,17338,0.0,0.0
2022-11-23,127.6500015258789,129.1999969482422,127.1500015258789,127.75,125.68049621582031,2258,0.0,0.0
2022-11-24,129.64999389648438,130.5,127.75,128.5,126.41834259033203,4689,0.0,0.0
2022-11-25,128.1999969482422,137.89999389648438,128.0,132.75,130.5994873046875,99585,0.0,0.0
2022-11-28,133.25,133.9499969482422,130.5500030517578,133.0,130.84544372558594,17264,0.0,0.0
2022-11-29,134.8000030517578,134.8000030517578,133.0500030517578,134.1999969482422,132.0260009765625,8659,0.0,0.0
2022-11-30,135.39999389648438,138.8000030517578,134.0,134.64999389648438,132.4687042236328,23618,0.0,0.0
2022-12-01,136.64999389648438,137.9499969482422,134.1999969482422,136.6999969482422,134.48550415039062,16305,0.0,0.0
2022-12-02,135.0500030517578,137.0,134.5,135.0,132.81304931640625,17918,0.0,0.0
2022-12-05,136.9499969482422,138.0,134.0500030517578,135.85000610351562,133.64927673339844,44947,0.0,0.0
2022-12-06,134.3000030517578,138.0,132.0500030517578,136.1999969482422,133.9936065673828,20699,0.0,0.0
2022-12-07,137.89999389648438,137.89999389648438,134.25,134.9499969482422,132.76385498046875,6636,0.0,0.0
2022-12-08,136.1999969482422,137.0,134.3000030517578,136.5,134.2887420654297,18245,0.0,0.0
2022-12-09,137.0,137.0,130.75,133.35000610351562,131.1897735595703,14169,0.0,0.0
2022-12-12,135.3000030517578,138.64999389648438,132.0,138.0500030517578,135.8136444091797,29052,0.0,0.0
2022-12-13,139.9499969482422,144.0,137.0500030517578,141.0500030517578,138.76502990722656,56335,0.0,0.0
2022-12-14,140.25,143.0,139.5,142.1999969482422,139.8964080810547,33817,0.0,0.0
2022-12-15,141.0,142.9499969482422,136.25,138.8000030517578,136.55149841308594,13102,0.0,0.0
2022-12-16,140.85000610351562,140.85000610351562,135.0500030517578,137.5500030517578,135.3217315673828,23667,0.0,0.0
2022-12-19,138.89999389648438,143.6999969482422,135.25,142.5500030517578,140.24073791503906,29367,0.0,0.0
2022-12-20,144.89999389648438,148.0500030517578,137.14999389648438,139.60000610351562,137.3385467529297,57084,0.0,0.0
2022-12-21,144.0,144.0,134.3000030517578,136.5,134.2887420654297,23580,0.0,0.0
2022-12-22,136.10000610351562,140.6999969482422,130.5,133.25,131.0913848876953,25484,0.0,0.0
2022-12-23,130.4499969482422,130.4499969482422,121.94999694824219,123.25,121.25338745117188,17783,0.0,0.0
2022-12-26,123.0,131.9499969482422,123.0,128.75,126.66429138183594,15352,0.0,0.0
2022-12-27,130.64999389648438,135.60000610351562,127.05000305175781,133.64999389648438,131.4849090576172,16531,0.0,0.0
2022-12-28,132.75,137.60000610351562,131.9499969482422,133.39999389648438,131.2389678955078,10987,0.0,0.0
2022-12-29,135.1999969482422,135.35000610351562,131.0,132.8000030517578,130.648681640625,21140,0.0,0.0
2022-12-30,134.6999969482422,139.0,128.85000610351562,131.1999969482422,129.07460021972656,9539,0.0,0.0
2023-01-02,133.75,152.9499969482422,132.9499969482422,144.0,141.66725158691406,323096,0.0,0.0
2023-01-03,148.8000030517578,151.0,141.0,144.4499969482422,142.10995483398438,112110,0.0,0.0
2023-01-04,144.0,145.64999389648438,138.85000610351562,140.25,137.97799682617188,52257,0.0,0.0
2023-01-05,139.1999969482422,148.0,139.1999969482422,141.89999389648438,139.60125732421875,16432,0.0,0.0
2023-01-06,142.5,148.5,141.8000030517578,144.64999389648438,142.3067169189453,42837,0.0,0.0
2023-01-09,151.5,151.85000610351562,143.10000610351562,144.14999389648438,141.8148193359375,36147,0.0,0.0
2023-01-10,145.1999969482422,147.75,140.0,143.1999969482422,140.8802032470703,36709,0.0,0.0
2023-01-11,144.0500030517578,149.8000030517578,143.0,143.5500030517578,141.2245330810547,51095,0.0,0.0
2023-01-12,144.0,144.9499969482422,139.89999389648438,142.85000610351562,140.535888671875,18032,0.0,0.0
2023-01-13,144.8000030517578,144.89999389648438,140.60000610351562,143.60000610351562,141.27374267578125,9818,0.0,0.0
2023-01-16,145.5500030517578,145.5500030517578,142.25,143.0500030517578,140.73265075683594,10618,0.0,0.0
2023-01-17,144.6999969482422,144.6999969482422,140.1999969482422,142.64999389648438,140.33912658691406,10167,0.0,0.0
2023-01-18,143.0,145.5500030517578,141.0,145.39999389648438,143.0445556640625,27605,0.0,0.0
2023-01-19,144.0500030517578,171.0,143.35000610351562,160.39999389648438,157.80157470703125,635503,0.0,0.0
2023-01-20,162.0,192.4499969482422,162.0,186.5,183.478759765625,1643621,0.0,0.0
2023-01-23,185.0,188.5500030517578,172.0500030517578,173.64999389648438,170.8369140625,331666,0.0,0.0
2023-01-24,175.89999389648438,181.8000030517578,173.9499969482422,178.25,175.36241149902344,160058,0.0,0.0
2023-01-25,178.25,178.4499969482422,165.10000610351562,167.10000610351562,164.39305114746094,84462,0.0,0.0
2023-01-27,170.3000030517578,170.3000030517578,155.3000030517578,159.64999389648438,157.06370544433594,110557,0.0,0.0
2023-01-30,157.0,161.9499969482422,155.1999969482422,158.0,155.44046020507812,65191,0.0,0.0
2023-01-31,158.1999969482422,160.35000610351562,152.0,156.5,153.96475219726562,70445,0.0,0.0
2023-02-01,158.3000030517578,165.9499969482422,151.10000610351562,154.8000030517578,152.29229736328125,74193,0.0,0.0
2023-02-02,156.85000610351562,159.3000030517578,152.60000610351562,153.5500030517578,151.0625457763672,24583,0.0,0.0
2023-02-03,152.1999969482422,157.75,145.0,149.60000610351562,147.17654418945312,57737,0.0,0.0
2023-02-06,151.5500030517578,156.89999389648438,145.64999389648438,153.5500030517578,151.0625457763672,31777,0.0,0.0
2023-02-07,153.5,157.8000030517578,150.0,151.35000610351562,148.89817810058594,46033,0.0,0.0
2023-02-08,151.60000610351562,177.0,151.60000610351562,171.85000610351562,169.0660858154297,215493,0.0,0.0
2023-02-09,179.9499969482422,188.5,175.39999389648438,178.64999389648438,175.7559356689453,331865,0.0,0.0
2023-02-10,180.0,183.64999389648438,167.10000610351562,169.14999389648438,166.40982055664062,131527,0.0,0.0
2023-02-13,168.85000610351562,169.10000610351562,158.39999389648438,159.6999969482422,157.1129150390625,92949,0.0,0.0
2023-02-14,160.6999969482422,162.10000610351562,151.0,152.10000610351562,149.6360321044922,40698,0.0,0.0
2023-02-15,156.3000030517578,156.3000030517578,150.14999389648438,152.0500030517578,149.58685302734375,28817,0.0,0.0
2023-02-16,153.0,156.89999389648438,150.1999969482422,151.0,148.55386352539062,47029,0.0,0.0
2023-02-17,150.8000030517578,153.39999389648438,148.5,150.75,148.30789184570312,28979,0.0,0.0
2023-02-20,152.89999389648438,156.75,144.1999969482422,146.39999389648438,144.0283660888672,86658,0.0,0.0
2023-02-21,142.3000030517578,147.8000030517578,141.0500030517578,142.0,139.69964599609375,49751,0.0,0.0
2023-02-22,143.0,144.85000610351562,136.25,136.4499969482422,134.23956298828125,33788,0.0,0.0
2023-02-23,136.8000030517578,148.60000610351562,135.75,143.85000610351562,141.51968383789062,125749,0.0,0.0
2023-02-24,144.3000030517578,147.9499969482422,139.64999389648438,141.35000610351562,139.0601806640625,38467,0.0,0.0
2023-02-27,140.10000610351562,140.60000610351562,133.0,134.3000030517578,132.12440490722656,39790,0.0,0.0
2023-02-28,135.0,137.85000610351562,131.25,132.1999969482422,130.0583953857422,39202,0.0,0.0
2023-03-01,133.9499969482422,140.64999389648438,133.89999389648438,137.35000610351562,135.12498474121094,44891,0.0,0.0
2023-03-02,139.0500030517578,143.3000030517578,136.5500030517578,141.9499969482422,139.6504669189453,39451,0.0,0.0
2023-03-03,143.35000610351562,148.9499969482422,141.60000610351562,145.8000030517578,143.4381103515625,79027,0.0,0.0
2023-03-06,145.75,149.5,142.60000610351562,146.0500030517578,143.68405151367188,29763,0.0,0.0
2023-03-08,145.75,148.89999389648438,144.1999969482422,145.5500030517578,143.192138671875,19714,0.0,0.0
2023-03-09,147.0,153.0500030517578,143.0,143.75,141.42129516601562,40667,0.0,0.0
2023-03-10,142.0,145.39999389648438,139.5500030517578,142.0500030517578,139.74884033203125,20187,0.0,0.0
2023-03-13,141.0,145.85000610351562,131.5500030517578,133.35000610351562,131.1897735595703,62025,0.0,0.0
2023-03-14,134.0500030517578,137.9499969482422,133.75,134.8000030517578,132.61630249023438,35172,0.0,0.0
2023-03-15,135.8000030517578,143.8000030517578,134.60000610351562,139.6999969482422,137.4368896484375,50467,0.0,0.0
2023-03-16,137.89999389648438,137.89999389648438,134.85000610351562,136.3000030517578,134.0919952392578,18943,0.0,0.0
2023-03-17,138.25,139.0,134.10000610351562,135.9499969482422,133.7476348876953,14003,0.0,0.0
2023-03-20,147.9499969482422,148.0,130.1999969482422,131.60000610351562,129.4681396484375,34752,0.0,0.0
2023-03-21,133.5500030517578,136.5,132.0500030517578,134.6999969482422,132.51791381835938,22632,0.0,0.0
2023-03-22,136.60000610351562,136.60000610351562,131.0,131.5500030517578,129.4189453125,7721,0.0,0.0
2023-03-23,133.39999389648438,135.85000610351562,130.0,130.3000030517578,128.18919372558594,26408,0.0,0.0
2023-03-24,131.85000610351562,134.64999389648438,123.0,126.94999694824219,124.8934555053711,25432,0.0,0.0
2023-03-27,128.8000030517578,129.3000030517578,120.4000015258789,121.0999984741211,119.13822174072266,48298,0.0,0.0
2023-03-28,121.80000305175781,123.1500015258789,118.0,120.4000015258789,118.4495620727539,18342,0.0,0.0
2023-03-29,116.5,124.6500015258789,116.5,122.80000305175781,120.81068420410156,22710,0.0,0.0
2023-03-31,124.55000305175781,129.6999969482422,124.0,125.5999984741211,123.56532287597656,26848,0.0,0.0
2023-04-03,127.44999694824219,129.14999389648438,124.44999694824219,127.6500015258789,125.58211517333984,12312,0.0,0.0
2023-04-05,125.30000305175781,136.39999389648438,124.30000305175781,130.0500030517578,127.9432373046875,37513,0.0,0.0
2023-04-06,129.5,132.85000610351562,128.5,131.0,128.8778533935547,10149,0.0,0.0
2023-04-10,132.9499969482422,134.5,130.10000610351562,131.85000610351562,129.71408081054688,10420,0.0,0.0
2023-04-11,133.0,134.89999389648438,132.5,132.89999389648438,130.7470703125,14764,0.0,0.0
2023-04-12,133.0500030517578,134.6999969482422,132.10000610351562,134.0500030517578,131.87843322753906,12455,0.0,0.0
2023-04-13,133.89999389648438,136.5,129.14999389648438,131.9499969482422,129.8124542236328,16569,0.0,0.0
2023-04-17,132.1999969482422,140.0,131.5,136.0,133.79684448242188,18323,0.0,0.0
2023-04-18,135.0,137.6999969482422,134.9499969482422,136.39999389648438,134.19036865234375,5922,0.0,0.0
2023-04-19,135.14999389648438,144.39999389648438,135.14999389648438,139.1999969482422,136.94500732421875,45845,0.0,0.0
2023-04-20,139.6999969482422,141.60000610351562,132.10000610351562,134.39999389648438,132.22276306152344,28594,0.0,0.0
2023-04-21,135.0,139.10000610351562,134.25,134.64999389648438,132.4687042236328,14713,0.0,0.0
2023-04-24,134.5,139.85000610351562,132.5500030517578,138.89999389648438,136.6498565673828,27464,0.0,0.0
2023-04-25,138.89999389648438,140.85000610351562,136.0,138.64999389648438,136.40391540527344,16453,0.0,0.0
2023-04-26,138.4499969482422,140.0,136.0,136.9499969482422,134.73146057128906,5395,0.0,0.0
2023-04-27,138.64999389648438,143.14999389648438,137.10000610351562,141.10000610351562,138.81423950195312,18256,0.0,0.0
2023-04-28,143.14999389648438,144.8000030517578,138.0,142.6999969482422,140.3883056640625,16428,0.0,0.0
2023-05-02,142.6999969482422,144.5,138.5,140.75,138.4698944091797,20241,0.0,0.0
2023-05-03,140.39999389648438,143.39999389648438,137.0,138.60000610351562,136.354736328125,18540,0.0,0.0
2023-05-04,139.5500030517578,144.4499969482422,139.5,142.85000610351562,140.535888671875,12399,0.0,0.0
2023-05-05,141.60000610351562,144.10000610351562,139.0,139.85000610351562,137.58448791503906,7454,0.0,0.0
2023-05-08,140.5,143.85000610351562,139.10000610351562,140.1999969482422,137.92880249023438,9973,0.0,0.0
2023-05-09,139.39999389648438,143.89999389648438,139.35000610351562,140.8000030517578,138.5190887451172,15285,0.0,0.0
2023-05-10,140.6999969482422,142.4499969482422,139.0,140.60000610351562,138.3223419189453,3990,0.0,0.0
2023-05-11,139.0,143.5,139.0,141.85000610351562,139.5520782470703,10286,0.0,0.0
2023-05-12,140.25,143.75,140.0500030517578,141.8000030517578,139.50289916992188,2809,0.0,0.0
2023-05-15,144.3000030517578,144.3000030517578,138.10000610351562,139.60000610351562,137.3385467529297,20801,0.0,0.0
2023-05-16,139.10000610351562,142.9499969482422,138.0500030517578,139.3000030517578,137.04339599609375,6720,0.0,0.0
2023-05-17,139.0500030517578,141.89999389648438,137.10000610351562,138.25,136.01040649414062,15756,0.0,0.0
2023-05-18,138.5500030517578,144.39999389648438,138.3000030517578,139.60000610351562,137.3385467529297,20859,0.0,0.0
2023-05-19,140.5,142.3000030517578,137.35000610351562,138.85000610351562,136.60069274902344,8516,0.0,0.0
2023-05-22,140.0,142.6999969482422,136.3000030517578,142.0500030517578,139.74884033203125,18160,0.0,0.0
2023-05-23,140.10000610351562,162.8000030517578,139.3000030517578,153.1999969482422,150.7182159423828,244872,0.0,0.0
2023-05-24,153.25,158.6999969482422,153.0,154.60000610351562,152.0955352783203,48583,0.0,0.0
2023-05-25,155.5500030517578,159.85000610351562,153.1999969482422,155.6999969482422,153.17770385742188,38326,0.0,0.0
2023-05-26,153.9499969482422,170.75,153.9499969482422,163.8000030517578,161.14649963378906,150489,0.0,0.0
2023-05-29,159.75,159.75,142.60000610351562,143.9499969482422,141.61805725097656,150132,0.0,0.0
2023-05-30,143.9499969482422,147.0,138.0,139.0,136.7482452392578,52017,0.0,0.0
2023-05-31,141.0500030517578,142.1999969482422,137.35000610351562,139.8000030517578,137.5352783203125,26368,0.0,0.0
2023-06-01,141.8000030517578,143.8000030517578,139.1999969482422,140.6999969482422,138.42071533203125,16930,0.0,0.0
2023-06-02,142.0,142.6999969482422,137.25,138.6999969482422,136.45309448242188,24094,0.0,0.0
2023-06-05,138.0,141.6999969482422,135.1999969482422,136.8000030517578,134.58387756347656,44281,0.0,0.0
2023-06-06,136.9499969482422,138.8000030517578,136.0500030517578,137.10000610351562,134.8790283203125,21268,0.0,0.0
2023-06-07,137.3000030517578,150.89999389648438,137.3000030517578,144.4499969482422,142.10995483398438,125939,0.0,0.0
2023-06-08,148.25,149.0,143.3000030517578,144.9499969482422,142.60186767578125,56085,0.0,0.0
2023-06-09,146.5,146.5,142.10000610351562,143.9499969482422,141.61805725097656,11290,0.0,0.0
2023-06-12,145.5,145.5,142.10000610351562,143.35000610351562,141.0277862548828,20631,0.0,0.0
2023-06-13,144.9499969482422,148.8000030517578,144.0500030517578,144.89999389648438,142.5526580810547,42057,0.0,0.0
2023-06-14,144.9499969482422,148.0,142.5,143.0,140.68344116210938,33286,0.0,0.0
2023-06-15,144.9499969482422,144.9499969482422,141.85000610351562,143.89999389648438,141.56886291503906,14257,0.0,0.0
2023-06-16,144.14999389648438,145.4499969482422,142.10000610351562,142.75,140.4375,6747,0.0,0.0
2023-06-19,143.5,144.75,142.0500030517578,142.64999389648438,140.33912658691406,12864,0.0,0.0
2023-06-20,144.14999389648438,144.4499969482422,141.0500030517578,143.60000610351562,141.27374267578125,6480,0.0,0.0
2023-06-21,143.75,144.0,142.14999389648438,142.1999969482422,139.8964080810547,4588,0.0,0.0
2023-06-22,143.3000030517578,146.8000030517578,141.0,141.8000030517578,139.50289916992188,15648,0.0,0.0
2023-06-23,141.25,142.1999969482422,136.85000610351562,138.10000610351562,135.8628387451172,17074,0.0,0.0
2023-06-26,138.14999389648438,140.0,137.10000610351562,137.85000610351562,135.61688232421875,3828,0.0,0.0
2023-06-27,138.8000030517578,141.4499969482422,137.5500030517578,138.60000610351562,136.354736328125,5854,0.0,0.0
2023-06-28,139.10000610351562,141.5,137.3000030517578,137.8000030517578,135.5677032470703,11053,0.0,0.0
2023-06-30,139.0,139.1999969482422,136.3000030517578,137.1999969482422,134.97740173339844,6648,0.0,0.0
2023-07-03,139.25,139.25,134.14999389648438,135.0,132.81304931640625,21993,0.0,0.0
2023-07-04,134.60000610351562,138.0,134.60000610351562,135.4499969482422,133.25575256347656,12290,0.0,0.0
2023-07-05,137.4499969482422,147.0,137.4499969482422,143.4499969482422,141.1261749267578,91586,0.0,0.0
2023-07-06,144.89999389648438,146.9499969482422,142.60000610351562,145.5500030517578,143.192138671875,45769,0.0,0.0
2023-07-07,145.89999389648438,147.60000610351562,143.10000610351562,144.0,141.66725158691406,34921,0.0,0.0
2023-07-10,145.0,162.9499969482422,142.0,153.0500030517578,150.57064819335938,246221,0.0,0.0
2023-07-11,155.5,167.5,153.89999389648438,162.3000030517578,159.67080688476562,244401,0.0,0.0
2023-07-12,162.9499969482422,170.0,162.5,164.5,161.83514404296875,99925,0.0,0.0
2023-07-13,165.60000610351562,168.0,158.0,161.39999389648438,158.78536987304688,74596,0.0,0.0
2023-07-14,163.6999969482422,164.9499969482422,160.0500030517578,161.85000610351562,159.22808837890625,16828,0.0,0.0
2023-07-17,164.5,164.5,159.5500030517578,160.0500030517578,157.45726013183594,45776,0.0,0.0
2023-07-18,161.5500030517578,162.14999389648438,151.25,153.0500030517578,150.57064819335938,51577,0.0,0.0
2023-07-19,152.4499969482422,158.8000030517578,151.1999969482422,156.14999389648438,153.6204071044922,24918,0.0,0.0
2023-07-20,154.1999969482422,158.4499969482422,152.60000610351562,153.6999969482422,151.21009826660156,36408,0.0,0.0
2023-07-21,154.85000610351562,157.1999969482422,153.0500030517578,153.39999389648438,150.91497802734375,15755,0.0,0.0
2023-07-24,152.0500030517578,155.35000610351562,151.5,151.89999389648438,149.43927001953125,12362,0.0,0.0
2023-07-25,153.0,162.9499969482422,152.6999969482422,156.60000610351562,154.0631561279297,130818,0.0,0.0
2023-07-26,157.89999389648438,159.85000610351562,155.3000030517578,157.0500030517578,154.50584411621094,30635,0.0,0.0
2023-07-27,159.1999969482422,159.1999969482422,153.10000610351562,154.0,151.5052490234375,46155,0.0,0.0
2023-07-28,154.10000610351562,155.5500030517578,151.0,152.0500030517578,149.58685302734375,29931,0.0,0.0
2023-07-31,157.0,157.0,152.35000610351562,154.6999969482422,152.1939239501953,35204,0.0,0.0
2023-08-01,154.25,156.8000030517578,152.6999969482422,153.35000610351562,150.86578369140625,45109,0.0,0.0
2023-08-02,151.4499969482422,155.0,146.0500030517578,148.1999969482422,145.79920959472656,31078,0.0,0.0
2023-08-03,153.0,153.0,147.5,148.64999389648438,146.24191284179688,30528,0.0,0.0
2023-08-04,152.35000610351562,152.9499969482422,146.5,147.60000610351562,145.20892333984375,42807,0.0,0.0
2023-08-07,150.89999389648438,177.10000610351562,145.64999389648438,177.10000610351562,174.23104858398438,593523,0.0,0.0
2023-08-08,209.9499969482422,212.5,183.1999969482422,212.5,209.0575714111328,858075,0.0,0.0
2023-08-09,223.0,251.89999389648438,221.39999389648438,224.1999969482422,220.5680389404297,1125003,0.0,0.0
2023-08-10,221.0,221.0,203.1999969482422,208.25,204.87643432617188,112252,0.0,0.0
2023-08-11,201.8000030517578,207.6999969482422,197.85000610351562,197.85000610351562,194.64491271972656,26623,0.0,0.0
2023-08-14,188.14999389648438,188.14999389648438,187.9499969482422,187.9499969482422,184.9052734375,7724,0.0,0.0
2023-08-16,178.5500030517578,193.0,178.5500030517578,183.0500030517578,180.0846710205078,31717,0.0,0.0
2023-08-17,180.0,183.9499969482422,173.89999389648438,176.0,173.14886474609375,39363,0.0,0.0
2023-08-18,176.0,176.0,167.1999969482422,167.39999389648438,164.6881866455078,33372,0.0,0.0
2023-08-21,168.5500030517578,174.89999389648438,168.0,168.89999389648438,166.16387939453125,28152,0.0,0.0
2023-08-22,170.0,173.3000030517578,168.0,171.75,168.9676971435547,10702,0.0,0.0
2023-08-23,171.75,178.89999389648438,171.75,177.75,174.87049865722656,15950,0.0,0.0
2023-08-24,178.0,186.60000610351562,174.0,186.60000610351562,183.5771484375,22824,0.0,0.0
2023-08-25,189.9499969482422,195.89999389648438,189.0,194.3000030517578,191.15240478515625,41200,0.0,0.0
2023-08-28,194.3000030517578,204.0,187.10000610351562,201.3000030517578,198.0390167236328,28983,0.0,0.0
2023-08-29,197.3000030517578,198.0,197.3000030517578,197.3000030517578,194.10382080078125,5608,0.0,0.0
2023-08-30,193.35000610351562,193.35000610351562,193.35000610351562,193.35000610351562,190.21778869628906,1582,0.0,0.0
2023-08-31,189.5,189.5,189.5,189.5,186.43017578125,1802,0.0,0.0
2023-09-01,185.75,185.75,185.75,185.75,182.7409210205078,3460,0.0,0.0
2023-09-04,182.3000030517578,185.39999389648438,182.0500030517578,182.3000030517578,179.3468017578125,1641,0.0,0.0
2023-09-05,178.64999389648438,180.0,178.64999389648438,178.64999389648438,175.7559356689453,1899,0.0,0.0
2023-09-06,175.10000610351562,175.5,175.10000610351562,175.10000610351562,172.26345825195312,1839,0.0,0.0
2023-09-07,178.5,178.60000610351562,178.39999389648438,178.5,175.6083526611328,9096,0.0,0.0
2023-09-08,174.9499969482422,177.89999389648438,174.9499969482422,174.9499969482422,172.11587524414062,1900,0.0,0.0
2023-09-11,171.0,171.5,170.5,171.0,169.1969757080078,7250,1.0,0.0
2023-09-12,167.60000610351562,169.89999389648438,167.60000610351562,167.60000610351562,165.83282470703125,1615,0.0,0.0
2023-09-13,166.0,166.0,164.25,166.0,164.24969482421875,8061,0.0,0.0
2023-09-14,167.85000610351562,167.85000610351562,167.0,167.85000610351562,166.0802001953125,6544,0.0,0.0
2023-09-15,169.0,169.85000610351562,167.85000610351562,169.0,167.2180633544922,3636,0.0,0.0
2023-09-18,167.0,168.89999389648438,167.0,167.0,165.23915100097656,2339,0.0,0.0
2023-09-20,168.0,168.0,165.0,168.0,166.2285919189453,4242,0.0,0.0
2023-09-21,166.10000610351562,169.75,166.10000610351562,166.10000610351562,164.3486328125,321,0.0,0.0
2023-09-22,163.0,164.0,162.8000030517578,163.0,161.2813262939453,5228,0.0,0.0
2023-09-25,164.0500030517578,165.4499969482422,164.0,164.0500030517578,162.32025146484375,1276,0.0,0.0
2023-09-26,161.64999389648438,162.9499969482422,161.64999389648438,161.64999389648438,159.945556640625,2051,0.0,0.0
2023-09-27,161.64999389648438,161.64999389648438,159.5,161.64999389648438,159.945556640625,2050,0.0,0.0
2023-09-28,160.14999389648438,162.9499969482422,160.14999389648438,160.14999389648438,158.4613800048828,4345,0.0,0.0
2023-09-29,162.89999389648438,163.0,161.5,162.89999389648438,161.182373046875,1990,0.0,0.0
2023-10-03,163.0,169.0,161.25,167.6999969482422,165.93177795410156,6003,0.0,0.0
2023-10-04,167.6999969482422,171.0,165.6999969482422,170.25,168.4548797607422,5385,0.0,0.0
2023-10-05,170.0,178.75,170.0,177.64999389648438,175.77685546875,9103,0.0,0.0
2023-10-06,178.3000030517578,184.89999389648438,178.3000030517578,180.6999969482422,178.79469299316406,7619,0.0,0.0
2023-10-09,172.5500030517578,178.0,171.6999969482422,172.64999389648438,170.82957458496094,6723,0.0,0.0
2023-10-10,173.89999389648438,175.10000610351562,168.10000610351562,171.10000610351562,169.29592895507812,2786,0.0,0.0
2023-10-11,170.0,176.9499969482422,168.10000610351562,175.0500030517578,173.2042694091797,4798,0.0,0.0
2023-10-12,174.9499969482422,176.8000030517578,173.0,173.35000610351562,171.52220153808594,1988,0.0,0.0
2023-10-13,170.0500030517578,175.75,167.0500030517578,174.4499969482422,172.61058044433594,2342,0.0,0.0
2023-10-16,174.9499969482422,182.6999969482422,170.5,179.9499969482422,178.05259704589844,10983,0.0,0.0
2023-10-17,180.0,184.60000610351562,175.25,176.14999389648438,174.29266357421875,4818,0.0,0.0
2023-10-18,176.5,182.0,175.0,175.0,173.15478515625,2098,0.0,0.0
2023-10-19,175.0,178.0,174.9499969482422,175.0,173.15478515625,3876,0.0,0.0
2023-10-20,175.0,177.89999389648438,168.89999389648438,169.85000610351562,168.05911254882812,5026,0.0,0.0
2023-10-23,165.14999389648438,170.39999389648438,161.5500030517578,161.85000610351562,160.14344787597656,3995,0.0,0.0
2023-10-25,156.1999969482422,167.3000030517578,156.1999969482422,162.10000610351562,160.3908233642578,3350,0.0,0.0
2023-10-26,162.10000610351562,169.0,154.0,166.0,164.24969482421875,5823,0.0,0.0
2023-10-27,169.0,171.5,161.25,170.1999969482422,168.4053955078125,4293,0.0,0.0
2023-10-30,170.1999969482422,174.89999389648438,170.0,172.0,170.18643188476562,776,0.0,0.0
2023-10-31,171.9499969482422,177.0,171.9499969482422,173.5,171.6706085205078,2510,0.0,0.0
2023-11-01,171.1999969482422,179.0,171.1999969482422,173.5,171.6706085205078,2099,0.0,0.0
2023-11-02,178.0,178.0,173.0,176.25,174.39161682128906,3312,0.0,0.0
2023-11-03,177.0,180.0,173.5,175.3000030517578,173.45162963867188,4689,0.0,0.0
2023-11-06,176.0,180.0,173.25,175.89999389648438,174.04530334472656,1774,0.0,0.0
2023-11-07,172.39999389648438,178.39999389648438,172.39999389648438,174.0500030517578,172.21481323242188,2254,0.0,0.0
2023-11-08,174.0500030517578,180.25,173.0,175.9499969482422,174.0947723388672,6023,0.0,0.0
2023-11-09,175.9499969482422,178.5,174.5,177.14999389648438,175.28211975097656,3808,0.0,0.0
2023-11-10,173.39999389648438,177.0,170.25,175.89999389648438,174.04530334472656,2984,0.0,0.0
2023-11-13,179.5,197.4499969482422,179.5,197.4499969482422,195.36807250976562,80613,0.0,0.0
2023-11-15,209.0,217.14999389648438,188.39999389648438,212.6999969482422,210.45729064941406,212975,0.0,0.0
2023-11-16,224.0,224.0,212.39999389648438,220.0,217.68031311035156,137282,0.0,0.0
2023-11-17,217.6999969482422,234.39999389648438,215.10000610351562,225.39999389648438,223.0233612060547,111622,0.0,0.0
2023-11-20,224.8000030517578,224.8000030517578,214.14999389648438,215.75,213.47512817382812,30603,0.0,0.0
2023-11-21,218.9499969482422,218.9499969482422,205.0,205.0,202.83847045898438,28556,0.0,0.0
2023-11-22,201.3000030517578,204.85000610351562,194.75,195.5,193.4386444091797,23471,0.0,0.0
2023-11-23,200.0,202.4499969482422,196.0,197.35000610351562,195.26913452148438,11285,0.0,0.0
2023-11-24,200.14999389648438,200.3000030517578,195.0,196.10000610351562,194.03231811523438,5399,0.0,0.0
2023-11-28,196.0,196.0,190.3000030517578,191.6999969482422,189.67869567871094,7741,0.0,0.0
2023-11-29,191.6999969482422,201.25,182.14999389648438,199.3000030517578,197.19857788085938,85642,0.0,0.0
2023-11-30,203.0,206.39999389648438,195.6999969482422,197.14999389648438,195.0712432861328,22163,0.0,0.0
2023-12-01,204.14999389648438,207.0,197.89999389648438,203.0500030517578,200.90904235839844,56411,0.0,0.0
2023-12-04,207.0,207.0,198.0,200.10000610351562,197.99014282226562,15074,0.0,0.0
2023-12-05,201.35000610351562,204.9499969482422,198.5,200.5500030517578,198.43540954589844,11692,0.0,0.0
2023-12-06,205.0,205.0,196.0,196.9499969482422,194.87335205078125,12051,0.0,0.0
2023-12-07,198.0,216.60000610351562,197.0,204.85000610351562,202.6900634765625,70533,0.0,0.0
2023-12-08,213.85000610351562,213.85000610351562,200.0,201.10000610351562,198.9796142578125,9467,0.0,0.0
2023-12-11,202.1999969482422,205.89999389648438,196.10000610351562,198.5,196.40701293945312,16264,0.0,0.0
2023-12-12,210.0,210.8000030517578,199.10000610351562,200.10000610351562,197.99014282226562,17022,0.0,0.0
2023-12-13,200.10000610351562,208.89999389648438,196.9499969482422,204.35000610351562,202.19532775878906,75930,0.0,0.0
2023-12-14,204.64999389648438,214.8000030517578,202.5500030517578,210.1999969482422,207.983642578125,56196,0.0,0.0
2023-12-15,214.25,214.25,206.89999389648438,207.35000610351562,205.1636962890625,12920,0.0,0.0
2023-12-18,207.35000610351562,211.60000610351562,202.0,204.89999389648438,202.73951721191406,11229,0.0,0.0
2023-12-19,202.0,207.85000610351562,202.0,203.4499969482422,201.30482482910156,5566,0.0,0.0
2023-12-20,211.6999969482422,211.6999969482422,190.25,192.1999969482422,190.17344665527344,19866,0.0,0.0
2023-12-21,190.0,197.4499969482422,186.35000610351562,195.1999969482422,193.1417999267578,5822,0.0,0.0
2023-12-22,198.14999389648438,201.89999389648438,195.89999389648438,200.39999389648438,198.28697204589844,6963,0.0,0.0
2023-12-26,205.0,205.0,197.0,199.60000610351562,197.49542236328125,7147,0.0,0.0
2023-12-27,199.60000610351562,205.4499969482422,196.64999389648438,197.64999389648438,195.5659637451172,4952,0.0,0.0
2023-12-28,195.39999389648438,214.64999389648438,195.39999389648438,204.6999969482422,202.54164123535156,43594,0.0,0.0
2023-12-29,206.10000610351562,207.0,203.0500030517578,203.9499969482422,201.79954528808594,5462,0.0,0.0
2024-01-01,204.14999389648438,210.0,198.39999389648438,199.89999389648438,197.79225158691406,28070,0.0,0.0
2024-01-02,202.0,202.0,196.0,197.5,195.4175567626953,13475,0.0,0.0
2024-01-03,203.8000030517578,203.8000030517578,197.5500030517578,200.0,197.89120483398438,8110,0.0,0.0
2024-01-04,202.0,205.0,198.10000610351562,199.0,196.9017333984375,14898,0.0,0.0
2024-01-05,203.0,203.8000030517578,196.0,196.60000610351562,194.5270538330078,11745,0.0,0.0
2024-01-08,204.9499969482422,204.9499969482422,188.5500030517578,190.64999389648438,188.6397705078125,17055,0.0,0.0
2024-01-09,190.64999389648438,198.4499969482422,190.64999389648438,196.5500030517578,194.47756958007812,5529,0.0,0.0
2024-01-10,196.60000610351562,196.8000030517578,188.9499969482422,192.35000610351562,190.32186889648438,11359,0.0,0.0
2024-01-11,194.0,196.0,193.0500030517578,194.85000610351562,192.79550170898438,3673,0.0,0.0
2024-01-12,196.85000610351562,199.4499969482422,194.5,197.0,194.92283630371094,5090,0.0,0.0
2024-01-15,199.0,203.85000610351562,191.35000610351562,196.0500030517578,193.98284912109375,7275,0.0,0.0
2024-01-16,202.5,202.5,194.0,194.25,192.2018280029297,4820,0.0,0.0
2024-01-17,196.0,196.0,189.10000610351562,189.5,187.50192260742188,7418,0.0,0.0
2024-01-18,189.5500030517578,194.75,186.0500030517578,188.64999389648438,186.66087341308594,5457,0.0,0.0
2024-01-19,188.6999969482422,195.0,188.6999969482422,193.3000030517578,191.26185607910156,5397,0.0,0.0
2024-01-23,205.0,205.0,191.3000030517578,191.60000610351562,189.57977294921875,8562,0.0,0.0
2024-01-24,197.85000610351562,197.85000610351562,192.25,193.60000610351562,191.55868530273438,1477,0.0,0.0
2024-01-25,196.39999389648438,196.9499969482422,192.60000610351562,193.3000030517578,191.26185607910156,2705,0.0,0.0
2024-01-29,198.89999389648438,210.89999389648438,193.1999969482422,202.9499969482422,200.81008911132812,38073,0.0,0.0
2024-01-30,204.5500030517578,205.0,198.3000030517578,200.75,198.63328552246094,36828,0.0,0.0
2024-01-31,204.6999969482422,204.9499969482422,200.25,203.4499969482422,201.30482482910156,21132,0.0,0.0
2024-02-01,206.0,206.0,201.14999389648438,202.1999969482422,200.0679931640625,9170,0.0,0.0
2024-02-02,202.25,218.6999969482422,199.0,207.0,204.81739807128906,134272,0.0,0.0
2024-02-05,210.0,215.0,200.0,202.5500030517578,200.414306640625,32421,0.0,0.0
2024-02-06,206.0,207.0,201.0,204.4499969482422,202.2942657470703,21842,0.0,0.0
2024-02-07,210.0,215.0,207.10000610351562,209.8000030517578,207.58786010742188,56134,0.0,0.0
2024-02-08,217.0,217.0,202.10000610351562,203.0500030517578,200.90904235839844,23758,0.0,0.0
2024-02-09,210.89999389648438,210.89999389648438,197.3000030517578,198.1999969482422,196.11016845703125,15002,0.0,0.0
2024-02-12,192.0,193.8000030517578,181.1999969482422,183.6999969482422,181.7630615234375,37514,0.0,0.0
2024-02-13,184.85000610351562,184.85000610351562,175.35000610351562,178.10000610351562,176.2221221923828,11497,0.0,0.0
2024-02-14,183.0,183.0,177.0,181.39999389648438,179.48731994628906,11517,0.0,0.0
2024-02-15,182.0,184.9499969482422,181.9499969482422,184.14999389648438,182.20831298828125,11337,0.0,0.0
2024-02-16,184.35000610351562,193.6999969482422,184.35000610351562,188.39999389648438,186.41351318359375,13656,0.0,0.0
2024-02-19,192.9499969482422,198.4499969482422,188.39999389648438,197.89999389648438,195.81332397460938,34036,0.0,0.0
2024-02-20,200.0,210.0500030517578,199.0500030517578,206.3000030517578,204.12477111816406,79433,0.0,0.0
2024-02-21,204.0,213.8000030517578,202.0500030517578,203.25,201.10693359375,29016,0.0,0.0
2024-02-22,204.9499969482422,213.0,199.5500030517578,209.5500030517578,207.3404998779297,40450,0.0,0.0
2024-02-23,211.0,214.39999389648438,207.0500030517578,208.60000610351562,206.40052795410156,19229,0.0,0.0
2024-02-26,209.9499969482422,211.0,204.5500030517578,205.10000610351562,202.93743896484375,5782,0.0,0.0
2024-02-27,208.0,208.0,199.0500030517578,204.14999389648438,201.9974365234375,11656,0.0,0.0
2024-02-28,200.10000610351562,203.8000030517578,189.10000610351562,191.8000030517578,189.7776641845703,24345,0.0,0.0
2024-02-29,191.89999389648438,197.75,190.39999389648438,194.5500030517578,192.49867248535156,7283,0.0,0.0
2024-03-01,196.60000610351562,216.89999389648438,196.60000610351562,206.89999389648438,204.7184295654297,85965,0.0,0.0
2024-03-04,217.0,222.5,211.10000610351562,213.5500030517578,211.29832458496094,41759,0.0,0.0
2024-03-05,213.5500030517578,214.5,207.10000610351562,207.39999389648438,205.21316528320312,17957,0.0,0.0
2024-03-06,205.1999969482422,209.64999389648438,198.0,199.75,197.6438446044922,18193,0.0,0.0
2024-03-07,199.0,205.6999969482422,199.0,203.6999969482422,201.55218505859375,9735,0.0,0.0
2024-03-11,207.0,207.0,193.25,194.8000030517578,192.74603271484375,6475,0.0,0.0
2024-03-12,200.3000030517578,200.3000030517578,184.0500030517578,187.35000610351562,185.3745880126953,19082,0.0,0.0
2024-03-13,189.6999969482422,191.60000610351562,159.9499969482422,162.5500030517578,160.83607482910156,28766,0.0,0.0
2024-03-14,159.0,174.8000030517578,159.0,173.39999389648438,171.5716552734375,26581,0.0,0.0
2024-03-15,175.89999389648438,176.4499969482422,169.0500030517578,171.1999969482422,169.39486694335938,6256,0.0,0.0
2024-03-18,171.1999969482422,177.39999389648438,171.1999969482422,174.25,172.41270446777344,4784,0.0,0.0
2024-03-19,178.8000030517578,180.0,162.8000030517578,164.8000030517578,163.06234741210938,11879,0.0,0.0
2024-03-20,164.8000030517578,170.25,164.8000030517578,165.6999969482422,163.95285034179688,7824,0.0,0.0
2024-03-21,169.64999389648438,175.0,168.60000610351562,173.5,171.6706085205078,20933,0.0,0.0
2024-03-22,173.5,176.60000610351562,170.85000610351562,172.35000610351562,170.53274536132812,15095,0.0,0.0
2024-03-26,173.10000610351562,179.60000610351562,172.0,173.14999389648438,171.3242950439453,18330,0.0,0.0
2024-03-27,175.8000030517578,176.3000030517578,171.85000610351562,174.25,172.41270446777344,15202,0.0,0.0
2024-03-28,178.0,181.0,172.1999969482422,173.75,171.91796875,25616,0.0,0.0
2024-04-01,176.0,186.75,175.0500030517578,184.6999969482422,182.7525177001953,16402,0.0,0.0
2024-04-02,184.0,195.9499969482422,180.0,193.14999389648438,191.11341857910156,39656,0.0,0.0
2024-04-03,196.8000030517578,196.8000030517578,189.0500030517578,193.8000030517578,191.75657653808594,7863,0.0,0.0
2024-04-04,193.85000610351562,196.9499969482422,192.0,192.5500030517578,190.51974487304688,9853,0.0,0.0
2024-04-05,196.0,196.9499969482422,191.5500030517578,195.35000610351562,193.2902374267578,8241,0.0,0.0
2024-04-08,201.6999969482422,201.6999969482422,192.10000610351562,192.85000610351562,190.81658935546875,7566,0.0,0.0
2024-04-09,193.0500030517578,196.35000610351562,187.0500030517578,188.5,186.512451171875,11734,0.0,0.0
2024-04-10,195.3000030517578,195.3000030517578,189.0,190.3000030517578,188.29348754882812,18073,0.0,0.0
2024-04-12,191.10000610351562,194.1999969482422,188.0,188.6999969482422,186.71034240722656,3595,0.0,0.0
2024-04-15,182.0,192.0,181.0,182.3000030517578,180.37782287597656,9849,0.0,0.0
2024-04-16,184.39999389648438,189.1999969482422,181.5500030517578,184.64999389648438,182.7030487060547,3370,0.0,0.0
2024-04-18,184.85000610351562,188.25,183.1999969482422,183.75,181.81253051757812,3218,0.0,0.0
2024-04-19,182.0500030517578,184.5500030517578,175.60000610351562,181.89999389648438,179.98204040527344,5434,0.0,0.0
2024-04-22,181.89999389648438,188.0,181.0500030517578,186.64999389648438,184.68194580078125,7460,0.0,0.0
2024-04-23,189.0500030517578,193.3000030517578,183.85000610351562,185.8000030517578,183.84092712402344,11209,0.0,0.0
2024-04-24,188.9499969482422,191.9499969482422,185.85000610351562,187.75,185.77035522460938,4400,0.0,0.0
2024-04-25,187.75,189.4499969482422,184.60000610351562,186.0,184.038818359375,4311,0.0,0.0
2024-04-26,183.0500030517578,188.4499969482422,183.0500030517578,183.75,181.81253051757812,7494,0.0,0.0
2024-04-29,189.0,189.0,184.0,185.0,183.04934692382812,5833,0.0,0.0
2024-04-30,187.9499969482422,222.0,185.9499969482422,222.0,219.6592254638672,349859,0.0,0.0
2024-05-02,234.0,234.0,215.0,224.3000030517578,221.93496704101562,271845,0.0,0.0
2024-05-03,229.89999389648438,229.89999389648438,215.5,217.64999389648438,215.35508728027344,41970,0.0,0.0
2024-05-06,214.3000030517578,220.5,207.39999389648438,209.14999389648438,206.94471740722656,29261,0.0,0.0
2024-05-07,214.0500030517578,214.89999389648438,202.39999389648438,207.0,204.81739807128906,14602,0.0,0.0
2024-05-08,207.1999969482422,211.4499969482422,200.0500030517578,208.10000610351562,205.9058074951172,24884,0.0,0.0
2024-05-09,206.0500030517578,208.0,191.0,194.60000610351562,192.5481414794922,22292,0.0,0.0
2024-05-10,193.0,198.1999969482422,186.5500030517578,193.10000610351562,191.06394958496094,13977,0.0,0.0
2024-05-13,190.10000610351562,199.9499969482422,187.0500030517578,197.1999969482422,195.12071228027344,29597,0.0,0.0
2024-05-14,201.14999389648438,208.0,195.3000030517578,206.89999389648438,204.7184295654297,20759,0.0,0.0
2024-05-15,210.0,210.0,204.75,207.0500030517578,204.86685180664062,15149,0.0,0.0
2024-05-16,206.0,210.35000610351562,202.5,206.10000610351562,203.9268798828125,14680,0.0,0.0
2024-05-17,202.1999969482422,211.10000610351562,202.1999969482422,209.0500030517578,206.8457794189453,13227,0.0,0.0
2024-05-21,205.10000610351562,209.39999389648438,198.0,199.0500030517578,196.9512176513672,27878,0.0,0.0
2024-05-22,201.8000030517578,204.9499969482422,199.3000030517578,200.14999389648438,198.03961181640625,17591,0.0,0.0
2024-05-23,201.25,204.8000030517578,199.1999969482422,201.8000030517578,199.67222595214844,7648,0.0,0.0
2024-05-24,200.4499969482422,206.0,200.25,201.10000610351562,198.9796142578125,10129,0.0,0.0
2024-05-27,197.9499969482422,203.8000030517578,186.3000030517578,191.4499969482422,189.43133544921875,22263,0.0,0.0
2024-05-28,194.0,202.9499969482422,191.60000610351562,195.1999969482422,193.1417999267578,14665,0.0,0.0
2024-05-29,196.14999389648438,203.64999389648438,194.4499969482422,199.5500030517578,197.44593811035156,15984,0.0,0.0
2024-05-30,197.0500030517578,200.0,190.0,195.0500030517578,192.99339294433594,32541,0.0,0.0
2024-05-31,189.0,192.9499969482422,184.5500030517578,189.60000610351562,187.60086059570312,29573,0.0,0.0
2024-06-03,202.89999389648438,202.89999389648438,188.75,190.4499969482422,188.44189453125,20591,0.0,0.0
2024-06-04,194.8000030517578,194.8000030517578,170.25,177.75,175.87579345703125,30340,0.0,0.0
2024-06-05,178.39999389648438,187.0,178.39999389648438,183.14999389648438,181.21885681152344,9463,0.0,0.0
2024-06-06,187.0,189.89999389648438,182.3000030517578,188.0,186.01771545410156,9245,0.0,0.0
2024-06-07,189.5500030517578,192.0,186.1999969482422,188.64999389648438,186.66087341308594,6566,0.0,0.0
2024-06-10,192.6999969482422,192.6999969482422,185.60000610351562,189.19000244140625,187.19517517089844,8293,0.0,0.0
2024-06-11,189.38999938964844,193.0,188.47999572753906,190.24000549316406,188.23410034179688,7182,0.0,0.0
2024-06-12,193.6999969482422,193.6999969482422,188.33999633789062,189.58999633789062,187.59095764160156,4878,0.0,0.0
2024-06-13,192.30999755859375,195.8000030517578,190.80999755859375,194.16000366210938,192.11277770996094,8025,0.0,0.0
2024-06-14,195.5,196.89999389648438,190.72999572753906,195.6300048828125,193.56729125976562,9491,0.0,0.0
2024-06-18,196.66000366210938,200.5,195.10000610351562,199.2100067138672,197.10952758789062,15284,0.0,0.0
2024-06-19,200.88999938964844,202.0,196.1999969482422,197.94000244140625,195.85292053222656,8402,0.0,0.0
2024-06-20,198.05999755859375,204.0,197.13999938964844,201.85000610351562,199.72169494628906,8320,0.0,0.0
2024-06-21,201.7100067138672,202.49000549316406,192.8000030517578,196.3699951171875,194.29946899414062,12030,0.0,0.0
2024-06-24,196.8000030517578,196.8000030517578,190.10000610351562,191.9600067138672,189.93597412109375,10412,0.0,0.0
2024-06-25,193.60000610351562,226.00999450683594,193.02000427246094,204.13999938964844,201.987548828125,256873,0.0,0.0
2024-06-26,204.0,205.5800018310547,201.0,201.64999389648438,199.5238037109375,20364,0.0,0.0
2024-06-27,201.66000366210938,202.89999389648438,191.10000610351562,193.9199981689453,191.8752899169922,17211,0.0,0.0
2024-06-28,194.88999938964844,196.99000549316406,191.30999755859375,195.2100067138672,193.15170288085938,23338,0.0,0.0
2024-07-01,192.3000030517578,198.7899932861328,192.3000030517578,195.92999267578125,193.86410522460938,10096,0.0,0.0
2024-07-02,195.85000610351562,197.89999389648438,194.7899932861328,195.8699951171875,193.8047332763672,8922,0.0,0.0
2024-07-03,196.50999450683594,197.0,194.5,195.99000549316406,193.92349243164062,6896,0.0,0.0
2024-07-04,197.99000549316406,206.5,192.5,200.74000549316406,198.62339782714844,35877,0.0,0.0
2024-07-05,204.0,204.0,197.6999969482422,198.50999450683594,196.41690063476562,6257,0.0,0.0
2024-07-08,197.5500030517578,205.50999450683594,195.02000427246094,205.0,202.83847045898438,17882,0.0,0.0
2024-07-09,208.0,209.7899932861328,201.10000610351562,202.61000061035156,200.4736785888672,19949,0.0,0.0
2024-07-10,200.1999969482422,216.64999389648438,199.5500030517578,211.02999877929688,208.8048858642578,68294,0.0,0.0
2024-07-11,211.8800048828125,214.75,205.0,211.89999389648438,209.66571044921875,23714,0.0,0.0
2024-07-12,214.0,214.0,206.10000610351562,206.3000030517578,204.12477111816406,7790,0.0,0.0
2024-07-15,208.41000366210938,209.75,205.0,207.9600067138672,205.76727294921875,9162,0.0,0.0
2024-07-16,206.5399932861328,208.7899932861328,204.9199981689453,205.22999572753906,203.0660400390625,9410,0.0,0.0
2024-07-18,206.0,208.19000244140625,201.32000732421875,204.0,201.84902954101562,9159,0.0,0.0
2024-07-19,204.0,204.0,195.0,196.42999267578125,194.3588409423828,5044,0.0,0.0
2024-07-22,193.10000610351562,197.75,191.0,192.2899932861328,190.2624969482422,9644,0.0,0.0
2024-07-23,194.97000122070312,197.02000427246094,189.75,196.05999755859375,193.99273681640625,6828,0.0,0.0
2024-07-24,198.0,203.16000366210938,193.2100067138672,199.69000244140625,197.58447265625,5976,0.0,0.0
2024-07-25,198.0,201.39999389648438,197.00999450683594,200.82000732421875,198.7025604248047,1431,0.0,0.0
2024-07-26,202.05999755859375,202.52000427246094,200.00999450683594,200.74000549316406,198.62339782714844,3255,0.0,0.0
2024-07-29,199.32000732421875,204.39999389648438,199.2100067138672,200.52000427246094,198.4057159423828,5351,0.0,0.0
2024-07-30,200.52000427246094,205.80999755859375,199.2100067138672,200.88999938964844,198.77182006835938,7281,0.0,0.0
2024-07-31,202.0,203.33999633789062,199.0,199.6699981689453,197.56466674804688,6471,0.0,0.0
2024-08-01,200.91000366210938,210.99000549316406,200.6999969482422,201.36000061035156,199.2368621826172,13098,0.0,0.0
2024-08-02,201.0,202.91000366210938,199.10000610351562,200.0800018310547,197.97035217285156,3550,0.0,0.0
2024-08-05,199.6999969482422,199.6999969482422,188.0,189.6699981689453,187.67010498046875,13012,0.0,0.0
2024-08-06,191.60000610351562,195.0,188.10000610351562,189.74000549316406,187.7393798828125,6650,0.0,0.0
2024-08-07,193.6999969482422,193.6999969482422,188.35000610351562,189.32000732421875,187.3238067626953,6908,0.0,0.0
2024-08-08,185.5500030517578,201.19000244140625,185.5500030517578,197.42999267578125,195.34828186035156,9229,0.0,0.0
2024-08-09,202.0,202.0,191.5,192.6999969482422,190.6681671142578,8352,0.0,0.0
2024-08-12,194.89999389648438,196.0,189.0,191.4199981689453,189.40167236328125,4360,0.0,0.0
2024-08-13,192.39999389648438,194.05999755859375,187.0,188.55999755859375,186.5718231201172,6329,0.0,0.0
2024-08-14,190.97000122070312,190.97000122070312,185.42999267578125,186.8699951171875,184.89964294433594,4898,0.0,0.0
2024-08-16,181.8000030517578,193.39999389648438,181.8000030517578,182.8300018310547,180.90223693847656,13859,0.0,0.0
2024-08-19,187.97000122070312,187.97000122070312,180.05999755859375,182.85000610351562,180.92202758789062,11017,0.0,0.0
2024-08-20,184.47000122070312,187.5,182.0399932861328,186.6699981689453,184.7017364501953,5357,0.0,0.0
2024-08-21,189.99000549316406,189.99000549316406,184.41000366210938,187.17999267578125,185.20635986328125,5495,0.0,0.0
2024-08-22,187.17999267578125,191.88999938964844,185.82000732421875,187.7899932861328,185.80992126464844,4927,0.0,0.0
2024-08-23,191.5,191.5,186.0,186.8699951171875,184.89964294433594,2756,0.0,0.0
2024-08-26,189.47000122070312,190.99000549316406,185.55999755859375,187.3699951171875,185.3943634033203,5355,0.0,0.0
2024-08-27,189.4199981689453,189.44000244140625,185.86000061035156,186.35000610351562,184.38511657714844,3969,0.0,0.0
2024-08-28,191.60000610351562,191.60000610351562,187.0,187.1199951171875,185.14700317382812,1058,0.0,0.0
2024-08-29,188.05999755859375,197.0,184.14999389648438,186.3800048828125,184.41481018066406,37246,0.0,0.0
2024-08-30,189.8800048828125,193.0,187.50999450683594,190.36000061035156,188.35284423828125,4293,0.0,0.0
2024-09-02,191.0,201.9499969482422,188.35000610351562,195.22000122070312,193.16160583496094,46751,0.0,0.0
2024-09-03,198.0,199.89999389648438,195.0,197.39999389648438,195.318603515625,10452,0.0,0.0
2024-09-04,192.10000610351562,195.49000549316406,190.10000610351562,191.50999450683594,189.49070739746094,5379,0.0,0.0
2024-09-05,194.5,197.60000610351562,186.35000610351562,189.64999389648438,187.6503143310547,11578,0.0,0.0
2024-09-06,190.9499969482422,191.97999572753906,186.10000610351562,188.6999969482422,186.71034240722656,7266,0.0,0.0
2024-09-09,185.14999389648438,196.6999969482422,185.14999389648438,194.8300018310547,193.80274963378906,6195,1.0,0.0
2024-09-10,195.89999389648438,197.89999389648438,190.05999755859375,192.0800018310547,191.06724548339844,7904,0.0,0.0
2024-09-11,191.00999450683594,198.89999389648438,187.80999755859375,190.75,189.7442626953125,7603,0.0,0.0
2024-09-12,190.75,196.85000610351562,190.75,192.1699981689453,191.15676879882812,3878,0.0,0.0
2024-09-13,190.0,197.94000244140625,187.60000610351562,192.08999633789062,191.0771942138672,6542,0.0,0.0
2024-09-16,191.0,197.0,191.0,193.58999633789062,192.56927490234375,6087,0.0,0.0
2024-09-17,193.58999633789062,194.64999389648438,190.10000610351562,192.2899932861328,191.27613830566406,4958,0.0,0.0
2024-09-18,190.25,194.60000610351562,190.16000366210938,193.27000427246094,192.2509765625,6856,0.0,0.0
2024-09-19,194.0,199.97999572753906,187.1999969482422,189.74000549316406,188.73959350585938,21740,0.0,0.0
2024-09-20,186.36000061035156,193.88999938964844,186.36000061035156,189.5399932861328,188.54063415527344,8826,0.0,0.0
2024-09-23,188.0500030517578,194.4499969482422,187.0500030517578,189.39999389648438,188.4013671875,7828,0.0,0.0
2024-09-24,189.0,216.89999389648438,189.0,209.0800018310547,207.9776153564453,322496,0.0,0.0
2024-09-25,207.61000061035156,208.89999389648438,198.0,199.1699981689453,198.11985778808594,57504,0.0,0.0
2024-09-26,199.14999389648438,199.5,195.5,197.52000427246094,196.4785614013672,20609,0.0,0.0
2024-09-27,199.99000549316406,201.8000030517578,197.0,198.19000244140625,197.14503479003906,15262,0.0,0.0
2024-09-30,201.0,202.52000427246094,195.5,196.52000427246094,195.4838409423828,13935,0.0,0.0
2024-10-01,194.60000610351562,200.88999938964844,194.60000610351562,196.66000366210938,195.62310791015625,13273,0.0,0.0
2024-10-03,196.6999969482422,201.0,193.0,194.2899932861328,193.2655792236328,34920,0.0,0.0
2024-10-04,192.8000030517578,200.9600067138672,190.36000061035156,192.6699981689453,191.6541290283203,30890,0.0,0.0
2024-10-07,192.6699981689453,198.6999969482422,186.0,187.22000122070312,186.2328643798828,58856,0.0,0.0
2024-10-08,187.8000030517578,195.72000122070312,185.14999389648438,191.92999267578125,190.91802978515625,76364,0.0,0.0
2024-10-09,191.0,197.0,188.02999877929688,194.8300018310547,193.80274963378906,15907,0.0,0.0
2024-10-10,194.1199951171875,202.0,193.10000610351562,198.22999572753906,197.184814453125,26486,0.0,0.0
2024-10-11,197.9600067138672,205.89999389648438,195.36000061035156,201.77000427246094,200.70616149902344,29684,0.0,0.0
2024-10-14,198.5,205.99000549316406,194.10000610351562,194.69000244140625,193.66348266601562,18485,0.0,0.0
2024-10-15,197.33999633789062,198.69000244140625,191.1999969482422,192.99000549316406,191.9724578857422,11943,0.0,0.0
2024-10-16,192.10000610351562,196.17999267578125,190.49000549316406,191.4600067138672,190.4505157470703,9430,0.0,0.0
2024-10-17,191.52999877929688,196.13999938964844,189.11000061035156,190.91000366210938,189.90341186523438,14680,0.0,0.0
2024-10-18,188.36000061035156,191.99000549316406,187.2100067138672,189.9499969482422,188.94847106933594,5066,0.0,0.0
2024-10-21,194.64999389648438,196.8000030517578,187.25,188.36000061035156,187.3668670654297,24956,0.0,0.0
2024-10-22,188.69000244140625,194.44000244140625,180.10000610351562,181.86000061035156,180.90113830566406,34015,0.0,0.0
2024-10-23,180.36000061035156,188.89999389648438,180.10000610351562,182.11000061035156,181.14981079101562,7986,0.0,0.0
2024-10-24,182.5,186.60000610351562,181.10000610351562,182.5399932861328,181.57754516601562,10069,0.0,0.0
2024-10-25,183.6999969482422,183.6999969482422,173.11000061035156,175.22000122070312,174.296142578125,15581,0.0,0.0
2024-10-28,180.39999389648438,182.3699951171875,175.14999389648438,180.13999938964844,179.19020080566406,7776,0.0,0.0
2024-10-29,184.1999969482422,185.4499969482422,173.41000366210938,176.5399932861328,175.6091766357422,11649,0.0,0.0
2024-10-30,174.39999389648438,182.97000122070312,174.39999389648438,180.9199981689453,179.96607971191406,3905,0.0,0.0
2024-10-31,185.0,185.0,178.72999572753906,182.9499969482422,181.98538208007812,5773,0.0,0.0
2024-11-01,182.9600067138672,183.6999969482422,182.0,183.5,182.53248596191406,2772,0.0,0.0
2024-11-04,186.25999450683594,190.35000610351562,176.60000610351562,180.0500030517578,179.10067749023438,6391,0.0,0.0
2024-11-05,181.6999969482422,183.0,178.39999389648438,180.8300018310547,179.87655639648438,10102,0.0,0.0
2024-11-06,181.75999450683594,189.8800048828125,178.4199981689453,185.63999938964844,184.66119384765625,11431,0.0,0.0
2024-11-07,186.00999450683594,194.0,185.60000610351562,192.05999755859375,191.04734802246094,15980,0.0,0.0
2024-11-08,189.0,189.9600067138672,182.72000122070312,183.3300018310547,182.36338806152344,6257,0.0,0.0
2024-11-11,182.67999267578125,184.0,177.5,178.49000549316406,177.5489044189453,10616,0.0,0.0
2024-11-12,180.55999755859375,184.6999969482422,167.0,170.47999572753906,169.5811309814453,10162,0.0,0.0
2024-11-13,168.3800048828125,172.97999572753906,167.10000610351562,170.05999755859375,169.16334533691406,3341,0.0,0.0
2024-11-14,171.5,172.77000427246094,166.10000610351562,167.19000244140625,166.30848693847656,1914,0.0,0.0
2024-11-18,169.0,170.32000732421875,167.1999969482422,167.72999572753906,166.8456268310547,1529,0.0,0.0
2024-11-19,171.0,173.99000549316406,162.0,164.1300048828125,163.26461791992188,9434,0.0,0.0
2024-11-21,167.89999389648438,167.89999389648438,161.0,161.91000366210938,161.0563201904297,8625,0.0,0.0
2024-11-22,162.3800048828125,166.57000732421875,160.0500030517578,162.0399932861328,161.1856231689453,9860,0.0,0.0
2024-11-25,166.07000732421875,168.75999450683594,162.5,163.61000061035156,162.7473602294922,4060,0.0,0.0
2024-11-26,165.1999969482422,169.4499969482422,162.91000366210938,166.83999633789062,165.9603271484375,23794,0.0,0.0
2024-11-27,167.0800018310547,169.7899932861328,161.7100067138672,166.9199981689453,166.03990173339844,38183,0.0,0.0
2024-11-28,169.0,170.99000549316406,167.11000061035156,167.82000732421875,166.93516540527344,21334,0.0,0.0
2024-11-29,169.0,174.1999969482422,167.3300018310547,172.4600067138672,171.5507049560547,19710,0.0,0.0
2024-12-02,172.38999938964844,174.75,167.47999572753906,169.38999938964844,168.4968719482422,20355,0.0,0.0
2024-12-03,171.0,176.8000030517578,169.0,175.02999877929688,174.10714721679688,22045,0.0,0.0
2024-12-04,179.0,183.27000427246094,175.4499969482422,181.27999877929688,180.32418823242188,29054,0.0,0.0
2024-12-05,181.24000549316406,183.9499969482422,175.50999450683594,177.89999389648438,176.96200561523438,9781,0.0,0.0
2024-12-06,177.89999389648438,186.8000030517578,177.89999389648438,186.5500030517578,185.56640625,17757,0.0,0.0
2024-12-09,189.91000366210938,192.97999572753906,186.50999450683594,188.77000427246094,187.7747039794922,11257,0.0,0.0
2024-12-10,188.49000549316406,205.0,188.49000549316406,200.92999267578125,199.87057495117188,47954,0.0,0.0
2024-12-11,204.8000030517578,204.8000030517578,196.0,197.0500030517578,196.01104736328125,22086,0.0,0.0
2024-12-12,197.5,199.72999572753906,190.39999389648438,193.02000427246094,192.00228881835938,14243,0.0,0.0
2024-12-13,195.89999389648438,195.89999389648438,189.25,191.33999633789062,190.33114624023438,7301,0.0,0.0
2024-12-16,191.3000030517578,198.39999389648438,185.14999389648438,193.8699951171875,192.84780883789062,18014,0.0,0.0
2024-12-17,193.11000061035156,198.58999633789062,193.0,194.47000122070312,193.44464111328125,10569,0.0,0.0
2024-12-18,193.39999389648438,196.52000427246094,193.1999969482422,193.72000122070312,192.69859313964844,10091,0.0,0.0
2024-12-19,192.0,197.88999938964844,190.6300048828125,196.36000061035156,195.32467651367188,12604,0.0,0.0
2024-12-20,200.9499969482422,235.6300048828125,187.8000030517578,217.94000244140625,216.7908935546875,107588,0.0,0.0
2024-12-23,243.88999938964844,246.64999389648438,206.75,209.94000244140625,208.8330841064453,366292,0.0,0.0
2024-12-24,215.0,222.0,209.0,219.52999877929688,218.3725128173828,88841,0.0,0.0
2024-12-26,219.89999389648438,223.49000549316406,216.0,217.05999755859375,215.91552734375,24101,0.0,0.0
2024-12-27,217.00999450683594,222.8800048828125,213.14999389648438,220.8699951171875,219.7054443359375,19868,0.0,0.0
2024-12-30,222.0,226.0,214.0,214.44000244140625,213.30935668945312,22205,0.0,0.0
2024-12-31,214.44000244140625,216.1699981689453,207.6300048828125,212.22000122070312,211.10105895996094,16490,0.0,0.0
2025-01-01,213.89999389648438,218.0,213.38999938964844,215.38999938964844,214.2543487548828,12655,0.0,0.0
2025-01-02,215.9499969482422,221.99000549316406,214.5500030517578,218.72999572753906,217.57672119140625,22694,0.0,0.0
2025-01-03,219.57000732421875,223.35000610351562,215.72000122070312,220.00999450683594,218.8499755859375,19215,0.0,0.0
2025-01-06,220.02000427246094,224.6699981689453,210.00999450683594,213.50999450683594,212.38424682617188,15930,0.0,0.0
2025-01-07,217.52000427246094,217.64999389648438,213.6999969482422,215.07000732421875,213.93603515625,12084,0.0,0.0
2025-01-08,223.89999389648438,223.89999389648438,210.0,210.5,209.39012145996094,17652,0.0,0.0
2025-01-09,213.72999572753906,213.88999938964844,207.0,208.0500030517578,206.9530487060547,14094,0.0,0.0
2025-01-10,211.30999755859375,211.30999755859375,203.39999389648438,204.88999938964844,203.80970764160156,17931,0.0,0.0
2025-01-13,204.94000244140625,206.99000549316406,192.02000427246094,197.22000122070312,196.18014526367188,35685,0.0,0.0
2025-01-14,197.69000244140625,210.00999450683594,196.44000244140625,207.9199981689453,206.82373046875,30910,0.0,0.0
2025-01-15,209.5,209.5,204.91000366210938,207.36000061035156,206.2666778564453,3868,0.0,0.0
2025-01-16,208.9499969482422,214.89999389648438,208.9499969482422,213.32000732421875,212.1952667236328,8270,0.0,0.0
2025-01-17,213.4499969482422,214.0,210.02000427246094,212.83999633789062,211.71778869628906,8325,0.0,0.0
2025-01-20,214.99000549316406,217.49000549316406,213.0,213.58999633789062,212.4638214111328,7197,0.0,0.0
2025-01-21,215.3000030517578,216.3800048828125,208.0,208.88999938964844,207.7886199951172,1960,0.0,0.0
2025-01-22,212.0,212.0,201.0,204.13999938964844,203.06365966796875,7082,0.0,0.0
2025-01-23,207.0,209.3800048828125,201.50999450683594,207.17999267578125,206.08761596679688,3869,0.0,0.0
2025-01-24,205.1999969482422,208.94000244140625,203.72000122070312,205.88999938964844,204.80442810058594,3669,0.0,0.0
2025-01-27,205.88999938964844,208.41000366210938,197.10000610351562,198.74000549316406,197.692138671875,12641,0.0,0.0
2025-01-28,202.4199981689453,202.4199981689453,183.67999267578125,189.75999450683594,188.7594757080078,33051,0.0,0.0
2025-01-29,195.14999389648438,203.67999267578125,192.07000732421875,200.67999267578125,199.62188720703125,5311,0.0,0.0
2025-01-30,203.99000549316406,232.8800048828125,197.5,201.25999450683594,200.19883728027344,42044,0.0,0.0
2025-01-31,201.00999450683594,207.3300018310547,201.00999450683594,202.49000549316406,201.42236328125,7448,0.0,0.0
2025-02-01,204.69000244140625,215.0,201.5,211.72999572753906,210.61363220214844,5865,0.0,0.0
2025-02-03,206.0,215.0,200.10000610351562,202.44000244140625,201.37261962890625,9759,0.0,0.0
2025-02-04,206.44000244140625,210.9499969482422,204.14999389648438,207.7100067138672,206.61483764648438,6728,0.0,0.0
2025-02-05,211.58999633789062,212.99000549316406,208.0,209.5500030517578,208.44512939453125,2829,0.0,0.0
2025-02-06,210.6199951171875,211.97999572753906,209.0,210.6300048828125,209.51943969726562,2494,0.0,0.0
2025-02-07,209.25999450683594,209.99000549316406,204.0,204.6999969482422,203.62069702148438,6564,0.0,0.0
2025-02-10,204.8300018310547,212.89999389648438,190.0,191.8300018310547,190.8185577392578,27551,0.0,0.0
2025-02-11,194.5,201.49000549316406,184.00999450683594,189.47999572753906,188.48095703125,18231,0.0,0.0
2025-02-12,198.5,202.60000610351562,183.0,190.7100067138672,189.7044677734375,16819,0.0,0.0
2025-02-13,193.97000122070312,199.0,190.5,194.22000122070312,193.1959686279297,6382,0.0,0.0
2025-02-14,194.66000366210938,201.58999633789062,186.38999938964844,190.7899932861328,189.78404235839844,6968,0.0,0.0
2025-02-17,187.0,196.0,185.1999969482422,187.5500030517578,186.56112670898438,4626,0.0,0.0
2025-02-18,187.5500030517578,193.97999572753906,184.25999450683594,189.4600067138672,188.4610595703125,4838,0.0,0.0
2025-02-19,189.92999267578125,193.16000366210938,186.36000061035156,188.0800018310547,187.0883331298828,1618,0.0,0.0
2025-02-20,190.77000427246094,193.92999267578125,186.00999450683594,186.6300048828125,185.64598083496094,5962,0.0,0.0
2025-02-21,186.9499969482422,193.6999969482422,186.9499969482422,187.02999877929688,186.0438690185547,4006,0.0,0.0
2025-02-24,184.10000610351562,191.99000549316406,181.0,187.14999389648438,186.16323852539062,3584,0.0,0.0
2025-02-25,188.99000549316406,192.02000427246094,175.10000610351562,177.4199981689453,176.4845428466797,18440,0.0,0.0
2025-02-27,177.4199981689453,177.4199981689453,169.11000061035156,170.30999755859375,169.4120330810547,8920,0.0,0.0
2025-02-28,168.89999389648438,173.55999755859375,164.11000061035156,169.32000732421875,168.42726135253906,7402,0.0,0.0
2025-03-03,182.0,182.0,164.41000366210938,166.0500030517578,165.17449951171875,4618,0.0,0.0
2025-03-04,171.97999572753906,173.0,170.0800018310547,170.52999877929688,169.63087463378906,4799,0.0,0.0
2025-03-05,173.80999755859375,179.27999877929688,173.80999755859375,178.3000030517578,177.3599090576172,5628,0.0,0.0
2025-03-06,180.9499969482422,187.69000244140625,178.8000030517578,182.61000061035156,181.6471710205078,7209,0.0,0.0
2025-03-07,182.61000061035156,198.9499969482422,182.5500030517578,194.07000732421875,193.0467529296875,14528,0.0,0.0
2025-03-10,203.0,203.0,193.0,198.1999969482422,197.15496826171875,7452,0.0,0.0
2025-03-11,195.0,199.52999877929688,190.3699951171875,191.92999267578125,190.91802978515625,15110,0.0,0.0
2025-03-12,191.85000610351562,195.0,190.0,192.25999450683594,191.2462921142578,5752,0.0,0.0
2025-03-13,190.0,195.0,187.3699951171875,192.19000244140625,191.17666625976562,6436,0.0,0.0
2025-03-17,194.99000549316406,202.3800048828125,188.64999389648438,190.8699951171875,189.86361694335938,8639,0.0,0.0
2025-03-18,190.8699951171875,190.8699951171875,190.8699951171875,190.8699951171875,189.86361694335938,0,0.0,0.0
2025-03-19,191.91000366210938,217.60000610351562,187.00999450683594,210.75,209.63880920410156,37855,0.0,0.0
2025-03-20,220.0,220.0,208.08999633789062,209.75999450683594,208.65402221679688,9209,0.0,0.0
2025-03-21,208.42999267578125,209.99000549316406,204.00999450683594,205.7100067138672,204.62538146972656,2752,0.0,0.0
2025-03-24,212.83999633789062,214.00999450683594,201.3000030517578,205.52000427246094,204.43638610839844,8831,0.0,0.0
2025-03-25,204.0800018310547,206.49000549316406,199.0,200.0800018310547,199.0250701904297,9659,0.0,0.0
2025-03-26,199.63999938964844,211.60000610351562,199.0,199.11000061035156,198.0601806640625,5256,0.0,0.0
2025-03-27,200.6199951171875,207.38999938964844,197.99000549316406,201.9199981689453,200.85536193847656,6843,0.0,0.0
2025-03-28,200.1300048828125,215.99000549316406,200.1300048828125,206.6699981689453,205.580322265625,13672,0.0,0.0
2025-04-01,208.16000366210938,211.38999938964844,204.3000030517578,207.1699981689453,206.0776824951172,3802,0.0,0.0
2025-04-02,206.80999755859375,221.9199981689453,202.30999755859375,213.72999572753906,212.60308837890625,11350,0.0,0.0
2025-04-03,211.00999450683594,215.14999389648438,207.00999450683594,213.47000122070312,212.34446716308594,5883,0.0,0.0
2025-04-04,217.0,217.0,201.0,204.55999755859375,203.4814453125,6867,0.0,0.0
2025-04-07,194.99000549316406,197.0,186.52000427246094,194.97000122070312,193.94200134277344,4081,0.0,0.0
2025-04-08,197.91000366210938,205.0,196.3800048828125,200.19000244140625,199.13449096679688,3658,0.0,0.0
2025-04-09,199.07000732421875,203.89999389648438,196.27000427246094,198.19000244140625,197.14503479003906,2379,0.0,0.0
2025-04-11,202.19000244140625,207.0,194.3000030517578,197.6199951171875,196.57803344726562,9979,0.0,0.0
2025-04-15,199.10000610351562,203.99000549316406,194.10000610351562,202.13999938964844,201.07420349121094,7044,0.0,0.0
2025-04-16,200.0,207.9199981689453,199.0,200.4499969482422,199.3931121826172,8536,0.0,0.0
2025-04-17,201.89999389648438,204.63999938964844,199.74000549316406,201.75999450683594,200.69619750976562,3181,0.0,0.0
2025-04-21,202.08999633789062,202.08999633789062,194.99000549316406,198.25999450683594,197.21466064453125,14779,0.0,0.0
2025-04-22,201.0,211.58999633789062,201.0,206.6999969482422,205.6101531982422,17555,0.0,0.0
2025-04-23,209.0,212.0,202.10000610351562,202.7899932861328,201.72076416015625,8754,0.0,0.0
2025-04-24,201.1300048828125,205.47999572753906,197.25,199.0399932861328,197.99053955078125,4062,0.0,0.0
2025-04-25,199.4600067138672,203.08999633789062,190.8000030517578,194.1199951171875,193.0964813232422,8277,0.0,0.0
2025-04-28,196.10000610351562,204.99000549316406,196.10000610351562,203.86000061035156,202.78514099121094,9006,0.0,0.0
2025-04-29,201.0,208.72000122070312,190.00999450683594,194.63999938964844,193.61375427246094,15112,0.0,0.0
2025-04-30,191.1199951171875,195.88999938964844,191.1199951171875,192.24000549316406,191.22640991210938,3519,0.0,0.0
2025-05-02,195.0500030517578,198.99000549316406,192.5399932861328,194.39999389648438,193.375,2960,0.0,0.0
2025-05-05,196.6300048828125,198.8800048828125,192.0,194.74000549316406,193.71322631835938,3838,0.0,0.0
2025-05-06,193.6699981689453,198.0399932861328,184.41000366210938,186.75999450683594,185.77528381347656,8276,0.0,0.0
2025-05-07,189.9199981689453,192.75,186.1999969482422,187.17999267578125,186.1930694580078,4264,0.0,0.0
2025-05-08,190.4199981689453,191.0500030517578,182.39999389648438,185.02000427246094,184.0444793701172,8451,0.0,0.0
2025-05-09,186.36000061035156,186.36000061035156,180.3699951171875,183.77999877929688,182.81100463867188,3516,0.0,0.0
2025-05-12,194.6999969482422,197.19000244140625,190.0,194.5800018310547,193.55406188964844,9133,0.0,0.0
2025-05-13,198.0,199.57000732421875,195.1199951171875,197.60000610351562,196.5581512451172,4015,0.0,0.0
2025-05-14,196.7100067138672,201.8000030517578,196.2100067138672,201.1300048828125,200.0695343017578,3295,0.0,0.0
2025-05-15,201.75,208.6999969482422,198.10000610351562,199.88999938964844,198.8360595703125,21929,0.0,0.0
2025-05-16,201.91000366210938,204.64999389648438,199.0,202.24000549316406,201.17367553710938,2643,0.0,0.0
2025-05-19,199.1999969482422,206.5800018310547,199.1999969482422,204.41000366210938,203.33224487304688,10585,0.0,0.0
2025-05-20,203.0,204.52999877929688,196.10000610351562,197.72999572753906,196.6874542236328,4024,0.0,0.0
2025-05-21,201.69000244140625,202.17999267578125,198.5,199.77000427246094,198.71670532226562,2278,0.0,0.0
2025-05-22,197.5,202.1699981689453,197.5,200.94000244140625,199.8805389404297,596,0.0,0.0
2025-05-23,200.94000244140625,205.0,198.52999877929688,199.14999389648438,198.09996032714844,3389,0.0,0.0
2025-05-26,196.5,208.77999877929688,196.5,204.75,203.67044067382812,11416,0.0,0.0
2025-05-27,203.07000732421875,206.0,199.8699951171875,200.82000732421875,199.76116943359375,5076,0.0,0.0
2025-05-28,200.8000030517578,205.89999389648438,195.5500030517578,198.02999877929688,196.98587036132812,14224,0.0,0.0
2025-05-29,197.11000061035156,203.39999389648438,192.25,194.02999877929688,193.0069580078125,8825,0.0,0.0
2025-05-30,194.02000427246094,198.0,192.67999267578125,196.16000366210938,195.125732421875,4725,0.0,0.0
2025-06-02,199.10000610351562,199.10000610351562,194.0,197.85000610351562,196.80682373046875,3669,0.0,0.0
2025-06-03,198.02000427246094,201.30999755859375,190.00999450683594,191.67999267578125,190.66934204101562,7964,0.0,0.0
2025-06-04,193.14999389648438,198.49000549316406,190.0,192.1199951171875,191.10702514648438,6094,0.0,0.0
2025-06-05,193.60000610351562,196.5,190.1699981689453,192.64999389648438,191.6342315673828,5062,0.0,0.0
2025-06-06,195.5,198.89999389648438,189.0500030517578,195.47000122070312,194.4393768310547,5973,0.0,0.0
2025-06-09,196.25,199.89999389648438,194.5,198.00999450683594,196.96597290039062,3743,0.0,0.0
2025-06-10,198.0800018310547,202.49000549316406,196.52000427246094,200.52000427246094,199.46275329589844,3273,0.0,0.0
2025-06-11,201.4199981689453,201.4199981689453,193.61000061035156,194.9199981689453,193.89227294921875,8646,0.0,0.0
2025-06-12,195.1199951171875,201.89999389648438,192.0,193.64999389648438,192.62896728515625,6081,0.0,0.0
2025-06-13,192.02999877929688,199.72999572753906,187.8000030517578,192.75,191.7337188720703,18390,0.0,0.0
2025-06-16,194.5500030517578,195.0,191.3300018310547,193.52999877929688,192.5095977783203,2134,0.0,0.0
2025-06-17,196.2899932861328,196.35000610351562,194.05999755859375,194.8000030517578,193.7729034423828,1567,0.0,0.0
2025-06-18,195.5,199.0,194.00999450683594,195.44000244140625,194.40953063964844,2669,0.0,0.0
2025-06-19,196.41000366210938,196.6300048828125,191.50999450683594,192.52000427246094,191.5049285888672,2092,0.0,0.0
2025-06-20,193.0,205.0,192.0,197.75999450683594,196.71728515625,4104,0.0,0.0
2025-06-23,198.74000549316406,199.61000061035156,191.57000732421875,198.3800048828125,197.3340301513672,4638,0.0,0.0
2025-06-24,204.99000549316406,204.99000549316406,194.30999755859375,196.36000061035156,195.32467651367188,7889,0.0,0.0
2025-06-25,198.0,201.99000549316406,193.0,194.49000549316406,193.46453857421875,7234,0.0,0.0
2025-06-26,195.60000610351562,205.0,193.00999450683594,196.7899932861328,195.75241088867188,8400,0.0,0.0
2025-06-27,199.75,202.0,195.0,199.38999938964844,198.3386993408203,3207,0.0,0.0
2025-06-30,204.89999389648438,204.89999389648438,193.10000610351562,195.33999633789062,194.31005859375,2873,0.0,0.0
2025-07-01,197.5399932861328,199.7100067138672,196.02000427246094,199.0500030517578,198.00050354003906,1962,0.0,0.0
2025-07-02,199.0500030517578,202.49000549316406,197.0,198.94000244140625,197.89108276367188,2675,0.0,0.0
2025-07-03,198.82000732421875,200.0,195.02000427246094,197.1300048828125,196.0906219482422,2554,0.0,0.0
2025-07-04,196.0,199.0800018310547,194.41000366210938,195.57000732421875,194.53884887695312,7462,0.0,0.0
2025-07-07,196.64999389648438,204.0,196.64999389648438,199.8000030517578,198.74655151367188,11019,0.0,0.0
2025-07-08,201.0,201.0,193.0,195.24000549316406,194.21058654785156,5904,0.0,0.0
2025-07-09,195.4499969482422,196.7899932861328,194.9199981689453,196.33999633789062,195.30477905273438,1035,0.0,0.0
2025-07-10,197.2899932861328,198.38999938964844,193.50999450683594,195.07000732421875,194.04148864746094,3997,0.0,0.0
2025-07-11,196.74000549316406,196.74000549316406,194.14999389648438,196.1300048828125,195.0959014892578,509,0.0,0.0
2025-07-14,196.1300048828125,197.0,193.1699981689453,194.22000122070312,193.1959686279297,1245,0.0,0.0
2025-07-15,196.2899932861328,198.60000610351562,192.25,193.10000610351562,192.08187866210938,9442,0.0,0.0
2025-07-16,194.58999633789062,196.0,193.0,194.3000030517578,193.27554321289062,5600,0.0,0.0
2025-07-17,195.89999389648438,201.0,193.0500030517578,197.13999938964844,196.10057067871094,5047,0.0,0.0
2025-07-18,199.0,199.0,194.1999969482422,194.72999572753906,193.70326232910156,2535,0.0,0.0
2025-07-21,196.08999633789062,196.39999389648438,194.39999389648438,195.86000061035156,194.8273162841797,878,0.0,0.0
2025-07-22,196.80999755859375,197.8000030517578,194.8800048828125,196.1999969482422,195.16551208496094,1897,0.0,0.0
2025-07-23,196.5500030517578,216.1699981689453,195.61000061035156,208.5,207.40066528320312,113301,0.0,0.0
2025-07-24,211.0,224.10000610351562,205.2100067138672,207.35000610351562,206.25674438476562,54957,0.0,0.0
2025-07-25,204.0,212.50999450683594,198.0,199.9600067138672,198.90570068359375,11739,0.0,0.0
2025-07-28,202.0,209.94000244140625,202.0,205.24000549316406,204.15786743164062,9071,0.0,0.0
2025-07-29,206.0500030517578,211.9600067138672,206.0,206.1999969482422,205.11279296875,14931,0.0,0.0
2025-07-30,206.0,209.08999633789062,203.39999389648438,204.94000244140625,203.85943603515625,17599,0.0,0.0
2025-07-31,204.94000244140625,212.4499969482422,204.94000244140625,206.9499969482422,205.8588409423828,23027,0.0,0.0
2025-08-01,209.50999450683594,219.35000610351562,207.11000061035156,213.5399932861328,212.41409301757812,108264,0.0,0.0
2025-08-04,216.58999633789062,216.58999633789062,210.0399932861328,212.4600067138672,211.3397979736328,15378,0.0,0.0
2025-08-05,210.25,211.9499969482422,203.10000610351562,204.3300018310547,203.25265502929688,5222,0.0,0.0
2025-08-06,201.3000030517578,209.77999877929688,201.1999969482422,207.32000732421875,206.22689819335938,8715,0.0,0.0
2025-08-07,210.8800048828125,213.89999389648438,202.0,203.61000061035156,202.5364532470703,17690,0.0,0.0
2025-08-08,202.1999969482422,215.0,202.0,202.9600067138672,201.889892578125,5621,0.0,0.0
2025-08-11,203.0,204.75,192.3800048828125,193.88999938964844,192.86770629882812,22360,0.0,0.0
2025-08-12,193.0,197.8800048828125,187.00999450683594,189.2899932861328,188.2919464111328,16030,0.0,0.0
2025-08-13,190.7100067138672,193.0,185.10000610351562,186.0500030517578,185.0690460205078,10423,0.0,0.0
2025-08-14,190.97999572753906,190.97999572753906,181.0,184.11000061035156,183.13926696777344,7372,0.0,0.0
2025-08-18,191.6999969482422,191.6999969482422,180.25,181.58999633789062,180.63255310058594,17853,0.0,0.0
2025-08-19,183.9199981689453,185.85000610351562,181.0500030517578,184.61000061035156,183.63662719726562,7793,0.0,0.0
2025-08-20,185.08999633789062,191.6999969482422,183.13999938964844,189.27000427246094,188.27206420898438,4783,0.0,0.0
2025-08-21,186.1999969482422,193.0,186.1999969482422,190.8300018310547,189.82383728027344,3736,0.0,0.0
2025-08-22,189.7899932861328,191.8000030517578,187.5,190.44000244140625,189.43589782714844,1294,0.0,0.0
2025-08-25,193.0,193.0,186.5,186.8000030517578,185.81509399414062,11787,0.0,0.0
2025-08-26,187.4199981689453,189.97999572753906,186.39999389648438,187.1999969482422,186.2129669189453,2655,0.0,0.0
2025-08-28,187.25,187.25,184.5,185.27000427246094,184.29315185546875,2722,0.0,0.0
2025-08-29,188.10000610351562,188.1999969482422,186.16000366210938,187.75999450683594,186.77001953125,1312,0.0,0.0
2025-09-01,190.0,191.6699981689453,187.2100067138672,187.6999969482422,186.71034240722656,1135,0.0,0.0
2025-09-02,185.8000030517578,195.8000030517578,185.8000030517578,187.0500030517578,186.0637664794922,2331,0.0,0.0
2025-09-03,188.44000244140625,195.99000549316406,186.10000610351562,192.60000610351562,191.58450317382812,6057,0.0,0.0
2025-09-04,195.36000061035156,195.36000061035156,189.22999572753906,190.52000427246094,189.51547241210938,4771,0.0,0.0
2025-09-05,194.7899932861328,194.7899932861328,188.39999389648438,189.66000366210938,188.66000366210938,1895,0.0,0.0
2025-09-08,194.77999877929688,194.77999877929688,191.25999450683594,192.02000427246094,192.02000427246094,991,1.0,0.0
2025-09-09,192.02999877929688,194.97000122070312,186.25,187.5399932861328,187.5399932861328,5644,0.0,0.0
2025-09-10,188.64999389648438,191.97999572753906,186.0800018310547,187.9499969482422,187.9499969482422,8001,0.0,0.0
2025-09-11,190.89999389648438,190.89999389648438,185.0,185.4499969482422,185.4499969482422,6452,0.0,0.0
2025-09-12,187.1999969482422,190.72000122070312,185.50999450683594,187.11000061035156,187.11000061035156,6821,0.0,0.0
2025-09-15,185.0,187.60000610351562,185.0,185.25999450683594,185.25999450683594,2153,0.0,0.0
2025-09-16,185.25999450683594,191.47999572753906,185.25999450683594,186.60000610351562,186.60000610351562,10028,0.0,0.0
2025-09-17,189.0,189.0,186.0,186.32000732421875,186.32000732421875,2012,0.0,0.0
2025-09-18,189.0,189.77999877929688,185.5500030517578,187.8000030517578,187.8000030517578,2502,0.0,0.0
2025-09-19,188.0,189.0,185.89999389648438,186.0,186.0,1315,0.0,0.0
2025-09-22,186.0,188.89999389648438,181.57000732421875,183.25999450683594,183.25999450683594,4539,0.0,0.0
2025-09-23,186.00999450683594,186.60000610351562,183.0,183.64999389648438,183.64999389648438,1048,0.0,0.0
2025-09-24,186.0,187.64999389648438,182.3699951171875,183.42999267578125,183.42999267578125,1771,0.0,0.0
2025-09-25,186.89999389648438,186.89999389648438,183.99000549316406,184.74000549316406,184.74000549316406,113,0.0,0.0
2025-09-26,184.75,187.97000122070312,180.49000549316406,181.27999877929688,181.27999877929688,1781,0.0,0.0
2025-09-29,187.0,187.0,183.0,183.0,183.0,873,0.0,0.0
2025-09-30,183.0,188.22999572753906,180.3699951171875,186.14999389648438,186.14999389648438,8146,0.0,0.0
2025-10-01,187.00999450683594,187.00999450683594,181.60000610351562,182.10000610351562,182.10000610351562,4263,0.0,0.0
2025-10-03,186.74000549316406,186.74000549316406,183.4499969482422,183.94000244140625,183.94000244140625,1256,0.0,0.0
2025-10-06,186.9600067138672,187.0,182.10000610351562,185.55999755859375,185.55999755859375,3759,0.0,0.0
2025-10-07,183.41000366210938,188.44000244140625,183.41000366210938,184.5399932861328,184.5399932861328,1465,0.0,0.0
2025-10-08,187.00999450683594,187.00999450683594,181.2100067138672,181.52000427246094,181.52000427246094,3093,0.0,0.0
2025-10-09,185.00999450683594,185.00999450683594,181.61000061035156,183.17999267578125,183.17999267578125,1324,0.0,0.0
2025-10-10,183.36000061035156,186.0,181.5,184.75999450683594,184.75999450683594,1641,0.0,0.0
2025-10-13,181.39999389648438,186.97000122070312,181.39999389648438,182.1699981689453,182.1699981689453,1374,0.0,0.0
2025-10-14,182.6999969482422,182.6999969482422,178.0,179.60000610351562,179.60000610351562,3932,0.0,0.0
2025-10-15,180.60000610351562,184.3699951171875,175.10000610351562,176.7899932861328,176.7899932861328,11336,0.0,0.0
2025-10-16,178.55999755859375,184.6999969482422,175.3800048828125,177.47000122070312,177.47000122070312,4351,0.0,0.0
2025-10-17,178.80999755859375,181.38999938964844,176.50999450683594,177.08999633789062,177.08999633789062,1801,0.0,0.0
2025-10-20,177.08999633789062,181.89999389648438,174.0,175.02000427246094,175.02000427246094,4219,0.0,0.0
2025-10-21,181.99000549316406,181.99000549316406,171.5,174.69000244140625,174.69000244140625,2042,0.0,0.0
2025-10-23,174.69000244140625,178.97000122070312,171.57000732421875,174.47999572753906,174.47999572753906,3859,0.0,0.0
2025-10-24,175.50999450683594,183.67999267578125,175.05999755859375,182.52000427246094,182.52000427246094,8677,0.0,0.0
2025-10-27,192.39999389648438,192.39999389648438,181.0,184.08999633789062,184.08999633789062,3686,0.0,0.0
2025-10-28,184.0,187.9499969482422,181.10000610351562,182.0,182.0,980,0.0,0.0
2025-10-29,181.00999450683594,188.6999969482422,181.00999450683594,184.47000122070312,184.47000122070312,1876,0.0,0.0
2025-10-30,183.00999450683594,188.0,181.57000732421875,185.07000732421875,185.07000732421875,1287,0.0,0.0
2025-10-31,187.0,187.0,181.3699951171875,186.6199951171875,186.6199951171875,1454,0.0,0.0
2025-11-03,185.0,188.08999633789062,183.02000427246094,186.66000366210938,186.66000366210938,928,0.0,0.0
2025-11-04,188.0,188.0,183.02999877929688,184.17999267578125,184.17999267578125,424,0.0,0.0
2025-11-06,184.19000244140625,184.89999389648438,181.17999267578125,181.2899932861328,181.2899932861328,1371,0.0,0.0
2025-11-07,182.7899932861328,186.88999938964844,180.0,181.19000244140625,181.19000244140625,2989,0.0,0.0
2025-11-10,182.00999450683594,182.00999450683594,177.3699951171875,181.75,181.75,1761,0.0,0.0
2025-11-11,181.75,183.8000030517578,176.0,176.6999969482422,176.6999969482422,5854,0.0,0.0
2025-11-12,179.10000610351562,188.3800048828125,176.99000549316406,183.4199981689453,183.4199981689453,7871,0.0,0.0
2025-11-13,183.0500030517578,187.5399932861328,178.0,179.33999633789062,179.33999633789062,2310,0.0,0.0
2025-11-14,178.1999969482422,180.0,176.10000610351562,178.47000122070312,178.47000122070312,757,0.0,0.0
2025-11-17,178.60000610351562,184.77999877929688,177.25,184.39999389648438,184.39999389648438,4351,0.0,0.0
2025-11-18,183.0,183.0,173.80999755859375,176.89999389648438,176.89999389648438,3937,0.0,0.0
2025-11-19,181.39999389648438,184.5,177.8300018310547,178.05999755859375,178.05999755859375,1098,0.0,0.0
2025-11-20,178.05999755859375,183.49000549316406,178.05999755859375,179.1699981689453,179.1699981689453,1067,0.0,0.0
2025-11-21,180.0,180.0,176.39999389648438,177.3800048828125,177.3800048828125,463,0.0,0.0
2025-11-24,178.0,178.0,171.10000610351562,172.2899932861328,172.2899932861328,4357,0.0,0.0
2025-11-25,173.00999450683594,177.5,171.35000610351562,171.57000732421875,171.57000732421875,4052,0.0,0.0
2025-11-26,177.0,179.39999389648438,172.9199981689453,177.1300048828125,177.1300048828125,1061,0.0,0.0
2025-11-27,177.1300048828125,177.13999938964844,172.0,173.80999755859375,173.80999755859375,1407,0.0,0.0
2025-11-28,172.60000610351562,176.8000030517578,172.60000610351562,173.67999267578125,173.67999267578125,1879,0.0,0.0
2025-12-01,174.0,175.7899932861328,172.0,173.39999389648438,173.39999389648438,646,0.0,0.0
2025-12-02,174.44000244140625,179.39999389648438,173.00999450683594,177.9499969482422,177.9499969482422,5216,0.0,0.0
2025-12-03,177.9499969482422,177.9600067138672,174.14999389648438,176.86000061035156,176.86000061035156,489,0.0,0.0
2025-12-04,177.88999938964844,177.89999389648438,172.3699951171875,173.99000549316406,173.99000549316406,583,0.0,0.0
2025-12-05,175.8000030517578,178.0,172.5,174.47000122070312,174.47000122070312,608,0.0,0.0
2025-12-08,174.47999572753906,174.99000549316406,168.10000610351562,168.4600067138672,168.4600067138672,2867,0.0,0.0
2025-12-09,168.47000122070312,173.4499969482422,168.47000122070312,168.99000549316406,168.99000549316406,1150,0.0,0.0
2025-12-10,172.97999572753906,172.97999572753906,163.0,167.38999938964844,167.38999938964844,2193,0.0,0.0
2025-12-11,167.38999938964844,169.1999969482422,155.0,158.4600067138672,158.4600067138672,25610,0.0,0.0
2025-12-12,159.0,161.89999389648438,155.0,158.5399932861328,158.5399932861328,9121,0.0,0.0
2025-12-15,163.64999389648438,163.64999389648438,158.5,161.02000427246094,161.02000427246094,1011,0.0,0.0
2025-12-16,162.0,165.0,159.0,164.02000427246094,164.02000427246094,2253,0.0,0.0
2025-12-17,163.02000427246094,163.88999938964844,157.6999969482422,159.13999938964844,159.13999938964844,1693,0.0,0.0
2025-12-18,164.99000549316406,164.99000549316406,155.5,156.30999755859375,156.30999755859375,3800,0.0,0.0
2025-12-19,161.5,161.5,155.66000366210938,156.52999877929688,156.52999877929688,4492,0.0,0.0
2025-12-22,166.0,166.0,157.0,157.1999969482422,157.1999969482422,6822,0.0,0.0
2025-12-23,161.0,167.0,157.25,164.97999572753906,164.97999572753906,9337,0.0,0.0
2025-12-24,168.0,168.0,159.0,160.94000244140625,160.94000244140625,2807,0.0,0.0
2025-12-26,162.0,164.88999938964844,158.0,160.30999755859375,160.30999755859375,1027,0.0,0.0
2025-12-29,161.00999450683594,164.6999969482422,158.0,159.6699981689453,159.6699981689453,2205,0.0,0.0
2025-12-30,159.6699981689453,163.22000122070312,158.35000610351562,162.9499969482422,162.9499969482422,2622,0.0,0.0
2025-12-31,162.9600067138672,165.89999389648438,161.10000610351562,161.57000732421875,161.57000732421875,3477,0.0,0.0
2026-01-01,164.99000549316406,164.99000549316406,161.55999755859375,163.91000366210938,163.91000366210938,628,0.0,0.0
2026-01-02,163.91000366210938,164.89999389648438,159.0,163.25999450683594,163.25999450683594,2989,0.0,0.0
2026-01-05,166.5,174.99000549316406,165.30999755859375,168.77000427246094,168.77000427246094,2746,0.0,0.0
2026-01-06,169.0,173.8000030517578,163.22000122070312,168.27000427246094,168.27000427246094,3209,0.0,0.0
2026-01-07,168.3000030517578,175.0,166.55999755859375,167.83999633789062,167.83999633789062,4668,0.0,0.0
2026-01-08,167.13999938964844,170.22999572753906,162.3699951171875,162.60000610351562,162.60000610351562,925,0.0,0.0
2026-01-09,164.00999450683594,165.49000549316406,156.60000610351562,157.6199951171875,157.6199951171875,2638,0.0,0.0
2026-01-12,160.24000549316406,163.7899932861328,148.5,155.14999389648438,155.14999389648438,11598,0.0,0.0
2026-01-13,157.99000549316406,158.99000549316406,152.75,153.64999389648438,153.64999389648438,1639,0.0,0.0
2026-01-14,153.4600067138672,164.88999938964844,152.55999755859375,161.08999633789062,161.08999633789062,6643,0.0,0.0
2026-01-16,163.6999969482422,165.0,160.00999450683594,163.07000732421875,163.07000732421875,3263,0.0,0.0
2026-01-19,163.0,163.0,158.0,158.39999389648438,158.39999389648438,413,0.0,0.0
2026-01-20,158.00999450683594,162.6999969482422,153.10000610351562,158.3000030517578,158.3000030517578,1880,0.0,0.0
2026-01-21,158.30999755859375,161.5,154.1999969482422,155.22000122070312,155.22000122070312,7197,0.0,0.0
2026-01-22,161.1999969482422,161.1999969482422,152.02999877929688,154.1199951171875,154.1199951171875,2228,0.0,0.0
2026-01-23,160.0,160.0,155.0,156.9600067138672,156.9600067138672,1083,0.0,0.0
2026-01-27,155.00999450683594,159.49000549316406,155.0,157.30999755859375,157.30999755859375,1354,0.0,0.0
2026-01-28,159.0,164.1999969482422,155.55999755859375,158.39999389648438,158.39999389648438,3650,0.0,0.0
2026-01-29,157.00999450683594,161.75,154.1199951171875,154.5500030517578,154.5500030517578,3780,0.0,0.0
2026-01-30,154.5500030517578,161.0,154.5500030517578,159.38999938964844,159.38999938964844,1769,0.0,0.0
2026-02-02,161.44000244140625,161.44000244140625,158.5500030517578,158.64999389648438,158.64999389648438,248,0.0,0.0
2026-02-03,160.00999450683594,165.89999389648438,159.0,161.60000610351562,161.60000610351562,836,0.0,0.0
2026-02-04,163.89999389648438,163.97999572753906,159.14999389648438,163.47999572753906,163.47999572753906,1383,0.0,0.0
2026-02-05,163.47999572753906,163.49000549316406,159.22999572753906,160.19000244140625,160.19000244140625,400,0.0,0.0
2026-02-06,165.0,165.0,158.0,158.13999938964844,158.13999938964844,1342,0.0,0.0
2026-02-09,163.99000549316406,176.0,159.17999267578125,165.27999877929688,165.27999877929688,17261,0.0,0.0
2026-02-10,165.74000549316406,174.89999389648438,165.74000549316406,172.47999572753906,172.47999572753906,7741,0.0,0.0
2026-02-11,179.89999389648438,179.89999389648438,173.0,177.0500030517578,177.0500030517578,2972,0.0,0.0
2026-02-12,172.5,176.97999572753906,171.99000549316406,173.6699981689453,173.6699981689453,1086,0.0,0.0
2026-02-13,172.00999450683594,174.9499969482422,167.0,170.10000610351562,170.10000610351562,1636,0.0,0.0
2026-02-16,176.99000549316406,176.99000549316406,168.10000610351562,168.11000061035156,168.11000061035156,2688,0.0,0.0
2026-02-17,168.16000366210938,173.0,168.16000366210938,169.0,169.0,635,0.0,0.0
2026-02-18,172.99000549316406,175.0,168.49000549316406,173.94000244140625,173.94000244140625,3377,0.0,0.0
2026-02-19,173.0,173.0,170.00999450683594,172.86000061035156,172.86000061035156,212,0.0,0.0
2026-02-20,175.99000549316406,176.0,168.0,169.64999389648438,169.64999389648438,644,0.0,0.0
2026-02-23,169.64999389648438,172.0,166.30999755859375,167.91000366210938,167.91000366210938,1416,0.0,0.0
2026-02-24,170.9199981689453,170.9199981689453,166.0,169.27999877929688,169.27999877929688,1004,0.0,0.0
2026-02-25,167.0,172.00999450683594,167.0,168.3000030517578,168.3000030517578,2040,0.0,0.0
2026-02-26,172.17999267578125,176.39999389648438,169.02000427246094,169.8699951171875,169.8699951171875,852,0.0,0.0
2026-02-27,168.6300048828125,169.8699951171875,166.0,168.8699951171875,168.8699951171875,966,0.0,0.0
2026-03-02,168.8699951171875,169.10000610351562,161.0,161.00999450683594,161.00999450683594,3600,0.0,0.0
2026-03-04,161.0,163.99000549316406,154.1300048828125,155.83999633789062,155.83999633789062,4113,0.0,0.0
2026-03-05,157.00999450683594,160.0,154.5,156.44000244140625,156.44000244140625,765,0.0,0.0
2026-03-06,156.60000610351562,159.0,153.35000610351562,155.44000244140625,155.44000244140625,544,0.0,0.0
2026-03-09,155.44000244140625,157.99000549316406,151.02999877929688,157.9600067138672,157.9600067138672,2817,0.0,0.0
2026-03-10,157.0,159.5,152.4499969482422,154.8800048828125,154.8800048828125,1855,0.0,0.0
2026-03-11,158.99000549316406,162.49000549316406,157.0,159.33999633789062,159.33999633789062,1843,0.0,0.0
2026-03-12,159.5,159.50999450683594,153.5500030517578,154.55999755859375,154.55999755859375,9905,0.0,0.0
2026-03-13,155.58999633789062,158.99000549316406,153.5500030517578,153.63999938964844,153.63999938964844,2421,0.0,0.0
2026-03-16,152.5500030517578,152.5500030517578,145.3699951171875,146.57000732421875,146.57000732421875,9813,0.0,0.0
2026-03-17,148.9499969482422,149.5,142.0,142.49000549316406,142.49000549316406,55725,0.0,0.0
2026-03-18,142.14999389648438,146.97000122070312,140.1699981689453,144.17999267578125,144.17999267578125,4753,0.0,0.0
2026-03-19,143.0,147.8000030517578,141.5500030517578,142.80999755859375,142.80999755859375,6662,0.0,0.0
2026-03-20,147.0,147.0,138.0,139.16000366210938,139.16000366210938,56250,0.0,0.0
2026-03-23,139.16000366210938,139.94000244140625,133.2100067138672,138.0,138.0,1402,0.0,0.0
2026-03-24,146.0,146.0,138.0,139.5500030517578,139.5500030517578,3572,0.0,0.0
2026-03-25,143.89999389648438,144.5,140.0,141.91000366210938,141.91000366210938,1442,0.0,0.0
2026-03-27,141.91000366210938,141.91000366210938,130.10000610351562,131.0,131.0,5703,0.0,0.0
2026-03-30,129.0,135.99000549316406,124.98999786376953,125.22000122070312,125.22000122070312,4670,0.0,0.0
2026-04-01,133.99000549316406,142.0,127.02999877929688,141.67999267578125,141.67999267578125,5007,0.0,0.0
2026-04-02,142.5,142.99000549316406,137.11000061035156,138.8300018310547,138.8300018310547,4714,0.0,0.0
2026-04-06,141.8000030517578,144.88999938964844,139.0,141.66000366210938,141.66000366210938,3267,0.0,0.0
2026-04-07,145.89999389648438,149.39999389648438,141.89999389648438,143.3300018310547,143.3300018310547,11572,0.0,0.0
2026-04-08,162.0,162.0,143.50999450683594,147.9499969482422,147.9499969482422,23092,0.0,0.0
2026-04-09,147.00999450683594,151.49000549316406,145.25,148.0,148.0,3205,0.0,0.0
2026-04-10,145.25999450683594,151.10000610351562,145.25999450683594,149.97000122070312,149.97000122070312,997,0.0,0.0
2026-04-13,148.97999572753906,148.97999572753906,144.0,145.66000366210938,145.66000366210938,717,0.0,0.0
2026-04-15,149.99000549316406,154.8699951171875,146.5,152.99000549316406,152.99000549316406,4058,0.0,0.0
2026-04-16,150.0,156.88999938964844,148.14999389648438,155.69000244140625,155.69000244140625,3345,0.0,0.0
2026-04-17,155.97999572753906,158.49000549316406,154.11000061035156,157.5800018310547,157.5800018310547,2342,0.0,0.0
2026-04-20,157.57000732421875,160.94000244140625,152.35000610351562,153.5500030517578,153.5500030517578,1880,0.0,0.0
2026-04-21,153.50999450683594,157.39999389648438,152.6999969482422,154.32000732421875,154.32000732421875,1551,0.0,0.0
2026-04-22,157.49000549316406,157.5,153.08999633789062,155.99000549316406,155.99000549316406,69,0.0,0.0
2026-04-23,155.97999572753906,156.99000549316406,150.0,155.8800048828125,155.8800048828125,3057,0.0,0.0
2026-04-24,156.8000030517578,156.8000030517578,151.0,151.5500030517578,151.5500030517578,967,0.0,0.0
2026-04-27,151.57000732421875,159.0,151.5500030517578,158.0,158.0,1280,0.0,0.0
2026-04-28,161.11000061035156,161.11000061035156,155.25,158.85000610351562,158.85000610351562,4016,0.0,0.0
2026-04-29,160.00999450683594,160.02000427246094,155.0,157.94000244140625,157.94000244140625,1909,0.0,0.0
2026-04-30,159.3000030517578,159.3000030517578,150.0,153.0500030517578,153.0500030517578,5455,0.0,0.0
2026-05-04,154.00999450683594,157.7899932861328,154.0,154.16000366210938,154.16000366210938,130,0.0,0.0
2026-05-05,156.0,156.0,151.10000610351562,154.0399932861328,154.0399932861328,656,0.0,0.0
2026-05-06,154.0399932861328,156.99000549316406,151.25,153.32000732421875,153.32000732421875,1941,0.0,0.0
2026-05-07,155.89999389648438,162.99000549316406,153.27000427246094,158.64999389648438,158.64999389648438,3927,0.0,0.0
2026-05-08,158.64999389648438,159.5500030517578,151.39999389648438,155.5500030517578,155.5500030517578,2279,0.0,0.0
2026-05-11,154.77999877929688,157.0,152.25,153.63999938964844,153.63999938964844,3625,0.0,0.0
2026-05-12,155.0,155.0,149.10000610351562,149.8800048828125,149.8800048828125,1823,0.0,0.0
2026-05-13,153.99000549316406,154.99000549316406,150.64999389648438,154.58999633789062,154.58999633789062,737,0.0,0.0
2026-05-14,153.02000427246094,156.0,150.0,152.5,152.5,1918,0.0,0.0
2026-05-15,154.99000549316406,154.99000549316406,151.0,153.88999938964844,153.88999938964844,247,0.0,0.0
2026-05-18,151.0,159.0,147.11000061035156,147.47999572753906,147.47999572753906,3584,0.0,0.0
2026-05-19,148.0500030517578,152.85000610351562,148.0,148.0800018310547,148.0800018310547,2197,0.0,0.0
2026-05-20,147.35000610351562,150.99000549316406,147.35000610351562,147.39999389648438,147.39999389648438,539,0.0,0.0
2026-05-21,148.0,153.0,148.0,150.92999267578125,150.92999267578125,1644,0.0,0.0
2026-05-22,154.60000610351562,156.4499969482422,151.8800048828125,152.42999267578125,152.42999267578125,451,0.0,0.0
2026-05-25,152.10000610351562,154.89999389648438,150.0,150.7100067138672,150.7100067138672,2761,0.0,0.0
2026-05-26,151.52000427246094,151.6999969482422,147.94000244140625,148.1300048828125,148.1300048828125,2193,0.0,0.0
2026-05-27,151.4499969482422,151.4499969482422,151.4499969482422,151.4499969482422,151.4499969482422,4,0.0,0.0
2026-05-28,151.4499969482422,151.4499969482422,151.4499969482422,151.4499969482422,151.4499969482422,0,0.0,0.0
2026-05-29,151.4499969482422,151.5,146.0,147.60000610351562,147.60000610351562,694,0.0,0.0
2026-06-01,148.3300018310547,148.3300018310547,142.3000030517578,144.17999267578125,144.17999267578125,2226,0.0,0.0
2026-06-02,144.99000549316406,147.89999389648438,141.10000610351562,143.13999938964844,143.13999938964844,791,0.0,0.0
2026-06-03,143.13999938964844,143.72000122070312,140.8000030517578,143.6999969482422,143.6999969482422,561,0.0,0.0
2026-06-04,143.6999969482422,151.0,143.6999969482422,145.6300048828125,145.6300048828125,485,0.0,0.0
2026-06-05,150.69000244140625,150.69000244140625,147.5,149.85000610351562,149.85000610351562,782,0.0,0.0
2026-06-08,148.0,149.0,144.0,148.25,148.25,355,0.0,0.0
2026-06-09,149.0,151.0,144.25,149.05999755859375,149.05999755859375,988,0.0,0.0
2026-06-10,148.0,149.0,146.0,146.0,146.0,748,0.0,0.0
2026-06-11,146.0,156.0,144.0,152.91000366210938,152.91000366210938,13614,0.0,0.0
2026-06-12,158.0,160.0,154.1199951171875,154.4600067138672,154.4600067138672,5890,0.0,0.0
2026-06-15,151.50999450683594,160.6999969482422,151.50999450683594,159.83999633789062,159.83999633789062,6377,0.0,0.0
2026-06-16,159.0,159.99000549316406,154.10000610351562,156.6199951171875,156.6199951171875,1057,0.0,0.0
2026-06-17,156.6199951171875,159.89999389648438,153.35000610351562,158.94000244140625,158.94000244140625,1336,0.0,0.0
2026-06-18,164.5,164.5,155.11000061035156,159.1699981689453,159.1699981689453,2327,0.0,0.0
2026-06-19,162.99000549316406,162.99000549316406,156.10000610351562,156.69000244140625,156.69000244140625,176,0.0,0.0
2026-06-22,160.10000610351562,160.10000610351562,154.35000610351562,158.6699981689453,158.6699981689453,258,0.0,0.0
2026-06-23,158.0,159.89999389648438,155.0,155.60000610351562,155.60000610351562,219,0.0,0.0
2026-06-24,159.0,159.7899932861328,155.5,158.13999938964844,158.13999938964844,1358,0.0,0.0
2026-06-25,157.0,160.0,154.35000610351562,155.66000366210938,155.66000366210938,965,0.0,0.0
2026-06-26,155.66000366210938,155.66000366210938,155.66000366210938,155.66000366210938,155.66000366210938,0,0.0,0.0
2026-06-29,157.0,157.0,153.0,153.02999877929688,153.02999877929688,560,0.0,0.0
2026-06-30,152.97999572753906,155.0,151.1999969482422,154.00999450683594,154.00999450683594,1122,0.0,0.0
2026-07-01,155.0,156.72999572753906,153.0,153.0500030517578,153.0500030517578,86,0.0,0.0
2026-07-02,153.1999969482422,157.5,153.1999969482422,155.10000610351562,155.10000610351562,1109,0.0,0.0
2026-07-03,154.0,157.99000549316406,153.1999969482422,154.1699981689453,154.1699981689453,3278,0.0,0.0
2026-07-06,154.94000244140625,157.0,152.25,154.1999969482422,154.1999969482422,298,0.0,0.0
2026-07-07,152.52999877929688,161.8000030517578,152.52000427246094,154.9600067138672,154.9600067138672,7203,0.0,0.0
2026-07-08,156.89999389648438,158.5,153.0,153.27999877929688,153.27999877929688,911,0.0,0.0
2026-07-09,156.5,156.5,151.5,153.27000427246094,153.27000427246094,367,0.0,0.0
2026-07-10,156.0,156.5,151.5500030517578,152.7899932861328,152.7899932861328,1816,0.0,0.0
2026-07-13,152.60000610351562,158.0,152.60000610351562,157.02999877929688,157.02999877929688,2332,0.0,0.0
2026-07-14,156.0,157.0,153.0500030517578,154.1999969482422,154.1999969482422,776,0.0,0.0
2026-07-15,154.22999572753906,155.10000610351562,154.1999969482422,154.1999969482422,154.1999969482422,444,0.0,0.0
2026-07-16,154.30999755859375,154.39999389648438,153.0,153.02000427246094,153.02000427246094,723,0.0,0.0
2026-07-17,152.0,155.3000030517578,150.25,154.41000366210938,154.41000366210938,1802,0.0,0.0
2026-07-20,153.6999969482422,155.89999389648438,152.0,152.47000122070312,152.47000122070312,1048,0.0,0.0
2026-07-21,154.89999389648438,154.89999389648438,152.0,152.0500030517578,152.0500030517578,198,0.0,0.0
2026-07-22,150.25999450683594,153.3000030517578,150.25999450683594,153.00999450683594,153.00999450683594,240,0.0,0.0
2026-07-23,152.0,152.0,147.55999755859375,148.72000122070312,148.72000122070312,771,0.0,0.0
2026-07-24,148.00999450683594,152.97999572753906,147.0,147.49000549316406,147.49000549316406,1317,0.0,0.0
2026-07-27,147.49000549316406,151.0,145.5,146.1199951171875,146.1199951171875,319,0.0,0.0
