Date,Open,High,Low,Close,Adj Close,Volume,Dividends,Stock Splits
2002-07-01,3.299999952316284,3.299999952316284,2.799999952316284,2.900000095367432,1.702182650566101,5000,0.0,0.0
2002-07-02,3.0999999046325684,3.5,3.0,3.400000095367432,1.9956624507904053,19099,0.0,0.0
2002-07-03,3.400000095367432,3.900000095367432,3.400000095367432,3.700000047683716,2.171750545501709,25160,0.0,0.0
2002-07-04,3.75,4.349999904632568,3.5,4.099999904632568,2.406533718109131,39969,0.0,0.0
2002-07-05,3.799999952316284,4.0,3.5999999046325684,3.75,2.2010979652404785,34664,0.0,0.0
2002-07-08,3.75,4.150000095367432,3.75,3.799999952316284,2.2304461002349854,48550,0.0,0.0
2002-07-09,4.0,4.0,3.5999999046325684,3.650000095367432,2.142402648925781,15900,0.0,0.0
2002-07-10,3.950000047683716,3.950000047683716,3.299999952316284,3.650000095367432,2.142402648925781,8551,0.0,0.0
2002-07-11,3.3499999046325684,3.3499999046325684,2.950000047683716,3.0999999046325684,1.8195744752883911,27600,0.0,0.0
2002-07-12,3.150000095367432,3.400000095367432,3.049999952316284,3.150000095367432,1.84892213344574,8380,0.0,0.0
2002-07-15,3.0,3.150000095367432,2.900000095367432,3.0,1.760878324508667,18700,0.0,0.0
2002-07-16,3.200000047683716,3.400000095367432,3.150000095367432,3.150000095367432,1.84892213344574,6300,0.0,0.0
2002-07-17,3.0,3.3499999046325684,2.950000047683716,3.0999999046325684,1.8195744752883911,12399,0.0,0.0
2002-07-18,3.049999952316284,3.049999952316284,2.75,2.8499999046325684,1.6728345155715942,14301,0.0,0.0
2002-07-19,2.8499999046325684,3.25,2.75,3.200000047683716,1.878270387649536,13400,0.0,0.0
2002-07-22,2.950000047683716,3.0,2.650000095367432,2.650000095367432,1.5554425716400146,36906,0.0,0.0
2002-07-23,2.299999952316284,3.0,2.150000095367432,2.950000047683716,1.7315304279327393,27701,0.0,0.0
2002-07-24,2.549999952316284,3.0999999046325684,2.549999952316284,3.0999999046325684,1.8195744752883911,9134,0.0,0.0
2002-07-25,2.700000047683716,3.0999999046325684,2.700000047683716,2.75,1.6141384840011597,3200,0.0,0.0
2002-07-26,2.400000095367432,3.0,2.400000095367432,2.950000047683716,1.7315304279327393,8369,0.0,0.0
2002-07-29,2.400000095367432,2.900000095367432,2.400000095367432,2.8499999046325684,1.6728345155715942,5653,0.0,0.0
2002-07-30,3.0,3.0,2.5,2.650000095367432,1.5554425716400146,10301,0.0,0.0
2002-07-31,2.400000095367432,2.650000095367432,2.400000095367432,2.650000095367432,1.5554425716400146,2586,0.0,0.0
2002-08-01,2.5,2.8499999046325684,2.5,2.75,1.6141384840011597,706,0.0,0.0
2002-08-02,2.400000095367432,2.400000095367432,2.25,2.25,1.320658802986145,2004,0.0,0.0
2002-08-05,2.299999952316284,2.299999952316284,2.299999952316284,2.299999952316284,1.3500066995620728,200,0.0,0.0
2002-08-06,2.549999952316284,2.75,2.549999952316284,2.75,1.6141384840011597,1813,0.0,0.0
2002-08-07,2.900000095367432,3.299999952316284,2.900000095367432,3.25,1.9076184034347528,15976,0.0,0.0
2002-08-08,3.0999999046325684,3.25,2.8499999046325684,3.0,1.760878324508667,17202,0.0,0.0
2002-08-09,2.549999952316284,3.200000047683716,2.549999952316284,3.200000047683716,1.878270387649536,7059,0.0,0.0
2002-08-12,3.0,3.299999952316284,2.700000047683716,2.950000047683716,1.7315304279327393,6580,0.0,0.0
2002-08-13,2.950000047683716,3.150000095367432,2.950000047683716,3.049999952316284,1.7902264595031738,2599,0.0,0.0
2002-08-14,2.549999952316284,3.0,2.549999952316284,2.950000047683716,1.7315304279327393,7612,0.0,0.0
2002-08-15,2.950000047683716,2.950000047683716,2.950000047683716,2.950000047683716,1.7315304279327393,0,0.0,0.0
2002-08-16,2.400000095367432,2.950000047683716,2.400000095367432,2.75,1.6141384840011597,3904,0.0,0.0
2002-08-19,2.299999952316284,2.8499999046325684,2.299999952316284,2.5999999046325684,1.5260945558547974,1305,0.0,0.0
2002-08-20,2.5,2.650000095367432,2.299999952316284,2.400000095367432,1.4087024927139282,4596,0.0,0.0
2002-08-21,2.0999999046325684,2.5999999046325684,2.0999999046325684,2.5999999046325684,1.5260945558547974,2419,0.0,0.0
2002-08-22,2.200000047683716,2.700000047683716,2.200000047683716,2.450000047683716,1.4380508661270142,10212,0.0,0.0
2002-08-23,2.0,2.3499999046325684,2.0,2.3499999046325684,1.3793548345565796,1603,0.0,0.0
2002-08-26,2.0,2.5,2.0,2.25,1.320658802986145,599,0.0,0.0
2002-08-27,1.7999999523162842,2.299999952316284,1.7999999523162842,2.299999952316284,1.3500066995620728,2205,0.0,0.0
2002-08-28,1.850000023841858,2.049999952316284,1.850000023841858,2.049999952316284,1.2032668590545654,503,0.0,0.0
2002-08-29,1.649999976158142,2.5,1.649999976158142,2.299999952316284,1.3500066995620728,295,0.0,0.0
2002-08-30,2.299999952316284,2.299999952316284,2.0,2.299999952316284,1.3500066995620728,3401,0.0,0.0
2002-09-02,2.150000095367432,2.200000047683716,2.0999999046325684,2.200000047683716,1.2913107872009275,697,0.0,0.0
2002-09-03,1.899999976158142,2.200000047683716,1.899999976158142,2.200000047683716,1.2913107872009275,1002,0.0,0.0
2002-09-04,2.200000047683716,2.200000047683716,2.200000047683716,2.200000047683716,1.2913107872009275,0,0.0,0.0
2002-09-05,2.0,2.0,2.0,2.0,1.1739190816879272,500,0.0,0.0
2002-09-06,1.899999976158142,1.899999976158142,1.899999976158142,1.899999976158142,1.115223050117493,1000,0.0,0.0
2002-09-09,1.899999976158142,2.299999952316284,1.899999976158142,2.299999952316284,1.3500066995620728,2801,0.0,0.0
2002-09-10,2.299999952316284,2.299999952316284,2.299999952316284,2.299999952316284,1.3500066995620728,0,0.0,0.0
2002-09-11,2.0,2.0,2.0,2.0,1.1739190816879272,1,0.0,0.0
2002-09-12,1.75,2.400000095367432,1.75,2.0,1.1739190816879272,4,0.0,0.0
2002-09-13,1.899999976158142,2.400000095367432,1.899999976158142,2.400000095367432,1.4087024927139282,2151,0.0,0.0
2002-09-16,2.299999952316284,2.299999952316284,2.150000095367432,2.150000095367432,1.2619630098342896,2894,0.0,0.0
2002-09-17,2.0999999046325684,2.5999999046325684,2.0999999046325684,2.5999999046325684,1.5260945558547974,2362,0.0,0.0
2002-09-18,2.950000047683716,2.950000047683716,2.200000047683716,2.650000095367432,1.5554425716400146,1703,0.0,0.0
2002-09-19,2.5,2.5,2.150000095367432,2.150000095367432,1.2619630098342896,5431,0.0,0.0
2002-09-20,1.75,2.25,1.75,1.950000047683716,1.14457106590271,7,0.0,0.0
2002-09-23,1.7999999523162842,2.25,1.7999999523162842,2.25,1.320658802986145,2,0.0,0.0
2002-09-24,2.200000047683716,2.5,1.899999976158142,2.0999999046325684,1.2326148748397827,1002,0.0,0.0
2002-09-25,2.450000047683716,2.450000047683716,1.7999999523162842,1.7999999523162842,1.0565271377563477,4501,0.0,0.0
2002-09-26,2.200000047683716,2.200000047683716,1.75,1.7999999523162842,1.0565271377563477,1101,0.0,0.0
2002-09-27,2.200000047683716,2.200000047683716,1.850000023841858,2.200000047683716,1.2913107872009275,2201,0.0,0.0
2002-09-30,2.150000095367432,2.5,2.150000095367432,2.5,1.4673986434936523,101,0.0,0.0
2002-10-01,2.900000095367432,2.900000095367432,2.150000095367432,2.400000095367432,1.4087024927139282,3126,0.0,0.0
2002-10-02,2.400000095367432,2.400000095367432,2.400000095367432,2.400000095367432,1.4087024927139282,0,0.0,0.0
2002-10-03,2.549999952316284,2.900000095367432,2.400000095367432,2.900000095367432,1.702182650566101,3930,0.0,0.0
2002-10-04,3.400000095367432,3.400000095367432,2.3499999046325684,2.8499999046325684,1.6728345155715942,4011,0.0,0.0
2002-10-07,2.75,2.75,2.3499999046325684,2.3499999046325684,1.3793548345565796,1500,0.0,0.0
2002-10-08,2.5,2.8499999046325684,2.5,2.8499999046325684,1.6728345155715942,13750,0.0,0.0
2002-10-09,2.8499999046325684,2.8499999046325684,2.5,2.5999999046325684,1.5260945558547974,520,0.0,0.0
2002-10-10,2.950000047683716,2.950000047683716,2.150000095367432,2.25,1.320658802986145,1633,0.0,0.0
2002-10-11,2.700000047683716,2.700000047683716,2.400000095367432,2.5,1.4673986434936523,528,0.0,0.0
2002-10-14,2.75,2.75,2.299999952316284,2.299999952316284,1.3500066995620728,216,0.0,0.0
2002-10-15,2.299999952316284,2.299999952316284,2.299999952316284,2.299999952316284,1.3500066995620728,0,0.0,0.0
2002-10-16,2.799999952316284,2.799999952316284,2.299999952316284,2.700000047683716,1.584790587425232,1030,0.0,0.0
2002-10-17,2.900000095367432,2.900000095367432,2.200000047683716,2.5,1.4673986434936523,1020,0.0,0.0
2002-10-18,2.900000095367432,2.900000095367432,2.5,2.900000095367432,1.702182650566101,2811,0.0,0.0
2002-10-21,3.200000047683716,3.200000047683716,2.400000095367432,2.400000095367432,1.4087024927139282,11,0.0,0.0
2002-10-22,2.900000095367432,2.900000095367432,2.150000095367432,2.8499999046325684,1.6728345155715942,222,0.0,0.0
2002-10-23,3.0,3.0,2.549999952316284,2.549999952316284,1.4967466592788696,30,0.0,0.0
2002-10-24,2.549999952316284,2.950000047683716,2.150000095367432,2.150000095367432,1.2619630098342896,2500,0.0,0.0
2002-10-25,2.5999999046325684,2.5999999046325684,1.950000047683716,2.200000047683716,1.2913107872009275,1010,0.0,0.0
2002-10-28,2.650000095367432,2.650000095367432,2.3499999046325684,2.3499999046325684,1.3793548345565796,20,0.0,0.0
2002-10-29,2.450000047683716,2.450000047683716,1.899999976158142,1.899999976158142,1.115223050117493,210,0.0,0.0
2002-10-30,1.7000000476837158,2.150000095367432,1.5499999523162842,1.899999976158142,1.115223050117493,4640,0.0,0.0
2002-10-31,2.299999952316284,2.299999952316284,2.049999952316284,2.049999952316284,1.2032668590545654,2700,0.0,0.0
2002-11-01,2.450000047683716,2.450000047683716,2.0999999046325684,2.3499999046325684,1.3793548345565796,4690,0.0,0.0
2002-11-04,2.3499999046325684,2.3499999046325684,2.3499999046325684,2.3499999046325684,1.3793548345565796,0,0.0,0.0
2002-11-05,2.5,2.5,2.5,2.5,1.4673986434936523,10,0.0,0.0
2002-11-06,2.5,2.5,2.5,2.5,1.4673986434936523,0,0.0,0.0
2002-11-07,2.25,2.25,2.25,2.25,1.320658802986145,450,0.0,0.0
2002-11-08,2.5,2.5,2.200000047683716,2.200000047683716,1.2913107872009275,1000,0.0,0.0
2002-11-11,2.549999952316284,2.549999952316284,2.549999952316284,2.549999952316284,1.4967466592788696,30,0.0,0.0
2002-11-12,2.650000095367432,2.650000095367432,2.5999999046325684,2.5999999046325684,1.5260945558547974,20,0.0,0.0
2002-11-13,2.650000095367432,2.700000047683716,2.0999999046325684,2.650000095367432,1.5554425716400146,21,0.0,0.0
2002-11-14,2.150000095367432,2.150000095367432,2.150000095367432,2.150000095367432,1.2619630098342896,500,0.0,0.0
2002-11-15,1.950000047683716,1.950000047683716,1.950000047683716,1.950000047683716,1.14457106590271,1000,0.0,0.0
2002-11-18,1.950000047683716,1.950000047683716,1.950000047683716,1.950000047683716,1.14457106590271,0,0.0,0.0
2002-11-19,1.950000047683716,1.950000047683716,1.950000047683716,1.950000047683716,1.14457106590271,0,0.0,0.0
2002-11-20,2.25,2.25,1.899999976158142,1.899999976158142,1.115223050117493,2000,0.0,0.0
2002-11-21,1.850000023841858,1.850000023841858,1.850000023841858,1.850000023841858,1.0858752727508545,1534,0.0,0.0
2002-11-22,1.899999976158142,1.950000047683716,1.5,1.649999976158142,0.9684832096099854,10603,0.0,0.0
2002-11-25,1.899999976158142,1.899999976158142,1.899999976158142,1.899999976158142,1.115223050117493,1,0.0,0.0
2002-11-26,2.25,2.25,1.850000023841858,2.0,1.1739190816879272,2001,0.0,0.0
2002-11-27,1.649999976158142,2.150000095367432,1.649999976158142,1.850000023841858,1.0858752727508545,5001,0.0,0.0
2002-11-28,1.899999976158142,1.899999976158142,1.899999976158142,1.899999976158142,1.115223050117493,1000,0.0,0.0
2002-11-29,1.899999976158142,1.899999976158142,1.899999976158142,1.899999976158142,1.115223050117493,2500,0.0,0.0
2002-12-02,2.0,2.0,1.899999976158142,2.0,1.1739190816879272,4000,0.0,0.0
2002-12-03,1.950000047683716,1.950000047683716,1.950000047683716,1.950000047683716,1.14457106590271,100,0.0,0.0
2002-12-04,1.950000047683716,1.950000047683716,1.7000000476837158,1.7000000476837158,0.9978312253952026,310,0.0,0.0
2002-12-05,1.950000047683716,1.950000047683716,1.899999976158142,1.899999976158142,1.115223050117493,20,0.0,0.0
2002-12-06,2.299999952316284,2.299999952316284,1.649999976158142,1.649999976158142,0.9684832096099854,1600,0.0,0.0
2002-12-09,1.899999976158142,1.899999976158142,1.850000023841858,1.850000023841858,1.0858752727508545,14,0.0,0.0
2002-12-10,1.5499999523162842,1.5499999523162842,1.5499999523162842,1.5499999523162842,0.9097872376441956,1,0.0,0.0
2002-12-11,1.2999999523162842,1.850000023841858,1.2999999523162842,1.850000023841858,1.0858752727508545,1268,0.0,0.0
2002-12-12,1.850000023841858,1.850000023841858,1.7000000476837158,1.7999999523162842,1.0565271377563477,1510,0.0,0.0
2002-12-13,1.850000023841858,2.049999952316284,1.75,2.049999952316284,1.2032668590545654,8775,0.0,0.0
2002-12-16,1.7000000476837158,1.7000000476837158,1.7000000476837158,1.7000000476837158,0.9978312253952026,100,0.0,0.0
2002-12-17,1.7000000476837158,1.7000000476837158,1.7000000476837158,1.7000000476837158,0.9978312253952026,0,0.0,0.0
2002-12-18,1.649999976158142,1.950000047683716,1.649999976158142,1.899999976158142,1.115223050117493,526,0.0,0.0
2002-12-19,2.0999999046325684,2.0999999046325684,2.0,2.0999999046325684,1.2326148748397827,6028,0.0,0.0
2002-12-20,1.75,1.850000023841858,1.7000000476837158,1.850000023841858,1.0858752727508545,2002,0.0,0.0
2002-12-23,2.049999952316284,2.049999952316284,1.7000000476837158,1.7999999523162842,1.0565271377563477,4700,0.0,0.0
2002-12-24,1.649999976158142,1.899999976158142,1.649999976158142,1.899999976158142,1.115223050117493,1500,0.0,0.0
2002-12-25,1.899999976158142,1.899999976158142,1.899999976158142,1.899999976158142,1.115223050117493,0,0.0,0.0
2002-12-26,1.7000000476837158,1.899999976158142,1.7000000476837158,1.899999976158142,1.115223050117493,1501,0.0,0.0
2002-12-27,2.0,2.049999952316284,1.649999976158142,1.75,1.0271790027618408,3010,0.0,0.0
2002-12-30,2.0,2.0,1.75,2.0,1.1739190816879272,510,0.0,0.0
2002-12-31,2.0,2.0,2.0,2.0,1.1739190816879272,0,0.0,0.0
2003-01-01,2.0,2.0,2.0,2.0,1.1739190816879272,0,0.0,0.0
2003-01-02,1.7000000476837158,1.7000000476837158,1.649999976158142,1.7000000476837158,0.9978312253952026,2300,0.0,0.0
2003-01-03,1.75,1.75,1.75,1.75,1.0271790027618408,1000,0.0,0.0
2003-01-06,1.600000023841858,1.950000047683716,1.5,1.5,0.8804391622543335,3296,0.0,0.0
2003-01-07,1.5,1.5,1.5,1.5,0.8804391622543335,0,0.0,0.0
2003-01-08,1.75,1.75,1.75,1.75,1.0271790027618408,500,0.0,0.0
2003-01-09,1.649999976158142,1.75,1.649999976158142,1.75,1.0271790027618408,1600,0.0,0.0
2003-01-10,1.75,1.75,1.75,1.75,1.0271790027618408,0,0.0,0.0
2003-01-13,1.5,1.600000023841858,1.5,1.600000023841858,0.939135193824768,750,0.0,0.0
2003-01-14,1.5499999523162842,1.850000023841858,1.5499999523162842,1.850000023841858,1.0858752727508545,1000,0.0,0.0
2003-01-15,1.850000023841858,1.850000023841858,1.850000023841858,1.850000023841858,1.0858752727508545,0,0.0,0.0
2003-01-16,1.5499999523162842,1.5499999523162842,1.5499999523162842,1.5499999523162842,0.9097872376441956,300,0.0,0.0
2003-01-17,1.5499999523162842,1.5499999523162842,1.5499999523162842,1.5499999523162842,0.9097872376441956,1650,0.0,0.0
2003-01-20,1.7000000476837158,1.7000000476837158,1.5499999523162842,1.600000023841858,0.939135193824768,2002,0.0,0.0
2003-01-21,1.7000000476837158,1.7000000476837158,1.7000000476837158,1.7000000476837158,0.9978312253952026,203,0.0,0.0
2003-01-22,1.7000000476837158,1.7000000476837158,1.7000000476837158,1.7000000476837158,0.9978312253952026,300,0.0,0.0
2003-01-23,1.7000000476837158,2.0,1.7000000476837158,1.7000000476837158,0.9978312253952026,625,0.0,0.0
2003-01-24,1.7000000476837158,1.7000000476837158,1.7000000476837158,1.7000000476837158,0.9978312253952026,0,0.0,0.0
2003-01-27,1.7000000476837158,1.7999999523162842,1.600000023841858,1.7999999523162842,1.0565271377563477,1132,0.0,0.0
2003-01-28,1.7999999523162842,1.7999999523162842,1.7999999523162842,1.7999999523162842,1.0565271377563477,0,0.0,0.0
2003-01-29,2.0,2.0,1.600000023841858,1.600000023841858,0.939135193824768,20,0.0,0.0
2003-01-30,1.600000023841858,1.600000023841858,1.2999999523162842,1.2999999523162842,0.7630472779273987,8779,0.0,0.0
2003-01-31,1.4500000476837158,1.5,1.149999976158142,1.5,0.8804391622543335,208,0.0,0.0
2003-02-03,1.2000000476837158,1.399999976158142,1.2000000476837158,1.399999976158142,0.8217433094978333,20,0.0,0.0
2003-02-04,1.600000023841858,1.600000023841858,1.600000023841858,1.600000023841858,0.939135193824768,1000,0.0,0.0
2003-02-05,1.7000000476837158,1.7000000476837158,1.7000000476837158,1.7000000476837158,0.9978312253952026,100,0.0,0.0
2003-02-06,1.5,1.5,1.5,1.5,0.8804391622543335,500,0.0,0.0
2003-02-07,1.2999999523162842,1.7000000476837158,1.2999999523162842,1.7000000476837158,0.9978312253952026,2600,0.0,0.0
2003-02-10,1.399999976158142,1.399999976158142,1.399999976158142,1.399999976158142,0.8217433094978333,1,0.0,0.0
2003-02-11,1.7000000476837158,1.7000000476837158,1.399999976158142,1.399999976158142,0.8217433094978333,20,0.0,0.0
2003-02-12,1.2000000476837158,1.600000023841858,1.2000000476837158,1.2000000476837158,0.7043512463569641,512,0.0,0.0
2003-02-13,1.2000000476837158,1.2000000476837158,1.2000000476837158,1.2000000476837158,0.7043512463569641,0,0.0,0.0
2003-02-14,1.0499999523162842,1.2000000476837158,1.0,1.0499999523162842,0.6163074374198914,7701,0.0,0.0
2003-02-17,1.100000023841858,1.100000023841858,0.8500000238418579,0.8500000238418579,0.4989156126976013,31505,0.0,0.0
2003-02-18,0.8999999761581421,1.0,0.699999988079071,0.800000011920929,0.469567596912384,62444,0.0,0.0
2003-02-19,0.949999988079071,1.0,0.75,0.949999988079071,0.5576115250587463,17562,0.0,0.0
2003-02-20,1.0,1.0,0.8999999761581421,0.949999988079071,0.5576115250587463,12497,0.0,0.0
2003-02-21,1.0499999523162842,1.0499999523162842,0.949999988079071,0.949999988079071,0.5576115250587463,3632,0.0,0.0
2003-02-24,0.949999988079071,1.100000023841858,0.949999988079071,1.100000023841858,0.6456553936004639,3100,0.0,0.0
2003-02-25,0.949999988079071,1.0499999523162842,0.949999988079071,0.949999988079071,0.5576115250587463,5400,0.0,0.0
2003-02-26,1.0499999523162842,1.149999976158142,1.0499999523162842,1.100000023841858,0.6456553936004639,5550,0.0,0.0
2003-02-27,1.149999976158142,1.25,1.149999976158142,1.25,0.7336993217468262,1300,0.0,0.0
2003-02-28,1.25,1.2999999523162842,1.2000000476837158,1.2000000476837158,0.7043512463569641,16171,0.0,0.0
2003-03-03,1.2000000476837158,1.2000000476837158,1.149999976158142,1.2000000476837158,0.7043512463569641,1750,0.0,0.0
2003-03-04,1.25,1.4500000476837158,1.25,1.4500000476837158,0.8510913252830505,47500,0.0,0.0
2003-03-05,1.7000000476837158,1.75,1.5499999523162842,1.75,1.0271790027618408,20173,0.0,0.0
2003-03-06,2.0999999046325684,2.0999999046325684,1.5499999523162842,1.950000047683716,1.14457106590271,19142,0.0,0.0
2003-03-07,1.649999976158142,2.0999999046325684,1.600000023841858,2.0999999046325684,1.2326148748397827,24735,0.0,0.0
2003-03-10,2.0,2.0999999046325684,1.7000000476837158,1.7000000476837158,0.9978312253952026,19870,0.0,0.0
2003-03-11,1.5,2.049999952316284,1.5,2.0,1.1739190816879272,36376,0.0,0.0
2003-03-12,2.049999952316284,2.400000095367432,1.7999999523162842,2.3499999046325684,1.3793548345565796,16428,0.0,0.0
2003-03-13,2.0999999046325684,2.450000047683716,2.049999952316284,2.3499999046325684,1.3793548345565796,20476,0.0,0.0
2003-03-14,2.3499999046325684,2.3499999046325684,2.3499999046325684,2.3499999046325684,1.3793548345565796,0,0.0,0.0
2003-03-17,1.950000047683716,2.150000095367432,1.899999976158142,2.150000095367432,1.2619630098342896,8500,0.0,0.0
2003-03-18,2.150000095367432,2.150000095367432,2.150000095367432,2.150000095367432,1.2619630098342896,0,0.0,0.0
2003-03-19,2.5,2.5,2.0,2.0999999046325684,1.2326148748397827,6530,0.0,0.0
2003-03-20,2.549999952316284,2.549999952316284,2.150000095367432,2.5,1.4673986434936523,1449060,0.0,0.0
2003-03-21,3.0,3.0,2.0999999046325684,2.0999999046325684,1.2326148748397827,17410,0.0,0.0
2003-03-24,2.25,2.700000047683716,2.200000047683716,2.200000047683716,1.2913107872009275,21119,0.0,0.0
2003-03-25,2.549999952316284,2.5999999046325684,2.200000047683716,2.25,1.320658802986145,10601,0.0,0.0
2003-03-26,2.5,2.700000047683716,2.3499999046325684,2.700000047683716,1.584790587425232,18645,0.0,0.0
2003-03-27,3.25,3.25,2.200000047683716,2.650000095367432,1.5554425716400146,1308015,0.0,0.0
2003-03-28,2.5999999046325684,2.5999999046325684,2.450000047683716,2.450000047683716,1.4380508661270142,1690,0.0,0.0
2003-03-31,2.0,2.950000047683716,2.0,2.950000047683716,1.7315304279327393,1437021,0.0,0.0
2003-04-01,2.700000047683716,2.700000047683716,2.450000047683716,2.450000047683716,1.4380508661270142,2100,0.0,0.0
2003-04-02,2.950000047683716,2.950000047683716,2.950000047683716,2.950000047683716,1.7315304279327393,1500,0.0,0.0
2003-04-03,3.0,3.0,2.950000047683716,2.950000047683716,1.7315304279327393,544,0.0,0.0
2003-04-04,2.950000047683716,2.950000047683716,2.950000047683716,2.950000047683716,1.7315304279327393,500,0.0,0.0
2003-04-07,2.799999952316284,2.799999952316284,2.799999952316284,2.799999952316284,1.6434866189956665,6439,0.0,0.0
2003-04-08,2.3499999046325684,2.799999952316284,2.25,2.799999952316284,1.6434866189956665,4173,0.0,0.0
2003-04-09,2.299999952316284,2.3499999046325684,2.25,2.25,1.320658802986145,3400,0.0,0.0
2003-04-10,2.25,2.25,2.25,2.25,1.320658802986145,1500,0.0,0.0
2003-04-11,2.25,2.25,2.25,2.25,1.320658802986145,0,0.0,0.0
2003-04-14,2.25,2.25,2.25,2.25,1.320658802986145,0,0.0,0.0
2003-04-15,2.200000047683716,2.200000047683716,1.7999999523162842,2.200000047683716,1.2913107872009275,4100,0.0,0.0
2003-04-16,2.400000095367432,2.400000095367432,2.400000095367432,2.400000095367432,1.4087024927139282,500,0.0,0.0
2003-04-17,2.400000095367432,2.400000095367432,2.400000095367432,2.400000095367432,1.4087024927139282,0,0.0,0.0
2003-04-18,2.400000095367432,2.400000095367432,2.400000095367432,2.400000095367432,1.4087024927139282,0,0.0,0.0
2003-04-21,2.299999952316284,2.900000095367432,2.299999952316284,2.3499999046325684,1.3793548345565796,17603,0.0,0.0
2003-04-22,2.25,2.450000047683716,2.25,2.25,1.320658802986145,5187,0.0,0.0
2003-04-23,2.25,2.25,2.25,2.25,1.320658802986145,3700,0.0,0.0
2003-04-24,2.0,2.150000095367432,1.899999976158142,2.150000095367432,1.2619630098342896,13554,0.0,0.0
2003-04-25,2.0,2.200000047683716,2.0,2.200000047683716,1.2913107872009275,7500,0.0,0.0
2003-04-28,1.950000047683716,2.150000095367432,1.950000047683716,2.150000095367432,1.2619630098342896,3000,0.0,0.0
2003-04-29,1.7999999523162842,2.150000095367432,1.7999999523162842,1.899999976158142,1.115223050117493,3537,0.0,0.0
2003-04-30,1.850000023841858,2.0,1.75,1.75,1.0271790027618408,15806,0.0,0.0
2003-05-01,1.75,1.75,1.75,1.75,1.0271790027618408,0,0.0,0.0
2003-05-02,2.0,2.0999999046325684,2.0,2.049999952316284,1.2032668590545654,41779,0.0,0.0
2003-05-05,1.7999999523162842,1.7999999523162842,1.7999999523162842,1.7999999523162842,1.0565271377563477,200,0.0,0.0
2003-05-06,1.7999999523162842,1.7999999523162842,1.7999999523162842,1.7999999523162842,1.0565271377563477,0,0.0,0.0
2003-05-07,1.850000023841858,1.850000023841858,1.75,1.75,1.0271790027618408,4320,0.0,0.0
2003-05-08,1.75,1.75,1.600000023841858,1.600000023841858,0.939135193824768,1000,0.0,0.0
2003-05-09,1.5,1.75,1.5,1.75,1.0271790027618408,2180,0.0,0.0
2003-05-12,1.5499999523162842,1.5499999523162842,1.5499999523162842,1.5499999523162842,0.9097872376441956,800,0.0,0.0
2003-05-13,1.5499999523162842,1.850000023841858,1.5499999523162842,1.5499999523162842,0.9097872376441956,1352,0.0,0.0
2003-05-14,1.5499999523162842,1.850000023841858,1.5499999523162842,1.600000023841858,0.939135193824768,220,0.0,0.0
2003-05-15,1.7999999523162842,1.7999999523162842,1.7999999523162842,1.7999999523162842,1.0565271377563477,1000,0.0,0.0
2003-05-16,1.899999976158142,2.0,1.899999976158142,2.0,1.1739190816879272,4600,0.0,0.0
2003-05-19,1.950000047683716,1.950000047683716,1.7999999523162842,1.7999999523162842,1.0565271377563477,1200,0.0,0.0
2003-05-20,1.7999999523162842,1.7999999523162842,1.7999999523162842,1.7999999523162842,1.0565271377563477,500,0.0,0.0
2003-05-21,1.600000023841858,1.75,1.600000023841858,1.7000000476837158,0.9978312253952026,7500,0.0,0.0
2003-05-22,1.600000023841858,1.7999999523162842,1.5,1.649999976158142,0.9684832096099854,8706,0.0,0.0
2003-05-23,1.649999976158142,1.649999976158142,1.649999976158142,1.649999976158142,0.9684832096099854,0,0.0,0.0
2003-05-26,1.899999976158142,1.899999976158142,1.899999976158142,1.899999976158142,1.115223050117493,6000,0.0,0.0
2003-05-27,1.7999999523162842,1.950000047683716,1.7999999523162842,1.7999999523162842,1.0565271377563477,9510,0.0,0.0
2003-05-28,1.7999999523162842,1.7999999523162842,1.600000023841858,1.75,1.0271790027618408,4300,0.0,0.0
2003-05-29,1.75,1.75,1.75,1.75,1.0271790027618408,0,0.0,0.0
2003-05-30,1.75,1.75,1.75,1.75,1.0271790027618408,0,0.0,0.0
2003-06-02,1.75,1.75,1.75,1.75,1.0271790027618408,0,0.0,0.0
2003-06-03,1.899999976158142,1.899999976158142,1.899999976158142,1.899999976158142,1.115223050117493,1,0.0,0.0
2003-06-04,1.850000023841858,1.899999976158142,1.850000023841858,1.899999976158142,1.115223050117493,1000,0.0,0.0
2003-06-05,2.0,2.0,1.7999999523162842,1.7999999523162842,1.0565271377563477,2087,0.0,0.0
2003-06-06,1.850000023841858,1.850000023841858,1.649999976158142,1.7000000476837158,0.9978312253952026,1700,0.0,0.0
2003-06-09,2.0,2.0,1.75,1.899999976158142,1.115223050117493,14502,0.0,0.0
2003-06-10,1.950000047683716,2.200000047683716,1.950000047683716,2.0999999046325684,1.2326148748397827,7874,0.0,0.0
2003-06-11,1.950000047683716,1.950000047683716,1.850000023841858,1.950000047683716,1.14457106590271,6101,0.0,0.0
2003-06-12,2.0,2.0,1.7999999523162842,1.899999976158142,1.115223050117493,3000,0.0,0.0
2003-06-13,1.899999976158142,1.950000047683716,1.7999999523162842,1.950000047683716,1.14457106590271,6601,0.0,0.0
2003-06-16,1.7000000476837158,1.7000000476837158,1.7000000476837158,1.7000000476837158,0.9978312253952026,2000,0.0,0.0
2003-06-17,1.899999976158142,1.899999976158142,1.850000023841858,1.899999976158142,1.115223050117493,1501,0.0,0.0
2003-06-18,1.649999976158142,1.950000047683716,1.649999976158142,1.7000000476837158,0.9978312253952026,4150,0.0,0.0
2003-06-19,1.7000000476837158,1.850000023841858,1.7000000476837158,1.7999999523162842,1.0565271377563477,3077,0.0,0.0
2003-06-20,1.7999999523162842,1.7999999523162842,1.600000023841858,1.75,1.0271790027618408,9764,0.0,0.0
2003-06-23,1.649999976158142,1.649999976158142,1.649999976158142,1.649999976158142,0.9684832096099854,500,0.0,0.0
2003-06-24,1.950000047683716,1.950000047683716,1.649999976158142,1.7999999523162842,1.0565271377563477,3929,0.0,0.0
2003-06-25,1.850000023841858,1.850000023841858,1.7000000476837158,1.850000023841858,1.0858752727508545,9200,0.0,0.0
2003-06-26,1.850000023841858,1.850000023841858,1.7000000476837158,1.75,1.0271790027618408,1002,0.0,0.0
2003-06-27,1.75,1.75,1.75,1.75,1.0271790027618408,1599,0.0,0.0
2003-06-30,1.850000023841858,1.950000047683716,1.7999999523162842,1.899999976158142,1.115223050117493,6200,0.0,0.0
2003-07-01,1.7999999523162842,1.950000047683716,1.649999976158142,1.649999976158142,0.9684832096099854,16402,0.0,0.0
2003-07-02,1.899999976158142,2.0,1.899999976158142,2.0,1.1739190816879272,23498,0.0,0.0
2003-07-03,2.3499999046325684,2.400000095367432,2.3499999046325684,2.400000095367432,1.4087024927139282,11330,0.0,0.0
2003-07-04,2.799999952316284,2.900000095367432,2.799999952316284,2.900000095367432,1.702182650566101,48399,0.0,0.0
2003-07-07,3.0,3.5,2.900000095367432,3.049999952316284,1.7902264595031738,75002,0.0,0.0
2003-07-08,3.299999952316284,3.3499999046325684,2.900000095367432,2.950000047683716,1.7315304279327393,20614,0.0,0.0
2003-07-09,3.0,3.0,2.400000095367432,2.450000047683716,1.4380508661270142,27207,0.0,0.0
2003-07-10,2.400000095367432,2.8499999046325684,2.400000095367432,2.5999999046325684,1.5260945558547974,4101,0.0,0.0
2003-07-11,2.700000047683716,3.0,2.450000047683716,2.5999999046325684,1.5260945558547974,6361,0.0,0.0
2003-07-14,2.450000047683716,2.5,2.400000095367432,2.450000047683716,1.4380508661270142,4290,0.0,0.0
2003-07-15,2.400000095367432,2.549999952316284,2.299999952316284,2.400000095367432,1.4087024927139282,2102,0.0,0.0
2003-07-16,2.400000095367432,2.400000095367432,2.3499999046325684,2.400000095367432,1.4087024927139282,7330,0.0,0.0
2003-07-17,2.400000095367432,2.400000095367432,2.400000095367432,2.400000095367432,1.4087024927139282,0,0.0,0.0
2003-07-18,2.400000095367432,2.400000095367432,2.150000095367432,2.150000095367432,1.2619630098342896,1250,0.0,0.0
2003-07-21,2.5999999046325684,2.5999999046325684,2.25,2.25,1.320658802986145,6202,0.0,0.0
2003-07-22,2.150000095367432,2.150000095367432,1.850000023841858,1.850000023841858,1.0858752727508545,7255,0.0,0.0
2003-07-23,1.899999976158142,2.25,1.899999976158142,2.150000095367432,1.2619630098342896,10100,0.0,0.0
2003-07-24,2.200000047683716,2.200000047683716,2.200000047683716,2.200000047683716,1.2913107872009275,3300,0.0,0.0
2003-07-25,2.200000047683716,2.200000047683716,2.0999999046325684,2.0999999046325684,1.2326148748397827,2500,0.0,0.0
2003-07-28,2.200000047683716,2.3499999046325684,2.150000095367432,2.200000047683716,1.2913107872009275,5650,0.0,0.0
2003-07-29,2.049999952316284,2.0999999046325684,2.0,2.0999999046325684,1.2326148748397827,12198,0.0,0.0
2003-07-30,2.299999952316284,2.299999952316284,2.0999999046325684,2.150000095367432,1.2619630098342896,15900,0.0,0.0
2003-07-31,2.0,2.5999999046325684,2.0,2.5,1.4673986434936523,20980,0.0,0.0
2003-08-01,2.950000047683716,2.950000047683716,2.25,2.400000095367432,1.4087024927139282,19624,0.0,0.0
2003-08-04,2.5,2.5,2.25,2.25,1.320658802986145,11474,0.0,0.0
2003-08-05,2.25,2.650000095367432,2.25,2.5,1.4673986434936523,38237,0.0,0.0
2003-08-06,2.5,2.5,2.299999952316284,2.299999952316284,1.3500066995620728,15102,0.0,0.0
2003-08-07,2.549999952316284,2.549999952316284,2.200000047683716,2.25,1.320658802986145,22722,0.0,0.0
2003-08-08,2.549999952316284,2.549999952316284,2.25,2.25,1.320658802986145,10901,0.0,0.0
2003-08-11,2.400000095367432,2.400000095367432,2.25,2.25,1.320658802986145,17367,0.0,0.0
2003-08-12,2.3499999046325684,2.450000047683716,2.299999952316284,2.3499999046325684,1.3793548345565796,12920,0.0,0.0
2003-08-13,2.549999952316284,2.549999952316284,2.299999952316284,2.299999952316284,1.3500066995620728,12758,0.0,0.0
2003-08-14,2.5,2.799999952316284,2.450000047683716,2.799999952316284,1.6434866189956665,87661,0.0,0.0
2003-08-15,2.799999952316284,2.799999952316284,2.799999952316284,2.799999952316284,1.6434866189956665,0,0.0,0.0
2003-08-18,3.3499999046325684,3.400000095367432,3.0,3.400000095367432,1.9956624507904053,162619,0.0,0.0
2003-08-19,4.050000190734863,4.099999904632568,3.299999952316284,3.3499999046325684,1.9663143157958984,130031,0.0,0.0
2003-08-20,3.650000095367432,3.650000095367432,2.799999952316284,3.049999952316284,1.7902264595031738,53507,0.0,0.0
2003-08-21,3.0,3.25,2.950000047683716,3.200000047683716,1.878270387649536,55603,0.0,0.0
2003-08-22,3.5,3.5,3.150000095367432,3.450000047683716,2.025010108947754,110256,0.0,0.0
2003-08-25,3.5,4.150000095367432,3.0,3.3499999046325684,1.9663143157958984,99203,0.0,0.0
2003-08-26,3.650000095367432,3.650000095367432,3.200000047683716,3.450000047683716,2.025010108947754,1031705,0.0,0.0
2003-08-27,3.5,4.099999904632568,3.5,3.5999999046325684,2.113054275512696,145927,0.0,0.0
2003-08-28,4.0,4.0,3.450000047683716,3.450000047683716,2.025010108947754,50315,0.0,0.0
2003-08-29,3.400000095367432,3.700000047683716,3.3499999046325684,3.400000095367432,1.9956624507904053,31600,0.0,0.0
2003-09-01,3.299999952316284,3.549999952316284,3.0999999046325684,3.150000095367432,1.84892213344574,43944,0.0,0.0
2003-09-02,2.8499999046325684,3.3499999046325684,2.8499999046325684,2.950000047683716,1.7315304279327393,42012,0.0,0.0
2003-09-03,3.299999952316284,3.299999952316284,2.400000095367432,2.900000095367432,1.702182650566101,17582,0.0,0.0
2003-09-04,3.049999952316284,3.25,2.900000095367432,2.950000047683716,1.7315304279327393,14080,0.0,0.0
2003-09-05,3.299999952316284,3.299999952316284,2.900000095367432,3.049999952316284,1.7902264595031738,11170,0.0,0.0
2003-09-08,3.150000095367432,3.150000095367432,2.900000095367432,2.900000095367432,1.702182650566101,11721,0.0,0.0
2003-09-09,3.200000047683716,3.200000047683716,2.3499999046325684,2.549999952316284,1.4967466592788696,36383,0.0,0.0
2003-09-10,2.549999952316284,2.549999952316284,2.549999952316284,2.549999952316284,1.4967466592788696,0,0.0,0.0
2003-09-11,2.549999952316284,2.549999952316284,2.549999952316284,2.549999952316284,1.4967466592788696,0,0.0,0.0
2003-09-12,2.549999952316284,2.549999952316284,2.549999952316284,2.549999952316284,1.4967466592788696,0,0.0,0.0
2003-09-15,2.549999952316284,2.549999952316284,2.549999952316284,2.549999952316284,1.4967466592788696,0,0.0,0.0
2003-09-16,2.549999952316284,2.549999952316284,2.549999952316284,2.549999952316284,1.4967466592788696,0,0.0,0.0
2003-09-17,2.549999952316284,2.549999952316284,2.549999952316284,2.549999952316284,1.4967466592788696,0,0.0,0.0
2003-09-18,2.549999952316284,2.549999952316284,2.549999952316284,2.549999952316284,1.4967466592788696,0,0.0,0.0
2003-09-19,2.549999952316284,2.549999952316284,2.549999952316284,2.549999952316284,1.4967466592788696,0,0.0,0.0
2003-09-22,2.549999952316284,2.549999952316284,2.549999952316284,2.549999952316284,1.4967466592788696,0,0.0,0.0
2003-09-23,2.549999952316284,2.549999952316284,2.549999952316284,2.549999952316284,1.4967466592788696,0,0.0,0.0
2003-09-24,2.549999952316284,2.549999952316284,2.549999952316284,2.549999952316284,1.4967466592788696,0,0.0,0.0
2003-09-25,2.549999952316284,2.549999952316284,2.549999952316284,2.549999952316284,1.4967466592788696,0,0.0,0.0
2003-09-26,2.549999952316284,2.549999952316284,2.549999952316284,2.549999952316284,1.4967466592788696,0,0.0,0.0
2003-09-29,2.549999952316284,2.549999952316284,2.549999952316284,2.549999952316284,1.4967466592788696,0,0.0,0.0
2003-09-30,2.549999952316284,2.549999952316284,2.549999952316284,2.549999952316284,1.4967466592788696,0,0.0,0.0
2003-10-01,2.549999952316284,2.549999952316284,2.549999952316284,2.549999952316284,1.4967466592788696,0,0.0,0.0
2003-10-02,2.549999952316284,2.549999952316284,2.549999952316284,2.549999952316284,1.4967466592788696,0,0.0,0.0
2003-10-03,2.549999952316284,2.549999952316284,2.549999952316284,2.549999952316284,1.4967466592788696,0,0.0,0.0
2003-10-06,2.549999952316284,2.549999952316284,2.549999952316284,2.549999952316284,1.4967466592788696,0,0.0,0.0
2003-10-07,2.549999952316284,2.549999952316284,2.549999952316284,2.549999952316284,1.4967466592788696,0,0.0,0.0
2003-10-08,2.549999952316284,2.549999952316284,2.549999952316284,2.549999952316284,1.4967466592788696,0,0.0,0.0
2003-10-09,2.549999952316284,2.549999952316284,2.549999952316284,2.549999952316284,1.4967466592788696,0,0.0,0.0
2003-10-10,2.549999952316284,2.549999952316284,2.549999952316284,2.549999952316284,1.4967466592788696,0,0.0,0.0
2003-10-13,2.549999952316284,2.549999952316284,2.549999952316284,2.549999952316284,1.4967466592788696,0,0.0,0.0
2003-10-14,2.549999952316284,2.549999952316284,2.549999952316284,2.549999952316284,1.4967466592788696,0,0.0,0.0
2003-10-15,2.549999952316284,2.549999952316284,2.549999952316284,2.549999952316284,1.4967466592788696,0,0.0,0.0
2003-10-16,2.549999952316284,2.549999952316284,2.549999952316284,2.549999952316284,1.4967466592788696,0,0.0,0.0
2003-10-17,2.549999952316284,2.549999952316284,2.549999952316284,2.549999952316284,1.4967466592788696,0,0.0,0.0
2003-10-20,2.549999952316284,2.549999952316284,2.549999952316284,2.549999952316284,1.4967466592788696,0,0.0,0.0
2003-10-21,2.549999952316284,2.549999952316284,2.549999952316284,2.549999952316284,1.4967466592788696,0,0.0,0.0
2003-10-22,2.549999952316284,2.549999952316284,2.549999952316284,2.549999952316284,1.4967466592788696,0,0.0,0.0
2003-10-23,2.549999952316284,2.549999952316284,2.549999952316284,2.549999952316284,1.4967466592788696,0,0.0,0.0
2003-10-24,2.549999952316284,2.549999952316284,2.549999952316284,2.549999952316284,1.4967466592788696,0,0.0,0.0
2003-10-27,2.549999952316284,2.549999952316284,2.549999952316284,2.549999952316284,1.4967466592788696,0,0.0,0.0
2003-10-28,2.549999952316284,2.549999952316284,2.549999952316284,2.549999952316284,1.4967466592788696,0,0.0,0.0
2003-10-29,2.549999952316284,2.549999952316284,2.549999952316284,2.549999952316284,1.4967466592788696,0,0.0,0.0
2003-10-30,2.549999952316284,2.549999952316284,2.549999952316284,2.549999952316284,1.4967466592788696,0,0.0,0.0
2003-10-31,2.549999952316284,2.549999952316284,2.549999952316284,2.549999952316284,1.4967466592788696,0,0.0,0.0
2003-11-03,2.549999952316284,2.549999952316284,2.549999952316284,2.549999952316284,1.4967466592788696,0,0.0,0.0
2003-11-04,2.549999952316284,2.549999952316284,2.549999952316284,2.549999952316284,1.4967466592788696,0,0.0,0.0
2003-11-05,2.549999952316284,2.549999952316284,2.549999952316284,2.549999952316284,1.4967466592788696,0,0.0,0.0
2003-11-06,2.549999952316284,2.549999952316284,2.549999952316284,2.549999952316284,1.4967466592788696,0,0.0,0.0
2003-11-07,2.549999952316284,2.549999952316284,2.549999952316284,2.549999952316284,1.4967466592788696,0,0.0,0.0
2003-11-10,2.549999952316284,2.549999952316284,2.549999952316284,2.549999952316284,1.4967466592788696,0,0.0,0.0
2003-11-11,2.549999952316284,2.549999952316284,2.549999952316284,2.549999952316284,1.4967466592788696,0,0.0,0.0
2003-11-12,2.549999952316284,2.549999952316284,2.549999952316284,2.549999952316284,1.4967466592788696,0,0.0,0.0
2003-11-13,2.549999952316284,2.549999952316284,2.549999952316284,2.549999952316284,1.4967466592788696,0,0.0,0.0
2003-11-14,2.549999952316284,2.549999952316284,2.549999952316284,2.549999952316284,1.4967466592788696,0,0.0,0.0
2003-11-17,2.549999952316284,2.549999952316284,2.549999952316284,2.549999952316284,1.4967466592788696,0,0.0,0.0
2003-11-18,2.549999952316284,2.549999952316284,2.549999952316284,2.549999952316284,1.4967466592788696,0,0.0,0.0
2003-11-19,2.549999952316284,2.549999952316284,2.549999952316284,2.549999952316284,1.4967466592788696,0,0.0,0.0
2003-11-20,2.549999952316284,2.549999952316284,2.549999952316284,2.549999952316284,1.4967466592788696,0,0.0,0.0
2003-11-21,2.549999952316284,2.549999952316284,2.549999952316284,2.549999952316284,1.4967466592788696,0,0.0,0.0
2003-11-24,2.549999952316284,2.549999952316284,2.549999952316284,2.549999952316284,1.4967466592788696,0,0.0,0.0
2003-11-25,2.549999952316284,2.549999952316284,2.549999952316284,2.549999952316284,1.4967466592788696,0,0.0,0.0
2003-11-26,2.549999952316284,2.549999952316284,2.549999952316284,2.549999952316284,1.4967466592788696,0,0.0,0.0
2003-11-27,2.549999952316284,2.549999952316284,2.549999952316284,2.549999952316284,1.4967466592788696,0,0.0,0.0
2003-11-28,2.549999952316284,2.549999952316284,2.549999952316284,2.549999952316284,1.4967466592788696,0,0.0,0.0
2003-12-01,2.549999952316284,2.549999952316284,2.549999952316284,2.549999952316284,1.4967466592788696,0,0.0,0.0
2003-12-02,2.549999952316284,2.549999952316284,2.549999952316284,2.549999952316284,1.4967466592788696,0,0.0,0.0
2003-12-03,2.549999952316284,2.549999952316284,2.549999952316284,2.549999952316284,1.4967466592788696,0,0.0,0.0
2003-12-04,2.549999952316284,2.549999952316284,2.549999952316284,2.549999952316284,1.4967466592788696,0,0.0,0.0
2003-12-05,2.549999952316284,2.549999952316284,2.549999952316284,2.549999952316284,1.4967466592788696,0,0.0,0.0
2003-12-08,2.549999952316284,2.549999952316284,2.549999952316284,2.549999952316284,1.4967466592788696,0,0.0,0.0
2003-12-09,2.549999952316284,2.549999952316284,2.549999952316284,2.549999952316284,1.4967466592788696,0,0.0,0.0
2003-12-10,2.549999952316284,2.549999952316284,2.549999952316284,2.549999952316284,1.4967466592788696,0,0.0,0.0
2003-12-11,2.549999952316284,2.549999952316284,2.549999952316284,2.549999952316284,1.4967466592788696,0,0.0,0.0
2003-12-12,2.549999952316284,2.549999952316284,2.549999952316284,2.549999952316284,1.4967466592788696,0,0.0,0.0
2003-12-15,2.549999952316284,2.549999952316284,2.549999952316284,2.549999952316284,1.4967466592788696,0,0.0,0.0
2003-12-16,2.549999952316284,2.549999952316284,2.549999952316284,2.549999952316284,1.4967466592788696,0,0.0,0.0
2003-12-17,2.549999952316284,2.549999952316284,2.549999952316284,2.549999952316284,1.4967466592788696,0,0.0,0.0
2003-12-18,2.549999952316284,2.549999952316284,2.549999952316284,2.549999952316284,1.4967466592788696,0,0.0,0.0
2003-12-19,2.549999952316284,2.549999952316284,2.549999952316284,2.549999952316284,1.4967466592788696,0,0.0,0.0
2003-12-22,2.549999952316284,2.549999952316284,2.549999952316284,2.549999952316284,1.4967466592788696,0,0.0,0.0
2003-12-23,2.549999952316284,2.549999952316284,2.549999952316284,2.549999952316284,1.4967466592788696,0,0.0,0.0
2003-12-24,2.549999952316284,2.549999952316284,2.549999952316284,2.549999952316284,1.4967466592788696,0,0.0,0.0
2003-12-25,2.549999952316284,2.549999952316284,2.549999952316284,2.549999952316284,1.4967466592788696,0,0.0,0.0
2003-12-26,2.549999952316284,2.549999952316284,2.549999952316284,2.549999952316284,1.4967466592788696,0,0.0,0.0
2003-12-29,2.549999952316284,2.549999952316284,2.549999952316284,2.549999952316284,1.4967466592788696,0,0.0,0.0
2003-12-30,3.200000047683716,3.200000047683716,2.799999952316284,2.799999952316284,1.6434866189956665,21869,0.0,0.0
2003-12-31,2.75,2.900000095367432,2.5,2.75,1.6141384840011597,27523,0.0,0.0
2004-01-01,3.0,3.049999952316284,2.700000047683716,2.799999952316284,1.6434866189956665,21000,0.0,0.0
2004-01-02,3.0,3.0,2.549999952316284,2.900000095367432,1.702182650566101,21776,0.0,0.0
2004-01-05,3.0999999046325684,3.0999999046325684,2.5999999046325684,2.799999952316284,1.6434866189956665,13501,0.0,0.0
2004-01-06,2.799999952316284,3.049999952316284,2.5999999046325684,2.799999952316284,1.6434866189956665,8227,0.0,0.0
2004-01-07,3.0999999046325684,3.299999952316284,2.549999952316284,2.75,1.6141384840011597,23152,0.0,0.0
2004-01-08,2.900000095367432,3.049999952316284,2.5999999046325684,3.0,1.760878324508667,20945,0.0,0.0
2004-01-09,3.0999999046325684,3.0999999046325684,2.650000095367432,2.700000047683716,1.584790587425232,15650,0.0,0.0
2004-01-12,2.900000095367432,3.0,2.700000047683716,2.75,1.6141384840011597,21825,0.0,0.0
2004-01-13,2.75,2.75,2.450000047683716,2.549999952316284,1.4967466592788696,309750,0.0,0.0
2004-01-14,3.049999952316284,3.049999952316284,2.450000047683716,2.650000095367432,1.5554425716400146,21743,0.0,0.0
2004-01-15,2.799999952316284,2.8499999046325684,2.549999952316284,2.5999999046325684,1.5260945558547974,13100,0.0,0.0
2004-01-16,2.700000047683716,3.0,2.5999999046325684,2.799999952316284,1.6434866189956665,53708,0.0,0.0
2004-01-19,2.799999952316284,2.8499999046325684,2.5,2.5999999046325684,1.5260945558547974,24551,0.0,0.0
2004-01-20,2.700000047683716,2.75,2.5,2.650000095367432,1.5554425716400146,26913,0.0,0.0
2004-01-21,2.549999952316284,2.650000095367432,2.5,2.549999952316284,1.4967466592788696,14336,0.0,0.0
2004-01-22,2.299999952316284,2.299999952316284,2.049999952316284,2.049999952316284,1.2032668590545654,9431,0.0,0.0
2004-01-23,2.0999999046325684,2.5,2.0999999046325684,2.5,1.4673986434936523,7300,0.0,0.0
2004-01-26,2.5,2.5,2.5,2.5,1.4673986434936523,0,0.0,0.0
2004-01-27,2.5,2.5,2.150000095367432,2.299999952316284,1.3500066995620728,8281,0.0,0.0
2004-01-28,2.25,2.25,2.0,2.0999999046325684,1.2326148748397827,13748,0.0,0.0
2004-01-29,2.200000047683716,2.3499999046325684,2.049999952316284,2.049999952316284,1.2032668590545654,12707,0.0,0.0
2004-01-30,2.0,2.25,2.0,2.0,1.1739190816879272,15302,0.0,0.0
2004-02-02,2.0,2.0,2.0,2.0,1.1739190816879272,0,0.0,0.0
2004-02-03,2.200000047683716,2.200000047683716,1.950000047683716,1.950000047683716,1.14457106590271,7105,0.0,0.0
2004-02-04,2.25,2.25,1.7999999523162842,1.7999999523162842,1.0565271377563477,1902,0.0,0.0
2004-02-05,1.850000023841858,2.0,1.75,1.75,1.0271790027618408,5000,0.0,0.0
2004-02-06,1.7999999523162842,2.0999999046325684,1.7999999523162842,2.0,1.1739190816879272,700,0.0,0.0
2004-02-09,2.0999999046325684,2.150000095367432,1.850000023841858,2.049999952316284,1.2032668590545654,2253,0.0,0.0
2004-02-10,2.0,2.0,1.649999976158142,1.75,1.0271790027618408,15805,0.0,0.0
2004-02-11,1.850000023841858,2.0,1.850000023841858,1.850000023841858,1.0858752727508545,2400,0.0,0.0
2004-02-12,1.850000023841858,1.950000047683716,1.850000023841858,1.899999976158142,1.115223050117493,4800,0.0,0.0
2004-02-13,1.899999976158142,1.899999976158142,1.7000000476837158,1.7999999523162842,1.0565271377563477,6900,0.0,0.0
2004-02-16,1.850000023841858,1.850000023841858,1.75,1.75,1.0271790027618408,2800,0.0,0.0
2004-02-17,1.7999999523162842,1.850000023841858,1.75,1.850000023841858,1.0858752727508545,780,0.0,0.0
2004-02-18,1.75,1.7999999523162842,1.75,1.7999999523162842,1.0565271377563477,2200,0.0,0.0
2004-02-19,1.75,1.7999999523162842,1.7000000476837158,1.7999999523162842,1.0565271377563477,4129,0.0,0.0
2004-02-20,1.7000000476837158,1.7000000476837158,1.7000000476837158,1.7000000476837158,0.9978312253952026,100,0.0,0.0
2004-02-23,1.75,1.75,1.5499999523162842,1.600000023841858,0.939135193824768,2100,0.0,0.0
2004-02-24,1.5,1.7000000476837158,1.5,1.600000023841858,0.939135193824768,5596,0.0,0.0
2004-02-25,1.7000000476837158,1.7999999523162842,1.5,1.7000000476837158,0.9978312253952026,6302,0.0,0.0
2004-02-26,1.7999999523162842,1.7999999523162842,1.600000023841858,1.600000023841858,0.939135193824768,102,0.0,0.0
2004-02-27,1.600000023841858,1.7999999523162842,1.5499999523162842,1.7000000476837158,0.9978312253952026,2100,0.0,0.0
2004-03-01,1.7999999523162842,1.7999999523162842,1.600000023841858,1.600000023841858,0.939135193824768,600,0.0,0.0
2004-03-02,1.600000023841858,1.600000023841858,1.600000023841858,1.600000023841858,0.939135193824768,0,0.0,0.0
2004-03-03,1.5499999523162842,1.75,1.4500000476837158,1.4500000476837158,0.8510913252830505,11100,0.0,0.0
2004-03-04,1.7000000476837158,1.7000000476837158,1.600000023841858,1.649999976158142,0.9684832096099854,2003,0.0,0.0
2004-03-05,1.4500000476837158,1.7000000476837158,1.4500000476837158,1.7000000476837158,0.9978312253952026,5502,0.0,0.0
2004-03-08,1.7000000476837158,1.7000000476837158,1.7000000476837158,1.7000000476837158,0.9978312253952026,0,0.0,0.0
2004-03-09,1.4500000476837158,1.649999976158142,1.399999976158142,1.5,0.8804391622543335,7236,0.0,0.0
2004-03-10,1.5,1.5,1.5,1.5,0.8804391622543335,204,0.0,0.0
2004-03-11,1.5,1.5,1.2999999523162842,1.350000023841858,0.792395293712616,1401,0.0,0.0
2004-03-12,1.5,1.5,1.5,1.5,0.8804391622543335,1850,0.0,0.0
2004-03-15,1.399999976158142,1.399999976158142,1.2000000476837158,1.399999976158142,0.8217433094978333,600,0.0,0.0
2004-03-16,1.5,1.649999976158142,1.350000023841858,1.350000023841858,0.792395293712616,4206,0.0,0.0
2004-03-17,1.5,1.5,1.399999976158142,1.399999976158142,0.8217433094978333,1200,0.0,0.0
2004-03-18,1.399999976158142,1.5499999523162842,1.25,1.25,0.7336993217468262,4427,0.0,0.0
2004-03-19,1.399999976158142,1.5,1.25,1.2999999523162842,0.7630472779273987,3506,0.0,0.0
2004-03-22,1.25,1.25,1.149999976158142,1.2000000476837158,0.7043512463569641,1601,0.0,0.0
2004-03-23,1.350000023841858,1.399999976158142,1.2000000476837158,1.399999976158142,0.8217433094978333,1861,0.0,0.0
2004-03-24,1.399999976158142,1.399999976158142,1.2000000476837158,1.350000023841858,0.792395293712616,4551,0.0,0.0
2004-03-25,1.2000000476837158,1.399999976158142,1.2000000476837158,1.350000023841858,0.792395293712616,4906,0.0,0.0
2004-03-26,1.25,1.399999976158142,1.25,1.25,0.7336993217468262,4045,0.0,0.0
2004-03-29,1.350000023841858,1.350000023841858,1.25,1.350000023841858,0.792395293712616,4600,0.0,0.0
2004-03-30,1.350000023841858,1.350000023841858,1.350000023841858,1.350000023841858,0.792395293712616,0,0.0,0.0
2004-03-31,1.25,1.5499999523162842,1.25,1.5,0.8804391622543335,1325,0.0,0.0
2004-04-01,1.600000023841858,1.600000023841858,1.350000023841858,1.350000023841858,0.792395293712616,800,0.0,0.0
2004-04-02,1.2999999523162842,1.399999976158142,1.2999999523162842,1.399999976158142,0.8217433094978333,1051,0.0,0.0
2004-04-05,1.600000023841858,1.7000000476837158,1.600000023841858,1.600000023841858,0.939135193824768,16600,0.0,0.0
2004-04-06,1.600000023841858,1.75,1.5,1.7000000476837158,0.9978312253952026,10364,0.0,0.0
2004-04-07,1.5,1.649999976158142,1.5,1.5,0.8804391622543335,2050,0.0,0.0
2004-04-08,1.5,1.5,1.5,1.5,0.8804391622543335,500,0.0,0.0
2004-04-09,1.5,1.5,1.5,1.5,0.8804391622543335,0,0.0,0.0
2004-04-12,1.600000023841858,1.600000023841858,1.600000023841858,1.600000023841858,0.939135193824768,2000,0.0,0.0
2004-04-13,1.5,1.5,1.5,1.5,0.8804391622543335,1400,0.0,0.0
2004-04-14,1.5,1.5,1.5,1.5,0.8804391622543335,0,0.0,0.0
2004-04-15,1.649999976158142,1.7999999523162842,1.350000023841858,1.7000000476837158,0.9978312253952026,23000,0.0,0.0
2004-04-16,1.5,1.649999976158142,1.5,1.649999976158142,0.9684832096099854,4000,0.0,0.0
2004-04-19,1.649999976158142,2.049999952316284,1.649999976158142,1.850000023841858,1.0858752727508545,47945,0.0,0.0
2004-04-20,1.649999976158142,2.0,1.649999976158142,1.899999976158142,1.115223050117493,13750,0.0,0.0
2004-04-21,1.899999976158142,2.049999952316284,1.899999976158142,2.0,1.1739190816879272,14600,0.0,0.0
2004-04-22,2.0,2.150000095367432,1.75,1.850000023841858,1.0858752727508545,18875,0.0,0.0
2004-04-23,2.0,2.25,1.7000000476837158,2.150000095367432,1.2619630098342896,30611,0.0,0.0
2004-04-26,2.150000095367432,2.150000095367432,2.150000095367432,2.150000095367432,1.2619630098342896,0,0.0,0.0
2004-04-27,1.7999999523162842,2.0,1.75,1.7999999523162842,1.0565271377563477,5794,0.0,0.0
2004-04-28,2.0,2.0999999046325684,1.850000023841858,1.899999976158142,1.115223050117493,1775,0.0,0.0
2004-04-29,2.049999952316284,2.0999999046325684,2.049999952316284,2.0999999046325684,1.2326148748397827,500,0.0,0.0
2004-04-30,1.899999976158142,1.899999976158142,1.899999976158142,1.899999976158142,1.115223050117493,600,0.0,0.0
2004-05-03,2.0999999046325684,2.0999999046325684,1.7999999523162842,2.0,1.1739190816879272,5500,0.0,0.0
2004-05-04,2.0,2.0999999046325684,2.0,2.0999999046325684,1.2326148748397827,702,0.0,0.0
2004-05-05,2.150000095367432,2.150000095367432,1.899999976158142,1.950000047683716,1.14457106590271,5300,0.0,0.0
2004-05-06,1.950000047683716,2.0,1.899999976158142,2.0,1.1739190816879272,4411,0.0,0.0
2004-05-07,2.0999999046325684,2.0999999046325684,2.0999999046325684,2.0999999046325684,1.2326148748397827,1000,0.0,0.0
2004-05-10,2.0,2.0,1.7999999523162842,1.950000047683716,1.14457106590271,1800,0.0,0.0
2004-05-11,1.950000047683716,1.950000047683716,1.850000023841858,1.950000047683716,1.14457106590271,2300,0.0,0.0
2004-05-12,1.950000047683716,1.950000047683716,1.950000047683716,1.950000047683716,1.14457106590271,0,0.0,0.0
2004-05-13,2.0,2.0,2.0,2.0,1.1739190816879272,900,0.0,0.0
2004-05-14,1.899999976158142,1.899999976158142,1.899999976158142,1.899999976158142,1.115223050117493,3969,0.0,0.0
2004-05-17,1.850000023841858,1.850000023841858,1.850000023841858,1.850000023841858,1.0858752727508545,300,0.0,0.0
2004-05-18,1.899999976158142,1.899999976158142,1.7999999523162842,1.7999999523162842,1.0565271377563477,2250,0.0,0.0
2004-05-19,1.7999999523162842,1.7999999523162842,1.7999999523162842,1.7999999523162842,1.0565271377563477,2600,0.0,0.0
2004-05-20,1.850000023841858,1.850000023841858,1.850000023841858,1.850000023841858,1.0858752727508545,100,0.0,0.0
2004-05-21,1.75,1.75,1.75,1.75,1.0271790027618408,1000,0.0,0.0
2004-05-24,1.75,1.75,1.75,1.75,1.0271790027618408,500,0.0,0.0
2004-05-25,1.75,1.75,1.649999976158142,1.649999976158142,0.9684832096099854,2400,0.0,0.0
2004-05-26,1.950000047683716,2.0,1.7999999523162842,1.7999999523162842,1.0565271377563477,5413,0.0,0.0
2004-05-27,1.899999976158142,1.899999976158142,1.7999999523162842,1.7999999523162842,1.0565271377563477,3100,0.0,0.0
2004-05-28,1.7000000476837158,1.7000000476837158,1.4500000476837158,1.5499999523162842,0.9097872376441956,5850,0.0,0.0
2004-05-31,1.7999999523162842,1.7999999523162842,1.5,1.7000000476837158,0.9978312253952026,3300,0.0,0.0
2004-06-01,1.7000000476837158,1.7000000476837158,1.7000000476837158,1.7000000476837158,0.9978312253952026,0,0.0,0.0
2004-06-02,1.7000000476837158,1.7000000476837158,1.7000000476837158,1.7000000476837158,0.9978312253952026,0,0.0,0.0
2004-06-03,1.4500000476837158,1.5499999523162842,1.4500000476837158,1.5499999523162842,0.9097872376441956,3000,0.0,0.0
2004-06-04,1.600000023841858,1.600000023841858,1.600000023841858,1.600000023841858,0.939135193824768,400,0.0,0.0
2004-06-07,1.600000023841858,1.600000023841858,1.600000023841858,1.600000023841858,0.939135193824768,0,0.0,0.0
2004-06-08,1.5,1.600000023841858,1.5,1.600000023841858,0.939135193824768,500,0.0,0.0
2004-06-09,1.600000023841858,1.600000023841858,1.600000023841858,1.600000023841858,0.939135193824768,80,0.0,0.0
2004-06-10,1.600000023841858,1.600000023841858,1.600000023841858,1.600000023841858,0.939135193824768,0,0.0,0.0
2004-06-11,1.600000023841858,1.850000023841858,1.600000023841858,1.7999999523162842,1.0565271377563477,2004,0.0,0.0
2004-06-14,1.5,1.5,1.4500000476837158,1.5,0.8804391622543335,1094,0.0,0.0
2004-06-15,1.5,1.5,1.5,1.5,0.8804391622543335,100,0.0,0.0
2004-06-16,1.5,1.5499999523162842,1.25,1.5,0.8804391622543335,4903,0.0,0.0
2004-06-17,1.5,1.7000000476837158,1.350000023841858,1.649999976158142,0.9684832096099854,7,0.0,0.0
2004-06-18,1.75,1.75,1.5,1.5,0.8804391622543335,60,0.0,0.0
2004-06-21,1.399999976158142,1.600000023841858,1.399999976158142,1.600000023841858,0.939135193824768,1201,0.0,0.0
2004-06-22,1.600000023841858,1.600000023841858,1.600000023841858,1.600000023841858,0.939135193824768,0,0.0,0.0
2004-06-23,1.649999976158142,1.649999976158142,1.2999999523162842,1.4500000476837158,0.8510913252830505,2500,0.0,0.0
2004-06-24,1.2000000476837158,1.600000023841858,1.2000000476837158,1.2000000476837158,0.7043512463569641,2860,0.0,0.0
2004-06-25,1.2000000476837158,1.399999976158142,1.0499999523162842,1.399999976158142,0.8217433094978333,2254,0.0,0.0
2004-06-28,1.399999976158142,1.399999976158142,1.399999976158142,1.399999976158142,0.8217433094978333,0,0.0,0.0
2004-06-29,1.399999976158142,1.399999976158142,1.399999976158142,1.399999976158142,0.8217433094978333,0,0.0,0.0
2004-06-30,1.600000023841858,1.649999976158142,1.600000023841858,1.649999976158142,0.9684832096099854,1000,0.0,0.0
2004-07-01,1.4500000476837158,1.899999976158142,1.4500000476837158,1.899999976158142,1.115223050117493,1133,0.0,0.0
2004-07-02,1.899999976158142,1.899999976158142,1.899999976158142,1.899999976158142,1.115223050117493,0,0.0,0.0
2004-07-05,1.899999976158142,1.899999976158142,1.899999976158142,1.899999976158142,1.115223050117493,0,0.0,0.0
2004-07-06,1.899999976158142,1.899999976158142,1.899999976158142,1.899999976158142,1.115223050117493,0,0.0,0.0
2004-07-07,1.600000023841858,1.75,1.5499999523162842,1.649999976158142,0.9684832096099854,3510,0.0,0.0
2004-07-08,1.7999999523162842,1.7999999523162842,1.350000023841858,1.399999976158142,0.8217433094978333,2002,0.0,0.0
2004-07-09,1.350000023841858,1.5499999523162842,1.350000023841858,1.5,0.8804391622543335,3501,0.0,0.0
2004-07-12,1.75,1.75,1.75,1.75,1.0271790027618408,55,0.0,0.0
2004-07-13,1.5499999523162842,1.649999976158142,1.5,1.5,0.8804391622543335,556,0.0,0.0
2004-07-14,1.25,1.5,1.25,1.399999976158142,0.8217433094978333,1800,0.0,0.0
2004-07-15,1.350000023841858,1.399999976158142,1.2999999523162842,1.350000023841858,0.792395293712616,2500,0.0,0.0
2004-07-16,1.399999976158142,1.399999976158142,1.399999976158142,1.399999976158142,0.8217433094978333,500,0.0,0.0
2004-07-19,1.399999976158142,1.600000023841858,1.399999976158142,1.5499999523162842,0.9097872376441956,2853,0.0,0.0
2004-07-20,1.5499999523162842,1.5499999523162842,1.5499999523162842,1.5499999523162842,0.9097872376441956,2000,0.0,0.0
2004-07-21,1.399999976158142,1.4500000476837158,1.350000023841858,1.4500000476837158,0.8510913252830505,1699,0.0,0.0
2004-07-22,1.350000023841858,1.399999976158142,1.350000023841858,1.399999976158142,0.8217433094978333,2965,0.0,0.0
2004-07-23,1.5,1.7000000476837158,1.4500000476837158,1.7000000476837158,0.9978312253952026,6844,0.0,0.0
2004-07-26,1.5,1.7000000476837158,1.5,1.5,0.8804391622543335,3650,0.0,0.0
2004-07-27,1.5,1.7000000476837158,1.350000023841858,1.350000023841858,0.792395293712616,4104,0.0,0.0
2004-07-28,1.600000023841858,1.600000023841858,1.5,1.5,0.8804391622543335,11811,0.0,0.0
2004-07-29,1.5,1.5,1.5,1.5,0.8804391622543335,1500,0.0,0.0
2004-07-30,1.4500000476837158,1.5,1.4500000476837158,1.4500000476837158,0.8510913252830505,5100,0.0,0.0
2004-08-02,1.2000000476837158,1.5,1.2000000476837158,1.5,0.8804391622543335,7809,0.0,0.0
2004-08-03,1.5,1.5,1.5,1.5,0.8804391622543335,6500,0.0,0.0
2004-08-04,1.5,1.5,1.399999976158142,1.399999976158142,0.8217433094978333,7001,0.0,0.0
2004-08-05,1.5499999523162842,1.7000000476837158,1.4500000476837158,1.4500000476837158,0.8510913252830505,4401,0.0,0.0
2004-08-06,1.600000023841858,1.600000023841858,1.600000023841858,1.600000023841858,0.939135193824768,500,0.0,0.0
2004-08-09,1.399999976158142,1.5499999523162842,1.399999976158142,1.5499999523162842,0.9097872376441956,2204,0.0,0.0
2004-08-10,1.600000023841858,1.7000000476837158,1.5,1.7000000476837158,0.9978312253952026,7202,0.0,0.0
2004-08-11,1.5499999523162842,1.649999976158142,1.5499999523162842,1.5499999523162842,0.9097872376441956,12900,0.0,0.0
2004-08-12,1.4500000476837158,1.4500000476837158,1.399999976158142,1.399999976158142,0.8217433094978333,3600,0.0,0.0
2004-08-13,1.350000023841858,1.399999976158142,1.350000023841858,1.399999976158142,0.8217433094978333,700,0.0,0.0
2004-08-16,1.350000023841858,1.4500000476837158,1.2999999523162842,1.350000023841858,0.792395293712616,8211,0.0,0.0
2004-08-17,1.350000023841858,1.350000023841858,1.350000023841858,1.350000023841858,0.792395293712616,601,0.0,0.0
2004-08-18,1.350000023841858,1.399999976158142,1.2999999523162842,1.350000023841858,0.792395293712616,7002,0.0,0.0
2004-08-19,1.2999999523162842,1.2999999523162842,1.2999999523162842,1.2999999523162842,0.7630472779273987,3250,0.0,0.0
2004-08-20,1.399999976158142,1.399999976158142,1.399999976158142,1.399999976158142,0.8217433094978333,6450,0.0,0.0
2004-08-23,1.399999976158142,1.4500000476837158,1.350000023841858,1.350000023841858,0.792395293712616,3500,0.0,0.0
2004-08-24,1.399999976158142,1.399999976158142,1.399999976158142,1.399999976158142,0.8217433094978333,1200,0.0,0.0
2004-08-25,1.399999976158142,1.4500000476837158,1.399999976158142,1.399999976158142,0.8217433094978333,1099,0.0,0.0
2004-08-26,1.5,1.5,1.4500000476837158,1.4500000476837158,0.8510913252830505,1700,0.0,0.0
2004-08-27,1.399999976158142,1.4500000476837158,1.399999976158142,1.4500000476837158,0.8510913252830505,2400,0.0,0.0
2004-08-30,1.5499999523162842,1.5499999523162842,1.5,1.5,0.8804391622543335,5000,0.0,0.0
2004-08-31,1.5499999523162842,1.5499999523162842,1.5499999523162842,1.5499999523162842,0.9097872376441956,5000,0.0,0.0
2004-09-01,1.600000023841858,1.649999976158142,1.600000023841858,1.649999976158142,0.9684832096099854,16903,0.0,0.0
2004-09-02,1.649999976158142,1.7000000476837158,1.649999976158142,1.649999976158142,0.9684832096099854,7200,0.0,0.0
2004-09-03,1.649999976158142,1.75,1.649999976158142,1.649999976158142,0.9684832096099854,20586,0.0,0.0
2004-09-06,1.7000000476837158,1.7000000476837158,1.649999976158142,1.649999976158142,0.9684832096099854,13044,0.0,0.0
2004-09-07,1.75,1.75,1.649999976158142,1.75,1.0271790027618408,2300,0.0,0.0
2004-09-08,1.75,1.75,1.75,1.75,1.0271790027618408,1500,0.0,0.0
2004-09-09,1.75,1.75,1.7000000476837158,1.7000000476837158,0.9978312253952026,800,0.0,0.0
2004-09-10,1.75,1.850000023841858,1.600000023841858,1.75,1.0271790027618408,14500,0.0,0.0
2004-09-13,1.7999999523162842,1.7999999523162842,1.600000023841858,1.649999976158142,0.9684832096099854,33200,0.0,0.0
2004-09-14,1.649999976158142,1.850000023841858,1.649999976158142,1.850000023841858,1.0858752727508545,19299,0.0,0.0
2004-09-15,2.0,2.049999952316284,1.899999976158142,2.0,1.1739190816879272,27605,0.0,0.0
2004-09-16,1.950000047683716,2.0999999046325684,1.950000047683716,2.0,1.1739190816879272,9613,0.0,0.0
2004-09-17,1.899999976158142,2.0999999046325684,1.7999999523162842,2.0,1.1739190816879272,41506,0.0,0.0
2004-09-20,1.850000023841858,2.0,1.7999999523162842,1.7999999523162842,1.0565271377563477,4246,0.0,0.0
2004-09-21,1.7999999523162842,1.950000047683716,1.75,1.75,1.0271790027618408,10400,0.0,0.0
2004-09-22,1.75,1.850000023841858,1.7000000476837158,1.7999999523162842,1.0565271377563477,9622,0.0,0.0
2004-09-23,1.75,1.850000023841858,1.649999976158142,1.7000000476837158,0.9978312253952026,4124,0.0,0.0
2004-09-24,1.850000023841858,1.850000023841858,1.75,1.850000023841858,1.0858752727508545,3903,0.0,0.0
2004-09-27,2.0,2.0,1.7000000476837158,1.75,1.0271790027618408,2613,0.0,0.0
2004-09-28,1.75,1.950000047683716,1.7000000476837158,1.899999976158142,1.115223050117493,30799,0.0,0.0
2004-09-29,2.0999999046325684,2.0999999046325684,1.75,1.899999976158142,1.115223050117493,6476,0.0,0.0
2004-09-30,2.0999999046325684,2.0999999046325684,1.850000023841858,1.899999976158142,1.115223050117493,5473,0.0,0.0
2004-10-01,2.0,2.0999999046325684,1.7999999523162842,2.0,1.1739190816879272,30605,0.0,0.0
2004-10-04,2.150000095367432,2.150000095367432,1.850000023841858,1.850000023841858,1.0858752727508545,23320,0.0,0.0
2004-10-05,2.0,2.0,1.850000023841858,1.850000023841858,1.0858752727508545,7902,0.0,0.0
2004-10-06,2.0,2.0,1.7999999523162842,1.950000047683716,1.14457106590271,972,0.0,0.0
2004-10-07,1.7999999523162842,1.899999976158142,1.7999999523162842,1.899999976158142,1.115223050117493,3300,0.0,0.0
2004-10-08,2.0,2.0,1.950000047683716,1.950000047683716,1.14457106590271,1001,0.0,0.0
2004-10-11,2.0,2.0,1.950000047683716,1.950000047683716,1.14457106590271,1640,0.0,0.0
2004-10-12,1.950000047683716,1.950000047683716,1.850000023841858,1.899999976158142,1.115223050117493,1911,0.0,0.0
2004-10-13,1.899999976158142,1.899999976158142,1.899999976158142,1.899999976158142,1.115223050117493,0,0.0,0.0
2004-10-14,2.0,2.0,1.7999999523162842,1.950000047683716,1.14457106590271,2201,0.0,0.0
2004-10-15,1.950000047683716,1.950000047683716,1.850000023841858,1.850000023841858,1.0858752727508545,3802,0.0,0.0
2004-10-18,1.899999976158142,1.950000047683716,1.7000000476837158,1.7000000476837158,0.9978312253952026,5604,0.0,0.0
2004-10-19,1.850000023841858,1.899999976158142,1.7999999523162842,1.850000023841858,1.0858752727508545,31802,0.0,0.0
2004-10-20,1.7000000476837158,1.899999976158142,1.7000000476837158,1.850000023841858,1.0858752727508545,28673,0.0,0.0
2004-10-21,1.950000047683716,1.950000047683716,1.75,1.950000047683716,1.14457106590271,35003,0.0,0.0
2004-10-22,1.950000047683716,1.950000047683716,1.950000047683716,1.950000047683716,1.14457106590271,0,0.0,0.0
2004-10-25,1.7999999523162842,1.7999999523162842,1.75,1.7999999523162842,1.0565271377563477,21001,0.0,0.0
2004-10-26,1.899999976158142,1.899999976158142,1.7000000476837158,1.7000000476837158,0.9978312253952026,15102,0.0,0.0
2004-10-27,1.7000000476837158,1.850000023841858,1.600000023841858,1.850000023841858,1.0858752727508545,43449,0.0,0.0
2004-10-28,1.850000023841858,1.899999976158142,1.7000000476837158,1.899999976158142,1.115223050117493,9217,0.0,0.0
2004-10-29,1.75,1.7999999523162842,1.75,1.75,1.0271790027618408,20932,0.0,0.0
2004-11-01,1.850000023841858,1.850000023841858,1.75,1.7999999523162842,1.0565271377563477,2300,0.0,0.0
2004-11-02,1.75,1.850000023841858,1.75,1.75,1.0271790027618408,2554,0.0,0.0
2004-11-03,1.75,1.75,1.75,1.75,1.0271790027618408,5600,0.0,0.0
2004-11-04,1.899999976158142,1.950000047683716,1.850000023841858,1.899999976158142,1.115223050117493,48702,0.0,0.0
2004-11-05,2.0,2.0,1.7999999523162842,1.850000023841858,1.0858752727508545,29422,0.0,0.0
2004-11-08,1.950000047683716,1.950000047683716,1.850000023841858,1.950000047683716,1.14457106590271,15502,0.0,0.0
2004-11-09,1.950000047683716,1.950000047683716,1.75,1.850000023841858,1.0858752727508545,27121,0.0,0.0
2004-11-10,1.950000047683716,1.950000047683716,1.7999999523162842,1.7999999523162842,1.0565271377563477,11901,0.0,0.0
2004-11-11,1.950000047683716,1.950000047683716,1.950000047683716,1.950000047683716,1.14457106590271,700,0.0,0.0
2004-11-12,1.950000047683716,1.950000047683716,1.7999999523162842,1.850000023841858,1.0858752727508545,1201,0.0,0.0
2004-11-15,1.850000023841858,1.850000023841858,1.850000023841858,1.850000023841858,1.0858752727508545,0,0.0,0.0
2004-11-16,1.950000047683716,1.950000047683716,1.850000023841858,1.850000023841858,1.0858752727508545,10506,0.0,0.0
2004-11-17,1.899999976158142,2.0,1.75,1.899999976158142,1.115223050117493,24000,0.0,0.0
2004-11-18,1.950000047683716,2.0999999046325684,1.850000023841858,2.049999952316284,1.2032668590545654,35302,0.0,0.0
2004-11-19,2.150000095367432,2.299999952316284,2.0,2.150000095367432,1.2619630098342896,73258,0.0,0.0
2004-11-22,2.299999952316284,2.400000095367432,2.25,2.400000095367432,1.4087024927139282,45331,0.0,0.0
2004-11-23,2.549999952316284,2.549999952316284,2.5,2.549999952316284,1.4967466592788696,74162,0.0,0.0
2004-11-24,2.450000047683716,2.700000047683716,2.450000047683716,2.700000047683716,1.584790587425232,20041,0.0,0.0
2004-11-25,2.75,2.75,2.5999999046325684,2.5999999046325684,1.5260945558547974,41650,0.0,0.0
2004-11-26,2.5999999046325684,2.5999999046325684,2.5999999046325684,2.5999999046325684,1.5260945558547974,0,0.0,0.0
2004-11-29,2.700000047683716,2.700000047683716,2.5,2.5,1.4673986434936523,16430,0.0,0.0
2004-11-30,2.400000095367432,2.450000047683716,2.400000095367432,2.400000095367432,1.4087024927139282,11101,0.0,0.0
2004-12-01,2.299999952316284,2.299999952316284,2.299999952316284,2.299999952316284,1.3500066995620728,691,0.0,0.0
2004-12-02,2.200000047683716,2.25,2.200000047683716,2.200000047683716,1.2913107872009275,2251,0.0,0.0
2004-12-03,2.200000047683716,2.200000047683716,2.200000047683716,2.200000047683716,1.2913107872009275,100,0.0,0.0
2004-12-06,2.0999999046325684,2.25,2.0999999046325684,2.0999999046325684,1.2326148748397827,156200,0.0,0.0
2004-12-07,2.150000095367432,2.25,2.0,2.200000047683716,1.2913107872009275,43305,0.0,0.0
2004-12-08,2.0999999046325684,2.3499999046325684,2.0999999046325684,2.299999952316284,1.3500066995620728,4226,0.0,0.0
2004-12-09,2.3499999046325684,2.450000047683716,2.200000047683716,2.200000047683716,1.2913107872009275,16831,0.0,0.0
2004-12-10,2.0999999046325684,2.3499999046325684,2.0999999046325684,2.25,1.320658802986145,73252,0.0,0.0
2004-12-13,2.25,2.400000095367432,2.150000095367432,2.200000047683716,1.2913107872009275,77578,0.0,0.0
2004-12-14,2.3499999046325684,2.3499999046325684,2.0999999046325684,2.3499999046325684,1.3793548345565796,100858,0.0,0.0
2004-12-15,2.5,2.5,2.3499999046325684,2.5,1.4673986434936523,118050,0.0,0.0
2004-12-16,2.549999952316284,2.650000095367432,2.5,2.549999952316284,1.4967466592788696,128953,0.0,0.0
2004-12-17,2.650000095367432,2.700000047683716,2.450000047683716,2.650000095367432,1.5554425716400146,148187,0.0,0.0
2004-12-20,2.799999952316284,2.799999952316284,2.5999999046325684,2.799999952316284,1.6434866189956665,138102,0.0,0.0
2004-12-21,2.900000095367432,2.950000047683716,2.900000095367432,2.950000047683716,1.7315304279327393,47900,0.0,0.0
2004-12-22,3.0999999046325684,3.0999999046325684,3.0,3.0999999046325684,1.8195744752883911,121247,0.0,0.0
2004-12-23,3.200000047683716,3.25,2.950000047683716,3.0,1.760878324508667,155540,0.0,0.0
2004-12-24,3.0999999046325684,3.0999999046325684,2.8499999046325684,2.950000047683716,1.7315304279327393,173545,0.0,0.0
2004-12-27,2.799999952316284,3.0999999046325684,2.799999952316284,3.0,1.760878324508667,105863,0.0,0.0
2004-12-28,3.0999999046325684,3.150000095367432,3.0999999046325684,3.150000095367432,1.84892213344574,99334,0.0,0.0
2004-12-29,3.299999952316284,3.3499999046325684,3.200000047683716,3.3499999046325684,1.9663143157958984,105049,0.0,0.0
2004-12-30,3.549999952316284,3.549999952316284,3.549999952316284,3.549999952316284,2.083706378936768,49130,0.0,0.0
2004-12-31,3.75,3.75,3.75,3.75,2.2010979652404785,16100,0.0,0.0
2005-01-03,3.950000047683716,3.950000047683716,3.950000047683716,3.950000047683716,2.318489789962769,27595,0.0,0.0
2005-01-04,4.150000095367432,4.150000095367432,4.150000095367432,4.150000095367432,2.4358818531036377,67678,0.0,0.0
2005-01-05,4.400000095367432,4.400000095367432,3.950000047683716,4.300000190734863,2.523926019668579,537000,0.0,0.0
2005-01-06,4.400000095367432,4.550000190734863,4.150000095367432,4.550000190734863,2.6706655025482178,187828,0.0,0.0
2005-01-07,4.699999809265137,4.800000190734863,4.699999809265137,4.800000190734863,2.8174049854278564,40066,0.0,0.0
2005-01-10,5.050000190734863,5.050000190734863,5.050000190734863,5.050000190734863,2.96414566040039,18570,0.0,0.0
2005-01-11,5.300000190734863,5.300000190734863,5.300000190734863,5.300000190734863,3.1108851432800293,77421,0.0,0.0
2005-01-12,5.599999904632568,5.599999904632568,5.599999904632568,5.599999904632568,3.286973237991333,130236,0.0,0.0
2005-01-13,5.900000095367432,5.900000095367432,5.349999904632568,5.349999904632568,3.1402335166931152,248312,0.0,0.0
2005-01-14,5.099999904632568,5.199999809265137,5.099999904632568,5.099999904632568,2.99349331855774,56711,0.0,0.0
2005-01-17,4.849999904632568,4.849999904632568,4.849999904632568,4.849999904632568,2.846753120422364,13325,0.0,0.0
2005-01-18,4.849999904632568,4.849999904632568,4.650000095367432,4.650000095367432,2.7293620109558105,8566,0.0,0.0
2005-01-19,4.449999809265137,4.449999809265137,4.449999809265137,4.449999809265137,2.611969470977783,5151,0.0,0.0
2005-01-20,4.25,4.25,4.25,4.25,2.494577407836914,23600,0.0,0.0
2005-01-24,4.050000190734863,4.050000190734863,4.050000190734863,4.050000190734863,2.3771865367889404,2456,0.0,0.0
2005-01-25,3.849999904632568,4.25,3.849999904632568,4.199999809265137,2.465229749679565,255263,0.0,0.0
2005-01-27,4.050000190734863,4.449999809265137,4.0,4.099999904632568,2.406533718109131,57339,0.0,0.0
2005-01-28,4.300000190734863,4.349999904632568,4.150000095367432,4.349999904632568,2.5532734394073486,56232,0.0,0.0
2005-01-31,4.5,4.599999904632568,4.150000095367432,4.300000190734863,2.523926019668579,231873,0.0,0.0
2005-02-01,4.5,4.5,4.150000095367432,4.400000095367432,2.5826215744018555,208050,0.0,0.0
2005-02-02,4.550000190734863,4.650000095367432,4.300000190734863,4.599999904632568,2.700013399124145,85543,0.0,0.0
2005-02-03,4.800000190734863,4.849999904632568,4.699999809265137,4.849999904632568,2.846753120422364,68417,0.0,0.0
2005-02-04,4.849999904632568,5.099999904632568,4.800000190734863,4.900000095367432,2.8761017322540283,80174,0.0,0.0
2005-02-07,4.849999904632568,5.099999904632568,4.699999809265137,4.849999904632568,2.846753120422364,66028,0.0,0.0
2005-02-08,5.099999904632568,5.099999904632568,4.650000095367432,4.75,2.788057327270508,96152,0.0,0.0
2005-02-09,4.800000190734863,5.0,4.800000190734863,5.0,2.9347972869873047,108080,0.0,0.0
2005-02-10,5.25,5.5,5.199999809265137,5.5,3.22827696800232,247510,0.0,0.0
2005-02-11,6.0,6.050000190734863,5.75,6.050000190734863,3.551104784011841,244466,0.0,0.0
2005-02-14,6.349999904632568,6.349999904632568,5.75,5.75,3.375016689300537,75473,0.0,0.0
2005-02-15,5.5,5.5,5.5,5.5,3.22827696800232,18292,0.0,0.0
2005-02-16,5.449999809265137,5.449999809265137,5.25,5.25,3.0815370082855225,31756,0.0,0.0
2005-02-17,5.0,5.0,5.0,5.0,2.9347972869873047,14768,0.0,0.0
2005-02-18,4.900000095367432,4.900000095367432,4.75,4.75,2.788057327270508,55237,0.0,0.0
2005-02-21,4.650000095367432,4.900000095367432,4.550000190734863,4.550000190734863,2.6706655025482178,96106,0.0,0.0
2005-02-22,4.699999809265137,4.699999809265137,4.349999904632568,4.400000095367432,2.5826215744018555,225711,0.0,0.0
2005-02-23,4.5,4.650000095367432,4.5,4.650000095367432,2.7293620109558105,67536,0.0,0.0
2005-02-24,4.849999904632568,4.900000095367432,4.849999904632568,4.900000095367432,2.8761017322540283,57979,0.0,0.0
2005-02-25,5.150000095367432,5.150000095367432,5.150000095367432,5.150000095367432,3.022841215133667,56759,0.0,0.0
2005-02-28,5.400000095367432,5.449999809265137,5.400000095367432,5.449999809265137,3.1989293098449707,59745,0.0,0.0
2005-03-01,5.75,5.75,5.75,5.75,3.375016689300537,58549,0.0,0.0
2005-03-02,6.050000190734863,6.050000190734863,6.0,6.050000190734863,3.551104784011841,141253,0.0,0.0
2005-03-03,6.349999904632568,6.349999904632568,6.349999904632568,6.349999904632568,3.727193117141724,82591,0.0,0.0
2005-03-04,6.699999809265137,6.699999809265137,6.699999809265137,6.699999809265137,3.932628631591797,74451,0.0,0.0
2005-03-07,7.050000190734863,7.050000190734863,7.050000190734863,7.050000190734863,4.138064384460449,39030,0.0,0.0
2005-03-08,7.400000095367432,7.400000095367432,7.400000095367432,7.400000095367432,4.343501091003418,64617,0.0,0.0
2005-03-09,7.800000190734863,7.800000190734863,7.800000190734863,7.800000190734863,4.57828426361084,114425,0.0,0.0
2005-03-10,8.199999809265137,8.199999809265137,7.449999809265137,7.449999809265137,4.372847557067871,485660,0.0,0.0
2005-03-11,7.300000190734863,7.5,7.099999904632568,7.099999904632568,4.167412757873535,84690,0.0,0.0
2005-03-14,6.75,6.75,6.75,6.75,3.9619765281677246,55615,0.0,0.0
2005-03-15,6.449999809265137,6.449999809265137,6.449999809265137,6.449999809265137,3.785888433456421,76650,0.0,0.0
2005-03-16,6.199999809265137,6.800000190734863,6.150000095367432,6.800000190734863,3.9913249015808105,192320,0.0,0.0
2005-03-17,7.150000095367432,7.150000095367432,6.75,7.050000190734863,4.138064384460449,210005,0.0,0.0
2005-03-18,7.150000095367432,7.150000095367432,6.699999809265137,6.75,3.9619765281677246,175681,0.0,0.0
2005-03-21,7.099999904632568,7.099999904632568,6.449999809265137,6.449999809265137,3.785888433456421,69260,0.0,0.0
2005-03-22,6.5,6.550000190734863,6.150000095367432,6.150000095367432,3.609801054000856,53328,0.0,0.0
2005-03-23,6.0,6.0,5.849999904632568,5.849999904632568,3.433712720870972,28652,0.0,0.0
2005-03-24,5.75,5.75,5.599999904632568,5.599999904632568,3.286973237991333,23671,0.0,0.0
2005-03-28,5.5,5.900000095367432,5.5,5.900000095367432,3.4630608558654785,69438,0.0,0.0
2005-03-29,5.75,5.849999904632568,5.599999904632568,5.599999904632568,3.286973237991333,26529,0.0,0.0
2005-03-30,5.599999904632568,5.800000190734863,5.349999904632568,5.599999904632568,3.286973237991333,38265,0.0,0.0
2005-03-31,5.849999904632568,5.900000095367432,5.75,5.900000095367432,3.4630608558654785,34900,0.0,0.0
2005-04-01,6.150000095367432,6.199999809265137,5.949999809265137,6.199999809265137,3.6391489505767822,33899,0.0,0.0
2005-04-04,6.25,6.550000190734863,6.199999809265137,6.400000095367432,3.756540775299072,54225,0.0,0.0
2005-04-05,6.699999809265137,6.75,6.349999904632568,6.400000095367432,3.756540775299072,34251,0.0,0.0
2005-04-06,6.599999904632568,6.599999904632568,6.099999904632568,6.199999809265137,3.6391489505767822,31047,0.0,0.0
2005-04-07,6.0,6.300000190734863,6.0,6.199999809265137,3.6391489505767822,32562,0.0,0.0
2005-04-08,6.550000190734863,6.550000190734863,6.0,6.199999809265137,3.6391489505767822,32731,0.0,0.0
2005-04-11,6.300000190734863,6.400000095367432,5.900000095367432,6.199999809265137,3.6391489505767822,8921,0.0,0.0
2005-04-12,6.050000190734863,6.25,5.900000095367432,6.150000095367432,3.609801054000856,12325,0.0,0.0
2005-04-13,6.699999809265137,6.699999809265137,5.949999809265137,6.0,3.521756649017334,13205,0.0,0.0
2005-04-15,5.949999809265137,5.949999809265137,5.5,5.75,3.375016689300537,15493,0.0,0.0
2005-04-18,5.5,6.349999904632568,5.199999809265137,5.25,3.0815370082855225,20732,0.0,0.0
2005-04-19,5.650000095367432,5.75,5.400000095367432,5.449999809265137,3.1989293098449707,12051,0.0,0.0
2005-04-20,5.449999809265137,5.449999809265137,4.900000095367432,5.0,2.9347972869873047,43524,0.0,0.0
2005-04-21,5.449999809265137,5.5,5.099999904632568,5.400000095367432,3.169581174850464,18249,0.0,0.0
2005-04-22,5.949999809265137,5.949999809265137,5.5,5.900000095367432,3.4630608558654785,37505,0.0,0.0
2005-04-25,5.699999809265137,6.0,5.699999809265137,5.800000190734863,3.404365301132202,22359,0.0,0.0
2005-04-26,5.699999809265137,6.400000095367432,5.699999809265137,6.400000095367432,3.756540775299072,852619,0.0,0.0
2005-04-27,6.400000095367432,6.650000095367432,6.099999904632568,6.199999809265137,3.6391489505767822,37849,0.0,0.0
2005-04-28,6.0,6.199999809265137,5.900000095367432,5.900000095367432,3.4630608558654785,24346,0.0,0.0
2005-04-29,6.0,6.0,5.599999904632568,5.599999904632568,3.286973237991333,15529,0.0,0.0
2005-05-02,5.599999904632568,5.900000095367432,5.449999809265137,5.699999809265137,3.3456690311431885,10992,0.0,0.0
2005-05-03,5.849999904632568,5.849999904632568,5.449999809265137,5.449999809265137,3.1989293098449707,13337,0.0,0.0
2005-05-04,5.75,5.75,5.5,5.550000190734863,3.257625102996826,7420,0.0,0.0
2005-05-05,5.699999809265137,5.800000190734863,5.400000095367432,5.449999809265137,3.1989293098449707,17915,0.0,0.0
2005-05-06,5.699999809265137,5.699999809265137,5.349999904632568,5.5,3.22827696800232,12050,0.0,0.0
2005-05-09,5.800000190734863,5.800000190734863,5.599999904632568,5.650000095367432,3.3163206577301025,16691,0.0,0.0
2005-05-10,5.599999904632568,5.75,5.5,5.550000190734863,3.257625102996826,10600,0.0,0.0
2005-05-11,5.5,5.800000190734863,5.5,5.599999904632568,3.286973237991333,14204,0.0,0.0
2005-05-12,5.5,5.800000190734863,5.5,5.650000095367432,3.3163206577301025,18855,0.0,0.0
2005-05-13,5.449999809265137,5.75,5.449999809265137,5.550000190734863,3.257625102996826,11052,0.0,0.0
2005-05-16,5.5,5.849999904632568,5.449999809265137,5.699999809265137,3.3456690311431885,27024,0.0,0.0
2005-05-17,5.849999904632568,5.849999904632568,5.5,5.599999904632568,3.286973237991333,9509,0.0,0.0
2005-05-18,5.5,5.699999809265137,5.5,5.599999904632568,3.286973237991333,8180,0.0,0.0
2005-05-19,5.550000190734863,5.75,5.449999809265137,5.5,3.22827696800232,25942,0.0,0.0
2005-05-20,5.5,5.800000190734863,5.5,5.699999809265137,3.3456690311431885,40539,0.0,0.0
2005-05-23,5.5,5.900000095367432,5.5,5.699999809265137,3.3456690311431885,19686,0.0,0.0
2005-05-24,5.75,5.849999904632568,5.599999904632568,5.75,3.375016689300537,17252,0.0,0.0
2005-05-25,5.650000095367432,5.75,5.599999904632568,5.650000095367432,3.3163206577301025,12025,0.0,0.0
2005-05-26,5.599999904632568,5.75,5.5,5.699999809265137,3.3456690311431885,21975,0.0,0.0
2005-05-27,5.800000190734863,5.800000190734863,5.550000190734863,5.650000095367432,3.3163206577301025,21700,0.0,0.0
2005-05-30,5.75,5.849999904632568,5.650000095367432,5.75,3.375016689300537,24294,0.0,0.0
2005-05-31,5.75,6.0,5.650000095367432,5.900000095367432,3.4630608558654785,24407,0.0,0.0
2005-06-01,5.599999904632568,5.849999904632568,5.599999904632568,5.75,3.375016689300537,16800,0.0,0.0
2005-06-02,5.849999904632568,5.900000095367432,5.650000095367432,5.650000095367432,3.3163206577301025,15171,0.0,0.0
2005-06-03,5.599999904632568,5.800000190734863,5.599999904632568,5.599999904632568,3.286973237991333,15499,0.0,0.0
2005-06-06,5.900000095367432,5.900000095367432,5.599999904632568,5.650000095367432,3.3163206577301025,29240,0.0,0.0
2005-06-07,5.650000095367432,5.699999809265137,5.5,5.599999904632568,3.286973237991333,31150,0.0,0.0
2005-06-08,5.800000190734863,5.900000095367432,5.449999809265137,5.699999809265137,3.3456690311431885,122425,0.0,0.0
2005-06-09,5.900000095367432,6.0,5.800000190734863,6.0,3.521756649017334,152821,0.0,0.0
2005-06-10,6.300000190734863,6.599999904632568,6.300000190734863,6.599999904632568,3.873932838439941,70321,0.0,0.0
2005-06-13,7.199999809265137,7.300000190734863,6.849999904632568,7.300000190734863,4.2848052978515625,287657,0.0,0.0
2005-06-14,7.5,7.699999809265137,7.349999904632568,7.699999809265137,4.519587516784668,233129,0.0,0.0
2005-06-15,8.100000381469727,8.100000381469727,7.75,8.100000381469727,4.754373073577881,296842,0.0,0.0
2005-06-16,8.5,8.550000190734863,7.699999809265137,7.849999904632568,4.607632160186768,319888,0.0,0.0
2005-06-17,7.650000095367432,7.650000095367432,7.5,7.5,4.402195930480957,31453,0.0,0.0
2005-06-20,7.150000095367432,7.75,7.150000095367432,7.150000095367432,4.1967597007751465,45180,0.0,0.0
2005-06-21,6.800000190734863,7.300000190734863,6.800000190734863,6.800000190734863,3.9913249015808105,40030,0.0,0.0
2005-06-22,6.599999904632568,7.0,6.5,6.550000190734863,3.844584226608277,92395,0.0,0.0
2005-06-23,6.5,6.599999904632568,6.25,6.300000190734863,3.69784426689148,41424,0.0,0.0
2005-06-24,6.099999904632568,6.599999904632568,6.099999904632568,6.5,3.815236806869507,33700,0.0,0.0
2005-06-27,6.599999904632568,6.75,6.349999904632568,6.400000095367432,3.756540775299072,34380,0.0,0.0
2005-06-28,6.150000095367432,6.5,6.150000095367432,6.25,3.66849684715271,21625,0.0,0.0
2005-06-29,6.099999904632568,6.400000095367432,6.050000190734863,6.349999904632568,3.727193117141724,11280,0.0,0.0
2005-06-30,6.300000190734863,6.5,6.25,6.25,3.66849684715271,10380,0.0,0.0
2005-07-01,6.050000190734863,6.5,6.050000190734863,6.150000095367432,3.609801054000856,27893,0.0,0.0
2005-07-04,6.050000190734863,6.349999904632568,6.0,6.050000190734863,3.551104784011841,34000,0.0,0.0
2005-07-05,6.0,6.150000095367432,5.900000095367432,6.0,3.521756649017334,17900,0.0,0.0
2005-07-06,6.050000190734863,6.25,5.900000095367432,6.099999904632568,3.580452919006348,28316,0.0,0.0
2005-07-07,5.900000095367432,6.449999809265137,5.900000095367432,6.150000095367432,3.609801054000856,35729,0.0,0.0
2005-07-08,6.050000190734863,6.300000190734863,6.0,6.199999809265137,3.6391489505767822,128419,0.0,0.0
2005-07-11,6.400000095367432,6.550000190734863,6.300000190734863,6.550000190734863,3.844584226608277,54427,0.0,0.0
2005-07-12,6.550000190734863,6.800000190734863,6.25,6.349999904632568,3.727193117141724,81268,0.0,0.0
2005-07-13,6.349999904632568,6.699999809265137,6.300000190734863,6.699999809265137,3.932628631591797,49569,0.0,0.0
2005-07-14,7.050000190734863,7.050000190734863,7.050000190734863,7.050000190734863,4.138064384460449,22747,0.0,0.0
2005-07-15,7.400000095367432,7.400000095367432,7.349999904632568,7.400000095367432,4.343501091003418,48970,0.0,0.0
2005-07-18,7.400000095367432,7.5,7.050000190734863,7.25,4.25545597076416,90885,0.0,0.0
2005-07-19,7.449999809265137,7.5,7.050000190734863,7.099999904632568,4.167412757873535,71028,0.0,0.0
2005-07-20,7.349999904632568,7.449999809265137,7.150000095367432,7.199999809265137,4.226108551025391,57392,0.0,0.0
2005-07-21,7.5,7.599999904632568,6.849999904632568,7.550000190734863,4.431544780731201,227930,0.0,0.0
2005-07-22,7.949999809265137,7.949999809265137,7.800000190734863,7.949999809265137,4.666327476501465,89894,0.0,0.0
2005-07-25,8.350000381469727,8.350000381469727,7.650000095367432,7.949999809265137,4.666327476501465,184347,0.0,0.0
2005-07-26,8.0,8.0,7.550000190734863,7.550000190734863,4.431544780731201,65235,0.0,0.0
2005-07-27,7.5,7.599999904632568,7.199999809265137,7.199999809265137,4.226108551025391,46909,0.0,0.0
2005-07-28,7.199999809265137,7.199999809265137,7.199999809265137,7.199999809265137,4.226108551025391,0,0.0,0.0
2005-07-29,6.849999904632568,6.949999809265137,6.849999904632568,6.849999904632568,4.020671844482422,119050,0.0,0.0
2005-08-01,6.949999809265137,7.150000095367432,6.75,7.099999904632568,4.167412757873535,144155,0.0,0.0
2005-08-02,7.400000095367432,7.400000095367432,7.050000190734863,7.050000190734863,4.138064384460449,36102,0.0,0.0
2005-08-03,7.25,7.349999904632568,7.0,7.0,4.108716011047363,19000,0.0,0.0
2005-08-04,7.050000190734863,7.099999904632568,6.800000190734863,6.900000095367432,4.050020217895508,67731,0.0,0.0
2005-08-05,7.150000095367432,7.25,6.800000190734863,7.199999809265137,4.226108551025391,40826,0.0,0.0
2005-08-08,7.199999809265137,7.300000190734863,6.849999904632568,6.949999809265137,4.079368114471436,139462,0.0,0.0
2005-08-09,6.599999904632568,7.199999809265137,6.599999904632568,7.0,4.108716011047363,44384,0.0,0.0
2005-08-10,7.050000190734863,7.150000095367432,6.900000095367432,7.0,4.108716011047363,132720,0.0,0.0
2005-08-11,7.0,7.199999809265137,7.0,7.150000095367432,4.1967597007751465,31950,0.0,0.0
2005-08-12,7.099999904632568,7.5,7.0,7.150000095367432,4.1967597007751465,39000,0.0,0.0
2005-08-16,6.800000190734863,7.449999809265137,6.800000190734863,7.25,4.25545597076416,150066,0.0,0.0
2005-08-17,7.099999904632568,7.699999809265137,7.099999904632568,7.599999904632568,4.460892200469971,74268,0.0,0.0
2005-08-18,8.399999618530273,8.399999618530273,7.650000095367432,8.100000381469727,4.754373073577881,246450,0.0,0.0
2005-08-19,8.899999618530273,8.949999809265137,8.899999618530273,8.949999809265137,5.253287315368652,310178,0.0,0.0
2005-08-22,9.350000381469728,9.399999618530272,9.199999809265137,9.399999618530272,5.517419338226318,138713,0.0,0.0
2005-08-23,9.850000381469728,9.899999618530272,9.850000381469728,9.899999618530272,5.810899257659912,149369,0.0,0.0
2005-08-24,10.350000381469728,10.399999618530272,9.399999618530272,9.399999618530272,5.517419338226318,120994,0.0,0.0
2005-08-25,8.949999809265137,8.949999809265137,8.949999809265137,8.949999809265137,5.253287315368652,38730,0.0,0.0
2005-08-26,8.5,9.25,8.5,8.649999618530273,5.077200412750244,157248,0.0,0.0
2005-08-29,8.699999809265137,9.100000381469728,8.5,8.75,5.135895729064941,124631,0.0,0.0
2005-08-30,9.100000381469728,9.199999809265137,9.0,9.199999809265137,5.400026798248291,125302,0.0,0.0
2005-08-31,9.600000381469728,9.699999809265137,9.300000190734863,9.600000381469728,5.634809970855713,264097,0.0,0.0
2005-09-01,10.100000381469728,10.100000381469728,9.600000381469728,9.899999618530272,5.810899257659912,271271,0.0,0.0
2005-09-02,9.899999618530272,10.100000381469728,9.399999618530272,9.399999618530272,5.517419338226318,129457,0.0,0.0
2005-09-05,9.75,9.800000190734863,9.100000381469728,9.399999618530272,5.517419338226318,105586,0.0,0.0
2005-09-06,9.600000381469728,9.600000381469728,9.0,9.100000381469728,5.341331005096436,89149,0.0,0.0
2005-09-08,9.149999618530272,9.449999809265137,8.899999618530273,9.0,5.28263521194458,88805,0.0,0.0
2005-09-09,9.0,9.149999618530272,8.550000190734863,8.600000381469727,5.047852039337158,58798,0.0,0.0
2005-09-12,8.800000190734863,9.050000190734863,8.550000190734863,9.050000190734863,5.311983108520508,65106,0.0,0.0
2005-09-13,9.149999618530272,9.5,8.600000381469727,9.300000190734863,5.458724021911621,156515,0.0,0.0
2005-09-14,9.800000190734863,9.800000190734863,9.800000190734863,9.800000190734863,5.752203464508057,89462,0.0,0.0
2005-09-15,10.300000190734863,10.300000190734863,10.300000190734863,10.300000190734863,6.045682430267334,109197,0.0,0.0
2005-09-16,10.800000190734863,10.850000381469728,10.800000190734863,10.850000381469728,6.368510723114014,69583,0.0,0.0
2005-09-19,11.399999618530272,11.399999618530272,11.399999618530272,11.399999618530272,6.691338062286377,96931,0.0,0.0
2005-09-20,12.0,12.0,10.850000381469728,10.850000381469728,6.368510723114014,636959,0.0,0.0
2005-09-21,10.350000381469728,10.399999618530272,10.350000381469728,10.350000381469728,6.07503080368042,42925,0.0,0.0
2005-09-22,9.850000381469728,9.850000381469728,9.850000381469728,9.850000381469728,5.781551361083984,11625,0.0,0.0
2005-09-23,9.850000381469728,9.850000381469728,9.850000381469728,9.850000381469728,5.781551361083984,0,0.0,0.0
2005-09-26,9.850000381469728,9.850000381469728,9.850000381469728,9.850000381469728,5.781551361083984,0,0.0,0.0
2005-09-27,9.850000381469728,9.850000381469728,9.850000381469728,9.850000381469728,5.781551361083984,0,0.0,0.0
2005-09-28,9.850000381469728,9.850000381469728,9.850000381469728,9.850000381469728,5.781551361083984,0,0.0,0.0
2005-09-29,9.850000381469728,9.850000381469728,9.850000381469728,9.850000381469728,5.781551361083984,0,0.0,0.0
2005-09-30,9.850000381469728,9.850000381469728,9.850000381469728,9.850000381469728,5.781551361083984,0,0.0,0.0
2005-10-03,9.850000381469728,9.850000381469728,9.850000381469728,9.850000381469728,5.781551361083984,0,0.0,0.0
2005-10-04,9.850000381469728,9.850000381469728,9.850000381469728,9.850000381469728,5.781551361083984,0,0.0,0.0
2005-10-05,9.850000381469728,9.850000381469728,9.850000381469728,9.850000381469728,5.781551361083984,0,0.0,0.0
2005-10-06,9.850000381469728,9.850000381469728,9.850000381469728,9.850000381469728,5.781551361083984,0,0.0,0.0
2005-10-07,9.850000381469728,9.850000381469728,9.850000381469728,9.850000381469728,5.781551361083984,0,0.0,0.0
2005-10-10,9.850000381469728,9.850000381469728,9.850000381469728,9.850000381469728,5.781551361083984,0,0.0,0.0
2005-10-11,9.850000381469728,9.850000381469728,9.850000381469728,9.850000381469728,5.781551361083984,0,0.0,0.0
2005-10-13,9.850000381469728,9.850000381469728,9.850000381469728,9.850000381469728,5.781551361083984,0,0.0,0.0
2005-10-14,9.850000381469728,9.850000381469728,9.850000381469728,9.850000381469728,5.781551361083984,0,0.0,0.0
2005-10-17,9.850000381469728,9.850000381469728,9.850000381469728,9.850000381469728,5.781551361083984,0,0.0,0.0
2005-10-18,9.850000381469728,9.850000381469728,9.850000381469728,9.850000381469728,5.781551361083984,0,0.0,0.0
2005-10-19,9.850000381469728,9.850000381469728,9.850000381469728,9.850000381469728,5.781551361083984,0,0.0,0.0
2005-10-20,9.850000381469728,9.850000381469728,9.850000381469728,9.850000381469728,5.781551361083984,0,0.0,0.0
2005-10-21,9.850000381469728,9.850000381469728,9.850000381469728,9.850000381469728,5.781551361083984,0,0.0,0.0
2005-10-24,9.850000381469728,9.850000381469728,9.850000381469728,9.850000381469728,5.781551361083984,0,0.0,0.0
2005-10-25,9.850000381469728,9.850000381469728,9.850000381469728,9.850000381469728,5.781551361083984,0,0.0,0.0
2005-10-26,9.850000381469728,9.850000381469728,9.850000381469728,9.850000381469728,5.781551361083984,0,0.0,0.0
2005-10-27,9.850000381469728,9.850000381469728,9.850000381469728,9.850000381469728,5.781551361083984,0,0.0,0.0
2005-10-28,9.850000381469728,9.850000381469728,9.850000381469728,9.850000381469728,5.781551361083984,0,0.0,0.0
2005-10-31,9.850000381469728,9.850000381469728,9.850000381469728,9.850000381469728,5.781551361083984,0,0.0,0.0
2005-11-02,9.850000381469728,9.850000381469728,9.850000381469728,9.850000381469728,5.781551361083984,0,0.0,0.0
2005-11-04,9.850000381469728,9.850000381469728,9.850000381469728,9.850000381469728,5.781551361083984,0,0.0,0.0
2005-11-07,9.850000381469728,9.850000381469728,9.850000381469728,9.850000381469728,5.781551361083984,0,0.0,0.0
2005-11-08,9.850000381469728,9.850000381469728,9.850000381469728,9.850000381469728,5.781551361083984,0,0.0,0.0
2005-11-09,9.850000381469728,9.850000381469728,9.850000381469728,9.850000381469728,5.781551361083984,0,0.0,0.0
2005-11-10,9.850000381469728,9.850000381469728,9.850000381469728,9.850000381469728,5.781551361083984,0,0.0,0.0
2005-11-11,9.850000381469728,9.850000381469728,9.850000381469728,9.850000381469728,5.781551361083984,0,0.0,0.0
2005-11-14,9.850000381469728,9.850000381469728,9.850000381469728,9.850000381469728,5.781551361083984,0,0.0,0.0
2005-11-16,9.850000381469728,9.850000381469728,9.850000381469728,9.850000381469728,5.781551361083984,0,0.0,0.0
2005-11-17,9.850000381469728,9.850000381469728,9.850000381469728,9.850000381469728,5.781551361083984,0,0.0,0.0
2005-11-18,9.850000381469728,9.850000381469728,9.850000381469728,9.850000381469728,5.781551361083984,0,0.0,0.0
2005-11-21,9.850000381469728,9.850000381469728,9.850000381469728,9.850000381469728,5.781551361083984,0,0.0,0.0
2005-11-22,9.850000381469728,9.850000381469728,9.850000381469728,9.850000381469728,5.781551361083984,0,0.0,0.0
2005-11-23,9.850000381469728,9.850000381469728,9.850000381469728,9.850000381469728,5.781551361083984,0,0.0,0.0
2005-11-24,9.850000381469728,9.850000381469728,9.850000381469728,9.850000381469728,5.781551361083984,0,0.0,0.0
2005-11-25,9.850000381469728,9.850000381469728,9.850000381469728,9.850000381469728,5.781551361083984,0,0.0,0.0
2005-11-28,9.850000381469728,9.850000381469728,9.850000381469728,9.850000381469728,5.781551361083984,0,0.0,0.0
2005-11-29,9.850000381469728,9.850000381469728,9.850000381469728,9.850000381469728,5.781551361083984,0,0.0,0.0
2005-11-30,9.850000381469728,9.850000381469728,9.850000381469728,9.850000381469728,5.781551361083984,0,0.0,0.0
2005-12-01,9.850000381469728,9.850000381469728,9.850000381469728,9.850000381469728,5.781551361083984,0,0.0,0.0
2005-12-02,9.850000381469728,9.850000381469728,9.850000381469728,9.850000381469728,5.781551361083984,0,0.0,0.0
2005-12-05,9.850000381469728,9.850000381469728,9.850000381469728,9.850000381469728,5.781551361083984,0,0.0,0.0
2005-12-06,9.850000381469728,9.850000381469728,9.850000381469728,9.850000381469728,5.781551361083984,0,0.0,0.0
2005-12-07,9.850000381469728,9.850000381469728,9.850000381469728,9.850000381469728,5.781551361083984,0,0.0,0.0
2005-12-08,9.850000381469728,9.850000381469728,9.850000381469728,9.850000381469728,5.781551361083984,0,0.0,0.0
2005-12-09,9.850000381469728,9.850000381469728,9.850000381469728,9.850000381469728,5.781551361083984,0,0.0,0.0
2005-12-12,9.850000381469728,9.850000381469728,9.850000381469728,9.850000381469728,5.781551361083984,0,0.0,0.0
2005-12-13,9.850000381469728,9.850000381469728,9.850000381469728,9.850000381469728,5.781551361083984,0,0.0,0.0
2005-12-14,9.850000381469728,9.850000381469728,9.850000381469728,9.850000381469728,5.781551361083984,0,0.0,0.0
2005-12-15,9.850000381469728,9.850000381469728,9.850000381469728,9.850000381469728,5.781551361083984,0,0.0,0.0
2005-12-16,9.850000381469728,9.850000381469728,9.850000381469728,9.850000381469728,5.781551361083984,0,0.0,0.0
2005-12-19,9.850000381469728,9.850000381469728,9.850000381469728,9.850000381469728,5.781551361083984,0,0.0,0.0
2005-12-20,9.850000381469728,9.850000381469728,9.850000381469728,9.850000381469728,5.781551361083984,0,0.0,0.0
2005-12-21,9.850000381469728,9.850000381469728,9.850000381469728,9.850000381469728,5.781551361083984,0,0.0,0.0
2005-12-22,9.850000381469728,9.850000381469728,9.850000381469728,9.850000381469728,5.781551361083984,0,0.0,0.0
2005-12-23,9.850000381469728,9.850000381469728,9.850000381469728,9.850000381469728,5.781551361083984,0,0.0,0.0
2005-12-26,9.850000381469728,9.850000381469728,9.850000381469728,9.850000381469728,5.781551361083984,0,0.0,0.0
2005-12-27,9.850000381469728,9.850000381469728,9.850000381469728,9.850000381469728,5.781551361083984,0,0.0,0.0
2005-12-28,9.850000381469728,9.850000381469728,9.850000381469728,9.850000381469728,5.781551361083984,0,0.0,0.0
2005-12-29,9.850000381469728,9.850000381469728,9.850000381469728,9.850000381469728,5.781551361083984,0,0.0,0.0
2005-12-30,9.850000381469728,9.850000381469728,9.850000381469728,9.850000381469728,5.781551361083984,0,0.0,0.0
2006-01-02,9.850000381469728,9.850000381469728,9.850000381469728,9.850000381469728,5.781551361083984,0,0.0,0.0
2006-01-03,9.850000381469728,9.850000381469728,9.850000381469728,9.850000381469728,5.781551361083984,0,0.0,0.0
2006-01-04,9.850000381469728,9.850000381469728,9.850000381469728,9.850000381469728,5.781551361083984,0,0.0,0.0
2006-01-05,9.850000381469728,9.850000381469728,9.850000381469728,9.850000381469728,5.781551361083984,0,0.0,0.0
2006-01-06,9.850000381469728,9.850000381469728,9.850000381469728,9.850000381469728,5.781551361083984,0,0.0,0.0
2006-01-09,9.850000381469728,9.850000381469728,9.850000381469728,9.850000381469728,5.781551361083984,0,0.0,0.0
2006-01-10,9.850000381469728,9.850000381469728,9.850000381469728,9.850000381469728,5.781551361083984,0,0.0,0.0
2006-01-12,9.850000381469728,9.850000381469728,9.850000381469728,9.850000381469728,5.781551361083984,0,0.0,0.0
2006-01-13,9.850000381469728,9.850000381469728,9.850000381469728,9.850000381469728,5.781551361083984,0,0.0,0.0
2006-01-16,9.850000381469728,9.850000381469728,9.850000381469728,9.850000381469728,5.781551361083984,0,0.0,0.0
2006-01-17,9.850000381469728,9.850000381469728,9.850000381469728,9.850000381469728,5.781551361083984,0,0.0,0.0
2006-01-18,9.850000381469728,9.850000381469728,9.850000381469728,9.850000381469728,5.781551361083984,0,0.0,0.0
2006-01-19,9.850000381469728,9.850000381469728,9.850000381469728,9.850000381469728,5.781551361083984,0,0.0,0.0
2006-01-20,9.850000381469728,9.850000381469728,9.850000381469728,9.850000381469728,5.781551361083984,0,0.0,0.0
2006-01-23,9.850000381469728,9.850000381469728,9.850000381469728,9.850000381469728,5.781551361083984,0,0.0,0.0
2006-01-24,9.850000381469728,9.850000381469728,9.850000381469728,9.850000381469728,5.781551361083984,0,0.0,0.0
2006-01-25,9.850000381469728,9.850000381469728,9.850000381469728,9.850000381469728,5.781551361083984,0,0.0,0.0
2006-01-27,9.850000381469728,9.850000381469728,9.850000381469728,9.850000381469728,5.781551361083984,0,0.0,0.0
2006-01-30,9.850000381469728,9.850000381469728,9.850000381469728,9.850000381469728,5.781551361083984,0,0.0,0.0
2006-01-31,9.850000381469728,9.850000381469728,9.850000381469728,9.850000381469728,5.781551361083984,0,0.0,0.0
2006-02-01,9.850000381469728,9.850000381469728,9.850000381469728,9.850000381469728,5.781551361083984,0,0.0,0.0
2006-02-02,9.850000381469728,9.850000381469728,9.850000381469728,9.850000381469728,5.781551361083984,0,0.0,0.0
2006-02-03,9.850000381469728,9.850000381469728,9.850000381469728,9.850000381469728,5.781551361083984,0,0.0,0.0
2006-02-06,9.850000381469728,9.850000381469728,9.850000381469728,9.850000381469728,5.781551361083984,0,0.0,0.0
2006-02-07,9.850000381469728,9.850000381469728,9.850000381469728,9.850000381469728,5.781551361083984,0,0.0,0.0
2006-02-08,9.850000381469728,9.850000381469728,9.850000381469728,9.850000381469728,5.781551361083984,0,0.0,0.0
2006-02-10,9.850000381469728,9.850000381469728,9.850000381469728,9.850000381469728,5.781551361083984,0,0.0,0.0
2006-02-13,9.850000381469728,9.850000381469728,9.850000381469728,9.850000381469728,5.781551361083984,0,0.0,0.0
2006-02-14,9.850000381469728,9.850000381469728,9.850000381469728,9.850000381469728,5.781551361083984,0,0.0,0.0
2006-02-15,9.850000381469728,9.850000381469728,9.850000381469728,9.850000381469728,5.781551361083984,0,0.0,0.0
2006-02-16,9.850000381469728,9.850000381469728,9.850000381469728,9.850000381469728,5.781551361083984,0,0.0,0.0
2006-02-17,9.850000381469728,9.850000381469728,9.850000381469728,9.850000381469728,5.781551361083984,0,0.0,0.0
2006-02-20,9.850000381469728,9.850000381469728,9.850000381469728,9.850000381469728,5.781551361083984,0,0.0,0.0
2006-02-21,9.850000381469728,9.850000381469728,9.850000381469728,9.850000381469728,5.781551361083984,0,0.0,0.0
2006-02-22,9.850000381469728,9.850000381469728,9.850000381469728,9.850000381469728,5.781551361083984,0,0.0,0.0
2006-02-23,9.850000381469728,9.850000381469728,9.850000381469728,9.850000381469728,5.781551361083984,0,0.0,0.0
2006-02-24,9.850000381469728,9.850000381469728,9.850000381469728,9.850000381469728,5.781551361083984,0,0.0,0.0
2006-02-27,9.850000381469728,9.850000381469728,9.850000381469728,9.850000381469728,5.781551361083984,0,0.0,0.0
2006-02-28,9.850000381469728,9.850000381469728,9.850000381469728,9.850000381469728,5.781551361083984,0,0.0,0.0
2006-03-01,9.850000381469728,9.850000381469728,9.850000381469728,9.850000381469728,5.781551361083984,0,0.0,0.0
2006-03-02,9.850000381469728,9.850000381469728,9.850000381469728,9.850000381469728,5.781551361083984,0,0.0,0.0
2006-03-03,9.850000381469728,9.850000381469728,9.850000381469728,9.850000381469728,5.781551361083984,0,0.0,0.0
2006-03-06,9.850000381469728,9.850000381469728,9.850000381469728,9.850000381469728,5.781551361083984,0,0.0,0.0
2006-03-07,9.850000381469728,9.850000381469728,9.850000381469728,9.850000381469728,5.781551361083984,0,0.0,0.0
2006-03-08,9.850000381469728,9.850000381469728,9.850000381469728,9.850000381469728,5.781551361083984,0,0.0,0.0
2006-03-09,9.850000381469728,9.850000381469728,9.850000381469728,9.850000381469728,5.781551361083984,0,0.0,0.0
2006-03-10,9.850000381469728,9.850000381469728,9.850000381469728,9.850000381469728,5.781551361083984,0,0.0,0.0
2006-03-13,9.850000381469728,9.850000381469728,9.850000381469728,9.850000381469728,5.781551361083984,0,0.0,0.0
2006-03-14,9.850000381469728,9.850000381469728,9.850000381469728,9.850000381469728,5.781551361083984,0,0.0,0.0
2006-03-16,9.850000381469728,9.850000381469728,9.850000381469728,9.850000381469728,5.781551361083984,0,0.0,0.0
2006-03-17,9.850000381469728,9.850000381469728,9.850000381469728,9.850000381469728,5.781551361083984,0,0.0,0.0
2006-03-20,9.850000381469728,9.850000381469728,9.850000381469728,9.850000381469728,5.781551361083984,0,0.0,0.0
2006-03-21,9.850000381469728,9.850000381469728,9.850000381469728,9.850000381469728,5.781551361083984,0,0.0,0.0
2006-03-22,9.850000381469728,9.850000381469728,9.850000381469728,9.850000381469728,5.781551361083984,0,0.0,0.0
2006-03-23,9.850000381469728,9.850000381469728,9.850000381469728,9.850000381469728,5.781551361083984,0,0.0,0.0
2006-03-24,9.850000381469728,9.850000381469728,9.850000381469728,9.850000381469728,5.781551361083984,0,0.0,0.0
2006-03-27,9.850000381469728,9.850000381469728,9.850000381469728,9.850000381469728,5.781551361083984,0,0.0,0.0
2006-03-28,9.850000381469728,9.850000381469728,9.850000381469728,9.850000381469728,5.781551361083984,0,0.0,0.0
2006-03-29,9.850000381469728,9.850000381469728,9.850000381469728,9.850000381469728,5.781551361083984,0,0.0,0.0
2006-03-30,9.850000381469728,9.850000381469728,9.850000381469728,9.850000381469728,5.781551361083984,0,0.0,0.0
2006-03-31,9.850000381469728,9.850000381469728,9.850000381469728,9.850000381469728,5.781551361083984,0,0.0,0.0
2006-04-03,9.850000381469728,9.850000381469728,9.850000381469728,9.850000381469728,5.781551361083984,0,0.0,0.0
2006-04-04,9.850000381469728,9.850000381469728,9.850000381469728,9.850000381469728,5.781551361083984,0,0.0,0.0
2006-04-05,9.850000381469728,9.850000381469728,9.850000381469728,9.850000381469728,5.781551361083984,0,0.0,0.0
2006-04-07,9.850000381469728,9.850000381469728,9.850000381469728,9.850000381469728,5.781551361083984,0,0.0,0.0
2006-04-10,9.850000381469728,9.850000381469728,9.850000381469728,9.850000381469728,5.781551361083984,0,0.0,0.0
2006-04-12,9.850000381469728,9.850000381469728,9.850000381469728,9.850000381469728,5.781551361083984,0,0.0,0.0
2006-04-13,9.850000381469728,9.850000381469728,9.850000381469728,9.850000381469728,5.781551361083984,0,0.0,0.0
2006-04-17,9.850000381469728,9.850000381469728,9.850000381469728,9.850000381469728,5.781551361083984,0,0.0,0.0
2006-04-18,9.850000381469728,9.850000381469728,9.850000381469728,9.850000381469728,5.781551361083984,0,0.0,0.0
2006-04-19,9.850000381469728,9.850000381469728,9.850000381469728,9.850000381469728,5.781551361083984,0,0.0,0.0
2006-04-20,9.850000381469728,9.850000381469728,9.850000381469728,9.850000381469728,5.781551361083984,0,0.0,0.0
2006-04-21,9.850000381469728,9.850000381469728,9.850000381469728,9.850000381469728,5.781551361083984,0,0.0,0.0
2006-04-24,9.850000381469728,9.850000381469728,9.850000381469728,9.850000381469728,5.781551361083984,0,0.0,0.0
2006-04-25,9.850000381469728,9.850000381469728,9.850000381469728,9.850000381469728,5.781551361083984,0,0.0,0.0
2006-04-26,9.850000381469728,9.850000381469728,9.850000381469728,9.850000381469728,5.781551361083984,0,0.0,0.0
2006-04-27,9.850000381469728,9.850000381469728,9.850000381469728,9.850000381469728,5.781551361083984,0,0.0,0.0
2006-04-28,9.850000381469728,9.850000381469728,9.850000381469728,9.850000381469728,5.781551361083984,0,0.0,0.0
2006-05-02,9.850000381469728,9.850000381469728,9.850000381469728,9.850000381469728,5.781551361083984,0,0.0,0.0
2006-05-03,9.850000381469728,9.850000381469728,9.850000381469728,9.850000381469728,5.781551361083984,0,0.0,0.0
2006-05-04,9.850000381469728,9.850000381469728,9.850000381469728,9.850000381469728,5.781551361083984,0,0.0,0.0
2006-05-05,9.850000381469728,9.850000381469728,9.850000381469728,9.850000381469728,5.781551361083984,0,0.0,0.0
2006-05-08,9.850000381469728,9.850000381469728,9.850000381469728,9.850000381469728,5.781551361083984,0,0.0,0.0
2006-05-09,9.850000381469728,9.850000381469728,9.850000381469728,9.850000381469728,5.781551361083984,0,0.0,0.0
2006-05-10,9.850000381469728,9.850000381469728,9.850000381469728,9.850000381469728,5.781551361083984,0,0.0,0.0
2006-05-11,9.850000381469728,9.850000381469728,9.850000381469728,9.850000381469728,5.781551361083984,0,0.0,0.0
2006-05-12,9.850000381469728,9.850000381469728,9.850000381469728,9.850000381469728,5.781551361083984,0,0.0,0.0
2006-05-15,9.850000381469728,9.850000381469728,9.850000381469728,9.850000381469728,5.781551361083984,0,0.0,0.0
2006-05-16,9.850000381469728,9.850000381469728,9.850000381469728,9.850000381469728,5.781551361083984,0,0.0,0.0
2006-05-17,9.850000381469728,9.850000381469728,9.850000381469728,9.850000381469728,5.781551361083984,0,0.0,0.0
2006-05-18,9.850000381469728,9.850000381469728,9.850000381469728,9.850000381469728,5.781551361083984,0,0.0,0.0
2006-05-19,9.850000381469728,9.850000381469728,9.850000381469728,9.850000381469728,5.781551361083984,0,0.0,0.0
2006-05-22,9.850000381469728,9.850000381469728,9.850000381469728,9.850000381469728,5.781551361083984,0,0.0,0.0
2006-05-23,9.850000381469728,9.850000381469728,9.850000381469728,9.850000381469728,5.781551361083984,0,0.0,0.0
2006-05-24,9.850000381469728,9.850000381469728,9.850000381469728,9.850000381469728,5.781551361083984,0,0.0,0.0
2006-05-25,9.850000381469728,9.850000381469728,9.850000381469728,9.850000381469728,5.781551361083984,0,0.0,0.0
2006-05-26,9.850000381469728,9.850000381469728,9.850000381469728,9.850000381469728,5.781551361083984,0,0.0,0.0
2006-05-29,9.850000381469728,9.850000381469728,9.850000381469728,9.850000381469728,5.781551361083984,0,0.0,0.0
2006-05-30,9.850000381469728,9.850000381469728,9.850000381469728,9.850000381469728,5.781551361083984,0,0.0,0.0
2006-05-31,9.850000381469728,9.850000381469728,9.850000381469728,9.850000381469728,5.781551361083984,0,0.0,0.0
2006-06-01,9.850000381469728,9.850000381469728,9.850000381469728,9.850000381469728,5.781551361083984,0,0.0,0.0
2006-06-02,9.850000381469728,9.850000381469728,9.850000381469728,9.850000381469728,5.781551361083984,0,0.0,0.0
2006-06-05,9.850000381469728,9.850000381469728,9.850000381469728,9.850000381469728,5.781551361083984,0,0.0,0.0
2006-06-06,9.850000381469728,9.850000381469728,9.850000381469728,9.850000381469728,5.781551361083984,0,0.0,0.0
2006-06-07,9.850000381469728,9.850000381469728,9.850000381469728,9.850000381469728,5.781551361083984,0,0.0,0.0
2006-06-08,9.850000381469728,9.850000381469728,9.850000381469728,9.850000381469728,5.781551361083984,0,0.0,0.0
2006-06-09,9.850000381469728,9.850000381469728,9.850000381469728,9.850000381469728,5.781551361083984,0,0.0,0.0
2006-06-12,4.75,4.75,4.550000190734863,4.550000190734863,2.6706655025482178,2500,0.0,0.0
2006-06-13,4.550000190734863,4.550000190734863,4.349999904632568,4.349999904632568,2.5532734394073486,1150,0.0,0.0
2006-06-14,4.199999809265137,4.550000190734863,4.150000095367432,4.150000095367432,2.4358818531036377,3853,0.0,0.0
2006-06-15,4.0,4.0,3.950000047683716,3.950000047683716,2.318489789962769,4496,0.0,0.0
2006-06-16,3.950000047683716,4.099999904632568,3.950000047683716,4.050000190734863,2.3771865367889404,4400,0.0,0.0
2006-06-19,4.0,4.0,4.0,4.0,2.3478381633758545,1490,0.0,0.0
2006-06-20,4.0,4.0,3.900000095367432,4.0,2.3478381633758545,6986,0.0,0.0
2006-06-21,4.199999809265137,4.199999809265137,4.199999809265137,4.199999809265137,2.465229749679565,985,0.0,0.0
2006-06-22,4.400000095367432,4.400000095367432,4.099999904632568,4.400000095367432,2.5826215744018555,7200,0.0,0.0
2006-06-23,4.300000190734863,4.650000095367432,4.300000190734863,4.650000095367432,2.7293620109558105,2520,0.0,0.0
2006-06-26,4.300000190734863,4.699999809265137,4.300000190734863,4.699999809265137,2.758709669113159,2100,0.0,0.0
2006-06-27,4.550000190734863,4.949999809265137,4.5,4.599999904632568,2.700013399124145,1510,0.0,0.0
2006-06-28,4.599999904632568,4.849999904632568,4.400000095367432,4.400000095367432,2.5826215744018555,7210,0.0,0.0
2006-06-29,4.5,4.650000095367432,4.199999809265137,4.599999904632568,2.700013399124145,10560,0.0,0.0
2006-06-30,4.599999904632568,4.599999904632568,4.599999904632568,4.599999904632568,2.700013399124145,0,0.0,0.0
2006-07-03,4.599999904632568,4.599999904632568,4.599999904632568,4.599999904632568,2.700013399124145,0,0.0,0.0
2006-07-04,4.599999904632568,4.599999904632568,4.599999904632568,4.599999904632568,2.700013399124145,0,0.0,0.0
2006-07-05,4.599999904632568,4.599999904632568,4.599999904632568,4.599999904632568,2.700013399124145,0,0.0,0.0
2006-07-06,4.599999904632568,4.599999904632568,4.599999904632568,4.599999904632568,2.700013399124145,0,0.0,0.0
2006-07-07,4.599999904632568,4.599999904632568,4.599999904632568,4.599999904632568,2.700013399124145,0,0.0,0.0
2006-07-10,4.599999904632568,4.599999904632568,4.599999904632568,4.599999904632568,2.700013399124145,0,0.0,0.0
2006-07-11,4.599999904632568,4.599999904632568,4.599999904632568,4.599999904632568,2.700013399124145,0,0.0,0.0
2006-07-12,4.599999904632568,4.599999904632568,4.599999904632568,4.599999904632568,2.700013399124145,0,0.0,0.0
2006-07-13,4.599999904632568,4.599999904632568,4.599999904632568,4.599999904632568,2.700013399124145,0,0.0,0.0
2006-07-14,4.599999904632568,4.599999904632568,4.599999904632568,4.599999904632568,2.700013399124145,0,0.0,0.0
2006-07-17,4.599999904632568,4.599999904632568,4.599999904632568,4.599999904632568,2.700013399124145,0,0.0,0.0
2006-07-18,4.599999904632568,4.599999904632568,4.599999904632568,4.599999904632568,2.700013399124145,0,0.0,0.0
2006-07-19,4.599999904632568,4.599999904632568,4.599999904632568,4.599999904632568,2.700013399124145,0,0.0,0.0
2006-07-20,4.599999904632568,4.599999904632568,4.599999904632568,4.599999904632568,2.700013399124145,0,0.0,0.0
2006-07-21,4.599999904632568,4.599999904632568,4.599999904632568,4.599999904632568,2.700013399124145,0,0.0,0.0
2006-07-24,4.599999904632568,4.599999904632568,4.599999904632568,4.599999904632568,2.700013399124145,0,0.0,0.0
2006-07-25,4.599999904632568,4.599999904632568,4.599999904632568,4.599999904632568,2.700013399124145,0,0.0,0.0
2006-07-26,4.599999904632568,4.599999904632568,4.599999904632568,4.599999904632568,2.700013399124145,0,0.0,0.0
2006-07-27,4.599999904632568,4.599999904632568,4.599999904632568,4.599999904632568,2.700013399124145,0,0.0,0.0
2006-07-28,4.599999904632568,4.599999904632568,4.599999904632568,4.599999904632568,2.700013399124145,0,0.0,0.0
2006-07-31,4.599999904632568,4.599999904632568,4.599999904632568,4.599999904632568,2.700013399124145,0,0.0,0.0
2006-08-01,4.599999904632568,4.599999904632568,4.599999904632568,4.599999904632568,2.700013399124145,0,0.0,0.0
2006-08-02,4.599999904632568,4.599999904632568,4.599999904632568,4.599999904632568,2.700013399124145,0,0.0,0.0
2006-08-03,4.599999904632568,4.599999904632568,4.599999904632568,4.599999904632568,2.700013399124145,0,0.0,0.0
2006-08-04,4.599999904632568,4.599999904632568,4.599999904632568,4.599999904632568,2.700013399124145,0,0.0,0.0
2006-08-07,4.599999904632568,4.599999904632568,4.599999904632568,4.599999904632568,2.700013399124145,0,0.0,0.0
2006-08-08,4.599999904632568,4.599999904632568,4.599999904632568,4.599999904632568,2.700013399124145,0,0.0,0.0
2006-08-09,4.599999904632568,4.599999904632568,4.599999904632568,4.599999904632568,2.700013399124145,0,0.0,0.0
2006-08-10,4.599999904632568,4.599999904632568,4.599999904632568,4.599999904632568,2.700013399124145,0,0.0,0.0
2006-08-11,4.599999904632568,4.599999904632568,4.599999904632568,4.599999904632568,2.700013399124145,0,0.0,0.0
2006-08-14,4.599999904632568,4.599999904632568,4.599999904632568,4.599999904632568,2.700013399124145,0,0.0,0.0
2006-08-16,4.599999904632568,4.599999904632568,4.599999904632568,4.599999904632568,2.700013399124145,0,0.0,0.0
2006-08-17,4.599999904632568,4.599999904632568,4.599999904632568,4.599999904632568,2.700013399124145,0,0.0,0.0
2006-08-18,4.599999904632568,4.599999904632568,4.599999904632568,4.599999904632568,2.700013399124145,0,0.0,0.0
2006-08-21,4.599999904632568,4.599999904632568,4.599999904632568,4.599999904632568,2.700013399124145,0,0.0,0.0
2006-08-22,4.599999904632568,4.599999904632568,4.599999904632568,4.599999904632568,2.700013399124145,0,0.0,0.0
2006-08-23,4.599999904632568,4.599999904632568,4.599999904632568,4.599999904632568,2.700013399124145,0,0.0,0.0
2006-08-24,4.599999904632568,4.599999904632568,4.599999904632568,4.599999904632568,2.700013399124145,0,0.0,0.0
2006-08-25,4.599999904632568,4.599999904632568,4.599999904632568,4.599999904632568,2.700013399124145,0,0.0,0.0
2006-08-28,4.199999809265137,4.400000095367432,4.199999809265137,4.400000095367432,2.5826215744018555,1800,0.0,0.0
2006-08-29,4.199999809265137,4.5,4.199999809265137,4.400000095367432,2.5826215744018555,10121,0.0,0.0
2006-08-30,4.300000190734863,4.599999904632568,4.199999809265137,4.199999809265137,2.465229749679565,1550,0.0,0.0
2006-08-31,4.0,4.300000190734863,4.0,4.0,2.3478381633758545,2700,0.0,0.0
2006-09-01,4.0,4.0,3.900000095367432,4.0,2.3478381633758545,4649,0.0,0.0
2006-09-04,3.950000047683716,4.150000095367432,3.799999952316284,3.849999904632568,2.259793758392334,8500,0.0,0.0
2006-09-05,3.900000095367432,4.050000190734863,3.900000095367432,3.900000095367432,2.28914213180542,4050,0.0,0.0
2006-09-06,3.950000047683716,4.099999904632568,3.950000047683716,4.099999904632568,2.406533718109131,6350,0.0,0.0
2006-09-07,4.300000190734863,4.300000190734863,3.950000047683716,4.150000095367432,2.4358818531036377,2580,0.0,0.0
2006-09-08,3.950000047683716,4.150000095367432,3.950000047683716,3.950000047683716,2.318489789962769,6955,0.0,0.0
2006-09-11,4.150000095367432,4.150000095367432,3.75,3.799999952316284,2.2304461002349854,10195,0.0,0.0
2006-09-12,3.900000095367432,4.0,3.650000095367432,3.950000047683716,2.318489789962769,4538,0.0,0.0
2006-09-13,3.900000095367432,4.150000095367432,3.799999952316284,3.849999904632568,2.259793758392334,13586,0.0,0.0
2006-09-14,4.050000190734863,4.050000190734863,3.849999904632568,3.849999904632568,2.259793758392334,4738,0.0,0.0
2006-09-15,3.799999952316284,3.900000095367432,3.799999952316284,3.849999904632568,2.259793758392334,2150,0.0,0.0
2006-09-18,3.799999952316284,3.950000047683716,3.75,3.75,2.2010979652404785,15257,0.0,0.0
2006-09-19,3.950000047683716,3.950000047683716,3.700000047683716,3.950000047683716,2.318489789962769,9504,0.0,0.0
2006-09-20,4.150000095367432,4.150000095367432,3.799999952316284,3.900000095367432,2.28914213180542,7660,0.0,0.0
2006-09-21,4.0,4.0,3.75,3.900000095367432,2.28914213180542,10121,0.0,0.0
2006-09-22,3.75,3.799999952316284,3.700000047683716,3.75,2.2010979652404785,9241,0.0,0.0
2006-09-25,3.900000095367432,3.900000095367432,3.75,3.75,2.2010979652404785,2629,0.0,0.0
2006-09-26,3.75,3.75,3.5999999046325684,3.5999999046325684,2.113054275512696,14238,0.0,0.0
2006-09-27,3.700000047683716,3.799999952316284,3.5,3.5,2.0543580055236816,6929,0.0,0.0
2006-09-28,3.5,3.700000047683716,3.5,3.700000047683716,2.171750545501709,17363,0.0,0.0
2006-09-29,3.5999999046325684,3.900000095367432,3.5999999046325684,3.900000095367432,2.28914213180542,6149,0.0,0.0
2006-10-03,3.900000095367432,4.0,3.75,4.0,2.3478381633758545,5400,0.0,0.0
2006-10-04,3.950000047683716,4.0,3.799999952316284,3.950000047683716,2.318489789962769,3530,0.0,0.0
2006-10-05,3.799999952316284,4.150000095367432,3.799999952316284,4.150000095367432,2.4358818531036377,3551,0.0,0.0
2006-10-06,4.0,4.150000095367432,3.950000047683716,4.150000095367432,2.4358818531036377,5200,0.0,0.0
2006-10-09,4.0,4.199999809265137,4.0,4.199999809265137,2.465229749679565,2800,0.0,0.0
2006-10-10,4.199999809265137,4.400000095367432,3.799999952316284,4.199999809265137,2.465229749679565,15450,0.0,0.0
2006-10-11,4.099999904632568,4.150000095367432,4.0,4.0,2.3478381633758545,3590,0.0,0.0
2006-10-12,3.799999952316284,4.199999809265137,3.75,3.849999904632568,2.259793758392334,21307,0.0,0.0
2006-10-13,3.849999904632568,4.0,3.799999952316284,3.799999952316284,2.2304461002349854,12517,0.0,0.0
2006-10-16,3.75,4.050000190734863,3.700000047683716,3.799999952316284,2.2304461002349854,3519,0.0,0.0
2006-10-17,4.0,4.150000095367432,3.799999952316284,3.799999952316284,2.2304461002349854,1303,0.0,0.0
2006-10-18,4.0,4.0,3.849999904632568,3.849999904632568,2.259793758392334,8238,0.0,0.0
2006-10-19,3.75,3.900000095367432,3.5,3.900000095367432,2.28914213180542,19384,0.0,0.0
2006-10-20,3.849999904632568,3.849999904632568,3.700000047683716,3.849999904632568,2.259793758392334,10225,0.0,0.0
2006-10-23,4.0,4.099999904632568,3.799999952316284,4.0,2.3478381633758545,10700,0.0,0.0
2006-10-26,3.849999904632568,3.900000095367432,3.849999904632568,3.900000095367432,2.28914213180542,7900,0.0,0.0
2006-10-27,4.0,4.0,3.75,3.75,2.2010979652404785,4910,0.0,0.0
2006-10-30,4.150000095367432,4.150000095367432,3.75,3.900000095367432,2.28914213180542,6350,0.0,0.0
2006-10-31,3.900000095367432,3.900000095367432,3.799999952316284,3.849999904632568,2.259793758392334,3250,0.0,0.0
2006-11-01,3.799999952316284,3.900000095367432,3.799999952316284,3.799999952316284,2.2304461002349854,2700,0.0,0.0
2006-11-02,3.799999952316284,3.799999952316284,3.799999952316284,3.799999952316284,2.2304461002349854,1000,0.0,0.0
2006-11-03,3.799999952316284,4.050000190734863,3.799999952316284,4.0,2.3478381633758545,10504,0.0,0.0
2006-11-06,4.150000095367432,4.199999809265137,3.799999952316284,3.849999904632568,2.259793758392334,4900,0.0,0.0
2006-11-07,3.799999952316284,4.199999809265137,3.650000095367432,3.849999904632568,2.259793758392334,6750,0.0,0.0
2006-11-08,3.799999952316284,4.0,3.799999952316284,4.0,2.3478381633758545,5001,0.0,0.0
2006-11-09,3.799999952316284,4.0,3.799999952316284,3.950000047683716,2.318489789962769,2621,0.0,0.0
2006-11-10,3.849999904632568,4.099999904632568,3.799999952316284,4.0,2.3478381633758545,5010,0.0,0.0
2006-11-13,3.799999952316284,4.400000095367432,3.799999952316284,4.400000095367432,2.5826215744018555,42503,0.0,0.0
2006-11-14,4.150000095367432,4.849999904632568,4.150000095367432,4.849999904632568,2.846753120422364,68620,0.0,0.0
2006-11-15,5.099999904632568,5.099999904632568,5.099999904632568,5.099999904632568,2.99349331855774,8900,0.0,0.0
2006-11-16,5.400000095367432,5.400000095367432,5.400000095367432,5.400000095367432,3.169581174850464,19880,0.0,0.0
2006-11-17,5.699999809265137,5.699999809265137,5.599999904632568,5.699999809265137,3.3456690311431885,33550,0.0,0.0
2006-11-20,5.849999904632568,6.0,5.5,5.5,3.22827696800232,46599,0.0,0.0
2006-11-21,5.5,5.5,5.25,5.25,3.0815370082855225,6200,0.0,0.0
2006-11-22,5.0,5.0,5.0,5.0,2.9347972869873047,3803,0.0,0.0
2006-11-23,4.75,4.949999809265137,4.75,4.800000190734863,2.8174049854278564,11697,0.0,0.0
2006-11-24,4.800000190734863,4.800000190734863,4.800000190734863,4.800000190734863,2.8174049854278564,0,0.0,0.0
2006-11-27,4.800000190734863,4.800000190734863,4.800000190734863,4.800000190734863,2.8174049854278564,0,0.0,0.0
2006-11-28,4.800000190734863,4.800000190734863,4.800000190734863,4.800000190734863,2.8174049854278564,0,0.0,0.0
2006-11-29,4.800000190734863,4.800000190734863,4.800000190734863,4.800000190734863,2.8174049854278564,0,0.0,0.0
2006-11-30,4.800000190734863,4.800000190734863,4.800000190734863,4.800000190734863,2.8174049854278564,0,0.0,0.0
2006-12-01,4.800000190734863,4.800000190734863,4.800000190734863,4.800000190734863,2.8174049854278564,0,0.0,0.0
2006-12-04,4.800000190734863,4.800000190734863,4.800000190734863,4.800000190734863,2.8174049854278564,0,0.0,0.0
2006-12-05,4.800000190734863,4.800000190734863,4.800000190734863,4.800000190734863,2.8174049854278564,0,0.0,0.0
2006-12-06,4.800000190734863,4.800000190734863,4.800000190734863,4.800000190734863,2.8174049854278564,0,0.0,0.0
2006-12-07,4.800000190734863,4.800000190734863,4.800000190734863,4.800000190734863,2.8174049854278564,0,0.0,0.0
2006-12-08,4.800000190734863,4.800000190734863,4.800000190734863,4.800000190734863,2.8174049854278564,0,0.0,0.0
2006-12-11,4.800000190734863,4.800000190734863,4.800000190734863,4.800000190734863,2.8174049854278564,0,0.0,0.0
2006-12-12,4.800000190734863,4.800000190734863,4.800000190734863,4.800000190734863,2.8174049854278564,0,0.0,0.0
2006-12-13,4.800000190734863,4.800000190734863,4.800000190734863,4.800000190734863,2.8174049854278564,0,0.0,0.0
2006-12-14,4.800000190734863,4.800000190734863,4.800000190734863,4.800000190734863,2.8174049854278564,0,0.0,0.0
2006-12-15,4.800000190734863,4.800000190734863,4.800000190734863,4.800000190734863,2.8174049854278564,0,0.0,0.0
2006-12-18,4.800000190734863,4.800000190734863,4.800000190734863,4.800000190734863,2.8174049854278564,0,0.0,0.0
2006-12-19,4.800000190734863,4.800000190734863,4.800000190734863,4.800000190734863,2.8174049854278564,0,0.0,0.0
2006-12-20,4.849999904632568,4.849999904632568,4.849999904632568,4.849999904632568,2.846753120422364,300,0.0,0.0
2006-12-21,4.849999904632568,4.849999904632568,4.849999904632568,4.849999904632568,2.846753120422364,300,0.0,0.0
2006-12-22,4.849999904632568,4.849999904632568,4.849999904632568,4.849999904632568,2.846753120422364,0,0.0,0.0
2006-12-26,4.849999904632568,4.849999904632568,4.849999904632568,4.849999904632568,2.846753120422364,0,0.0,0.0
2006-12-27,4.849999904632568,4.849999904632568,4.849999904632568,4.849999904632568,2.846753120422364,0,0.0,0.0
2006-12-28,4.849999904632568,4.849999904632568,4.849999904632568,4.849999904632568,2.846753120422364,0,0.0,0.0
2006-12-29,4.849999904632568,4.849999904632568,4.849999904632568,4.849999904632568,2.846753120422364,0,0.0,0.0
2007-01-02,4.849999904632568,4.849999904632568,4.849999904632568,4.849999904632568,2.846753120422364,0,0.0,0.0
2007-01-03,4.849999904632568,4.849999904632568,4.849999904632568,4.849999904632568,2.846753120422364,0,0.0,0.0
2007-01-04,4.849999904632568,4.849999904632568,4.849999904632568,4.849999904632568,2.846753120422364,0,0.0,0.0
2007-01-05,4.849999904632568,4.849999904632568,4.849999904632568,4.849999904632568,2.846753120422364,0,0.0,0.0
2007-01-08,4.849999904632568,4.849999904632568,4.849999904632568,4.849999904632568,2.846753120422364,0,0.0,0.0
2007-01-09,4.849999904632568,4.849999904632568,4.849999904632568,4.849999904632568,2.846753120422364,0,0.0,0.0
2007-01-10,4.849999904632568,4.849999904632568,4.849999904632568,4.849999904632568,2.846753120422364,0,0.0,0.0
2007-01-11,4.849999904632568,4.849999904632568,4.849999904632568,4.849999904632568,2.846753120422364,0,0.0,0.0
2007-01-12,4.849999904632568,4.849999904632568,4.849999904632568,4.849999904632568,2.846753120422364,0,0.0,0.0
2007-01-15,4.849999904632568,4.849999904632568,4.849999904632568,4.849999904632568,2.846753120422364,0,0.0,0.0
2007-01-16,4.849999904632568,4.849999904632568,4.849999904632568,4.849999904632568,2.846753120422364,0,0.0,0.0
2007-01-17,4.849999904632568,4.849999904632568,4.849999904632568,4.849999904632568,2.846753120422364,0,0.0,0.0
2007-01-18,4.849999904632568,4.849999904632568,4.849999904632568,4.849999904632568,2.846753120422364,0,0.0,0.0
2007-01-19,4.849999904632568,4.849999904632568,4.849999904632568,4.849999904632568,2.846753120422364,0,0.0,0.0
2007-01-22,4.849999904632568,4.849999904632568,4.849999904632568,4.849999904632568,2.846753120422364,0,0.0,0.0
2007-01-23,4.849999904632568,4.849999904632568,4.849999904632568,4.849999904632568,2.846753120422364,0,0.0,0.0
2007-01-24,4.849999904632568,4.849999904632568,4.849999904632568,4.849999904632568,2.846753120422364,0,0.0,0.0
2007-01-25,4.849999904632568,4.849999904632568,4.849999904632568,4.849999904632568,2.846753120422364,0,0.0,0.0
2007-01-29,4.849999904632568,4.849999904632568,4.849999904632568,4.849999904632568,2.846753120422364,0,0.0,0.0
2007-01-31,4.849999904632568,4.849999904632568,4.849999904632568,4.849999904632568,2.846753120422364,0,0.0,0.0
2007-02-01,4.849999904632568,4.849999904632568,4.849999904632568,4.849999904632568,2.846753120422364,0,0.0,0.0
2007-02-02,4.849999904632568,4.849999904632568,4.849999904632568,4.849999904632568,2.846753120422364,0,0.0,0.0
2007-02-05,4.849999904632568,4.849999904632568,4.849999904632568,4.849999904632568,2.846753120422364,0,0.0,0.0
2007-02-06,4.849999904632568,4.849999904632568,4.849999904632568,4.849999904632568,2.846753120422364,0,0.0,0.0
2007-02-07,4.849999904632568,4.849999904632568,4.849999904632568,4.849999904632568,2.846753120422364,0,0.0,0.0
2007-02-08,4.849999904632568,4.849999904632568,4.849999904632568,4.849999904632568,2.846753120422364,0,0.0,0.0
2007-02-09,4.849999904632568,4.849999904632568,4.849999904632568,4.849999904632568,2.846753120422364,0,0.0,0.0
2007-02-12,4.849999904632568,4.849999904632568,4.849999904632568,4.849999904632568,2.846753120422364,0,0.0,0.0
2007-02-13,4.849999904632568,4.849999904632568,4.849999904632568,4.849999904632568,2.846753120422364,0,0.0,0.0
2007-02-14,4.849999904632568,4.849999904632568,4.849999904632568,4.849999904632568,2.846753120422364,0,0.0,0.0
2007-02-15,4.849999904632568,4.849999904632568,4.849999904632568,4.849999904632568,2.846753120422364,0,0.0,0.0
2007-02-19,4.849999904632568,4.849999904632568,4.849999904632568,4.849999904632568,2.846753120422364,0,0.0,0.0
2007-02-20,4.849999904632568,4.849999904632568,4.849999904632568,4.849999904632568,2.846753120422364,0,0.0,0.0
2007-02-21,4.849999904632568,4.849999904632568,4.849999904632568,4.849999904632568,2.846753120422364,0,0.0,0.0
2007-02-22,4.849999904632568,4.849999904632568,4.849999904632568,4.849999904632568,2.846753120422364,0,0.0,0.0
2007-02-23,4.849999904632568,4.849999904632568,4.849999904632568,4.849999904632568,2.846753120422364,0,0.0,0.0
2007-02-26,4.849999904632568,4.849999904632568,4.849999904632568,4.849999904632568,2.846753120422364,0,0.0,0.0
2007-02-27,4.849999904632568,4.849999904632568,4.849999904632568,4.849999904632568,2.846753120422364,0,0.0,0.0
2007-02-28,4.849999904632568,4.849999904632568,4.849999904632568,4.849999904632568,2.846753120422364,0,0.0,0.0
2007-03-01,4.849999904632568,4.849999904632568,4.849999904632568,4.849999904632568,2.846753120422364,0,0.0,0.0
2007-03-02,4.75,5.199999809265137,4.699999809265137,4.75,2.788057327270508,6820,0.0,0.0
2007-03-05,4.900000095367432,4.900000095367432,4.550000190734863,4.550000190734863,2.6706655025482178,1445,0.0,0.0
2007-03-06,4.349999904632568,4.75,4.349999904632568,4.349999904632568,2.5532734394073486,1450,0.0,0.0
2007-03-07,4.400000095367432,4.400000095367432,4.199999809265137,4.199999809265137,2.465229749679565,2900,0.0,0.0
2007-03-08,4.199999809265137,4.449999809265137,4.0,4.050000190734863,2.3771865367889404,8542,0.0,0.0
2007-03-09,3.849999904632568,3.849999904632568,3.849999904632568,3.849999904632568,2.259793758392334,2000,0.0,0.0
2007-03-12,4.0,4.0,4.0,4.0,2.3478381633758545,2020,0.0,0.0
2007-03-13,4.199999809265137,4.199999809265137,4.199999809265137,4.199999809265137,2.465229749679565,1650,0.0,0.0
2007-03-14,4.25,4.25,4.0,4.25,2.494577407836914,5000,0.0,0.0
2007-03-15,4.25,4.400000095367432,4.25,4.400000095367432,2.5826215744018555,1950,0.0,0.0
2007-03-16,4.25,4.300000190734863,4.199999809265137,4.199999809265137,2.465229749679565,865,0.0,0.0
2007-03-19,4.0,4.300000190734863,4.0,4.0,2.3478381633758545,10442,0.0,0.0
2007-03-20,4.199999809265137,4.199999809265137,4.0,4.199999809265137,2.465229749679565,9932,0.0,0.0
2007-03-21,4.050000190734863,4.449999809265137,4.0,4.0,2.3478381633758545,15490,0.0,0.0
2007-03-22,4.050000190734863,4.25,4.0,4.25,2.494577407836914,22320,0.0,0.0
2007-03-23,4.5,4.5,4.050000190734863,4.050000190734863,2.3771865367889404,11055,0.0,0.0
2007-03-26,4.199999809265137,4.199999809265137,4.050000190734863,4.050000190734863,2.3771865367889404,23320,0.0,0.0
2007-03-28,3.950000047683716,3.950000047683716,3.849999904632568,3.849999904632568,2.259793758392334,11352,0.0,0.0
2007-03-29,3.849999904632568,3.950000047683716,3.849999904632568,3.849999904632568,2.259793758392334,5358,0.0,0.0
2007-03-30,3.849999904632568,3.950000047683716,3.799999952316284,3.799999952316284,2.2304461002349854,15024,0.0,0.0
2007-04-02,4.099999904632568,4.199999809265137,4.0,4.0,2.3478381633758545,1700,0.0,0.0
2007-04-03,4.0,4.150000095367432,3.849999904632568,4.0,2.3478381633758545,2725,0.0,0.0
2007-04-04,4.150000095367432,4.150000095367432,4.0,4.150000095367432,2.4358818531036377,1700,0.0,0.0
2007-04-05,4.0,4.25,4.0,4.150000095367432,2.4358818531036377,10300,0.0,0.0
2007-04-09,4.349999904632568,4.400000095367432,4.300000190734863,4.400000095367432,2.5826215744018555,12112,0.0,0.0
2007-04-10,4.099999904632568,4.400000095367432,4.099999904632568,4.199999809265137,2.465229749679565,3336,0.0,0.0
2007-04-11,4.349999904632568,4.349999904632568,4.199999809265137,4.349999904632568,2.5532734394073486,12000,0.0,0.0
2007-04-12,4.0,4.5,4.0,4.0,2.3478381633758545,14596,0.0,0.0
2007-04-13,4.400000095367432,4.400000095367432,4.150000095367432,4.199999809265137,2.465229749679565,7400,0.0,0.0
2007-04-16,4.650000095367432,4.650000095367432,4.300000190734863,4.300000190734863,2.523926019668579,7120,0.0,0.0
2007-04-17,4.800000190734863,4.800000190734863,4.199999809265137,4.699999809265137,2.758709669113159,9720,0.0,0.0
2007-04-18,4.550000190734863,4.599999904632568,4.300000190734863,4.300000190734863,2.523926019668579,10190,0.0,0.0
2007-04-19,4.5,4.5,4.050000190734863,4.300000190734863,2.523926019668579,14716,0.0,0.0
2007-04-20,4.349999904632568,4.650000095367432,4.300000190734863,4.650000095367432,2.7293620109558105,3533,0.0,0.0
2007-04-23,4.300000190734863,5.0,4.25,4.949999809265137,2.905449628829956,19999,0.0,0.0
2007-04-24,4.300000190734863,5.050000190734863,4.300000190734863,5.050000190734863,2.96414566040039,23209,0.0,0.0
2007-04-25,5.300000190734863,5.599999904632568,5.199999809265137,5.599999904632568,3.286973237991333,31715,0.0,0.0
2007-04-26,5.900000095367432,5.900000095367432,5.900000095367432,5.900000095367432,3.4630608558654785,35400,0.0,0.0
2007-04-27,6.199999809265137,6.199999809265137,6.199999809265137,6.199999809265137,3.6391489505767822,42331,0.0,0.0
2007-04-30,6.550000190734863,6.550000190734863,6.550000190734863,6.550000190734863,3.844584226608277,64652,0.0,0.0
2007-05-03,6.900000095367432,6.900000095367432,6.849999904632568,6.900000095367432,4.050020217895508,22985,0.0,0.0
2007-05-04,7.199999809265137,7.25,6.550000190734863,6.550000190734863,3.844584226608277,54141,0.0,0.0
2007-05-07,6.650000095367432,7.0,6.349999904632568,6.349999904632568,3.727193117141724,29650,0.0,0.0
2007-05-08,6.449999809265137,6.449999809265137,6.050000190734863,6.050000190734863,3.551104784011841,5496,0.0,0.0
2007-05-09,6.050000190734863,6.050000190734863,5.75,5.75,3.375016689300537,8800,0.0,0.0
2007-05-10,5.75,5.75,5.5,5.550000190734863,3.257625102996826,8854,0.0,0.0
2007-05-11,5.550000190734863,5.849999904632568,5.550000190734863,5.849999904632568,3.433712720870972,7490,0.0,0.0
2007-05-14,6.150000095367432,6.150000095367432,6.150000095367432,6.150000095367432,3.609801054000856,43870,0.0,0.0
2007-05-15,6.5,6.5,6.5,6.5,3.815236806869507,11115,0.0,0.0
2007-05-16,6.849999904632568,6.849999904632568,6.849999904632568,6.849999904632568,4.020671844482422,49245,0.0,0.0
2007-05-17,7.199999809265137,7.199999809265137,6.599999904632568,6.650000095367432,3.903280735015869,121439,0.0,0.0
2007-05-18,6.5,7.050000190734863,6.5,6.949999809265137,4.079368114471436,50652,0.0,0.0
2007-05-21,7.099999904632568,7.150000095367432,7.0,7.150000095367432,4.1967597007751465,75896,0.0,0.0
2007-05-22,7.5,7.550000190734863,7.449999809265137,7.550000190734863,4.431544780731201,45637,0.0,0.0
2007-05-23,7.949999809265137,7.949999809265137,7.349999904632568,7.949999809265137,4.666327476501465,89930,0.0,0.0
2007-05-24,8.300000190734863,8.350000381469727,8.100000381469727,8.350000381469727,4.901112079620361,100201,0.0,0.0
2007-05-25,8.699999809265137,8.699999809265137,8.149999618530273,8.149999618530273,4.783719062805176,50266,0.0,0.0
2007-05-28,8.600000381469727,8.600000381469727,7.800000190734863,8.149999618530273,4.783719062805176,35450,0.0,0.0
2007-05-29,8.550000190734863,8.550000190734863,7.75,7.75,4.548935890197754,47327,0.0,0.0
2007-05-30,7.400000095367432,7.75,7.400000095367432,7.400000095367432,4.343501091003418,14002,0.0,0.0
2007-05-31,7.25,7.349999904632568,7.050000190734863,7.050000190734863,4.138064384460449,53293,0.0,0.0
2007-06-01,6.800000190734863,7.099999904632568,6.699999809265137,6.699999809265137,3.932628631591797,27604,0.0,0.0
2007-06-04,6.800000190734863,7.099999904632568,6.5,6.699999809265137,3.932628631591797,35644,0.0,0.0
2007-06-05,6.800000190734863,7.050000190734863,6.5,7.050000190734863,4.138064384460449,15759,0.0,0.0
2007-06-06,7.349999904632568,7.400000095367432,7.050000190734863,7.400000095367432,4.343501091003418,33158,0.0,0.0
2007-06-07,7.800000190734863,7.800000190734863,7.699999809265137,7.800000190734863,4.57828426361084,14780,0.0,0.0
2007-06-08,7.800000190734863,7.800000190734863,7.800000190734863,7.800000190734863,4.57828426361084,0,0.0,0.0
2007-06-11,7.800000190734863,7.800000190734863,7.800000190734863,7.800000190734863,4.57828426361084,0,0.0,0.0
2007-06-12,7.800000190734863,7.800000190734863,7.800000190734863,7.800000190734863,4.57828426361084,0,0.0,0.0
2007-06-13,7.800000190734863,7.800000190734863,7.800000190734863,7.800000190734863,4.57828426361084,0,0.0,0.0
2007-06-14,7.800000190734863,7.800000190734863,7.800000190734863,7.800000190734863,4.57828426361084,0,0.0,0.0
2007-06-15,7.800000190734863,7.800000190734863,7.800000190734863,7.800000190734863,4.57828426361084,0,0.0,0.0
2007-06-18,7.800000190734863,7.800000190734863,7.800000190734863,7.800000190734863,4.57828426361084,0,0.0,0.0
2007-06-19,7.800000190734863,7.800000190734863,7.800000190734863,7.800000190734863,4.57828426361084,0,0.0,0.0
2007-06-20,7.800000190734863,7.800000190734863,7.800000190734863,7.800000190734863,4.57828426361084,0,0.0,0.0
2007-06-21,7.800000190734863,7.800000190734863,7.800000190734863,7.800000190734863,4.57828426361084,0,0.0,0.0
2007-06-22,7.800000190734863,7.800000190734863,7.800000190734863,7.800000190734863,4.57828426361084,0,0.0,0.0
2007-06-25,7.800000190734863,7.800000190734863,7.800000190734863,7.800000190734863,4.57828426361084,0,0.0,0.0
2007-06-26,7.800000190734863,7.800000190734863,7.800000190734863,7.800000190734863,4.57828426361084,0,0.0,0.0
2007-06-27,7.800000190734863,7.800000190734863,7.800000190734863,7.800000190734863,4.57828426361084,0,0.0,0.0
2007-06-28,7.800000190734863,7.800000190734863,7.800000190734863,7.800000190734863,4.57828426361084,0,0.0,0.0
2007-06-29,7.800000190734863,7.800000190734863,7.800000190734863,7.800000190734863,4.57828426361084,0,0.0,0.0
2007-07-02,7.800000190734863,7.800000190734863,7.800000190734863,7.800000190734863,4.57828426361084,0,0.0,0.0
2007-07-03,7.800000190734863,7.800000190734863,7.800000190734863,7.800000190734863,4.57828426361084,0,0.0,0.0
2007-07-04,7.800000190734863,7.800000190734863,7.800000190734863,7.800000190734863,4.57828426361084,0,0.0,0.0
2007-07-05,7.800000190734863,7.800000190734863,7.800000190734863,7.800000190734863,4.57828426361084,0,0.0,0.0
2007-07-06,7.800000190734863,7.800000190734863,7.800000190734863,7.800000190734863,4.57828426361084,0,0.0,0.0
2007-07-09,7.800000190734863,7.800000190734863,7.800000190734863,7.800000190734863,4.57828426361084,0,0.0,0.0
2007-07-10,7.800000190734863,7.800000190734863,7.800000190734863,7.800000190734863,4.57828426361084,0,0.0,0.0
2007-07-11,7.800000190734863,7.800000190734863,7.800000190734863,7.800000190734863,4.57828426361084,0,0.0,0.0
2007-07-12,7.800000190734863,7.800000190734863,7.800000190734863,7.800000190734863,4.57828426361084,0,0.0,0.0
2007-07-13,7.800000190734863,7.800000190734863,7.800000190734863,7.800000190734863,4.57828426361084,0,0.0,0.0
2007-07-16,7.800000190734863,7.800000190734863,7.800000190734863,7.800000190734863,4.57828426361084,0,0.0,0.0
2007-07-17,7.800000190734863,7.800000190734863,7.800000190734863,7.800000190734863,4.57828426361084,0,0.0,0.0
2007-07-18,7.800000190734863,7.800000190734863,7.800000190734863,7.800000190734863,4.57828426361084,0,0.0,0.0
2007-07-19,7.800000190734863,7.800000190734863,7.800000190734863,7.800000190734863,4.57828426361084,0,0.0,0.0
2007-07-20,7.800000190734863,7.800000190734863,7.800000190734863,7.800000190734863,4.57828426361084,0,0.0,0.0
2007-07-23,7.800000190734863,7.800000190734863,7.800000190734863,7.800000190734863,4.57828426361084,0,0.0,0.0
2007-07-24,7.800000190734863,7.800000190734863,7.800000190734863,7.800000190734863,4.57828426361084,0,0.0,0.0
2007-07-25,7.800000190734863,7.800000190734863,7.800000190734863,7.800000190734863,4.57828426361084,0,0.0,0.0
2007-07-26,7.800000190734863,7.800000190734863,7.800000190734863,7.800000190734863,4.57828426361084,0,0.0,0.0
2007-07-27,7.800000190734863,7.800000190734863,7.800000190734863,7.800000190734863,4.57828426361084,0,0.0,0.0
2007-07-30,7.800000190734863,7.800000190734863,7.800000190734863,7.800000190734863,4.57828426361084,0,0.0,0.0
2007-07-31,7.800000190734863,7.800000190734863,7.800000190734863,7.800000190734863,4.57828426361084,0,0.0,0.0
2007-08-01,7.800000190734863,7.800000190734863,7.800000190734863,7.800000190734863,4.57828426361084,0,0.0,0.0
2007-08-02,7.800000190734863,7.800000190734863,7.800000190734863,7.800000190734863,4.57828426361084,0,0.0,0.0
2007-08-03,7.800000190734863,7.800000190734863,7.800000190734863,7.800000190734863,4.57828426361084,0,0.0,0.0
2007-08-06,7.800000190734863,7.800000190734863,7.800000190734863,7.800000190734863,4.57828426361084,0,0.0,0.0
2007-08-07,7.800000190734863,7.800000190734863,7.800000190734863,7.800000190734863,4.57828426361084,0,0.0,0.0
2007-08-08,7.800000190734863,7.800000190734863,7.800000190734863,7.800000190734863,4.57828426361084,0,0.0,0.0
2007-08-09,7.800000190734863,7.800000190734863,7.800000190734863,7.800000190734863,4.57828426361084,0,0.0,0.0
2007-08-10,7.800000190734863,7.800000190734863,7.800000190734863,7.800000190734863,4.57828426361084,0,0.0,0.0
2007-08-13,7.800000190734863,7.800000190734863,7.800000190734863,7.800000190734863,4.57828426361084,0,0.0,0.0
2007-08-14,7.800000190734863,7.800000190734863,7.800000190734863,7.800000190734863,4.57828426361084,0,0.0,0.0
2007-08-16,7.800000190734863,7.800000190734863,7.800000190734863,7.800000190734863,4.57828426361084,0,0.0,0.0
2007-08-17,7.800000190734863,7.800000190734863,7.800000190734863,7.800000190734863,4.57828426361084,0,0.0,0.0
2007-08-20,7.800000190734863,7.800000190734863,7.800000190734863,7.800000190734863,4.57828426361084,0,0.0,0.0
2007-08-21,7.800000190734863,7.800000190734863,7.800000190734863,7.800000190734863,4.57828426361084,0,0.0,0.0
2007-08-22,7.800000190734863,7.800000190734863,7.800000190734863,7.800000190734863,4.57828426361084,0,0.0,0.0
2007-08-23,7.800000190734863,7.800000190734863,7.800000190734863,7.800000190734863,4.57828426361084,0,0.0,0.0
2007-08-24,7.800000190734863,7.800000190734863,7.800000190734863,7.800000190734863,4.57828426361084,0,0.0,0.0
2007-08-27,7.800000190734863,7.800000190734863,7.800000190734863,7.800000190734863,4.57828426361084,0,0.0,0.0
2007-08-28,7.800000190734863,7.800000190734863,7.800000190734863,7.800000190734863,4.57828426361084,0,0.0,0.0
2007-08-29,7.800000190734863,7.800000190734863,7.800000190734863,7.800000190734863,4.57828426361084,0,0.0,0.0
2007-08-30,7.800000190734863,7.800000190734863,7.800000190734863,7.800000190734863,4.57828426361084,0,0.0,0.0
2007-08-31,7.800000190734863,7.800000190734863,7.800000190734863,7.800000190734863,4.57828426361084,0,0.0,0.0
2007-09-03,7.800000190734863,7.800000190734863,7.800000190734863,7.800000190734863,4.57828426361084,0,0.0,0.0
2007-09-04,7.800000190734863,7.800000190734863,7.800000190734863,7.800000190734863,4.57828426361084,0,0.0,0.0
2007-09-05,7.800000190734863,7.800000190734863,7.800000190734863,7.800000190734863,4.57828426361084,0,0.0,0.0
2007-09-06,7.800000190734863,7.800000190734863,7.800000190734863,7.800000190734863,4.57828426361084,0,0.0,0.0
2007-09-07,7.800000190734863,7.800000190734863,7.800000190734863,7.800000190734863,4.57828426361084,0,0.0,0.0
2007-09-10,7.800000190734863,7.800000190734863,7.800000190734863,7.800000190734863,4.57828426361084,0,0.0,0.0
2007-09-11,7.800000190734863,7.800000190734863,7.800000190734863,7.800000190734863,4.57828426361084,0,0.0,0.0
2007-09-12,7.800000190734863,7.800000190734863,7.800000190734863,7.800000190734863,4.57828426361084,0,0.0,0.0
2007-09-13,7.800000190734863,7.800000190734863,7.800000190734863,7.800000190734863,4.57828426361084,0,0.0,0.0
2007-09-14,7.800000190734863,7.800000190734863,7.800000190734863,7.800000190734863,4.57828426361084,0,0.0,0.0
2007-09-17,7.800000190734863,7.800000190734863,7.800000190734863,7.800000190734863,4.57828426361084,0,0.0,0.0
2007-09-18,7.800000190734863,7.800000190734863,7.800000190734863,7.800000190734863,4.57828426361084,0,0.0,0.0
2007-09-19,7.800000190734863,7.800000190734863,7.800000190734863,7.800000190734863,4.57828426361084,0,0.0,0.0
2007-09-20,7.800000190734863,7.800000190734863,7.800000190734863,7.800000190734863,4.57828426361084,0,0.0,0.0
2007-09-21,7.800000190734863,7.800000190734863,7.800000190734863,7.800000190734863,4.57828426361084,0,0.0,0.0
2007-09-24,7.800000190734863,7.800000190734863,7.800000190734863,7.800000190734863,4.57828426361084,0,0.0,0.0
2007-09-25,7.800000190734863,7.800000190734863,7.800000190734863,7.800000190734863,4.57828426361084,0,0.0,0.0
2007-09-26,7.800000190734863,7.800000190734863,7.800000190734863,7.800000190734863,4.57828426361084,0,0.0,0.0
2007-09-27,7.800000190734863,7.800000190734863,7.800000190734863,7.800000190734863,4.57828426361084,0,0.0,0.0
2007-09-28,7.800000190734863,7.800000190734863,7.800000190734863,7.800000190734863,4.57828426361084,0,0.0,0.0
2007-10-01,7.800000190734863,7.800000190734863,7.800000190734863,7.800000190734863,4.57828426361084,0,0.0,0.0
2007-10-03,7.800000190734863,7.800000190734863,7.800000190734863,7.800000190734863,4.57828426361084,0,0.0,0.0
2007-10-04,7.800000190734863,7.800000190734863,7.800000190734863,7.800000190734863,4.57828426361084,0,0.0,0.0
2007-10-05,7.800000190734863,7.800000190734863,7.800000190734863,7.800000190734863,4.57828426361084,0,0.0,0.0
2007-10-08,7.800000190734863,7.800000190734863,7.800000190734863,7.800000190734863,4.57828426361084,0,0.0,0.0
2007-10-09,7.800000190734863,7.800000190734863,7.800000190734863,7.800000190734863,4.57828426361084,0,0.0,0.0
2007-10-10,17.100000381469727,17.75,16.350000381469727,17.299999237060547,10.154400825500488,48638,0.0,0.0
2007-10-11,17.299999237060547,17.299999237060547,17.299999237060547,17.299999237060547,10.154400825500488,0,0.0,0.0
2007-10-12,17.299999237060547,17.299999237060547,17.299999237060547,17.299999237060547,10.154400825500488,0,0.0,0.0
2007-10-15,17.299999237060547,17.299999237060547,17.299999237060547,17.299999237060547,10.154400825500488,0,0.0,0.0
2007-10-16,17.299999237060547,17.299999237060547,17.299999237060547,17.299999237060547,10.154400825500488,0,0.0,0.0
2007-10-17,17.299999237060547,17.299999237060547,17.299999237060547,17.299999237060547,10.154400825500488,0,0.0,0.0
2007-10-18,17.299999237060547,17.299999237060547,17.299999237060547,17.299999237060547,10.154400825500488,0,0.0,0.0
2007-10-19,17.299999237060547,17.299999237060547,17.299999237060547,17.299999237060547,10.154400825500488,0,0.0,0.0
2007-10-22,17.299999237060547,17.299999237060547,17.299999237060547,17.299999237060547,10.154400825500488,0,0.0,0.0
2007-10-23,17.299999237060547,17.299999237060547,17.299999237060547,17.299999237060547,10.154400825500488,0,0.0,0.0
2007-10-24,17.299999237060547,17.299999237060547,17.299999237060547,17.299999237060547,10.154400825500488,0,0.0,0.0
2007-10-25,17.299999237060547,17.299999237060547,17.299999237060547,17.299999237060547,10.154400825500488,0,0.0,0.0
2007-10-26,17.299999237060547,17.299999237060547,17.299999237060547,17.299999237060547,10.154400825500488,0,0.0,0.0
2007-10-29,17.299999237060547,17.299999237060547,17.299999237060547,17.299999237060547,10.154400825500488,0,0.0,0.0
2007-10-30,17.299999237060547,17.299999237060547,17.299999237060547,17.299999237060547,10.154400825500488,0,0.0,0.0
2007-10-31,17.299999237060547,17.299999237060547,17.299999237060547,17.299999237060547,10.154400825500488,0,0.0,0.0
2007-11-01,17.299999237060547,17.299999237060547,17.299999237060547,17.299999237060547,10.154400825500488,0,0.0,0.0
2007-11-02,17.299999237060547,17.299999237060547,17.299999237060547,17.299999237060547,10.154400825500488,0,0.0,0.0
2007-11-05,17.299999237060547,17.299999237060547,17.299999237060547,17.299999237060547,10.154400825500488,0,0.0,0.0
2007-11-06,17.299999237060547,17.299999237060547,17.299999237060547,17.299999237060547,10.154400825500488,0,0.0,0.0
2007-11-07,17.299999237060547,17.299999237060547,17.299999237060547,17.299999237060547,10.154400825500488,0,0.0,0.0
2007-11-08,17.299999237060547,17.299999237060547,17.299999237060547,17.299999237060547,10.154400825500488,0,0.0,0.0
2007-11-12,17.299999237060547,17.299999237060547,17.299999237060547,17.299999237060547,10.154400825500488,0,0.0,0.0
2007-11-13,17.299999237060547,17.299999237060547,17.299999237060547,17.299999237060547,10.154400825500488,0,0.0,0.0
2007-11-14,17.299999237060547,17.299999237060547,17.299999237060547,17.299999237060547,10.154400825500488,0,0.0,0.0
2007-11-15,17.299999237060547,17.299999237060547,17.299999237060547,17.299999237060547,10.154400825500488,0,0.0,0.0
2007-11-16,17.299999237060547,17.299999237060547,17.299999237060547,17.299999237060547,10.154400825500488,0,0.0,0.0
2007-11-19,17.299999237060547,17.299999237060547,17.299999237060547,17.299999237060547,10.154400825500488,0,0.0,0.0
2007-11-20,17.299999237060547,17.299999237060547,17.299999237060547,17.299999237060547,10.154400825500488,0,0.0,0.0
2007-11-21,21.5,21.5,21.5,21.5,12.619627952575684,144659,0.0,0.0
2007-11-22,22.600000381469727,22.600000381469727,20.450000762939453,21.450000762939453,12.590282440185549,253726,0.0,0.0
2007-11-23,20.39999961853028,22.549999237060547,20.39999961853028,22.549999237060547,13.23593521118164,91048,0.0,0.0
2007-11-26,23.700000762939453,23.700000762939453,23.700000762939453,23.700000762939453,13.910940170288086,22788,0.0,0.0
2007-11-27,24.89999961853028,24.89999961853028,24.850000381469727,24.89999961853028,14.615290641784668,84420,0.0,0.0
2007-11-28,26.14999961853028,26.14999961853028,26.14999961853028,26.14999961853028,15.348991394042969,35300,0.0,0.0
2007-11-29,27.5,27.5,27.5,27.5,16.141387939453125,31349,0.0,0.0
2007-11-30,28.89999961853028,28.89999961853028,26.14999961853028,28.700000762939453,16.84573745727539,332811,0.0,0.0
2007-12-03,30.14999961853028,30.14999961853028,29.0,30.14999961853028,17.69683074951172,77467,0.0,0.0
2007-12-04,31.700000762939453,31.700000762939453,31.700000762939453,31.700000762939453,18.60661697387696,23712,0.0,0.0
2007-12-05,33.29999923706055,33.29999923706055,33.29999923706055,33.29999923706055,19.54574966430664,50423,0.0,0.0
2007-12-06,35.0,35.0,35.0,35.0,20.54358291625977,19238,0.0,0.0
2007-12-07,36.75,36.75,36.75,36.75,21.57075881958008,63516,0.0,0.0
2007-12-10,38.59999847412109,38.59999847412109,38.59999847412109,38.59999847412109,22.65663719177246,30972,0.0,0.0
2007-12-11,40.54999923706055,40.54999923706055,37.09999847412109,40.54999923706055,23.80120277404785,402987,0.0,0.0
2007-12-12,42.59999847412109,42.59999847412109,41.0,42.59999847412109,25.004472732543945,178498,0.0,0.0
2007-12-13,44.75,44.75,44.75,44.75,26.26643943786621,53087,0.0,0.0
2007-12-14,47.0,47.0,47.0,47.0,27.587093353271484,65714,0.0,0.0
2007-12-17,49.34999847412109,49.34999847412109,44.650001525878906,46.0,27.000133514404297,789385,0.0,0.0
2007-12-18,46.0,46.0,46.0,46.0,27.000133514404297,0,0.0,0.0
2007-12-19,47.150001525878906,47.20000076293945,45.0,47.09999847412109,27.645790100097656,263325,0.0,0.0
2007-12-20,49.5,49.5,49.20000076293945,49.5,29.05449485778809,99475,0.0,0.0
2007-12-24,52.0,52.0,52.0,52.0,30.52189445495605,32705,0.0,0.0
2007-12-26,54.59999847412109,54.59999847412109,54.59999847412109,54.59999847412109,32.0479850769043,25860,0.0,0.0
2007-12-27,57.34999847412109,57.34999847412109,57.34999847412109,57.34999847412109,33.66212463378906,17173,0.0,0.0
2007-12-28,60.25,60.25,60.25,60.25,35.36430740356445,22205,0.0,0.0
2007-12-31,60.25,60.25,60.25,60.25,35.36430740356445,0,0.0,0.0
2008-01-01,63.29999923706055,63.29999923706055,63.29999923706055,63.29999923706055,37.154541015625,22205,0.0,0.0
2008-01-02,69.8499984741211,69.8499984741211,69.8499984741211,69.8499984741211,40.999114990234375,22205,0.0,0.0
2008-01-03,69.8499984741211,69.8499984741211,69.8499984741211,69.8499984741211,40.999114990234375,22205,0.0,0.0
2008-01-04,77.05000305175781,77.05000305175781,77.05000305175781,77.05000305175781,45.22522735595703,42770,0.0,0.0
2008-01-07,80.9000015258789,80.9000015258789,77.05000305175781,80.9000015258789,47.48502349853516,137703,0.0,0.0
2008-01-08,80.5,80.5,80.5,80.5,47.25023651123047,22205,0.0,0.0
2008-01-09,75.0,75.0,75.0,75.0,44.0219612121582,22205,0.0,0.0
2008-01-10,71.0999984741211,71.0999984741211,71.0999984741211,71.0999984741211,41.73281478881836,23623,0.0,0.0
2008-01-11,67.55000305175781,67.55000305175781,67.55000305175781,67.55000305175781,39.649112701416016,6624,0.0,0.0
2008-01-14,64.19999694824219,64.19999694824219,64.19999694824219,64.19999694824219,37.68280029296875,29677,0.0,0.0
2008-01-15,61.0,61.0,61.0,61.0,35.804527282714844,10519,0.0,0.0
2008-01-16,57.95000076293945,57.95000076293945,57.95000076293945,57.95000076293945,34.01430130004883,27710,0.0,0.0
2008-01-17,55.04999923706055,60.84999847412109,55.04999923706055,60.84999847412109,35.71648406982422,203858,0.0,0.0
2008-01-18,63.70000076293945,63.70000076293945,57.84999847412109,57.84999847412109,33.955604553222656,154369,0.0,0.0
2008-01-21,55.09999847412109,55.09999847412109,55.09999847412109,55.09999847412109,32.341461181640625,25878,0.0,0.0
2008-01-22,52.34999847412109,52.34999847412109,52.34999847412109,52.34999847412109,30.727325439453125,1668,0.0,0.0
2008-01-23,49.75,49.75,49.75,49.75,29.201234817504883,4370,0.0,0.0
2008-01-24,47.29999923706055,47.29999923706055,47.29999923706055,47.29999923706055,27.763187408447266,1563,0.0,0.0
2008-01-25,44.95000076293945,44.95000076293945,44.95000076293945,44.95000076293945,26.383827209472656,6485,0.0,0.0
2008-01-28,42.70000076293945,42.70000076293945,42.70000076293945,42.70000076293945,25.063173294067383,2083,0.0,0.0
2008-01-29,40.59999847412109,44.79999923706055,40.59999847412109,40.59999847412109,23.83055305480957,90223,0.0,0.0
2008-01-30,38.59999847412109,38.70000076293945,38.59999847412109,38.59999847412109,22.65663719177246,8333,0.0,0.0
2008-01-31,36.70000076293945,36.70000076293945,36.70000076293945,36.70000076293945,21.54141426086425,1481,0.0,0.0
2008-02-01,34.900001525878906,38.09999847412109,34.900001525878906,34.900001525878906,20.48488426208496,81170,0.0,0.0
2008-02-04,33.150001525878906,36.650001525878906,33.150001525878906,36.650001525878906,21.51206588745117,51406,0.0,0.0
2008-02-05,38.400001525878906,38.400001525878906,36.150001525878906,38.400001525878906,22.53923988342285,30758,0.0,0.0
2008-02-06,36.5,40.34999847412109,36.5,40.34999847412109,23.68381690979004,81922,0.0,0.0
2008-02-07,42.400001525878906,42.400001525878906,38.5,38.5,22.597938537597656,49295,0.0,0.0
2008-02-08,41.0,41.0,37.25,37.25,21.864240646362305,54541,0.0,0.0
2008-02-11,35.400001525878906,35.400001525878906,35.400001525878906,35.400001525878906,20.778364181518555,3742,0.0,0.0
2008-02-12,35.0,35.0,33.650001525878906,33.650001525878906,19.751192092895508,1981,0.0,0.0
2008-02-13,32.0,32.0,32.0,32.0,18.78270530700684,5962,0.0,0.0
2008-02-14,30.39999961853028,32.0,30.39999961853028,30.39999961853028,17.843568801879883,48985,0.0,0.0
2008-02-15,28.950000762939453,31.950000762939453,28.89999961853028,31.950000762939453,18.753358840942383,23157,0.0,0.0
2008-02-18,32.0,33.54999923706055,32.0,33.54999923706055,19.69248962402344,14646,0.0,0.0
2008-02-19,35.20000076293945,35.25,34.599998474121094,35.25,20.69032287597656,20852,0.0,0.0
2008-02-20,35.70000076293945,37.04999923706055,34.25,36.0,21.13054084777832,96562,0.0,0.0
2008-02-21,35.5,37.25,34.099998474121094,36.09999847412109,21.189239501953125,27563,0.0,0.0
2008-02-22,33.75,36.0,33.75,34.0,19.956619262695312,14510,0.0,0.0
2008-02-25,34.0,34.150001525878906,32.20000076293945,32.20000076293945,18.90009498596192,22637,0.0,0.0
2008-02-26,30.600000381469727,31.89999961853028,30.600000381469727,31.200000762939453,18.31313705444336,42839,0.0,0.0
2008-02-27,31.0,32.45000076293945,29.350000381469727,30.950000762939453,18.16639709472656,34292,0.0,0.0
2008-02-28,30.89999961853028,30.89999961853028,28.25,29.0,17.02182388305664,15927,0.0,0.0
2008-02-29,28.25,28.799999237060547,27.549999237060547,27.64999961853028,16.229429244995117,14867,0.0,0.0
2008-03-03,26.299999237060547,27.5,26.299999237060547,26.299999237060547,15.43703556060791,20670,0.0,0.0
2008-03-04,27.0,27.0,25.0,25.0,14.67398738861084,7026,0.0,0.0
2008-03-05,23.75,23.799999237060547,23.75,23.75,13.940287590026855,3914,0.0,0.0
2008-03-07,22.600000381469727,22.600000381469727,22.600000381469727,22.600000381469727,13.26528263092041,1490,0.0,0.0
2008-03-10,21.5,21.5,21.5,21.5,12.619627952575684,3913,0.0,0.0
2008-03-11,20.450000762939453,22.600000381469727,20.450000762939453,22.549999237060547,13.23593521118164,73471,0.0,0.0
2008-03-12,23.200000762939453,23.64999961853028,21.450000762939453,22.450000762939453,13.177241325378418,65235,0.0,0.0
2008-03-13,22.299999237060547,22.299999237060547,20.89999961853028,20.89999961853028,12.26745319366455,17752,0.0,0.0
2008-03-14,21.89999961853028,21.89999961853028,19.850000381469727,19.850000381469727,11.651145935058594,14321,0.0,0.0
2008-03-17,19.5,20.799999237060547,18.89999961853028,18.89999961853028,11.093533515930176,22555,0.0,0.0
2008-03-18,18.0,18.89999961853028,17.950000762939453,17.950000762939453,10.53592300415039,24997,0.0,0.0
2008-03-19,18.450000762939453,18.450000762939453,17.049999237060547,17.049999237060547,10.00765895843506,4706,0.0,0.0
2008-03-24,16.200000762939453,16.200000762939453,16.200000762939453,16.200000762939453,9.508746147155762,1369,0.0,0.0
2008-03-25,15.399999618530272,16.600000381469727,15.399999618530272,15.649999618530272,9.185914993286133,42535,0.0,0.0
2008-03-26,15.899999618530272,16.399999618530273,14.899999618530272,14.899999618530272,8.745695114135742,28998,0.0,0.0
2008-03-27,14.149999618530272,15.649999618530272,14.149999618530272,15.649999618530272,9.185914993286133,22625,0.0,0.0
2008-03-28,16.450000762939453,16.450000762939453,16.0,16.450000762939453,9.65548324584961,15212,0.0,0.0
2008-03-31,17.299999237060547,17.299999237060547,17.299999237060547,17.299999237060547,10.154400825500488,2517,0.0,0.0
2008-04-01,18.200000762939453,18.200000762939453,18.200000762939453,18.200000762939453,10.682662010192873,37001,0.0,0.0
2008-04-02,19.14999961853028,19.14999961853028,19.14999961853028,19.14999961853028,11.240273475646973,4150,0.0,0.0
2008-04-03,20.14999961853028,20.14999961853028,20.14999961853028,20.14999961853028,11.827232360839844,3725,0.0,0.0
2008-04-04,21.200000762939453,21.200000762939453,21.200000762939453,21.200000762939453,12.443540573120115,41875,0.0,0.0
2008-04-07,22.299999237060547,22.299999237060547,21.39999961853028,22.299999237060547,13.089194297790527,28880,0.0,0.0
2008-04-08,23.450000762939453,23.450000762939453,22.350000381469727,23.450000762939453,13.764200210571287,26572,0.0,0.0
2008-04-09,24.64999961853028,24.64999961853028,23.200000762939453,24.64999961853028,14.468551635742188,30269,0.0,0.0
2008-04-10,25.89999961853028,25.89999961853028,25.600000381469727,25.89999961853028,15.202250480651855,8905,0.0,0.0
2008-04-11,27.200000762939453,27.200000762939453,27.200000762939453,27.200000762939453,15.965299606323242,4994,0.0,0.0
2008-04-15,28.600000381469727,28.600000381469727,28.200000762939453,28.600000381469727,16.787038803100586,19493,0.0,0.0
2008-04-16,30.049999237060547,30.049999237060547,30.049999237060547,30.049999237060547,17.63812828063965,5437,0.0,0.0
2008-04-17,31.549999237060547,31.549999237060547,31.549999237060547,31.549999237060547,18.518573760986328,5301,0.0,0.0
2008-04-21,33.150001525878906,33.150001525878906,33.150001525878906,33.150001525878906,19.45770835876465,7347,0.0,0.0
2008-04-22,34.849998474121094,34.849998474121094,34.79999923706055,34.849998474121094,20.455535888671875,50548,0.0,0.0
2008-04-23,34.849998474121094,36.59999847412109,33.150001525878906,33.150001525878906,19.45770835876465,61560,0.0,0.0
2008-04-24,31.5,31.549999237060547,31.5,31.5,18.48922538757324,23401,0.0,0.0
2008-04-25,29.950000762939453,30.0,29.950000762939453,29.950000762939453,17.579439163208008,13125,0.0,0.0
2008-04-28,28.450000762939453,31.450000762939453,28.450000762939453,30.100000381469727,17.667482376098633,58971,0.0,0.0
2008-04-29,31.350000381469727,31.450000762939453,29.100000381469727,31.450000762939453,18.45987129211425,18896,0.0,0.0
2008-04-30,33.04999923706055,33.04999923706055,30.39999961853028,31.5,18.48922538757324,20727,0.0,0.0
2008-05-02,31.75,32.0,30.0,30.100000381469727,17.667482376098633,11209,0.0,0.0
2008-05-05,31.5,31.5,28.75,29.799999237060547,17.491390228271484,17749,0.0,0.0
2008-05-06,29.850000381469727,29.850000381469727,28.0,28.200000762939453,16.552257537841797,4184,0.0,0.0
2008-05-07,28.5,29.64999961853028,28.5,29.64999961853028,17.40334701538086,16670,0.0,0.0
2008-05-08,30.950000762939453,31.14999961853028,28.5,31.14999961853028,18.283790588378903,32007,0.0,0.0
2008-05-09,31.950000762939453,32.54999923706055,29.450000762939453,30.5,17.902263641357422,49219,0.0,0.0
2008-05-12,30.850000381469727,33.0,30.600000381469727,32.900001525878906,19.31096649169922,27180,0.0,0.0
2008-05-13,32.400001525878906,33.0,31.14999961853028,31.14999961853028,18.283790588378903,14482,0.0,0.0
2008-05-14,31.0,32.0,29.600000381469727,29.600000381469727,17.374004364013672,13162,0.0,0.0
2008-05-15,29.700000762939453,29.700000762939453,28.39999961853028,29.0,17.02182388305664,20456,0.0,0.0
2008-05-16,28.14999961853028,28.14999961853028,27.450000762939453,27.850000381469727,16.346824645996094,14761,0.0,0.0
2008-05-20,27.25,28.5,26.25,26.5,15.554423332214355,19169,0.0,0.0
2008-05-21,26.950000762939453,27.850000381469727,25.200000762939453,27.850000381469727,16.346824645996094,20806,0.0,0.0
2008-05-22,26.5,29.25,26.5,27.5,16.141387939453125,34940,0.0,0.0
2008-05-23,27.89999961853028,28.350000381469727,25.75,26.0,15.260947227478027,20080,0.0,0.0
2008-05-26,25.25,25.75,24.75,25.700000762939453,15.08485984802246,10138,0.0,0.0
2008-05-27,26.0,26.14999961853028,24.200000762939453,24.200000762939453,14.204419136047363,7427,0.0,0.0
2008-05-28,24.14999961853028,24.14999961853028,23.350000381469727,23.350000381469727,13.705503463745115,9320,0.0,0.0
2008-05-29,24.600000381469727,24.64999961853028,22.350000381469727,22.350000381469727,13.118542671203612,10632,0.0,0.0
2008-05-30,22.25,23.39999961853028,22.25,23.25,13.646808624267578,4210,0.0,0.0
2008-06-02,22.14999961853028,24.0,22.14999961853028,22.799999237060547,13.382676124572754,5766,0.0,0.0
2008-06-03,23.0,23.950000762939453,21.700000762939453,23.950000762939453,14.0576810836792,17918,0.0,0.0
2008-06-04,22.5,23.0,22.14999961853028,22.14999961853028,13.001152992248535,7417,0.0,0.0
2008-06-05,21.200000762939453,22.299999237060547,21.049999237060547,21.049999237060547,12.355497360229492,10267,0.0,0.0
2008-06-06,20.0,21.200000762939453,20.0,20.700000762939453,12.15006160736084,15810,0.0,0.0
2008-06-09,20.0,20.0,19.700000762939453,19.700000762939453,11.563102722167969,2920,0.0,0.0
2008-06-10,19.75,19.75,18.799999237060547,19.0,11.152229309082031,24431,0.0,0.0
2008-06-11,19.89999961853028,19.950000762939453,19.0,19.950000762939453,11.70984172821045,6581,0.0,0.0
2008-06-12,19.14999961853028,20.950000762939453,19.14999961853028,20.950000762939453,12.29680347442627,26626,0.0,0.0
2008-06-13,21.89999961853028,22.0,20.14999961853028,22.0,12.913107872009276,32926,0.0,0.0
2008-06-16,23.100000381469727,23.100000381469727,22.5,23.0,13.500066757202148,54241,0.0,0.0
2008-06-17,23.75,24.14999961853028,22.600000381469727,24.14999961853028,14.175070762634276,11588,0.0,0.0
2008-06-18,25.200000762939453,25.200000762939453,23.600000381469727,24.049999237060547,14.116376876831056,15443,0.0,0.0
2008-06-19,23.25,24.299999237060547,22.850000381469727,22.850000381469727,13.412023544311523,19305,0.0,0.0
2008-06-20,23.799999237060547,23.799999237060547,21.75,21.75,12.766368865966797,11366,0.0,0.0
2008-06-23,20.700000762939453,21.100000381469727,20.700000762939453,20.700000762939453,12.15006160736084,2904,0.0,0.0
2008-06-24,20.0,20.350000381469727,19.700000762939453,19.700000762939453,11.563102722167969,5592,0.0,0.0
2008-06-25,18.75,19.950000762939453,18.75,18.75,11.00549030303955,15564,0.0,0.0
2008-06-26,19.600000381469727,19.600000381469727,17.850000381469727,18.0,10.56527042388916,14485,0.0,0.0
2008-06-27,18.0,18.0,17.100000381469727,17.100000381469727,10.037007331848145,9770,0.0,0.0
2008-06-30,16.25,17.899999618530273,16.25,16.299999237060547,9.567438125610352,12711,0.0,0.0
2008-07-01,15.600000381469728,16.600000381469727,15.5,16.0,9.391352653503418,10278,0.0,0.0
2008-07-02,15.300000190734863,16.399999618530273,15.199999809265137,15.75,9.24461269378662,6422,0.0,0.0
2008-07-03,15.5,16.549999237060547,15.100000381469728,16.25,9.538092613220217,6362,0.0,0.0
2008-07-04,16.0,17.0,15.449999809265137,16.799999237060547,9.860918998718262,7756,0.0,0.0
2008-07-07,17.649999618530273,17.649999618530273,16.450000762939453,17.649999618530273,10.359833717346191,7985,0.0,0.0
2008-07-08,17.649999618530273,18.450000762939453,17.0,18.25,10.712010383605955,8238,0.0,0.0
2008-07-09,19.100000381469727,19.200000762939453,18.0,18.950000762939453,11.122882843017578,16281,0.0,0.0
2008-07-10,19.89999961853028,19.89999961853028,19.0,19.89999961853028,11.680492401123049,15808,0.0,0.0
2008-07-11,20.89999961853028,20.89999961853028,19.89999961853028,20.100000381469727,11.797886848449709,18410,0.0,0.0
2008-07-14,19.200000762939453,19.950000762939453,19.100000381469727,19.25,11.298969268798828,7745,0.0,0.0
2008-07-15,18.89999961853028,19.0,18.299999237060547,18.5,10.858750343322754,6710,0.0,0.0
2008-07-16,18.5,18.5,17.600000381469727,17.799999237060547,10.447877883911133,9238,0.0,0.0
2008-07-17,17.200000762939453,18.39999961853028,16.950000762939453,16.950000762939453,9.948963165283203,13260,0.0,0.0
2008-07-18,16.399999618530273,17.350000381469727,16.399999618530273,17.049999237060547,10.00765895843506,3881,0.0,0.0
2008-07-21,17.850000381469727,17.850000381469727,16.399999618530273,16.5,9.684832572937012,5800,0.0,0.0
2008-07-22,16.5,16.5,16.0,16.200000762939453,9.508746147155762,10045,0.0,0.0
2008-07-23,17.0,17.049999237060547,17.0,17.049999237060547,10.00765895843506,5639,0.0,0.0
2008-07-24,17.899999618530273,17.899999618530273,17.899999618530273,17.899999618530273,10.506574630737305,4096,0.0,0.0
2008-07-25,18.64999961853028,18.799999237060547,17.600000381469727,18.700000762939453,10.976143836975098,13289,0.0,0.0
2008-07-28,17.850000381469727,19.450000762939453,17.850000381469727,19.299999237060547,11.32831859588623,8662,0.0,0.0
2008-07-29,19.25,20.25,18.39999961853028,18.950000762939453,11.122882843017578,12416,0.0,0.0
2008-07-30,19.100000381469727,19.89999961853028,19.100000381469727,19.89999961853028,11.680492401123049,17384,0.0,0.0
2008-07-31,20.64999961853028,20.75,19.0,19.100000381469727,11.210927963256836,37274,0.0,0.0
2008-08-01,19.200000762939453,19.200000762939453,18.200000762939453,18.850000381469727,11.064186096191406,19050,0.0,0.0
2008-08-04,18.350000381469727,18.75,18.299999237060547,18.5,10.858750343322754,9300,0.0,0.0
2008-08-05,19.25,19.450000762939453,18.799999237060547,19.100000381469727,11.210927963256836,17609,0.0,0.0
2008-08-06,19.100000381469727,19.700000762939453,18.14999961853028,18.14999961853028,10.653313636779783,15500,0.0,0.0
2008-08-07,18.799999237060547,19.0,17.799999237060547,18.25,10.712010383605955,2100,0.0,0.0
2008-08-08,17.549999237060547,18.950000762939453,17.549999237060547,18.200000762939453,10.682662010192873,6805,0.0,0.0
2008-08-11,18.5,18.850000381469727,18.25,18.450000762939453,10.8294038772583,3105,0.0,0.0
2008-08-12,18.950000762939453,19.25,18.5,19.100000381469727,11.210927963256836,14607,0.0,0.0
2008-08-13,19.549999237060547,19.89999961853028,19.0,19.049999237060547,11.181575775146484,7468,0.0,0.0
2008-08-14,19.100000381469727,19.64999961853028,18.89999961853028,19.299999237060547,11.32831859588623,20880,0.0,0.0
2008-08-18,19.5,19.700000762939453,18.700000762939453,18.799999237060547,11.034838676452637,7266,0.0,0.0
2008-08-19,18.14999961853028,19.0,18.0,18.950000762939453,11.122882843017578,10627,0.0,0.0
2008-08-20,18.200000762939453,19.0,18.0,18.5,10.858750343322754,10855,0.0,0.0
2008-08-21,18.5,18.5,18.0,18.100000381469727,10.623966217041016,8795,0.0,0.0
2008-08-22,18.100000381469727,18.799999237060547,17.799999237060547,18.200000762939453,10.682662010192873,4733,0.0,0.0
2008-08-25,18.049999237060547,18.450000762939453,17.75,17.950000762939453,10.53592300415039,8524,0.0,0.0
2008-08-26,17.350000381469727,18.0,17.299999237060547,17.450000762939453,10.24244213104248,1721,0.0,0.0
2008-08-27,17.149999618530273,17.5,17.100000381469727,17.5,10.271791458129885,1208,0.0,0.0
2008-08-28,17.149999618530273,18.0,17.100000381469727,17.399999618530273,10.213093757629396,5190,0.0,0.0
2008-08-29,17.399999618530273,17.850000381469727,17.200000762939453,17.700000762939453,10.389182090759276,2282,0.0,0.0
2008-09-01,17.299999237060547,18.0,17.100000381469727,17.350000381469727,10.183748245239258,4864,0.0,0.0
2008-09-02,17.100000381469727,17.850000381469727,17.100000381469727,17.549999237060547,10.301138877868652,5106,0.0,0.0
2008-09-04,17.049999237060547,18.200000762939453,17.049999237060547,17.899999618530273,10.506574630737305,3296,0.0,0.0
2008-09-05,17.600000381469727,18.39999961853028,17.100000381469727,17.450000762939453,10.24244213104248,16903,0.0,0.0
2008-09-08,18.100000381469727,18.200000762939453,17.0,17.100000381469727,10.037007331848145,12450,0.0,0.0
2008-09-09,17.049999237060547,17.049999237060547,15.5,16.600000381469727,9.74352741241455,6305,0.0,0.0
2008-09-10,16.0,17.450000762939453,16.0,17.0,9.978309631347656,1522,0.0,0.0
2008-09-11,17.75,17.75,15.699999809265137,16.0,9.391352653503418,14005,0.0,0.0
2008-09-12,15.899999618530272,16.5,15.600000381469728,16.149999618530273,9.479394912719728,6665,0.0,0.0
2008-09-15,15.0,15.0,14.550000190734863,14.550000190734863,8.540260314941406,10620,0.0,0.0
2008-09-16,13.600000381469728,14.0,13.100000381469728,13.949999809265137,8.188085556030273,19227,0.0,0.0
2008-09-17,14.149999618530272,14.149999618530272,13.399999618530272,13.5,7.923953056335449,7875,0.0,0.0
2008-09-18,14.550000190734863,14.550000190734863,12.199999809265137,12.550000190734863,7.366342544555664,12597,0.0,0.0
2008-09-19,12.75,13.850000381469728,12.699999809265137,13.800000190734863,8.100040435791016,4815,0.0,0.0
2008-09-22,15.100000381469728,15.199999809265137,13.300000190734863,15.100000381469728,8.863089561462402,27954,0.0,0.0
2008-09-23,14.449999809265137,16.600000381469727,14.449999809265137,16.299999237060547,9.567438125610352,17937,0.0,0.0
2008-09-24,17.799999237060547,17.799999237060547,16.049999237060547,16.149999618530273,9.479394912719728,11943,0.0,0.0
2008-09-25,16.899999618530273,17.649999618530273,14.800000190734863,15.149999618530272,8.892436027526855,22510,0.0,0.0
2008-09-26,16.5,16.5,14.600000381469728,14.899999618530272,8.745695114135742,9039,0.0,0.0
2008-09-29,14.199999809265137,15.300000190734863,13.5,13.800000190734863,8.100040435791016,15612,0.0,0.0
2008-09-30,13.75,14.800000190734863,12.5,14.100000381469728,8.276128768920898,9860,0.0,0.0
2008-10-01,13.5,14.449999809265137,13.0,14.350000381469728,8.422868728637695,9493,0.0,0.0
2008-10-03,14.350000381469728,14.350000381469728,13.100000381469728,13.399999618530272,7.865257263183594,5396,0.0,0.0
2008-10-06,12.550000190734863,13.850000381469728,12.100000381469728,12.25,7.190253257751465,22419,0.0,0.0
2008-10-07,11.100000381469728,13.0,11.050000190734863,11.100000381469728,6.515250205993652,27957,0.0,0.0
2008-10-08,10.199999809265137,12.100000381469728,10.050000190734863,11.0,6.456553936004639,17705,0.0,0.0
2008-10-10,10.100000381469728,12.100000381469728,10.100000381469728,11.399999618530272,6.691338062286377,20004,0.0,0.0
2008-10-13,11.600000381469728,12.0,10.5,11.300000190734863,6.632641315460205,16649,0.0,0.0
2008-10-14,12.300000190734863,12.399999618530272,11.5,11.699999809265137,6.867425441741943,9100,0.0,0.0
2008-10-15,10.899999618530272,11.449999809265137,10.550000190734863,10.550000190734863,6.192422389984131,8827,0.0,0.0
2008-10-16,10.699999809265137,11.649999618530272,9.649999618530272,11.300000190734863,6.632641315460205,22294,0.0,0.0
2008-10-17,11.0,12.0,11.0,11.25,6.60329532623291,6281,0.0,0.0
2008-10-20,10.600000381469728,10.75,10.199999809265137,10.300000190734863,6.045682430267334,9212,0.0,0.0
2008-10-21,9.699999809265137,11.350000381469728,9.699999809265137,10.350000381469728,6.07503080368042,23944,0.0,0.0
2008-10-22,10.649999618530272,10.649999618530272,9.850000381469728,10.350000381469728,6.07503080368042,2880,0.0,0.0
2008-10-23,10.0,10.100000381469728,9.399999618530272,9.75,5.722856521606445,3546,0.0,0.0
2008-10-24,9.350000381469728,10.350000381469728,8.800000190734863,8.800000190734863,5.165243148803711,12609,0.0,0.0
2008-10-27,9.649999618530272,9.649999618530272,7.949999809265137,7.949999809265137,4.666327476501465,2769,0.0,0.0
2008-10-29,8.25,8.25,7.5,7.5,4.402195930480957,29139,0.0,0.0
2008-10-31,7.849999904632568,7.900000095367432,7.25,7.900000095367432,4.636979579925537,9343,0.0,0.0
2008-11-03,8.0,8.300000190734863,7.5,7.550000190734863,4.431544780731201,26445,0.0,0.0
2008-11-04,7.900000095367432,7.949999809265137,7.199999809265137,7.349999904632568,4.314151763916016,34990,0.0,0.0
2008-11-05,7.099999904632568,7.75,7.0,7.25,4.25545597076416,24839,0.0,0.0
2008-11-06,7.599999904632568,7.599999904632568,6.900000095367432,7.449999809265137,4.372847557067871,4160,0.0,0.0
2008-11-07,7.25,7.75,7.25,7.400000095367432,4.343501091003418,2985,0.0,0.0
2008-11-10,7.800000190734863,7.800000190734863,7.199999809265137,7.300000190734863,4.2848052978515625,17859,0.0,0.0
2008-11-11,7.25,7.550000190734863,7.199999809265137,7.5,4.402195930480957,7822,0.0,0.0
2008-11-12,7.199999809265137,7.199999809265137,7.150000095367432,7.150000095367432,4.1967597007751465,11737,0.0,0.0
2008-11-14,6.900000095367432,7.050000190734863,6.800000190734863,6.800000190734863,3.9913249015808105,11385,0.0,0.0
2008-11-17,6.800000190734863,6.949999809265137,6.5,6.550000190734863,3.844584226608277,13607,0.0,0.0
2008-11-18,6.699999809265137,6.699999809265137,6.25,6.25,3.66849684715271,5622,0.0,0.0
2008-11-19,6.599999904632568,6.599999904632568,5.949999809265137,6.0,3.521756649017334,14638,0.0,0.0
2008-11-20,6.199999809265137,6.199999809265137,5.699999809265137,5.699999809265137,3.3456690311431885,2094,0.0,0.0
2008-11-21,5.949999809265137,5.949999809265137,5.449999809265137,5.449999809265137,3.1989293098449707,16594,0.0,0.0
2008-11-24,5.699999809265137,5.75,5.199999809265137,5.75,3.375016689300537,6053,0.0,0.0
2008-11-25,5.599999904632568,6.050000190734863,5.5,5.900000095367432,3.4630608558654785,10471,0.0,0.0
2008-11-26,6.0,6.099999904632568,5.599999904632568,5.699999809265137,3.3456690311431885,2550,0.0,0.0
2008-11-27,5.699999809265137,5.699999809265137,5.699999809265137,5.699999809265137,3.3456690311431885,0,0.0,0.0
2008-11-28,5.449999809265137,5.949999809265137,5.449999809265137,5.699999809265137,3.3456690311431885,5501,0.0,0.0
2008-12-01,6.0,6.0,5.550000190734863,6.0,3.521756649017334,7000,0.0,0.0
2008-12-02,6.0,6.0,5.800000190734863,6.0,3.521756649017334,1647,0.0,0.0
2008-12-03,6.0,6.300000190734863,5.849999904632568,5.900000095367432,3.4630608558654785,2686,0.0,0.0
2008-12-04,6.0,6.199999809265137,5.900000095367432,6.199999809265137,3.6391489505767822,1543,0.0,0.0
2008-12-05,6.199999809265137,6.5,6.050000190734863,6.449999809265137,3.785888433456421,4560,0.0,0.0
2008-12-08,6.699999809265137,6.800000190734863,6.599999904632568,6.800000190734863,3.9913249015808105,3007,0.0,0.0
2008-12-10,6.5,7.150000095367432,6.5,7.150000095367432,4.1967597007751465,3981,0.0,0.0
2008-12-11,7.0,7.5,7.0,7.5,4.402195930480957,5946,0.0,0.0
2008-12-12,7.800000190734863,7.900000095367432,7.449999809265137,7.900000095367432,4.636979579925537,3122,0.0,0.0
2008-12-15,8.25,8.300000190734863,8.050000190734863,8.300000190734863,4.871763706207275,6169,0.0,0.0
2008-12-16,8.600000381469727,8.75,8.600000381469727,8.75,5.135895729064941,6369,0.0,0.0
2008-12-17,9.199999809265137,9.199999809265137,8.350000381469727,8.399999618530273,4.930459499359131,11671,0.0,0.0
2008-12-18,8.0,8.850000381469727,8.0,8.850000381469727,5.194591045379639,4476,0.0,0.0
2008-12-19,9.25,9.300000190734863,9.25,9.300000190734863,5.458724021911621,10537,0.0,0.0
2008-12-22,9.75,9.800000190734863,9.100000381469728,9.800000190734863,5.752203464508057,25715,0.0,0.0
2008-12-23,10.300000190734863,10.300000190734863,9.350000381469728,9.350000381469728,5.488071918487549,9648,0.0,0.0
2008-12-24,8.899999618530273,9.199999809265137,8.899999618530273,8.899999618530273,5.223938941955566,9012,0.0,0.0
2008-12-26,9.25,9.25,8.449999809265137,8.699999809265137,5.106546878814697,2000,0.0,0.0
2008-12-29,8.449999809265137,9.100000381469728,8.300000190734863,8.899999618530273,5.223938941955566,10514,0.0,0.0
2008-12-30,9.25,9.300000190734863,8.899999618530273,9.0,5.28263521194458,2800,0.0,0.0
2008-12-31,8.600000381469727,9.399999618530272,8.600000381469727,9.0,5.28263521194458,5800,0.0,0.0
2009-01-02,9.050000190734863,9.949999809265137,9.050000190734863,9.649999618530272,5.664159297943115,27060,0.0,0.0
2009-01-05,9.800000190734863,9.800000190734863,9.199999809265137,9.199999809265137,5.400026798248291,10417,0.0,0.0
2009-01-06,9.0,9.699999809265137,9.0,9.699999809265137,5.693506240844727,28300,0.0,0.0
2009-01-07,10.199999809265137,10.199999809265137,9.600000381469728,10.149999618530272,5.957638263702393,73770,0.0,0.0
2009-01-09,9.800000190734863,10.0,9.649999618530272,9.850000381469728,5.781551361083984,9030,0.0,0.0
2009-01-12,9.449999809265137,9.800000190734863,9.399999618530272,9.399999618530272,5.517419338226318,5600,0.0,0.0
2009-01-13,9.050000190734863,9.449999809265137,8.949999809265137,8.949999809265137,5.253287315368652,3800,0.0,0.0
2009-01-14,8.800000190734863,9.0,8.5,8.550000190734863,5.018503665924072,5469,0.0,0.0
2009-01-15,8.149999618530273,8.75,8.149999618530273,8.5,4.989154815673828,3700,0.0,0.0
2009-01-16,8.5,8.600000381469727,8.100000381469727,8.5,4.989154815673828,6314,0.0,0.0
2009-01-19,8.399999618530273,8.699999809265137,8.100000381469727,8.100000381469727,4.754373073577881,7100,0.0,0.0
2009-01-20,8.0,8.300000190734863,7.699999809265137,7.699999809265137,4.519587516784668,10050,0.0,0.0
2009-01-21,7.699999809265137,7.699999809265137,7.349999904632568,7.349999904632568,4.314151763916016,9471,0.0,0.0
2009-01-22,7.5,7.599999904632568,7.0,7.150000095367432,4.1967597007751465,16633,0.0,0.0
2009-01-23,7.0,7.5,6.949999809265137,7.400000095367432,4.343501091003418,5929,0.0,0.0
2009-01-27,7.75,7.75,7.050000190734863,7.050000190734863,4.138064384460449,6425,0.0,0.0
2009-01-28,7.0,7.349999904632568,6.75,7.050000190734863,4.138064384460449,11243,0.0,0.0
2009-01-29,7.25,7.300000190734863,6.900000095367432,7.199999809265137,4.226108551025391,2999,0.0,0.0
2009-01-30,7.300000190734863,7.300000190734863,7.0,7.199999809265137,4.226108551025391,7006,0.0,0.0
2009-02-02,7.0,7.550000190734863,6.849999904632568,7.349999904632568,4.314151763916016,1770,0.0,0.0
2009-02-03,7.050000190734863,7.25,7.0,7.0,4.108716011047363,4647,0.0,0.0
2009-02-04,6.949999809265137,7.300000190734863,6.75,7.199999809265137,4.226108551025391,1614,0.0,0.0
2009-02-05,7.0,7.199999809265137,6.900000095367432,7.199999809265137,4.226108551025391,3780,0.0,0.0
2009-02-06,6.849999904632568,7.25,6.849999904632568,7.199999809265137,4.226108551025391,3250,0.0,0.0
2009-02-09,6.849999904632568,7.099999904632568,6.849999904632568,6.949999809265137,4.079368114471436,10471,0.0,0.0
2009-02-10,7.0,7.0,6.599999904632568,6.849999904632568,4.020671844482422,13747,0.0,0.0
2009-02-11,6.550000190734863,6.849999904632568,6.550000190734863,6.550000190734863,3.844584226608277,12996,0.0,0.0
2009-02-12,6.849999904632568,6.849999904632568,6.25,6.5,3.815236806869507,21081,0.0,0.0
2009-02-13,6.25,6.699999809265137,6.199999809265137,6.349999904632568,3.727193117141724,16023,0.0,0.0
2009-02-16,6.300000190734863,6.300000190734863,6.050000190734863,6.050000190734863,3.551104784011841,22573,0.0,0.0
2009-02-17,5.849999904632568,6.0,5.75,5.75,3.375016689300537,11927,0.0,0.0
2009-02-18,5.5,6.0,5.5,6.0,3.521756649017334,12816,0.0,0.0
2009-02-19,5.699999809265137,6.0,5.699999809265137,6.0,3.521756649017334,7902,0.0,0.0
2009-02-20,6.0,6.050000190734863,5.699999809265137,6.0,3.521756649017334,1976,0.0,0.0
2009-02-24,6.0,6.050000190734863,5.699999809265137,6.0,3.521756649017334,9241,0.0,0.0
2009-02-25,6.0,6.300000190734863,6.0,6.300000190734863,3.69784426689148,88323,0.0,0.0
2009-02-26,6.25,6.5,6.25,6.400000095367432,3.756540775299072,5479,0.0,0.0
2009-02-27,6.550000190734863,6.599999904632568,6.099999904632568,6.150000095367432,3.609801054000856,3510,0.0,0.0
2009-03-02,6.0,6.25,5.849999904632568,5.900000095367432,3.4630608558654785,2800,0.0,0.0
2009-03-03,5.650000095367432,6.150000095367432,5.599999904632568,5.699999809265137,3.3456690311431885,3539,0.0,0.0
2009-03-04,5.449999809265137,6.0,5.449999809265137,6.0,3.521756649017334,5574,0.0,0.0
2009-03-05,5.699999809265137,6.199999809265137,5.699999809265137,6.050000190734863,3.551104784011841,4025,0.0,0.0
2009-03-06,5.550000190734863,6.150000095367432,5.5,5.550000190734863,3.257625102996826,5015,0.0,0.0
2009-03-09,5.349999904632568,5.699999809265137,5.300000190734863,5.550000190734863,3.257625102996826,3520,0.0,0.0
2009-03-12,5.5,5.650000095367432,5.099999904632568,5.150000095367432,3.022841215133667,5201,0.0,0.0
2009-03-13,5.400000095367432,5.699999809265137,5.400000095367432,5.550000190734863,3.257625102996826,2600,0.0,0.0
2009-03-16,5.5,5.849999904632568,5.5,5.650000095367432,3.3163206577301025,722,0.0,0.0
2009-03-17,5.449999809265137,5.599999904632568,5.099999904632568,5.599999904632568,3.286973237991333,2602,0.0,0.0
2009-03-18,5.800000190734863,5.849999904632568,5.300000190734863,5.349999904632568,3.1402335166931152,3879,0.0,0.0
2009-03-19,5.199999809265137,5.849999904632568,5.199999809265137,5.849999904632568,3.433712720870972,9890,0.0,0.0
2009-03-20,6.199999809265137,6.300000190734863,5.449999809265137,5.900000095367432,3.4630608558654785,4319,0.0,0.0
2009-03-23,5.699999809265137,6.25,5.699999809265137,5.849999904632568,3.433712720870972,6427,0.0,0.0
2009-03-24,6.099999904632568,6.099999904632568,5.550000190734863,5.650000095367432,3.3163206577301025,6787,0.0,0.0
2009-03-25,5.25,5.949999809265137,5.25,5.75,3.375016689300537,3293,0.0,0.0
2009-03-26,5.550000190734863,6.0,5.550000190734863,5.900000095367432,3.4630608558654785,500,0.0,0.0
2009-03-27,5.400000095367432,6.099999904632568,5.400000095367432,5.75,3.375016689300537,14589,0.0,0.0
2009-03-30,5.75,6.349999904632568,5.199999809265137,5.5,3.22827696800232,32360,0.0,0.0
2009-03-31,5.199999809265137,5.75,5.199999809265137,5.599999904632568,3.286973237991333,890,0.0,0.0
2009-04-01,5.699999809265137,5.699999809265137,5.400000095367432,5.400000095367432,3.169581174850464,1799,0.0,0.0
2009-04-02,5.400000095367432,5.949999809265137,5.400000095367432,5.949999809265137,3.492408514022827,2952,0.0,0.0
2009-04-06,6.400000095367432,6.550000190734863,6.150000095367432,6.550000190734863,3.844584226608277,29726,0.0,0.0
2009-04-08,6.550000190734863,7.25,6.550000190734863,7.25,4.25545597076416,13881,0.0,0.0
2009-04-09,7.650000095367432,7.650000095367432,7.650000095367432,7.650000095367432,4.490240573883057,4295,0.0,0.0
2009-04-13,8.050000190734863,8.050000190734863,8.050000190734863,8.050000190734863,4.725023746490479,4700,0.0,0.0
2009-04-15,8.449999809265137,8.449999809265137,8.100000381469727,8.449999809265137,4.959808349609375,20119,0.0,0.0
2009-04-16,8.899999618530273,8.899999618530273,8.050000190734863,8.100000381469727,4.754373073577881,39592,0.0,0.0
2009-04-17,7.849999904632568,8.399999618530273,7.849999904632568,8.199999809265137,4.813067436218262,9014,0.0,0.0
2009-04-20,8.0,8.5,7.849999904632568,7.900000095367432,4.636979579925537,10010,0.0,0.0
2009-04-21,7.849999904632568,8.0,7.550000190734863,7.699999809265137,4.519587516784668,5503,0.0,0.0
2009-04-22,8.050000190734863,8.100000381469727,7.400000095367432,8.100000381469727,4.754373073577881,29301,0.0,0.0
2009-04-23,8.0,8.0,8.0,8.0,4.695676326751709,720,0.0,0.0
2009-04-24,8.300000190734863,8.399999618530273,7.599999904632568,7.75,4.548935890197754,28362,0.0,0.0
2009-04-27,8.0,8.050000190734863,7.650000095367432,7.849999904632568,4.607632160186768,3990,0.0,0.0
2009-04-28,8.0,8.25,7.75,7.800000190734863,4.57828426361084,22804,0.0,0.0
2009-04-29,8.149999618530273,8.149999618530273,7.650000095367432,7.900000095367432,4.636979579925537,5001,0.0,0.0
2009-04-30,7.900000095367432,7.900000095367432,7.900000095367432,7.900000095367432,4.636979579925537,0,0.0,0.0
2009-05-04,7.599999904632568,8.300000190734863,7.5,7.550000190734863,4.431544780731201,16384,0.0,0.0
2009-05-05,7.849999904632568,7.949999809265137,7.650000095367432,7.800000190734863,4.57828426361084,267518,0.0,0.0
2009-05-06,8.199999809265137,8.199999809265137,7.650000095367432,7.900000095367432,4.636979579925537,4144,0.0,0.0
2009-05-07,7.900000095367432,7.900000095367432,7.550000190734863,7.849999904632568,4.607632160186768,409639,0.0,0.0
2009-05-08,8.25,8.600000381469727,7.949999809265137,8.300000190734863,4.871763706207275,17528,0.0,0.0
2009-05-11,8.600000381469727,8.600000381469727,7.699999809265137,7.75,4.548935890197754,10410,0.0,0.0
2009-05-12,7.699999809265137,8.100000381469727,7.699999809265137,7.900000095367432,4.636979579925537,1720,0.0,0.0
2009-05-13,7.599999904632568,8.300000190734863,7.599999904632568,7.949999809265137,4.666327476501465,12662,0.0,0.0
2009-05-14,7.800000190734863,7.800000190734863,7.599999904632568,7.599999904632568,4.460892200469971,1200,0.0,0.0
2009-05-15,7.699999809265137,7.900000095367432,7.699999809265137,7.75,4.548935890197754,3226,0.0,0.0
2009-05-18,8.5,8.5,8.5,8.5,4.989154815673828,50,0.0,0.0
2009-05-19,9.300000190734863,9.300000190734863,8.399999618530273,8.850000381469727,5.194591045379639,19862,0.0,0.0
2009-05-20,8.149999618530273,9.75,8.100000381469727,9.75,5.722856521606445,45595,0.0,0.0
2009-05-21,10.649999618530272,10.75,10.0,10.75,6.309813976287842,60894,0.0,0.0
2009-05-22,11.25,11.300000190734863,11.25,11.300000190734863,6.632641315460205,9125,0.0,0.0
2009-05-25,11.899999618530272,11.899999618530272,11.899999618530272,11.899999618530272,6.984817028045654,7077,0.0,0.0
2009-05-26,12.5,12.5,11.300000190734863,11.800000190734863,6.926121711730957,82458,0.0,0.0
2009-05-27,12.0,12.399999618530272,11.550000190734863,12.399999618530272,7.2782979011535645,26617,0.0,0.0
2009-05-28,13.050000190734863,13.050000190734863,12.199999809265137,13.050000190734863,7.659821510314941,14644,0.0,0.0
2009-05-29,13.699999809265137,13.699999809265137,13.25,13.699999809265137,8.041343688964844,18123,0.0,0.0
2009-06-01,13.699999809265137,14.399999618530272,13.699999809265137,14.399999618530272,8.452217102050781,11000,0.0,0.0
2009-06-02,15.100000381469728,15.149999618530272,14.649999618530272,15.149999618530272,8.892436027526855,21300,0.0,0.0
2009-06-03,15.75,15.949999809265137,14.399999618530272,15.050000190734863,8.833741188049316,56035,0.0,0.0
2009-06-04,15.800000190734863,15.800000190734863,14.300000190734863,14.5,8.51091194152832,38616,0.0,0.0
2009-06-05,15.149999618530272,15.25,13.800000190734863,13.899999618530272,8.158736228942871,54263,0.0,0.0
2009-06-08,14.600000381469728,14.600000381469728,13.199999809265137,13.199999809265137,7.747865676879883,17300,0.0,0.0
2009-06-09,12.600000381469728,13.0,12.550000190734863,12.550000190734863,7.366342544555664,7900,0.0,0.0
2009-06-10,13.0,13.0,11.949999809265137,12.199999809265137,7.160905838012695,25160,0.0,0.0
2009-06-11,12.25,12.25,11.649999618530272,11.75,6.896773338317871,9732,0.0,0.0
2009-06-12,12.0,12.0,11.199999809265137,11.800000190734863,6.926121711730957,14347,0.0,0.0
2009-06-15,11.899999618530272,11.899999618530272,11.199999809265137,11.199999809265137,6.573946475982666,4755,0.0,0.0
2009-06-16,11.199999809265137,11.199999809265137,11.199999809265137,11.199999809265137,6.573946475982666,0,0.0,0.0
2009-06-17,11.199999809265137,11.199999809265137,11.199999809265137,11.199999809265137,6.573946475982666,0,0.0,0.0
2009-06-18,10.050000190734863,10.050000190734863,9.949999809265137,9.949999809265137,5.840246200561523,4150,0.0,0.0
2009-06-19,9.449999809265137,9.449999809265137,9.449999809265137,9.449999809265137,5.546766757965088,2480,0.0,0.0
2009-06-22,9.449999809265137,9.449999809265137,9.449999809265137,9.449999809265137,5.546766757965088,0,0.0,0.0
2009-06-23,9.449999809265137,9.449999809265137,9.449999809265137,9.449999809265137,5.546766757965088,0,0.0,0.0
2009-06-24,9.449999809265137,9.449999809265137,9.449999809265137,9.449999809265137,5.546766757965088,0,0.0,0.0
2009-06-25,9.449999809265137,9.449999809265137,9.449999809265137,9.449999809265137,5.546766757965088,0,0.0,0.0
2009-06-26,9.850000381469728,10.0,9.550000190734863,9.699999809265137,5.693506240844727,5781,0.0,0.0
2009-06-29,9.699999809265137,9.699999809265137,9.699999809265137,9.699999809265137,5.693506240844727,0,0.0,0.0
2009-06-30,9.699999809265137,9.699999809265137,9.699999809265137,9.699999809265137,5.693506240844727,0,0.0,0.0
2009-07-01,9.699999809265137,9.699999809265137,9.699999809265137,9.699999809265137,5.693506240844727,0,0.0,0.0
2009-07-02,9.699999809265137,9.699999809265137,9.699999809265137,9.699999809265137,5.693506240844727,0,0.0,0.0
2009-07-03,9.699999809265137,9.699999809265137,9.699999809265137,9.699999809265137,5.693506240844727,0,0.0,0.0
2009-07-06,9.600000381469728,10.25,9.5,10.25,6.016334056854248,3250,0.0,0.0
2009-07-07,10.25,10.25,10.25,10.25,6.016334056854248,0,0.0,0.0
2009-07-08,10.25,10.25,10.25,10.25,6.016334056854248,0,0.0,0.0
2009-07-09,10.25,10.25,10.25,10.25,6.016334056854248,0,0.0,0.0
2009-07-10,9.300000190734863,9.5,9.300000190734863,9.300000190734863,5.458724021911621,3986,0.0,0.0
2009-07-13,9.300000190734863,9.300000190734863,9.300000190734863,9.300000190734863,5.458724021911621,0,0.0,0.0
2009-07-14,9.300000190734863,9.300000190734863,9.300000190734863,9.300000190734863,5.458724021911621,0,0.0,0.0
2009-07-15,9.5,9.5,8.600000381469727,9.300000190734863,5.458724021911621,4061,0.0,0.0
2009-07-16,9.300000190734863,9.300000190734863,9.300000190734863,9.300000190734863,5.458724021911621,0,0.0,0.0
2009-07-17,9.300000190734863,9.699999809265137,9.300000190734863,9.300000190734863,5.458724021911621,1900,0.0,0.0
2009-07-20,9.449999809265137,9.5,8.949999809265137,9.0,5.28263521194458,5200,0.0,0.0
2009-07-21,8.699999809265137,9.100000381469728,8.550000190734863,8.550000190734863,5.018503665924072,13400,0.0,0.0
2009-07-22,8.949999809265137,9.0,8.300000190734863,8.850000381469727,5.194591045379639,5100,0.0,0.0
2009-07-23,8.5,9.0,8.5,9.0,5.28263521194458,7800,0.0,0.0
2009-07-24,9.0,9.350000381469728,8.850000381469727,8.850000381469727,5.194591045379639,7600,0.0,0.0
2009-07-27,9.0,9.100000381469728,8.800000190734863,9.100000381469728,5.341331005096436,11200,0.0,0.0
2009-07-28,8.850000381469727,9.350000381469728,8.699999809265137,9.350000381469728,5.488071918487549,6300,0.0,0.0
2009-07-29,8.899999618530273,9.699999809265137,8.899999618530273,9.0,5.28263521194458,4200,0.0,0.0
2009-07-30,9.0,9.5,8.600000381469727,9.050000190734863,5.311983108520508,10100,0.0,0.0
2009-07-31,9.25,9.25,8.699999809265137,8.75,5.135895729064941,5300,0.0,0.0
2009-08-03,9.0,9.100000381469728,8.800000190734863,8.800000190734863,5.165243148803711,3700,0.0,0.0
2009-08-04,8.800000190734863,9.100000381469728,8.550000190734863,9.0,5.28263521194458,4400,0.0,0.0
2009-08-05,9.0,9.100000381469728,8.850000381469727,9.0,5.28263521194458,5700,0.0,0.0
2009-08-06,9.0,9.449999809265137,9.0,9.449999809265137,5.546766757965088,8000,0.0,0.0
2009-08-07,9.5,9.949999809265137,9.399999618530272,9.5,5.576114654541016,11100,0.0,0.0
2009-08-10,10.300000190734863,10.350000381469728,9.399999618530272,9.399999618530272,5.517419338226318,10800,0.0,0.0
2009-08-11,9.5,9.800000190734863,8.949999809265137,9.25,5.429375171661377,8100,0.0,0.0
2009-08-12,8.850000381469727,9.75,8.800000190734863,9.75,5.722856521606445,38100,0.0,0.0
2009-08-13,9.300000190734863,9.850000381469728,9.0,9.850000381469728,5.781551361083984,6700,0.0,0.0
2009-08-14,10.149999618530272,10.350000381469728,9.399999618530272,10.199999809265137,5.986986637115479,11300,0.0,0.0
2009-08-17,9.800000190734863,10.75,9.800000190734863,10.649999618530272,6.251118183135986,8665,0.0,0.0
2009-08-18,10.649999618530272,10.649999618530272,10.649999618530272,10.649999618530272,6.251118183135986,0,0.0,0.0
2009-08-19,11.25,11.25,10.199999809265137,10.199999809265137,5.986986637115479,16294,0.0,0.0
2009-08-20,10.0,10.0,9.699999809265137,9.699999809265137,5.693506240844727,7394,0.0,0.0
2009-08-21,10.0,10.0,9.449999809265137,9.75,5.722856521606445,2736,0.0,0.0
2009-08-24,10.0,10.0,9.399999618530272,9.449999809265137,5.546766757965088,14400,0.0,0.0
2009-08-25,9.75,9.75,9.050000190734863,9.199999809265137,5.400026798248291,17938,0.0,0.0
2009-08-26,9.5,9.699999809265137,9.100000381469728,9.300000190734863,5.458724021911621,16400,0.0,0.0
2009-08-27,9.5,9.75,9.149999618530272,9.699999809265137,5.693506240844727,29507,0.0,0.0
2009-08-28,9.600000381469728,10.149999618530272,9.600000381469728,9.75,5.722856521606445,17742,0.0,0.0
2009-08-31,10.25,10.25,9.600000381469728,9.699999809265137,5.693506240844727,21900,0.0,0.0
2009-09-01,9.899999618530272,9.899999618530272,9.25,9.399999618530272,5.517419338226318,19100,0.0,0.0
2009-09-02,9.399999618530272,9.75,9.050000190734863,9.5,5.576114654541016,3800,0.0,0.0
2009-09-03,9.25,9.600000381469728,9.199999809265137,9.199999809265137,5.400026798248291,12302,0.0,0.0
2009-09-04,9.199999809265137,9.5,9.199999809265137,9.5,5.576114654541016,6200,0.0,0.0
2009-09-07,9.949999809265137,10.399999618530272,9.100000381469728,9.850000381469728,5.781551361083984,61598,0.0,0.0
2009-09-08,10.449999809265137,10.449999809265137,9.649999618530272,9.899999618530272,5.810899257659912,15341,0.0,0.0
2009-09-09,9.5,9.75,9.25,9.300000190734863,5.458724021911621,9009,0.0,0.0
2009-09-10,9.5,9.699999809265137,8.75,8.899999618530273,5.223938941955566,47459,0.0,0.0
2009-09-11,9.0,9.149999618530272,8.600000381469727,8.850000381469727,5.194591045379639,10154,0.0,0.0
2009-09-14,8.800000190734863,9.100000381469728,8.550000190734863,9.0,5.28263521194458,4300,0.0,0.0
2009-09-15,8.600000381469727,9.100000381469728,8.149999618530273,8.850000381469727,5.194591045379639,17362,0.0,0.0
2009-09-16,8.699999809265137,9.25,8.699999809265137,9.0,5.28263521194458,16400,0.0,0.0
2009-09-17,9.0,9.0,8.649999618530273,8.75,5.135895729064941,12768,0.0,0.0
2009-09-18,8.75,8.949999809265137,8.5,8.800000190734863,5.165243148803711,13109,0.0,0.0
2009-09-22,8.699999809265137,9.550000190734863,8.5,9.199999809265137,5.400026798248291,12400,0.0,0.0
2009-09-23,9.25,9.550000190734863,8.800000190734863,9.100000381469728,5.341331005096436,8946,0.0,0.0
2009-09-24,8.800000190734863,9.050000190734863,8.550000190734863,8.800000190734863,5.165243148803711,24764,0.0,0.0
2009-09-25,8.75,9.100000381469728,8.75,9.050000190734863,5.311983108520508,3375,0.0,0.0
2009-09-29,9.199999809265137,9.199999809265137,8.649999618530273,9.0,5.28263521194458,14848,0.0,0.0
2009-09-30,8.850000381469727,9.199999809265137,8.600000381469727,8.850000381469727,5.194591045379639,26348,0.0,0.0
2009-10-01,8.949999809265137,8.949999809265137,8.649999618530273,8.75,5.135895729064941,15700,0.0,0.0
2009-10-05,8.75,8.800000190734863,8.25,8.600000381469727,5.047852039337158,19955,0.0,0.0
2009-10-06,8.449999809265137,8.699999809265137,8.399999618530273,8.699999809265137,5.106546878814697,700,0.0,0.0
2009-10-07,8.5,8.800000190734863,8.25,8.699999809265137,5.106546878814697,5800,0.0,0.0
2009-10-08,8.399999618530273,9.100000381469728,8.350000381469727,8.800000190734863,5.165243148803711,24100,0.0,0.0
2009-10-09,8.649999618530273,8.949999809265137,8.300000190734863,8.350000381469727,4.901112079620361,18242,0.0,0.0
2009-10-12,9.100000381469728,9.100000381469728,8.25,8.350000381469727,4.901112079620361,20779,0.0,0.0
2009-10-13,8.350000381469727,8.350000381469727,8.350000381469727,8.350000381469727,4.901112079620361,0,0.0,0.0
2009-10-14,8.5,8.850000381469727,8.25,8.300000190734863,4.871763706207275,7900,0.0,0.0
2009-10-15,8.100000381469727,8.649999618530273,8.100000381469727,8.649999618530273,5.077200412750244,18800,0.0,0.0
2009-10-16,8.399999618530273,8.850000381469727,8.399999618530273,8.75,5.135895729064941,2600,0.0,0.0
2009-10-20,8.5,9.149999618530272,8.449999809265137,8.949999809265137,5.253287315368652,8800,0.0,0.0
2009-10-21,9.0,9.0,8.449999809265137,8.600000381469727,5.047852039337158,6300,0.0,0.0
2009-10-22,8.550000190734863,8.899999618530273,8.5,8.649999618530273,5.077200412750244,4202,0.0,0.0
2009-10-23,8.600000381469727,8.899999618530273,8.5,8.600000381469727,5.047852039337158,1947,0.0,0.0
2009-10-26,8.600000381469727,9.050000190734863,8.399999618530273,8.449999809265137,4.959808349609375,127500,0.0,0.0
2009-10-27,8.75,8.75,8.25,8.5,4.989154815673828,13600,0.0,0.0
2009-10-28,8.300000190734863,8.5,7.800000190734863,8.350000381469727,4.901112079620361,2022,0.0,0.0
2009-10-29,8.399999618530273,8.449999809265137,8.050000190734863,8.199999809265137,4.813067436218262,2600,0.0,0.0
2009-10-30,8.050000190734863,8.5,7.849999904632568,7.900000095367432,4.636979579925537,16500,0.0,0.0
2009-11-03,7.900000095367432,8.0,7.400000095367432,7.449999809265137,4.372847557067871,8800,0.0,0.0
2009-11-04,7.5,7.800000190734863,7.0,7.099999904632568,4.167412757873535,16883,0.0,0.0
2009-11-05,7.449999809265137,7.550000190734863,7.300000190734863,7.449999809265137,4.372847557067871,3175,0.0,0.0
2009-11-06,7.349999904632568,8.199999809265137,7.349999904632568,8.0,4.695676326751709,9727,0.0,0.0
2009-11-09,8.199999809265137,9.600000381469728,8.199999809265137,9.600000381469728,5.634809970855713,65600,0.0,0.0
2009-11-10,10.300000190734863,11.550000190734863,10.050000190734863,11.550000190734863,6.779382705688477,146300,0.0,0.0
2009-11-11,12.100000381469728,12.699999809265137,10.600000381469728,11.899999618530272,6.984817028045654,148652,0.0,0.0
2009-11-12,11.949999809265137,12.050000190734863,11.0,11.300000190734863,6.632641315460205,47459,0.0,0.0
2009-11-13,10.649999618530272,11.449999809265137,10.649999618530272,11.100000381469728,6.515250205993652,25558,0.0,0.0
2009-11-16,10.25,11.149999618530272,10.100000381469728,10.199999809265137,5.986986637115479,18325,0.0,0.0
2009-11-17,9.949999809265137,10.199999809265137,9.199999809265137,9.649999618530272,5.664159297943115,42394,0.0,0.0
2009-11-18,10.350000381469728,10.350000381469728,9.25,9.699999809265137,5.693506240844727,17937,0.0,0.0
2009-11-19,9.800000190734863,10.0,9.550000190734863,9.699999809265137,5.693506240844727,11721,0.0,0.0
2009-11-20,9.899999618530272,9.899999618530272,9.5,9.5,5.576114654541016,24400,0.0,0.0
2009-11-23,9.25,9.600000381469728,9.199999809265137,9.550000190734863,5.605463981628418,5600,0.0,0.0
2009-11-24,9.100000381469728,9.800000190734863,9.100000381469728,9.350000381469728,5.488071918487549,32576,0.0,0.0
2009-11-25,9.399999618530272,10.0,9.100000381469728,9.25,5.429375171661377,17099,0.0,0.0
2009-11-26,9.050000190734863,9.199999809265137,8.350000381469727,8.899999618530273,5.223938941955566,13581,0.0,0.0
2009-11-27,8.550000190734863,9.0,8.300000190734863,8.800000190734863,5.165243148803711,15945,0.0,0.0
2009-11-30,8.600000381469727,9.0,8.5,9.0,5.28263521194458,7188,0.0,0.0
2009-12-01,8.75,9.550000190734863,8.75,9.149999618530272,5.3706793785095215,11801,0.0,0.0
2009-12-02,8.75,9.5,8.699999809265137,9.399999618530272,5.517419338226318,13189,0.0,0.0
2009-12-03,9.5,9.699999809265137,9.5,9.600000381469728,5.634809970855713,18331,0.0,0.0
2009-12-04,9.699999809265137,9.949999809265137,9.399999618530272,9.699999809265137,5.693506240844727,9310,0.0,0.0
2009-12-07,10.350000381469728,10.399999618530272,9.5,9.899999618530272,5.810899257659912,21871,0.0,0.0
2009-12-08,9.899999618530272,10.100000381469728,9.149999618530272,9.350000381469728,5.488071918487549,21687,0.0,0.0
2009-12-09,9.449999809265137,9.75,9.300000190734863,9.399999618530272,5.517419338226318,4809,0.0,0.0
2009-12-10,9.399999618530272,10.25,9.399999618530272,9.550000190734863,5.605463981628418,15124,0.0,0.0
2009-12-11,9.800000190734863,9.850000381469728,9.399999618530272,9.5,5.576114654541016,9887,0.0,0.0
2009-12-14,9.300000190734863,9.449999809265137,9.100000381469728,9.350000381469728,5.488071918487549,14570,0.0,0.0
2009-12-15,9.199999809265137,9.300000190734863,8.800000190734863,9.0,5.28263521194458,21107,0.0,0.0
2009-12-16,8.899999618530273,9.050000190734863,8.75,8.899999618530273,5.223938941955566,5206,0.0,0.0
2009-12-17,8.800000190734863,9.199999809265137,8.75,9.199999809265137,5.400026798248291,2480,0.0,0.0
2009-12-18,9.300000190734863,9.300000190734863,8.800000190734863,9.0,5.28263521194458,5972,0.0,0.0
2009-12-21,9.0,9.0,8.25,8.699999809265137,5.106546878814697,9120,0.0,0.0
2009-12-22,9.0,9.100000381469728,8.699999809265137,8.75,5.135895729064941,809,0.0,0.0
2009-12-23,8.699999809265137,9.25,8.699999809265137,9.100000381469728,5.341331005096436,13542,0.0,0.0
2009-12-24,9.699999809265137,9.699999809265137,8.899999618530273,9.350000381469728,5.488071918487549,9726,0.0,0.0
2009-12-29,9.5,9.5,9.050000190734863,9.149999618530272,5.3706793785095215,13381,0.0,0.0
2009-12-30,9.050000190734863,9.350000381469728,9.050000190734863,9.300000190734863,5.458724021911621,2502,0.0,0.0
2009-12-31,9.100000381469728,9.850000381469728,9.100000381469728,9.800000190734863,5.752203464508057,22307,0.0,0.0
2010-01-04,9.600000381469728,9.899999618530272,9.600000381469728,9.850000381469728,5.781551361083984,8550,0.0,0.0
2010-01-05,9.850000381469728,10.149999618530272,9.399999618530272,9.600000381469728,5.634809970855713,20748,0.0,0.0
2010-01-06,9.550000190734863,10.600000381469728,9.25,10.600000381469728,6.221770286560059,73750,0.0,0.0
2010-01-07,10.600000381469728,10.899999618530272,10.0,10.350000381469728,6.07503080368042,44970,0.0,0.0
2010-01-08,10.199999809265137,11.0,9.699999809265137,10.550000190734863,6.192422389984131,52752,0.0,0.0
2010-01-11,10.199999809265137,12.699999809265137,10.199999809265137,12.699999809265137,7.454386234283447,380894,0.0,0.0
2010-01-12,13.5,13.5,11.600000381469728,11.649999618530272,6.838077545166016,229102,0.0,0.0
2010-01-13,11.649999618530272,12.649999618530272,11.050000190734863,12.5,7.33699369430542,138336,0.0,0.0
2010-01-14,13.350000381469728,13.350000381469728,12.050000190734863,12.25,7.190253257751465,54947,0.0,0.0
2010-01-15,12.399999618530272,12.449999809265137,11.949999809265137,12.050000190734863,7.072861194610596,33785,0.0,0.0
2010-01-18,12.050000190734863,12.25,11.800000190734863,11.899999618530272,6.984817028045654,32073,0.0,0.0
2010-01-19,12.0,12.100000381469728,11.5,11.550000190734863,6.779382705688477,35174,0.0,0.0
2010-01-20,11.600000381469728,11.949999809265137,11.399999618530272,11.699999809265137,6.867425441741943,18936,0.0,0.0
2010-01-21,11.699999809265137,11.699999809265137,11.0,11.100000381469728,6.515250205993652,29158,0.0,0.0
2010-01-22,10.899999618530272,11.100000381469728,10.550000190734863,10.800000190734863,6.339162349700928,8020,0.0,0.0
2010-01-25,10.5,10.850000381469728,10.399999618530272,10.850000381469728,6.368510723114014,5849,0.0,0.0
2010-01-27,10.350000381469728,10.800000190734863,10.350000381469728,10.350000381469728,6.07503080368042,7621,0.0,0.0
2010-01-28,9.850000381469728,10.699999809265137,9.850000381469728,9.850000381469728,5.781551361083984,6144,0.0,0.0
2010-01-29,9.399999618530272,9.800000190734863,9.399999618530272,9.600000381469728,5.634809970855713,4863,0.0,0.0
2010-02-01,9.949999809265137,10.100000381469728,9.699999809265137,9.699999809265137,5.693506240844727,3383,0.0,0.0
2010-02-02,10.199999809265137,10.199999809265137,9.899999618530272,10.050000190734863,5.8989434242248535,6800,0.0,0.0
2010-02-03,9.949999809265137,10.350000381469728,9.649999618530272,9.75,5.722856521606445,5015,0.0,0.0
2010-02-04,9.699999809265137,10.199999809265137,9.699999809265137,9.75,5.722856521606445,5706,0.0,0.0
2010-02-05,9.399999618530272,9.899999618530272,9.350000381469728,9.5,5.576114654541016,3567,0.0,0.0
2010-02-08,9.899999618530272,9.899999618530272,9.5,9.600000381469728,5.634809970855713,2900,0.0,0.0
2010-02-09,9.600000381469728,9.649999618530272,9.199999809265137,9.25,5.429375171661377,5976,0.0,0.0
2010-02-10,9.5,9.550000190734863,9.199999809265137,9.449999809265137,5.546766757965088,5535,0.0,0.0
2010-02-11,9.350000381469728,9.5,9.149999618530272,9.300000190734863,5.458724021911621,4376,0.0,0.0
2010-02-15,9.600000381469728,9.600000381469728,9.149999618530272,9.149999618530272,5.3706793785095215,2073,0.0,0.0
2010-02-16,9.100000381469728,9.600000381469728,9.0,9.350000381469728,5.488071918487549,5110,0.0,0.0
2010-02-17,9.0,9.399999618530272,9.0,9.100000381469728,5.341331005096436,3345,0.0,0.0
2010-02-18,9.449999809265137,9.449999809265137,8.75,8.800000190734863,5.165243148803711,12733,0.0,0.0
2010-02-19,9.0,9.25,8.899999618530273,9.050000190734863,5.311983108520508,14019,0.0,0.0
2010-02-22,9.399999618530272,9.399999618530272,9.100000381469728,9.100000381469728,5.341331005096436,3461,0.0,0.0
2010-02-23,9.5,9.5,8.75,8.800000190734863,5.165243148803711,14483,0.0,0.0
2010-02-24,9.199999809265137,9.199999809265137,8.75,9.0,5.28263521194458,9235,0.0,0.0
2010-02-25,9.050000190734863,9.399999618530272,9.0,9.350000381469728,5.488071918487549,11314,0.0,0.0
2010-02-26,8.899999618530273,9.399999618530272,8.899999618530273,9.149999618530272,5.3706793785095215,3559,0.0,0.0
2010-03-02,9.0,9.199999809265137,8.75,8.899999618530273,5.223938941955566,2851,0.0,0.0
2010-03-03,9.199999809265137,9.300000190734863,8.899999618530273,9.0,5.28263521194458,12270,0.0,0.0
2010-03-04,9.350000381469728,9.350000381469728,8.850000381469727,9.0,5.28263521194458,6454,0.0,0.0
2010-03-05,8.899999618530273,9.050000190734863,8.600000381469727,8.649999618530273,5.077200412750244,20994,0.0,0.0
2010-03-08,8.899999618530273,8.949999809265137,8.699999809265137,8.800000190734863,5.165243148803711,20165,0.0,0.0
2010-03-09,8.800000190734863,8.949999809265137,8.399999618530273,8.550000190734863,5.018503665924072,22504,0.0,0.0
2010-03-10,8.149999618530273,8.899999618530273,8.100000381469727,8.75,5.135895729064941,8954,0.0,0.0
2010-03-11,8.600000381469727,9.100000381469728,8.600000381469727,9.100000381469728,5.341331005096436,6397,0.0,0.0
2010-03-12,9.100000381469728,9.399999618530272,8.75,8.899999618530273,5.223938941955566,8933,0.0,0.0
2010-03-15,8.5,8.75,8.350000381469727,8.449999809265137,4.959808349609375,10912,0.0,0.0
2010-03-16,8.399999618530273,8.699999809265137,8.0,8.399999618530273,4.930459499359131,11150,0.0,0.0
2010-03-17,8.550000190734863,8.550000190734863,8.300000190734863,8.399999618530273,4.930459499359131,11136,0.0,0.0
2010-03-18,8.399999618530273,8.600000381469727,8.050000190734863,8.149999618530273,4.783719062805176,10593,0.0,0.0
2010-03-19,8.0,8.350000381469727,8.0,8.199999809265137,4.813067436218262,4777,0.0,0.0
2010-03-22,8.0,8.5,8.0,8.300000190734863,4.871763706207275,15506,0.0,0.0
2010-03-23,8.100000381469727,8.5,8.0,8.449999809265137,4.959808349609375,12391,0.0,0.0
2010-03-25,8.100000381469727,8.649999618530273,8.050000190734863,8.199999809265137,4.813067436218262,203645,0.0,0.0
2010-03-26,8.100000381469727,8.449999809265137,8.0,8.25,4.842416286468506,16325,0.0,0.0
2010-03-29,8.449999809265137,8.449999809265137,8.0,8.050000190734863,4.725023746490479,5731,0.0,0.0
2010-03-30,8.0,8.100000381469727,7.599999904632568,7.800000190734863,4.57828426361084,13198,0.0,0.0
2010-03-31,8.0,8.199999809265137,8.0,8.0,4.695676326751709,5754,0.0,0.0
2010-04-01,8.0,8.800000190734863,8.0,8.649999618530273,5.077200412750244,29865,0.0,0.0
2010-04-05,8.850000381469727,9.050000190734863,8.699999809265137,8.949999809265137,5.253287315368652,2156,0.0,0.0
2010-04-06,8.5,9.100000381469728,8.5,9.050000190734863,5.311983108520508,4984,0.0,0.0
2010-04-07,9.25,9.25,8.850000381469727,8.899999618530273,5.223938941955566,8471,0.0,0.0
2010-04-08,8.800000190734863,9.0,8.5,9.0,5.28263521194458,10440,0.0,0.0
2010-04-09,9.0,9.199999809265137,8.699999809265137,9.100000381469728,5.341331005096436,11003,0.0,0.0
2010-04-12,9.149999618530272,9.300000190734863,8.899999618530273,9.0,5.28263521194458,14470,0.0,0.0
2010-04-13,9.199999809265137,9.899999618530272,9.199999809265137,9.850000381469728,5.781551361083984,33857,0.0,0.0
2010-04-15,9.899999618530272,10.850000381469728,9.600000381469728,10.850000381469728,6.368510723114014,84915,0.0,0.0
2010-04-16,10.199999809265137,10.25,10.199999809265137,10.25,6.016334056854248,73110,0.0,0.0
2010-04-19,10.850000381469728,10.850000381469728,9.449999809265137,9.5,5.576114654541016,17017,0.0,0.0
2010-04-20,9.300000190734863,10.050000190734863,9.300000190734863,10.0,5.869594573974609,15413,0.0,0.0
2010-04-21,10.5,10.600000381469728,9.5,9.850000381469728,5.781551361083984,16656,0.0,0.0
2010-04-22,9.899999618530272,10.25,9.5,9.600000381469728,5.634809970855713,31378,0.0,0.0
2010-04-23,9.449999809265137,9.899999618530272,9.449999809265137,9.600000381469728,5.634809970855713,12264,0.0,0.0
2010-04-26,10.0,10.0,9.25,9.5,5.576114654541016,11356,0.0,0.0
2010-04-27,9.100000381469728,9.649999618530272,9.100000381469728,9.399999618530272,5.517419338226318,7738,0.0,0.0
2010-04-28,9.649999618530272,9.649999618530272,9.25,9.399999618530272,5.517419338226318,3733,0.0,0.0
2010-04-29,8.899999618530273,9.449999809265137,8.5,8.800000190734863,5.165243148803711,15410,0.0,0.0
2010-04-30,8.899999618530273,9.399999618530272,8.699999809265137,9.25,5.429375171661377,8226,0.0,0.0
2010-05-03,9.300000190734863,9.800000190734863,8.899999618530273,9.5,5.576114654541016,7181,0.0,0.0
2010-05-04,9.350000381469728,10.0,9.300000190734863,9.399999618530272,5.517419338226318,19767,0.0,0.0
2010-05-05,9.0,9.350000381469728,8.550000190734863,9.350000381469728,5.488071918487549,10785,0.0,0.0
2010-05-06,9.0,9.199999809265137,8.850000381469727,9.149999618530272,5.3706793785095215,3658,0.0,0.0
2010-05-07,9.199999809265137,9.199999809265137,8.649999618530273,8.899999618530273,5.223938941955566,8884,0.0,0.0
2010-05-10,8.800000190734863,9.25,8.800000190734863,9.25,5.429375171661377,2061,0.0,0.0
2010-05-11,9.25,9.300000190734863,8.75,8.899999618530273,5.223938941955566,2520,0.0,0.0
2010-05-12,9.699999809265137,9.699999809265137,8.449999809265137,8.5,4.989154815673828,22043,0.0,0.0
2010-05-13,8.600000381469727,9.0,8.5,8.699999809265137,5.106546878814697,7045,0.0,0.0
2010-05-14,8.600000381469727,8.899999618530273,8.0,8.300000190734863,4.871763706207275,11612,0.0,0.0
2010-05-17,8.050000190734863,8.699999809265137,7.75,8.699999809265137,5.106546878814697,5441,0.0,0.0
2010-05-18,8.300000190734863,8.800000190734863,8.300000190734863,8.699999809265137,5.106546878814697,4843,0.0,0.0
2010-05-19,8.600000381469727,8.800000190734863,8.100000381469727,8.699999809265137,5.106546878814697,15335,0.0,0.0
2010-05-20,9.0,9.050000190734863,8.300000190734863,8.300000190734863,4.871763706207275,9585,0.0,0.0
2010-05-21,8.050000190734863,8.399999618530273,8.050000190734863,8.25,4.842416286468506,4713,0.0,0.0
2010-05-24,8.100000381469727,8.600000381469727,8.100000381469727,8.199999809265137,4.813067436218262,1655,0.0,0.0
2010-05-25,7.550000190734863,8.600000381469727,7.550000190734863,7.949999809265137,4.666327476501465,3002,0.0,0.0
2010-05-26,7.5,8.25,7.449999809265137,8.100000381469727,4.754373073577881,2310,0.0,0.0
2010-05-27,8.0,8.350000381469727,8.0,8.149999618530273,4.783719062805176,1302,0.0,0.0
2010-05-28,8.0,8.550000190734863,8.0,8.149999618530273,4.783719062805176,10123,0.0,0.0
2010-05-31,8.149999618530273,8.350000381469727,8.0,8.300000190734863,4.871763706207275,3600,0.0,0.0
2010-06-01,8.149999618530273,8.25,8.0,8.149999618530273,4.783719062805176,3203,0.0,0.0
2010-06-02,8.350000381469727,8.399999618530273,7.900000095367432,8.300000190734863,4.871763706207275,7015,0.0,0.0
2010-06-03,8.300000190734863,8.300000190734863,8.100000381469727,8.149999618530273,4.783719062805176,3932,0.0,0.0
2010-06-04,8.199999809265137,8.399999618530273,8.149999618530273,8.350000381469727,4.901112079620361,2600,0.0,0.0
2010-06-07,7.650000095367432,8.0,7.650000095367432,8.0,4.695676326751709,6244,0.0,0.0
2010-06-08,8.0,8.350000381469727,7.849999904632568,7.949999809265137,4.666327476501465,4722,0.0,0.0
2010-06-09,7.900000095367432,8.25,7.900000095367432,8.0,4.695676326751709,6737,0.0,0.0
2010-06-10,7.949999809265137,8.100000381469727,7.900000095367432,7.900000095367432,4.636979579925537,1001,0.0,0.0
2010-06-11,7.849999904632568,8.0,7.849999904632568,8.0,4.695676326751709,6100,0.0,0.0
2010-06-14,8.149999618530273,8.149999618530273,7.800000190734863,7.949999809265137,4.666327476501465,6597,0.0,0.0
2010-06-15,8.0,9.550000190734863,7.949999809265137,8.850000381469727,5.194591045379639,69109,0.0,0.0
2010-06-16,9.399999618530272,9.399999618530272,8.5,8.550000190734863,5.018503665924072,16258,0.0,0.0
2010-06-17,8.350000381469727,9.600000381469728,8.350000381469727,8.649999618530273,5.077200412750244,34142,0.0,0.0
2010-06-18,8.550000190734863,9.199999809265137,8.449999809265137,8.649999618530273,5.077200412750244,6200,0.0,0.0
2010-06-21,8.949999809265137,8.949999809265137,8.5,8.600000381469727,5.047852039337158,7705,0.0,0.0
2010-06-22,8.25,8.5,8.25,8.449999809265137,4.959808349609375,8357,0.0,0.0
2010-06-23,8.25,8.75,8.25,8.600000381469727,5.047852039337158,5425,0.0,0.0
2010-06-24,8.75,8.850000381469727,8.75,8.850000381469727,5.194591045379639,34953,0.0,0.0
2010-06-25,8.399999618530273,9.350000381469728,8.399999618530273,8.899999618530273,5.223938941955566,73900,0.0,0.0
2010-06-28,9.0,9.449999809265137,8.800000190734863,8.899999618530273,5.223938941955566,43611,0.0,0.0
2010-06-29,9.0,9.0,8.5,8.5,4.989154815673828,7090,0.0,0.0
2010-06-30,8.899999618530273,8.899999618530273,8.300000190734863,8.350000381469727,4.901112079620361,20510,0.0,0.0
2010-07-01,8.600000381469727,8.600000381469727,8.300000190734863,8.300000190734863,4.871763706207275,8517,0.0,0.0
2010-07-02,8.449999809265137,8.600000381469727,8.100000381469727,8.199999809265137,4.813067436218262,8608,0.0,0.0
2010-07-05,8.100000381469727,8.449999809265137,8.100000381469727,8.350000381469727,4.901112079620361,3389,0.0,0.0
2010-07-06,8.25,8.5,8.25,8.5,4.989154815673828,9103,0.0,0.0
2010-07-07,8.649999618530273,9.949999809265137,8.649999618530273,9.100000381469728,5.341331005096436,152838,0.0,0.0
2010-07-08,9.25,9.399999618530272,8.899999618530273,8.949999809265137,5.253287315368652,23671,0.0,0.0
2010-07-09,8.600000381469727,9.25,8.600000381469727,8.800000190734863,5.165243148803711,11505,0.0,0.0
2010-07-12,8.600000381469727,8.949999809265137,8.550000190734863,8.600000381469727,5.047852039337158,13199,0.0,0.0
2010-07-13,8.5,8.850000381469727,8.449999809265137,8.5,4.989154815673828,15160,0.0,0.0
2010-07-14,8.5,8.649999618530273,8.199999809265137,8.25,4.842416286468506,24071,0.0,0.0
2010-07-15,8.25,8.550000190734863,8.0,8.149999618530273,4.783719062805176,9160,0.0,0.0
2010-07-16,8.149999618530273,8.399999618530273,8.149999618530273,8.350000381469727,4.901112079620361,7618,0.0,0.0
2010-07-19,8.0,8.5,8.0,8.25,4.842416286468506,6580,0.0,0.0
2010-07-20,8.25,8.25,8.199999809265137,8.25,4.842416286468506,5325,0.0,0.0
2010-07-21,8.399999618530273,8.399999618530273,8.149999618530273,8.300000190734863,4.871763706207275,2453,0.0,0.0
2010-07-22,8.300000190734863,8.449999809265137,8.199999809265137,8.25,4.842416286468506,2864,0.0,0.0
2010-07-23,8.550000190734863,8.550000190734863,8.199999809265137,8.25,4.842416286468506,21942,0.0,0.0
2010-07-26,8.550000190734863,8.550000190734863,8.100000381469727,8.149999618530273,4.783719062805176,8838,0.0,0.0
2010-07-27,8.050000190734863,8.300000190734863,8.050000190734863,8.149999618530273,4.783719062805176,5738,0.0,0.0
2010-07-28,7.949999809265137,8.350000381469727,7.949999809265137,8.050000190734863,4.725023746490479,10623,0.0,0.0
2010-07-29,8.350000381469727,8.350000381469727,7.949999809265137,8.199999809265137,4.813067436218262,9379,0.0,0.0
2010-07-30,8.25,8.25,7.900000095367432,8.050000190734863,4.725023746490479,4541,0.0,0.0
2010-08-02,8.0,8.149999618530273,7.0,7.800000190734863,4.57828426361084,67800,0.0,0.0
2010-08-03,7.800000190734863,7.949999809265137,7.650000095367432,7.800000190734863,4.57828426361084,8060,0.0,0.0
2010-08-04,7.800000190734863,8.0,7.75,7.949999809265137,4.666327476501465,5449,0.0,0.0
2010-08-05,8.0,8.0,7.849999904632568,7.849999904632568,4.607632160186768,9701,0.0,0.0
2010-08-06,7.900000095367432,7.949999809265137,7.75,7.800000190734863,4.57828426361084,7183,0.0,0.0
2010-08-09,7.75,8.199999809265137,7.650000095367432,8.0,4.695676326751709,14817,0.0,0.0
2010-08-10,8.199999809265137,8.5,8.050000190734863,8.149999618530273,4.783719062805176,24145,0.0,0.0
2010-08-11,8.25,9.0,8.100000381469727,8.199999809265137,4.813067436218262,53938,0.0,0.0
2010-08-12,8.350000381469727,8.449999809265137,8.100000381469727,8.149999618530273,4.783719062805176,16739,0.0,0.0
2010-08-13,9.25,9.25,8.100000381469727,8.75,5.135895729064941,59278,0.0,0.0
2010-08-16,8.75,8.75,8.25,8.25,4.842416286468506,13853,0.0,0.0
2010-08-17,8.75,8.850000381469727,8.399999618530273,8.550000190734863,5.018503665924072,13181,0.0,0.0
2010-08-18,8.75,8.75,8.300000190734863,8.350000381469727,4.901112079620361,7306,0.0,0.0
2010-08-19,8.5,8.5,8.0,8.050000190734863,4.725023746490479,16759,0.0,0.0
2010-08-20,8.100000381469727,8.5,8.100000381469727,8.199999809265137,4.813067436218262,10226,0.0,0.0
2010-08-23,8.100000381469727,8.300000190734863,8.050000190734863,8.050000190734863,4.725023746490479,20778,0.0,0.0
2010-08-24,8.199999809265137,8.199999809265137,7.949999809265137,8.100000381469727,4.754373073577881,11684,0.0,0.0
2010-08-25,8.100000381469727,8.199999809265137,7.900000095367432,8.0,4.695676326751709,14201,0.0,0.0
2010-08-26,7.949999809265137,8.149999618530273,7.800000190734863,8.0,4.695676326751709,1995,0.0,0.0
2010-08-27,8.0,8.149999618530273,7.849999904632568,8.0,4.695676326751709,7133,0.0,0.0
2010-08-30,7.900000095367432,8.050000190734863,7.599999904632568,7.900000095367432,4.636979579925537,9017,0.0,0.0
2010-08-31,7.75,8.100000381469727,7.550000190734863,8.050000190734863,4.725023746490479,6620,0.0,0.0
2010-09-01,7.900000095367432,8.100000381469727,7.800000190734863,8.050000190734863,4.725023746490479,5446,0.0,0.0
2010-09-02,7.849999904632568,8.350000381469727,7.800000190734863,8.0,4.695676326751709,7927,0.0,0.0
2010-09-03,8.199999809265137,8.25,8.0,8.050000190734863,4.725023746490479,20862,0.0,0.0
2010-09-06,8.0,8.25,7.900000095367432,8.0,4.695676326751709,20924,0.0,0.0
2010-09-07,8.199999809265137,8.25,7.800000190734863,8.0,4.695676326751709,30353,0.0,0.0
2010-09-08,8.0,8.199999809265137,7.900000095367432,7.949999809265137,4.666327476501465,12668,0.0,0.0
2010-09-09,8.0,8.25,7.900000095367432,8.050000190734863,4.725023746490479,56407,0.0,0.0
2010-09-13,8.350000381469727,8.350000381469727,7.900000095367432,8.300000190734863,4.871763706207275,59479,0.0,0.0
2010-09-14,8.5,9.0,8.0,8.199999809265137,4.813067436218262,28199,0.0,0.0
2010-09-15,8.100000381469727,8.300000190734863,8.0,8.0,4.695676326751709,9215,0.0,0.0
2010-09-16,8.100000381469727,8.300000190734863,7.949999809265137,8.100000381469727,4.754373073577881,19977,0.0,0.0
2010-09-17,8.100000381469727,8.550000190734863,8.100000381469727,8.399999618530273,4.930459499359131,43102,0.0,0.0
2010-09-20,8.300000190734863,9.100000381469728,8.300000190734863,8.600000381469727,5.047852039337158,58729,0.0,0.0
2010-09-21,9.699999809265137,9.699999809265137,8.649999618530273,8.649999618530273,5.077200412750244,31263,0.0,0.0
2010-09-22,8.550000190734863,8.899999618530273,8.25,8.300000190734863,4.871763706207275,11718,0.0,0.0
2010-09-23,8.149999618530273,8.899999618530273,8.050000190734863,8.649999618530273,5.077200412750244,29486,0.0,0.0
2010-09-24,8.899999618530273,8.899999618530273,8.399999618530273,8.699999809265137,5.106546878814697,14273,0.0,0.0
2010-09-27,8.5,8.899999618530273,8.5,8.550000190734863,5.018503665924072,25285,0.0,0.0
2010-09-28,8.550000190734863,8.75,8.199999809265137,8.300000190734863,4.871763706207275,13152,0.0,0.0
2010-09-29,8.550000190734863,8.699999809265137,8.199999809265137,8.25,4.842416286468506,17508,0.0,0.0
2010-09-30,8.100000381469727,8.5,8.050000190734863,8.100000381469727,4.754373073577881,16883,0.0,0.0
2010-10-01,8.300000190734863,8.300000190734863,7.849999904632568,8.100000381469727,4.754373073577881,29481,0.0,0.0
2010-10-04,8.100000381469727,8.5,8.100000381469727,8.100000381469727,4.754373073577881,15013,0.0,0.0
2010-10-05,7.900000095367432,8.5,7.800000190734863,8.350000381469727,4.901112079620361,23598,0.0,0.0
2010-10-06,8.600000381469727,8.75,8.199999809265137,8.5,4.989154815673828,23621,0.0,0.0
2010-10-07,8.600000381469727,10.199999809265137,8.399999618530273,9.399999618530272,5.517419338226318,205899,0.0,0.0
2010-10-08,10.0,11.300000190734863,9.149999618530272,11.0,6.456553936004639,714546,0.0,0.0
2010-10-11,11.149999618530272,11.199999809265137,10.100000381469728,10.550000190734863,6.192422389984131,182923,0.0,0.0
2010-10-12,10.550000190734863,11.0,10.25,10.949999809265137,6.427205562591553,133900,0.0,0.0
2010-10-13,11.0,11.100000381469728,9.699999809265137,10.0,5.869594573974609,359934,0.0,0.0
2010-10-14,10.149999618530272,11.100000381469728,10.0,10.850000381469728,6.368510723114014,151538,0.0,0.0
2010-10-15,11.0,11.399999618530272,10.550000190734863,10.699999809265137,6.280467033386231,174594,0.0,0.0
2010-10-18,11.600000381469728,11.600000381469728,10.5,10.949999809265137,6.427205562591553,60902,0.0,0.0
2010-10-19,11.0,11.0,10.300000190734863,10.449999809265137,6.133726596832275,66786,0.0,0.0
2010-10-20,10.350000381469728,10.75,10.25,10.5,6.163074016571045,34564,0.0,0.0
2010-10-21,10.350000381469728,10.75,10.050000190734863,10.149999618530272,5.957638263702393,42476,0.0,0.0
2010-10-22,10.25,10.449999809265137,9.800000190734863,10.0,5.869594573974609,19738,0.0,0.0
2010-10-25,10.300000190734863,10.350000381469728,9.949999809265137,10.0,5.869594573974609,15927,0.0,0.0
2010-10-26,10.0,10.25,10.0,10.050000190734863,5.8989434242248535,14631,0.0,0.0
2010-10-27,10.050000190734863,10.350000381469728,9.800000190734863,9.899999618530272,5.810899257659912,12900,0.0,0.0
2010-10-28,10.149999618530272,10.149999618530272,9.5,9.649999618530272,5.664159297943115,19191,0.0,0.0
2010-10-29,9.699999809265137,10.050000190734863,9.5,9.75,5.722856521606445,38905,0.0,0.0
2010-11-01,10.0,11.25,10.0,10.550000190734863,6.192422389984131,117415,0.0,0.0
2010-11-02,10.449999809265137,10.949999809265137,10.149999618530272,10.5,6.163074016571045,12676,0.0,0.0
2010-11-03,10.800000190734863,10.850000381469728,10.149999618530272,10.25,6.016334056854248,16490,0.0,0.0
2010-11-04,10.149999618530272,10.600000381469728,10.149999618530272,10.600000381469728,6.221770286560059,14526,0.0,0.0
2010-11-08,10.149999618530272,10.5,10.050000190734863,10.25,6.016334056854248,50566,0.0,0.0
2010-11-09,10.25,10.25,9.899999618530272,10.050000190734863,5.8989434242248535,92798,0.0,0.0
2010-11-10,10.350000381469728,10.949999809265137,10.0,10.149999618530272,5.957638263702393,132939,0.0,0.0
2010-11-11,10.5,10.5,9.800000190734863,9.899999618530272,5.810899257659912,100327,0.0,0.0
2010-11-12,9.449999809265137,10.149999618530272,9.449999809265137,9.850000381469728,5.781551361083984,26992,0.0,0.0
2010-11-15,9.600000381469728,9.949999809265137,9.449999809265137,9.800000190734863,5.752203464508057,10891,0.0,0.0
2010-11-16,9.649999618530272,9.949999809265137,9.5,9.600000381469728,5.634809970855713,10407,0.0,0.0
2010-11-18,9.899999618530272,9.899999618530272,9.25,9.350000381469728,5.488071918487549,20410,0.0,0.0
2010-11-19,9.350000381469728,9.449999809265137,9.050000190734863,9.100000381469728,5.341331005096436,5941,0.0,0.0
2010-11-22,9.100000381469728,9.399999618530272,8.350000381469727,8.550000190734863,5.018503665924072,37583,0.0,0.0
2010-11-23,8.649999618530273,8.949999809265137,8.5,8.75,5.135895729064941,18266,0.0,0.0
2010-11-24,8.850000381469727,9.100000381469728,8.75,8.899999618530273,5.223938941955566,11537,0.0,0.0
2010-11-25,9.25,9.25,8.550000190734863,8.649999618530273,5.077200412750244,17235,0.0,0.0
2010-11-26,8.449999809265137,8.850000381469727,8.0,8.199999809265137,4.813067436218262,15368,0.0,0.0
2010-11-29,8.0,8.550000190734863,8.0,8.449999809265137,4.959808349609375,22358,0.0,0.0
2010-11-30,8.399999618530273,8.850000381469727,8.149999618530273,8.550000190734863,5.018503665924072,15329,0.0,0.0
2010-12-01,8.25,8.949999809265137,8.25,8.800000190734863,5.165243148803711,9896,0.0,0.0
2010-12-02,8.800000190734863,9.75,8.800000190734863,9.550000190734863,5.605463981628418,23129,0.0,0.0
2010-12-03,9.5,9.800000190734863,9.100000381469728,9.5,5.576114654541016,32314,0.0,0.0
2010-12-06,9.75,9.75,9.050000190734863,9.100000381469728,5.341331005096436,35218,0.0,0.0
2010-12-07,8.850000381469727,9.5,8.649999618530273,8.75,5.135895729064941,14828,0.0,0.0
2010-12-08,8.800000190734863,8.800000190734863,8.5,8.699999809265137,5.106546878814697,4840,0.0,0.0
2010-12-09,9.0,9.0,8.050000190734863,8.100000381469727,4.754373073577881,40685,0.0,0.0
2010-12-10,8.300000190734863,8.649999618530273,8.149999618530273,8.350000381469727,4.901112079620361,11946,0.0,0.0
2010-12-13,8.600000381469727,8.699999809265137,8.350000381469727,8.550000190734863,5.018503665924072,6720,0.0,0.0
2010-12-14,8.25,9.0,8.199999809265137,8.75,5.135895729064941,8572,0.0,0.0
2010-12-15,8.800000190734863,9.0,8.399999618530273,8.399999618530273,4.930459499359131,10932,0.0,0.0
2010-12-16,8.800000190734863,8.800000190734863,8.399999618530273,8.600000381469727,5.047852039337158,4440,0.0,0.0
2010-12-20,9.0,9.0,8.5,8.5,4.989154815673828,4362,0.0,0.0
2010-12-21,8.399999618530273,8.399999618530273,8.100000381469727,8.199999809265137,4.813067436218262,27291,0.0,0.0
2010-12-22,8.5,8.5,8.050000190734863,8.149999618530273,4.783719062805176,5351,0.0,0.0
2010-12-23,8.100000381469727,8.300000190734863,8.100000381469727,8.100000381469727,4.754373073577881,5642,0.0,0.0
2010-12-24,8.199999809265137,8.25,8.050000190734863,8.149999618530273,4.783719062805176,4326,0.0,0.0
2010-12-27,8.0,8.25,8.0,8.100000381469727,4.754373073577881,17400,0.0,0.0
2010-12-28,8.449999809265137,8.449999809265137,7.849999904632568,8.0,4.695676326751709,8752,0.0,0.0
2010-12-29,7.949999809265137,8.25,7.900000095367432,8.149999618530273,4.783719062805176,12689,0.0,0.0
2010-12-30,8.149999618530273,8.300000190734863,8.0,8.300000190734863,4.871763706207275,1975,0.0,0.0
2010-12-31,8.600000381469727,8.800000190734863,8.149999618530273,8.350000381469727,4.901112079620361,14794,0.0,0.0
2011-01-03,8.850000381469727,8.850000381469727,8.300000190734863,8.350000381469727,4.901112079620361,8098,0.0,0.0
2011-01-04,8.699999809265137,8.699999809265137,8.399999618530273,8.550000190734863,5.018503665924072,9281,0.0,0.0
2011-01-05,8.199999809265137,8.449999809265137,8.149999618530273,8.149999618530273,4.783719062805176,13922,0.0,0.0
2011-01-06,8.0,8.300000190734863,8.0,8.149999618530273,4.783719062805176,3590,0.0,0.0
2011-01-07,8.0,8.350000381469727,7.75,7.849999904632568,4.607632160186768,16252,0.0,0.0
2011-01-10,8.0,8.149999618530273,7.699999809265137,8.0,4.695676326751709,33508,0.0,0.0
2011-01-11,7.800000190734863,8.199999809265137,7.800000190734863,8.0,4.695676326751709,8881,0.0,0.0
2011-01-12,7.75,8.199999809265137,7.75,8.199999809265137,4.813067436218262,5113,0.0,0.0
2011-01-13,7.849999904632568,8.100000381469727,7.300000190734863,7.949999809265137,4.666327476501465,11564,0.0,0.0
2011-01-14,7.75,7.800000190734863,7.5,7.550000190734863,4.431544780731201,13600,0.0,0.0
2011-01-17,7.300000190734863,7.699999809265137,7.300000190734863,7.650000095367432,4.490240573883057,6751,0.0,0.0
2011-01-18,7.300000190734863,7.900000095367432,7.25,7.650000095367432,4.490240573883057,5979,0.0,0.0
2011-01-19,7.449999809265137,7.599999904632568,7.400000095367432,7.550000190734863,4.431544780731201,24175,0.0,0.0
2011-01-20,7.349999904632568,7.5,7.300000190734863,7.400000095367432,4.343501091003418,5824,0.0,0.0
2011-01-21,7.5,7.5,7.25,7.300000190734863,4.2848052978515625,5884,0.0,0.0
2011-01-24,7.25,7.75,7.050000190734863,7.699999809265137,4.519587516784668,7821,0.0,0.0
2011-01-25,7.349999904632568,7.5,7.0,7.25,4.25545597076416,8997,0.0,0.0
2011-01-27,7.25,7.550000190734863,7.25,7.449999809265137,4.372847557067871,2850,0.0,0.0
2011-01-28,7.099999904632568,7.5,7.0,7.150000095367432,4.1967597007751465,20515,0.0,0.0
2011-01-31,7.0,7.199999809265137,7.0,7.050000190734863,4.138064384460449,15057,0.0,0.0
2011-02-01,7.050000190734863,7.599999904632568,6.75,6.75,3.9619765281677246,12914,0.0,0.0
2011-02-02,6.75,7.099999904632568,6.75,6.900000095367432,4.050020217895508,8361,0.0,0.0
2011-02-03,6.699999809265137,7.150000095367432,6.699999809265137,7.099999904632568,4.167412757873535,7607,0.0,0.0
2011-02-04,7.099999904632568,7.099999904632568,6.849999904632568,7.050000190734863,4.138064384460449,10802,0.0,0.0
2011-02-07,7.150000095367432,7.150000095367432,7.0,7.050000190734863,4.138064384460449,3001,0.0,0.0
2011-02-08,6.699999809265137,6.900000095367432,6.099999904632568,6.5,3.815236806869507,32914,0.0,0.0
2011-02-09,6.199999809265137,6.550000190734863,6.0,6.300000190734863,3.69784426689148,5538,0.0,0.0
2011-02-10,6.0,6.5,5.599999904632568,6.449999809265137,3.785888433456421,7258,0.0,0.0
2011-02-11,6.050000190734863,6.699999809265137,6.0,6.5,3.815236806869507,1540,0.0,0.0
2011-02-14,6.900000095367432,6.949999809265137,6.150000095367432,6.599999904632568,3.873932838439941,17883,0.0,0.0
2011-02-15,6.900000095367432,7.150000095367432,6.550000190734863,6.550000190734863,3.844584226608277,6325,0.0,0.0
2011-02-16,6.550000190734863,6.949999809265137,6.349999904632568,6.550000190734863,3.844584226608277,2605,0.0,0.0
2011-02-17,6.699999809265137,6.699999809265137,6.400000095367432,6.400000095367432,3.756540775299072,11590,0.0,0.0
2011-02-18,6.75,6.800000190734863,6.050000190734863,6.5,3.815236806869507,9097,0.0,0.0
2011-02-21,6.150000095367432,6.800000190734863,6.150000095367432,6.75,3.9619765281677246,12050,0.0,0.0
2011-02-22,6.150000095367432,7.099999904632568,6.150000095367432,6.900000095367432,4.050020217895508,12906,0.0,0.0
2011-02-23,6.449999809265137,6.900000095367432,6.349999904632568,6.550000190734863,3.844584226608277,4542,0.0,0.0
2011-02-24,6.25,6.300000190734863,6.25,6.300000190734863,3.69784426689148,2630,0.0,0.0
2011-02-25,6.550000190734863,6.599999904632568,6.300000190734863,6.599999904632568,3.873932838439941,3365,0.0,0.0
2011-02-28,6.300000190734863,6.550000190734863,6.150000095367432,6.199999809265137,3.6391489505767822,9998,0.0,0.0
2011-03-01,6.650000095367432,6.650000095367432,6.050000190734863,6.5,3.815236806869507,8824,0.0,0.0
2011-03-03,6.550000190734863,6.599999904632568,6.400000095367432,6.449999809265137,3.785888433456421,1983,0.0,0.0
2011-03-04,6.349999904632568,6.849999904632568,6.300000190734863,6.550000190734863,3.844584226608277,70835,0.0,0.0
2011-03-07,6.599999904632568,6.800000190734863,6.5,6.599999904632568,3.873932838439941,1898,0.0,0.0
2011-03-08,6.25,6.900000095367432,6.050000190734863,6.699999809265137,3.932628631591797,3344,0.0,0.0
2011-03-09,6.349999904632568,6.800000190734863,6.349999904632568,6.5,3.815236806869507,113867,0.0,0.0
2011-03-10,6.5,6.900000095367432,6.5,6.75,3.9619765281677246,29239,0.0,0.0
2011-03-11,6.349999904632568,6.800000190734863,6.300000190734863,6.800000190734863,3.9913249015808105,40635,0.0,0.0
2011-03-14,6.099999904632568,6.900000095367432,6.099999904632568,6.699999809265137,3.932628631591797,18946,0.0,0.0
2011-03-15,6.5,6.800000190734863,6.300000190734863,6.349999904632568,3.727193117141724,5224,0.0,0.0
2011-03-16,6.300000190734863,6.699999809265137,6.099999904632568,6.5,3.815236806869507,8125,0.0,0.0
2011-03-17,6.349999904632568,6.75,6.349999904632568,6.699999809265137,3.932628631591797,5185,0.0,0.0
2011-03-18,6.5,6.699999809265137,6.5,6.599999904632568,3.873932838439941,1661,0.0,0.0
2011-03-21,7.0,7.5,6.900000095367432,7.349999904632568,4.314151763916016,35211,0.0,0.0
2011-03-22,7.849999904632568,7.949999809265137,7.099999904632568,7.099999904632568,4.167412757873535,14237,0.0,0.0
2011-03-23,7.300000190734863,7.349999904632568,7.0,7.099999904632568,4.167412757873535,127626,0.0,0.0
2011-03-24,7.75,7.75,6.800000190734863,7.050000190734863,4.138064384460449,9350,0.0,0.0
2011-03-25,7.0,7.099999904632568,6.900000095367432,7.050000190734863,4.138064384460449,5732,0.0,0.0
2011-03-28,6.900000095367432,7.199999809265137,6.849999904632568,7.199999809265137,4.226108551025391,3405,0.0,0.0
2011-03-29,6.800000190734863,7.25,6.699999809265137,7.050000190734863,4.138064384460449,11629,0.0,0.0
2011-03-30,6.849999904632568,7.199999809265137,6.849999904632568,7.0,4.108716011047363,1766,0.0,0.0
2011-03-31,7.150000095367432,7.25,7.0,7.25,4.25545597076416,2673,0.0,0.0
2011-04-01,7.0,7.5,7.0,7.349999904632568,4.314151763916016,2115,0.0,0.0
2011-04-04,7.349999904632568,7.949999809265137,7.349999904632568,7.849999904632568,4.607632160186768,8720,0.0,0.0
2011-04-05,7.75,8.100000381469727,7.300000190734863,7.5,4.402195930480957,109055,0.0,0.0
2011-04-06,7.349999904632568,7.75,7.300000190734863,7.699999809265137,4.519587516784668,6860,0.0,0.0
2011-04-07,7.349999904632568,7.800000190734863,7.349999904632568,7.699999809265137,4.519587516784668,4303,0.0,0.0
2011-04-08,7.199999809265137,7.849999904632568,7.199999809265137,7.599999904632568,4.460892200469971,6640,0.0,0.0
2011-04-11,7.75,7.75,7.150000095367432,7.25,4.25545597076416,8597,0.0,0.0
2011-04-13,7.599999904632568,7.699999809265137,7.449999809265137,7.5,4.402195930480957,5560,0.0,0.0
2011-04-15,7.5,7.599999904632568,7.5,7.5,4.402195930480957,9397,0.0,0.0
2011-04-18,7.800000190734863,8.75,7.150000095367432,8.100000381469727,4.754373073577881,34218,0.0,0.0
2011-04-19,7.75,7.949999809265137,7.699999809265137,7.849999904632568,4.607632160186768,3605,0.0,0.0
2011-04-20,7.75,8.100000381469727,7.75,7.800000190734863,4.57828426361084,6201,0.0,0.0
2011-04-21,8.0,8.0,7.099999904632568,7.900000095367432,4.636979579925537,12226,0.0,0.0
2011-04-25,8.300000190734863,8.300000190734863,7.099999904632568,7.550000190734863,4.431544780731201,19478,0.0,0.0
2011-04-26,7.349999904632568,8.0,7.349999904632568,7.949999809265137,4.666327476501465,8990,0.0,0.0
2011-04-27,7.699999809265137,7.949999809265137,7.550000190734863,7.550000190734863,4.431544780731201,4124,0.0,0.0
2011-04-28,7.550000190734863,7.849999904632568,7.5,7.699999809265137,4.519587516784668,4461,0.0,0.0
2011-04-29,7.949999809265137,7.949999809265137,7.550000190734863,7.599999904632568,4.460892200469971,5600,0.0,0.0
2011-05-02,7.349999904632568,7.800000190734863,7.150000095367432,7.75,4.548935890197754,5123,0.0,0.0
2011-05-03,7.650000095367432,7.650000095367432,7.199999809265137,7.550000190734863,4.431544780731201,1708,0.0,0.0
2011-05-04,7.150000095367432,7.650000095367432,7.050000190734863,7.599999904632568,4.460892200469971,3280,0.0,0.0
2011-05-05,7.5,7.550000190734863,7.25,7.400000095367432,4.343501091003418,1900,0.0,0.0
2011-05-06,7.150000095367432,7.5,7.099999904632568,7.5,4.402195930480957,472,0.0,0.0
2011-05-09,7.25,7.25,7.150000095367432,7.25,4.25545597076416,1195,0.0,0.0
2011-05-10,7.050000190734863,7.300000190734863,7.0,7.150000095367432,4.1967597007751465,8971,0.0,0.0
2011-05-11,7.199999809265137,7.349999904632568,7.199999809265137,7.349999904632568,4.314151763916016,1955,0.0,0.0
2011-05-12,7.400000095367432,7.800000190734863,7.349999904632568,7.449999809265137,4.372847557067871,10311,0.0,0.0
2011-05-13,7.5,7.599999904632568,7.449999809265137,7.550000190734863,4.431544780731201,18767,0.0,0.0
2011-05-16,7.550000190734863,8.0,7.550000190734863,7.949999809265137,4.666327476501465,5563,0.0,0.0
2011-05-17,8.0,8.199999809265137,7.800000190734863,7.849999904632568,4.607632160186768,6085,0.0,0.0
2011-05-18,8.149999618530273,8.149999618530273,7.699999809265137,7.849999904632568,4.607632160186768,210567,0.0,0.0
2011-05-19,8.199999809265137,8.350000381469727,7.900000095367432,8.0,4.695676326751709,14129,0.0,0.0
2011-05-20,8.0,8.149999618530273,7.800000190734863,8.0,4.695676326751709,10595,0.0,0.0
2011-05-23,7.900000095367432,8.0,7.599999904632568,7.699999809265137,4.519587516784668,10868,0.0,0.0
2011-05-24,7.699999809265137,8.0,7.599999904632568,7.949999809265137,4.666327476501465,5577,0.0,0.0
2011-05-25,8.0,8.25,7.699999809265137,7.800000190734863,4.57828426361084,11172,0.0,0.0
2011-05-26,7.699999809265137,8.5,7.699999809265137,7.849999904632568,4.607632160186768,8260,0.0,0.0
2011-05-27,8.300000190734863,8.350000381469727,7.800000190734863,8.149999618530273,4.783719062805176,142259,0.0,0.0
2011-05-30,7.900000095367432,7.949999809265137,7.5,7.599999904632568,4.752452850341797,8674,0.5,0.0
2011-05-31,7.800000190734863,7.800000190734863,7.599999904632568,7.599999904632568,4.752452850341797,2613,0.0,0.0
2011-06-01,7.550000190734863,7.849999904632568,7.5,7.599999904632568,4.752452850341797,2563,0.0,0.0
2011-06-02,7.699999809265137,7.75,7.449999809265137,7.449999809265137,4.658654689788818,1586,0.0,0.0
2011-06-03,7.800000190734863,7.800000190734863,7.449999809265137,7.650000095367432,4.783720016479492,89952,0.0,0.0
2011-06-06,7.449999809265137,7.5,7.349999904632568,7.400000095367432,4.627389907836914,1681,0.0,0.0
2011-06-07,7.75,7.75,7.400000095367432,7.5,4.689920902252197,56837,0.0,0.0
2011-06-08,7.400000095367432,7.75,7.400000095367432,7.400000095367432,4.627389907836914,1837,0.0,0.0
2011-06-09,7.300000190734863,7.599999904632568,7.099999904632568,7.5,4.689920902252197,2092,0.0,0.0
2011-06-10,7.150000095367432,7.800000190734863,7.150000095367432,7.400000095367432,4.627389907836914,3592,0.0,0.0
2011-06-13,7.75,7.800000190734863,7.550000190734863,7.550000190734863,4.721188068389893,4864,0.0,0.0
2011-06-14,7.349999904632568,7.800000190734863,7.349999904632568,7.800000190734863,4.877518653869629,1994,0.0,0.0
2011-06-15,7.75,7.75,7.75,7.75,4.846251487731934,6,0.0,0.0
2011-06-16,7.75,7.75,7.75,7.75,4.846251487731934,26,0.0,0.0
2011-06-17,7.75,7.75,7.599999904632568,7.699999809265137,4.814985752105713,2100,0.0,0.0
2011-06-20,7.5,7.5,7.349999904632568,7.400000095367432,4.627389907836914,2110,0.0,0.0
2011-06-21,7.25,7.5,7.199999809265137,7.199999809265137,4.50232458114624,5334,0.0,0.0
2011-06-22,7.199999809265137,7.300000190734863,7.099999904632568,7.150000095367432,4.47105884552002,6019,0.0,0.0
2011-06-23,7.150000095367432,7.449999809265137,7.150000095367432,7.199999809265137,4.50232458114624,5964,0.0,0.0
2011-06-24,7.449999809265137,7.449999809265137,6.900000095367432,7.0,4.377259731292725,11965,0.0,0.0
2011-06-27,7.449999809265137,7.449999809265137,7.0,7.150000095367432,4.47105884552002,6650,0.0,0.0
2011-06-28,7.150000095367432,7.650000095367432,7.150000095367432,7.449999809265137,4.658654689788818,5901,0.0,0.0
2011-06-29,7.5,7.699999809265137,7.150000095367432,7.699999809265137,4.814985752105713,3395,0.0,0.0
2011-06-30,7.349999904632568,7.75,7.349999904632568,7.5,4.689920902252197,3058,0.0,0.0
2011-07-01,7.25,8.0,7.25,7.75,4.846251487731934,4712,0.0,0.0
2011-07-04,7.449999809265137,7.75,7.449999809265137,7.449999809265137,4.658654689788818,2005,0.0,0.0
2011-07-05,7.5,8.399999618530273,7.5,8.100000381469727,5.065115451812744,6775,0.0,0.0
2011-07-06,7.800000190734863,8.149999618530273,7.550000190734863,7.599999904632568,4.752452850341797,23152,0.0,0.0
2011-07-07,7.699999809265137,7.949999809265137,7.650000095367432,7.849999904632568,4.90878438949585,6895,0.0,0.0
2011-07-08,7.5,7.949999809265137,7.5,7.800000190734863,4.877518653869629,3401,0.0,0.0
2011-07-11,7.849999904632568,8.0,7.75,7.849999904632568,4.90878438949585,8600,0.0,0.0
2011-07-12,7.650000095367432,7.900000095367432,7.650000095367432,7.800000190734863,4.877518653869629,2522,0.0,0.0
2011-07-13,7.650000095367432,8.0,7.650000095367432,7.800000190734863,4.877518653869629,2665,0.0,0.0
2011-07-14,7.800000190734863,7.900000095367432,7.5,7.650000095367432,4.783720016479492,9840,0.0,0.0
2011-07-15,7.699999809265137,7.699999809265137,7.449999809265137,7.449999809265137,4.658654689788818,3067,0.0,0.0
2011-07-18,7.449999809265137,7.800000190734863,7.449999809265137,7.800000190734863,4.877518653869629,5158,0.0,0.0
2011-07-19,7.449999809265137,8.899999618530273,7.400000095367432,8.100000381469727,5.065115451812744,44855,0.0,0.0
2011-07-20,8.0,9.25,7.900000095367432,8.300000190734863,5.190179347991943,52763,0.0,0.0
2011-07-21,8.649999618530273,8.949999809265137,8.649999618530273,8.75,5.4715752601623535,39224,0.0,0.0
2011-07-22,8.899999618530273,8.949999809265137,8.050000190734863,8.199999809265137,5.1276469230651855,14398,0.0,0.0
2011-07-25,8.050000190734863,8.699999809265137,8.050000190734863,8.199999809265137,5.1276469230651855,2259,0.0,0.0
2011-07-26,8.350000381469727,8.350000381469727,8.050000190734863,8.149999618530273,5.096380710601807,3250,0.0,0.0
2011-07-27,8.050000190734863,8.399999618530273,7.949999809265137,8.350000381469727,5.2214460372924805,12809,0.0,0.0
2011-07-28,7.949999809265137,8.300000190734863,7.849999904632568,8.0,5.002582550048828,8942,0.0,0.0
2011-07-29,8.0,8.100000381469727,7.900000095367432,8.050000190734863,5.033848762512207,6830,0.0,0.0
2011-08-01,8.0,8.850000381469727,8.0,8.149999618530273,5.096380710601807,11590,0.0,0.0
2011-08-02,8.0,8.399999618530273,7.849999904632568,7.849999904632568,4.90878438949585,15722,0.0,0.0
2011-08-03,7.599999904632568,7.75,7.5,7.599999904632568,4.752452850341797,7299,0.0,0.0
2011-08-04,7.400000095367432,7.699999809265137,7.400000095367432,7.5,4.689920902252197,1951,0.0,0.0
2011-08-05,7.5,7.5,7.050000190734863,7.150000095367432,4.47105884552002,19141,0.0,0.0
2011-08-08,6.849999904632568,7.099999904632568,6.25,6.900000095367432,4.314728260040283,28579,0.0,0.0
2011-08-09,6.550000190734863,7.25,6.550000190734863,7.099999904632568,4.439792633056641,13833,0.0,0.0
2011-08-10,6.849999904632568,7.400000095367432,6.25,7.150000095367432,4.47105884552002,6789,0.0,0.0
2011-08-11,7.449999809265137,7.5,6.900000095367432,7.0,4.377259731292725,5711,0.0,0.0
2011-08-12,7.150000095367432,7.5,7.099999904632568,7.449999809265137,4.658654689788818,5300,0.0,0.0
2011-08-16,7.900000095367432,8.350000381469727,7.25,7.550000190734863,4.721188068389893,7833,0.0,0.0
2011-08-17,7.25,7.5,7.199999809265137,7.300000190734863,4.564857006072998,4575,0.0,0.0
2011-08-18,7.0,7.400000095367432,7.0,7.199999809265137,4.50232458114624,22688,0.0,0.0
2011-08-19,7.300000190734863,7.300000190734863,6.699999809265137,6.849999904632568,4.283461570739746,7283,0.0,0.0
2011-08-22,7.0,7.099999904632568,6.849999904632568,7.099999904632568,4.439792633056641,1722,0.0,0.0
2011-08-23,7.349999904632568,7.349999904632568,7.0,7.0,4.377259731292725,5450,0.0,0.0
2011-08-24,7.0,7.050000190734863,6.800000190734863,7.0,4.377259731292725,23440,0.0,0.0
2011-08-25,7.0,7.099999904632568,6.800000190734863,7.0,4.377259731292725,2395,0.0,0.0
2011-08-26,7.0,7.0,6.699999809265137,6.800000190734863,4.252195358276367,1450,0.0,0.0
2011-08-29,6.849999904632568,7.25,6.849999904632568,7.050000190734863,4.408525943756104,2403,0.0,0.0
2011-08-30,7.349999904632568,7.349999904632568,7.0,7.0,4.377259731292725,2765,0.0,0.0
2011-09-02,7.300000190734863,7.400000095367432,6.800000190734863,6.849999904632568,4.283461570739746,20040,0.0,0.0
2011-09-05,6.699999809265137,7.650000095367432,6.650000095367432,7.5,4.689920902252197,19837,0.0,0.0
2011-09-06,7.099999904632568,7.449999809265137,7.099999904632568,7.300000190734863,4.564857006072998,8198,0.0,0.0
2011-09-07,7.199999809265137,7.599999904632568,7.199999809265137,7.300000190734863,4.564857006072998,5135,0.0,0.0
2011-09-08,7.400000095367432,7.5,7.050000190734863,7.25,4.533590316772461,4400,0.0,0.0
2011-09-09,7.150000095367432,7.599999904632568,7.099999904632568,7.599999904632568,4.752452850341797,38555,0.0,0.0
2011-09-12,7.25,7.449999809265137,7.25,7.349999904632568,4.596122741699219,4950,0.0,0.0
2011-09-13,7.25,7.449999809265137,7.25,7.449999809265137,4.658654689788818,7054,0.0,0.0
2011-09-14,7.199999809265137,7.5,7.199999809265137,7.5,4.689920902252197,2453,0.0,0.0
2011-09-15,7.150000095367432,7.699999809265137,7.150000095367432,7.699999809265137,4.814985752105713,33532,0.0,0.0
2011-09-16,7.300000190734863,7.599999904632568,7.300000190734863,7.349999904632568,4.596122741699219,1900,0.0,0.0
2011-09-19,7.75,7.75,7.25,7.300000190734863,4.564857006072998,6042,0.0,0.0
2011-09-20,7.349999904632568,7.349999904632568,7.300000190734863,7.300000190734863,4.564857006072998,3300,0.0,0.0
2011-09-21,7.300000190734863,7.5,7.300000190734863,7.5,4.689920902252197,3200,0.0,0.0
2011-09-22,7.199999809265137,7.699999809265137,7.199999809265137,7.400000095367432,4.627389907836914,4055,0.0,0.0
2011-09-23,7.050000190734863,7.75,7.050000190734863,7.199999809265137,4.50232458114624,1957,0.0,0.0
2011-09-26,7.25,7.449999809265137,6.849999904632568,6.900000095367432,4.314728260040283,7315,0.0,0.0
2011-09-27,7.0,8.300000190734863,6.849999904632568,8.25,5.158914089202881,207589,0.0,0.0
2011-09-28,8.25,8.300000190734863,7.349999904632568,7.550000190734863,4.721188068389893,10857,0.0,0.0
2011-09-29,7.650000095367432,7.699999809265137,7.25,7.699999809265137,4.814985752105713,6191,0.0,0.0
2011-09-30,7.650000095367432,7.650000095367432,7.150000095367432,7.199999809265137,4.50232458114624,4059,0.0,0.0
2011-10-03,7.099999904632568,7.449999809265137,7.099999904632568,7.150000095367432,4.47105884552002,106055,0.0,0.0
2011-10-04,7.0,7.699999809265137,6.400000095367432,7.349999904632568,4.596122741699219,144535,0.0,0.0
2011-10-05,7.550000190734863,7.550000190734863,7.0,7.150000095367432,4.47105884552002,8729,0.0,0.0
2011-10-07,7.400000095367432,7.949999809265137,7.400000095367432,7.75,4.846251487731934,16800,0.0,0.0
2011-10-10,7.349999904632568,7.800000190734863,7.25,7.599999904632568,4.752452850341797,5215,0.0,0.0
2011-10-11,7.199999809265137,7.800000190734863,7.199999809265137,7.599999904632568,4.752452850341797,71002,0.0,0.0
2011-10-12,7.300000190734863,7.699999809265137,7.300000190734863,7.550000190734863,4.721188068389893,18156,0.0,0.0
2011-10-13,8.0,8.0,7.349999904632568,7.599999904632568,4.752452850341797,1701,0.0,0.0
2011-10-14,7.25,7.449999809265137,6.900000095367432,7.199999809265137,4.50232458114624,13731,0.0,0.0
2011-10-17,7.449999809265137,7.449999809265137,7.0,7.300000190734863,4.564857006072998,5056,0.0,0.0
2011-10-18,7.199999809265137,7.349999904632568,7.0,7.300000190734863,4.564857006072998,3139,0.0,0.0
2011-10-19,7.400000095367432,7.5,7.050000190734863,7.349999904632568,4.596122741699219,4550,0.0,0.0
2011-10-20,7.650000095367432,7.650000095367432,7.199999809265137,7.349999904632568,4.596122741699219,8771,0.0,0.0
2011-10-21,7.5,7.5,6.900000095367432,7.199999809265137,4.50232458114624,1872,0.0,0.0
2011-10-24,7.150000095367432,7.25,6.75,6.949999809265137,4.345993518829346,10730,0.0,0.0
2011-10-25,7.199999809265137,7.199999809265137,6.75,7.050000190734863,4.408525943756104,9701,0.0,0.0
2011-10-28,7.099999904632568,7.5,7.099999904632568,7.449999809265137,4.658654689788818,1669,0.0,0.0
2011-10-31,7.5,7.5,7.25,7.5,4.689920902252197,1777,0.0,0.0
2011-11-01,7.5,7.599999904632568,7.25,7.5,4.689920902252197,5974,0.0,0.0
2011-11-02,7.5,7.5,7.25,7.25,4.533590316772461,1308,0.0,0.0
2011-11-03,7.199999809265137,7.650000095367432,7.199999809265137,7.599999904632568,4.752452850341797,2940,0.0,0.0
2011-11-04,7.25,7.699999809265137,7.25,7.349999904632568,4.596122741699219,3201,0.0,0.0
2011-11-08,7.050000190734863,7.75,7.050000190734863,7.449999809265137,4.658654689788818,9482,0.0,0.0
2011-11-09,7.349999904632568,7.599999904632568,7.199999809265137,7.25,4.533590316772461,3735,0.0,0.0
2011-11-11,7.0,7.050000190734863,6.800000190734863,7.050000190734863,4.408525943756104,14385,0.0,0.0
2011-11-14,7.0,7.349999904632568,6.75,7.050000190734863,4.408525943756104,22723,0.0,0.0
2011-11-15,6.900000095367432,6.900000095367432,6.550000190734863,6.650000095367432,4.158397197723389,9036,0.0,0.0
2011-11-16,6.550000190734863,7.400000095367432,5.449999809265137,6.099999904632568,3.8144702911376953,15197,0.0,0.0
2011-11-17,6.5,6.800000190734863,6.0,6.150000095367432,3.845735788345337,33085,0.0,0.0
2011-11-18,6.0,6.25,5.949999809265137,6.0,3.751936674118042,6381,0.0,0.0
2011-11-21,6.099999904632568,6.349999904632568,5.650000095367432,5.75,3.5956060886383057,10319,0.0,0.0
2011-11-22,5.599999904632568,6.099999904632568,5.599999904632568,6.050000190734863,3.783203125,6705,0.0,0.0
2011-11-23,6.0,6.099999904632568,5.800000190734863,5.900000095367432,3.6894044876098633,3420,0.0,0.0
2011-11-24,6.150000095367432,6.199999809265137,5.849999904632568,5.949999809265137,3.720670700073242,21275,0.0,0.0
2011-11-25,6.0,6.0,5.300000190734863,5.599999904632568,3.5018086433410645,66324,0.0,0.0
2011-11-28,5.550000190734863,5.75,5.150000095367432,5.400000095367432,3.376743793487549,53372,0.0,0.0
2011-11-29,5.5,5.650000095367432,5.199999809265137,5.449999809265137,3.408010005950928,5747,0.0,0.0
2011-11-30,5.25,6.349999904632568,5.25,5.800000190734863,3.626872301101685,13568,0.0,0.0
2011-12-01,5.550000190734863,6.0,5.550000190734863,5.949999809265137,3.720670700073242,3140,0.0,0.0
2011-12-02,6.0,6.0,5.900000095367432,6.0,3.751936674118042,10936,0.0,0.0
2011-12-05,6.0,6.0,5.449999809265137,5.800000190734863,3.626872301101685,5136,0.0,0.0
2011-12-07,5.650000095367432,6.949999809265137,5.650000095367432,6.349999904632568,3.9708001613616943,343002,0.0,0.0
2011-12-08,6.550000190734863,6.550000190734863,6.0,6.150000095367432,3.845735788345337,8938,0.0,0.0
2011-12-09,5.949999809265137,6.650000095367432,5.949999809265137,6.150000095367432,3.845735788345337,21601,0.0,0.0
2011-12-12,6.0,6.150000095367432,6.0,6.050000190734863,3.783203125,2040,0.0,0.0
2011-12-13,6.25,6.25,6.0,6.0,3.751936674118042,600,0.0,0.0
2011-12-14,6.050000190734863,6.25,6.0,6.099999904632568,3.8144702911376953,2542,0.0,0.0
2011-12-15,6.199999809265137,6.199999809265137,6.0,6.0,3.751936674118042,3615,0.0,0.0
2011-12-16,6.0,6.150000095367432,5.949999809265137,5.949999809265137,3.720670700073242,1450,0.0,0.0
2011-12-19,5.75,5.900000095367432,5.5,5.849999904632568,3.658138036727905,4200,0.0,0.0
2011-12-20,5.550000190734863,5.800000190734863,5.550000190734863,5.800000190734863,3.626872301101685,1711,0.0,0.0
2011-12-21,5.5,5.900000095367432,5.5,5.849999904632568,3.658138036727905,166,0.0,0.0
2011-12-22,5.900000095367432,6.0,5.599999904632568,5.599999904632568,3.5018086433410645,5302,0.0,0.0
2011-12-23,6.0,6.0,5.800000190734863,5.800000190734863,3.626872301101685,1130,0.0,0.0
2011-12-26,6.199999809265137,6.25,5.75,6.199999809265137,3.8770012855529785,4219,0.0,0.0
2011-12-27,6.150000095367432,6.150000095367432,6.0,6.0,3.751936674118042,560,0.0,0.0
2011-12-28,5.75,6.099999904632568,5.75,6.099999904632568,3.8144702911376953,745,0.0,0.0
2011-12-29,5.800000190734863,6.0,5.75,5.75,3.5956060886383057,301,0.0,0.0
2011-12-30,5.800000190734863,6.0,5.800000190734863,6.0,3.751936674118042,972,0.0,0.0
2012-01-02,5.800000190734863,5.849999904632568,5.800000190734863,5.800000190734863,3.626872301101685,4940,0.0,0.0
2012-01-03,5.75,6.150000095367432,5.75,6.150000095367432,3.845735788345337,300,0.0,0.0
2012-01-04,5.75,6.050000190734863,5.75,5.800000190734863,3.626872301101685,1800,0.0,0.0
2012-01-05,5.75,5.900000095367432,5.599999904632568,5.650000095367432,3.533074378967285,2961,0.0,0.0
2012-01-06,5.900000095367432,5.949999809265137,5.900000095367432,5.949999809265137,3.720670700073242,100,0.0,0.0
2012-01-09,6.0,6.0,5.900000095367432,6.0,3.751936674118042,1101,0.0,0.0
2012-01-10,6.0,6.099999904632568,5.699999809265137,5.949999809265137,3.720670700073242,6245,0.0,0.0
2012-01-11,6.099999904632568,6.25,6.0,6.0,3.751936674118042,15510,0.0,0.0
2012-01-12,6.0,6.199999809265137,6.0,6.199999809265137,3.8770012855529785,3030,0.0,0.0
2012-01-13,6.849999904632568,6.849999904632568,5.900000095367432,6.099999904632568,3.8144702911376953,3299,0.0,0.0
2012-01-16,6.099999904632568,6.099999904632568,5.800000190734863,6.0,3.751936674118042,1000,0.0,0.0
2012-01-17,6.099999904632568,6.099999904632568,6.099999904632568,6.099999904632568,3.8144702911376953,481,0.0,0.0
2012-01-18,6.0,6.0,5.699999809265137,5.75,3.5956060886383057,7573,0.0,0.0
2012-01-19,5.949999809265137,6.0,5.699999809265137,5.75,3.5956060886383057,5100,0.0,0.0
2012-01-20,5.900000095367432,6.0,5.75,5.949999809265137,3.720670700073242,4134,0.0,0.0
2012-01-23,5.900000095367432,5.900000095367432,5.900000095367432,5.900000095367432,3.6894044876098633,1000,0.0,0.0
2012-01-24,5.900000095367432,6.0,5.699999809265137,5.849999904632568,3.658138036727905,8707,0.0,0.0
2012-01-25,5.900000095367432,5.900000095367432,5.699999809265137,5.75,3.5956060886383057,3780,0.0,0.0
2012-01-27,5.949999809265137,5.949999809265137,5.5,5.849999904632568,3.658138036727905,9128,0.0,0.0
2012-01-30,5.900000095367432,5.900000095367432,5.650000095367432,5.699999809265137,3.564339399337769,9300,0.0,0.0
2012-01-31,5.699999809265137,6.099999904632568,5.699999809265137,6.050000190734863,3.783203125,12954,0.0,0.0
2012-02-01,6.0,6.349999904632568,5.800000190734863,5.949999809265137,3.720670700073242,8041,0.0,0.0
2012-02-02,6.099999904632568,6.199999809265137,5.849999904632568,6.050000190734863,3.783203125,6671,0.0,0.0
2012-02-03,6.0,6.0,5.75,6.0,3.751936674118042,3675,0.0,0.0
2012-02-06,5.800000190734863,6.150000095367432,5.800000190734863,6.050000190734863,3.783203125,2800,0.0,0.0
2012-02-07,5.849999904632568,6.099999904632568,5.849999904632568,6.0,3.751936674118042,6085,0.0,0.0
2012-02-08,6.0,6.0,6.0,6.0,3.751936674118042,0,0.0,0.0
2012-02-09,6.050000190734863,6.300000190734863,5.849999904632568,6.150000095367432,3.845735788345337,3157,0.0,0.0
2012-02-10,6.099999904632568,6.150000095367432,6.050000190734863,6.150000095367432,3.845735788345337,1450,0.0,0.0
2012-02-13,6.150000095367432,6.400000095367432,6.099999904632568,6.349999904632568,3.9708001613616943,2962,0.0,0.0
2012-02-14,6.349999904632568,6.400000095367432,6.150000095367432,6.199999809265137,3.8770012855529785,6720,0.0,0.0
2012-02-15,6.400000095367432,6.400000095367432,6.25,6.300000190734863,3.939534187316896,3300,0.0,0.0
2012-02-16,6.199999809265137,6.25,6.150000095367432,6.25,3.908267736434937,1411,0.0,0.0
2012-02-17,6.400000095367432,6.849999904632568,6.300000190734863,6.300000190734863,3.939534187316896,1225,0.0,0.0
2012-02-21,6.75,6.75,6.5,6.699999809265137,4.189663410186768,9134,0.0,0.0
2012-02-22,6.599999904632568,6.800000190734863,5.800000190734863,5.949999809265137,3.720670700073242,22314,0.0,0.0
2012-02-23,6.199999809265137,6.199999809265137,5.849999904632568,6.050000190734863,3.783203125,7679,0.0,0.0
2012-02-24,5.900000095367432,6.199999809265137,5.849999904632568,6.0,3.751936674118042,4033,0.0,0.0
2012-02-27,5.900000095367432,5.900000095367432,5.699999809265137,5.699999809265137,3.564339399337769,10153,0.0,0.0
2012-02-28,5.949999809265137,6.0,5.699999809265137,5.900000095367432,3.6894044876098633,4145,0.0,0.0
2012-02-29,5.800000190734863,6.0,5.550000190734863,6.0,3.751936674118042,7302,0.0,0.0
2012-03-01,6.0,6.199999809265137,5.800000190734863,5.949999809265137,3.720670700073242,3131,0.0,0.0
2012-03-02,5.900000095367432,5.900000095367432,5.75,5.75,3.5956060886383057,1352,0.0,0.0
2012-03-05,6.0,6.0,5.849999904632568,5.949999809265137,3.720670700073242,3926,0.0,0.0
2012-03-06,5.949999809265137,6.150000095367432,5.800000190734863,5.900000095367432,3.6894044876098633,58640,0.0,0.0
2012-03-07,5.900000095367432,5.900000095367432,5.75,5.800000190734863,3.626872301101685,102201,0.0,0.0
2012-03-09,5.849999904632568,6.0,5.849999904632568,6.0,3.751936674118042,5200,0.0,0.0
2012-03-12,5.800000190734863,5.800000190734863,5.599999904632568,5.699999809265137,3.564339399337769,21652,0.0,0.0
2012-03-13,5.800000190734863,5.900000095367432,5.650000095367432,5.849999904632568,3.658138036727905,7826,0.0,0.0
2012-03-14,5.900000095367432,5.949999809265137,5.400000095367432,5.599999904632568,3.5018086433410645,9667,0.0,0.0
2012-03-15,5.650000095367432,5.699999809265137,5.5,5.5,3.4392764568328857,2193,0.0,0.0
2012-03-16,5.75,6.0,5.75,5.900000095367432,3.6894044876098633,6019,0.0,0.0
2012-03-19,5.699999809265137,6.099999904632568,5.699999809265137,5.800000190734863,3.626872301101685,4403,0.0,0.0
2012-03-20,5.650000095367432,5.699999809265137,5.150000095367432,5.5,3.4392764568328857,14349,0.0,0.0
2012-03-21,5.5,5.599999904632568,5.25,5.550000190734863,3.4705421924591064,3740,0.0,0.0
2012-03-22,5.849999904632568,5.849999904632568,5.400000095367432,5.449999809265137,3.408010005950928,3845,0.0,0.0
2012-03-23,5.349999904632568,5.5,5.300000190734863,5.349999904632568,3.345476627349853,8813,0.0,0.0
2012-03-26,5.349999904632568,5.550000190734863,5.050000190734863,5.400000095367432,3.376743793487549,323768,0.0,0.0
2012-03-27,5.25,5.550000190734863,5.199999809265137,5.400000095367432,3.376743793487549,12300,0.0,0.0
2012-03-28,5.550000190734863,5.599999904632568,5.150000095367432,5.300000190734863,3.314210891723633,7083,0.0,0.0
2012-03-29,5.25,5.349999904632568,5.099999904632568,5.349999904632568,3.345476627349853,2050,0.0,0.0
2012-03-30,5.449999809265137,5.449999809265137,5.25,5.300000190734863,3.314210891723633,2100,0.0,0.0
2012-04-02,5.300000190734863,5.300000190734863,5.25,5.25,3.282944679260254,6200,0.0,0.0
2012-04-03,5.25,5.5,5.25,5.349999904632568,3.345476627349853,10366,0.0,0.0
2012-04-04,5.5,5.5,5.300000190734863,5.349999904632568,3.345476627349853,1600,0.0,0.0
2012-04-09,5.349999904632568,5.599999904632568,5.349999904632568,5.599999904632568,3.5018086433410645,2350,0.0,0.0
2012-04-10,5.349999904632568,6.050000190734863,5.349999904632568,5.849999904632568,3.658138036727905,63025,0.0,0.0
2012-04-11,5.900000095367432,5.949999809265137,5.550000190734863,5.75,3.5956060886383057,2500,0.0,0.0
2012-04-12,5.900000095367432,5.900000095367432,5.800000190734863,5.800000190734863,3.626872301101685,10202,0.0,0.0
2012-04-13,5.800000190734863,5.800000190734863,5.5,5.699999809265137,3.564339399337769,4303,0.0,0.0
2012-04-16,5.699999809265137,5.900000095367432,5.699999809265137,5.900000095367432,3.6894044876098633,101,0.0,0.0
2012-04-17,5.650000095367432,5.800000190734863,5.349999904632568,5.699999809265137,3.564339399337769,5962,0.0,0.0
2012-04-18,5.800000190734863,5.849999904632568,5.599999904632568,5.650000095367432,3.533074378967285,4004,0.0,0.0
2012-04-19,5.5,5.900000095367432,5.5,5.550000190734863,3.4705421924591064,850,0.0,0.0
2012-04-20,5.849999904632568,5.849999904632568,5.550000190734863,5.550000190734863,3.4705421924591064,2723,0.0,0.0
2012-04-23,5.849999904632568,5.849999904632568,5.5,5.5,3.4392764568328857,1365,0.0,0.0
2012-04-24,5.75,5.75,5.300000190734863,5.349999904632568,3.345476627349853,3605,0.0,0.0
2012-04-25,5.199999809265137,5.550000190734863,5.199999809265137,5.349999904632568,3.345476627349853,2390,0.0,0.0
2012-04-26,5.300000190734863,5.75,5.199999809265137,5.300000190734863,3.314210891723633,5176,0.0,0.0
2012-04-27,5.25,5.349999904632568,5.199999809265137,5.349999904632568,3.345476627349853,1725,0.0,0.0
2012-04-30,5.349999904632568,5.449999809265137,5.050000190734863,5.050000190734863,3.157880544662476,3271,0.0,0.0
2012-05-02,5.099999904632568,5.349999904632568,5.050000190734863,5.349999904632568,3.345476627349853,2860,0.0,0.0
2012-05-03,5.349999904632568,5.599999904632568,5.349999904632568,5.599999904632568,3.5018086433410645,8100,0.0,0.0
2012-05-04,5.449999809265137,5.900000095367432,5.400000095367432,5.449999809265137,3.408010005950928,11600,0.0,0.0
2012-05-07,5.050000190734863,5.599999904632568,5.050000190734863,5.599999904632568,3.5018086433410645,2112,0.0,0.0
2012-05-08,5.5,5.5,5.5,5.5,3.4392764568328857,300,0.0,0.0
2012-05-09,5.5,5.5,5.5,5.5,3.4392764568328857,0,0.0,0.0
2012-05-10,5.650000095367432,5.650000095367432,5.25,5.400000095367432,3.376743793487549,2135,0.0,0.0
2012-05-11,5.400000095367432,5.599999904632568,5.25,5.300000190734863,3.314210891723633,1169,0.0,0.0
2012-05-14,5.650000095367432,5.650000095367432,5.650000095367432,5.650000095367432,3.533074378967285,500,0.0,0.0
2012-05-15,5.349999904632568,5.400000095367432,5.349999904632568,5.400000095367432,3.376743793487549,874,0.0,0.0
2012-05-16,5.349999904632568,5.599999904632568,5.349999904632568,5.349999904632568,3.345476627349853,2378,0.0,0.0
2012-05-17,5.449999809265137,5.449999809265137,5.300000190734863,5.449999809265137,3.408010005950928,1965,0.0,0.0
2012-05-18,5.300000190734863,5.349999904632568,5.150000095367432,5.349999904632568,3.345476627349853,3362,0.0,0.0
2012-05-21,5.099999904632568,5.400000095367432,5.099999904632568,5.349999904632568,3.345476627349853,14060,0.0,0.0
2012-05-22,5.199999809265137,5.599999904632568,5.199999809265137,5.5,3.4392764568328857,14945,0.0,0.0
2012-05-23,5.5,5.5,5.300000190734863,5.400000095367432,3.376743793487549,4632,0.0,0.0
2012-05-24,5.5,5.550000190734863,5.400000095367432,5.449999809265137,3.408010005950928,1000,0.0,0.0
2012-05-25,5.550000190734863,5.550000190734863,5.550000190734863,5.550000190734863,3.4705421924591064,57505,0.0,0.0
2012-05-28,5.5,5.599999904632568,5.5,5.550000190734863,3.4705421924591064,3523,0.0,0.0
2012-05-29,5.599999904632568,5.599999904632568,5.5,5.5,3.4392764568328857,30277,0.0,0.0
2012-05-30,5.449999809265137,5.75,5.449999809265137,5.75,3.5956060886383057,715,0.0,0.0
2012-05-31,5.300000190734863,5.699999809265137,5.300000190734863,5.400000095367432,3.376743793487549,573,0.0,0.0
2012-06-01,5.400000095367432,5.400000095367432,5.400000095367432,5.400000095367432,3.376743793487549,0,0.0,0.0
2012-06-04,5.550000190734863,5.550000190734863,5.349999904632568,5.349999904632568,3.345476627349853,5600,0.0,0.0
2012-06-05,5.300000190734863,5.599999904632568,5.25,5.349999904632568,3.345476627349853,2933,0.0,0.0
2012-06-06,5.5,5.5,5.449999809265137,5.449999809265137,3.408010005950928,1425,0.0,0.0
2012-06-07,5.5,5.599999904632568,5.5,5.599999904632568,3.5018086433410645,3247,0.0,0.0
2012-06-08,5.400000095367432,5.699999809265137,5.199999809265137,5.699999809265137,3.564339399337769,12224,0.0,0.0
2012-06-11,5.400000095367432,5.699999809265137,5.400000095367432,5.599999904632568,3.5018086433410645,106,0.0,0.0
2012-06-12,5.25,5.5,5.25,5.349999904632568,3.345476627349853,6769,0.0,0.0
2012-06-13,5.449999809265137,5.550000190734863,5.400000095367432,5.5,3.4392764568328857,2545,0.0,0.0
2012-06-14,5.349999904632568,5.5,5.199999809265137,5.5,3.4392764568328857,3600,0.0,0.0
2012-06-15,5.300000190734863,5.349999904632568,5.300000190734863,5.349999904632568,3.345476627349853,2900,0.0,0.0
2012-06-18,5.300000190734863,5.300000190734863,5.300000190734863,5.300000190734863,3.314210891723633,510,0.0,0.0
2012-06-19,5.550000190734863,5.599999904632568,5.550000190734863,5.599999904632568,3.5018086433410645,5000,0.0,0.0
2012-06-20,5.349999904632568,5.849999904632568,5.349999904632568,5.449999809265137,3.408010005950928,5857,0.0,0.0
2012-06-21,5.550000190734863,5.599999904632568,5.349999904632568,5.349999904632568,3.345476627349853,2020,0.0,0.0
2012-06-22,5.300000190734863,5.599999904632568,5.300000190734863,5.550000190734863,3.4705421924591064,9526,0.0,0.0
2012-06-25,5.349999904632568,5.400000095367432,5.349999904632568,5.400000095367432,3.376743793487549,700,0.0,0.0
2012-06-26,5.300000190734863,5.849999904632568,5.300000190734863,5.5,3.4392764568328857,1730,0.0,0.0
2012-06-27,5.550000190734863,5.650000095367432,5.5,5.5,3.4392764568328857,2002,0.0,0.0
2012-06-28,5.349999904632568,5.699999809265137,5.349999904632568,5.650000095367432,3.533074378967285,7994,0.0,0.0
2012-06-29,5.400000095367432,5.849999904632568,5.400000095367432,5.650000095367432,3.533074378967285,5900,0.0,0.0
2012-07-02,5.949999809265137,6.599999904632568,5.849999904632568,6.099999904632568,3.8144702911376953,31832,0.0,0.0
2012-07-03,6.25,6.650000095367432,6.0,6.5,4.064598560333252,87787,0.0,0.0
2012-07-04,6.199999809265137,6.650000095367432,6.199999809265137,6.599999904632568,4.12713098526001,12653,0.0,0.0
2012-07-05,6.599999904632568,6.699999809265137,6.5,6.599999904632568,4.12713098526001,9298,0.0,0.0
2012-07-06,6.150000095367432,6.5,6.150000095367432,6.5,4.064598560333252,4907,0.0,0.0
2012-07-09,6.5,6.5,6.400000095367432,6.400000095367432,4.002066135406494,3934,0.0,0.0
2012-07-10,6.150000095367432,6.400000095367432,6.150000095367432,6.400000095367432,4.002066135406494,3100,0.0,0.0
2012-07-11,6.150000095367432,6.900000095367432,6.099999904632568,6.199999809265137,3.8770012855529785,8571,0.0,0.0
2012-07-12,6.349999904632568,6.550000190734863,6.349999904632568,6.449999809265137,4.033332824707031,20700,0.0,0.0
2012-07-13,6.599999904632568,7.0,6.5,6.699999809265137,4.189663410186768,30138,0.0,0.0
2012-07-16,6.949999809265137,7.5,6.75,7.25,4.533590316772461,38740,0.0,0.0
2012-07-17,7.0,7.900000095367432,7.0,7.349999904632568,4.596122741699219,12543,0.0,0.0
2012-07-18,7.5,7.650000095367432,7.5,7.5,4.689920902252197,9900,0.0,0.0
2012-07-19,7.300000190734863,7.699999809265137,7.300000190734863,7.5,4.689920902252197,15724,0.0,0.0
2012-07-20,7.150000095367432,7.25,7.0,7.0,4.377259731292725,5518,0.0,0.0
2012-07-23,7.150000095367432,7.400000095367432,7.150000095367432,7.400000095367432,4.627389907836914,1632,0.0,0.0
2012-07-24,7.199999809265137,8.0,7.199999809265137,7.550000190734863,4.721188068389893,8102,0.0,0.0
2012-07-25,7.550000190734863,7.550000190734863,7.25,7.5,4.689920902252197,6304,0.0,0.0
2012-07-26,7.800000190734863,7.800000190734863,7.400000095367432,7.449999809265137,4.658654689788818,552,0.0,0.0
2012-07-27,7.5,8.199999809265137,7.5,7.550000190734863,4.721188068389893,9566,0.0,0.0
2012-07-30,7.300000190734863,7.300000190734863,7.25,7.25,4.533590316772461,1050,0.0,0.0
2012-07-31,7.25,7.25,7.25,7.25,4.533590316772461,7939,0.0,0.0
2012-08-01,7.150000095367432,7.550000190734863,7.150000095367432,7.550000190734863,4.721188068389893,6583,0.0,0.0
2012-08-02,7.949999809265137,7.949999809265137,7.349999904632568,7.400000095367432,4.627389907836914,7588,0.0,0.0
2012-08-03,7.400000095367432,7.5,7.400000095367432,7.5,4.689920902252197,3379,0.0,0.0
2012-08-06,7.550000190734863,7.849999904632568,7.550000190734863,7.800000190734863,4.877518653869629,889,0.0,0.0
2012-08-07,7.400000095367432,7.75,7.349999904632568,7.5,4.689920902252197,5585,0.0,0.0
2012-08-08,7.300000190734863,7.550000190734863,7.25,7.400000095367432,4.627389907836914,9423,0.0,0.0
2012-08-09,7.25,7.849999904632568,7.0,7.550000190734863,4.721188068389893,20591,0.0,0.0
2012-08-10,7.5,7.800000190734863,7.5,7.599999904632568,4.752452850341797,4753,0.0,0.0
2012-08-13,7.550000190734863,8.550000190734863,7.550000190734863,7.650000095367432,4.783720016479492,5981,0.0,0.0
2012-08-14,7.550000190734863,7.949999809265137,7.349999904632568,7.650000095367432,4.783720016479492,10933,0.0,0.0
2012-08-16,7.650000095367432,7.949999809265137,7.650000095367432,7.900000095367432,4.940049648284912,28645,0.0,0.0
2012-08-17,7.800000190734863,8.0,7.5,7.800000190734863,4.877518653869629,4162,0.0,0.0
2012-08-21,7.5,8.449999809265137,7.5,8.300000190734863,5.190179347991943,17418,0.0,0.0
2012-08-22,8.0,8.25,7.900000095367432,8.0,5.002582550048828,3983,0.0,0.0
2012-08-23,7.900000095367432,8.0,7.849999904632568,7.949999809265137,4.971316814422607,12260,0.0,0.0
2012-08-24,8.199999809265137,8.5,7.900000095367432,7.949999809265137,4.971316814422607,6530,0.0,0.0
2012-08-27,8.0,8.0,7.75,7.800000190734863,4.877518653869629,4200,0.0,0.0
2012-08-28,7.699999809265137,7.800000190734863,7.699999809265137,7.800000190734863,4.877518653869629,3756,0.0,0.0
2012-08-29,7.800000190734863,7.800000190734863,7.699999809265137,7.75,4.846251487731934,2230,0.0,0.0
2012-08-30,7.849999904632568,7.900000095367432,7.849999904632568,7.900000095367432,4.940049648284912,1000,0.0,0.0
2012-08-31,7.849999904632568,8.0,7.849999904632568,7.849999904632568,4.90878438949585,4302,0.0,0.0
2012-09-03,8.0,8.0,7.650000095367432,7.949999809265137,4.971316814422607,3859,0.0,0.0
2012-09-04,7.599999904632568,7.900000095367432,7.599999904632568,7.900000095367432,4.940049648284912,155,0.0,0.0
2012-09-05,8.399999618530273,8.850000381469727,8.199999809265137,8.699999809265137,5.440308570861816,54464,0.0,0.0
2012-09-06,8.5,8.5,8.25,8.399999618530273,5.252711296081543,2850,0.0,0.0
2012-09-07,8.899999618530273,8.949999809265137,8.399999618530273,8.649999618530273,5.409043788909912,20910,0.0,0.0
2012-09-10,9.5,9.5,8.399999618530273,8.949999809265137,5.596639156341553,15803,0.0,0.0
2012-09-11,8.399999618530273,8.649999618530273,8.399999618530273,8.649999618530273,5.409043788909912,2726477,0.0,0.0
2012-09-12,8.949999809265137,8.949999809265137,8.050000190734863,8.199999809265137,5.442226886749268,18682,0.5,0.0
2012-09-13,8.199999809265137,8.199999809265137,7.800000190734863,8.050000190734863,5.34267520904541,5791,0.0,0.0
2012-09-14,8.949999809265137,8.949999809265137,7.699999809265137,8.050000190734863,5.34267520904541,9850,0.0,0.0
2012-09-17,8.100000381469727,8.100000381469727,8.100000381469727,8.100000381469727,5.375858783721924,2300,0.0,0.0
2012-09-18,8.300000190734863,8.300000190734863,8.0,8.0,5.309489727020264,5533,0.0,0.0
2012-09-20,7.849999904632568,8.199999809265137,7.849999904632568,7.849999904632568,5.209937572479248,800,0.0,0.0
2012-09-21,7.75,8.300000190734863,7.75,7.900000095367432,5.243120670318604,9946,0.0,0.0
2012-09-24,8.300000190734863,8.399999618530273,7.900000095367432,8.0,5.309489727020264,24962,0.0,0.0
2012-09-25,8.199999809265137,8.199999809265137,8.0,8.0,5.309489727020264,2458,0.0,0.0
2012-09-26,7.75,7.849999904632568,7.75,7.849999904632568,5.209937572479248,1582,0.0,0.0
2012-09-27,7.900000095367432,8.0,7.900000095367432,8.0,5.309489727020264,2397,0.0,0.0
2012-09-28,8.0,8.300000190734863,8.0,8.0,5.309489727020264,31419,0.0,0.0
2012-10-01,8.050000190734863,8.350000381469727,7.949999809265137,7.949999809265137,5.276305198669434,4100,0.0,0.0
2012-10-03,8.0,8.0,8.0,8.0,5.309489727020264,8675,0.0,0.0
2012-10-04,8.850000381469727,8.899999618530273,8.149999618530273,8.149999618530273,5.409042835235596,10233,0.0,0.0
2012-10-05,8.0,8.199999809265137,8.0,8.0,5.309489727020264,32691,0.0,0.0
2012-10-08,8.0,8.0,7.849999904632568,8.0,5.309489727020264,25350,0.0,0.0
2012-10-09,8.0,8.300000190734863,7.800000190734863,7.800000190734863,5.176753044128418,21505,0.0,0.0
2012-10-10,7.75,7.75,7.75,7.75,5.143567562103272,4600,0.0,0.0
2012-10-11,8.0,8.0,7.900000095367432,8.0,5.309489727020264,17100,0.0,0.0
2012-10-12,8.0,8.0,8.0,8.0,5.309489727020264,5300,0.0,0.0
2012-10-15,8.449999809265137,8.449999809265137,7.849999904632568,8.25,5.475411415100098,36557,0.0,0.0
2012-10-16,8.100000381469727,8.5,8.100000381469727,8.25,5.475411415100098,17512,0.0,0.0
2012-10-17,8.25,8.449999809265137,8.25,8.25,5.475411415100098,1215,0.0,0.0
2012-10-18,8.050000190734863,8.25,8.050000190734863,8.25,5.475411415100098,750,0.0,0.0
2012-10-19,8.050000190734863,8.100000381469727,7.900000095367432,8.0,5.309489727020264,33656,0.0,0.0
2012-10-22,8.050000190734863,8.399999618530273,8.050000190734863,8.25,5.475411415100098,8755,0.0,0.0
2012-10-23,8.800000190734863,8.800000190734863,8.0,8.149999618530273,5.409042835235596,10200,0.0,0.0
2012-10-25,8.5,8.5,8.0,8.199999809265137,5.442226886749268,35240,0.0,0.0
2012-10-29,8.550000190734863,8.550000190734863,8.149999618530273,8.199999809265137,5.442226886749268,2894,0.0,0.0
2012-10-30,8.800000190734863,8.800000190734863,8.050000190734863,8.050000190734863,5.34267520904541,9965,0.0,0.0
2012-10-31,8.399999618530273,8.399999618530273,7.949999809265137,8.25,5.475411415100098,3723,0.0,0.0
2012-11-01,8.850000381469727,8.850000381469727,8.300000190734863,8.800000190734863,5.840439319610596,11667,0.0,0.0
2012-11-02,8.899999618530273,8.899999618530273,8.5,8.5,5.641332626342773,2150,0.0,0.0
2012-11-05,8.699999809265137,8.899999618530273,8.699999809265137,8.899999618530273,5.906806945800781,5879,0.0,0.0
2012-11-06,8.649999618530273,8.75,8.649999618530273,8.649999618530273,5.740886211395264,2418,0.0,0.0
2012-11-07,8.899999618530273,9.0,8.199999809265137,8.949999809265137,5.9399919509887695,25132,0.0,0.0
2012-11-08,9.25,9.25,8.600000381469727,8.800000190734863,5.840439319610596,10422,0.0,0.0
2012-11-09,8.600000381469727,9.0,8.399999618530273,8.399999618530273,5.574963569641113,6106,0.0,0.0
2012-11-12,8.100000381469727,8.600000381469727,8.050000190734863,8.300000190734863,5.5085954666137695,4970,0.0,0.0
2012-11-15,8.399999618530273,8.75,8.199999809265137,8.699999809265137,5.774069786071777,1700,0.0,0.0
2012-11-16,8.649999618530273,8.649999618530273,8.199999809265137,8.199999809265137,5.442226886749268,6451,0.0,0.0
2012-11-19,8.100000381469727,8.5,8.0,8.050000190734863,5.34267520904541,6202,0.0,0.0
2012-11-20,8.75,8.75,8.050000190734863,8.100000381469727,5.375858783721924,683,0.0,0.0
2012-11-21,8.050000190734863,8.100000381469727,8.0,8.100000381469727,5.375858783721924,2135,0.0,0.0
2012-11-22,8.0,8.399999618530273,8.0,8.050000190734863,5.34267520904541,2620,0.0,0.0
2012-11-23,8.100000381469727,8.899999618530273,7.849999904632568,8.149999618530273,5.409042835235596,14165,0.0,0.0
2012-11-26,8.050000190734863,8.75,8.050000190734863,8.300000190734863,5.5085954666137695,4390,0.0,0.0
2012-11-27,8.75,8.75,8.199999809265137,8.25,5.475411415100098,7224,0.0,0.0
2012-11-29,8.699999809265137,8.75,8.25,8.25,5.475411415100098,1251,0.0,0.0
2012-11-30,8.800000190734863,8.949999809265137,8.25,8.449999809265137,5.608148574829102,16937,0.0,0.0
2012-12-03,8.399999618530273,8.75,8.399999618530273,8.399999618530273,5.574963569641113,1251,0.0,0.0
2012-12-04,8.300000190734863,9.0,8.149999618530273,8.899999618530273,5.906806945800781,33949,0.0,0.0
2012-12-05,8.449999809265137,8.949999809265137,8.449999809265137,8.800000190734863,5.840439319610596,8400,0.0,0.0
2012-12-06,8.899999618530273,8.899999618530273,8.449999809265137,8.800000190734863,5.840439319610596,6468,0.0,0.0
2012-12-07,8.800000190734863,8.949999809265137,8.399999618530273,8.800000190734863,5.840439319610596,14600,0.0,0.0
2012-12-10,8.449999809265137,9.0,8.449999809265137,8.850000381469727,5.873622894287109,25706,0.0,0.0
2012-12-11,9.149999618530272,9.149999618530272,8.300000190734863,8.399999618530273,5.574963569641113,9976,0.0,0.0
2012-12-12,8.75,8.800000190734863,8.399999618530273,8.649999618530273,5.740886211395264,800,0.0,0.0
2012-12-13,8.399999618530273,8.75,8.25,8.25,5.475411415100098,977,0.0,0.0
2012-12-14,8.5,8.5,8.149999618530273,8.149999618530273,5.409042835235596,7304,0.0,0.0
2012-12-17,8.649999618530273,8.649999618530273,8.199999809265137,8.199999809265137,5.442226886749268,1400,0.0,0.0
2012-12-18,8.149999618530273,8.5,8.0,8.050000190734863,5.34267520904541,7500,0.0,0.0
2012-12-19,8.050000190734863,8.5,8.0,8.100000381469727,5.375858783721924,6493,0.0,0.0
2012-12-20,8.649999618530273,8.649999618530273,8.0,8.0,5.309489727020264,9305,0.0,0.0
2012-12-21,8.0,8.600000381469727,8.0,8.050000190734863,5.34267520904541,12450,0.0,0.0
2012-12-24,7.800000190734863,8.399999618530273,7.800000190734863,8.399999618530273,5.574963569641113,10813,0.0,0.0
2012-12-26,8.0,8.399999618530273,7.650000095367432,7.949999809265137,5.276305198669434,5703,0.0,0.0
2012-12-27,8.0,8.350000381469727,8.0,8.050000190734863,5.34267520904541,44831,0.0,0.0
2012-12-28,8.050000190734863,8.350000381469727,8.0,8.25,5.475411415100098,7512,0.0,0.0
2012-12-31,7.800000190734863,8.399999618530273,7.800000190734863,8.25,5.475411415100098,2562,0.0,0.0
2013-01-01,8.0,8.0,8.0,8.0,5.309489727020264,2003,0.0,0.0
2013-01-02,8.0,8.300000190734863,8.0,8.149999618530273,5.409042835235596,26860,0.0,0.0
2013-01-03,8.149999618530273,8.149999618530273,8.149999618530273,8.149999618530273,5.409042835235596,3500,0.0,0.0
2013-01-04,8.399999618530273,8.399999618530273,8.100000381469727,8.199999809265137,5.442226886749268,2143,0.0,0.0
2013-01-07,8.0,8.25,8.0,8.199999809265137,5.442226886749268,6045,0.0,0.0
2013-01-08,8.050000190734863,8.300000190734863,8.0,8.300000190734863,5.5085954666137695,16131,0.0,0.0
2013-01-09,8.050000190734863,8.25,8.050000190734863,8.100000381469727,5.375858783721924,5200,0.0,0.0
2013-01-10,8.0,8.149999618530273,8.0,8.0,5.309489727020264,6985,0.0,0.0
2013-01-11,7.949999809265137,7.949999809265137,7.900000095367432,7.900000095367432,5.243120670318604,100,0.0,0.0
2013-01-14,7.849999904632568,8.050000190734863,7.650000095367432,8.050000190734863,5.34267520904541,12276,0.0,0.0
2013-01-15,7.650000095367432,8.399999618530273,7.650000095367432,7.900000095367432,5.243120670318604,3613,0.0,0.0
2013-01-16,7.900000095367432,8.0,7.900000095367432,7.900000095367432,5.243120670318604,4530,0.0,0.0
2013-01-17,8.199999809265137,8.199999809265137,7.800000190734863,7.849999904632568,5.209937572479248,755,0.0,0.0
2013-01-18,8.350000381469727,8.350000381469727,7.75,8.149999618530273,5.409042835235596,5807,0.0,0.0
2013-01-21,8.300000190734863,8.300000190734863,7.849999904632568,8.0,5.309489727020264,6737,0.0,0.0
2013-01-22,7.849999904632568,8.050000190734863,7.650000095367432,7.949999809265137,5.276305198669434,13619,0.0,0.0
2013-01-23,8.0,8.149999618530273,7.800000190734863,7.800000190734863,5.176753044128418,791,0.0,0.0
2013-01-24,7.650000095367432,8.0,7.650000095367432,7.800000190734863,5.176753044128418,13855,0.0,0.0
2013-01-25,8.149999618530273,8.149999618530273,7.650000095367432,7.75,5.143567562103272,404,0.0,0.0
2013-01-28,8.149999618530273,8.149999618530273,7.699999809265137,8.0,5.309489727020264,16791,0.0,0.0
2013-01-29,8.199999809265137,8.199999809265137,7.849999904632568,8.149999618530273,5.409042835235596,8,0.0,0.0
2013-01-30,8.149999618530273,8.149999618530273,7.75,7.75,5.143567562103272,3042,0.0,0.0
2013-01-31,8.0,8.0,7.800000190734863,7.900000095367432,5.243120670318604,3784,0.0,0.0
2013-02-01,8.0,8.0,7.699999809265137,7.699999809265137,5.110383033752441,3153,0.0,0.0
2013-02-04,7.650000095367432,8.0,7.650000095367432,8.0,5.309489727020264,40983,0.0,0.0
2013-02-05,7.800000190734863,7.900000095367432,7.599999904632568,7.849999904632568,5.209937572479248,1248,0.0,0.0
2013-02-06,7.949999809265137,7.949999809265137,7.849999904632568,7.900000095367432,5.243120670318604,1619,0.0,0.0
2013-02-07,7.650000095367432,7.949999809265137,7.650000095367432,7.75,5.143567562103272,6751,0.0,0.0
2013-02-08,7.5,7.949999809265137,7.5,7.75,5.143567562103272,33902,0.0,0.0
2013-02-11,7.650000095367432,7.650000095367432,7.650000095367432,7.650000095367432,5.077199459075928,140,0.0,0.0
2013-02-12,7.849999904632568,7.849999904632568,7.449999809265137,7.849999904632568,5.209937572479248,2101,0.0,0.0
2013-02-13,7.449999809265137,8.0,7.449999809265137,7.550000190734863,5.010830402374268,4096,0.0,0.0
2013-02-14,8.0,8.0,7.400000095367432,7.449999809265137,4.944461822509766,41110,0.0,0.0
2013-02-15,7.599999904632568,7.699999809265137,7.599999904632568,7.699999809265137,5.110383033752441,2,0.0,0.0
2013-02-18,7.75,7.75,7.75,7.75,5.143567562103272,6587,0.0,0.0
2013-02-19,7.849999904632568,7.900000095367432,7.849999904632568,7.849999904632568,5.209937572479248,9958,0.0,0.0
2013-02-20,7.449999809265137,7.949999809265137,7.300000190734863,7.449999809265137,4.944461822509766,4792,0.0,0.0
2013-02-21,7.949999809265137,7.949999809265137,7.5,7.5,4.977646350860596,1906,0.0,0.0
2013-02-22,7.75,7.75,7.349999904632568,7.550000190734863,5.010830402374268,1000,0.0,0.0
2013-02-25,7.349999904632568,7.550000190734863,7.300000190734863,7.550000190734863,5.010830402374268,401,0.0,0.0
2013-02-26,7.300000190734863,7.300000190734863,7.25,7.25,4.81172513961792,460,0.0,0.0
2013-02-27,7.699999809265137,7.699999809265137,7.0,7.150000095367432,4.74535608291626,715,0.0,0.0
2013-02-28,7.900000095367432,7.900000095367432,7.400000095367432,7.400000095367432,4.911278247833252,321,0.0,0.0
2013-03-01,7.650000095367432,7.650000095367432,6.949999809265137,7.0,4.645802974700928,136,0.0,0.0
2013-03-04,7.5,7.5,6.699999809265137,6.75,4.479881763458252,5401,0.0,0.0
2013-03-05,6.25,7.0,6.25,6.75,4.479881763458252,4310,0.0,0.0
2013-03-06,7.25,7.25,6.75,6.800000190734863,4.513066291809082,1254,0.0,0.0
2013-03-07,6.5,7.099999904632568,6.25,6.650000095367432,4.413514137268066,53782,0.0,0.0
2013-03-08,7.449999809265137,7.449999809265137,6.800000190734863,6.800000190734863,4.513066291809082,207,0.0,0.0
2013-03-11,6.300000190734863,7.150000095367432,6.300000190734863,6.849999904632568,4.546250820159912,501,0.0,0.0
2013-03-12,7.0,7.0,6.599999904632568,6.949999809265137,4.612618446350098,1357,0.0,0.0
2013-03-13,7.050000190734863,7.050000190734863,6.599999904632568,6.75,4.479881763458252,11054,0.0,0.0
2013-03-14,6.75,7.0,6.400000095367432,6.900000095367432,4.579435348510742,7362,0.0,0.0
2013-03-15,7.050000190734863,7.050000190734863,6.599999904632568,6.599999904632568,4.380329132080078,4870,0.0,0.0
2013-03-18,6.699999809265137,6.699999809265137,6.699999809265137,6.699999809265137,4.446698188781738,500,0.0,0.0
2013-03-19,6.400000095367432,6.75,6.400000095367432,6.5,4.313960075378418,5000,0.0,0.0
2013-03-20,6.099999904632568,6.599999904632568,6.099999904632568,6.400000095367432,4.247591495513916,1077,0.0,0.0
2013-03-21,7.199999809265137,7.199999809265137,6.099999904632568,6.150000095367432,4.081669807434082,4842,0.0,0.0
2013-03-22,5.849999904632568,6.5,5.849999904632568,6.400000095367432,4.247591495513916,5082,0.0,0.0
2013-03-25,7.650000095367432,7.650000095367432,6.099999904632568,6.349999904632568,4.214407920837402,10644,0.0,0.0
2013-03-26,6.0,6.699999809265137,6.0,6.449999809265137,4.280775547027588,14920,0.0,0.0
2013-03-28,6.5,7.0,6.099999904632568,6.150000095367432,4.081669807434082,2624,0.0,0.0
2013-04-01,6.099999904632568,6.800000190734863,6.099999904632568,6.800000190734863,4.513066291809082,5490,0.0,0.0
2013-04-02,6.25,7.75,6.25,6.900000095367432,4.579435348510742,3199,0.0,0.0
2013-04-03,6.5,6.900000095367432,6.25,6.849999904632568,4.546250820159912,8341,0.0,0.0
2013-04-04,6.449999809265137,6.800000190734863,6.449999809265137,6.599999904632568,4.380329132080078,1355,0.0,0.0
2013-04-05,6.150000095367432,6.800000190734863,6.150000095367432,6.800000190734863,4.513066291809082,1378,0.0,0.0
2013-04-08,6.800000190734863,6.800000190734863,6.800000190734863,6.800000190734863,4.513066291809082,0,0.0,0.0
2013-04-09,6.800000190734863,6.800000190734863,6.800000190734863,6.800000190734863,4.513066291809082,0,0.0,0.0
2013-04-10,6.800000190734863,6.800000190734863,6.800000190734863,6.800000190734863,4.513066291809082,0,0.0,0.0
2013-04-11,6.800000190734863,6.800000190734863,6.800000190734863,6.800000190734863,4.513066291809082,0,0.0,0.0
2013-04-12,6.800000190734863,6.800000190734863,6.800000190734863,6.800000190734863,4.513066291809082,0,0.0,0.0
2013-04-15,5.5,6.25,5.5,5.5,3.650274991989136,5400,0.0,0.0
2013-04-16,5.5,5.5,5.5,5.5,3.650274991989136,53581,0.0,0.0
2013-04-17,5.449999809265137,5.449999809265137,5.449999809265137,5.449999809265137,3.617089986801148,500,0.0,0.0
2013-04-18,5.900000095367432,5.900000095367432,5.900000095367432,5.900000095367432,3.915748834609986,101,0.0,0.0
2013-04-22,5.900000095367432,5.900000095367432,5.900000095367432,5.900000095367432,3.915748834609986,0,0.0,0.0
2013-04-23,5.949999809265137,6.25,5.650000095367432,5.949999809265137,3.948932647705078,120,0.0,0.0
2013-04-25,5.949999809265137,5.949999809265137,5.949999809265137,5.949999809265137,3.948932647705078,0,0.0,0.0
2013-04-26,6.0,6.0,6.0,6.0,3.9821174144744873,1190,0.0,0.0
2013-04-29,7.0,7.0,6.0,7.0,4.645802974700928,25500,0.0,0.0
2013-04-30,7.0,7.0,7.0,7.0,4.645802974700928,0,0.0,0.0
2013-05-02,7.449999809265137,7.449999809265137,7.449999809265137,7.449999809265137,4.944461822509766,25,0.0,0.0
2013-05-03,6.199999809265137,6.199999809265137,6.199999809265137,6.199999809265137,4.114853858947754,300,0.0,0.0
2013-05-06,6.949999809265137,6.949999809265137,6.199999809265137,6.949999809265137,4.612618446350098,1126,0.0,0.0
2013-05-07,6.949999809265137,6.949999809265137,6.949999809265137,6.949999809265137,4.612618446350098,0,0.0,0.0
2013-05-08,8.300000190734863,8.300000190734863,6.800000190734863,8.300000190734863,5.5085954666137695,26,0.0,0.0
2013-05-09,7.849999904632568,8.050000190734863,6.800000190734863,7.849999904632568,5.209937572479248,1176,0.0,0.0
2013-05-10,6.449999809265137,7.349999904632568,6.449999809265137,6.449999809265137,4.280775547027588,600,0.0,0.0
2013-05-13,6.099999904632568,6.099999904632568,6.099999904632568,6.099999904632568,4.04848575592041,855,0.0,0.0
2013-05-14,6.099999904632568,6.099999904632568,6.099999904632568,6.099999904632568,4.04848575592041,0,0.0,0.0
2013-05-15,6.050000190734863,6.300000190734863,6.0,6.050000190734863,4.015301704406738,2800,0.0,0.0
2013-05-16,6.349999904632568,6.349999904632568,6.050000190734863,6.349999904632568,4.214407920837402,1950,0.0,0.0
2013-05-17,6.5,6.949999809265137,6.5,6.5,4.313960075378418,3026,0.0,0.0
2013-05-20,6.5,6.5,6.5,6.5,4.313960075378418,0,0.0,0.0
2013-05-21,6.5,6.5,6.5,6.5,4.313960075378418,0,0.0,0.0
2013-05-22,6.949999809265137,6.949999809265137,6.949999809265137,6.949999809265137,4.612618446350098,25,0.0,0.0
2013-05-23,6.650000095367432,6.650000095367432,6.650000095367432,6.650000095367432,4.413514137268066,1000,0.0,0.0
2013-05-24,6.599999904632568,6.599999904632568,6.099999904632568,6.599999904632568,4.380329132080078,3200,0.0,0.0
2013-05-27,6.599999904632568,6.599999904632568,6.599999904632568,6.599999904632568,4.380329132080078,0,0.0,0.0
2013-05-28,6.300000190734863,6.5,6.300000190734863,6.300000190734863,4.181222438812256,6251,0.0,0.0
2013-05-29,6.400000095367432,6.400000095367432,6.300000190734863,6.400000095367432,4.247591495513916,200,0.0,0.0
2013-05-30,6.25,6.650000095367432,6.25,6.25,4.148038864135742,2003,0.0,0.0
2013-05-31,6.75,6.75,6.599999904632568,6.75,4.479881763458252,1001,0.0,0.0
2013-06-03,6.75,6.75,6.75,6.75,4.479881763458252,3400,0.0,0.0
2013-06-04,6.550000190734863,6.550000190734863,6.550000190734863,6.550000190734863,4.34714412689209,100,0.0,0.0
2013-06-05,6.449999809265137,6.449999809265137,6.449999809265137,6.449999809265137,4.280775547027588,700,0.0,0.0
2013-06-06,6.5,6.5,6.5,6.5,4.313960075378418,1025,0.0,0.0
2013-06-07,7.0,7.25,7.0,7.0,4.645802974700928,1461,0.0,0.0
2013-06-10,7.0,7.0,7.0,7.0,4.645802974700928,0,0.0,0.0
2013-06-11,7.0,7.0,6.800000190734863,7.0,4.645802974700928,2100,0.0,0.0
2013-06-12,7.0,7.400000095367432,7.0,7.0,4.645802974700928,6100,0.0,0.0
2013-06-13,7.0,7.0,6.800000190734863,7.0,4.645802974700928,999,0.0,0.0
2013-06-14,6.599999904632568,6.599999904632568,6.599999904632568,6.599999904632568,4.380329132080078,2142,0.0,0.0
2013-06-17,7.599999904632568,7.599999904632568,7.599999904632568,7.599999904632568,5.04401445388794,200,0.0,0.0
2013-06-18,7.0,7.0,7.0,7.0,4.645802974700928,3000,0.0,0.0
2013-06-19,7.0,7.0,7.0,7.0,4.645802974700928,0,0.0,0.0
2013-06-20,7.0,7.0,7.0,7.0,4.645802974700928,0,0.0,0.0
2013-06-21,7.0,7.0,7.0,7.0,4.645802974700928,1600,0.0,0.0
2013-06-24,6.5,6.800000190734863,6.5,6.5,4.313960075378418,1000,0.0,0.0
2013-06-25,6.800000190734863,6.800000190734863,6.800000190734863,6.800000190734863,4.513066291809082,100,0.0,0.0
2013-06-26,6.800000190734863,7.0,6.800000190734863,6.800000190734863,4.513066291809082,1715,0.0,0.0
2013-06-27,6.650000095367432,6.650000095367432,6.650000095367432,6.650000095367432,4.413514137268066,100,0.0,0.0
2013-06-28,6.550000190734863,6.550000190734863,6.550000190734863,6.550000190734863,4.34714412689209,200,0.0,0.0
2013-07-01,7.449999809265137,7.449999809265137,7.449999809265137,7.449999809265137,4.944461822509766,4755,0.0,0.0
2013-07-02,7.449999809265137,7.449999809265137,7.449999809265137,7.449999809265137,4.944461822509766,500,0.0,0.0
2013-07-03,6.050000190734863,6.050000190734863,6.050000190734863,6.050000190734863,4.015301704406738,1,0.0,0.0
2013-07-04,6.050000190734863,6.050000190734863,6.050000190734863,6.050000190734863,4.015301704406738,0,0.0,0.0
2013-07-05,6.050000190734863,6.050000190734863,6.050000190734863,6.050000190734863,4.015301704406738,0,0.0,0.0
2013-07-08,6.050000190734863,6.050000190734863,6.050000190734863,6.050000190734863,4.015301704406738,0,0.0,0.0
2013-07-09,6.050000190734863,6.050000190734863,6.050000190734863,6.050000190734863,4.015301704406738,0,0.0,0.0
2013-07-10,6.050000190734863,6.050000190734863,6.050000190734863,6.050000190734863,4.015301704406738,0,0.0,0.0
2013-07-11,6.349999904632568,6.349999904632568,6.349999904632568,6.349999904632568,4.214407920837402,2550,0.0,0.0
2013-07-12,6.349999904632568,6.349999904632568,6.349999904632568,6.349999904632568,4.214407920837402,500,0.0,0.0
2013-07-15,6.199999809265137,7.400000095367432,6.199999809265137,6.199999809265137,4.114853858947754,650,0.0,0.0
2013-07-16,6.400000095367432,6.400000095367432,6.25,6.400000095367432,4.247591495513916,700,0.0,0.0
2013-07-17,6.349999904632568,6.349999904632568,6.349999904632568,6.349999904632568,4.214407920837402,100,0.0,0.0
2013-07-18,6.349999904632568,6.349999904632568,6.349999904632568,6.349999904632568,4.214407920837402,0,0.0,0.0
2013-07-19,6.349999904632568,6.349999904632568,6.349999904632568,6.349999904632568,4.214407920837402,0,0.0,0.0
2013-07-22,6.349999904632568,6.349999904632568,6.349999904632568,6.349999904632568,4.214407920837402,0,0.0,0.0
2013-07-23,6.650000095367432,6.650000095367432,6.650000095367432,6.650000095367432,4.413514137268066,500,0.0,0.0
2013-07-24,6.949999809265137,6.949999809265137,6.449999809265137,6.449999809265137,4.280775547027588,1,0.0,0.0
2013-07-25,6.150000095367432,6.150000095367432,6.150000095367432,6.150000095367432,4.081669807434082,1,0.0,0.0
2013-07-26,6.449999809265137,6.449999809265137,6.449999809265137,6.449999809265137,4.280775547027588,1000,0.0,0.0
2013-07-29,6.449999809265137,6.449999809265137,6.449999809265137,6.449999809265137,4.280775547027588,0,0.0,0.0
2013-07-30,6.300000190734863,6.300000190734863,6.300000190734863,6.300000190734863,4.181222438812256,1000,0.0,0.0
2013-07-31,6.150000095367432,6.150000095367432,6.0,6.150000095367432,4.081669807434082,10000,0.0,0.0
2013-08-01,6.150000095367432,6.150000095367432,6.150000095367432,6.150000095367432,4.081669807434082,0,0.0,0.0
2013-08-02,6.150000095367432,6.150000095367432,6.150000095367432,6.150000095367432,4.081669807434082,0,0.0,0.0
2013-08-05,6.099999904632568,6.25,6.099999904632568,6.099999904632568,4.04848575592041,1100,0.0,0.0
2013-08-06,6.400000095367432,6.400000095367432,6.300000190734863,6.400000095367432,4.247591495513916,5895,0.0,0.0
2013-08-07,6.150000095367432,6.150000095367432,6.099999904632568,6.150000095367432,4.081669807434082,3200,0.0,0.0
2013-08-08,6.150000095367432,6.150000095367432,6.150000095367432,6.150000095367432,4.081669807434082,0,0.0,0.0
2013-08-12,6.150000095367432,6.150000095367432,6.150000095367432,6.150000095367432,4.081669807434082,0,0.0,0.0
2013-08-13,6.199999809265137,6.199999809265137,6.199999809265137,6.199999809265137,4.114853858947754,100,0.0,0.0
2013-08-14,6.199999809265137,6.199999809265137,6.199999809265137,6.199999809265137,4.114853858947754,0,0.0,0.0
2013-08-16,6.5,6.5,6.5,6.5,4.313960075378418,1500,0.0,0.0
2013-08-19,6.599999904632568,6.800000190734863,6.5,6.599999904632568,4.380329132080078,10004,0.0,0.0
2013-08-20,6.900000095367432,6.900000095367432,6.349999904632568,6.900000095367432,4.579435348510742,440,0.0,0.0
2013-08-21,7.199999809265137,7.199999809265137,7.199999809265137,7.199999809265137,4.77854061126709,3926,0.0,0.0
2013-08-22,6.900000095367432,7.550000190734863,6.849999904632568,6.900000095367432,4.579435348510742,5695,0.0,0.0
2013-08-23,7.199999809265137,7.199999809265137,7.199999809265137,7.199999809265137,4.77854061126709,1100,0.0,0.0
2013-08-26,6.75,6.75,6.650000095367432,6.75,5.000798225402832,6360,0.75,0.0
2013-08-27,7.050000190734863,7.050000190734863,7.050000190734863,7.050000190734863,5.223056316375732,1,0.0,0.0
2013-08-28,7.0,7.0,6.699999809265137,7.0,5.1860127449035645,695,0.0,0.0
2013-08-29,6.650000095367432,7.199999809265137,6.650000095367432,6.650000095367432,4.926712512969971,1300,0.0,0.0
2013-08-30,6.650000095367432,6.650000095367432,6.650000095367432,6.650000095367432,4.926712512969971,0,0.0,0.0
2013-09-02,6.650000095367432,6.650000095367432,6.650000095367432,6.650000095367432,4.926712512969971,0,0.0,0.0
2013-09-03,6.349999904632568,6.949999809265137,6.349999904632568,6.349999904632568,4.704455375671387,510,0.0,0.0
2013-09-04,6.199999809265137,6.199999809265137,6.050000190734863,6.199999809265137,4.593326091766357,1080,0.0,0.0
2013-09-05,6.5,6.5,6.5,6.5,4.815583229064941,200,0.0,0.0
2013-09-06,6.199999809265137,6.199999809265137,6.199999809265137,6.199999809265137,4.593326091766357,500,0.0,0.0
2013-09-10,6.5,6.5,6.050000190734863,6.5,4.815583229064941,3929,0.0,0.0
2013-09-11,6.5,6.5,6.5,6.5,4.815583229064941,1500,0.0,0.0
2013-09-12,6.5,6.5,6.300000190734863,6.5,4.815583229064941,601,0.0,0.0
2013-09-13,6.5,6.5,6.5,6.5,4.815583229064941,0,0.0,0.0
2013-09-16,6.25,6.25,6.25,6.25,4.630368709564209,150,0.0,0.0
2013-09-17,6.550000190734863,6.550000190734863,6.25,6.550000190734863,4.852625846862793,501,0.0,0.0
2013-09-18,6.800000190734863,6.849999904632568,6.800000190734863,6.849999904632568,5.074885368347168,311,0.0,0.0
2013-09-19,7.150000095367432,7.150000095367432,6.900000095367432,7.150000095367432,5.297141551971436,1501,0.0,0.0
2013-09-20,7.150000095367432,7.150000095367432,7.150000095367432,7.150000095367432,5.297141551971436,0,0.0,0.0
2013-09-23,7.0,7.0,6.800000190734863,7.0,5.1860127449035645,1201,0.0,0.0
2013-09-24,7.0,7.0,7.0,7.0,5.1860127449035645,0,0.0,0.0
2013-09-25,7.0,7.0,7.0,7.0,5.1860127449035645,0,0.0,0.0
2013-09-26,7.0,7.0,7.0,7.0,5.1860127449035645,0,0.0,0.0
2013-09-27,7.25,7.25,7.0,7.25,5.371228218078613,5000,0.0,0.0
2013-09-30,7.199999809265137,7.199999809265137,7.199999809265137,7.199999809265137,5.334185600280762,1000,0.0,0.0
2013-10-01,6.849999904632568,7.400000095367432,6.849999904632568,6.849999904632568,5.074885368347168,1001,0.0,0.0
2013-10-03,6.75,6.75,6.550000190734863,6.75,5.000798225402832,26,0.0,0.0
2013-10-04,6.599999904632568,6.599999904632568,6.599999904632568,6.599999904632568,4.889669418334961,500,0.0,0.0
2013-10-07,6.800000190734863,6.800000190734863,6.300000190734863,6.800000190734863,5.037841796875,801,0.0,0.0
2013-10-08,7.099999904632568,7.099999904632568,6.550000190734863,7.099999904632568,5.260098934173584,3804,0.0,0.0
2013-10-09,7.449999809265137,7.449999809265137,7.449999809265137,7.449999809265137,5.519399642944336,1197,0.0,0.0
2013-10-10,7.699999809265137,7.699999809265137,7.400000095367432,7.699999809265137,5.704613208770752,1600,0.0,0.0
2013-10-11,7.5,7.75,7.5,7.5,5.556441783905029,14211,0.0,0.0
2013-10-14,7.150000095367432,7.150000095367432,7.150000095367432,7.150000095367432,5.297141551971436,1104,0.0,0.0
2013-10-15,7.5,7.5,7.25,7.5,5.556441783905029,4,0.0,0.0
2013-10-17,7.150000095367432,7.449999809265137,7.150000095367432,7.150000095367432,5.297141551971436,4202,0.0,0.0
2013-10-18,7.150000095367432,7.5,6.800000190734863,7.150000095367432,5.297141551971436,4232,0.0,0.0
2013-10-21,7.400000095367432,7.400000095367432,6.949999809265137,7.400000095367432,5.482357025146484,5500,0.0,0.0
2013-10-22,7.5,7.5,7.099999904632568,7.5,5.556441783905029,5497,0.0,0.0
2013-10-23,7.599999904632568,7.800000190734863,7.199999809265137,7.599999904632568,5.630527973175049,3649,0.0,0.0
2013-10-24,7.75,7.800000190734863,7.25,7.75,5.741657733917236,260,0.0,0.0
2013-10-25,7.400000095367432,7.400000095367432,7.400000095367432,7.400000095367432,5.482357025146484,2490,0.0,0.0
2013-10-28,7.550000190734863,7.550000190734863,7.050000190734863,7.550000190734863,5.593486309051514,6201,0.0,0.0
2013-10-29,7.550000190734863,7.550000190734863,7.550000190734863,7.550000190734863,5.593486309051514,2000,0.0,0.0
2013-10-30,7.199999809265137,7.25,7.199999809265137,7.199999809265137,5.334185600280762,800,0.0,0.0
2013-10-31,7.449999809265137,7.550000190734863,7.099999904632568,7.449999809265137,5.519399642944336,5070,0.0,0.0
2013-11-01,7.150000095367432,7.150000095367432,7.150000095367432,7.150000095367432,5.297141551971436,4250,0.0,0.0
2013-11-05,7.150000095367432,7.5,7.150000095367432,7.150000095367432,5.297141551971436,1505,0.0,0.0
2013-11-06,7.150000095367432,7.150000095367432,7.150000095367432,7.150000095367432,5.297141551971436,700,0.0,0.0
2013-11-07,7.5,7.5,7.5,7.5,5.556441783905029,4000,0.0,0.0
2013-11-08,7.75,7.75,7.25,7.75,5.741657733917236,2301,0.0,0.0
2013-11-11,7.400000095367432,7.400000095367432,7.400000095367432,7.400000095367432,5.482357025146484,10,0.0,0.0
2013-11-12,7.25,7.25,7.25,7.25,5.371228218078613,494,0.0,0.0
2013-11-13,7.599999904632568,7.599999904632568,7.599999904632568,7.599999904632568,5.630527973175049,2700,0.0,0.0
2013-11-14,7.949999809265137,7.949999809265137,7.949999809265137,7.949999809265137,5.889829158782959,5643,0.0,0.0
2013-11-18,8.25,8.25,7.75,8.25,6.112087726593018,3100,0.0,0.0
2013-11-19,7.900000095367432,8.649999618530273,7.849999904632568,7.900000095367432,5.852785587310791,1998,0.0,0.0
2013-11-20,8.0,8.199999809265137,7.849999904632568,8.0,5.9268717765808105,3656,0.0,0.0
2013-11-21,7.900000095367432,8.199999809265137,7.650000095367432,7.900000095367432,5.852785587310791,10223,0.0,0.0
2013-11-22,7.900000095367432,8.0,7.650000095367432,7.900000095367432,5.852785587310791,6800,0.0,0.0
2013-11-25,8.0,8.0,7.650000095367432,8.0,5.9268717765808105,2869,0.0,0.0
2013-11-26,8.0,8.0,7.75,8.0,5.9268717765808105,5140,0.0,0.0
2013-11-27,7.800000190734863,8.0,7.800000190734863,7.800000190734863,5.778700828552246,4249,0.0,0.0
2013-11-28,7.5,8.050000190734863,7.5,7.5,5.556441783905029,9500,0.0,0.0
2013-11-29,7.5,7.800000190734863,7.5,7.5,5.556441783905029,1644,0.0,0.0
2013-12-02,7.5,7.849999904632568,7.5,7.5,5.556441783905029,1555,0.0,0.0
2013-12-03,7.699999809265137,7.800000190734863,7.699999809265137,7.800000190734863,5.778700828552246,34,0.0,0.0
2013-12-04,7.650000095367432,7.800000190734863,7.650000095367432,7.650000095367432,5.667572021484375,2100,0.0,0.0
2013-12-05,7.650000095367432,7.949999809265137,7.650000095367432,7.650000095367432,5.667572021484375,349,0.0,0.0
2013-12-06,7.650000095367432,8.0,7.650000095367432,7.650000095367432,5.667572021484375,172,0.0,0.0
2013-12-09,8.0,8.0,7.599999904632568,8.0,5.9268717765808105,4848,0.0,0.0
2013-12-10,8.100000381469727,8.350000381469727,8.100000381469727,8.100000381469727,6.000958442687988,6699,0.0,0.0
2013-12-11,8.0,8.100000381469727,8.0,8.0,5.9268717765808105,605,0.0,0.0
2013-12-12,8.199999809265137,8.399999618530273,8.199999809265137,8.199999809265137,6.075043678283691,14461,0.0,0.0
2013-12-13,8.5,8.5,7.849999904632568,8.5,6.297301769256592,1424,0.0,0.0
2013-12-16,8.5,8.550000190734863,8.100000381469727,8.5,6.297301769256592,4624,0.0,0.0
2013-12-17,8.5,8.600000381469727,8.5,8.5,6.297301769256592,5135,0.0,0.0
2013-12-18,8.899999618530273,8.899999618530273,8.899999618530273,8.899999618530273,6.5936455726623535,21813,0.0,0.0
2013-12-19,9.300000190734863,9.300000190734863,9.25,9.300000190734863,6.889989852905273,21073,0.0,0.0
2013-12-20,9.75,9.75,9.5,9.75,7.223375797271728,83748,0.0,0.0
2013-12-23,9.699999809265137,10.199999809265137,9.699999809265137,9.699999809265137,7.186331272125244,15605,0.0,0.0
2013-12-24,10.149999618530272,10.149999618530272,9.800000190734863,10.149999618530272,7.519718647003174,97847,0.0,0.0
2013-12-26,10.300000190734863,10.649999618530272,10.300000190734863,10.300000190734863,7.630848884582519,23346,0.0,0.0
2013-12-27,10.350000381469728,10.350000381469728,10.300000190734863,10.350000381469728,7.667891025543213,4825,0.0,0.0
2013-12-30,10.350000381469728,10.350000381469728,10.350000381469728,10.350000381469728,7.667891025543213,2100,0.0,0.0
2013-12-31,10.600000381469728,10.600000381469728,10.199999809265137,10.600000381469728,7.853105068206787,12011,0.0,0.0
2014-01-01,10.100000381469728,10.5,10.100000381469728,10.100000381469728,7.482676982879639,5012,0.0,0.0
2014-01-02,9.800000190734863,9.800000190734863,9.699999809265137,9.800000190734863,7.260417938232422,2011,0.0,0.0
2014-01-03,9.800000190734863,9.800000190734863,9.800000190734863,9.800000190734863,7.260417938232422,0,0.0,0.0
2014-01-06,9.399999618530272,9.5,9.399999618530272,9.399999618530272,6.964075088500977,1261,0.0,0.0
2014-01-07,9.100000381469728,9.100000381469728,9.100000381469728,9.100000381469728,6.741817951202393,1000,0.0,0.0
2014-01-08,9.550000190734863,9.550000190734863,9.199999809265137,9.550000190734863,7.075204849243164,14948,0.0,0.0
2014-01-09,10.0,10.0,9.550000190734863,10.0,7.408591270446777,5100,0.0,0.0
2014-01-10,9.699999809265137,9.699999809265137,9.699999809265137,9.699999809265137,7.186331272125244,20,0.0,0.0
2014-01-13,9.949999809265137,10.149999618530272,9.350000381469728,10.149999618530272,7.519718647003174,17946,0.0,0.0
2014-01-14,9.649999618530272,10.25,9.649999618530272,9.800000190734863,7.260417938232422,1703,0.0,0.0
2014-01-15,9.5,9.949999809265137,9.350000381469728,9.949999809265137,7.371547222137451,1500,0.0,0.0
2014-01-16,9.550000190734863,9.949999809265137,9.5,9.5,7.038161277770996,5502,0.0,0.0
2014-01-17,9.800000190734863,9.800000190734863,9.050000190734863,9.199999809265137,6.8159027099609375,2826,0.0,0.0
2014-01-20,9.600000381469728,9.649999618530272,8.75,9.25,6.852944850921631,3408,0.0,0.0
2014-01-21,9.300000190734863,9.300000190734863,8.800000190734863,8.850000381469727,6.556602478027344,2525,0.0,0.0
2014-01-22,8.850000381469727,8.899999618530273,8.550000190734863,8.699999809265137,6.445474147796631,7498,0.0,0.0
2014-01-23,8.399999618530273,8.850000381469727,8.399999618530273,8.550000190734863,6.334344387054443,1352,0.0,0.0
2014-01-24,8.149999618530273,8.949999809265137,8.149999618530273,8.949999809265137,6.630687713623047,3508,0.0,0.0
2014-01-27,8.550000190734863,8.899999618530273,8.550000190734863,8.649999618530273,6.408431529998779,742,0.0,0.0
2014-01-28,8.949999809265137,8.949999809265137,8.600000381469727,8.600000381469727,6.371387958526611,134,0.0,0.0
2014-01-29,8.25,8.949999809265137,8.25,8.649999618530273,6.408431529998779,2336,0.0,0.0
2014-01-30,8.800000190734863,9.050000190734863,8.350000381469727,8.899999618530273,6.5936455726623535,2212,0.0,0.0
2014-01-31,8.550000190734863,9.0,8.5,8.850000381469727,6.556602478027344,2196,0.0,0.0
2014-02-03,9.0,9.0,8.449999809265137,8.5,6.297301769256592,1512,0.0,0.0
2014-02-04,8.850000381469727,8.850000381469727,8.25,8.5,6.297301769256592,142,0.0,0.0
2014-02-05,8.5,8.899999618530273,8.5,8.550000190734863,6.334344387054443,3616,0.0,0.0
2014-02-06,8.5,8.5,8.5,8.5,6.297301769256592,129,0.0,0.0
2014-02-07,8.5,8.850000381469727,8.5,8.550000190734863,6.334344387054443,1665,0.0,0.0
2014-02-10,8.550000190734863,8.550000190734863,8.550000190734863,8.550000190734863,6.334344387054443,500,0.0,0.0
2014-02-11,8.550000190734863,8.949999809265137,8.550000190734863,8.800000190734863,6.519559860229492,1111,0.0,0.0
2014-02-12,8.800000190734863,8.949999809265137,8.5,8.5,6.297301769256592,4802,0.0,0.0
2014-02-13,8.899999618530273,8.899999618530273,8.300000190734863,8.649999618530273,6.408431529998779,3600,0.0,0.0
2014-02-14,8.649999618530273,9.050000190734863,8.649999618530273,9.050000190734863,6.704774379730225,3003,0.0,0.0
2014-02-17,8.600000381469727,8.699999809265137,8.600000381469727,8.600000381469727,6.371387958526611,1010,0.0,0.0
2014-02-18,8.850000381469727,9.0,8.199999809265137,8.649999618530273,6.408431529998779,2684,0.0,0.0
2014-02-19,8.899999618530273,8.949999809265137,8.800000190734863,8.899999618530273,6.5936455726623535,27192,0.0,0.0
2014-02-20,9.300000190734863,9.300000190734863,8.5,8.550000190734863,6.334344387054443,1152,0.0,0.0
2014-02-21,8.149999618530273,8.600000381469727,8.149999618530273,8.25,6.112087726593018,13375,0.0,0.0
2014-02-24,8.050000190734863,8.399999618530273,8.050000190734863,8.399999618530273,6.223215103149414,1009,0.0,0.0
2014-02-25,8.600000381469727,8.600000381469727,8.0,8.399999618530273,6.223215103149414,14855,0.0,0.0
2014-02-26,8.050000190734863,8.399999618530273,8.050000190734863,8.100000381469727,6.000958442687988,1060,0.0,0.0
2014-02-28,8.050000190734863,8.149999618530273,7.800000190734863,8.050000190734863,5.963915824890137,5140,0.0,0.0
2014-03-03,8.149999618530273,8.149999618530273,7.699999809265137,7.949999809265137,5.889829158782959,8383,0.0,0.0
2014-03-04,7.75,8.100000381469727,7.75,8.0,5.9268717765808105,1366,0.0,0.0
2014-03-05,8.0,8.399999618530273,7.849999904632568,8.0,5.9268717765808105,4173,0.0,0.0
2014-03-06,8.0,8.399999618530273,8.0,8.100000381469727,6.000958442687988,5719,0.0,0.0
2014-03-07,8.399999618530273,8.850000381469727,8.350000381469727,8.449999809265137,6.260259628295898,1613,0.0,0.0
2014-03-10,7.900000095367432,8.449999809265137,7.849999904632568,8.100000381469727,6.000958442687988,2301,0.0,0.0
2014-03-11,8.100000381469727,8.600000381469727,8.100000381469727,8.600000381469727,6.371387958526611,65,0.0,0.0
2014-03-12,8.300000190734863,8.600000381469727,8.050000190734863,8.100000381469727,6.000958442687988,600,0.0,0.0
2014-03-13,8.100000381469727,8.100000381469727,7.900000095367432,8.0,5.9268717765808105,3105,0.0,0.0
2014-03-14,8.449999809265137,8.5,8.449999809265137,8.5,6.297301769256592,2000,0.0,0.0
2014-03-18,8.800000190734863,8.800000190734863,8.0,8.0,5.9268717765808105,3610,0.0,0.0
2014-03-19,7.949999809265137,8.350000381469727,7.949999809265137,8.0,5.9268717765808105,4018,0.0,0.0
2014-03-20,7.900000095367432,8.5,7.900000095367432,8.5,6.297301769256592,5771,0.0,0.0
2014-03-21,8.100000381469727,9.350000381469728,8.100000381469727,8.899999618530273,6.5936455726623535,5993,0.0,0.0
2014-03-24,8.850000381469727,8.899999618530273,8.100000381469727,8.100000381469727,6.000958442687988,4223,0.0,0.0
2014-03-25,8.149999618530273,8.5,8.149999618530273,8.350000381469727,6.186172962188721,4024,0.0,0.0
2014-03-26,8.5,8.699999809265137,8.199999809265137,8.25,6.112087726593018,8616,0.0,0.0
2014-03-27,8.300000190734863,8.800000190734863,8.25,8.75,6.482516765594482,36862,0.0,0.0
2014-03-28,8.800000190734863,8.800000190734863,8.0,8.350000381469727,6.186172962188721,5476,0.0,0.0
2014-03-31,8.199999809265137,8.899999618530273,8.199999809265137,8.5,6.297301769256592,8350,0.0,0.0
2014-04-01,9.199999809265137,9.199999809265137,8.350000381469727,8.600000381469727,6.371387958526611,3813,0.0,0.0
2014-04-02,8.300000190734863,9.199999809265137,8.300000190734863,8.899999618530273,6.5936455726623535,6710,0.0,0.0
2014-04-03,8.699999809265137,8.75,8.399999618530273,8.75,6.482516765594482,1530,0.0,0.0
2014-04-04,8.5,8.899999618530273,8.449999809265137,8.449999809265137,6.260259628295898,3120,0.0,0.0
2014-04-07,9.0,9.25,9.0,9.25,6.852944850921631,33650,0.0,0.0
2014-04-09,9.800000190734863,10.149999618530272,9.25,9.899999618530272,7.3345046043396,49073,0.0,0.0
2014-04-10,10.800000190734863,10.800000190734863,9.75,9.850000381469728,7.29746150970459,7093,0.0,0.0
2014-04-11,9.899999618530272,10.0,9.350000381469728,9.899999618530272,7.3345046043396,3711,0.0,0.0
2014-04-15,9.050000190734863,9.350000381469728,9.050000190734863,9.300000190734863,6.889989852905273,4952,0.0,0.0
2014-04-16,8.800000190734863,10.199999809265137,8.800000190734863,10.100000381469728,7.482676982879639,42255,0.0,0.0
2014-04-17,9.5,10.399999618530272,9.5,10.0,7.408591270446777,16592,0.0,0.0
2014-04-21,9.0,11.0,9.0,10.949999809265137,8.112406730651855,29381,0.0,0.0
2014-04-22,10.350000381469728,12.0,10.350000381469728,11.649999618530272,8.63100814819336,53081,0.0,0.0
2014-04-23,11.649999618530272,12.75,11.149999618530272,12.449999809265137,9.22369384765625,88713,0.0,0.0
2014-04-24,12.449999809265137,12.449999809265137,12.449999809265137,12.449999809265137,9.22369384765625,0,0.0,0.0
2014-04-25,12.199999809265137,13.0,12.0,12.100000381469728,8.964393615722656,63895,0.0,0.0
2014-04-28,12.600000381469728,12.600000381469728,11.899999618530272,12.0,8.890308380126953,18448,0.0,0.0
2014-04-29,12.0,12.0,11.800000190734863,11.800000190734863,8.742136001586914,7674,0.0,0.0
2014-04-30,12.0,12.0,11.25,11.25,8.33466625213623,12716,0.0,0.0
2014-05-02,11.0,11.0,10.699999809265137,10.699999809265137,7.927191257476807,4303,0.0,0.0
2014-05-05,10.5,10.5,10.199999809265137,10.199999809265137,7.556762218475342,4533,0.0,0.0
2014-05-06,9.699999809265137,10.100000381469728,9.699999809265137,10.050000190734863,7.445633411407471,3571,0.0,0.0
2014-05-07,10.0,10.0,9.550000190734863,10.0,7.408591270446777,11526,0.0,0.0
2014-05-08,10.149999618530272,10.149999618530272,9.649999618530272,9.949999809265137,7.371547222137451,1152,0.0,0.0
2014-05-09,10.399999618530272,10.399999618530272,10.0,10.050000190734863,7.445633411407471,8450,0.0,0.0
2014-05-12,10.449999809265137,10.449999809265137,9.800000190734863,9.949999809265137,7.371547222137451,15450,0.0,0.0
2014-05-13,10.350000381469728,10.399999618530272,9.649999618530272,10.399999618530272,7.704933643341064,16879,0.0,0.0
2014-05-14,10.399999618530272,10.899999618530272,9.899999618530272,10.399999618530272,7.704933643341064,18926,0.0,0.0
2014-05-15,10.850000381469728,10.850000381469728,10.100000381469728,10.300000190734863,7.630848884582519,14927,0.0,0.0
2014-05-16,10.0,10.800000190734863,10.0,10.800000190734863,8.001277923583984,34878,0.0,0.0
2014-05-19,10.800000190734863,11.300000190734863,10.449999809265137,11.300000190734863,8.37170696258545,21537,0.0,0.0
2014-05-20,11.0,11.850000381469728,11.0,11.649999618530272,8.63100814819336,15507,0.0,0.0
2014-05-21,11.25,11.899999618530272,11.25,11.5,8.519877433776855,6768,0.0,0.0
2014-05-22,11.949999809265137,12.050000190734863,11.300000190734863,12.050000190734863,8.927350044250488,40943,0.0,0.0
2014-05-23,12.649999618530272,12.649999618530272,11.5,12.5,9.260737419128418,42411,0.0,0.0
2014-05-26,12.5,13.0,11.899999618530272,11.899999618530272,8.816222190856934,36044,0.0,0.0
2014-05-27,11.5,11.75,11.350000381469728,11.350000381469728,8.408750534057617,9613,0.0,0.0
2014-05-28,11.300000190734863,11.649999618530272,10.800000190734863,11.5,8.519877433776855,25519,0.0,0.0
2014-05-29,11.5,11.699999809265137,11.350000381469728,11.350000381469728,8.408750534057617,9885,0.0,0.0
2014-05-30,11.800000190734863,11.899999618530272,11.050000190734863,11.850000381469728,8.779179573059082,39931,0.0,0.0
2014-06-02,11.449999809265137,11.899999618530272,11.449999809265137,11.600000381469728,8.593965530395508,30439,0.0,0.0
2014-06-03,12.0,12.149999618530272,11.25,11.800000190734863,8.742136001586914,10220,0.0,0.0
2014-06-04,11.949999809265137,12.0,11.5,11.850000381469728,8.779179573059082,9664,0.0,0.0
2014-06-05,11.5,12.399999618530272,11.399999618530272,12.399999618530272,9.186652183532717,36119,0.0,0.0
2014-06-06,12.949999809265137,13.0,12.149999618530272,12.75,9.445953369140623,18426,0.0,0.0
2014-06-09,13.300000190734863,13.300000190734863,12.600000381469728,12.800000190734863,9.482996940612791,15786,0.0,0.0
2014-06-10,12.350000381469728,13.399999618530272,12.25,13.300000190734863,9.85342502593994,31425,0.0,0.0
2014-06-11,12.800000190734863,13.949999809265137,12.699999809265137,13.649999618530272,10.112726211547852,44727,0.0,0.0
2014-06-12,13.350000381469728,14.0,13.350000381469728,13.949999809265137,10.334982872009276,13118,0.0,0.0
2014-06-13,14.25,14.5,13.300000190734863,14.199999809265137,10.520197868347168,88678,0.0,0.0
2014-06-16,13.800000190734863,13.949999809265137,13.699999809265137,13.699999809265137,10.149770736694336,5748,0.0,0.0
2014-06-17,13.600000381469728,14.0,13.300000190734863,13.350000381469728,9.890467643737791,17446,0.0,0.0
2014-06-18,13.850000381469728,13.850000381469728,13.149999618530272,13.25,9.816381454467772,13019,0.0,0.0
2014-06-19,13.649999618530272,13.75,13.350000381469728,13.550000190734863,10.038640022277832,158161,0.0,0.0
2014-06-20,13.149999618530272,13.949999809265137,13.149999618530272,13.199999809265137,9.779338836669922,19219,0.0,0.0
2014-06-23,13.699999809265137,13.699999809265137,13.149999618530272,13.399999618530272,9.927510261535645,38173,0.0,0.0
2014-06-24,13.5,13.5,12.899999618530272,13.350000381469728,9.890467643737791,8402,0.0,0.0
2014-06-25,13.699999809265137,13.699999809265137,13.0,13.300000190734863,9.85342502593994,40771,0.0,0.0
2014-06-26,13.300000190734863,13.300000190734863,13.050000190734863,13.199999809265137,9.779338836669922,18535,0.0,0.0
2014-06-27,13.0,13.399999618530272,12.800000190734863,12.949999809265137,9.594122886657717,21545,0.0,0.0
2014-06-30,13.350000381469728,13.550000190734863,12.600000381469728,13.300000190734863,9.85342502593994,35978,0.0,0.0
2014-07-01,13.75,13.899999618530272,12.949999809265137,13.100000381469728,9.705251693725586,13658,0.0,0.0
2014-07-02,13.600000381469728,13.600000381469728,12.949999809265137,13.100000381469728,9.705251693725586,11526,0.0,0.0
2014-07-03,13.5,13.5,12.850000381469728,13.100000381469728,9.705251693725586,5900,0.0,0.0
2014-07-04,13.0,13.100000381469728,12.699999809265137,12.949999809265137,9.594122886657717,2967,0.0,0.0
2014-07-07,13.199999809265137,13.350000381469728,12.850000381469728,13.100000381469728,9.705251693725586,7412,0.0,0.0
2014-07-08,13.050000190734863,13.5,12.699999809265137,12.800000190734863,9.482996940612791,10816,0.0,0.0
2014-07-09,12.949999809265137,12.949999809265137,12.0,12.75,9.445953369140623,87500,0.0,0.0
2014-07-10,13.25,13.25,12.050000190734863,12.5,9.260737419128418,18014,0.0,0.0
2014-07-11,12.75,12.75,11.699999809265137,11.699999809265137,8.668048858642578,4569,0.0,0.0
2014-07-14,11.800000190734863,12.850000381469728,11.050000190734863,12.550000190734863,9.297781944274902,14808,0.0,0.0
2014-07-15,12.699999809265137,12.699999809265137,12.0,12.050000190734863,8.927350044250488,6415,0.0,0.0
2014-07-16,12.800000190734863,12.800000190734863,12.100000381469728,12.300000190734863,9.112567901611328,14450,0.0,0.0
2014-07-17,12.199999809265137,12.449999809265137,11.800000190734863,12.0,8.890308380126953,11847,0.0,0.0
2014-07-18,11.600000381469728,12.649999618530272,11.550000190734863,11.899999618530272,8.816222190856934,19500,0.0,0.0
2014-07-21,12.949999809265137,12.949999809265137,11.550000190734863,12.25,9.075523376464844,11004,0.0,0.0
2014-07-22,13.449999809265137,13.449999809265137,12.0,12.0,8.890308380126953,7819,0.0,0.0
2014-07-23,12.0,12.0,11.300000190734863,11.949999809265137,8.853263854980469,9535,0.0,0.0
2014-07-24,10.800000190734863,12.25,10.800000190734863,11.300000190734863,8.37170696258545,5420,0.0,0.0
2014-07-25,12.25,12.25,11.199999809265137,11.600000381469728,8.593965530395508,6278,0.0,0.0
2014-07-28,12.75,12.75,10.850000381469728,10.850000381469728,8.038321495056152,22903,0.0,0.0
2014-07-30,10.649999618530272,11.0,10.649999618530272,10.899999618530272,8.075363159179688,3801,0.0,0.0
2014-07-31,11.850000381469728,11.850000381469728,10.300000190734863,10.649999618530272,7.890148639678955,5465,0.0,0.0
2014-08-01,10.699999809265137,11.0,10.149999618530272,10.199999809265137,7.556762218475342,32270,0.0,0.0
2014-08-04,11.199999809265137,11.199999809265137,9.350000381469728,11.100000381469728,8.223536491394043,15756,0.0,0.0
2014-08-05,10.899999618530272,12.0,10.75,11.899999618530272,8.816222190856934,20660,0.0,0.0
2014-08-06,11.550000190734863,12.350000381469728,11.550000190734863,11.899999618530272,8.816222190856934,30529,0.0,0.0
2014-08-07,12.100000381469728,12.449999809265137,11.25,12.0,8.890308380126953,13170,0.0,0.0
2014-08-08,11.800000190734863,12.850000381469728,11.350000381469728,11.75,8.705093383789062,4852,0.0,0.0
2014-08-11,11.5,12.0,10.850000381469728,11.449999809265137,8.482834815979004,3645,0.0,0.0
2014-08-12,12.449999809265137,12.449999809265137,11.649999618530272,11.850000381469728,8.779179573059082,107085,0.0,0.0
2014-08-13,11.850000381469728,12.199999809265137,11.75,12.199999809265137,9.038479804992676,117005,0.0,0.0
2014-08-14,11.75,12.399999618530272,11.199999809265137,11.949999809265137,8.853263854980469,5213,0.0,0.0
2014-08-18,12.149999618530272,12.449999809265137,11.899999618530272,12.199999809265137,9.038479804992676,5364,0.0,0.0
2014-08-19,13.899999618530272,13.899999618530272,12.300000190734863,12.5,9.260737419128418,18810,0.0,0.0
2014-08-20,12.5,13.449999809265137,12.5,13.0,9.631166458129885,6302,0.0,0.0
2014-08-21,13.399999618530272,13.399999618530272,12.25,12.5,9.260737419128418,15409,0.0,0.0
2014-08-22,13.399999618530272,13.399999618530272,12.550000190734863,13.050000190734863,9.668210983276367,6003,0.0,0.0
2014-08-25,13.199999809265137,13.899999618530272,12.75,13.0,10.430434226989746,23637,1.0,0.0
2014-08-26,12.800000190734863,13.399999618530272,12.399999618530272,12.800000190734863,10.26996612548828,11281,0.0,0.0
2014-08-27,15.350000381469728,15.350000381469728,12.149999618530272,12.449999809265137,9.989145278930664,9496,0.0,0.0
2014-08-28,13.0,13.0,12.5,12.5,10.029264450073242,13201,0.0,0.0
2014-09-01,12.949999809265137,13.0,12.5,12.75,10.229849815368652,19431,0.0,0.0
2014-09-02,15.300000190734863,15.300000190734863,12.75,15.100000381469728,12.115349769592283,94394,0.0,0.0
2014-09-03,16.850000381469727,16.850000381469727,14.100000381469728,14.699999809265137,11.794413566589355,35287,0.0,0.0
2014-09-04,14.899999618530272,14.899999618530272,13.850000381469728,14.149999618530272,11.353126525878906,22719,0.0,0.0
2014-09-05,14.0,14.5,13.300000190734863,13.600000381469728,10.911839485168455,6353,0.0,0.0
2014-09-08,13.649999618530272,15.699999809265137,13.0,14.25,11.43336009979248,17106,0.0,0.0
2014-09-09,14.5,15.5,14.449999809265137,15.350000381469728,12.315936088562012,37514,0.0,0.0
2014-09-10,16.200000762939453,16.200000762939453,14.600000381469728,14.850000381469728,11.914767265319824,23841,0.0,0.0
2014-09-11,15.5,15.5,14.949999809265137,15.100000381469728,12.115349769592283,12651,0.0,0.0
2014-09-12,16.100000381469727,16.100000381469727,14.100000381469728,15.0,12.035114288330078,12522,0.0,0.0
2014-09-15,14.149999618530272,15.0,14.149999618530272,15.0,12.035114288330078,7655,0.0,0.0
2014-09-16,16.950000762939453,16.950000762939453,14.0,14.350000381469728,11.513594627380373,9472,0.0,0.0
2014-09-17,14.5,14.5,13.699999809265137,14.0,11.232775688171388,5362,0.0,0.0
2014-09-18,14.5,15.449999809265137,13.850000381469728,15.0,12.035114288330078,11550,0.0,0.0
2014-09-19,14.600000381469728,14.800000190734863,13.25,14.050000190734863,11.272892951965332,14806,0.0,0.0
2014-09-22,13.800000190734863,15.449999809265137,13.649999618530272,14.899999618530272,11.95488166809082,18684,0.0,0.0
2014-09-23,14.600000381469728,14.699999809265137,13.25,13.899999618530272,11.152539253234863,21199,0.0,0.0
2014-09-24,13.699999809265137,14.25,13.449999809265137,13.649999618530272,10.95195484161377,3833,0.0,0.0
2014-09-25,13.550000190734863,13.800000190734863,12.800000190734863,13.25,10.631019592285156,4407,0.0,0.0
2014-09-26,13.0,13.0,12.75,12.949999809265137,10.3903169631958,4875,0.0,0.0
2014-09-29,12.899999618530272,13.649999618530272,12.100000381469728,13.300000190734863,10.671136856079102,6854,0.0,0.0
2014-09-30,13.0,13.5,12.699999809265137,13.300000190734863,10.671136856079102,13966,0.0,0.0
2014-10-01,13.350000381469728,13.350000381469728,12.75,12.949999809265137,10.3903169631958,2138,0.0,0.0
2014-10-07,13.649999618530272,13.649999618530272,12.850000381469728,13.0,10.430434226989746,3893,0.0,0.0
2014-10-08,14.300000190734863,14.300000190734863,12.550000190734863,12.949999809265137,10.3903169631958,3172,0.0,0.0
2014-10-09,13.5,13.5,12.899999618530272,13.050000190734863,10.470552444458008,6184,0.0,0.0
2014-10-10,13.199999809265137,13.5,13.199999809265137,13.449999809265137,10.791484832763672,2808,0.0,0.0
2014-10-13,14.649999618530272,14.649999618530272,13.0,13.100000381469728,10.510669708251951,2914,0.0,0.0
2014-10-14,13.0,13.5,12.199999809265137,13.449999809265137,10.791484832763672,1369,0.0,0.0
2014-10-15,13.449999809265137,13.449999809265137,13.449999809265137,13.449999809265137,10.791484832763672,0,0.0,0.0
2014-10-16,14.75,14.75,12.550000190734863,12.949999809265137,10.3903169631958,6888,0.0,0.0
2014-10-17,12.949999809265137,13.399999618530272,12.25,12.649999618530272,10.149615287780762,731,0.0,0.0
2014-10-20,14.899999618530272,14.899999618530272,11.0,11.949999809265137,9.587974548339844,17466,0.0,0.0
2014-10-21,13.899999618530272,13.899999618530272,11.449999809265137,12.149999618530272,9.748443603515623,2273,0.0,0.0
2014-10-22,13.0,13.0,11.949999809265137,12.0,9.628092765808104,3022,0.0,0.0
2014-10-27,12.5,13.0,12.050000190734863,12.949999809265137,10.3903169631958,6467,0.0,0.0
2014-10-28,12.899999618530272,12.899999618530272,12.0,12.25,9.828676223754885,7782,0.0,0.0
2014-10-29,13.399999618530272,13.449999809265137,12.25,12.949999809265137,10.3903169631958,7670,0.0,0.0
2014-10-30,15.5,15.5,12.399999618530272,12.550000190734863,10.069380760192873,10864,0.0,0.0
2014-10-31,13.550000190734863,13.600000381469728,12.0,12.699999809265137,10.189732551574709,66295,0.0,0.0
2014-11-03,12.5,13.449999809265137,12.149999618530272,12.649999618530272,10.149615287780762,6997,0.0,0.0
2014-11-05,12.850000381469728,12.850000381469728,12.449999809265137,12.800000190734863,10.26996612548828,11433,0.0,0.0
2014-11-07,13.0,13.449999809265137,12.5,13.25,10.631019592285156,6803,0.0,0.0
2014-11-10,13.0,13.0,12.399999618530272,12.600000381469728,10.109498977661133,8592,0.0,0.0
2014-11-11,12.75,12.949999809265137,12.5,12.75,10.229849815368652,5254,0.0,0.0
2014-11-12,13.399999618530272,13.399999618530272,12.399999618530272,12.800000190734863,10.26996612548828,10509,0.0,0.0
2014-11-13,12.600000381469728,12.899999618530272,12.399999618530272,12.550000190734863,10.069380760192873,206,0.0,0.0
2014-11-14,13.0,13.0,12.050000190734863,12.350000381469728,9.908913612365724,3161,0.0,0.0
2014-11-17,12.449999809265137,12.800000190734863,12.100000381469728,12.75,10.229849815368652,5251,0.0,0.0
2014-11-18,12.5,12.949999809265137,12.149999618530272,12.899999618530272,10.350199699401855,5756,0.0,0.0
2014-11-19,13.0,13.350000381469728,12.449999809265137,12.949999809265137,10.3903169631958,85938,0.0,0.0
2014-11-20,12.699999809265137,14.399999618530272,12.600000381469728,12.899999618530272,10.350199699401855,2471,0.0,0.0
2014-11-21,13.0,13.5,12.699999809265137,13.199999809265137,10.590902328491213,11220,0.0,0.0
2014-11-24,13.449999809265137,14.300000190734863,13.0,13.800000190734863,11.072308540344238,48627,0.0,0.0
2014-11-25,13.699999809265137,14.350000381469728,13.050000190734863,14.050000190734863,11.272892951965332,16220,0.0,0.0
2014-11-26,14.199999809265137,14.199999809265137,13.149999618530272,13.75,11.032187461853027,55494,0.0,0.0
2014-11-27,13.600000381469728,13.600000381469728,13.100000381469728,13.199999809265137,10.590902328491213,6513,0.0,0.0
2014-11-28,14.199999809265137,14.899999618530272,13.600000381469728,14.0,11.232775688171388,47721,0.0,0.0
2014-12-01,13.699999809265137,14.5,13.100000381469728,14.149999618530272,11.353126525878906,10244,0.0,0.0
2014-12-02,14.0,14.0,13.199999809265137,13.550000190734863,10.871723175048828,1203,0.0,0.0
2014-12-03,14.149999618530272,14.199999809265137,13.449999809265137,14.0,11.232775688171388,3198,0.0,0.0
2014-12-04,14.699999809265137,14.699999809265137,13.550000190734863,13.75,11.032187461853027,5053,0.0,0.0
2014-12-05,13.75,14.25,13.600000381469728,13.800000190734863,11.072308540344238,15347,0.0,0.0
2014-12-08,13.899999618530272,14.0,13.5,13.949999809265137,11.192657470703123,3698,0.0,0.0
2014-12-09,13.949999809265137,13.949999809265137,13.949999809265137,13.949999809265137,11.192657470703123,0,0.0,0.0
2014-12-10,13.399999618530272,13.949999809265137,12.800000190734863,13.699999809265137,10.992072105407717,9901,0.0,0.0
2014-12-11,14.100000381469728,14.100000381469728,13.25,13.899999618530272,11.152539253234863,4080,0.0,0.0
2014-12-12,13.800000190734863,14.5,13.300000190734863,13.949999809265137,11.192657470703123,39506,0.0,0.0
2014-12-15,13.800000190734863,13.800000190734863,13.350000381469728,13.5,10.83160400390625,5906,0.0,0.0
2014-12-16,13.949999809265137,13.949999809265137,13.0,13.5,10.83160400390625,12356,0.0,0.0
2014-12-17,13.399999618530272,13.800000190734863,13.149999618530272,13.199999809265137,10.590902328491213,7279,0.0,0.0
2014-12-18,14.0,15.699999809265137,13.75,14.199999809265137,11.393242835998535,12557,0.0,0.0
2014-12-19,13.899999618530272,15.0,13.5,14.350000381469728,11.513594627380373,11147,0.0,0.0
2014-12-22,14.0,14.5,13.949999809265137,14.399999618530272,11.553712844848633,9413,0.0,0.0
2014-12-23,14.5,14.5,14.100000381469728,14.300000190734863,11.473477363586426,6395,0.0,0.0
2014-12-24,14.050000190734863,14.5,14.050000190734863,14.5,11.633944511413574,4364,0.0,0.0
2014-12-26,14.199999809265137,14.649999618530272,13.600000381469728,14.449999809265137,11.593829154968262,10289,0.0,0.0
2014-12-29,14.199999809265137,14.600000381469728,14.0,14.300000190734863,11.473477363586426,7568,0.0,0.0
2014-12-30,14.199999809265137,14.199999809265137,13.399999618530272,13.649999618530272,10.95195484161377,60006,0.0,0.0
2014-12-31,13.5,15.0,13.300000190734863,14.449999809265137,11.593829154968262,146340,0.0,0.0
2015-01-01,14.199999809265137,14.5,13.399999618530272,14.399999618530272,11.553712844848633,11696,0.0,0.0
2015-01-02,14.600000381469728,15.5,13.800000190734863,15.25,12.235699653625488,71105,0.0,0.0
2015-01-05,15.199999809265137,16.450000762939453,15.199999809265137,15.5,12.436285972595217,37742,0.0,0.0
2015-01-06,16.0,16.149999618530273,14.949999809265137,15.149999618530272,12.15546703338623,7948,0.0,0.0
2015-01-07,14.899999618530272,15.399999618530272,14.199999809265137,14.949999809265137,11.994998931884766,1446,0.0,0.0
2015-01-08,15.0,15.0,14.100000381469728,14.699999809265137,11.794413566589355,4232,0.0,0.0
2015-01-09,15.449999809265137,15.449999809265137,14.300000190734863,14.399999618530272,11.553712844848633,4334,0.0,0.0
2015-01-12,14.300000190734863,15.600000381469728,14.300000190734863,14.899999618530272,11.95488166809082,3407,0.0,0.0
2015-01-13,14.800000190734863,17.850000381469727,14.300000190734863,17.850000381469727,14.321788787841797,162053,0.0,0.0
2015-01-14,18.5,19.850000381469727,16.200000762939453,17.0,13.63979721069336,122907,0.0,0.0
2015-01-15,17.0,18.14999961853028,16.299999237060547,17.350000381469727,13.920619010925291,17328,0.0,0.0
2015-01-16,17.100000381469727,17.299999237060547,16.549999237060547,17.299999237060547,13.880500793457031,1393,0.0,0.0
2015-01-19,17.049999237060547,18.0,16.549999237060547,17.0,13.63979721069336,7098,0.0,0.0
2015-01-20,16.600000381469727,17.100000381469727,16.399999618530273,16.600000381469727,13.31886386871338,3410,0.0,0.0
2015-01-21,16.549999237060547,16.850000381469727,15.25,15.699999809265137,12.596755981445312,20346,0.0,0.0
2015-01-22,16.899999618530273,16.950000762939453,15.600000381469728,16.200000762939453,12.997926712036133,36466,0.0,0.0
2015-01-23,15.949999809265137,15.949999809265137,15.350000381469728,15.399999618530272,12.356051445007324,4203,0.0,0.0
2015-01-27,15.399999618530272,15.899999618530272,15.399999618530272,15.399999618530272,12.356051445007324,3338,0.0,0.0
2015-01-28,16.0,16.799999237060547,14.100000381469728,14.75,11.834531784057615,9782,0.0,0.0
2015-01-29,14.550000190734863,14.850000381469728,14.550000190734863,14.699999809265137,11.794413566589355,1561,0.0,0.0
2015-01-30,15.600000381469728,16.299999237060547,14.25,14.649999618530272,11.754297256469728,25160,0.0,0.0
2015-02-02,16.299999237060547,16.299999237060547,14.5,14.550000190734863,11.674063682556152,15125,0.0,0.0
2015-02-03,14.399999618530272,15.0,14.25,14.550000190734863,11.674063682556152,6199,0.0,0.0
2015-02-04,14.399999618530272,14.850000381469728,13.449999809265137,14.050000190734863,11.272892951965332,24576,0.0,0.0
2015-02-05,13.899999618530272,14.5,13.149999618530272,14.25,11.43336009979248,20321,0.0,0.0
2015-02-06,14.5,15.050000190734863,13.75,14.949999809265137,11.994998931884766,19363,0.0,0.0
2015-02-09,14.699999809265137,14.899999618530272,13.899999618530272,14.100000381469728,11.313011169433594,2052,0.0,0.0
2015-02-10,14.0,14.350000381469728,14.0,14.25,11.43336009979248,2542,0.0,0.0
2015-02-11,14.0,14.199999809265137,13.600000381469728,14.199999809265137,11.393242835998535,1747,0.0,0.0
2015-02-12,14.0,15.350000381469728,13.899999618530272,15.300000190734863,12.275818824768066,11350,0.0,0.0
2015-02-13,15.5,16.0,14.75,14.949999809265137,11.994998931884766,16531,0.0,0.0
2015-02-16,15.300000190734863,15.300000190734863,14.899999618530272,15.149999618530272,12.15546703338623,9311,0.0,0.0
2015-02-18,14.899999618530272,15.75,14.899999618530272,15.0,12.035114288330078,3410,0.0,0.0
2015-02-19,15.0,15.0,14.399999618530272,14.75,11.834531784057615,8306,0.0,0.0
2015-02-20,15.800000190734863,15.850000381469728,14.800000190734863,15.100000381469728,12.115349769592283,5078,0.0,0.0
2015-02-23,16.100000381469727,16.100000381469727,14.050000190734863,14.899999618530272,11.95488166809082,4312,0.0,0.0
2015-02-24,14.699999809265137,15.149999618530272,14.399999618530272,14.850000381469728,11.914767265319824,7500,0.0,0.0
2015-02-25,14.699999809265137,15.449999809265137,14.199999809265137,14.699999809265137,11.794413566589355,5148,0.0,0.0
2015-02-26,14.600000381469728,15.350000381469728,14.399999618530272,14.399999618530272,11.553712844848633,5011,0.0,0.0
2015-02-27,15.149999618530272,15.25,14.300000190734863,14.300000190734863,11.473477363586426,1634,0.0,0.0
2015-03-02,16.450000762939453,16.450000762939453,14.149999618530272,14.550000190734863,11.674063682556152,5266,0.0,0.0
2015-03-03,15.600000381469728,15.649999618530272,15.199999809265137,15.199999809265137,12.195582389831545,2639,0.0,0.0
2015-03-04,15.0,15.399999618530272,14.149999618530272,14.5,11.633944511413574,9531,0.0,0.0
2015-03-05,14.350000381469728,14.949999809265137,13.699999809265137,14.25,11.43336009979248,2841,0.0,0.0
2015-03-09,14.399999618530272,14.399999618530272,13.5,14.0,11.232775688171388,4909,0.0,0.0
2015-03-10,14.800000190734863,14.800000190734863,13.5,14.199999809265137,11.393242835998535,10849,0.0,0.0
2015-03-11,14.0,14.0,13.25,13.5,10.83160400390625,7286,0.0,0.0
2015-03-12,14.449999809265137,14.449999809265137,12.899999618530272,13.899999618530272,11.152539253234863,4684,0.0,0.0
2015-03-13,13.800000190734863,13.800000190734863,12.75,13.699999809265137,10.992072105407717,12508,0.0,0.0
2015-03-16,13.5,13.899999618530272,12.550000190734863,12.850000381469728,10.31008243560791,7324,0.0,0.0
2015-03-17,12.699999809265137,13.699999809265137,12.550000190734863,12.699999809265137,10.189732551574709,571,0.0,0.0
2015-03-18,13.0,13.0,12.199999809265137,12.75,10.229849815368652,10379,0.0,0.0
2015-03-19,12.5,13.399999618530272,12.199999809265137,12.600000381469728,10.109498977661133,2881,0.0,0.0
2015-03-20,12.5,12.850000381469728,12.5,12.850000381469728,10.31008243560791,711,0.0,0.0
2015-03-23,12.75,12.949999809265137,11.5,11.75,9.427507400512695,21886,0.0,0.0
2015-03-24,11.600000381469728,11.899999618530272,11.149999618530272,11.5,9.226921081542969,15183,0.0,0.0
2015-03-25,12.899999618530272,13.0,11.5,11.75,9.427507400512695,4793,0.0,0.0
2015-03-26,11.5,11.600000381469728,10.800000190734863,10.949999809265137,8.785634994506836,12249,0.0,0.0
2015-03-27,11.100000381469728,12.0,10.199999809265137,11.75,9.427507400512695,68842,0.0,0.0
2015-03-30,13.899999618530272,13.899999618530272,12.0,12.100000381469728,9.708327293395996,1250,0.0,0.0
2015-03-31,12.0,12.0,11.899999618530272,11.899999618530272,9.547858238220217,1698,0.0,0.0
2015-04-01,11.899999618530272,12.699999809265137,11.699999809265137,12.699999809265137,10.189732551574709,1272,0.0,0.0
2015-04-06,12.5,13.199999809265137,12.0,13.199999809265137,10.590902328491213,2154,0.0,0.0
2015-04-07,13.100000381469728,13.100000381469728,10.699999809265137,11.699999809265137,9.387389183044434,11481,0.0,0.0
2015-04-08,12.5,12.5,11.75,11.75,9.427507400512695,7780,0.0,0.0
2015-04-09,11.600000381469728,12.399999618530272,11.600000381469728,12.25,9.828676223754885,910,0.0,0.0
2015-04-10,12.25,12.449999809265137,11.5,12.300000190734863,9.868797302246094,16832,0.0,0.0
2015-04-13,13.199999809265137,13.399999618530272,12.050000190734863,12.350000381469728,9.908913612365724,4846,0.0,0.0
2015-04-15,12.100000381469728,12.949999809265137,12.100000381469728,12.699999809265137,10.189732551574709,6640,0.0,0.0
2015-04-16,12.399999618530272,13.100000381469728,12.25,12.699999809265137,10.189732551574709,4610,0.0,0.0
2015-04-17,12.600000381469728,12.949999809265137,12.149999618530272,12.399999618530272,9.949028968811035,3352,0.0,0.0
2015-04-20,12.399999618530272,12.800000190734863,12.100000381469728,12.149999618530272,9.748443603515623,5201,0.0,0.0
2015-04-21,12.25,12.75,12.25,12.75,10.229849815368652,6751,0.0,0.0
2015-04-22,12.5,12.699999809265137,11.649999618530272,12.5,10.029264450073242,8213,0.0,0.0
2015-04-23,12.600000381469728,12.600000381469728,11.899999618530272,12.449999809265137,9.989145278930664,11961,0.0,0.0
2015-04-24,12.199999809265137,12.5,12.0,12.300000190734863,9.868797302246094,8304,0.0,0.0
2015-04-27,12.0,12.949999809265137,10.800000190734863,11.25,9.026337623596191,7227,0.0,0.0
2015-04-28,11.149999618530272,11.399999618530272,10.199999809265137,10.800000190734863,8.665285110473633,24066,0.0,0.0
2015-04-29,10.800000190734863,11.5,10.699999809265137,11.0,8.825752258300781,4496,0.0,0.0
2015-04-30,11.850000381469728,12.5,11.5,11.600000381469728,9.307156562805176,4109,0.0,0.0
2015-05-04,12.0,12.550000190734863,11.800000190734863,12.550000190734863,10.069380760192873,302,0.0,0.0
2015-05-05,13.0,13.0,11.800000190734863,12.949999809265137,10.3903169631958,2305,0.0,0.0
2015-05-06,12.949999809265137,13.5,11.899999618530272,12.0,9.628092765808104,4368,0.0,0.0
2015-05-07,12.5,13.0,11.600000381469728,11.600000381469728,9.307156562805176,6304,0.0,0.0
2015-05-08,12.0,12.899999618530272,11.800000190734863,12.100000381469728,9.708327293395996,4888,0.0,0.0
2015-05-11,11.899999618530272,12.699999809265137,11.899999618530272,12.25,9.828676223754885,908,0.0,0.0
2015-05-12,11.899999618530272,11.899999618530272,11.850000381469728,11.850000381469728,9.507741928100586,2,0.0,0.0
2015-05-13,11.699999809265137,11.75,11.0,11.75,9.427507400512695,9079,0.0,0.0
2015-05-14,12.399999618530272,12.5,11.550000190734863,12.5,10.029264450073242,4507,0.0,0.0
2015-05-15,12.300000190734863,12.300000190734863,11.699999809265137,11.75,9.427507400512695,4504,0.0,0.0
2015-05-18,12.0,12.5,11.600000381469728,11.800000190734863,9.46762466430664,5777,0.0,0.0
2015-05-19,11.649999618530272,12.5,11.649999618530272,12.5,10.029264450073242,1306,0.0,0.0
2015-05-20,12.300000190734863,12.800000190734863,12.0,12.050000190734863,9.66821002960205,1876,0.0,0.0
2015-05-21,12.149999618530272,12.300000190734863,12.149999618530272,12.300000190734863,9.868797302246094,105,0.0,0.0
2015-05-22,12.800000190734863,12.800000190734863,11.850000381469728,12.050000190734863,9.66821002960205,2117,0.0,0.0
2015-05-25,12.100000381469728,12.75,12.050000190734863,12.75,10.229849815368652,453,0.0,0.0
2015-05-26,12.5,12.899999618530272,11.699999809265137,12.649999618530272,10.149615287780762,1567,0.0,0.0
2015-05-27,12.399999618530272,12.5,11.75,12.100000381469728,9.708327293395996,2642,0.0,0.0
2015-05-28,12.300000190734863,12.300000190734863,11.850000381469728,12.300000190734863,9.868797302246094,1528,0.0,0.0
2015-05-29,12.399999618530272,13.0,12.399999618530272,12.649999618530272,10.149615287780762,9999,0.0,0.0
2015-06-01,13.0,13.0,12.449999809265137,13.0,10.430434226989746,7807,0.0,0.0
2015-06-02,13.0,13.199999809265137,12.350000381469728,13.0,10.430434226989746,1125,0.0,0.0
2015-06-03,13.100000381469728,13.600000381469728,12.899999618530272,13.0,10.430434226989746,40898,0.0,0.0
2015-06-04,13.0,13.149999618530272,12.800000190734863,13.0,10.430434226989746,8547,0.0,0.0
2015-06-05,12.75,13.100000381469728,12.199999809265137,12.949999809265137,10.3903169631958,10120,0.0,0.0
2015-06-08,12.800000190734863,13.399999618530272,12.550000190734863,12.649999618530272,10.149615287780762,3650,0.0,0.0
2015-06-09,12.399999618530272,13.399999618530272,12.149999618530272,12.75,10.229849815368652,155,0.0,0.0
2015-06-10,12.5,13.300000190734863,12.5,13.300000190734863,10.671136856079102,7716,0.0,0.0
2015-06-11,13.5,13.5,12.399999618530272,12.899999618530272,10.350199699401855,13223,0.0,0.0
2015-06-12,13.300000190734863,13.300000190734863,12.699999809265137,12.800000190734863,10.26996612548828,2614,0.0,0.0
2015-06-15,13.800000190734863,13.800000190734863,13.0,13.0,10.430434226989746,6692,0.0,0.0
2015-06-16,12.5,13.399999618530272,12.100000381469728,12.850000381469728,10.31008243560791,11849,0.0,0.0
2015-06-17,12.5,12.949999809265137,11.699999809265137,12.949999809265137,10.3903169631958,5852,0.0,0.0
2015-06-18,12.5,12.949999809265137,12.300000190734863,12.800000190734863,10.26996612548828,5768,0.0,0.0
2015-06-19,13.0,13.0,12.199999809265137,12.699999809265137,10.189732551574709,5538,0.0,0.0
2015-06-22,12.699999809265137,13.100000381469728,12.300000190734863,13.0,10.430434226989746,10941,0.0,0.0
2015-06-23,12.949999809265137,13.300000190734863,12.899999618530272,13.149999618530272,10.550785064697266,9976,0.0,0.0
2015-06-24,13.149999618530272,13.399999618530272,13.0,13.25,10.631019592285156,5244,0.0,0.0
2015-06-25,13.25,13.5,13.149999618530272,13.399999618530272,10.75136947631836,10438,0.0,0.0
2015-06-26,13.199999809265137,13.5,13.050000190734863,13.199999809265137,10.590902328491213,3077,0.0,0.0
2015-06-29,13.100000381469728,14.0,12.5,13.050000190734863,10.470552444458008,4348,0.0,0.0
2015-06-30,13.0,13.850000381469728,13.0,13.800000190734863,11.072308540344238,3810,0.0,0.0
2015-07-01,13.75,14.399999618530272,13.75,14.25,11.43336009979248,13157,0.0,0.0
2015-07-02,14.300000190734863,14.350000381469728,13.75,14.350000381469728,11.513594627380373,4237,0.0,0.0
2015-07-03,14.449999809265137,15.0,13.75,13.949999809265137,11.192657470703123,10576,0.0,0.0
2015-07-06,14.0,14.25,13.5,13.75,11.032187461853027,42086,0.0,0.0
2015-07-07,13.600000381469728,14.199999809265137,13.149999618530272,13.550000190734863,10.871723175048828,50421,0.0,0.0
2015-07-08,13.600000381469728,14.0,13.300000190734863,13.899999618530272,11.152539253234863,12055,0.0,0.0
2015-07-09,13.699999809265137,14.5,12.899999618530272,14.149999618530272,11.353126525878906,139715,0.0,0.0
2015-07-10,14.199999809265137,14.899999618530272,13.850000381469728,14.550000190734863,11.674063682556152,28990,0.0,0.0
2015-07-13,15.0,15.449999809265137,14.600000381469728,14.75,11.834531784057615,24891,0.0,0.0
2015-07-14,15.449999809265137,15.449999809265137,14.800000190734863,15.300000190734863,12.275818824768066,24068,0.0,0.0
2015-07-15,15.399999618530272,15.5,14.149999618530272,15.25,12.235699653625488,31616,0.0,0.0
2015-07-16,15.25,16.0,15.25,15.649999618530272,12.556636810302734,32519,0.0,0.0
2015-07-17,16.450000762939453,16.899999618530273,15.5,16.049999237060547,12.877574920654297,13446,0.0,0.0
2015-07-20,16.5,17.0,15.100000381469728,16.0,12.837457656860352,32325,0.0,0.0
2015-07-21,16.0,16.350000381469727,15.5,15.850000381469728,12.717105865478516,24876,0.0,0.0
2015-07-22,15.899999618530272,19.0,15.550000190734863,18.89999961853028,15.164246559143066,755702,0.0,0.0
2015-07-23,19.14999961853028,19.39999961853028,17.100000381469727,18.0,14.442140579223633,243083,0.0,0.0
2015-07-24,18.25,21.600000381469727,18.200000762939453,20.799999237060547,16.688695907592773,1384139,0.0,0.0
2015-07-27,20.600000381469727,23.39999961853028,20.600000381469727,21.700000762939453,17.410804748535156,257940,0.0,0.0
2015-07-28,22.0,25.25,21.700000762939453,24.25,19.456769943237305,375368,0.0,0.0
2015-07-29,25.0,26.0,24.0,24.350000381469727,19.53700828552246,361500,0.0,0.0
2015-07-30,24.64999961853028,26.0,22.5,23.049999237060547,18.49396133422852,117836,0.0,0.0
2015-07-31,23.100000381469727,23.5,20.299999237060547,21.049999237060547,17.65523338317871,104503,1.0,0.0
2015-08-03,20.75,22.850000381469727,19.64999961853028,21.75,18.24234199523925,195652,0.0,0.0
2015-08-04,21.799999237060547,23.14999961853028,21.100000381469727,22.5,18.87139320373535,222703,0.0,0.0
2015-08-05,22.5,22.700000762939453,21.0,21.25,17.822975158691406,96480,0.0,0.0
2015-08-06,21.0,21.049999237060547,19.75,20.39999961853028,17.110061645507812,57136,0.0,0.0
2015-08-07,20.0,20.600000381469727,20.0,20.14999961853028,16.90037727355957,35253,0.0,0.0
2015-08-10,20.39999961853028,21.5,20.39999961853028,20.950000762939453,17.571361541748047,85790,0.0,0.0
2015-08-11,20.700000762939453,20.75,18.89999961853028,19.200000762939453,16.103586196899414,89139,0.0,0.0
2015-08-12,19.64999961853028,20.25,17.950000762939453,17.950000762939453,15.05517864227295,44897,0.0,0.0
2015-08-13,18.950000762939453,18.950000762939453,17.049999237060547,17.649999618530273,14.803556442260742,53290,0.0,0.0
2015-08-14,17.799999237060547,19.14999961853028,17.799999237060547,18.950000762939453,15.893903732299805,111744,0.0,0.0
2015-08-17,19.600000381469727,19.600000381469727,17.5,17.700000762939453,14.845491409301758,25462,0.0,0.0
2015-08-18,18.64999961853028,18.89999961853028,17.149999618530273,17.450000762939453,14.635811805725098,46588,0.0,0.0
2015-08-19,17.5,18.450000762939453,17.299999237060547,17.700000762939453,14.845491409301758,17350,0.0,0.0
2015-08-20,17.600000381469727,17.75,17.100000381469727,17.200000762939453,14.426128387451172,31498,0.0,0.0
2015-08-21,16.200000762939453,17.450000762939453,16.049999237060547,16.799999237060547,14.090638160705566,38363,0.0,0.0
2015-08-24,16.200000762939453,16.399999618530273,15.149999618530272,15.149999618530272,12.706735610961914,54444,0.0,0.0
2015-08-25,13.75,15.0,13.649999618530272,14.449999809265137,12.119625091552734,101843,0.0,0.0
2015-08-26,14.0,15.149999618530272,14.0,15.149999618530272,12.706735610961914,26819,0.0,0.0
2015-08-27,15.25,15.649999618530272,14.899999618530272,15.100000381469728,12.664798736572266,6005,0.0,0.0
2015-08-28,15.149999618530272,15.75,14.5,14.649999618530272,12.287372589111328,25384,0.0,0.0
2015-08-31,14.699999809265137,15.25,14.199999809265137,14.850000381469728,12.455118179321287,10222,0.0,0.0
2015-09-01,14.699999809265137,15.25,14.149999618530272,14.300000190734863,11.993815422058104,42203,0.0,0.0
2015-09-02,14.75,14.75,13.899999618530272,14.0,11.742198944091797,7388,0.0,0.0
2015-09-03,13.699999809265137,14.699999809265137,13.699999809265137,14.100000381469728,11.826071739196776,5024,0.0,0.0
2015-09-04,13.649999618530272,14.550000190734863,13.600000381469728,14.25,11.95188045501709,70695,0.0,0.0
2015-09-07,14.100000381469728,14.949999809265137,13.75,13.850000381469728,11.616388320922852,13112,0.0,0.0
2015-09-08,13.5,14.5,13.5,14.300000190734863,11.993815422058104,41155,0.0,0.0
2015-09-09,14.300000190734863,14.5,14.0,14.149999618530272,11.868005752563477,16951,0.0,0.0
2015-09-10,14.100000381469728,14.399999618530272,13.75,14.399999618530272,12.07769012451172,3051,0.0,0.0
2015-09-11,14.100000381469728,14.800000190734863,14.100000381469728,14.5,12.161561012268066,12970,0.0,0.0
2015-09-14,14.800000190734863,15.199999809265137,14.5,15.149999618530272,12.706735610961914,10122,0.0,0.0
2015-09-15,14.850000381469728,14.850000381469728,14.600000381469728,14.699999809265137,12.329307556152344,2061,0.0,0.0
2015-09-16,14.800000190734863,15.050000190734863,14.550000190734863,14.75,12.371244430541992,4180,0.0,0.0
2015-09-18,15.350000381469728,15.350000381469728,14.75,14.850000381469728,12.455118179321287,8252,0.0,0.0
2015-09-21,14.899999618530272,15.5,14.649999618530272,14.949999809265137,12.53899097442627,20573,0.0,0.0
2015-09-22,15.350000381469728,15.350000381469728,14.600000381469728,15.100000381469728,12.664798736572266,10836,0.0,0.0
2015-09-23,14.800000190734863,15.5,14.600000381469728,15.449999809265137,12.958353996276855,22210,0.0,0.0
2015-09-24,15.25,15.25,14.75,14.75,12.371244430541992,12297,0.0,0.0
2015-09-28,14.949999809265137,15.0,14.5,14.550000190734863,12.203498840332031,31066,0.0,0.0
2015-09-29,14.550000190734863,14.850000381469728,14.350000381469728,14.399999618530272,12.07769012451172,10833,0.0,0.0
2015-09-30,14.399999618530272,14.800000190734863,14.300000190734863,14.699999809265137,12.329307556152344,15202,0.0,0.0
2015-10-01,14.899999618530272,15.0,14.399999618530272,14.850000381469728,12.455118179321287,12881,0.0,0.0
2015-10-05,14.699999809265137,16.299999237060547,14.550000190734863,16.299999237060547,13.671273231506348,27150,0.0,0.0
2015-10-06,16.600000381469727,17.450000762939453,16.299999237060547,16.899999618530273,14.174511909484863,53190,0.0,0.0
2015-10-07,17.25,17.25,16.5,16.649999618530273,13.964829444885254,9613,0.0,0.0
2015-10-08,17.450000762939453,17.5,15.850000381469728,16.0,13.419654846191406,21958,0.0,0.0
2015-10-09,16.5,16.899999618530273,16.200000762939453,16.549999237060547,13.88095474243164,11491,0.0,0.0
2015-10-12,16.399999618530273,16.5,16.0,16.200000762939453,13.587401390075684,10564,0.0,0.0
2015-10-13,15.300000190734863,16.700000762939453,15.300000190734863,16.600000381469727,13.922892570495604,7516,0.0,0.0
2015-10-14,16.149999618530273,17.450000762939453,16.149999618530273,17.049999237060547,14.300318717956545,97578,0.0,0.0
2015-10-15,17.5,18.39999961853028,16.75,16.899999618530273,14.174511909484863,130105,0.0,0.0
2015-10-16,17.25,18.549999237060547,16.700000762939453,18.549999237060547,15.558412551879885,77982,0.0,0.0
2015-10-19,20.39999961853028,20.39999961853028,20.39999961853028,20.39999961853028,17.110061645507812,24318,0.0,0.0
2015-10-20,22.39999961853028,22.39999961853028,22.39999961853028,22.39999961853028,18.787517547607425,20120,0.0,0.0
2015-10-21,23.5,23.5,23.5,23.5,19.71011734008789,30613,0.0,0.0
2015-10-23,24.64999961853028,24.64999961853028,23.25,24.64999961853028,20.674654006958008,861523,0.0,0.0
2015-10-26,25.850000381469727,25.850000381469727,24.64999961853028,24.75,20.758529663085938,680983,0.0,0.0
2015-10-27,24.950000762939453,25.299999237060547,23.600000381469727,24.200000762939453,20.29722785949707,104319,0.0,0.0
2015-10-28,24.200000762939453,24.200000762939453,23.0,23.299999237060547,19.54237174987793,110441,0.0,0.0
2015-10-29,23.299999237060547,24.450000762939453,22.600000381469727,24.25,20.33916282653809,204528,0.0,0.0
2015-10-30,24.14999961853028,25.39999961853028,23.799999237060547,24.25,20.33916282653809,177766,0.0,0.0
2015-11-02,24.700000762939453,25.0,23.200000762939453,24.64999961853028,20.674654006958008,129919,0.0,0.0
2015-11-03,24.89999961853028,24.950000762939453,24.39999961853028,24.700000762939453,20.71659278869629,45954,0.0,0.0
2015-11-04,25.350000381469727,25.89999961853028,24.14999961853028,24.450000762939453,20.506912231445312,130959,0.0,0.0
2015-11-05,24.89999961853028,25.5,23.799999237060547,23.950000762939453,20.087547302246094,55189,0.0,0.0
2015-11-06,24.450000762939453,24.450000762939453,22.549999237060547,23.75,19.919801712036133,127604,0.0,0.0
2015-11-09,23.25,24.0,22.799999237060547,23.700000762939453,19.877864837646484,54077,0.0,0.0
2015-11-10,24.0,24.39999961853028,22.89999961853028,23.0,19.290752410888672,60388,0.0,0.0
2015-11-13,24.100000381469727,24.200000762939453,22.89999961853028,23.25,19.50043678283692,48281,0.0,0.0
2015-11-16,23.25,23.5,22.39999961853028,23.14999961853028,19.416561126708984,52892,0.0,0.0
2015-11-17,23.450000762939453,23.64999961853028,23.0,23.350000381469727,19.584306716918945,32483,0.0,0.0
2015-11-18,23.600000381469727,23.700000762939453,22.75,23.049999237060547,19.33269119262696,20296,0.0,0.0
2015-11-19,23.0,23.100000381469727,22.600000381469727,22.89999961853028,19.20688247680664,24652,0.0,0.0
2015-11-20,23.200000762939453,25.0,22.75,23.0,19.290752410888672,58829,0.0,0.0
2015-11-23,23.0,23.799999237060547,22.799999237060547,22.950000762939453,19.248817443847656,18755,0.0,0.0
2015-11-24,23.25,24.39999961853028,22.799999237060547,23.950000762939453,20.087547302246094,37877,0.0,0.0
2015-11-26,24.450000762939453,24.5,23.600000381469727,23.799999237060547,19.96173667907715,28460,0.0,0.0
2015-11-27,24.799999237060547,24.799999237060547,23.100000381469727,23.850000381469727,20.0036735534668,47916,0.0,0.0
2015-11-30,23.549999237060547,24.5,23.549999237060547,24.5,20.54884529113769,27451,0.0,0.0
2015-12-01,24.39999961853028,24.799999237060547,23.89999961853028,24.299999237060547,20.381101608276367,11054,0.0,0.0
2015-12-02,24.64999961853028,25.39999961853028,24.549999237060547,24.89999961853028,20.884336471557617,108953,0.0,0.0
2015-12-03,25.25,25.25,24.200000762939453,24.75,20.758529663085938,17547,0.0,0.0
2015-12-04,24.299999237060547,25.0,23.5,23.700000762939453,19.877864837646484,85179,0.0,0.0
2015-12-07,24.39999961853028,24.39999961853028,23.25,23.5,19.71011734008789,21524,0.0,0.0
2015-12-08,23.75,24.450000762939453,23.549999237060547,23.64999961853028,19.83592796325684,45522,0.0,0.0
2015-12-09,23.600000381469727,24.600000381469727,22.75,23.100000381469727,19.374629974365234,159779,0.0,0.0
2015-12-10,24.200000762939453,24.200000762939453,22.5,23.799999237060547,19.96173667907715,11254,0.0,0.0
2015-12-11,24.0,24.14999961853028,22.700000762939453,23.0,19.290752410888672,34586,0.0,0.0
2015-12-14,23.89999961853028,23.89999961853028,22.850000381469727,23.350000381469727,19.584306716918945,17322,0.0,0.0
2015-12-15,23.700000762939453,24.5,22.5,24.049999237060547,20.17141532897949,76071,0.0,0.0
2015-12-16,24.450000762939453,24.600000381469727,23.549999237060547,23.700000762939453,19.877864837646484,14469,0.0,0.0
2015-12-17,24.0,24.5,23.200000762939453,24.100000381469727,20.213354110717773,24102,0.0,0.0
2015-12-18,23.75,24.299999237060547,23.450000762939453,24.0,20.12948226928711,11810,0.0,0.0
2015-12-21,23.64999961853028,28.799999237060547,23.549999237060547,28.799999237060547,24.15538024902344,360420,0.0,0.0
2015-12-22,30.700000762939453,30.799999237060547,28.049999237060547,29.0,24.323122024536133,279189,0.0,0.0
2015-12-23,29.39999961853028,30.39999961853028,29.049999237060547,29.25,24.532808303833008,73351,0.0,0.0
2015-12-24,29.5,30.0,25.600000381469727,28.0,23.4843978881836,57639,0.0,0.0
2015-12-28,28.0,29.700000762939453,27.299999237060547,27.89999961853028,23.400522232055664,34961,0.0,0.0
2015-12-29,28.39999961853028,28.39999961853028,26.299999237060547,27.450000762939453,23.02309799194336,73712,0.0,0.0
2015-12-30,28.549999237060547,29.89999961853028,27.100000381469727,29.350000381469727,24.61667823791504,137444,0.0,0.0
2015-12-31,29.0,30.600000381469727,28.700000762939453,29.14999961853028,24.44893455505371,46199,0.0,0.0
2016-01-01,29.0,29.89999961853028,27.700000762939453,28.200000762939453,23.652143478393555,76783,0.0,0.0
2016-01-04,28.75,29.799999237060547,27.0,27.850000381469727,23.35858726501465,76407,0.0,0.0
2016-01-05,28.549999237060547,28.89999961853028,27.5,27.950000762939453,23.442461013793945,41711,0.0,0.0
2016-01-06,27.700000762939453,29.5,27.25,27.64999961853028,23.190841674804688,116638,0.0,0.0
2016-01-07,28.200000762939453,28.200000762939453,25.5,26.049999237060547,21.84887886047364,71431,0.0,0.0
2016-01-08,26.5,27.75,25.799999237060547,26.049999237060547,21.84887886047364,73470,0.0,0.0
2016-01-11,26.0,26.39999961853028,24.700000762939453,25.14999961853028,21.094018936157227,95959,0.0,0.0
2016-01-12,26.5,26.5,23.0,23.600000381469727,19.793991088867188,83707,0.0,0.0
2016-01-13,25.5,25.5,20.049999237060547,22.950000762939453,19.248817443847656,111310,0.0,0.0
2016-01-14,21.14999961853028,23.89999961853028,21.049999237060547,23.100000381469727,19.374629974365234,67787,0.0,0.0
2016-01-15,23.0,23.5,22.299999237060547,22.850000381469727,19.16494369506836,79077,0.0,0.0
2016-01-18,22.350000381469727,23.0,20.39999961853028,21.14999961853028,17.739105224609375,78140,0.0,0.0
2016-01-19,20.700000762939453,22.850000381469727,20.700000762939453,22.200000762939453,18.61977195739746,56665,0.0,0.0
2016-01-20,21.5,21.5,20.200000762939453,20.799999237060547,17.445552825927734,51929,0.0,0.0
2016-01-21,21.89999961853028,22.350000381469727,20.64999961853028,20.799999237060547,17.445552825927734,33087,0.0,0.0
2016-01-22,21.89999961853028,22.25,21.0,22.0,18.4520263671875,16705,0.0,0.0
2016-01-25,24.0,24.0,22.0,22.549999237060547,18.913330078125,16889,0.0,0.0
2016-01-27,23.39999961853028,23.39999961853028,22.100000381469727,22.850000381469727,19.16494369506836,19709,0.0,0.0
2016-01-28,22.299999237060547,23.14999961853028,22.299999237060547,22.600000381469727,18.95526123046875,11619,0.0,0.0
2016-01-29,22.799999237060547,22.799999237060547,22.049999237060547,22.5,18.87139320373535,8481,0.0,0.0
2016-02-01,23.549999237060547,23.549999237060547,22.350000381469727,22.75,19.08107185363769,25351,0.0,0.0
2016-02-02,23.0,23.0,21.75,21.89999961853028,18.368152618408203,19318,0.0,0.0
2016-02-03,21.299999237060547,22.0,21.0,21.25,17.822975158691406,29972,0.0,0.0
2016-02-04,21.799999237060547,21.799999237060547,20.5,20.75,17.403614044189453,15513,0.0,0.0
2016-02-05,20.600000381469727,21.0,19.5,20.75,17.403614044189453,16571,0.0,0.0
2016-02-08,20.5,21.700000762939453,20.5,21.0,17.613300323486328,16993,0.0,0.0
2016-02-09,20.89999961853028,21.100000381469727,19.700000762939453,20.350000381469727,17.068124771118164,16821,0.0,0.0
2016-02-10,20.049999237060547,20.799999237060547,18.549999237060547,18.799999237060547,15.768094062805176,66930,0.0,0.0
2016-02-11,18.799999237060547,19.049999237060547,16.399999618530273,17.100000381469727,14.342257499694824,56728,0.0,0.0
2016-02-12,17.600000381469727,19.700000762939453,16.200000762939453,18.549999237060547,15.558412551879885,64693,0.0,0.0
2016-02-15,19.89999961853028,20.700000762939453,18.39999961853028,19.5,16.35520362854004,32017,0.0,0.0
2016-02-16,19.100000381469727,19.799999237060547,18.39999961853028,18.700000762939453,15.684222221374512,10241,0.0,0.0
2016-02-17,18.200000762939453,19.0,17.25,18.850000381469727,15.810030937194824,11051,0.0,0.0
2016-02-18,19.39999961853028,19.39999961853028,18.200000762939453,18.450000762939453,15.47454071044922,10187,0.0,0.0
2016-02-19,18.39999961853028,18.549999237060547,17.850000381469727,18.0,15.097112655639648,15157,0.0,0.0
2016-02-22,18.0,18.39999961853028,17.0,17.950000762939453,15.05517864227295,17634,0.0,0.0
2016-02-23,17.899999618530273,17.950000762939453,16.899999618530273,17.149999618530273,14.38419246673584,18270,0.0,0.0
2016-02-24,17.0,17.299999237060547,16.600000381469727,17.0,14.258383750915527,6949,0.0,0.0
2016-02-25,17.649999618530273,17.649999618530273,16.5,16.700000762939453,14.006765365600586,57312,0.0,0.0
2016-02-26,16.649999618530273,17.299999237060547,16.5,17.0,14.258383750915527,18574,0.0,0.0
2016-02-29,17.399999618530273,17.899999618530273,16.649999618530273,17.0,14.258383750915527,63668,0.0,0.0
2016-03-01,16.700000762939453,17.5,16.700000762939453,17.5,14.67774772644043,12232,0.0,0.0
2016-03-02,17.850000381469727,18.950000762939453,17.0,18.25,15.306791305541992,42594,0.0,0.0
2016-03-03,18.200000762939453,18.950000762939453,18.100000381469727,18.549999237060547,15.558412551879885,26570,0.0,0.0
2016-03-04,18.5,20.950000762939453,18.25,20.5,17.19392967224121,33111,0.0,0.0
2016-03-08,20.0,20.89999961853028,19.200000762939453,19.39999961853028,16.271331787109375,19034,0.0,0.0
2016-03-09,20.0,20.0,18.850000381469727,19.75,16.56488609313965,8757,0.0,0.0
2016-03-10,19.5,20.0,19.100000381469727,19.799999237060547,16.606821060180664,1513,0.0,0.0
2016-03-11,20.350000381469727,20.350000381469727,19.450000762939453,19.850000381469727,16.648759841918945,9419,0.0,0.0
2016-03-14,19.5,20.39999961853028,19.299999237060547,19.600000381469727,16.439077377319336,10836,0.0,0.0
2016-03-15,20.5,20.5,19.200000762939453,19.450000762939453,16.313270568847656,9463,0.0,0.0
2016-03-16,19.799999237060547,19.799999237060547,19.100000381469727,19.350000381469727,16.22939682006836,6156,0.0,0.0
2016-03-17,19.850000381469727,20.0,18.549999237060547,18.700000762939453,15.684222221374512,21859,0.0,0.0
2016-03-18,19.049999237060547,19.049999237060547,18.200000762939453,18.5,15.516474723815918,19014,0.0,0.0
2016-03-21,18.89999961853028,19.25,18.450000762939453,19.049999237060547,15.977776527404783,43977,0.0,0.0
2016-03-22,19.350000381469727,19.799999237060547,19.14999961853028,19.350000381469727,16.22939682006836,44116,0.0,0.0
2016-03-23,19.14999961853028,19.89999961853028,18.700000762939453,19.700000762939453,16.522953033447266,22202,0.0,0.0
2016-03-28,19.89999961853028,20.5,19.5,19.700000762939453,16.522953033447266,37710,0.0,0.0
2016-03-29,19.299999237060547,19.299999237060547,18.049999237060547,18.350000381469727,16.213693618774414,126298,1.0,0.0
2016-03-30,18.700000762939453,19.049999237060547,18.5,18.64999961853028,16.478771209716797,22208,0.0,0.0
2016-03-31,18.64999961853028,18.75,18.14999961853028,18.25,16.125341415405273,20513,0.0,0.0
2016-04-01,18.64999961853028,19.25,18.600000381469727,18.850000381469727,16.655488967895508,12345,0.0,0.0
2016-04-04,18.799999237060547,19.0,18.64999961853028,18.850000381469727,16.655488967895508,11320,0.0,0.0
2016-04-05,18.89999961853028,19.0,18.450000762939453,18.700000762939453,16.522953033447266,9992,0.0,0.0
2016-04-06,18.39999961853028,19.100000381469727,18.049999237060547,19.0,16.78802490234375,13714,0.0,0.0
2016-04-07,18.64999961853028,19.14999961853028,18.64999961853028,18.700000762939453,16.522953033447266,9176,0.0,0.0
2016-04-08,19.0,19.700000762939453,18.5,19.5,17.229816436767578,34656,0.0,0.0
2016-04-11,19.64999961853028,21.89999961853028,19.64999961853028,20.799999237060547,18.378467559814453,47757,0.0,0.0
2016-04-12,21.799999237060547,22.0,20.75,21.0,18.55518341064453,30347,0.0,0.0
2016-04-13,21.0,21.89999961853028,20.600000381469727,20.799999237060547,18.378467559814453,19268,0.0,0.0
2016-04-18,20.799999237060547,21.0,20.39999961853028,20.5,18.11339569091797,9311,0.0,0.0
2016-04-20,21.0,21.049999237060547,20.0,20.350000381469727,17.980857849121094,18175,0.0,0.0
2016-04-21,20.89999961853028,21.0,20.200000762939453,20.350000381469727,17.980857849121094,116925,0.0,0.0
2016-04-22,20.950000762939453,20.950000762939453,20.14999961853028,20.25,17.892501831054688,6604,0.0,0.0
2016-04-25,20.25,20.25,19.75,20.200000762939453,17.84832191467285,14401,0.0,0.0
2016-04-26,20.200000762939453,20.39999961853028,19.89999961853028,20.100000381469727,17.75996208190918,30952,0.0,0.0
2016-04-27,20.600000381469727,20.600000381469727,20.299999237060547,20.5,18.11339569091797,4547,0.0,0.0
2016-04-28,20.75,20.75,20.39999961853028,20.39999961853028,18.025033950805664,4450,0.0,0.0
2016-04-29,20.25,20.89999961853028,20.0,20.200000762939453,17.84832191467285,11926,0.0,0.0
2016-05-02,20.0,20.549999237060547,19.799999237060547,20.14999961853028,17.804140090942383,4716,0.0,0.0
2016-05-03,20.5,20.600000381469727,19.799999237060547,19.89999961853028,17.5832462310791,12310,0.0,0.0
2016-05-04,20.64999961853028,20.64999961853028,19.299999237060547,19.600000381469727,17.31817054748535,10162,0.0,0.0
2016-05-05,19.600000381469727,20.100000381469727,19.450000762939453,19.549999237060547,17.27399444580078,8981,0.0,0.0
2016-05-06,19.350000381469727,20.350000381469727,19.350000381469727,20.200000762939453,17.84832191467285,7983,0.0,0.0
2016-05-09,19.75,20.950000762939453,19.75,20.049999237060547,17.715782165527344,36298,0.0,0.0
2016-05-10,20.0,20.549999237060547,20.0,20.5,18.11339569091797,5910,0.0,0.0
2016-05-11,20.5,20.5,19.950000762939453,20.049999237060547,17.715782165527344,9686,0.0,0.0
2016-05-12,20.049999237060547,20.200000762939453,19.799999237060547,20.0,17.67160415649414,7944,0.0,0.0
2016-05-13,20.200000762939453,20.299999237060547,19.799999237060547,20.200000762939453,17.84832191467285,1268,0.0,0.0
2016-05-16,20.100000381469727,20.799999237060547,19.200000762939453,20.200000762939453,17.84832191467285,5886,0.0,0.0
2016-05-17,20.100000381469727,20.14999961853028,19.75,19.799999237060547,17.49488639831543,11087,0.0,0.0
2016-05-18,19.950000762939453,20.0,19.600000381469727,19.799999237060547,17.49488639831543,8530,0.0,0.0
2016-05-19,19.549999237060547,20.200000762939453,19.549999237060547,19.950000762939453,17.62742805480957,16969,0.0,0.0
2016-05-20,19.700000762939453,20.25,19.39999961853028,19.5,17.229816436767578,18494,0.0,0.0
2016-05-23,19.799999237060547,23.0,19.799999237060547,22.14999961853028,19.5713005065918,92262,0.0,0.0
2016-05-24,22.14999961853028,23.0,21.0,21.299999237060547,18.82026100158692,36877,0.0,0.0
2016-05-25,22.5,22.5,20.5,21.700000762939453,19.173694610595703,21418,0.0,0.0
2016-05-26,21.39999961853028,21.700000762939453,20.799999237060547,21.049999237060547,18.5993595123291,11498,0.0,0.0
2016-05-27,20.850000381469727,21.14999961853028,20.850000381469727,21.0,18.55518341064453,8591,0.0,0.0
2016-05-30,21.0,21.0,20.25,20.299999237060547,17.93667984008789,8445,0.0,0.0
2016-05-31,20.799999237060547,22.350000381469727,20.39999961853028,21.64999961853028,19.1295108795166,47350,0.0,0.0
2016-06-01,21.14999961853028,21.850000381469727,21.0,21.049999237060547,18.5993595123291,10719,0.0,0.0
2016-06-02,21.700000762939453,21.700000762939453,21.100000381469727,21.200000762939453,18.73190116882324,11248,0.0,0.0
2016-06-03,21.549999237060547,21.799999237060547,20.549999237060547,20.75,18.33428955078125,11039,0.0,0.0
2016-06-06,20.75,20.89999961853028,19.799999237060547,20.14999961853028,17.804140090942383,17384,0.0,0.0
2016-06-07,20.39999961853028,20.5,19.350000381469727,19.75,17.450708389282227,39868,0.0,0.0
2016-06-08,20.049999237060547,20.049999237060547,19.5,20.0,17.67160415649414,26635,0.0,0.0
2016-06-09,20.5,20.5,19.89999961853028,20.39999961853028,18.025033950805664,11161,0.0,0.0
2016-06-10,20.049999237060547,20.600000381469727,20.0,20.100000381469727,17.75996208190918,9118,0.0,0.0
2016-06-13,20.450000762939453,20.450000762939453,20.0,20.200000762939453,17.84832191467285,8872,0.0,0.0
2016-06-14,20.39999961853028,20.600000381469727,20.049999237060547,20.450000762939453,18.0692138671875,13811,0.0,0.0
2016-06-15,20.450000762939453,21.64999961853028,20.450000762939453,21.39999961853028,18.908615112304688,30801,0.0,0.0
2016-06-16,21.950000762939453,21.950000762939453,20.5,20.799999237060547,18.378467559814453,24206,0.0,0.0
2016-06-17,20.799999237060547,21.0,20.299999237060547,20.39999961853028,18.025033950805664,17859,0.0,0.0
2016-06-20,20.549999237060547,21.0,19.799999237060547,20.0,17.67160415649414,47522,0.0,0.0
2016-06-21,20.39999961853028,20.450000762939453,19.75,19.799999237060547,17.49488639831543,30216,0.0,0.0
2016-06-22,19.75,20.25,19.700000762939453,19.850000381469727,17.5390682220459,130646,0.0,0.0
2016-06-23,20.0,20.89999961853028,19.850000381469727,20.39999961853028,18.025033950805664,140735,0.0,0.0
2016-06-24,20.0,20.5,19.600000381469727,20.39999961853028,18.025033950805664,39018,0.0,0.0
2016-06-27,20.100000381469727,20.89999961853028,20.100000381469727,20.799999237060547,18.378467559814453,10622,0.0,0.0
2016-06-28,20.0,20.600000381469727,19.89999961853028,20.100000381469727,17.75996208190918,26513,0.0,0.0
2016-06-29,20.39999961853028,21.100000381469727,20.0,20.450000762939453,18.0692138671875,44243,0.0,0.0
2016-06-30,20.5,20.850000381469727,20.14999961853028,20.450000762939453,18.0692138671875,24588,0.0,0.0
2016-07-01,20.39999961853028,20.950000762939453,19.64999961853028,20.25,17.892501831054688,50441,0.0,0.0
2016-07-04,20.299999237060547,22.799999237060547,19.850000381469727,21.75,19.21786880493164,149324,0.0,0.0
2016-07-05,21.799999237060547,22.799999237060547,21.25,22.100000381469727,19.527124404907227,65340,0.0,0.0
2016-07-07,22.89999961853028,22.89999961853028,22.0,22.299999237060547,19.703840255737305,27773,0.0,0.0
2016-07-08,22.299999237060547,22.299999237060547,21.299999237060547,21.75,19.21786880493164,18453,0.0,0.0
2016-07-11,22.75,22.75,21.600000381469727,22.5,19.880556106567383,60188,0.0,0.0
2016-07-12,22.64999961853028,22.64999961853028,21.700000762939453,21.799999237060547,19.262046813964844,20364,0.0,0.0
2016-07-13,21.75,22.450000762939453,21.75,21.950000762939453,19.394588470458984,23419,0.0,0.0
2016-07-14,22.100000381469727,22.100000381469727,21.700000762939453,22.0,19.438764572143555,7408,0.0,0.0
2016-07-15,22.0,22.299999237060547,21.39999961853028,21.950000762939453,19.394588470458984,34276,0.0,0.0
2016-07-18,22.0,22.39999961853028,21.299999237060547,21.549999237060547,19.041154861450195,20179,0.0,0.0
2016-07-19,21.600000381469727,22.0,21.299999237060547,21.600000381469727,19.08533096313477,11229,0.0,0.0
2016-07-20,21.799999237060547,22.049999237060547,21.5,21.700000762939453,19.173694610595703,10508,0.0,0.0
2016-07-21,21.299999237060547,23.89999961853028,21.299999237060547,23.049999237060547,20.36652374267578,64973,0.0,0.0
2016-07-22,23.200000762939453,23.200000762939453,22.299999237060547,22.350000381469727,19.748018264770508,20395,0.0,0.0
2016-07-25,22.299999237060547,23.39999961853028,22.299999237060547,22.950000762939453,20.278165817260746,27072,0.0,0.0
2016-07-26,23.450000762939453,23.450000762939453,22.600000381469727,22.75,20.10144805908203,7103,0.0,0.0
2016-07-27,23.25,23.700000762939453,22.39999961853028,22.64999961853028,20.01309394836425,31917,0.0,0.0
2016-07-28,22.75,23.299999237060547,22.5,22.75,20.10144805908203,13652,0.0,0.0
2016-07-29,22.5,22.850000381469727,22.200000762939453,22.450000762939453,19.83637428283692,11112,0.0,0.0
2016-08-01,22.89999961853028,22.89999961853028,22.200000762939453,22.549999237060547,19.924734115600582,14178,0.0,0.0
2016-08-02,22.25,22.799999237060547,21.25,21.5,18.99697494506836,34653,0.0,0.0
2016-08-03,21.39999961853028,21.64999961853028,20.14999961853028,20.549999237060547,18.15757369995117,42648,0.0,0.0
2016-08-04,20.950000762939453,21.5,20.299999237060547,20.89999961853028,18.466827392578125,13595,0.0,0.0
2016-08-05,20.64999961853028,21.299999237060547,19.75,21.049999237060547,18.5993595123291,42258,0.0,0.0
2016-08-08,21.100000381469727,21.75,20.75,21.549999237060547,19.041154861450195,37859,0.0,0.0
2016-08-09,21.100000381469727,21.799999237060547,21.0,21.700000762939453,19.173694610595703,22283,0.0,0.0
2016-08-10,21.299999237060547,21.850000381469727,20.5,20.89999961853028,18.466827392578125,25289,0.0,0.0
2016-08-11,20.89999961853028,20.89999961853028,20.5,20.75,18.33428955078125,8066,0.0,0.0
2016-08-12,20.600000381469727,21.75,20.200000762939453,21.100000381469727,18.643543243408203,60135,0.0,0.0
2016-08-16,21.0,21.39999961853028,20.0,20.299999237060547,17.93667984008789,22974,0.0,0.0
2016-08-17,20.350000381469727,20.850000381469727,20.14999961853028,20.25,17.892501831054688,3426,0.0,0.0
2016-08-18,20.14999961853028,21.75,20.0,21.0,18.55518341064453,27514,0.0,0.0
2016-08-19,21.450000762939453,21.450000762939453,20.75,21.0,18.55518341064453,7242,0.0,0.0
2016-08-22,20.89999961853028,20.950000762939453,20.350000381469727,20.39999961853028,18.025033950805664,28508,0.0,0.0
2016-08-23,20.39999961853028,21.39999961853028,20.200000762939453,20.350000381469727,17.980857849121094,14650,0.0,0.0
2016-08-24,21.5,21.5,20.049999237060547,20.700000762939453,18.29011344909668,10860,0.0,0.0
2016-08-25,20.89999961853028,20.89999961853028,20.5,20.5,18.11339569091797,15542,0.0,0.0
2016-08-26,20.950000762939453,20.950000762939453,20.100000381469727,20.39999961853028,18.025033950805664,13275,0.0,0.0
2016-08-29,20.799999237060547,20.799999237060547,20.25,20.450000762939453,18.0692138671875,13350,0.0,0.0
2016-08-30,20.850000381469727,21.0,20.39999961853028,20.64999961853028,18.24593162536621,8637,0.0,0.0
2016-08-31,21.200000762939453,21.200000762939453,20.25,20.64999961853028,18.24593162536621,32768,0.0,0.0
2016-09-01,20.64999961853028,20.799999237060547,20.39999961853028,20.700000762939453,18.29011344909668,7862,0.0,0.0
2016-09-02,20.5,20.75,20.450000762939453,20.5,18.11339569091797,6470,0.0,0.0
2016-09-06,20.89999961853028,21.75,20.5,20.799999237060547,18.378467559814453,17763,0.0,0.0
2016-09-07,20.75,21.25,20.600000381469727,20.64999961853028,18.24593162536621,7395,0.0,0.0
2016-09-08,20.64999961853028,20.89999961853028,19.5,20.25,17.892501831054688,29868,0.0,0.0
2016-09-09,20.0,20.64999961853028,20.0,20.200000762939453,17.84832191467285,26694,0.0,0.0
2016-09-12,20.25,20.549999237060547,19.5,20.39999961853028,18.025033950805664,18923,0.0,0.0
2016-09-14,20.64999961853028,20.64999961853028,20.100000381469727,20.39999961853028,18.025033950805664,5888,0.0,0.0
2016-09-15,20.700000762939453,22.0,20.549999237060547,21.39999961853028,18.908615112304688,44877,0.0,0.0
2016-09-16,21.25,24.799999237060547,21.25,23.75,20.98502922058105,146634,0.0,0.0
2016-09-19,23.75,24.39999961853028,22.75,24.200000762939453,21.38264274597168,76573,0.0,0.0
2016-09-20,24.0,25.25,23.89999961853028,24.14999961853028,21.33846092224121,59322,0.0,0.0
2016-09-21,23.89999961853028,24.14999961853028,23.049999237060547,23.200000762939453,20.499059677124023,11377,0.0,0.0
2016-09-22,23.0,23.75,22.600000381469727,23.14999961853028,20.45488166809082,20842,0.0,0.0
2016-09-23,23.5,23.850000381469727,23.0,23.049999237060547,20.36652374267578,21429,0.0,0.0
2016-09-26,22.450000762939453,22.89999961853028,18.450000762939453,21.600000381469727,19.08533096313477,77404,0.0,0.0
2016-09-27,21.89999961853028,22.14999961853028,21.39999961853028,21.600000381469727,19.08533096313477,17303,0.0,0.0
2016-09-28,21.600000381469727,22.25,21.39999961853028,21.549999237060547,19.041154861450195,40602,0.0,0.0
2016-09-29,21.89999961853028,22.25,19.799999237060547,20.100000381469727,17.75996208190918,86496,0.0,0.0
2016-09-30,20.25,21.0,20.049999237060547,20.89999961853028,18.466827392578125,13797,0.0,0.0
2016-10-03,21.5,23.5,20.5,23.100000381469727,20.410703659057617,53118,0.0,0.0
2016-10-04,22.350000381469727,23.89999961853028,22.350000381469727,22.700000762939453,20.057273864746094,25009,0.0,0.0
2016-10-05,23.450000762939453,23.5,22.89999961853028,22.89999961853028,20.23398780822754,38821,0.0,0.0
2016-10-06,23.75,27.450000762939453,22.850000381469727,27.350000381469727,24.165918350219727,433559,0.0,0.0
2016-10-07,28.39999961853028,28.700000762939453,25.299999237060547,25.64999961853028,22.66383171081543,133281,0.0,0.0
2016-10-10,26.700000762939453,26.75,24.799999237060547,25.39999961853028,22.44293785095215,41976,0.0,0.0
2016-10-13,24.5,26.89999961853028,23.89999961853028,24.89999961853028,22.00114631652832,71781,0.0,0.0
2016-10-14,25.5,25.600000381469727,24.549999237060547,24.950000762939453,22.04532623291016,16058,0.0,0.0
2016-10-17,24.799999237060547,26.5,24.799999237060547,26.350000381469727,23.28234100341797,49172,0.0,0.0
2016-10-18,26.5,28.25,26.0,27.850000381469727,24.607711791992188,107445,0.0,0.0
2016-10-19,27.850000381469727,27.850000381469727,26.299999237060547,27.049999237060547,23.900842666625977,42076,0.0,0.0
2016-10-20,27.549999237060547,27.549999237060547,26.5,27.100000381469727,23.945024490356445,17985,0.0,0.0
2016-10-21,27.200000762939453,27.549999237060547,26.350000381469727,26.5,23.41487503051757,51883,0.0,0.0
2016-10-24,26.799999237060547,27.0,25.850000381469727,26.39999961853028,23.32651901245117,26517,0.0,0.0
2016-10-25,26.39999961853028,26.600000381469727,26.0,26.25,23.193979263305664,20486,0.0,0.0
2016-10-26,26.299999237060547,26.299999237060547,25.25,25.64999961853028,22.66383171081543,28721,0.0,0.0
2016-10-27,25.600000381469727,26.100000381469727,25.299999237060547,25.850000381469727,22.84054946899414,6799,0.0,0.0
2016-10-28,26.0,28.600000381469727,26.0,26.600000381469727,23.503236770629883,155312,0.0,0.0
2016-11-01,26.39999961853028,26.39999961853028,25.700000762939453,25.799999237060547,22.796367645263672,39106,0.0,0.0
2016-11-02,25.700000762939453,25.950000762939453,25.0,25.39999961853028,22.44293785095215,67601,0.0,0.0
2016-11-03,26.0,27.0,25.299999237060547,25.600000381469727,22.61965560913086,28134,0.0,0.0
2016-11-04,25.39999961853028,25.799999237060547,24.0,24.299999237060547,21.47100067138672,24628,0.0,0.0
2016-11-07,24.600000381469727,25.799999237060547,24.5,25.14999961853028,22.222042083740234,23317,0.0,0.0
2016-11-08,26.700000762939453,26.700000762939453,22.89999961853028,23.600000381469727,20.85249137878418,71495,0.0,0.0
2016-11-09,22.89999961853028,23.350000381469727,21.0,22.89999961853028,20.23398780822754,55577,0.0,0.0
2016-11-10,22.5,24.0,22.5,23.100000381469727,20.410703659057617,20955,0.0,0.0
2016-11-11,22.950000762939453,22.950000762939453,21.850000381469727,22.049999237060547,19.482940673828125,39703,0.0,0.0
2016-11-15,21.5,21.549999237060547,20.200000762939453,20.799999237060547,18.378467559814453,63507,0.0,0.0
2016-11-16,21.350000381469727,21.5,20.600000381469727,20.89999961853028,18.466827392578125,48815,0.0,0.0
2016-11-17,21.0,21.0,20.39999961853028,20.549999237060547,18.15757369995117,13989,0.0,0.0
2016-11-18,20.600000381469727,20.89999961853028,20.200000762939453,20.600000381469727,18.20175170898437,13295,0.0,0.0
2016-11-21,20.600000381469727,20.64999961853028,19.5,20.0,17.67160415649414,37137,0.0,0.0
2016-11-22,20.799999237060547,20.799999237060547,19.799999237060547,20.100000381469727,17.75996208190918,12653,0.0,0.0
2016-11-23,20.200000762939453,22.5,20.200000762939453,22.350000381469727,19.748018264770508,49400,0.0,0.0
2016-11-24,21.89999961853028,22.0,21.0,21.25,18.77607727050781,19451,0.0,0.0
2016-11-25,21.5,22.0,21.5,21.799999237060547,19.262046813964844,24305,0.0,0.0
2016-11-28,21.600000381469727,21.850000381469727,21.25,21.799999237060547,19.262046813964844,9442,0.0,0.0
2016-11-29,21.600000381469727,21.600000381469727,20.5,20.950000762939453,18.511005401611328,339322,0.0,0.0
2016-11-30,21.299999237060547,21.89999961853028,21.25,21.39999961853028,18.908615112304688,25807,0.0,0.0
2016-12-01,22.299999237060547,22.299999237060547,21.350000381469727,22.14999961853028,19.5713005065918,29677,0.0,0.0
2016-12-02,21.700000762939453,21.700000762939453,21.299999237060547,21.350000381469727,18.86443901062012,12802,0.0,0.0
2016-12-05,21.549999237060547,21.850000381469727,20.89999961853028,21.0,18.55518341064453,6717,0.0,0.0
2016-12-06,21.5,21.75,21.5,21.64999961853028,19.1295108795166,4277,0.0,0.0
2016-12-07,21.39999961853028,21.799999237060547,21.39999961853028,21.39999961853028,18.908615112304688,8132,0.0,0.0
2016-12-08,21.799999237060547,21.799999237060547,21.200000762939453,21.350000381469727,18.86443901062012,8763,0.0,0.0
2016-12-09,21.64999961853028,21.89999961853028,21.0,21.64999961853028,19.1295108795166,12558,0.0,0.0
2016-12-12,21.799999237060547,21.799999237060547,21.200000762939453,21.5,18.99697494506836,7530,0.0,0.0
2016-12-13,21.25,21.950000762939453,20.200000762939453,21.100000381469727,18.643543243408203,13284,0.0,0.0
2016-12-14,21.64999961853028,21.64999961853028,21.200000762939453,21.299999237060547,18.82026100158692,1426,0.0,0.0
2016-12-15,21.600000381469727,21.600000381469727,20.600000381469727,21.200000762939453,18.73190116882324,7025,0.0,0.0
2016-12-16,21.200000762939453,21.64999961853028,20.600000381469727,21.14999961853028,18.68772315979004,12119,0.0,0.0
2016-12-19,21.200000762939453,21.450000762939453,20.799999237060547,20.89999961853028,18.466827392578125,3432,0.0,0.0
2016-12-20,21.200000762939453,21.200000762939453,20.549999237060547,20.950000762939453,18.511005401611328,9569,0.0,0.0
2016-12-21,21.100000381469727,23.25,20.850000381469727,21.14999961853028,18.68772315979004,18827,0.0,0.0
2016-12-22,21.5,21.5,20.549999237060547,20.64999961853028,18.24593162536621,17470,0.0,0.0
2016-12-23,21.600000381469727,21.600000381469727,20.5,20.700000762939453,18.29011344909668,10251,0.0,0.0
2016-12-26,20.549999237060547,20.549999237060547,20.0,20.100000381469727,17.75996208190918,17924,0.0,0.0
2016-12-27,20.200000762939453,20.39999961853028,20.200000762939453,20.299999237060547,17.93667984008789,6652,0.0,0.0
2016-12-28,20.600000381469727,20.799999237060547,20.200000762939453,20.350000381469727,17.980857849121094,10511,0.0,0.0
2016-12-29,20.5,21.39999961853028,20.39999961853028,20.850000381469727,18.42264938354492,20488,0.0,0.0
2016-12-30,20.950000762939453,21.39999961853028,20.89999961853028,21.049999237060547,18.5993595123291,4405,0.0,0.0
2017-01-02,20.64999961853028,20.950000762939453,20.299999237060547,20.450000762939453,18.0692138671875,8135,0.0,0.0
2017-01-03,20.549999237060547,21.25,20.549999237060547,20.950000762939453,18.511005401611328,10168,0.0,0.0
2017-01-04,21.200000762939453,22.5,21.200000762939453,21.75,19.21786880493164,39078,0.0,0.0
2017-01-05,22.25,23.5,21.64999961853028,23.100000381469727,20.410703659057617,74963,0.0,0.0
2017-01-06,24.0,27.39999961853028,24.0,25.100000381469727,22.1778621673584,500524,0.0,0.0
2017-01-09,25.5,25.5,23.100000381469727,24.049999237060547,21.25010108947754,50694,0.0,0.0
2017-01-10,24.049999237060547,25.5,23.700000762939453,24.14999961853028,21.33846092224121,33430,0.0,0.0
2017-01-11,24.299999237060547,24.700000762939453,23.549999237060547,23.950000762939453,21.1617488861084,315553,0.0,0.0
2017-01-12,23.89999961853028,24.350000381469727,23.39999961853028,23.75,20.98502922058105,26153,0.0,0.0
2017-01-13,24.0,24.0,23.5,23.799999237060547,21.02920913696289,12213,0.0,0.0
2017-01-16,23.89999961853028,24.0,23.14999961853028,23.5,20.764137268066406,21162,0.0,0.0
2017-01-17,23.350000381469727,23.89999961853028,23.049999237060547,23.5,20.764137268066406,10490,0.0,0.0
2017-01-18,23.299999237060547,23.89999961853028,23.299999237060547,23.549999237060547,20.80831527709961,20755,0.0,0.0
2017-01-19,23.89999961853028,24.5,23.5,23.549999237060547,20.80831527709961,10157,0.0,0.0
2017-01-20,24.0,24.100000381469727,23.299999237060547,23.450000762939453,20.71995735168457,11231,0.0,0.0
2017-01-23,23.700000762939453,24.0,22.799999237060547,23.0,20.322343826293945,14007,0.0,0.0
2017-01-24,23.700000762939453,23.700000762939453,22.200000762939453,23.0,20.322343826293945,59477,0.0,0.0
2017-01-25,23.0,23.100000381469727,22.39999961853028,22.850000381469727,20.189809799194336,45801,0.0,0.0
2017-01-27,23.25,24.0,23.100000381469727,23.25,20.54323959350586,38606,0.0,0.0
2017-01-30,23.25,23.600000381469727,23.14999961853028,23.450000762939453,20.71995735168457,12184,0.0,0.0
2017-01-31,23.200000762939453,23.799999237060547,23.0,23.14999961853028,20.45488166809082,9393,0.0,0.0
2017-02-01,23.14999961853028,23.200000762939453,23.049999237060547,23.100000381469727,20.410703659057617,5400,0.0,0.0
2017-02-02,23.850000381469727,23.89999961853028,23.200000762939453,23.299999237060547,20.58741950988769,9130,0.0,0.0
2017-02-03,23.450000762939453,23.950000762939453,23.450000762939453,23.75,20.98502922058105,7806,0.0,0.0
2017-02-06,23.950000762939453,23.950000762939453,23.25,23.64999961853028,20.896669387817383,13323,0.0,0.0
2017-02-07,23.75,23.799999237060547,23.25,23.39999961853028,20.67577743530273,8696,0.0,0.0
2017-02-08,23.450000762939453,23.64999961853028,22.200000762939453,23.350000381469727,20.6315975189209,17575,0.0,0.0
2017-02-09,23.0,23.100000381469727,22.25,22.700000762939453,20.057273864746094,32157,0.0,0.0
2017-02-10,22.75,23.0,22.549999237060547,22.64999961853028,20.01309394836425,28462,0.0,0.0
2017-02-13,22.450000762939453,24.0,22.450000762939453,22.89999961853028,20.23398780822754,58714,0.0,0.0
2017-02-14,22.700000762939453,22.850000381469727,22.299999237060547,22.549999237060547,19.924734115600582,10466,0.0,0.0
2017-02-15,22.549999237060547,22.950000762939453,22.200000762939453,22.39999961853028,19.79219627380371,15729,0.0,0.0
2017-02-16,22.5,23.0,22.25,22.89999961853028,20.23398780822754,11545,0.0,0.0
2017-02-17,23.100000381469727,23.100000381469727,22.25,22.350000381469727,19.748018264770508,30574,0.0,0.0
2017-02-20,22.799999237060547,23.0,22.25,22.799999237060547,20.373517990112305,28399,0.25,0.0
2017-02-21,22.950000762939453,22.950000762939453,22.0,22.25,19.882057189941406,22739,0.0,0.0
2017-02-22,22.0,22.700000762939453,21.200000762939453,22.350000381469727,19.971412658691406,11509,0.0,0.0
2017-02-23,22.5,22.700000762939453,22.39999961853028,22.549999237060547,20.15012550354004,17364,0.0,0.0
2017-02-27,22.700000762939453,22.950000762939453,21.700000762939453,22.39999961853028,20.016090393066406,19510,0.0,0.0
2017-02-28,22.14999961853028,22.450000762939453,22.0,22.14999961853028,19.792694091796875,27545,0.0,0.0
2017-03-01,22.39999961853028,22.5,22.14999961853028,22.350000381469727,19.971412658691406,14029,0.0,0.0
2017-03-02,22.5,23.799999237060547,22.5,22.950000762939453,20.507556915283203,36704,0.0,0.0
2017-03-03,23.100000381469727,23.89999961853028,22.850000381469727,23.14999961853028,20.6862735748291,45045,0.0,0.0
2017-03-06,23.89999961853028,23.89999961853028,22.600000381469727,22.75,20.32884407043457,23433,0.0,0.0
2017-03-07,22.700000762939453,23.049999237060547,22.350000381469727,22.5,20.10544776916504,32334,0.0,0.0
2017-03-08,22.450000762939453,23.450000762939453,22.39999961853028,22.700000762939453,20.284164428710938,31490,0.0,0.0
2017-03-09,22.700000762939453,22.700000762939453,22.450000762939453,22.5,20.10544776916504,11260,0.0,0.0
2017-03-10,22.5,22.799999237060547,22.39999961853028,22.549999237060547,20.15012550354004,9136,0.0,0.0
2017-03-14,23.299999237060547,23.39999961853028,22.450000762939453,22.5,20.10544776916504,11648,0.0,0.0
2017-03-15,22.5,22.950000762939453,22.0,22.200000762939453,19.83737564086914,27909,0.0,0.0
2017-03-16,22.14999961853028,22.89999961853028,22.049999237060547,22.75,20.32884407043457,14277,0.0,0.0
2017-03-17,22.5,22.75,21.89999961853028,22.049999237060547,19.703338623046875,42950,0.0,0.0
2017-03-20,22.14999961853028,22.5,21.89999961853028,21.950000762939453,19.613985061645508,25179,0.0,0.0
2017-03-21,22.5,22.5,21.450000762939453,21.64999961853028,19.345909118652344,32568,0.0,0.0
2017-03-22,21.600000381469727,22.0,20.89999961853028,21.14999961853028,18.89912414550781,40666,0.0,0.0
2017-03-23,21.700000762939453,22.0,21.350000381469727,21.950000762939453,19.613985061645508,26932,0.0,0.0
2017-03-24,22.450000762939453,22.450000762939453,21.5,21.64999961853028,19.345909118652344,28590,0.0,0.0
2017-03-27,22.299999237060547,22.299999237060547,21.5,21.89999961853028,19.569299697875977,17140,0.0,0.0
2017-03-28,21.799999237060547,22.0,21.200000762939453,21.5,19.21187210083008,32612,0.0,0.0
2017-03-29,21.700000762939453,22.0,21.049999237060547,21.549999237060547,19.25655174255371,50794,0.0,0.0
2017-03-30,21.89999961853028,21.950000762939453,21.39999961853028,21.850000381469727,19.52462387084961,10542,0.0,0.0
2017-03-31,22.0,22.75,22.0,22.5,20.10544776916504,24558,0.0,0.0
2017-04-03,22.64999961853028,23.39999961853028,22.299999237060547,23.100000381469727,20.64159202575684,61746,0.0,0.0
2017-04-05,23.799999237060547,25.299999237060547,23.799999237060547,24.350000381469727,21.75856590270996,189090,0.0,0.0
2017-04-06,24.700000762939453,24.700000762939453,23.350000381469727,23.950000762939453,21.4011344909668,42045,0.0,0.0
2017-04-07,24.0,25.0,23.799999237060547,24.14999961853028,21.5798454284668,73559,0.0,0.0
2017-04-10,24.39999961853028,25.950000762939453,24.39999961853028,25.14999961853028,22.47342300415039,136732,0.0,0.0
2017-04-11,25.950000762939453,26.299999237060547,25.450000762939453,25.89999961853028,23.14360237121582,137514,0.0,0.0
2017-04-12,26.200000762939453,30.299999237060547,26.100000381469727,28.89999961853028,25.82432746887207,983905,0.0,0.0
2017-04-13,30.799999237060547,31.799999237060547,29.75,30.75,27.477447509765625,550499,0.0,0.0
2017-04-17,30.950000762939453,31.450000762939453,29.049999237060547,29.5,26.3604793548584,197807,0.0,0.0
2017-04-18,30.350000381469727,30.5,27.0,28.0,25.02011680603028,143106,0.0,0.0
2017-04-19,28.25,28.350000381469727,26.75,27.600000381469727,24.66268348693848,70771,0.0,0.0
2017-04-20,27.5,28.850000381469727,27.25,28.350000381469727,25.33286666870117,60626,0.0,0.0
2017-04-21,30.64999961853028,30.64999961853028,28.64999961853028,28.89999961853028,25.82432746887207,85916,0.0,0.0
2017-04-24,30.299999237060547,30.299999237060547,28.600000381469727,28.89999961853028,25.82432746887207,57837,0.0,0.0
2017-04-25,29.450000762939453,29.450000762939453,27.700000762939453,27.950000762939453,24.975435256958008,56550,0.0,0.0
2017-04-26,28.39999961853028,28.600000381469727,26.950000762939453,27.299999237060547,24.394609451293945,47548,0.0,0.0
2017-04-27,27.700000762939453,28.39999961853028,27.0,27.75,24.79672241210937,18729,0.0,0.0
2017-04-28,28.0,28.14999961853028,27.0,27.5,24.573326110839844,35745,0.0,0.0
2017-05-02,28.0,28.200000762939453,27.049999237060547,27.450000762939453,24.52864646911621,30646,0.0,0.0
2017-05-03,27.100000381469727,27.700000762939453,26.799999237060547,27.200000762939453,24.30525588989257,30891,0.0,0.0
2017-05-04,27.5,27.600000381469727,27.049999237060547,27.549999237060547,24.618003845214844,27460,0.0,0.0
2017-05-05,27.700000762939453,28.200000762939453,26.89999961853028,27.100000381469727,24.215896606445312,51884,0.0,0.0
2017-05-08,27.450000762939453,29.549999237060547,27.14999961853028,29.25,26.137083053588867,199793,0.0,0.0
2017-05-09,29.5,30.89999961853028,28.549999237060547,28.950000762939453,25.86901092529297,65515,0.0,0.0
2017-05-10,29.0,29.25,28.450000762939453,28.75,25.69029426574707,25295,0.0,0.0
2017-05-11,29.0,29.0,27.75,27.799999237060547,24.841398239135746,31168,0.0,0.0
2017-05-12,28.5,28.5,26.89999961853028,27.100000381469727,24.215896606445312,44429,0.0,0.0
2017-05-15,27.5,28.850000381469727,27.200000762939453,28.200000762939453,25.19882774353028,41422,0.0,0.0
2017-05-16,28.799999237060547,29.299999237060547,28.049999237060547,28.950000762939453,25.86901092529297,74409,0.0,0.0
2017-05-17,28.89999961853028,29.0,28.100000381469727,28.5,25.46689987182617,56193,0.0,0.0
2017-05-18,28.0,28.200000762939453,27.200000762939453,27.299999237060547,24.394609451293945,135843,0.0,0.0
2017-05-19,27.950000762939453,28.350000381469727,27.0,27.14999961853028,24.260574340820312,30514,0.0,0.0
2017-05-22,27.64999961853028,27.89999961853028,26.5,26.549999237060547,23.72443008422852,33540,0.0,0.0
2017-05-23,26.5,27.5,24.200000762939453,24.799999237060547,22.16067314147949,60659,0.0,0.0
2017-05-24,25.350000381469727,25.799999237060547,23.549999237060547,23.700000762939453,21.17774200439453,28387,0.0,0.0
2017-05-25,24.64999961853028,25.39999961853028,23.89999961853028,25.200000762939453,22.518102645874023,213145,0.0,0.0
2017-05-26,25.5,26.89999961853028,23.25,25.5,22.786176681518555,57812,0.0,0.0
2017-05-29,26.89999961853028,26.89999961853028,24.75,25.14999961853028,22.47342300415039,40903,0.0,0.0
2017-05-30,24.39999961853028,25.100000381469727,20.299999237060547,23.5,20.99902534484864,116818,0.0,0.0
2017-05-31,24.0,24.39999961853028,23.350000381469727,23.549999237060547,21.04370307922364,39028,0.0,0.0
2017-06-01,24.5,24.799999237060547,23.25,24.049999237060547,21.490488052368164,28033,0.0,0.0
2017-06-02,24.100000381469727,24.5,23.049999237060547,23.450000762939453,20.95434761047364,172570,0.0,0.0
2017-06-05,24.0,24.0,23.0,23.350000381469727,20.86498641967773,12497,0.0,0.0
2017-06-06,25.39999961853028,25.39999961853028,23.0,23.25,20.7756290435791,21681,0.0,0.0
2017-06-07,23.64999961853028,23.850000381469727,22.950000762939453,23.049999237060547,20.59691619873047,24841,0.0,0.0
2017-06-08,23.0,23.700000762939453,22.75,23.049999237060547,20.59691619873047,29091,0.0,0.0
2017-06-09,23.0,23.700000762939453,22.850000381469727,23.299999237060547,20.8203067779541,23754,0.0,0.0
2017-06-12,23.5,23.700000762939453,22.049999237060547,22.5,20.10544776916504,28895,0.0,0.0
2017-06-13,22.799999237060547,23.049999237060547,21.600000381469727,22.600000381469727,20.194807052612305,54517,0.0,0.0
2017-06-14,23.100000381469727,23.14999961853028,22.14999961853028,22.850000381469727,20.41819953918457,10901,0.0,0.0
2017-06-15,23.0,23.299999237060547,22.549999237060547,22.700000762939453,20.284164428710938,15980,0.0,0.0
2017-06-16,23.0,23.450000762939453,22.700000762939453,22.850000381469727,20.41819953918457,36584,0.0,0.0
2017-06-19,23.0,23.600000381469727,22.5,22.700000762939453,20.284164428710938,38401,0.0,0.0
2017-06-20,22.64999961853028,23.450000762939453,22.64999961853028,22.89999961853028,20.462879180908203,27101,0.0,0.0
2017-06-21,23.0,23.049999237060547,22.64999961853028,22.799999237060547,20.373517990112305,6708,0.0,0.0
2017-06-22,22.799999237060547,22.950000762939453,21.89999961853028,22.049999237060547,19.703338623046875,95794,0.0,0.0
2017-06-23,22.350000381469727,22.350000381469727,21.5,21.89999961853028,19.569299697875977,29229,0.0,0.0
2017-06-27,21.64999961853028,22.350000381469727,21.600000381469727,21.89999961853028,19.569299697875977,25656,0.0,0.0
2017-06-28,22.200000762939453,22.200000762939453,21.700000762939453,22.100000381469727,19.74802017211914,14202,0.0,0.0
2017-06-29,22.39999961853028,22.39999961853028,21.799999237060547,21.950000762939453,19.613985061645508,10240,0.0,0.0
2017-06-30,22.14999961853028,22.14999961853028,21.549999237060547,22.049999237060547,19.703338623046875,17472,0.0,0.0
2017-07-03,22.350000381469727,22.549999237060547,22.0,22.39999961853028,20.016090393066406,19974,0.0,0.0
2017-07-04,22.600000381469727,22.950000762939453,22.5,22.600000381469727,20.194807052612305,13347,0.0,0.0
2017-07-05,22.850000381469727,23.350000381469727,22.5,23.100000381469727,20.64159202575684,43144,0.0,0.0
2017-07-06,23.799999237060547,23.799999237060547,23.14999961853028,23.450000762939453,20.95434761047364,29106,0.0,0.0
2017-07-07,23.200000762939453,24.200000762939453,23.14999961853028,24.049999237060547,21.490488052368164,33504,0.0,0.0
2017-07-10,26.75,26.75,24.049999237060547,24.350000381469727,21.75856590270996,16534,0.0,0.0
2017-07-11,24.450000762939453,24.450000762939453,23.0,23.5,20.99902534484864,18129,0.0,0.0
2017-07-12,23.5,28.200000762939453,23.5,28.200000762939453,25.19882774353028,1001856,0.0,0.0
2017-07-13,30.0,30.0,25.64999961853028,26.25,23.456357955932617,276734,0.0,0.0
2017-07-14,26.600000381469727,27.850000381469727,25.39999961853028,25.600000381469727,22.875534057617188,77584,0.0,0.0
2017-07-17,26.0,26.950000762939453,25.799999237060547,26.0,23.23296356201172,53850,0.0,0.0
2017-07-18,26.100000381469727,26.100000381469727,24.5,24.600000381469727,21.981958389282227,88710,0.0,0.0
2017-07-19,25.0,26.049999237060547,24.200000762939453,24.799999237060547,22.16067314147949,71585,0.0,0.0
2017-07-20,25.049999237060547,25.350000381469727,24.600000381469727,25.100000381469727,22.42874526977539,33073,0.0,0.0
2017-07-21,25.0,25.64999961853028,25.0,25.299999237060547,22.607458114624023,36418,0.0,0.0
2017-07-24,25.5,26.25,24.700000762939453,25.549999237060547,22.83085250854492,43436,0.0,0.0
2017-07-25,25.700000762939453,26.25,25.200000762939453,25.39999961853028,22.69681739807129,24834,0.0,0.0
2017-07-26,25.200000762939453,26.0,25.200000762939453,25.64999961853028,22.920209884643555,30239,0.0,0.0
2017-07-27,25.64999961853028,25.89999961853028,24.200000762939453,24.700000762939453,22.07131576538086,29524,0.0,0.0
2017-07-28,25.0,25.200000762939453,24.200000762939453,24.75,22.11599349975586,23493,0.0,0.0
2017-07-31,24.89999961853028,25.0,24.0,24.700000762939453,22.07131576538086,29986,0.0,0.0
2017-08-01,24.89999961853028,25.299999237060547,24.350000381469727,24.549999237060547,21.93727684020996,19923,0.0,0.0
2017-08-02,24.39999961853028,24.600000381469727,24.049999237060547,24.100000381469727,21.5351676940918,13379,0.0,0.0
2017-08-03,24.299999237060547,24.299999237060547,23.700000762939453,23.89999961853028,21.35645294189453,10692,0.0,0.0
2017-08-04,24.0,24.0,23.600000381469727,24.0,21.4458122253418,22461,0.0,0.0
2017-08-07,25.39999961853028,25.39999961853028,23.549999237060547,24.049999237060547,21.490488052368164,21937,0.0,0.0
2017-08-08,24.049999237060547,24.200000762939453,23.299999237060547,23.450000762939453,20.95434761047364,17436,0.0,0.0
2017-08-09,23.700000762939453,23.700000762939453,22.549999237060547,23.350000381469727,20.86498641967773,36006,0.0,0.0
2017-08-10,23.0,23.5,21.600000381469727,22.39999961853028,20.016090393066406,30749,0.0,0.0
2017-08-11,21.64999961853028,23.0,21.5,22.049999237060547,19.703338623046875,71338,0.0,0.0
2017-08-14,22.25,22.850000381469727,22.100000381469727,22.450000762939453,20.060768127441406,32009,0.0,0.0
2017-08-16,22.14999961853028,22.950000762939453,21.700000762939453,22.39999961853028,20.016090393066406,22656,0.0,0.0
2017-08-17,22.600000381469727,22.950000762939453,22.200000762939453,22.700000762939453,20.284164428710938,75479,0.0,0.0
2017-08-18,22.700000762939453,22.950000762939453,22.100000381469727,22.25,19.882057189941406,16231,0.0,0.0
2017-08-21,22.25,22.799999237060547,21.799999237060547,22.049999237060547,19.703338623046875,10680,0.0,0.0
2017-08-22,22.14999961853028,22.75,22.100000381469727,22.14999961853028,19.792694091796875,6411,0.0,0.0
2017-08-23,22.049999237060547,22.5,22.049999237060547,22.25,19.882057189941406,21205,0.0,0.0
2017-08-24,22.200000762939453,22.89999961853028,22.200000762939453,22.850000381469727,20.41819953918457,8267,0.0,0.0
2017-08-28,22.89999961853028,23.5,22.14999961853028,22.549999237060547,20.15012550354004,21089,0.0,0.0
2017-08-29,22.549999237060547,22.89999961853028,22.5,22.5,20.10544776916504,8488,0.0,0.0
2017-08-30,22.549999237060547,22.950000762939453,22.39999961853028,22.600000381469727,20.42171287536621,9150,0.25,0.0
2017-08-31,22.799999237060547,22.950000762939453,22.450000762939453,22.850000381469727,20.64762115478516,8463,0.0,0.0
2017-09-01,22.700000762939453,24.700000762939453,22.39999961853028,23.299999237060547,21.054244995117188,50308,0.0,0.0
2017-09-04,23.0,24.5,22.75,23.89999961853028,21.59641456604004,26406,0.0,0.0
2017-09-05,24.0,25.100000381469727,24.0,24.549999237060547,22.18376350402832,58216,0.0,0.0
2017-09-06,24.89999961853028,25.14999961853028,24.299999237060547,24.64999961853028,22.27412796020508,40857,0.0,0.0
2017-09-07,24.39999961853028,24.89999961853028,23.850000381469727,24.0,21.6867733001709,25132,0.0,0.0
2017-09-08,23.89999961853028,26.39999961853028,23.64999961853028,25.89999961853028,23.40364646911621,216892,0.0,0.0
2017-09-11,26.25,26.39999961853028,24.350000381469727,24.5,22.13858222961425,65155,0.0,0.0
2017-09-12,24.89999961853028,25.200000762939453,24.100000381469727,24.350000381469727,22.003042221069336,21819,0.0,0.0
2017-09-13,24.5,25.0,23.5,23.64999961853028,21.37051010131836,46501,0.0,0.0
2017-09-14,24.0,24.5,23.75,24.0,21.6867733001709,36359,0.0,0.0
2017-09-15,23.799999237060547,24.0,23.25,23.799999237060547,21.506053924560547,39048,0.0,0.0
2017-09-18,24.0,24.25,23.299999237060547,23.450000762939453,21.18978881835937,21970,0.0,0.0
2017-09-19,23.600000381469727,23.89999961853028,22.89999961853028,23.0,20.783159255981445,30867,0.0,0.0
2017-09-20,23.200000762939453,25.75,23.200000762939453,24.39999961853028,22.04822540283203,246351,0.0,0.0
2017-09-21,24.64999961853028,25.64999961853028,24.549999237060547,25.450000762939453,22.99701881408692,136794,0.0,0.0
2017-09-22,25.39999961853028,25.39999961853028,23.700000762939453,25.0,22.59039306640625,79307,0.0,0.0
2017-09-25,24.799999237060547,25.0,23.200000762939453,23.950000762939453,21.64159774780273,54432,0.0,0.0
2017-09-26,23.950000762939453,24.850000381469727,23.600000381469727,23.799999237060547,21.506053924560547,23418,0.0,0.0
2017-09-27,24.25,24.39999961853028,23.25,23.39999961853028,21.144609451293945,23179,0.0,0.0
2017-09-28,23.350000381469727,24.0,23.299999237060547,23.700000762939453,21.41569328308105,14896,0.0,0.0
2017-09-29,23.75,24.350000381469727,23.0,23.549999237060547,21.280149459838867,25772,0.0,0.0
2017-10-03,23.549999237060547,24.5,23.100000381469727,23.450000762939453,21.18978881835937,33964,0.0,0.0
2017-10-04,24.0,24.200000762939453,23.100000381469727,23.5,21.23497009277344,18659,0.0,0.0
2017-10-05,23.5,24.0,23.25,23.600000381469727,21.32533073425293,17221,0.0,0.0
2017-10-06,23.950000762939453,26.100000381469727,23.64999961853028,24.5,22.13858222961425,146795,0.0,0.0
2017-10-09,25.600000381469727,25.600000381469727,24.0,24.25,21.91267776489257,100769,0.0,0.0
2017-10-10,24.75,24.75,23.89999961853028,24.100000381469727,21.777137756347656,49669,0.0,0.0
2017-10-11,24.299999237060547,25.0,23.14999961853028,23.799999237060547,21.506053924560547,105042,0.0,0.0
2017-10-12,24.0,24.25,23.200000762939453,23.700000762939453,21.41569328308105,21853,0.0,0.0
2017-10-13,23.5,24.0,23.5,23.799999237060547,21.506053924560547,19623,0.0,0.0
2017-10-16,23.75,24.299999237060547,23.5,24.100000381469727,21.777137756347656,25497,0.0,0.0
2017-10-17,23.5,24.0,23.299999237060547,23.549999237060547,21.280149459838867,39674,0.0,0.0
2017-10-18,23.5,24.0,23.350000381469727,23.89999961853028,21.59641456604004,13752,0.0,0.0
2017-10-19,24.5,24.5,23.799999237060547,24.14999961853028,21.822315216064453,29520,0.0,0.0
2017-10-23,24.049999237060547,24.450000762939453,23.75,23.799999237060547,21.506053924560547,35595,0.0,0.0
2017-10-24,23.799999237060547,27.14999961853028,23.799999237060547,26.75,24.171720504760746,329211,0.0,0.0
2017-10-25,27.25,27.25,25.299999237060547,25.850000381469727,23.35846519470215,99465,0.0,0.0
2017-10-26,25.25,26.25,25.14999961853028,25.25,22.816293716430664,31754,0.0,0.0
2017-10-27,25.0,25.450000762939453,24.5,24.850000381469727,22.454849243164062,82345,0.0,0.0
2017-10-30,25.39999961853028,25.64999961853028,25.0,25.25,22.816293716430664,42899,0.0,0.0
2017-10-31,25.450000762939453,25.450000762939453,24.850000381469727,25.0,22.59039306640625,31093,0.0,0.0
2017-11-01,25.14999961853028,25.39999961853028,25.0,25.200000762939453,22.771114349365234,69219,0.0,0.0
2017-11-02,25.64999961853028,25.799999237060547,25.299999237060547,25.350000381469727,22.90666007995605,41956,0.0,0.0
2017-11-03,25.89999961853028,25.89999961853028,25.299999237060547,25.350000381469727,22.90666007995605,31059,0.0,0.0
2017-11-06,25.850000381469727,25.89999961853028,25.100000381469727,25.39999961853028,22.95184135437012,50408,0.0,0.0
2017-11-07,25.600000381469727,27.0,25.0,25.39999961853028,22.95184135437012,132775,0.0,0.0
2017-11-08,25.799999237060547,26.0,24.799999237060547,24.950000762939453,22.545209884643555,25361,0.0,0.0
2017-11-09,25.5,25.950000762939453,24.89999961853028,25.200000762939453,22.771114349365234,33221,0.0,0.0
2017-11-10,25.200000762939453,25.600000381469727,24.299999237060547,25.14999961853028,22.72593307495117,43921,0.0,0.0
2017-11-13,25.0,25.75,24.200000762939453,24.75,22.36448860168457,59730,0.0,0.0
2017-11-14,24.850000381469727,24.850000381469727,24.25,24.299999237060547,21.95785903930664,12292,0.0,0.0
2017-11-15,24.100000381469727,24.39999961853028,23.200000762939453,24.0,21.6867733001709,26942,0.0,0.0
2017-11-16,24.350000381469727,26.39999961853028,24.0,25.75,23.268104553222656,320808,0.0,0.0
2017-11-17,26.14999961853028,26.5,25.25,25.600000381469727,23.13256072998047,79013,0.0,0.0
2017-11-20,25.25,26.200000762939453,24.450000762939453,24.75,22.36448860168457,104724,0.0,0.0
2017-11-21,25.200000762939453,25.5,24.799999237060547,25.049999237060547,22.63557243347168,41176,0.0,0.0
2017-11-22,24.950000762939453,26.700000762939453,24.350000381469727,25.64999961853028,23.177743911743164,179135,0.0,0.0
2017-11-23,26.100000381469727,29.39999961853028,25.64999961853028,27.5,24.84943389892578,671256,0.0,0.0
2017-11-24,27.700000762939453,30.950000762939453,27.39999961853028,29.450000762939453,26.61148262023925,601913,0.0,0.0
2017-11-27,30.0,31.0,29.850000381469727,30.100000381469727,27.19883155822754,286848,0.0,0.0
2017-11-28,30.0,31.0,29.100000381469727,30.25,27.334373474121094,183219,0.0,0.0
2017-11-29,30.5,35.70000076293945,30.299999237060547,33.849998474121094,30.58738899230957,1052716,0.0,0.0
2017-11-30,34.04999923706055,35.45000076293945,31.0,33.900001525878906,30.632572174072266,401026,0.0,0.0
2017-12-01,34.400001525878906,36.25,33.650001525878906,34.0,30.72293281555176,329509,0.0,0.0
2017-12-04,34.5,35.400001525878906,33.0,33.45000076293945,30.225942611694336,167682,0.0,0.0
2017-12-05,34.900001525878906,34.900001525878906,32.0,32.349998474121094,29.23196792602539,107898,0.0,0.0
2017-12-06,31.39999961853028,33.5,31.39999961853028,31.850000381469727,28.7801570892334,104884,0.0,0.0
2017-12-07,32.45000076293945,33.5,32.0,32.849998474121094,29.683773040771484,53568,0.0,0.0
2017-12-08,32.900001525878906,34.0,31.799999237060547,32.150001525878906,29.051244735717773,90823,0.0,0.0
2017-12-11,32.5,33.400001525878906,32.0,32.150001525878906,29.051244735717773,79675,0.0,0.0
2017-12-12,32.79999923706055,32.95000076293945,31.0,31.64999961853028,28.59943580627441,109441,0.0,0.0
2017-12-13,32.0,32.400001525878906,31.200000762939453,31.549999237060547,28.50907516479492,42538,0.0,0.0
2017-12-14,31.64999961853028,32.20000076293945,30.850000381469727,31.0,28.012086868286133,51433,0.0,0.0
2017-12-15,31.5,31.799999237060547,30.350000381469727,30.64999961853028,27.69582176208496,34039,0.0,0.0
2017-12-18,30.549999237060547,31.5,28.0,30.600000381469727,27.6506404876709,50449,0.0,0.0
2017-12-19,30.950000762939453,32.150001525878906,30.299999237060547,31.5,28.46389579772949,65841,0.0,0.0
2017-12-20,31.0,34.20000076293945,30.799999237060547,32.099998474121094,29.00606155395508,145327,0.0,0.0
2017-12-21,32.5,33.900001525878906,32.099998474121094,32.400001525878906,29.27715110778809,70198,0.0,0.0
2017-12-22,32.20000076293945,32.75,31.0,31.25,28.237993240356445,68386,0.0,0.0
2017-12-26,31.600000381469727,32.25,30.5,31.25,28.237993240356445,59693,0.0,0.0
2017-12-27,32.0,32.75,31.600000381469727,31.700000762939453,28.64461898803711,96441,0.0,0.0
2017-12-28,31.850000381469727,32.400001525878906,31.75,32.20000076293945,29.09642791748047,52451,0.0,0.0
2017-12-29,32.70000076293945,33.0,31.600000381469727,31.700000762939453,28.64461898803711,41475,0.0,0.0
2018-01-01,31.549999237060547,32.150001525878906,30.950000762939453,31.100000381469727,28.102447509765625,57942,0.0,0.0
2018-01-02,31.89999961853028,31.89999961853028,30.299999237060547,30.64999961853028,27.69582176208496,54649,0.0,0.0
2018-01-03,30.75,32.849998474121094,30.25,31.64999961853028,28.59943580627441,130085,0.0,0.0
2018-01-04,32.70000076293945,32.70000076293945,31.64999961853028,32.099998474121094,29.00606155395508,39840,0.0,0.0
2018-01-05,32.5,32.900001525878906,31.299999237060547,31.5,28.46389579772949,73739,0.0,0.0
2018-01-08,31.5,32.0,30.75,31.39999961853028,28.373533248901367,100689,0.0,0.0
2018-01-09,30.64999961853028,33.45000076293945,30.64999961853028,32.0,28.91570281982422,160314,0.0,0.0
2018-01-10,32.25,32.849998474121094,31.14999961853028,31.549999237060547,28.50907516479492,48434,0.0,0.0
2018-01-11,31.89999961853028,32.29999923706055,31.350000381469727,31.549999237060547,28.50907516479492,30291,0.0,0.0
2018-01-12,32.0,32.20000076293945,31.049999237060547,31.350000381469727,28.328353881835938,50429,0.0,0.0
2018-01-15,32.29999923706055,32.29999923706055,30.64999961853028,30.950000762939453,27.96690559387207,80937,0.0,0.0
2018-01-16,30.950000762939453,31.299999237060547,29.450000762939453,29.700000762939453,26.837387084960938,69747,0.0,0.0
2018-01-17,28.75,29.75,28.14999961853028,29.350000381469727,26.52112197875977,59185,0.0,0.0
2018-01-18,29.64999961853028,29.799999237060547,27.850000381469727,28.25,25.527143478393555,56752,0.0,0.0
2018-01-19,28.25,29.5,27.850000381469727,27.89999961853028,25.21087646484375,58752,0.0,0.0
2018-01-22,28.0,28.700000762939453,27.100000381469727,28.200000762939453,25.481964111328125,33698,0.0,0.0
2018-01-23,28.0,28.700000762939453,28.0,28.200000762939453,25.481964111328125,37595,0.0,0.0
2018-01-24,27.549999237060547,28.200000762939453,27.39999961853028,27.799999237060547,25.12051582336425,33463,0.0,0.0
2018-01-25,27.700000762939453,28.14999961853028,27.299999237060547,27.850000381469727,25.165695190429688,33964,0.0,0.0
2018-01-29,27.75,29.14999961853028,27.350000381469727,28.0,25.301240921020508,40254,0.0,0.0
2018-01-30,27.200000762939453,28.25,26.100000381469727,26.549999237060547,23.990997314453125,39016,0.0,0.0
2018-01-31,26.100000381469727,29.0,26.100000381469727,26.89999961853028,24.307262420654297,54835,0.0,0.0
2018-02-01,27.799999237060547,27.799999237060547,26.5,26.64999961853028,24.08135986328125,25776,0.0,0.0
2018-02-02,25.850000381469727,26.5,24.5,24.89999961853028,22.500030517578125,83087,0.0,0.0
2018-02-05,24.5,25.700000762939453,24.0,25.299999237060547,22.86147689819336,71733,0.0,0.0
2018-02-06,24.549999237060547,24.850000381469727,23.64999961853028,24.25,21.91267776489257,46288,0.0,0.0
2018-02-07,24.299999237060547,27.850000381469727,24.299999237060547,25.700000762939453,23.2229232788086,36682,0.0,0.0
2018-02-08,25.549999237060547,26.549999237060547,24.549999237060547,25.75,23.268104553222656,41665,0.0,0.0
2018-02-09,25.200000762939453,25.549999237060547,24.600000381469727,25.0,22.59039306640625,56987,0.0,0.0
2018-02-12,26.5,29.0,25.600000381469727,27.75,25.075336456298828,185112,0.0,0.0
2018-02-14,27.549999237060547,27.89999961853028,26.350000381469727,26.64999961853028,24.08135986328125,29958,0.0,0.0
2018-02-15,26.64999961853028,27.5,25.700000762939453,25.850000381469727,23.35846519470215,22751,0.0,0.0
2018-02-16,25.549999237060547,26.5,25.0,25.64999961853028,23.177743911743164,34927,0.0,0.0
2018-02-19,25.350000381469727,25.950000762939453,24.5,24.799999237060547,22.40966796875,41881,0.0,0.0
2018-02-20,25.450000762939453,25.450000762939453,24.5,24.600000381469727,22.228946685791016,17735,0.0,0.0
2018-02-21,24.75,25.25,24.200000762939453,24.350000381469727,22.003042221069336,20725,0.0,0.0
2018-02-22,24.100000381469727,24.75,24.100000381469727,24.39999961853028,22.04822540283203,12144,0.0,0.0
2018-02-23,24.5,25.89999961853028,24.25,24.600000381469727,22.228946685791016,17693,0.0,0.0
2018-02-26,25.25,25.799999237060547,24.75,25.049999237060547,22.63557243347168,24616,0.0,0.0
2018-02-27,25.049999237060547,25.5,24.5,24.64999961853028,22.27412796020508,12098,0.0,0.0
2018-02-28,24.39999961853028,25.0,24.39999961853028,24.700000762939453,22.31930923461914,20209,0.0,0.0
2018-03-01,24.75,25.100000381469727,24.450000762939453,24.850000381469727,22.454849243164062,14027,0.0,0.0
2018-03-05,24.850000381469727,24.89999961853028,24.14999961853028,24.39999961853028,22.04822540283203,18102,0.0,0.0
2018-03-06,24.450000762939453,24.799999237060547,23.850000381469727,23.89999961853028,21.59641456604004,24191,0.0,0.0
2018-03-07,23.89999961853028,24.200000762939453,23.049999237060547,23.700000762939453,21.41569328308105,66924,0.0,0.0
2018-03-08,24.0,24.0,23.049999237060547,23.299999237060547,21.054244995117188,98484,0.0,0.0
2018-03-09,23.700000762939453,23.799999237060547,22.600000381469727,22.850000381469727,20.64762115478516,145220,0.0,0.0
2018-03-12,23.5,23.850000381469727,22.89999961853028,23.350000381469727,21.09942626953125,221220,0.0,0.0
2018-03-13,23.350000381469727,23.700000762939453,22.799999237060547,23.450000762939453,21.18978881835937,338749,0.0,0.0
2018-03-14,23.049999237060547,23.450000762939453,22.950000762939453,23.25,21.009063720703125,419088,0.0,0.0
2018-03-15,23.299999237060547,25.600000381469727,23.200000762939453,23.850000381469727,21.551231384277344,547923,0.0,0.0
2018-03-16,24.5,25.100000381469727,23.549999237060547,23.89999961853028,21.59641456604004,316198,0.0,0.0
2018-03-19,24.5,25.100000381469727,23.850000381469727,23.950000762939453,21.64159774780273,683882,0.0,0.0
2018-03-20,24.64999961853028,24.64999961853028,23.100000381469727,23.549999237060547,21.280149459838867,324288,0.0,0.0
2018-03-21,24.0,24.299999237060547,23.299999237060547,23.5,21.23497009277344,321588,0.0,0.0
2018-03-22,23.850000381469727,23.950000762939453,23.049999237060547,23.100000381469727,20.87352180480957,301543,0.0,0.0
2018-03-23,23.0,23.350000381469727,21.850000381469727,22.64999961853028,20.46689796447754,360444,0.0,0.0
2018-03-26,22.600000381469727,22.75,21.549999237060547,22.25,20.10544776916504,334083,0.0,0.0
2018-03-27,22.700000762939453,22.850000381469727,22.350000381469727,22.700000762939453,20.51207733154297,268862,0.0,0.0
2018-03-28,23.0,23.0,22.0,22.100000381469727,19.96990394592285,77593,0.0,0.0
2018-04-02,22.5,25.89999961853028,22.5,23.75,21.460872650146484,29941,0.0,0.0
2018-04-03,24.450000762939453,24.75,23.25,24.100000381469727,21.777137756347656,14913,0.0,0.0
2018-04-04,24.5,25.0,24.0,24.350000381469727,22.003042221069336,48239,0.0,0.0
2018-04-05,24.700000762939453,25.299999237060547,24.600000381469727,25.0,22.59039306640625,27020,0.0,0.0
2018-04-06,25.0,25.5,24.299999237060547,25.100000381469727,22.680753707885746,28515,0.0,0.0
2018-04-09,24.89999961853028,25.5,24.64999961853028,24.799999237060547,22.40966796875,16792,0.0,0.0
2018-04-10,25.14999961853028,25.14999961853028,24.450000762939453,24.600000381469727,22.228946685791016,6904,0.0,0.0
2018-04-11,25.0,25.0,24.5,24.600000381469727,22.228946685791016,12044,0.0,0.0
2018-04-12,24.549999237060547,24.600000381469727,24.25,24.350000381469727,22.003042221069336,5109,0.0,0.0
2018-04-13,24.049999237060547,24.799999237060547,24.049999237060547,24.39999961853028,22.04822540283203,8369,0.0,0.0
2018-04-16,24.950000762939453,24.950000762939453,24.100000381469727,24.299999237060547,21.95785903930664,13702,0.0,0.0
2018-04-17,24.89999961853028,24.89999961853028,24.299999237060547,24.64999961853028,22.27412796020508,5215,0.0,0.0
2018-04-18,24.89999961853028,24.89999961853028,23.799999237060547,23.850000381469727,21.551231384277344,33026,0.0,0.0
2018-04-19,23.549999237060547,24.200000762939453,23.5,23.75,21.460872650146484,16680,0.0,0.0
2018-04-20,24.14999961853028,24.200000762939453,23.64999961853028,24.100000381469727,21.777137756347656,11192,0.0,0.0
2018-04-23,24.100000381469727,28.39999961853028,23.64999961853028,26.950000762939453,24.352445602416992,431476,0.0,0.0
2018-04-24,27.100000381469727,31.89999961853028,26.950000762939453,30.5,27.560277938842773,541532,0.0,0.0
2018-04-25,30.0,32.70000076293945,30.0,30.75,27.78618431091309,734439,0.0,0.0
2018-04-26,30.5,31.799999237060547,29.39999961853028,29.850000381469727,26.972925186157227,153372,0.0,0.0
2018-04-27,30.75,31.25,29.14999961853028,30.200000762939453,27.28919219970703,134054,0.0,0.0
2018-04-30,30.200000762939453,30.5,29.549999237060547,29.850000381469727,26.972925186157227,58817,0.0,0.0
2018-05-02,29.600000381469727,29.600000381469727,27.700000762939453,28.14999961853028,25.43678092956543,47712,0.0,0.0
2018-05-03,28.299999237060547,33.0,27.100000381469727,31.600000381469727,28.55425453186035,626833,0.0,0.0
2018-05-04,32.0,33.599998474121094,31.100000381469727,31.5,28.46389579772949,527009,0.0,0.0
2018-05-07,31.5,31.89999961853028,29.89999961853028,30.350000381469727,27.42473793029785,187465,0.0,0.0
2018-05-08,30.049999237060547,31.350000381469727,29.14999961853028,30.700000762939453,27.74100112915039,156497,0.0,0.0
2018-05-09,30.200000762939453,32.400001525878906,30.200000762939453,30.75,27.78618431091309,54068,0.0,0.0
2018-05-10,31.0,32.79999923706055,29.299999237060547,31.89999961853028,28.825342178344727,257481,0.0,0.0
2018-05-11,31.600000381469727,32.45000076293945,30.0,31.450000762939453,28.4187126159668,77680,0.0,0.0
2018-05-14,31.14999961853028,31.64999961853028,30.100000381469727,30.14999961853028,27.244014739990234,15519,0.0,0.0
2018-05-15,30.0,31.0,29.14999961853028,29.600000381469727,26.74702262878418,15585,0.0,0.0
2018-05-16,29.299999237060547,30.450000762939453,28.299999237060547,28.950000762939453,26.159671783447266,60127,0.0,0.0
2018-05-17,29.450000762939453,31.39999961853028,29.14999961853028,29.549999237060547,26.70184326171875,79715,0.0,0.0
2018-05-18,29.350000381469727,30.200000762939453,28.14999961853028,28.5,25.753049850463867,27164,0.0,0.0
2018-05-21,28.350000381469727,28.950000762939453,27.200000762939453,27.450000762939453,24.80425262451172,17903,0.0,0.0
2018-05-22,27.200000762939453,28.200000762939453,27.0,27.25,24.6235294342041,14044,0.0,0.0
2018-05-23,27.75,27.799999237060547,25.700000762939453,25.950000762939453,23.44882774353028,43305,0.0,0.0
2018-05-24,26.39999961853028,26.39999961853028,25.0,25.350000381469727,22.90666007995605,29011,0.0,0.0
2018-05-25,25.39999961853028,27.0,25.350000381469727,25.64999961853028,23.177743911743164,31786,0.0,0.0
2018-05-28,25.299999237060547,26.600000381469727,25.299999237060547,26.5,23.945816040039062,15768,0.0,0.0
2018-05-29,26.25,26.549999237060547,26.100000381469727,26.14999961853028,23.62955093383789,10763,0.0,0.0
2018-05-30,26.200000762939453,27.299999237060547,26.049999237060547,26.950000762939453,24.352445602416992,20763,0.0,0.0
2018-05-31,27.0,27.200000762939453,26.0,26.450000762939453,23.900634765625,19657,0.0,0.0
2018-06-01,26.5,26.75,25.600000381469727,26.0,23.494009017944336,29280,0.0,0.0
2018-06-04,27.350000381469727,27.350000381469727,25.0,25.25,22.816293716430664,34732,0.0,0.0
2018-06-05,25.700000762939453,25.799999237060547,23.549999237060547,24.100000381469727,21.777137756347656,56079,0.0,0.0
2018-06-06,24.100000381469727,25.0,23.39999961853028,23.64999961853028,21.37051010131836,56514,0.0,0.0
2018-06-07,23.89999961853028,25.0,23.89999961853028,24.700000762939453,22.31930923461914,31843,0.0,0.0
2018-06-08,24.700000762939453,25.39999961853028,23.600000381469727,24.299999237060547,21.95785903930664,22796,0.0,0.0
2018-06-11,24.299999237060547,26.600000381469727,24.100000381469727,25.049999237060547,22.63557243347168,42278,0.0,0.0
2018-06-12,25.14999961853028,25.5,24.75,25.200000762939453,22.771114349365234,7360,0.0,0.0
2018-06-13,25.600000381469727,25.89999961853028,24.799999237060547,24.89999961853028,22.500030517578125,10656,0.0,0.0
2018-06-14,25.25,25.39999961853028,24.700000762939453,24.950000762939453,22.545209884643555,10930,0.0,0.0
2018-06-15,25.0,25.299999237060547,24.799999237060547,24.89999961853028,22.500030517578125,3732,0.0,0.0
2018-06-18,24.89999961853028,24.89999961853028,24.14999961853028,24.39999961853028,22.04822540283203,28660,0.0,0.0
2018-06-19,24.39999961853028,24.799999237060547,24.049999237060547,24.299999237060547,21.95785903930664,8824,0.0,0.0
2018-06-20,24.0,24.850000381469727,23.700000762939453,24.14999961853028,21.822315216064453,23645,0.0,0.0
2018-06-21,24.25,24.25,22.89999961853028,23.39999961853028,21.144609451293945,26555,0.0,0.0
2018-06-22,23.350000381469727,23.75,23.0,23.299999237060547,21.054244995117188,28461,0.0,0.0
2018-06-25,23.049999237060547,23.75,22.049999237060547,22.75,20.55725479125977,36996,0.0,0.0
2018-06-26,22.600000381469727,23.0,22.200000762939453,22.549999237060547,20.37653541564941,13963,0.0,0.0
2018-06-27,22.5,23.0,21.549999237060547,22.299999237060547,20.15062713623047,37075,0.0,0.0
2018-06-28,22.0,22.5,21.200000762939453,22.350000381469727,20.1958122253418,17037,0.0,0.0
2018-06-29,22.0,22.850000381469727,22.0,22.299999237060547,20.15062713623047,29855,0.0,0.0
2018-07-02,22.25,26.5,21.5,24.700000762939453,22.31930923461914,366688,0.0,0.0
2018-07-03,24.700000762939453,28.25,23.850000381469727,26.350000381469727,23.810274124145508,721809,0.0,0.0
2018-07-04,25.850000381469727,27.0,25.299999237060547,26.049999237060547,23.53918838500977,207068,0.0,0.0
2018-07-05,26.299999237060547,26.89999961853028,25.0,25.14999961853028,22.72593307495117,34357,0.0,0.0
2018-07-06,25.450000762939453,26.14999961853028,25.450000762939453,25.850000381469727,23.35846519470215,23224,0.0,0.0
2018-07-09,26.39999961853028,27.0,24.89999961853028,25.25,22.816293716430664,78303,0.0,0.0
2018-07-10,25.350000381469727,25.600000381469727,24.75,25.0,22.59039306640625,21666,0.0,0.0
2018-07-11,25.0,25.350000381469727,24.799999237060547,24.950000762939453,22.545209884643555,10703,0.0,0.0
2018-07-12,25.39999961853028,26.0,25.0,25.25,22.816293716430664,27543,0.0,0.0
2018-07-13,25.25,25.549999237060547,24.0,24.299999237060547,21.95785903930664,27655,0.0,0.0
2018-07-16,24.200000762939453,24.350000381469727,23.5,23.700000762939453,21.41569328308105,22400,0.0,0.0
2018-07-17,24.14999961853028,24.799999237060547,23.700000762939453,24.350000381469727,22.003042221069336,20641,0.0,0.0
2018-07-18,24.39999961853028,24.5,23.200000762939453,23.5,21.23497009277344,15951,0.0,0.0
2018-07-19,23.5,23.549999237060547,22.850000381469727,23.200000762939453,20.963882446289062,25611,0.0,0.0
2018-07-20,23.0,23.89999961853028,22.049999237060547,23.64999961853028,22.084447860717773,15328,0.75,0.0
2018-07-23,23.64999961853028,23.89999961853028,23.25,23.700000762939453,22.131141662597656,3481,0.0,0.0
2018-07-24,24.0,24.299999237060547,23.700000762939453,24.100000381469727,22.50465965270996,9846,0.0,0.0
2018-07-25,24.0,25.0,23.850000381469727,24.299999237060547,22.691421508789062,16405,0.0,0.0
2018-07-26,24.299999237060547,24.549999237060547,22.75,23.25,21.710926055908203,86336,0.0,0.0
2018-07-27,23.700000762939453,23.850000381469727,23.14999961853028,23.5,21.94437789916992,11969,0.0,0.0
2018-07-30,23.299999237060547,24.299999237060547,23.299999237060547,24.100000381469727,22.50465965270996,9474,0.0,0.0
2018-07-31,24.049999237060547,24.049999237060547,23.39999961853028,23.600000381469727,22.03775978088379,17705,0.0,0.0
2018-08-01,23.450000762939453,24.25,23.450000762939453,24.0,22.411279678344727,13696,0.0,0.0
2018-08-02,23.89999961853028,24.049999237060547,23.39999961853028,23.75,22.177827835083008,13851,0.0,0.0
2018-08-03,23.600000381469727,25.0,23.600000381469727,24.450000762939453,22.831493377685547,35854,0.0,0.0
2018-08-06,25.39999961853028,25.950000762939453,23.299999237060547,24.450000762939453,22.831493377685547,67088,0.0,0.0
2018-08-07,24.39999961853028,24.700000762939453,23.700000762939453,24.0,22.411279678344727,39307,0.0,0.0
2018-08-08,23.850000381469727,24.75,23.700000762939453,24.049999237060547,22.45796775817871,11952,0.0,0.0
2018-08-09,24.39999961853028,24.64999961853028,23.75,24.0,22.411279678344727,12082,0.0,0.0
2018-08-10,23.850000381469727,24.0,23.450000762939453,23.64999961853028,22.084447860717773,13269,0.0,0.0
2018-08-13,23.89999961853028,25.0,23.350000381469727,24.25,22.64472961425781,16755,0.0,0.0
2018-08-14,24.100000381469727,24.89999961853028,23.799999237060547,23.950000762939453,22.36458969116211,10156,0.0,0.0
2018-08-16,24.25,24.25,23.350000381469727,23.450000762939453,21.897687911987305,8909,0.0,0.0
2018-08-17,23.799999237060547,24.200000762939453,23.350000381469727,23.549999237060547,21.99106788635254,11879,0.0,0.0
2018-08-20,24.0,24.39999961853028,23.799999237060547,24.0,22.411279678344727,7762,0.0,0.0
2018-08-21,24.299999237060547,24.350000381469727,23.89999961853028,24.049999237060547,22.45796775817871,10773,0.0,0.0
2018-08-23,23.89999961853028,24.25,23.5,23.600000381469727,22.03775978088379,20424,0.0,0.0
2018-08-24,24.0,24.0,23.5,23.850000381469727,22.27120590209961,6095,0.0,0.0
2018-08-27,24.0,24.799999237060547,23.549999237060547,23.75,22.177827835083008,12384,0.0,0.0
2018-08-28,24.0,24.25,23.64999961853028,23.700000762939453,22.131141662597656,11807,0.0,0.0
2018-08-29,23.450000762939453,24.39999961853028,23.450000762939453,24.14999961853028,22.551347732543945,18430,0.0,0.0
2018-08-30,23.89999961853028,24.299999237060547,23.5,23.64999961853028,22.084447860717773,8313,0.0,0.0
2018-08-31,24.0,24.0,23.549999237060547,23.600000381469727,22.03775978088379,11272,0.0,0.0
2018-09-03,23.64999961853028,24.350000381469727,23.39999961853028,23.600000381469727,22.03775978088379,14221,0.0,0.0
2018-09-04,23.89999961853028,23.89999961853028,23.299999237060547,23.600000381469727,22.03775978088379,4772,0.0,0.0
2018-09-05,23.64999961853028,23.64999961853028,22.600000381469727,22.89999961853028,21.384096145629883,34935,0.0,0.0
2018-09-06,23.25,23.549999237060547,22.700000762939453,23.0,21.47747611999512,5547,0.0,0.0
2018-09-07,23.350000381469727,23.64999961853028,22.700000762939453,23.14999961853028,21.61754608154297,11889,0.0,0.0
2018-09-10,23.39999961853028,23.450000762939453,22.850000381469727,23.049999237060547,21.52416610717773,7500,0.0,0.0
2018-09-11,22.799999237060547,23.299999237060547,22.200000762939453,22.89999961853028,21.384096145629883,28666,0.0,0.0
2018-09-12,22.75,23.299999237060547,22.450000762939453,23.100000381469727,21.57085609436035,16995,0.0,0.0
2018-09-14,23.200000762939453,23.75,22.850000381469727,22.950000762939453,21.430784225463867,25297,0.0,0.0
2018-09-17,23.200000762939453,23.200000762939453,22.549999237060547,22.850000381469727,21.337406158447266,5672,0.0,0.0
2018-09-18,23.350000381469727,23.350000381469727,22.64999961853028,22.64999961853028,21.150644302368164,20736,0.0,0.0
2018-09-19,22.799999237060547,22.950000762939453,22.5,22.64999961853028,21.150644302368164,23676,0.0,0.0
2018-09-21,22.89999961853028,23.299999237060547,22.200000762939453,22.549999237060547,21.05726432800293,47435,0.0,0.0
2018-09-24,22.850000381469727,22.850000381469727,21.799999237060547,22.25,20.777124404907227,14804,0.0,0.0
2018-09-25,22.0,23.39999961853028,21.25,21.39999961853028,19.98339080810547,13922,0.0,0.0
2018-09-26,22.0,22.64999961853028,21.14999961853028,21.39999961853028,19.98339080810547,19386,0.0,0.0
2018-09-27,21.299999237060547,22.350000381469727,21.299999237060547,21.950000762939453,20.496984481811523,17157,0.0,0.0
2018-09-28,21.700000762939453,22.0,20.600000381469727,21.049999237060547,19.656557083129883,27650,0.0,0.0
2018-10-01,21.0,21.0,19.200000762939453,20.100000381469727,18.769445419311523,34582,0.0,0.0
2018-10-03,19.799999237060547,20.5,19.200000762939453,20.049999237060547,18.722755432128903,22264,0.0,0.0
2018-10-04,21.0,21.0,19.200000762939453,19.5,18.209163665771484,16274,0.0,0.0
2018-10-05,19.5,19.75,19.350000381469727,19.450000762939453,18.162477493286133,12844,0.0,0.0
2018-10-08,19.450000762939453,19.600000381469727,18.700000762939453,19.0,17.742263793945312,12257,0.0,0.0
2018-10-09,19.299999237060547,20.299999237060547,18.64999961853028,19.100000381469727,17.835641860961914,5375,0.0,0.0
2018-10-10,19.0,20.25,19.0,20.049999237060547,18.722755432128903,17285,0.0,0.0
2018-10-11,19.25,19.600000381469727,19.14999961853028,19.25,17.9757137298584,3372,0.0,0.0
2018-10-12,19.200000762939453,20.700000762939453,19.100000381469727,19.950000762939453,18.629375457763672,14190,0.0,0.0
2018-10-15,21.14999961853028,21.14999961853028,19.64999961853028,20.64999961853028,19.283037185668945,23128,0.0,0.0
2018-10-16,20.89999961853028,21.799999237060547,20.64999961853028,21.600000381469727,20.17015266418457,5898,0.0,0.0
2018-10-17,22.0,22.25,21.049999237060547,21.049999237060547,19.656557083129883,17637,0.0,0.0
2018-10-19,21.049999237060547,21.299999237060547,19.39999961853028,20.0,18.67606544494629,2209,0.0,0.0
2018-10-22,21.25,21.25,19.14999961853028,19.350000381469727,18.069095611572266,4091,0.0,0.0
2018-10-23,19.14999961853028,19.850000381469727,19.049999237060547,19.100000381469727,17.835641860961914,3378,0.0,0.0
2018-10-24,19.700000762939453,22.0,19.200000762939453,20.950000762939453,19.56318092346192,15254,0.0,0.0
2018-10-25,21.350000381469727,21.350000381469727,19.75,20.14999961853028,18.81613540649414,4622,0.0,0.0
2018-10-26,20.0,20.75,19.5,19.75,18.442615509033203,12893,0.0,0.0
2018-10-29,21.200000762939453,21.200000762939453,19.75,19.850000381469727,18.53599548339844,6336,0.0,0.0
2018-10-30,20.0,20.200000762939453,19.850000381469727,20.0,18.67606544494629,4504,0.0,0.0
2018-10-31,19.89999961853028,20.200000762939453,19.5,19.950000762939453,18.629375457763672,3711,0.0,0.0
2018-11-01,20.0,20.950000762939453,20.0,20.5,19.142967224121094,4080,0.0,0.0
2018-11-02,20.5,20.950000762939453,20.25,20.5,19.142967224121094,15529,0.0,0.0
2018-11-05,21.14999961853028,21.200000762939453,20.299999237060547,20.39999961853028,19.04958724975586,1987,0.0,0.0
2018-11-06,20.799999237060547,21.5,20.350000381469727,21.100000381469727,19.703248977661133,2855,0.0,0.0
2018-11-07,21.450000762939453,21.450000762939453,20.600000381469727,21.0,19.609867095947266,1892,0.0,0.0
2018-11-09,20.799999237060547,21.39999961853028,20.100000381469727,20.64999961853028,19.283037185668945,12259,0.0,0.0
2018-11-12,21.200000762939453,21.200000762939453,20.700000762939453,20.700000762939453,19.329729080200195,3009,0.0,0.0
2018-11-13,23.5,23.5,21.5,22.549999237060547,21.05726432800293,66242,0.0,0.0
2018-11-14,22.950000762939453,23.5,22.0,22.549999237060547,21.05726432800293,24239,0.0,0.0
2018-11-15,22.799999237060547,23.100000381469727,22.14999961853028,22.950000762939453,21.430784225463867,27734,0.0,0.0
2018-11-16,22.950000762939453,23.049999237060547,22.549999237060547,22.75,21.2440242767334,26621,0.0,0.0
2018-11-19,22.799999237060547,22.850000381469727,22.299999237060547,22.350000381469727,20.87050437927246,10467,0.0,0.0
2018-11-20,22.350000381469727,22.350000381469727,21.25,21.75,20.310222625732425,16225,0.0,0.0
2018-11-21,22.0,22.049999237060547,21.25,21.5,20.07676887512207,3268,0.0,0.0
2018-11-22,22.14999961853028,22.25,21.5,21.549999237060547,20.12346076965332,5940,0.0,0.0
2018-11-26,21.950000762939453,22.5,21.39999961853028,22.0,20.54367446899414,22228,0.0,0.0
2018-11-27,21.950000762939453,21.950000762939453,21.549999237060547,21.600000381469727,20.17015266418457,8420,0.0,0.0
2018-11-28,21.39999961853028,21.799999237060547,21.049999237060547,21.350000381469727,19.936702728271484,9336,0.0,0.0
2018-11-29,21.14999961853028,21.600000381469727,21.049999237060547,21.600000381469727,20.17015266418457,3740,0.0,0.0
2018-11-30,21.64999961853028,21.700000762939453,20.5,20.799999237060547,19.4231071472168,16862,0.0,0.0
2018-12-03,20.799999237060547,21.450000762939453,20.600000381469727,21.049999237060547,19.656557083129883,7501,0.0,0.0
2018-12-04,21.14999961853028,21.299999237060547,20.600000381469727,21.25,19.84331703186035,7448,0.0,0.0
2018-12-05,21.25,21.299999237060547,20.549999237060547,20.950000762939453,19.56318092346192,4844,0.0,0.0
2018-12-06,21.0,21.0,19.75,20.0,18.67606544494629,31542,0.0,0.0
2018-12-07,20.25,20.39999961853028,19.950000762939453,20.100000381469727,18.769445419311523,15410,0.0,0.0
2018-12-10,19.75,20.200000762939453,19.350000381469727,19.89999961853028,18.582683563232425,8797,0.0,0.0
2018-12-11,20.14999961853028,20.39999961853028,19.700000762939453,20.39999961853028,19.04958724975586,21425,0.0,0.0
2018-12-12,21.14999961853028,21.39999961853028,20.549999237060547,21.100000381469727,19.703248977661133,18291,0.0,0.0
2018-12-13,21.14999961853028,21.700000762939453,20.850000381469727,20.89999961853028,19.516489028930664,5963,0.0,0.0
2018-12-14,21.0,21.350000381469727,20.200000762939453,21.0,19.609867095947266,379,0.0,0.0
2018-12-17,21.14999961853028,21.600000381469727,20.75,20.850000381469727,19.469799041748047,6265,0.0,0.0
2018-12-18,20.950000762939453,21.5,20.600000381469727,21.0,19.609867095947266,5681,0.0,0.0
2018-12-19,20.75,21.25,20.75,20.850000381469727,19.469799041748047,9503,0.0,0.0
2018-12-20,20.89999961853028,21.299999237060547,20.850000381469727,20.950000762939453,19.56318092346192,3543,0.0,0.0
2018-12-21,21.100000381469727,21.450000762939453,20.850000381469727,20.89999961853028,19.516489028930664,10825,0.0,0.0
2018-12-24,20.850000381469727,21.0,20.700000762939453,20.850000381469727,19.469799041748047,9376,0.0,0.0
2018-12-26,20.850000381469727,20.89999961853028,20.299999237060547,20.799999237060547,19.4231071472168,7172,0.0,0.0
2018-12-27,20.799999237060547,21.0,20.350000381469727,20.549999237060547,19.189659118652344,1816,0.0,0.0
2018-12-28,20.600000381469727,23.0,20.200000762939453,21.350000381469727,19.936702728271484,15007,0.0,0.0
2018-12-31,21.39999961853028,22.5,21.39999961853028,21.549999237060547,20.12346076965332,7669,0.0,0.0
2019-01-01,21.700000762939453,22.450000762939453,21.0,22.25,20.777124404907227,18028,0.0,0.0
2019-01-02,22.0,22.0,21.100000381469727,21.25,19.84331703186035,8020,0.0,0.0
2019-01-03,21.450000762939453,21.799999237060547,20.600000381469727,20.799999237060547,19.4231071472168,3321,0.0,0.0
2019-01-04,21.39999961853028,22.0,20.600000381469727,21.600000381469727,20.17015266418457,9434,0.0,0.0
2019-01-07,22.0,22.39999961853028,21.600000381469727,21.89999961853028,20.45029067993164,25915,0.0,0.0
2019-01-08,21.5,22.75,21.200000762939453,22.64999961853028,21.150644302368164,34601,0.0,0.0
2019-01-09,22.850000381469727,23.0,22.0,22.100000381469727,20.637052536010746,6647,0.0,0.0
2019-01-10,22.200000762939453,22.850000381469727,22.0,22.0,20.54367446899414,2690,0.0,0.0
2019-01-11,22.049999237060547,23.5,21.14999961853028,22.549999237060547,21.05726432800293,20316,0.0,0.0
2019-01-14,22.200000762939453,23.299999237060547,21.89999961853028,22.450000762939453,20.96388435363769,20895,0.0,0.0
2019-01-15,22.350000381469727,22.5,21.299999237060547,21.89999961853028,20.45029067993164,4129,0.0,0.0
2019-01-16,21.600000381469727,23.0,21.600000381469727,22.100000381469727,20.637052536010746,13872,0.0,0.0
2019-01-17,22.39999961853028,23.64999961853028,21.5,22.0,20.54367446899414,9140,0.0,0.0
2019-01-18,21.850000381469727,21.89999961853028,21.5,21.5,20.07676887512207,9591,0.0,0.0
2019-01-21,21.600000381469727,21.89999961853028,21.25,21.299999237060547,19.8900089263916,1769,0.0,0.0
2019-01-22,21.049999237060547,21.75,20.5,20.600000381469727,19.23634910583496,6005,0.0,0.0
2019-01-23,20.89999961853028,21.39999961853028,20.39999961853028,21.299999237060547,19.8900089263916,4735,0.0,0.0
2019-01-24,21.100000381469727,21.39999961853028,20.700000762939453,20.700000762939453,19.329729080200195,962,0.0,0.0
2019-01-25,20.549999237060547,20.600000381469727,20.100000381469727,20.450000762939453,19.09627723693848,2713,0.0,0.0
2019-01-28,20.25,20.450000762939453,19.600000381469727,20.25,18.90951538085937,17531,0.0,0.0
2019-01-29,20.299999237060547,20.5,19.799999237060547,20.200000762939453,18.86282730102539,24585,0.0,0.0
2019-01-30,20.049999237060547,20.600000381469727,19.799999237060547,20.200000762939453,18.86282730102539,2652,0.0,0.0
2019-01-31,20.450000762939453,22.600000381469727,20.450000762939453,21.0,19.609867095947266,20017,0.0,0.0
2019-02-01,21.0,21.25,20.64999961853028,20.799999237060547,19.4231071472168,1680,0.0,0.0
2019-02-04,20.850000381469727,21.0,20.100000381469727,20.14999961853028,18.81613540649414,8297,0.0,0.0
2019-02-05,19.64999961853028,20.600000381469727,19.64999961853028,20.0,18.67606544494629,19287,0.0,0.0
2019-02-06,19.950000762939453,19.950000762939453,19.0,19.100000381469727,17.835641860961914,11033,0.0,0.0
2019-02-07,19.39999961853028,19.64999961853028,19.0,19.25,17.9757137298584,18211,0.0,0.0
2019-02-08,19.75,19.75,19.5,19.64999961853028,18.3492374420166,7824,0.0,0.0
2019-02-11,19.549999237060547,19.549999237060547,19.049999237060547,19.25,17.9757137298584,6703,0.0,0.0
2019-02-12,19.049999237060547,19.049999237060547,17.5,18.14999961853028,16.948528289794922,21602,0.0,0.0
2019-02-14,17.950000762939453,17.950000762939453,17.700000762939453,17.850000381469727,16.66838836669922,3455,0.0,0.0
2019-02-15,17.899999618530273,18.200000762939453,16.950000762939453,17.450000762939453,16.29486846923828,14056,0.0,0.0
2019-02-18,17.75,17.799999237060547,16.649999618530273,16.700000762939453,15.594517707824709,27130,0.0,0.0
2019-02-19,16.5,17.25,16.25,17.049999237060547,15.921346664428713,14353,0.0,0.0
2019-02-20,17.0,17.100000381469727,16.399999618530273,17.0,15.874655723571776,6736,0.0,0.0
2019-02-21,17.049999237060547,17.299999237060547,16.600000381469727,16.700000762939453,15.594517707824709,8841,0.0,0.0
2019-02-22,17.0,17.100000381469727,16.75,16.899999618530273,15.781274795532228,6837,0.0,0.0
2019-02-25,16.950000762939453,17.100000381469727,16.850000381469727,17.100000381469727,15.968034744262695,1474,0.0,0.0
2019-02-26,17.299999237060547,17.350000381469727,16.799999237060547,16.850000381469727,15.73458766937256,2365,0.0,0.0
2019-02-27,16.950000762939453,18.0,16.799999237060547,16.899999618530273,15.781274795532228,6459,0.0,0.0
2019-02-28,17.299999237060547,17.600000381469727,16.5,17.299999237060547,16.154794692993164,2934,0.0,0.0
2019-03-01,17.100000381469727,17.5,17.100000381469727,17.350000381469727,16.201486587524414,3303,0.0,0.0
2019-03-05,17.399999618530273,18.799999237060547,17.399999618530273,18.5,17.275360107421875,6515,0.0,0.0
2019-03-06,18.799999237060547,19.5,18.39999961853028,19.14999961853028,17.882333755493164,6516,0.0,0.0
2019-03-07,19.450000762939453,19.700000762939453,18.850000381469727,19.200000762939453,17.92902183532715,6676,0.0,0.0
2019-03-08,19.5,19.75,19.100000381469727,19.299999237060547,18.02239990234375,7153,0.0,0.0
2019-03-11,19.799999237060547,20.0,19.299999237060547,19.89999961853028,18.582683563232425,17330,0.0,0.0
2019-03-12,20.5,20.5,19.299999237060547,19.799999237060547,18.489301681518555,15244,0.0,0.0
2019-03-13,20.350000381469727,20.700000762939453,19.350000381469727,19.600000381469727,18.30254364013672,8386,0.0,0.0
2019-03-14,19.950000762939453,20.5,19.350000381469727,19.64999961853028,18.3492374420166,5039,0.0,0.0
2019-03-15,20.200000762939453,20.350000381469727,19.39999961853028,19.600000381469727,18.30254364013672,10396,0.0,0.0
2019-03-18,20.39999961853028,20.39999961853028,19.700000762939453,19.850000381469727,18.53599548339844,2356,0.0,0.0
2019-03-19,19.75,19.75,18.299999237060547,18.700000762939453,17.462121963500977,20824,0.0,0.0
2019-03-20,18.850000381469727,20.200000762939453,18.850000381469727,19.64999961853028,18.3492374420166,11380,0.0,0.0
2019-03-22,19.850000381469727,20.200000762939453,19.0,19.700000762939453,18.395925521850582,7664,0.0,0.0
2019-03-25,20.450000762939453,20.450000762939453,18.799999237060547,19.0,17.742263793945312,7783,0.0,0.0
2019-03-26,19.200000762939453,19.450000762939453,18.64999961853028,19.049999237060547,17.788951873779297,3870,0.0,0.0
2019-03-27,19.14999961853028,19.64999961853028,18.700000762939453,18.75,17.508811950683594,7112,0.0,0.0
2019-03-28,19.049999237060547,19.5,18.549999237060547,18.850000381469727,17.60219383239746,5919,0.0,0.0
2019-04-01,18.950000762939453,19.450000762939453,18.700000762939453,19.39999961853028,18.115781784057617,8022,0.0,0.0
2019-04-02,19.14999961853028,19.549999237060547,18.64999961853028,18.89999961853028,17.648881912231445,10584,0.0,0.0
2019-04-03,18.850000381469727,19.0,18.600000381469727,18.799999237060547,17.55550193786621,10703,0.0,0.0
2019-04-04,18.799999237060547,18.950000762939453,18.64999961853028,18.75,17.508811950683594,2418,0.0,0.0
2019-04-05,18.850000381469727,19.5,18.549999237060547,19.200000762939453,17.92902183532715,12078,0.0,0.0
2019-04-08,18.950000762939453,19.350000381469727,18.600000381469727,19.0,17.742263793945312,10331,0.0,0.0
2019-04-09,19.200000762939453,19.5,18.39999961853028,18.64999961853028,17.415430068969727,12610,0.0,0.0
2019-04-10,18.700000762939453,18.89999961853028,18.450000762939453,18.5,17.275360107421875,2279,0.0,0.0
2019-04-11,18.64999961853028,18.850000381469727,18.5,18.75,17.508811950683594,2357,0.0,0.0
2019-04-12,18.549999237060547,18.89999961853028,18.350000381469727,18.64999961853028,17.415430068969727,5097,0.0,0.0
2019-04-15,18.89999961853028,19.39999961853028,18.600000381469727,18.64999961853028,17.415430068969727,2087,0.0,0.0
2019-04-16,18.950000762939453,19.25,18.549999237060547,18.75,17.508811950683594,14017,0.0,0.0
2019-04-18,19.14999961853028,19.5,18.25,18.450000762939453,17.22867202758789,10943,0.0,0.0
2019-04-22,18.39999961853028,18.75,18.200000762939453,18.299999237060547,17.088600158691406,3298,0.0,0.0
2019-04-23,18.25,18.850000381469727,17.600000381469727,17.799999237060547,16.62169647216797,4835,0.0,0.0
2019-04-24,17.850000381469727,18.450000762939453,17.799999237060547,18.0,16.80845832824707,5760,0.0,0.0
2019-04-25,18.299999237060547,18.299999237060547,17.649999618530273,17.799999237060547,16.62169647216797,3375,0.0,0.0
2019-04-26,18.350000381469727,18.350000381469727,17.649999618530273,18.25,17.04191017150879,17443,0.0,0.0
2019-04-30,18.049999237060547,18.25,17.649999618530273,17.700000762939453,16.5283203125,4810,0.0,0.0
2019-05-02,18.25,18.25,16.299999237060547,16.899999618530273,15.781274795532228,9120,0.0,0.0
2019-05-03,17.100000381469727,17.5,16.950000762939453,17.25,16.108104705810547,8402,0.0,0.0
2019-05-06,17.5,17.5,16.649999618530273,17.149999618530273,16.014726638793945,3979,0.0,0.0
2019-05-07,17.149999618530273,17.5,16.649999618530273,17.0,15.874655723571776,10576,0.0,0.0
2019-05-08,16.899999618530273,17.0,16.75,16.799999237060547,15.687893867492676,10541,0.0,0.0
2019-05-09,16.549999237060547,16.950000762939453,16.200000762939453,16.600000381469727,15.501133918762209,10654,0.0,0.0
2019-05-10,16.600000381469727,17.0,16.5,16.5,15.407753944396973,5663,0.0,0.0
2019-05-13,16.75,17.0,16.25,16.5,15.407753944396973,3793,0.0,0.0
2019-05-14,16.649999618530273,17.5,16.25,17.0,15.874655723571776,20633,0.0,0.0
2019-05-15,17.299999237060547,19.600000381469727,16.600000381469727,18.25,17.04191017150879,29457,0.0,0.0
2019-05-16,18.549999237060547,18.850000381469727,17.399999618530273,17.549999237060547,16.388248443603516,12190,0.0,0.0
2019-05-17,17.600000381469727,17.899999618530273,17.299999237060547,17.450000762939453,16.29486846923828,6461,0.0,0.0
2019-05-20,18.39999961853028,20.75,17.649999618530273,19.75,18.442615509033203,67314,0.0,0.0
2019-05-21,20.450000762939453,20.549999237060547,18.25,18.799999237060547,17.55550193786621,42637,0.0,0.0
2019-05-22,18.200000762939453,19.450000762939453,18.200000762939453,18.850000381469727,17.60219383239746,6071,0.0,0.0
2019-05-23,19.14999961853028,19.700000762939453,18.600000381469727,18.64999961853028,17.415430068969727,7861,0.0,0.0
2019-05-24,18.75,19.25,18.5,18.950000762939453,17.695573806762695,16694,0.0,0.0
2019-05-27,19.0,19.5,18.5,19.049999237060547,17.788951873779297,20968,0.0,0.0
2019-05-28,18.75,19.450000762939453,18.600000381469727,19.25,17.9757137298584,9480,0.0,0.0
2019-05-29,19.0,19.299999237060547,18.700000762939453,19.200000762939453,17.92902183532715,8001,0.0,0.0
2019-05-30,19.200000762939453,19.25,18.799999237060547,19.200000762939453,17.92902183532715,8112,0.0,0.0
2019-05-31,19.100000381469727,19.5,18.799999237060547,18.799999237060547,17.55550193786621,8622,0.0,0.0
2019-06-03,18.850000381469727,19.299999237060547,18.700000762939453,19.14999961853028,17.882333755493164,10247,0.0,0.0
2019-06-04,19.14999961853028,19.14999961853028,18.75,18.89999961853028,17.648881912231445,1809,0.0,0.0
2019-06-06,18.850000381469727,19.5,18.200000762939453,18.5,17.275360107421875,4729,0.0,0.0
2019-06-07,18.64999961853028,19.0,18.25,18.39999961853028,17.18198013305664,10982,0.0,0.0
2019-06-10,18.200000762939453,18.5,17.700000762939453,18.100000381469727,16.901838302612305,6955,0.0,0.0
2019-06-11,17.899999618530273,18.39999961853028,17.549999237060547,17.899999618530273,16.715078353881836,3169,0.0,0.0
2019-06-12,18.14999961853028,18.14999961853028,17.399999618530273,17.600000381469727,16.434938430786133,10711,0.0,0.0
2019-06-13,17.600000381469727,18.799999237060547,17.399999618530273,18.5,17.275360107421875,6514,0.0,0.0
2019-06-14,18.14999961853028,18.25,17.25,17.549999237060547,16.388248443603516,11661,0.0,0.0
2019-06-17,17.850000381469727,17.899999618530273,17.450000762939453,17.75,16.575010299682617,12317,0.0,0.0
2019-06-18,17.549999237060547,17.950000762939453,17.100000381469727,17.350000381469727,16.201486587524414,6057,0.0,0.0
2019-06-19,17.5,17.850000381469727,16.649999618530273,17.049999237060547,15.921346664428713,4705,0.0,0.0
2019-06-20,17.149999618530273,17.200000762939453,16.049999237060547,16.350000381469727,15.26768398284912,20533,0.0,0.0
2019-06-21,16.549999237060547,17.450000762939453,16.549999237060547,16.899999618530273,15.781274795532228,17988,0.0,0.0
2019-06-24,16.549999237060547,17.299999237060547,16.25,16.799999237060547,15.687893867492676,11269,0.0,0.0
2019-06-25,16.799999237060547,17.5,16.549999237060547,17.25,16.108104705810547,7956,0.0,0.0
2019-06-26,16.200000762939453,18.100000381469727,16.200000762939453,17.549999237060547,16.388248443603516,7021,0.0,0.0
2019-06-27,17.299999237060547,17.899999618530273,17.0,17.149999618530273,16.014726638793945,12185,0.0,0.0
2019-06-28,17.100000381469727,17.450000762939453,16.600000381469727,16.899999618530273,15.781274795532228,2611,0.0,0.0
2019-07-01,17.0,17.700000762939453,16.649999618530273,17.200000762939453,16.061416625976562,1105,0.0,0.0
2019-07-02,17.5,17.950000762939453,17.0,17.049999237060547,15.921346664428713,1445,0.0,0.0
2019-07-03,17.25,17.399999618530273,17.0,17.350000381469727,16.201486587524414,1376,0.0,0.0
2019-07-04,17.25,17.399999618530273,16.149999618530273,16.5,15.407753944396973,7990,0.0,0.0
2019-07-05,16.700000762939453,17.350000381469727,16.549999237060547,17.049999237060547,15.921346664428713,7007,0.0,0.0
2019-07-08,17.049999237060547,17.049999237060547,16.25,16.5,15.407753944396973,9521,0.0,0.0
2019-07-09,16.799999237060547,17.0,15.5,16.0,14.940853118896484,14875,0.0,0.0
2019-07-10,16.149999618530273,16.5,16.049999237060547,16.350000381469727,15.26768398284912,4179,0.0,0.0
2019-07-11,16.5,17.299999237060547,16.049999237060547,16.549999237060547,15.454442977905272,227,0.0,0.0
2019-07-12,16.700000762939453,16.799999237060547,16.049999237060547,16.399999618530273,15.314373016357422,7148,0.0,0.0
2019-07-15,16.600000381469727,19.64999961853028,16.399999618530273,17.950000762939453,16.761770248413086,24601,0.0,0.0
2019-07-16,17.950000762939453,18.299999237060547,17.350000381469727,17.450000762939453,16.29486846923828,19592,0.0,0.0
2019-07-17,17.399999618530273,18.049999237060547,17.399999618530273,17.600000381469727,16.434938430786133,24055,0.0,0.0
2019-07-18,17.549999237060547,18.600000381469727,17.350000381469727,17.850000381469727,16.66838836669922,26344,0.0,0.0
2019-07-19,17.850000381469727,18.100000381469727,16.700000762939453,17.950000762939453,16.761770248413086,13447,0.0,0.0
2019-07-22,17.899999618530273,18.14999961853028,16.75,18.100000381469727,16.901838302612305,20331,0.0,0.0
2019-07-23,16.5,17.850000381469727,16.5,17.200000762939453,16.061416625976562,6041,0.0,0.0
2019-07-24,17.200000762939453,20.39999961853028,16.75,18.350000381469727,17.135290145874023,41342,0.0,0.0
2019-07-25,18.049999237060547,18.350000381469727,17.549999237060547,18.25,17.04191017150879,8428,0.0,0.0
2019-07-26,18.25,18.25,17.0,17.75,16.575010299682617,10170,0.0,0.0
2019-07-29,17.799999237060547,18.0,16.700000762939453,17.549999237060547,16.863269805908203,23110,0.5,0.0
2019-07-30,17.350000381469727,18.0,16.799999237060547,17.649999618530273,16.95935821533203,10667,0.0,0.0
2019-07-31,17.25,18.450000762939453,16.25,18.100000381469727,17.391748428344727,20420,0.0,0.0
2019-08-01,18.350000381469727,18.350000381469727,17.25,18.049999237060547,17.343706130981445,16988,0.0,0.0
2019-08-02,17.700000762939453,18.350000381469727,17.299999237060547,18.0,17.29566192626953,7117,0.0,0.0
2019-08-05,17.799999237060547,18.0,17.100000381469727,17.5,16.815223693847656,515,0.0,0.0
2019-08-06,17.899999618530273,18.89999961853028,17.350000381469727,17.799999237060547,17.10348892211914,8866,0.0,0.0
2019-08-07,17.600000381469727,18.14999961853028,17.600000381469727,18.049999237060547,17.343706130981445,4873,0.0,0.0
2019-08-08,18.0,18.0,17.0,17.299999237060547,16.6230525970459,17254,0.0,0.0
2019-08-09,17.149999618530273,17.75,17.049999237060547,17.25,16.575010299682617,4366,0.0,0.0
2019-08-13,17.75,17.75,16.950000762939453,17.0,16.33479118347168,21293,0.0,0.0
2019-08-14,17.350000381469727,18.600000381469727,17.350000381469727,17.700000762939453,17.007400512695312,12435,0.0,0.0
2019-08-16,17.549999237060547,17.899999618530273,16.350000381469727,17.25,16.575010299682617,3153,0.0,0.0
2019-08-19,17.5,18.200000762939453,17.049999237060547,17.950000762939453,17.24761962890625,12465,0.0,0.0
2019-08-20,17.950000762939453,18.350000381469727,17.549999237060547,17.700000762939453,17.007400512695312,4214,0.0,0.0
2019-08-21,17.5,18.200000762939453,17.049999237060547,17.200000762939453,16.526966094970703,3351,0.0,0.0
2019-08-22,17.0,18.049999237060547,16.049999237060547,17.399999618530273,16.719139099121094,48227,0.0,0.0
2019-08-23,17.25,18.0,16.649999618530273,17.399999618530273,16.719139099121094,4625,0.0,0.0
2019-08-26,17.549999237060547,17.899999618530273,16.600000381469727,16.950000762939453,16.286746978759766,7908,0.0,0.0
2019-08-27,17.200000762939453,17.399999618530273,16.899999618530273,17.0,16.33479118347168,5049,0.0,0.0
2019-08-28,17.0,17.799999237060547,16.799999237060547,16.899999618530273,16.238704681396484,5761,0.0,0.0
2019-08-29,16.649999618530273,17.149999618530273,16.200000762939453,16.600000381469727,15.950443267822266,14594,0.0,0.0
2019-08-30,16.399999618530273,17.350000381469727,15.949999809265137,16.25,15.614140510559082,10716,0.0,0.0
2019-09-03,16.450000762939453,17.399999618530273,16.0,16.0,15.373921394348145,3685,0.0,0.0
2019-09-04,16.100000381469727,16.399999618530273,15.550000190734863,16.149999618530273,15.518051147460938,7582,0.0,0.0
2019-09-05,16.5,16.600000381469727,16.049999237060547,16.049999237060547,15.421963691711426,2403,0.0,0.0
2019-09-06,16.299999237060547,16.5,16.100000381469727,16.5,15.854355812072754,261,0.0,0.0
2019-09-09,16.450000762939453,16.5,15.699999809265137,16.200000762939453,15.566096305847168,8141,0.0,0.0
2019-09-11,16.5,17.200000762939453,16.200000762939453,16.799999237060547,16.142616271972656,8759,0.0,0.0
2019-09-12,17.899999618530273,17.899999618530273,16.850000381469727,17.0,16.33479118347168,1353,0.0,0.0
2019-09-13,17.0,17.5,16.600000381469727,16.899999618530273,16.238704681396484,4435,0.0,0.0
2019-09-16,17.0,17.5,16.899999618530273,17.0,16.33479118347168,1779,0.0,0.0
2019-09-17,17.0,17.200000762939453,16.5,16.649999618530273,15.998488426208496,10376,0.0,0.0
2019-09-18,17.0,17.649999618530273,17.0,17.350000381469727,16.671096801757812,9180,0.0,0.0
2019-09-19,17.25,17.5,16.649999618530273,17.049999237060547,16.38283348083496,4486,0.0,0.0
2019-09-20,17.700000762939453,17.899999618530273,17.0,17.200000762939453,16.526966094970703,2439,0.0,0.0
2019-09-23,17.049999237060547,17.5,17.0,17.350000381469727,16.671096801757812,25909,0.0,0.0
2019-09-24,17.0,17.25,16.5,16.899999618530273,16.238704681396484,8182,0.0,0.0
2019-09-25,17.200000762939453,17.450000762939453,16.700000762939453,16.899999618530273,16.238704681396484,4280,0.0,0.0
2019-09-26,16.700000762939453,17.700000762939453,16.649999618530273,17.049999237060547,16.38283348083496,3384,0.0,0.0
2019-09-27,17.399999618530273,17.5,16.75,17.200000762939453,16.526966094970703,14398,0.0,0.0
2019-09-30,17.100000381469727,17.25,16.450000762939453,16.649999618530273,15.998488426208496,3893,0.0,0.0
2019-10-01,16.649999618530273,17.299999237060547,16.25,16.299999237060547,15.66218090057373,5691,0.0,0.0
2019-10-03,15.75,16.899999618530273,15.75,16.299999237060547,15.66218090057373,2186,0.0,0.0
2019-10-04,16.799999237060547,16.799999237060547,16.25,16.299999237060547,15.66218090057373,5819,0.0,0.0
2019-10-07,16.299999237060547,17.399999618530273,15.949999809265137,16.0,15.373921394348145,1959,0.0,0.0
2019-10-09,16.5,17.0,15.550000190734863,15.850000381469728,15.22978973388672,4296,0.0,0.0
2019-10-10,15.699999809265137,16.799999237060547,15.550000190734863,16.299999237060547,15.66218090057373,3119,0.0,0.0
2019-10-11,16.399999618530273,16.399999618530273,15.850000381469728,15.949999809265137,15.32587718963623,2852,0.0,0.0
2019-10-14,16.0,16.149999618530273,15.25,15.600000381469728,14.989574432373049,825,0.0,0.0
2019-10-15,15.600000381469728,16.0,15.399999618530272,15.550000190734863,14.941530227661133,3529,0.0,0.0
2019-10-16,15.850000381469728,16.0,15.5,15.699999809265137,15.085660934448242,8800,0.0,0.0
2019-10-17,16.25,16.25,15.649999618530272,16.0,15.373921394348145,5082,0.0,0.0
2019-10-18,16.200000762939453,16.899999618530273,16.049999237060547,16.450000762939453,15.806315422058104,6663,0.0,0.0
2019-10-22,16.649999618530273,17.350000381469727,15.550000190734863,15.949999809265137,15.32587718963623,8357,0.0,0.0
2019-10-23,16.0,16.600000381469727,16.0,16.100000381469727,15.470008850097656,1654,0.0,0.0
2019-10-24,16.5,17.25,16.5,17.0,16.33479118347168,20574,0.0,0.0
2019-10-25,17.75,17.799999237060547,16.649999618530273,17.0,16.33479118347168,5478,0.0,0.0
2019-10-27,17.700000762939453,17.700000762939453,16.299999237060547,16.899999618530273,16.238704681396484,531,0.0,0.0
2019-10-29,16.799999237060547,16.950000762939453,16.399999618530273,16.399999618530273,15.75826930999756,8836,0.0,0.0
2019-10-30,16.850000381469727,16.899999618530273,16.549999237060547,16.700000762939453,16.046527862548828,1946,0.0,0.0
2019-10-31,16.799999237060547,17.350000381469727,16.25,16.549999237060547,15.902399063110352,13084,0.0,0.0
2019-11-01,16.549999237060547,17.149999618530273,16.350000381469727,16.899999618530273,16.238704681396484,19521,0.0,0.0
2019-11-04,17.25,17.299999237060547,17.0,17.049999237060547,16.38283348083496,5235,0.0,0.0
2019-11-05,16.899999618530273,17.600000381469727,16.600000381469727,16.75,16.094575881958008,5844,0.0,0.0
2019-11-06,17.100000381469727,17.100000381469727,16.700000762939453,17.100000381469727,16.430877685546875,5699,0.0,0.0
2019-11-07,16.899999618530273,17.350000381469727,16.549999237060547,16.850000381469727,16.190662384033203,11278,0.0,0.0
2019-11-08,17.100000381469727,17.149999618530273,16.600000381469727,16.700000762939453,16.046527862548828,6561,0.0,0.0
2019-11-11,16.700000762939453,16.899999618530273,16.450000762939453,16.799999237060547,16.142616271972656,12844,0.0,0.0
2019-11-13,16.950000762939453,17.100000381469727,16.350000381469727,16.649999618530273,15.998488426208496,9087,0.0,0.0
2019-11-14,17.5,17.5,16.5,16.75,16.094575881958008,7889,0.0,0.0
2019-11-15,16.950000762939453,16.950000762939453,16.399999618530273,16.450000762939453,15.806315422058104,6381,0.0,0.0
2019-11-18,16.25,16.75,16.049999237060547,16.149999618530273,15.518051147460938,14526,0.0,0.0
2019-11-19,16.5,16.700000762939453,15.649999618530272,15.850000381469728,15.22978973388672,15291,0.0,0.0
2019-11-20,16.0,16.5,15.75,16.100000381469727,15.470008850097656,5915,0.0,0.0
2019-11-21,16.149999618530273,16.5,16.0,16.299999237060547,15.66218090057373,391,0.0,0.0
2019-11-22,16.200000762939453,16.5,15.5,16.0,15.373921394348145,10470,0.0,0.0
2019-11-25,16.0,16.450000762939453,16.0,16.149999618530273,15.518051147460938,4808,0.0,0.0
2019-11-26,16.0,16.649999618530273,16.0,16.100000381469727,15.470008850097656,1801,0.0,0.0
2019-11-27,15.899999618530272,16.600000381469727,15.800000190734863,16.5,15.854355812072754,11586,0.0,0.0
2019-11-28,16.149999618530273,16.5,16.149999618530273,16.5,15.854355812072754,2756,0.0,0.0
2019-11-29,16.5,16.5,16.149999618530273,16.200000762939453,15.566096305847168,2306,0.0,0.0
2019-12-02,15.949999809265137,16.75,15.949999809265137,16.100000381469727,15.470008850097656,1258,0.0,0.0
2019-12-03,16.100000381469727,16.450000762939453,16.049999237060547,16.149999618530273,15.518051147460938,9103,0.0,0.0
2019-12-04,16.149999618530273,16.5,15.649999618530272,15.949999809265137,15.32587718963623,20723,0.0,0.0
2019-12-05,16.399999618530273,16.5,16.0,16.0,15.373921394348145,5408,0.0,0.0
2019-12-06,16.0,16.25,15.949999809265137,16.0,15.373921394348145,8077,0.0,0.0
2019-12-09,16.200000762939453,16.350000381469727,15.899999618530272,16.049999237060547,15.421963691711426,24743,0.0,0.0
2019-12-10,15.899999618530272,16.100000381469727,15.800000190734863,16.0,15.373921394348145,5017,0.0,0.0
2019-12-11,16.0,16.350000381469727,15.949999809265137,16.0,15.373921394348145,3513,0.0,0.0
2019-12-12,16.0,16.299999237060547,15.899999618530272,15.899999618530272,15.277833938598633,3172,0.0,0.0
2019-12-13,15.899999618530272,16.25,15.850000381469728,15.850000381469728,15.22978973388672,1923,0.0,0.0
2019-12-16,15.850000381469728,16.25,15.75,16.200000762939453,15.566096305847168,1790,0.0,0.0
2019-12-17,16.25,16.299999237060547,15.850000381469728,15.850000381469728,15.22978973388672,5712,0.0,0.0
2019-12-18,16.299999237060547,16.299999237060547,15.899999618530272,15.899999618530272,15.277833938598633,517,0.0,0.0
2019-12-19,15.899999618530272,16.399999618530273,15.75,16.100000381469727,15.470008850097656,4379,0.0,0.0
2019-12-20,16.25,16.25,15.949999809265137,16.0,15.373921394348145,155,0.0,0.0
2019-12-23,16.0,16.0,15.600000381469728,15.699999809265137,15.085660934448242,3381,0.0,0.0
2019-12-24,15.600000381469728,16.100000381469727,15.149999618530272,15.5,14.893486976623535,2863,0.0,0.0
2019-12-26,16.149999618530273,16.149999618530273,15.100000381469728,15.949999809265137,15.32587718963623,5070,0.0,0.0
2019-12-27,15.899999618530272,16.299999237060547,15.649999618530272,16.0,15.373921394348145,5378,0.0,0.0
2019-12-30,15.5,16.200000762939453,15.5,16.0,15.373921394348145,5325,0.0,0.0
2019-12-31,15.899999618530272,16.200000762939453,15.800000190734863,16.200000762939453,15.566096305847168,5926,0.0,0.0
2020-01-01,16.299999237060547,16.399999618530273,16.0,16.299999237060547,15.66218090057373,4115,0.0,0.0
2020-01-02,16.100000381469727,17.399999618530273,16.049999237060547,16.950000762939453,16.286746978759766,14003,0.0,0.0
2020-01-03,16.899999618530273,17.399999618530273,16.600000381469727,16.799999237060547,16.142616271972656,2363,0.0,0.0
2020-01-06,16.549999237060547,17.0,16.25,16.299999237060547,15.66218090057373,2069,0.0,0.0
2020-01-07,16.899999618530273,17.5,16.049999237060547,16.5,15.854355812072754,3010,0.0,0.0
2020-01-08,17.200000762939453,17.200000762939453,15.699999809265137,16.799999237060547,16.142616271972656,2744,0.0,0.0
2020-01-09,17.350000381469727,17.700000762939453,16.5,16.899999618530273,16.238704681396484,14453,0.0,0.0
2020-01-10,16.799999237060547,17.350000381469727,16.350000381469727,16.75,16.094575881958008,12354,0.0,0.0
2020-01-13,16.350000381469727,17.299999237060547,16.350000381469727,16.950000762939453,16.286746978759766,7517,0.0,0.0
2020-01-14,17.200000762939453,17.600000381469727,16.799999237060547,16.899999618530273,16.238704681396484,31819,0.0,0.0
2020-01-15,16.799999237060547,17.299999237060547,16.649999618530273,16.799999237060547,16.142616271972656,3906,0.0,0.0
2020-01-16,17.0,17.399999618530273,16.649999618530273,17.100000381469727,16.430877685546875,14959,0.0,0.0
2020-01-17,17.450000762939453,18.89999961853028,17.149999618530273,18.0,17.29566192626953,27068,0.0,0.0
2020-01-20,18.450000762939453,19.89999961853028,17.649999618530273,18.799999237060547,18.064355850219727,35587,0.0,0.0
2020-01-21,18.100000381469727,19.350000381469727,18.100000381469727,18.5,17.77609634399414,20405,0.0,0.0
2020-01-22,18.799999237060547,18.950000762939453,18.5,18.549999237060547,17.824138641357422,7945,0.0,0.0
2020-01-23,18.5,19.100000381469727,18.5,18.89999961853028,18.16044235229492,12958,0.0,0.0
2020-01-24,18.799999237060547,19.600000381469727,18.549999237060547,19.549999237060547,18.78500938415528,17620,0.0,0.0
2020-01-27,19.200000762939453,20.600000381469727,18.700000762939453,19.850000381469727,19.073272705078125,21259,0.0,0.0
2020-01-28,20.350000381469727,20.350000381469727,18.75,18.75,18.01631164550781,12857,0.0,0.0
2020-01-29,19.0,19.5,18.299999237060547,18.549999237060547,17.824138641357422,4930,0.0,0.0
2020-01-30,18.799999237060547,18.799999237060547,17.600000381469727,17.899999618530273,17.199573516845703,5974,0.0,0.0
2020-01-31,17.799999237060547,18.39999961853028,17.200000762939453,17.350000381469727,16.671096801757812,8801,0.0,0.0
2020-02-03,17.049999237060547,17.399999618530273,16.600000381469727,17.149999618530273,16.47892189025879,2699,0.0,0.0
2020-02-04,16.899999618530273,17.450000762939453,16.600000381469727,17.350000381469727,16.671096801757812,5222,0.0,0.0
2020-02-05,17.649999618530273,17.649999618530273,16.75,17.0,16.33479118347168,6934,0.0,0.0
2020-02-06,17.049999237060547,17.299999237060547,16.600000381469727,17.049999237060547,16.38283348083496,7357,0.0,0.0
2020-02-07,16.950000762939453,17.100000381469727,16.5,16.649999618530273,15.998488426208496,12423,0.0,0.0
2020-02-10,16.649999618530273,16.899999618530273,15.949999809265137,16.799999237060547,16.142616271972656,6101,0.0,0.0
2020-02-11,17.350000381469727,17.899999618530273,15.649999618530272,16.75,16.094575881958008,11470,0.0,0.0
2020-02-12,17.0,17.200000762939453,16.25,16.5,15.854355812072754,7906,0.0,0.0
2020-02-13,16.799999237060547,17.649999618530273,16.0,16.5,15.854355812072754,14086,0.0,0.0
2020-02-14,16.799999237060547,17.399999618530273,16.149999618530273,16.350000381469727,15.710227012634276,5611,0.0,0.0
2020-02-17,15.550000190734863,16.799999237060547,15.550000190734863,16.299999237060547,15.66218090057373,8182,0.0,0.0
2020-02-18,16.049999237060547,17.350000381469727,16.0,16.899999618530273,16.238704681396484,7222,0.0,0.0
2020-02-19,16.549999237060547,17.25,16.299999237060547,16.799999237060547,16.142616271972656,5258,0.0,0.0
2020-02-20,16.700000762939453,17.100000381469727,16.450000762939453,16.5,15.854355812072754,6123,0.0,0.0
2020-02-24,16.0,16.700000762939453,15.25,15.949999809265137,15.32587718963623,23488,0.0,0.0
2020-02-25,15.949999809265137,16.549999237060547,15.100000381469728,16.0,15.373921394348145,11768,0.0,0.0
2020-02-26,16.25,16.25,15.25,15.600000381469728,14.989574432373049,7961,0.0,0.0
2020-02-27,16.0,16.0,15.050000190734863,15.699999809265137,15.085660934448242,4877,0.0,0.0
2020-02-28,15.550000190734863,16.100000381469727,13.75,15.300000190734863,14.701313018798828,34935,0.0,0.0
2020-03-02,15.75,16.100000381469727,14.149999618530272,14.600000381469728,14.02870273590088,4518,0.0,0.0
2020-03-03,14.550000190734863,15.199999809265137,13.800000190734863,15.199999809265137,14.605223655700684,4746,0.0,0.0
2020-03-04,15.399999618530272,15.399999618530272,13.149999618530272,13.949999809265137,13.40413761138916,53120,0.0,0.0
2020-03-05,14.25,14.649999618530272,13.899999618530272,14.399999618530272,13.836529731750488,12379,0.0,0.0
2020-03-06,14.300000190734863,14.800000190734863,13.100000381469728,14.0,13.452181816101074,19008,0.0,0.0
2020-03-09,14.0,14.5,13.0,13.399999618530272,12.87565803527832,7247,0.0,0.0
2020-03-11,13.449999809265137,13.75,11.550000190734863,12.0,11.530439376831056,40485,0.0,0.0
2020-03-12,12.0,12.0,10.399999618530272,11.600000381469728,11.146092414855955,22527,0.0,0.0
2020-03-13,11.75,13.850000381469728,9.550000190734863,13.25,12.731528282165527,14040,0.0,0.0
2020-03-16,14.399999618530272,14.399999618530272,11.300000190734863,12.149999618530272,11.674571990966797,20479,0.0,0.0
2020-03-17,11.899999618530272,12.649999618530272,10.449999809265137,11.5,11.050005912780762,6496,0.0,0.0
2020-03-18,12.649999618530272,12.649999618530272,11.300000190734863,11.300000190734863,10.857831954956056,10944,0.0,0.0
2020-03-19,11.300000190734863,12.75,9.600000381469728,12.149999618530272,11.674571990966797,53113,0.0,0.0
2020-03-20,11.600000381469728,12.300000190734863,11.199999809265137,11.449999809265137,11.001961708068848,3851,0.0,0.0
2020-03-23,11.449999809265137,12.949999809265137,9.199999809265137,10.600000381469728,10.185225486755373,11468,0.0,0.0
2020-03-24,10.350000381469728,11.399999618530272,9.850000381469728,10.399999618530272,9.993048667907717,17478,0.0,0.0
2020-03-25,10.25,12.0,9.800000190734863,10.600000381469728,10.185225486755373,7057,0.0,0.0
2020-03-26,11.449999809265137,12.199999809265137,9.949999809265137,10.75,10.329352378845217,21457,0.0,0.0
2020-03-27,10.800000190734863,11.699999809265137,10.199999809265137,10.399999618530272,9.993048667907717,28030,0.0,0.0
2020-03-30,10.600000381469728,10.600000381469728,9.850000381469728,10.399999618530272,9.993048667907717,15516,0.0,0.0
2020-03-31,10.449999809265137,11.0,10.399999618530272,10.699999809265137,10.281310081481934,5860,0.0,0.0
2020-04-01,10.5,10.75,10.199999809265137,10.75,10.329352378845217,3997,0.0,0.0
2020-04-03,10.5,11.149999618530272,10.199999809265137,10.5,10.089136123657228,7827,0.0,0.0
2020-04-07,11.449999809265137,11.449999809265137,10.300000190734863,11.050000190734863,10.617615699768066,15077,0.0,0.0
2020-04-08,11.949999809265137,11.949999809265137,10.649999618530272,10.899999618530272,10.47348403930664,5934,0.0,0.0
2020-04-09,11.649999618530272,12.25,10.649999618530272,12.100000381469728,11.626527786254885,19620,0.0,0.0
2020-04-13,12.100000381469728,12.550000190734863,11.25,12.5,12.010876655578612,4328,0.0,0.0
2020-04-15,13.449999809265137,14.899999618530272,12.050000190734863,13.199999809265137,12.68348503112793,13703,0.0,0.0
2020-04-16,13.149999618530272,13.75,13.050000190734863,13.449999809265137,12.923701286315918,2843,0.0,0.0
2020-04-17,13.600000381469728,14.800000190734863,13.600000381469728,14.149999618530272,13.596311569213867,53929,0.0,0.0
2020-04-20,14.199999809265137,14.949999809265137,13.449999809265137,13.850000381469728,13.30805206298828,16034,0.0,0.0
2020-04-21,14.649999618530272,14.649999618530272,12.649999618530272,12.949999809265137,12.443267822265623,11815,0.0,0.0
2020-04-22,13.399999618530272,13.399999618530272,12.5,13.050000190734863,12.539355278015137,1855,0.0,0.0
2020-04-23,13.550000190734863,13.899999618530272,13.300000190734863,13.600000381469728,13.067832946777344,5706,0.0,0.0
2020-04-24,13.600000381469728,13.75,13.100000381469728,13.199999809265137,12.68348503112793,10925,0.0,0.0
2020-04-27,13.800000190734863,13.800000190734863,12.600000381469728,13.199999809265137,12.68348503112793,9764,0.0,0.0
2020-04-28,13.0,13.75,13.0,13.550000190734863,13.019790649414062,9434,0.0,0.0
2020-04-29,13.550000190734863,14.050000190734863,13.5,13.649999618530272,13.115877151489258,2767,0.0,0.0
2020-04-30,13.600000381469728,14.199999809265137,13.100000381469728,13.600000381469728,13.067832946777344,4677,0.0,0.0
2020-05-04,14.149999618530272,14.149999618530272,12.550000190734863,13.0,12.491310119628906,4405,0.0,0.0
2020-05-05,12.899999618530272,13.100000381469728,12.550000190734863,12.699999809265137,12.203049659729004,5281,0.0,0.0
2020-05-06,12.699999809265137,12.699999809265137,11.199999809265137,11.800000190734863,11.338266372680664,43433,0.0,0.0
2020-05-07,11.949999809265137,13.149999618530272,11.5,12.449999809265137,11.9628324508667,11556,0.0,0.0
2020-05-08,12.600000381469728,12.600000381469728,12.100000381469728,12.100000381469728,11.626527786254885,1219,0.0,0.0
2020-05-11,12.050000190734863,12.5,11.75,12.300000190734863,11.818702697753906,1623,0.0,0.0
2020-05-12,12.350000381469728,12.399999618530272,11.5,11.899999618530272,11.43435287475586,6072,0.0,0.0
2020-05-13,12.399999618530272,12.5,12.0,12.350000381469728,11.866745948791504,11150,0.0,0.0
2020-05-14,12.050000190734863,12.350000381469728,11.600000381469728,12.100000381469728,11.626527786254885,2213,0.0,0.0
2020-05-15,12.199999809265137,12.199999809265137,11.600000381469728,11.850000381469728,11.386311531066896,5682,0.0,0.0
2020-05-18,12.050000190734863,12.399999618530272,11.550000190734863,11.699999809265137,11.242179870605469,4800,0.0,0.0
2020-05-19,11.899999618530272,11.899999618530272,11.5,11.75,11.290223121643066,2960,0.0,0.0
2020-05-20,11.600000381469728,11.899999618530272,11.399999618530272,11.800000190734863,11.338266372680664,5163,0.0,0.0
2020-05-21,11.75,12.0,11.449999809265137,11.600000381469728,11.146092414855955,6009,0.0,0.0
2020-05-22,11.5,13.899999618530272,11.25,13.899999618530272,13.356093406677246,89606,0.0,0.0
2020-05-26,15.600000381469728,16.649999618530273,14.949999809265137,16.600000381469727,15.950443267822266,529636,0.0,0.0
2020-05-27,17.700000762939453,18.25,17.049999237060547,18.25,17.535879135131836,298459,0.0,0.0
2020-05-28,19.39999961853028,20.049999237060547,18.100000381469727,20.049999237060547,19.265443801879883,639213,0.0,0.0
2020-05-29,21.799999237060547,21.799999237060547,18.700000762939453,18.850000381469727,18.11240196228028,508530,0.0,0.0
2020-06-01,18.850000381469727,19.25,17.350000381469727,17.600000381469727,16.911312103271484,246493,0.0,0.0
2020-06-02,18.0,18.200000762939453,17.0,17.149999618530273,16.47892189025879,164091,0.0,0.0
2020-06-03,17.850000381469727,17.850000381469727,16.299999237060547,16.549999237060547,15.902399063110352,109566,0.0,0.0
2020-06-04,16.25,16.600000381469727,15.600000381469728,15.949999809265137,15.32587718963623,51916,0.0,0.0
2020-06-05,16.399999618530273,16.600000381469727,15.699999809265137,15.899999618530272,15.277833938598633,79273,0.0,0.0
2020-06-08,16.450000762939453,16.450000762939453,15.399999618530272,15.75,15.13370418548584,68761,0.0,0.0
2020-06-09,15.899999618530272,15.949999809265137,15.0,15.100000381469728,14.50913906097412,77820,0.0,0.0
2020-06-10,14.899999618530272,15.0,14.350000381469728,14.699999809265137,14.124789237976074,52537,0.0,0.0
2020-06-11,14.300000190734863,14.800000190734863,14.300000190734863,14.449999809265137,13.884573936462402,67636,0.0,0.0
2020-06-12,14.300000190734863,14.649999618530272,13.75,14.100000381469728,13.54826831817627,60901,0.0,0.0
2020-06-15,13.800000190734863,14.800000190734863,13.800000190734863,14.800000190734863,14.220876693725586,49864,0.0,0.0
2020-06-16,15.5,15.5,14.550000190734863,14.949999809265137,14.365007400512695,125457,0.0,0.0
2020-06-17,15.449999809265137,15.449999809265137,14.449999809265137,14.550000190734863,13.98065948486328,47836,0.0,0.0
2020-06-18,14.899999618530272,15.050000190734863,14.25,14.649999618530272,14.076746940612791,72277,0.0,0.0
2020-06-19,14.550000190734863,14.949999809265137,14.25,14.699999809265137,14.124789237976074,51830,0.0,0.0
2020-06-22,15.399999618530272,15.399999618530272,15.399999618530272,15.399999618530272,14.797398567199709,35319,0.0,0.0
2020-06-23,16.149999618530273,16.149999618530273,16.149999618530273,16.149999618530273,15.518051147460938,23400,0.0,0.0
2020-06-24,16.950000762939453,16.950000762939453,16.950000762939453,16.950000762939453,16.286746978759766,44695,0.0,0.0
2020-06-25,17.75,17.75,17.75,17.75,17.055444717407227,153991,0.0,0.0
2020-06-26,18.600000381469727,18.600000381469727,18.600000381469727,18.600000381469727,17.8721866607666,97120,0.0,0.0
2020-06-29,19.5,19.5,17.700000762939453,17.700000762939453,17.007400512695312,95811,0.0,0.0
2020-06-30,16.850000381469727,16.850000381469727,16.850000381469727,16.850000381469727,16.190662384033203,28255,0.0,0.0
2020-07-01,16.049999237060547,16.049999237060547,16.049999237060547,16.049999237060547,15.421963691711426,28921,0.0,0.0
2020-07-02,15.25,16.850000381469727,15.25,16.25,15.614140510559082,114349,0.0,0.0
2020-07-03,16.950000762939453,16.950000762939453,15.5,16.149999618530273,15.518051147460938,66047,0.0,0.0
2020-07-06,16.450000762939453,16.450000762939453,15.5,15.850000381469728,15.22978973388672,54321,0.0,0.0
2020-07-07,16.049999237060547,16.25,15.699999809265137,15.800000190734863,15.181748390197754,75729,0.0,0.0
2020-07-08,15.949999809265137,16.5,15.949999809265137,16.200000762939453,15.566096305847168,76594,0.0,0.0
2020-07-09,15.899999618530272,17.0,15.899999618530272,16.350000381469727,15.710227012634276,47828,0.0,0.0
2020-07-10,16.350000381469727,16.450000762939453,15.800000190734863,16.25,15.614140510559082,18464,0.0,0.0
2020-07-13,16.25,16.5,16.0,16.100000381469727,15.470008850097656,35084,0.0,0.0
2020-07-14,16.100000381469727,16.100000381469727,15.699999809265137,15.850000381469728,15.22978973388672,47173,0.0,0.0
2020-07-15,15.699999809265137,16.399999618530273,15.550000190734863,15.800000190734863,15.181748390197754,41471,0.0,0.0
2020-07-16,15.75,16.100000381469727,15.649999618530272,15.850000381469728,15.22978973388672,18338,0.0,0.0
2020-07-17,15.899999618530272,16.200000762939453,15.550000190734863,15.75,15.13370418548584,18226,0.0,0.0
2020-07-20,16.149999618530273,16.200000762939453,15.699999809265137,15.850000381469728,15.22978973388672,26855,0.0,0.0
2020-07-21,15.850000381469728,16.0,15.699999809265137,15.800000190734863,15.181748390197754,20372,0.0,0.0
2020-07-22,15.949999809265137,16.0,15.75,15.850000381469728,15.22978973388672,16030,0.0,0.0
2020-07-23,16.0,16.0,15.550000190734863,15.949999809265137,15.32587718963623,9593,0.0,0.0
2020-07-24,15.75,15.949999809265137,15.600000381469728,15.850000381469728,15.22978973388672,9365,0.0,0.0
2020-07-27,16.25,16.25,15.449999809265137,15.5,14.893486976623535,50919,0.0,0.0
2020-07-28,15.5,15.75,15.0,15.649999618530272,15.037615776062012,16052,0.0,0.0
2020-07-29,15.449999809265137,16.0,15.0,15.350000381469728,14.749356269836426,44388,0.0,0.0
2020-07-30,15.0,15.5,14.949999809265137,15.050000190734863,14.461095809936523,19253,0.0,0.0
2020-07-31,14.949999809265137,15.449999809265137,14.649999618530272,15.0,14.413050651550291,13958,0.0,0.0
2020-08-03,14.800000190734863,15.5,14.5,15.0,14.413050651550291,7704,0.0,0.0
2020-08-04,14.800000190734863,15.75,14.649999618530272,15.75,15.13370418548584,22609,0.0,0.0
2020-08-05,15.050000190734863,16.399999618530273,15.050000190734863,15.800000190734863,15.181748390197754,35206,0.0,0.0
2020-08-06,15.550000190734863,16.200000762939453,15.449999809265137,16.149999618530273,15.518051147460938,11506,0.0,0.0
2020-08-07,16.100000381469727,16.549999237060547,15.800000190734863,16.0,15.373921394348145,48886,0.0,0.0
2020-08-10,16.450000762939453,16.450000762939453,15.699999809265137,16.0,15.373921394348145,17385,0.0,0.0
2020-08-11,16.149999618530273,16.200000762939453,15.600000381469728,16.0,15.373921394348145,30998,0.0,0.0
2020-08-12,16.25,16.25,14.399999618530272,15.649999618530272,15.037615776062012,24399,0.0,0.0
2020-08-13,15.949999809265137,16.0,15.25,15.699999809265137,15.085660934448242,25160,0.0,0.0
2020-08-14,15.850000381469728,16.0,15.300000190734863,15.399999618530272,14.797398567199709,42096,0.0,0.0
2020-08-17,15.300000190734863,15.699999809265137,15.300000190734863,15.399999618530272,14.797398567199709,9378,0.0,0.0
2020-08-18,15.699999809265137,15.699999809265137,15.350000381469728,15.449999809265137,14.845441818237305,11283,0.0,0.0
2020-08-19,15.699999809265137,15.699999809265137,15.300000190734863,15.600000381469728,14.989574432373049,30406,0.0,0.0
2020-08-20,16.149999618530273,16.5,15.5,16.049999237060547,15.421963691711426,169081,0.0,0.0
2020-08-21,16.299999237060547,17.200000762939453,16.25,16.549999237060547,15.902399063110352,103280,0.0,0.0
2020-08-24,16.299999237060547,16.899999618530273,15.949999809265137,16.200000762939453,15.566096305847168,47389,0.0,0.0
2020-08-25,15.800000190734863,16.649999618530273,15.75,16.049999237060547,15.421963691711426,30502,0.0,0.0
2020-08-26,16.0,16.350000381469727,15.649999618530272,16.200000762939453,15.566096305847168,62016,0.0,0.0
2020-08-27,16.399999618530273,16.399999618530273,15.899999618530272,16.100000381469727,15.470008850097656,31643,0.0,0.0
2020-08-28,16.049999237060547,16.450000762939453,15.699999809265137,15.850000381469728,15.22978973388672,47503,0.0,0.0
2020-08-31,16.5,16.5,15.25,15.399999618530272,14.797398567199709,44216,0.0,0.0
2020-09-01,15.449999809265137,15.75,14.699999809265137,15.300000190734863,14.701313018798828,23117,0.0,0.0
2020-09-02,15.699999809265137,15.949999809265137,15.0,15.75,15.13370418548584,1597,0.0,0.0
2020-09-03,15.399999618530272,15.800000190734863,15.0,15.649999618530272,15.037615776062012,13449,0.0,0.0
2020-09-04,15.100000381469728,15.699999809265137,15.100000381469728,15.5,14.893486976623535,13334,0.0,0.0
2020-09-07,15.949999809265137,15.949999809265137,15.25,15.350000381469728,14.749356269836426,24564,0.0,0.0
2020-09-08,15.300000190734863,15.649999618530272,15.25,15.600000381469728,14.989574432373049,15955,0.0,0.0
2020-09-09,15.800000190734863,15.800000190734863,15.0,15.100000381469728,14.50913906097412,16804,0.0,0.0
2020-09-10,15.600000381469728,15.75,15.100000381469728,15.449999809265137,14.845441818237305,19152,0.0,0.0
2020-09-11,15.300000190734863,15.600000381469728,15.25,15.399999618530272,14.797398567199709,6716,0.0,0.0
2020-09-14,15.449999809265137,16.799999237060547,15.449999809265137,16.299999237060547,15.66218090057373,127864,0.0,0.0
2020-09-15,16.899999618530273,16.899999618530273,15.0,16.350000381469727,15.710227012634276,47622,0.0,0.0
2020-09-16,16.25,16.350000381469727,15.5,15.899999618530272,15.277833938598633,10010,0.0,0.0
2020-09-17,16.399999618530273,16.399999618530273,15.649999618530272,15.850000381469728,15.22978973388672,10758,0.0,0.0
2020-09-18,16.25,17.399999618530273,16.25,17.399999618530273,16.719139099121094,291132,0.0,0.0
2020-09-21,18.049999237060547,18.049999237060547,15.699999809265137,15.800000190734863,15.181748390197754,135090,0.0,0.0
2020-09-22,15.800000190734863,16.200000762939453,15.449999809265137,15.949999809265137,15.32587718963623,27103,0.0,0.0
2020-09-23,16.200000762939453,16.350000381469727,15.550000190734863,16.149999618530273,15.518051147460938,26038,0.0,0.0
2020-09-24,16.100000381469727,16.25,15.199999809265137,15.5,14.893486976623535,50305,0.0,0.0
2020-09-25,15.699999809265137,16.200000762939453,15.699999809265137,15.949999809265137,15.32587718963623,10347,0.0,0.0
2020-09-28,16.450000762939453,16.450000762939453,16.0,16.299999237060547,15.66218090057373,15043,0.0,0.0
2020-09-29,16.399999618530273,16.399999618530273,15.699999809265137,15.899999618530272,15.277833938598633,11157,0.0,0.0
2020-09-30,16.049999237060547,16.350000381469727,15.899999618530272,16.049999237060547,15.421963691711426,16533,0.0,0.0
2020-10-01,16.350000381469727,16.450000762939453,16.049999237060547,16.25,15.614140510559082,17401,0.0,0.0
2020-10-05,16.149999618530273,16.600000381469727,15.850000381469728,15.949999809265137,15.32587718963623,73281,0.0,0.0
2020-10-06,16.100000381469727,16.5,15.949999809265137,16.100000381469727,15.470008850097656,3522,0.0,0.0
2020-10-07,16.149999618530273,16.299999237060547,15.850000381469728,16.100000381469727,15.470008850097656,11111,0.0,0.0
2020-10-08,16.5,16.649999618530273,15.699999809265137,15.949999809265137,15.32587718963623,35601,0.0,0.0
2020-10-09,15.949999809265137,16.450000762939453,15.199999809265137,15.75,15.13370418548584,31382,0.0,0.0
2020-10-12,15.800000190734863,16.25,15.100000381469728,15.550000190734863,14.941530227661133,15852,0.0,0.0
2020-10-13,16.100000381469727,16.100000381469727,15.149999618530272,15.300000190734863,14.701313018798828,20588,0.0,0.0
2020-10-14,15.25,15.800000190734863,14.949999809265137,15.050000190734863,14.461095809936523,28283,0.0,0.0
2020-10-15,15.100000381469728,15.449999809265137,15.0,15.100000381469728,14.50913906097412,7405,0.0,0.0
2020-10-16,15.149999618530272,15.399999618530272,14.800000190734863,14.949999809265137,14.365007400512695,20454,0.0,0.0
2020-10-19,15.350000381469728,15.800000190734863,14.75,15.0,14.413050651550291,25319,0.0,0.0
2020-10-20,15.0,16.200000762939453,14.149999618530272,15.0,14.413050651550291,60774,0.0,0.0
2020-10-21,15.5,15.5,14.850000381469728,15.0,14.413050651550291,7888,0.0,0.0
2020-10-22,14.899999618530272,15.25,14.850000381469728,15.0,14.413050651550291,61325,0.0,0.0
2020-10-23,15.050000190734863,16.299999237060547,14.949999809265137,15.0,14.413050651550291,156041,0.0,0.0
2020-10-26,14.899999618530272,15.5,14.699999809265137,14.850000381469728,14.268921852111816,16909,0.0,0.0
2020-10-27,14.850000381469728,15.25,14.850000381469728,14.949999809265137,14.365007400512695,23420,0.0,0.0
2020-10-28,15.350000381469728,15.350000381469728,14.600000381469728,15.0,14.413050651550291,16042,0.0,0.0
2020-10-29,14.949999809265137,15.0,14.649999618530272,14.75,14.172833442687988,5077,0.0,0.0
2020-10-30,15.149999618530272,15.699999809265137,15.0,15.050000190734863,14.461095809936523,12489,0.0,0.0
2020-11-02,15.0,15.199999809265137,14.850000381469728,15.0,14.413050651550291,6029,0.0,0.0
2020-11-03,15.0,15.25,14.550000190734863,14.949999809265137,14.365007400512695,2237,0.0,0.0
2020-11-04,15.100000381469728,15.149999618530272,14.449999809265137,14.550000190734863,13.98065948486328,61263,0.0,0.0
2020-11-05,15.600000381469728,16.399999618530273,14.649999618530272,15.699999809265137,15.085660934448242,195678,0.0,0.0
2020-11-06,16.200000762939453,16.200000762939453,14.850000381469728,14.949999809265137,14.365007400512695,48579,0.0,0.0
2020-11-09,15.050000190734863,15.350000381469728,14.800000190734863,15.0,14.413050651550291,25213,0.0,0.0
2020-11-10,14.899999618530272,15.199999809265137,14.75,14.850000381469728,14.268921852111816,22747,0.0,0.0
2020-11-11,14.850000381469728,15.100000381469728,14.699999809265137,14.75,14.172833442687988,9509,0.0,0.0
2020-11-12,15.100000381469728,15.100000381469728,14.5,14.600000381469728,14.02870273590088,63180,0.0,0.0
2020-11-13,14.850000381469728,15.0,14.399999618530272,14.600000381469728,14.02870273590088,72617,0.0,0.0
2020-11-14,14.949999809265137,15.100000381469728,14.699999809265137,15.0,14.413050651550291,20330,0.0,0.0
2020-11-17,15.0,15.350000381469728,14.899999618530272,15.100000381469728,14.50913906097412,21177,0.0,0.0
2020-11-18,15.100000381469728,15.25,14.949999809265137,15.0,14.413050651550291,44930,0.0,0.0
2020-11-19,15.0,15.25,14.800000190734863,15.0,14.413050651550291,46755,0.0,0.0
2020-11-20,15.149999618530272,15.199999809265137,14.600000381469728,15.0,14.413050651550291,76377,0.0,0.0
2020-11-23,15.149999618530272,15.800000190734863,15.0,15.399999618530272,14.797398567199709,200670,0.0,0.0
2020-11-24,15.550000190734863,15.850000381469728,14.899999618530272,15.149999618530272,14.557180404663086,79021,0.0,0.0
2020-11-25,15.449999809265137,15.449999809265137,14.949999809265137,15.100000381469728,14.50913906097412,80157,0.0,0.0
2020-11-26,15.550000190734863,15.550000190734863,14.899999618530272,15.149999618530272,14.557180404663086,47420,0.0,0.0
2020-11-27,15.399999618530272,15.800000190734863,15.199999809265137,15.649999618530272,15.037615776062012,57750,0.0,0.0
2020-12-01,15.899999618530272,16.450000762939453,15.850000381469728,16.25,15.614140510559082,50784,0.0,0.0
2020-12-02,16.799999237060547,16.799999237060547,16.200000762939453,16.299999237060547,15.66218090057373,57379,0.0,0.0
2020-12-03,16.850000381469727,16.850000381469727,16.25,16.5,15.854355812072754,73629,0.0,0.0
2020-12-04,16.700000762939453,17.0,16.350000381469727,16.399999618530273,15.75826930999756,104601,0.0,0.0
2020-12-07,17.0,17.0,16.350000381469727,16.649999618530273,15.998488426208496,102578,0.0,0.0
2020-12-08,16.649999618530273,19.14999961853028,16.549999237060547,18.64999961853028,17.92022705078125,483573,0.0,0.0
2020-12-09,18.600000381469727,19.5,18.0,18.14999961853028,17.439790725708008,91254,0.0,0.0
2020-12-10,18.14999961853028,18.64999961853028,17.600000381469727,17.799999237060547,17.10348892211914,49392,0.0,0.0
2020-12-11,17.799999237060547,19.5,17.5,18.64999961853028,17.92022705078125,182917,0.0,0.0
2020-12-14,19.5,19.700000762939453,18.799999237060547,19.049999237060547,18.30457305908203,104081,0.0,0.0
2020-12-15,19.0,19.299999237060547,18.5,18.89999961853028,18.16044235229492,26456,0.0,0.0
2020-12-16,18.89999961853028,19.350000381469727,18.64999961853028,18.950000762939453,18.2084903717041,46731,0.0,0.0
2020-12-17,19.39999961853028,20.25,19.0,19.600000381469727,18.83305549621582,167773,0.0,0.0
2020-12-18,19.700000762939453,19.950000762939453,18.350000381469727,18.75,18.01631164550781,61814,0.0,0.0
2020-12-21,19.299999237060547,20.700000762939453,18.299999237060547,18.89999961853028,18.16044235229492,265402,0.0,0.0
2020-12-22,19.100000381469727,19.5,17.100000381469727,18.75,18.01631164550781,111422,0.0,0.0
2020-12-23,18.799999237060547,20.700000762939453,18.64999961853028,20.0,19.217403411865234,190920,0.0,0.0
2020-12-24,20.5,21.450000762939453,19.549999237060547,20.700000762939453,19.890010833740234,201911,0.0,0.0
2020-12-28,21.299999237060547,21.450000762939453,20.600000381469727,20.64999961853028,19.84196662902832,56645,0.0,0.0
2020-12-29,21.049999237060547,21.049999237060547,19.200000762939453,19.75,18.977184295654297,52347,0.0,0.0
2020-12-30,20.049999237060547,20.299999237060547,19.100000381469727,19.450000762939453,18.68892288208008,42192,0.0,0.0
2020-12-31,19.5,23.299999237060547,19.450000762939453,23.299999237060547,22.38827133178711,600380,0.0,0.0
2021-01-01,25.0,25.25,23.0,23.549999237060547,22.628490447998047,775805,0.0,0.0
2021-01-04,23.450000762939453,25.89999961853028,22.950000762939453,24.75,23.78153610229492,331543,0.0,0.0
2021-01-05,24.799999237060547,25.25,23.64999961853028,24.450000762939453,23.493274688720703,243960,0.0,0.0
2021-01-06,24.700000762939453,25.5,23.350000381469727,23.950000762939453,23.012840270996094,210516,0.0,0.0
2021-01-07,24.5,24.89999961853028,23.600000381469727,23.75,22.82066345214844,75790,0.0,0.0
2021-01-08,24.25,24.5,23.0,23.39999961853028,22.484359741210938,263308,0.0,0.0
2021-01-11,23.950000762939453,24.0,22.200000762939453,22.850000381469727,21.95588111877441,149719,0.0,0.0
2021-01-12,22.25,24.0,22.25,23.350000381469727,22.436315536499023,121368,0.0,0.0
2021-01-13,23.850000381469727,25.75,23.299999237060547,24.25,23.301097869873047,187497,0.0,0.0
2021-01-14,24.89999961853028,24.89999961853028,23.600000381469727,23.700000762939453,22.77262306213379,66362,0.0,0.0
2021-01-15,23.700000762939453,23.89999961853028,23.100000381469727,23.299999237060547,22.38827133178711,75441,0.0,0.0
2021-01-18,23.0,23.700000762939453,22.450000762939453,22.950000762939453,22.051971435546875,119268,0.0,0.0
2021-01-19,23.5,23.950000762939453,22.799999237060547,23.100000381469727,22.19609832763672,70753,0.0,0.0
2021-01-20,23.100000381469727,23.5,22.799999237060547,23.0,22.100011825561523,35104,0.0,0.0
2021-01-21,23.049999237060547,24.14999961853028,22.700000762939453,23.0,22.100011825561523,93417,0.0,0.0
2021-01-22,23.450000762939453,23.450000762939453,22.0,22.450000762939453,21.571533203125,59354,0.0,0.0
2021-01-25,23.5,23.600000381469727,21.75,22.5,21.619579315185547,98650,0.0,0.0
2021-01-27,22.14999961853028,23.14999961853028,21.799999237060547,22.799999237060547,21.907835006713867,62239,0.0,0.0
2021-01-28,22.600000381469727,25.299999237060547,22.450000762939453,23.850000381469727,22.916751861572266,246494,0.0,0.0
2021-01-29,25.0,26.0,23.0,23.350000381469727,22.436315536499023,83734,0.0,0.0
2021-02-01,23.049999237060547,24.350000381469727,22.549999237060547,23.049999237060547,22.14805603027344,128095,0.0,0.0
2021-02-02,23.450000762939453,24.89999961853028,23.14999961853028,23.350000381469727,22.436315536499023,140629,0.0,0.0
2021-02-03,23.75,25.100000381469727,23.049999237060547,24.14999961853028,23.205013275146484,186039,0.0,0.0
2021-02-04,24.14999961853028,24.850000381469727,23.350000381469727,24.100000381469727,23.15696907043457,186205,0.0,0.0
2021-02-05,24.299999237060547,24.89999961853028,23.0,23.14999961853028,22.244144439697266,124274,0.0,0.0
2021-02-08,23.5,24.299999237060547,23.200000762939453,23.700000762939453,22.77262306213379,98946,0.0,0.0
2021-02-09,23.549999237060547,24.100000381469727,23.5,23.600000381469727,22.676532745361328,97450,0.0,0.0
2021-02-10,23.600000381469727,24.600000381469727,23.549999237060547,23.75,22.82066345214844,61498,0.0,0.0
2021-02-11,24.100000381469727,24.14999961853028,23.700000762939453,23.850000381469727,22.916751861572266,34895,0.0,0.0
2021-02-12,23.75,24.799999237060547,23.64999961853028,24.049999237060547,23.108924865722656,91342,0.0,0.0
2021-02-15,24.549999237060547,24.799999237060547,23.700000762939453,23.89999961853028,22.96479606628418,64037,0.0,0.0
2021-02-16,23.850000381469727,24.14999961853028,23.799999237060547,23.799999237060547,22.86870574951172,20274,0.0,0.0
2021-02-17,24.14999961853028,24.25,23.549999237060547,23.700000762939453,22.77262306213379,43990,0.0,0.0
2021-02-18,23.75,24.200000762939453,23.5,24.049999237060547,23.108924865722656,63881,0.0,0.0
2021-02-19,24.5,25.0,23.799999237060547,24.0,23.06087875366211,133559,0.0,0.0
2021-02-22,24.700000762939453,24.700000762939453,22.700000762939453,23.200000762939453,22.29218482971192,94919,0.0,0.0
2021-02-23,23.200000762939453,23.89999961853028,23.0,23.299999237060547,22.38827133178711,79788,0.0,0.0
2021-02-24,23.600000381469727,24.39999961853028,23.299999237060547,23.850000381469727,22.916751861572266,18801,0.0,0.0
2021-02-25,24.450000762939453,24.950000762939453,24.049999237060547,24.700000762939453,23.733491897583008,92712,0.0,0.0
2021-02-26,24.299999237060547,25.0,23.799999237060547,24.700000762939453,23.733491897583008,54376,0.0,0.0
2021-03-01,25.299999237060547,29.600000381469727,24.549999237060547,29.600000381469727,28.44175338745117,817229,0.0,0.0
2021-03-02,31.5,31.75,27.0,28.049999237060547,26.9524040222168,401468,0.0,0.0
2021-03-03,28.049999237060547,28.600000381469727,27.100000381469727,27.450000762939453,26.375885009765625,108181,0.0,0.0
2021-03-04,28.299999237060547,28.299999237060547,26.450000762939453,26.850000381469727,25.799362182617188,55557,0.0,0.0
2021-03-05,26.450000762939453,27.75,26.450000762939453,26.89999961853028,25.84740257263184,80940,0.0,0.0
2021-03-08,27.299999237060547,28.799999237060547,26.89999961853028,27.350000381469727,26.279794692993164,87157,0.0,0.0
2021-03-09,27.350000381469727,27.89999961853028,26.5,26.950000762939453,25.895450592041016,53673,0.0,0.0
2021-03-10,27.0,28.0,26.549999237060547,27.450000762939453,26.375885009765625,48503,0.0,0.0
2021-03-12,27.549999237060547,28.64999961853028,27.200000762939453,27.549999237060547,26.471969604492188,94997,0.0,0.0
2021-03-15,27.200000762939453,27.850000381469727,26.75,27.049999237060547,25.99153709411621,38926,0.0,0.0
2021-03-16,27.549999237060547,27.850000381469727,26.75,27.049999237060547,25.99153709411621,31438,0.0,0.0
2021-03-17,27.049999237060547,30.850000381469727,27.0,28.100000381469727,27.000450134277344,369853,0.0,0.0
2021-03-18,29.0,29.450000762939453,26.100000381469727,26.600000381469727,25.55914306640625,64557,0.0,0.0
2021-03-19,27.700000762939453,27.700000762939453,24.700000762939453,25.89999961853028,24.88653564453125,54444,0.0,0.0
2021-03-22,25.64999961853028,27.39999961853028,25.64999961853028,26.799999237060547,25.75131607055664,34308,0.0,0.0
2021-03-23,26.799999237060547,28.0,26.799999237060547,27.25,26.18370819091797,35793,0.0,0.0
2021-03-24,27.25,27.89999961853028,26.25,27.200000762939453,26.135665893554688,29402,0.0,0.0
2021-03-25,27.450000762939453,27.5,25.39999961853028,26.0,24.98262023925781,62460,0.0,0.0
2021-03-26,26.64999961853028,27.0,25.5,25.850000381469727,24.838491439819336,77043,0.0,0.0
2021-03-30,26.350000381469727,28.0,26.0,26.299999237060547,25.270883560180664,74068,0.0,0.0
2021-03-31,26.299999237060547,27.39999961853028,25.89999961853028,26.049999237060547,25.030664443969727,20906,0.0,0.0
2021-04-01,27.350000381469727,27.700000762939453,26.25,27.25,26.18370819091797,33113,0.0,0.0
2021-04-05,26.64999961853028,27.0,24.799999237060547,25.64999961853028,24.64632034301757,134364,0.0,0.0
2021-04-06,25.5,26.299999237060547,25.39999961853028,25.89999961853028,24.88653564453125,38058,0.0,0.0
2021-04-07,25.950000762939453,26.200000762939453,25.5,26.0,24.98262023925781,30463,0.0,0.0
2021-04-08,26.049999237060547,26.600000381469727,26.049999237060547,26.350000381469727,25.31892776489257,45798,0.0,0.0
2021-04-09,26.600000381469727,26.799999237060547,25.950000762939453,26.64999961853028,25.6071891784668,19977,0.0,0.0
2021-04-12,26.64999961853028,26.64999961853028,24.799999237060547,25.049999237060547,24.069793701171875,53083,0.0,0.0
2021-04-13,25.049999237060547,25.799999237060547,25.049999237060547,25.600000381469727,24.5982723236084,18937,0.0,0.0
2021-04-15,25.600000381469727,25.89999961853028,25.0,25.100000381469727,24.117839813232425,29787,0.0,0.0
2021-04-16,25.299999237060547,25.799999237060547,25.200000762939453,25.549999237060547,24.550228118896484,28488,0.0,0.0
2021-04-19,25.0,25.049999237060547,24.0,24.75,23.78153610229492,57373,0.0,0.0
2021-04-20,25.25,25.25,24.350000381469727,24.600000381469727,23.63740539550781,55043,0.0,0.0
2021-04-22,23.75,24.549999237060547,23.75,24.39999961853028,23.44522857666016,28294,0.0,0.0
2021-04-23,24.39999961853028,29.25,24.049999237060547,29.25,28.105451583862305,748713,0.0,0.0
2021-04-26,32.0,32.0,23.5,27.64999961853028,26.568056106567383,461639,0.0,0.0
2021-04-27,28.0,30.39999961853028,27.799999237060547,29.75,28.58588409423828,191140,0.0,0.0
2021-04-28,30.75,30.75,28.850000381469727,29.350000381469727,28.2015380859375,101805,0.0,0.0
2021-04-29,29.950000762939453,30.100000381469727,28.14999961853028,28.700000762939453,27.57697296142578,44473,0.0,0.0
2021-04-30,28.64999961853028,30.0,28.100000381469727,28.89999961853028,27.769147872924805,80678,0.0,0.0
2021-05-03,28.89999961853028,30.0,28.200000762939453,29.549999237060547,28.39371109008789,85098,0.0,0.0
2021-05-04,30.700000762939453,31.0,28.25,28.64999961853028,27.528926849365234,188306,0.0,0.0
2021-05-05,29.799999237060547,29.850000381469727,28.5,28.89999961853028,27.769147872924805,56117,0.0,0.0
2021-05-06,29.89999961853028,29.89999961853028,28.39999961853028,28.5,27.38479804992676,37922,0.0,0.0
2021-05-07,28.950000762939453,29.39999961853028,28.5,29.0,27.865232467651367,73543,0.0,0.0
2021-05-10,30.799999237060547,31.64999961853028,29.799999237060547,30.350000381469727,29.16240692138672,209911,0.0,0.0
2021-05-11,31.100000381469727,34.599998474121094,29.700000762939453,32.5,31.228281021118164,749821,0.0,0.0
2021-05-12,33.849998474121094,34.900001525878906,31.89999961853028,32.29999923706055,31.036102294921875,242179,0.0,0.0
2021-05-14,32.45000076293945,38.75,30.600000381469727,38.75,37.23371505737305,1277964,0.0,0.0
2021-05-17,42.25,46.5,40.650001525878906,46.5,44.68046188354492,2742120,0.0,0.0
2021-05-18,49.0,51.150001525878906,43.59999847412109,45.59999847412109,43.81567001342773,1866711,0.0,0.0
2021-05-19,46.0,47.20000076293945,42.5,43.29999923706055,41.60567474365234,519828,0.0,0.0
2021-05-20,43.84999847412109,45.400001525878906,42.04999923706055,42.29999923706055,40.64480209350586,248314,0.0,0.0
2021-05-21,42.0,43.79999923706055,42.0,42.20000076293945,40.5487174987793,212979,0.0,0.0
2021-05-24,43.0,43.400001525878906,41.09999847412109,41.84999847412109,40.21240997314453,225637,0.0,0.0
2021-05-25,41.0,42.5,38.20000076293945,39.09999847412109,37.57001876831055,581509,0.0,0.0
2021-05-26,39.900001525878906,42.79999923706055,39.25,41.54999923706055,39.92415237426758,412985,0.0,0.0
2021-05-27,42.400001525878906,42.84999847412109,40.0,40.5,38.91523742675781,184381,0.0,0.0
2021-05-28,41.400001525878906,42.0,39.400001525878906,39.650001525878906,38.09850692749024,180405,0.0,0.0
2021-05-31,38.400001525878906,40.20000076293945,38.0,38.650001525878906,37.13763046264648,177793,0.0,0.0
2021-06-01,38.0,39.70000076293945,38.0,38.29999923706055,36.80132293701172,99475,0.0,0.0
2021-06-02,38.09999847412109,40.0,38.09999847412109,39.45000076293945,37.90632247924805,155931,0.0,0.0
2021-06-03,40.5,40.75,39.29999923706055,39.5,37.954368591308594,96045,0.0,0.0
2021-06-04,39.84999847412109,41.0,36.150001525878906,39.29999923706055,37.76219177246094,259124,0.0,0.0
2021-06-07,39.900001525878906,42.0,39.54999923706055,41.650001525878906,40.02023696899414,377827,0.0,0.0
2021-06-08,42.29999923706055,43.95000076293945,40.70000076293945,41.650001525878906,40.02023696899414,548335,0.0,0.0
2021-06-09,41.75,44.5,41.45000076293945,41.95000076293945,40.30850601196289,441509,0.0,0.0
2021-06-10,42.70000076293945,43.70000076293945,42.5,42.79999923706055,41.12524032592773,194520,0.0,0.0
2021-06-11,42.79999923706055,43.29999923706055,41.5,42.54999923706055,40.8850212097168,154749,0.0,0.0
2021-06-14,43.34999847412109,43.34999847412109,40.70000076293945,41.29999923706055,39.68393325805664,129181,0.0,0.0
2021-06-15,41.5,43.29999923706055,41.04999923706055,41.95000076293945,40.30850601196289,162922,0.0,0.0
2021-06-16,41.54999923706055,42.150001525878906,40.5,40.900001525878906,39.29958724975586,93859,0.0,0.0
2021-06-17,40.54999923706055,43.0,38.70000076293945,41.84999847412109,40.21240997314453,398840,0.0,0.0
2021-06-18,42.650001525878906,42.650001525878906,39.34999847412109,40.79999923706055,39.20349884033203,161504,0.0,0.0
2021-06-21,39.79999923706055,41.0,39.70000076293945,40.45000076293945,38.8671989440918,67030,0.0,0.0
2021-06-22,40.54999923706055,41.900001525878906,40.5,40.79999923706055,39.20349884033203,74218,0.0,0.0
2021-06-23,41.59999847412109,41.59999847412109,39.79999923706055,40.29999923706055,38.72306442260742,53564,0.0,0.0
2021-06-24,40.79999923706055,41.59999847412109,39.84999847412109,40.59999847412109,39.01132583618164,152471,0.0,0.0
2021-06-25,40.70000076293945,42.400001525878906,40.54999923706055,41.04999923706055,39.4437141418457,177803,0.0,0.0
2021-06-28,41.79999923706055,41.79999923706055,40.20000076293945,40.45000076293945,38.8671989440918,69619,0.0,0.0
2021-06-29,41.04999923706055,41.79999923706055,40.09999847412109,40.400001525878906,38.819149017333984,91965,0.0,0.0
2021-06-30,41.25,41.400001525878906,40.5,40.79999923706055,39.20349884033203,107407,0.0,0.0
2021-07-01,41.400001525878906,41.5,40.5,40.75,39.155460357666016,89651,0.0,0.0
2021-07-02,40.59999847412109,41.29999923706055,39.79999923706055,39.95000076293945,38.38676071166992,107332,0.0,0.0
2021-07-05,39.75,46.900001525878906,39.75,44.59999847412109,42.85480499267578,1410296,0.0,0.0
2021-07-06,45.0,45.79999923706055,42.5,42.84999847412109,41.17327880859375,303142,0.0,0.0
2021-07-07,43.20000076293945,43.20000076293945,41.0,41.79999923706055,40.16437149047852,144310,0.0,0.0
2021-07-08,41.20000076293945,44.79999923706055,41.20000076293945,42.150001525878906,40.50067138671875,239929,0.0,0.0
2021-07-09,42.54999923706055,43.75,42.20000076293945,43.45000076293945,41.74980545043945,109435,0.0,0.0
2021-07-12,44.09999847412109,45.400001525878906,43.45000076293945,43.650001525878906,41.94197845458984,262992,0.0,0.0
2021-07-13,44.0,45.0,43.54999923706055,43.650001525878906,41.94197845458984,115371,0.0,0.0
2021-07-14,43.650001525878906,43.650001525878906,42.59999847412109,42.79999923706055,41.12524032592773,74089,0.0,0.0
2021-07-15,42.400001525878906,43.150001525878906,41.59999847412109,41.900001525878906,40.26045989990234,148192,0.0,0.0
2021-07-16,41.54999923706055,44.0,41.54999923706055,42.70000076293945,41.02915573120117,174442,0.0,0.0
2021-07-19,42.0,42.900001525878906,41.45000076293945,41.70000076293945,40.06827926635742,226317,0.0,0.0
2021-07-20,41.70000076293945,42.54999923706055,40.54999923706055,41.75,40.116329193115234,171677,0.0,0.0
2021-07-22,41.75,43.20000076293945,41.29999923706055,41.79999923706055,40.16437149047852,174794,0.0,0.0
2021-07-23,42.5,42.75,41.70000076293945,42.20000076293945,40.5487174987793,81176,0.0,0.0
2021-07-26,42.79999923706055,46.0,42.0,44.29999923706055,42.5665397644043,555733,0.0,0.0
2021-07-27,45.59999847412109,45.75,42.59999847412109,42.84999847412109,41.17327880859375,193189,0.0,0.0
2021-07-28,42.84999847412109,43.400001525878906,41.5,41.79999923706055,40.16437149047852,150775,0.0,0.0
2021-07-29,42.95000076293945,43.45000076293945,42.09999847412109,43.150001525878906,41.461544036865234,88501,0.0,0.0
2021-07-30,45.400001525878906,49.25,44.20000076293945,46.0,44.20002365112305,1417659,0.0,0.0
2021-08-02,47.25,55.20000076293945,46.25,55.20000076293945,53.04003143310547,2689025,0.0,0.0
2021-08-03,60.0,65.69999694824219,59.34999847412109,61.54999923706055,59.14155197143555,4987998,0.0,0.0
2021-08-04,64.4000015258789,64.4000015258789,55.54999923706055,58.84999847412109,56.54719924926758,1691495,0.0,0.0
2021-08-05,60.04999923706055,60.5,56.0,57.09999847412109,54.86567306518555,408336,0.0,0.0
2021-08-06,57.09999847412109,61.0,56.20000076293945,58.59999847412109,56.30698776245117,536740,0.0,0.0
2021-08-09,59.5,61.0,57.0,57.34999847412109,55.105899810791016,479282,0.0,0.0
2021-08-10,57.70000076293945,58.150001525878906,51.650001525878906,51.70000076293945,49.67698287963867,369321,0.0,0.0
2021-08-11,51.650001525878906,56.400001525878906,46.70000076293945,54.70000076293945,52.55958938598633,602337,0.0,0.0
2021-08-12,56.45000076293945,57.79999923706055,53.20000076293945,55.5,53.32828903198242,296958,0.0,0.0
2021-08-13,56.400001525878906,56.900001525878906,53.5,54.04999923706055,51.93502807617188,162092,0.0,0.0
2021-08-16,54.04999923706055,54.95000076293945,51.70000076293945,52.34999847412109,50.30154800415039,111475,0.0,0.0
2021-08-17,52.34999847412109,55.29999923706055,51.54999923706055,52.150001525878906,50.10937881469727,123209,0.0,0.0
2021-08-18,52.79999923706055,52.900001525878906,50.400001525878906,50.70000076293945,48.71611404418945,81695,0.0,0.0
2021-08-20,49.25,51.45000076293945,48.0,48.70000076293945,46.79438018798828,186858,0.0,0.0
2021-08-23,48.5,50.95000076293945,44.09999847412109,45.400001525878906,43.62350082397461,152691,0.0,0.0
2021-08-24,46.0,49.79999923706055,45.25,48.84999847412109,46.93849563598633,131439,0.0,0.0
2021-08-25,50.79999923706055,50.79999923706055,48.04999923706055,48.75,46.84242248535156,76465,0.0,0.0
2021-08-26,49.650001525878906,49.650001525878906,48.0,48.25,46.36198425292969,41573,0.0,0.0
2021-08-27,48.150001525878906,51.45000076293945,48.150001525878906,50.95000076293945,48.956329345703125,172344,0.0,0.0
2021-08-30,52.0,53.34999847412109,51.04999923706055,51.70000076293945,49.67698287963867,191325,0.0,0.0
2021-08-31,52.70000076293945,56.84999847412109,52.0,56.84999847412109,54.625465393066406,982623,0.0,0.0
2021-09-01,59.0,60.400001525878906,57.5,58.900001525878906,56.595252990722656,1023885,0.0,0.0
2021-09-02,60.0,60.0,58.20000076293945,59.09999847412109,56.78742218017578,299197,0.0,0.0
2021-09-03,58.5,59.45000076293945,57.04999923706055,57.5,55.25002670288086,189055,0.0,0.0
2021-09-06,57.5,58.34999847412109,54.09999847412109,56.150001525878906,53.952857971191406,301968,0.0,0.0
2021-09-07,55.54999923706055,56.59999847412109,54.20000076293945,54.45000076293945,52.319374084472656,136838,0.0,0.0
2021-09-08,55.400001525878906,55.650001525878906,54.0,54.70000076293945,52.55958938598633,93678,0.0,0.0
2021-09-09,54.84999847412109,55.45000076293945,54.25,55.0,52.84785842895508,79339,0.0,0.0
2021-09-13,56.29999923706055,56.29999923706055,52.79999923706055,53.45000076293945,51.3585090637207,174581,0.0,0.0
2021-09-14,53.5,54.79999923706055,53.29999923706055,53.79999923706055,51.69480514526367,103807,0.0,0.0
2021-09-15,53.79999923706055,55.400001525878906,53.70000076293945,54.75,52.60763549804688,195648,0.0,0.0
2021-09-16,55.34999847412109,55.95000076293945,53.75,54.54999923706055,52.41546630859375,127046,0.0,0.0
2021-09-17,55.400001525878906,55.400001525878906,52.45000076293945,53.29999923706055,51.2143783569336,119793,0.0,0.0
2021-09-20,53.0,53.95000076293945,52.0,52.29999923706055,50.253509521484375,85667,0.0,0.0
2021-09-21,51.400001525878906,52.650001525878906,49.09999847412109,51.09999847412109,49.10045623779297,81356,0.0,0.0
2021-09-22,51.84999847412109,56.150001525878906,51.150001525878906,54.5,52.36741638183594,258201,0.0,0.0
2021-09-23,55.59999847412109,55.75,53.0,53.5,51.40654754638672,106011,0.0,0.0
2021-09-24,53.09999847412109,55.0,51.79999923706055,52.400001525878906,50.34959411621094,98369,0.0,0.0
2021-09-27,52.650001525878906,53.0,51.0,51.900001525878906,49.86915969848633,93986,0.0,0.0
2021-09-28,52.5,52.650001525878906,51.25,52.0,49.965240478515625,94011,0.0,0.0
2021-09-29,52.0,54.0,51.54999923706055,53.25,51.16633605957031,95001,0.0,0.0
2021-09-30,53.84999847412109,53.84999847412109,51.5,51.79999923706055,49.7730712890625,98283,0.0,0.0
2021-10-01,52.0,52.900001525878906,51.34999847412109,51.900001525878906,49.86915969848633,51461,0.0,0.0
2021-10-04,52.900001525878906,52.900001525878906,52.0,52.25,50.20546340942383,69086,0.0,0.0
2021-10-05,52.650001525878906,55.900001525878906,52.29999923706055,55.04999923706055,52.89590072631836,301311,0.0,0.0
2021-10-06,55.45000076293945,56.0,54.0,54.20000076293945,52.07916259765625,123175,0.0,0.0
2021-10-07,55.0,55.900001525878906,53.0,53.20000076293945,51.1182861328125,146460,0.0,0.0
2021-10-08,53.84999847412109,53.900001525878906,52.5,53.400001525878906,51.31046295166016,81704,0.0,0.0
2021-10-11,54.34999847412109,54.5,52.650001525878906,52.95000076293945,50.87807083129883,109461,0.0,0.0
2021-10-12,53.59999847412109,53.59999847412109,52.54999923706055,53.04999923706055,50.974159240722656,63213,0.0,0.0
2021-10-13,53.70000076293945,54.29999923706055,52.650001525878906,52.79999923706055,50.73394012451172,88100,0.0,0.0
2021-10-14,52.79999923706055,53.45000076293945,52.0,52.400001525878906,50.34959411621094,94668,0.0,0.0
2021-10-18,52.5,53.0,51.54999923706055,51.84999847412109,49.82111358642578,120218,0.0,0.0
2021-10-19,52.34999847412109,52.650001525878906,50.400001525878906,50.650001525878906,48.66807556152344,110400,0.0,0.0
2021-10-20,50.70000076293945,51.0,47.650001525878906,49.59999847412109,47.659156799316406,86520,0.0,0.0
2021-10-21,50.0,53.5,49.20000076293945,51.34999847412109,49.34067916870117,248501,0.0,0.0
2021-10-22,51.29999923706055,51.5,49.5,49.900001525878906,47.94741821289063,65535,0.0,0.0
2021-10-25,49.84999847412109,50.29999923706055,47.59999847412109,47.84999847412109,45.97763442993164,78603,0.0,0.0
2021-10-26,48.79999923706055,50.400001525878906,48.0,49.04999923706055,47.13067626953125,41865,0.0,0.0
2021-10-27,49.79999923706055,50.95000076293945,49.04999923706055,49.25,47.322845458984375,50687,0.0,0.0
2021-10-28,49.25,50.04999923706055,48.0,48.20000076293945,46.31393814086914,30708,0.0,0.0
2021-10-29,48.75,48.75,46.54999923706055,47.400001525878906,45.54524612426758,33335,0.0,0.0
2021-11-01,47.400001525878906,50.0,47.20000076293945,48.20000076293945,46.31393814086914,67730,0.0,0.0
2021-11-02,48.70000076293945,50.400001525878906,45.70000076293945,48.20000076293945,46.31393814086914,40793,0.0,0.0
2021-11-03,48.900001525878906,49.70000076293945,47.20000076293945,47.54999923706055,45.68936920166016,34150,0.0,0.0
2021-11-04,47.0,49.5,47.0,48.70000076293945,46.79438018798828,20743,0.0,0.0
2021-11-08,48.79999923706055,51.34999847412109,47.650001525878906,50.45000076293945,48.47589874267578,106274,0.0,0.0
2021-11-09,52.900001525878906,54.84999847412109,52.150001525878906,52.59999847412109,50.54176712036133,291852,0.0,0.0
2021-11-10,55.0,55.400001525878906,52.54999923706055,54.34999847412109,52.22328567504883,278972,0.0,0.0
2021-11-11,53.0,57.5,52.79999923706055,56.09999847412109,53.9048080444336,534032,0.0,0.0
2021-11-12,57.150001525878906,59.09999847412109,56.54999923706055,57.70000076293945,55.44220733642578,441910,0.0,0.0
2021-11-15,59.70000076293945,59.70000076293945,55.54999923706055,57.400001525878906,55.15394592285156,209834,0.0,0.0
2021-11-16,57.400001525878906,58.70000076293945,55.400001525878906,55.900001525878906,53.71263885498047,198170,0.0,0.0
2021-11-17,56.900001525878906,57.0,53.59999847412109,54.400001525878906,52.271331787109375,123748,0.0,0.0
2021-11-18,55.34999847412109,55.34999847412109,52.5,54.25,52.127201080322266,146637,0.0,0.0
2021-11-22,55.20000076293945,55.20000076293945,51.0,53.59999847412109,51.50263214111328,217617,0.0,0.0
2021-11-23,53.95000076293945,54.70000076293945,52.34999847412109,53.25,51.16633605957031,59579,0.0,0.0
2021-11-24,54.0,55.04999923706055,53.09999847412109,54.45000076293945,52.319374084472656,91573,0.0,0.0
2021-11-25,54.70000076293945,57.0,53.0,56.20000076293945,54.00090026855469,197017,0.0,0.0
2021-11-26,55.34999847412109,56.400001525878906,52.79999923706055,53.650001525878906,51.55067825317383,149442,0.0,0.0
2021-11-29,53.09999847412109,53.70000076293945,50.09999847412109,51.70000076293945,49.67698287963867,119334,0.0,0.0
2021-11-30,51.09999847412109,54.0,50.95000076293945,51.70000076293945,49.67698287963867,63038,0.0,0.0
2021-12-01,51.5,52.84999847412109,51.25,51.900001525878906,49.86915969848633,61448,0.0,0.0
2021-12-02,52.75,52.75,52.09999847412109,52.400001525878906,50.34959411621094,29772,0.0,0.0
2021-12-03,52.34999847412109,53.650001525878906,52.0,52.400001525878906,50.34959411621094,72868,0.0,0.0
2021-12-06,52.400001525878906,55.95000076293945,52.25,52.75,50.68589401245117,177566,0.0,0.0
2021-12-07,54.650001525878906,55.59999847412109,53.20000076293945,54.54999923706055,52.41546630859375,68174,0.0,0.0
2021-12-08,55.650001525878906,57.25,54.95000076293945,55.900001525878906,53.71263885498047,179339,0.0,0.0
2021-12-09,56.900001525878906,57.900001525878906,55.0,55.84999847412109,53.66459655761719,157613,0.0,0.0
2021-12-10,56.0,57.70000076293945,55.34999847412109,55.95000076293945,53.76068115234375,200242,0.0,0.0
2021-12-13,57.09999847412109,57.70000076293945,54.04999923706055,55.45000076293945,53.28024673461914,71489,0.0,0.0
2021-12-14,55.45000076293945,55.59999847412109,54.25,54.79999923706055,52.65568161010742,70252,0.0,0.0
2021-12-15,54.95000076293945,55.25,53.59999847412109,53.900001525878906,51.79090118408203,55831,0.0,0.0
2021-12-16,55.70000076293945,61.95000076293945,53.34999847412109,58.79999923706055,56.4991569519043,522883,0.0,0.0
2021-12-17,59.45000076293945,60.29999923706055,55.59999847412109,57.150001525878906,54.91372680664063,445013,0.0,0.0
2021-12-20,56.79999923706055,57.45000076293945,53.70000076293945,54.650001525878906,52.51155090332031,211733,0.0,0.0
2021-12-21,54.5,57.150001525878906,54.5,55.04999923706055,52.89590072631836,126321,0.0,0.0
2021-12-22,56.150001525878906,59.0,55.75,58.0,55.730464935302734,234225,0.0,0.0
2021-12-23,59.34999847412109,68.80000305175781,57.54999923706055,67.0999984741211,64.47438049316406,2665017,0.0,0.0
2021-12-24,69.0,71.4000015258789,66.75,68.75,66.05982208251953,2581405,0.0,0.0
2021-12-27,68.75,70.75,66.1500015258789,69.3499984741211,66.63633728027344,832279,0.0,0.0
2021-12-28,70.9000015258789,72.8499984741211,66.5999984741211,67.25,64.61851501464844,640076,0.0,0.0
2021-12-29,67.0,67.80000305175781,65.0999984741211,65.80000305175781,63.22526168823242,256304,0.0,0.0
2021-12-30,65.55000305175781,68.1500015258789,63.09999847412109,63.79999923706055,61.30350875854492,237962,0.0,0.0
2021-12-31,64.4000015258789,65.94999694824219,62.0,63.95000076293945,61.4476432800293,197523,0.0,0.0
2022-01-03,65.19999694824219,73.44999694824219,65.0,70.9000015258789,68.12569427490234,1150828,0.0,0.0
2022-01-04,71.44999694824219,72.4000015258789,67.55000305175781,67.8499984741211,65.19503784179688,354467,0.0,0.0
2022-01-05,68.55000305175781,68.55000305175781,65.5,65.80000305175781,63.22526168823242,254960,0.0,0.0
2022-01-06,65.80000305175781,74.19999694824219,64.0999984741211,72.94999694824219,70.09546661376953,1107417,0.0,0.0
2022-01-07,75.5,77.5,70.0999984741211,71.0,68.2217788696289,742892,0.0,0.0
2022-01-10,72.30000305175781,75.0,72.30000305175781,74.19999694824219,71.29655456542969,534855,0.0,0.0
2022-01-11,76.8499984741211,76.8499984741211,72.0,73.0,70.14351654052734,356106,0.0,0.0
2022-01-12,74.9000015258789,74.9000015258789,71.0,71.25,68.46199035644531,219585,0.0,0.0
2022-01-13,73.19999694824219,79.25,70.4000015258789,78.3499984741211,75.28417205810547,2020263,0.0,0.0
2022-01-14,79.55000305175781,94.0,78.3499984741211,92.3000030517578,88.68830871582031,3003923,0.0,0.0
2022-01-17,93.5,109.75,92.3000030517578,105.9499969482422,101.8041763305664,2892773,0.0,0.0
2022-01-18,109.0,116.5,108.9499969482422,113.9499969482422,109.49114990234376,2246190,0.0,0.0
2022-01-19,117.0,119.0,102.5999984741211,116.25,111.70114135742188,1928081,0.0,0.0
2022-01-20,117.0,117.0,110.5,112.9000015258789,108.48223114013672,464272,0.0,0.0
2022-01-21,110.0,111.6500015258789,102.9000015258789,104.6999969482422,100.60309600830078,501591,0.0,0.0
2022-01-24,102.6500015258789,103.8000030517578,94.25,94.25,90.56201171875,516510,0.0,0.0
2022-01-25,89.55000305175781,103.6500015258789,84.8499984741211,103.6500015258789,99.59418487548828,778584,0.0,0.0
2022-01-27,102.8000030517578,113.0,99.3000030517578,109.0,104.73483276367188,731483,0.0,0.0
2022-01-28,114.0,114.8499984741211,103.5,104.3499984741211,100.2667999267578,458531,0.0,0.0
2022-01-31,108.8000030517578,108.8000030517578,97.1500015258789,100.0,96.0870132446289,447818,0.0,0.0
2022-02-01,101.8000030517578,102.9499969482422,95.8499984741211,100.1500015258789,96.23113250732422,348640,0.0,0.0
2022-02-02,100.9000015258789,104.0,100.1500015258789,100.4499969482422,96.51940155029295,183093,0.0,0.0
2022-02-03,101.0,102.0,97.1999969482422,98.8000030517578,94.93396759033205,173577,0.0,0.0
2022-02-04,99.0,100.0,95.0,97.25,93.44461059570312,152123,0.0,0.0
2022-02-07,97.25,103.0500030517578,97.25,101.0999984741211,97.14396667480467,335094,0.0,0.0
2022-02-08,101.25,105.0,93.9499969482422,96.0,92.24351501464844,338241,0.0,0.0
2022-02-09,97.3499984741211,97.75,94.0999984741211,94.4499969482422,90.75416564941406,154327,0.0,0.0
2022-02-10,95.0,97.0,91.5,93.9499969482422,90.27374267578124,222051,0.0,0.0
2022-02-11,93.8000030517578,93.9000015258789,91.6999969482422,92.25,88.64027404785156,129979,0.0,0.0
2022-02-14,87.0,91.4499969482422,87.0,88.05000305175781,84.6046142578125,171202,0.0,0.0
2022-02-15,87.25,89.80000305175781,85.0,88.9000015258789,85.42134857177734,198662,0.0,0.0
2022-02-16,91.0,94.0,90.0,91.5999984741211,88.01569366455078,166145,0.0,0.0
2022-02-17,93.4499969482422,93.4499969482422,89.05000305175781,89.8499984741211,86.33416748046875,85973,0.0,0.0
2022-02-18,88.30000305175781,89.8499984741211,83.5999984741211,86.05000305175781,82.68287658691406,123918,0.0,0.0
2022-02-21,85.0,91.6999969482422,81.5999984741211,84.8499984741211,81.52983093261719,284299,0.0,0.0
2022-02-22,79.0999984741211,83.94999694824219,79.05000305175781,81.4000015258789,78.21482849121094,211496,0.0,0.0
2022-02-23,84.30000305175781,85.55000305175781,82.1500015258789,83.3499984741211,80.08851623535156,133474,0.0,0.0
2022-02-24,75.0,81.4000015258789,75.0,77.05000305175781,74.03504180908203,279479,0.0,0.0
2022-02-25,78.0,82.9000015258789,78.0,81.19999694824219,78.02265167236328,139503,0.0,0.0
2022-02-28,81.0,87.5,78.5999984741211,86.5,83.11527252197266,187534,0.0,0.0
2022-03-02,86.4000015258789,91.0,85.1500015258789,87.55000305175781,84.12417602539062,240096,0.0,0.0
2022-03-03,88.80000305175781,92.0,88.19999694824219,88.69999694824219,85.22917938232422,217195,0.0,0.0
2022-03-04,88.69999694824219,90.0,85.0,85.3499984741211,82.01025390625,115399,0.0,0.0
2022-03-07,85.30000305175781,85.30000305175781,81.3499984741211,82.69999694824219,79.46395111083984,119992,0.0,0.0
2022-03-08,82.0,93.8499984741211,82.0,92.9499969482422,89.3128662109375,584857,0.0,0.0
2022-03-09,94.75,101.9499969482422,93.0500030517578,97.75,93.925048828125,830678,0.0,0.0
2022-03-10,101.5,102.8000030517578,94.25,95.3000030517578,91.57091522216795,264275,0.0,0.0
2022-03-11,94.0,97.5500030517578,93.0999984741211,94.0999984741211,90.4178695678711,159317,0.0,0.0
2022-03-14,95.0,106.0,94.25,99.1999969482422,95.3183135986328,671360,0.0,0.0
2022-03-15,101.1999969482422,102.0,94.9000015258789,95.75,92.00331115722656,194609,0.0,0.0
2022-03-16,99.0,99.8499984741211,95.6500015258789,96.8000030517578,93.01222229003906,92751,0.0,0.0
2022-03-17,98.0,104.0,97.3499984741211,98.0500030517578,94.21331787109376,525019,0.0,0.0
2022-03-21,100.0,100.1999969482422,96.0,96.5,92.72396850585938,185055,0.0,0.0
2022-03-22,96.5,99.9000015258789,94.4499969482422,97.3000030517578,93.49266052246094,178319,0.0,0.0
2022-03-23,98.0,98.25,94.5,95.9000015258789,92.14744567871094,113884,0.0,0.0
2022-03-24,95.9000015258789,99.4499969482422,95.8499984741211,96.1500015258789,92.38766479492188,111842,0.0,0.0
2022-03-25,97.0,98.0,95.0,95.25,91.52287292480467,66790,0.0,0.0
2022-03-28,95.5999984741211,97.4499969482422,90.3000030517578,90.8000030517578,87.24700164794922,185005,0.0,0.0
2022-03-29,91.0,92.9499969482422,85.0,88.25,84.79678344726562,168511,0.0,0.0
2022-03-30,90.0,92.0,85.0999984741211,86.5,83.11527252197266,231803,0.0,0.0
2022-03-31,89.44999694824219,89.44999694824219,85.5,86.0,82.63481903076172,260595,0.0,0.0
2022-04-01,86.25,91.0,86.0,88.9000015258789,85.42134857177734,198883,0.0,0.0
2022-04-04,89.9000015258789,92.0,89.05000305175781,91.25,87.67938995361328,319292,0.0,0.0
2022-04-05,92.5,93.6999969482422,90.1500015258789,92.4000015258789,88.78439331054688,193571,0.0,0.0
2022-04-06,91.9000015258789,100.1999969482422,90.9000015258789,98.3000030517578,94.45352935791016,817041,0.0,0.0
2022-04-07,98.6500015258789,99.9499969482422,94.5,95.0999984741211,91.37873840332033,350466,0.0,0.0
2022-04-08,96.5,98.8000030517578,94.8499984741211,97.0999984741211,93.30048370361328,194858,0.0,0.0
2022-04-11,97.9000015258789,105.0,97.3000030517578,101.9499969482422,97.96070098876952,891822,0.0,0.0
2022-04-12,102.1999969482422,105.0,99.0500030517578,101.4499969482422,97.4802703857422,567426,0.0,0.0
2022-04-13,102.0,110.5500030517578,101.5,108.25,104.01419067382812,1221354,0.0,0.0
2022-04-18,108.4499969482422,114.9499969482422,104.0,110.75,106.4163589477539,883622,0.0,0.0
2022-04-19,114.0,114.9499969482422,90.0,101.0999984741211,97.14396667480467,1033152,0.0,0.0
2022-04-20,100.0999984741211,105.0,94.0500030517578,96.4000015258789,92.62787628173828,798001,0.0,0.0
2022-04-21,100.0,115.6500015258789,98.0999984741211,115.6500015258789,111.1246337890625,1449647,0.0,0.0
2022-04-22,117.5,124.3000030517578,112.3499984741211,117.6999969482422,113.09439849853516,2690563,0.0,0.0
2022-04-25,117.0,118.1999969482422,107.6999969482422,109.5999984741211,105.31136322021484,651911,0.0,0.0
2022-04-26,112.8499984741211,116.3000030517578,109.0,109.9499969482422,105.64766693115234,424869,0.0,0.0
2022-04-27,110.4000015258789,112.1999969482422,105.0,106.0999984741211,101.94831848144533,325639,0.0,0.0
2022-04-28,107.5999984741211,111.8000030517578,105.5,106.4499969482422,102.2846221923828,330328,0.0,0.0
2022-04-29,107.9499969482422,108.8499984741211,101.5,102.4000015258789,98.3930892944336,262969,0.0,0.0
2022-05-02,97.8499984741211,102.5,97.8499984741211,99.8499984741211,95.94287872314452,301485,0.0,0.0
2022-05-04,99.9000015258789,110.0,99.0,101.5500030517578,97.57635498046876,360391,0.0,0.0
2022-05-05,103.8000030517578,106.5999984741211,100.5,101.4000015258789,97.4322280883789,176555,0.0,0.0
2022-05-06,100.0,100.1999969482422,97.5500030517578,98.4499969482422,94.59765625,203903,0.0,0.0
2022-05-09,97.0,99.0,93.3000030517578,95.9000015258789,92.14744567871094,231645,0.0,0.0
2022-05-10,95.8499984741211,98.5500030517578,88.3499984741211,90.3499984741211,86.81461334228516,176845,0.0,0.0
2022-05-11,91.0,93.8000030517578,84.0,86.19999694824219,82.82699584960938,239121,0.0,0.0
2022-05-12,83.0,88.0,82.3499984741211,86.3499984741211,82.97112274169922,164329,0.0,0.0
2022-05-13,89.0,92.9499969482422,89.0,91.0999984741211,87.53526306152344,154036,0.0,0.0
2022-05-16,92.4000015258789,95.5,88.4000015258789,88.94999694824219,85.46939086914062,198458,0.0,0.0
2022-05-17,90.1999969482422,94.3499984741211,89.30000305175781,93.1999969482422,89.55308532714844,172787,0.0,0.0
2022-05-18,95.9000015258789,96.4000015258789,92.0,93.6999969482422,90.03352355957031,139560,0.0,0.0
2022-05-19,92.0,94.0999984741211,90.0,91.5,87.91960144042969,94386,0.0,0.0
2022-05-20,93.6999969482422,94.8000030517578,92.0,94.1500015258789,90.46592712402344,106286,0.0,0.0
2022-05-23,95.0,97.4499969482422,93.0,93.6500015258789,89.98548126220703,113848,0.0,0.0
2022-05-24,94.0,95.9499969482422,90.1999969482422,91.0500030517578,87.48722076416016,77814,0.0,0.0
2022-05-25,91.5,92.9000015258789,86.19999694824219,86.75,83.35548400878906,114313,0.0,0.0
2022-05-26,84.0,88.0,82.44999694824219,87.44999694824219,84.02808380126953,90430,0.0,0.0
2022-05-27,88.80000305175781,90.0,86.19999694824219,86.6500015258789,83.25939178466797,85081,0.0,0.0
2022-05-30,89.1500015258789,90.4000015258789,87.0999984741211,89.75,86.23809051513672,55340,0.0,0.0
2022-05-31,89.75,92.4000015258789,87.6500015258789,91.0500030517578,87.48722076416016,73233,0.0,0.0
2022-06-01,92.0,93.0999984741211,90.5999984741211,91.1999969482422,87.63134002685547,50824,0.0,0.0
2022-06-02,90.5500030517578,92.4000015258789,90.5500030517578,91.1500015258789,87.58330535888672,64340,0.0,0.0
2022-06-03,93.0,95.4499969482422,92.0,92.5500030517578,88.92853546142578,167960,0.0,0.0
2022-06-06,94.0,94.0,90.0,90.4000015258789,86.86265563964844,57083,0.0,0.0
2022-06-07,91.0,95.0,88.8499984741211,90.4000015258789,86.86265563964844,170146,0.0,0.0
2022-06-08,91.9499969482422,92.5999984741211,89.75,89.94999694824219,86.43025207519531,87705,0.0,0.0
2022-06-09,89.94999694824219,91.9000015258789,88.5,89.30000305175781,85.80570983886719,92077,0.0,0.0
2022-06-10,89.30000305175781,89.8499984741211,87.0,87.69999694824219,84.26830291748047,54593,0.0,0.0
2022-06-13,87.6500015258789,87.6500015258789,83.75,84.75,81.43374633789062,88974,0.0,0.0
2022-06-14,83.4000015258789,88.30000305175781,83.0999984741211,83.9000015258789,80.61701202392578,73072,0.0,0.0
2022-06-15,83.94999694824219,85.9000015258789,83.94999694824219,84.19999694824219,80.9052505493164,33624,0.0,0.0
2022-06-16,85.9000015258789,85.9000015258789,79.5,80.4000015258789,77.25394439697266,54296,0.0,0.0
2022-06-17,81.0,81.1500015258789,76.44999694824219,78.05000305175781,74.99591827392578,81511,0.0,0.0
2022-06-20,78.0,79.3499984741211,65.55000305175781,68.94999694824219,66.25199890136719,127038,0.0,0.0
2022-06-21,69.80000305175781,81.44999694824219,69.80000305175781,79.1500015258789,76.05286407470703,243603,0.0,0.0
2022-06-22,82.0,82.0,76.44999694824219,76.80000305175781,73.7948226928711,87108,0.0,0.0
2022-06-23,76.19999694824219,81.0,76.19999694824219,78.5999984741211,75.52438354492188,76766,0.0,0.0
2022-06-24,80.9000015258789,82.0,78.05000305175781,79.1500015258789,76.05286407470703,40817,0.0,0.0
2022-06-27,80.9000015258789,82.0,80.5,81.19999694824219,78.02265167236328,52289,0.0,0.0
2022-06-28,82.0,85.5,80.80000305175781,83.5,80.23265838623047,92874,0.0,0.0
2022-06-29,83.55000305175781,84.75,81.69999694824219,83.25,79.99243927001953,46817,0.0,0.0
2022-06-30,83.25,85.4000015258789,80.25,80.80000305175781,77.63829803466797,33557,0.0,0.0
2022-07-01,81.75,82.0999984741211,79.1500015258789,80.5,77.35003662109375,31347,0.0,0.0
2022-07-04,81.69999694824219,83.0,80.0999984741211,81.94999694824219,78.74330139160156,40336,0.0,0.0
2022-07-05,82.0,83.0999984741211,81.6500015258789,81.80000305175781,78.59917449951172,45642,0.0,0.0
2022-07-06,80.6500015258789,83.0,80.0,81.94999694824219,78.74330139160156,26784,0.0,0.0
2022-07-07,81.5999984741211,83.5,81.5,82.0,78.79134368896484,28022,0.0,0.0
2022-07-08,83.69999694824219,84.0,81.1500015258789,81.6500015258789,78.45504760742188,36557,0.0,0.0
2022-07-11,80.25,82.5,80.25,82.0,78.79134368896484,32749,0.0,0.0
2022-07-12,81.5,83.9000015258789,80.0,81.75,78.5511245727539,61843,0.0,0.0
2022-07-13,82.9000015258789,83.5,80.55000305175781,81.30000305175781,78.11874389648438,37558,0.0,0.0
2022-07-14,80.25,82.44999694824219,80.05000305175781,80.3499984741211,77.20590209960938,26748,0.0,0.0
2022-07-15,81.5,81.80000305175781,79.0999984741211,80.05000305175781,76.91765594482422,28522,0.0,0.0
2022-07-18,80.94999694824219,82.1500015258789,78.5999984741211,79.3499984741211,76.24504089355469,57116,0.0,0.0
2022-07-19,79.5,80.94999694824219,79.5,79.8499984741211,76.72547912597656,29906,0.0,0.0
2022-07-20,82.0,82.0,80.0,80.5,77.35003662109375,38818,0.0,0.0
2022-07-21,80.0,82.0,79.19999694824219,81.44999694824219,78.26287078857422,68110,0.0,0.0
2022-07-22,82.0,82.25,80.69999694824219,81.4000015258789,78.21482849121094,33000,0.0,0.0
2022-07-25,81.5,81.55000305175781,78.5999984741211,79.4000015258789,76.2930908203125,39551,0.0,0.0
2022-07-26,80.44999694824219,80.44999694824219,77.5,77.94999694824219,74.89982604980469,34833,0.0,0.0
2022-07-27,77.94999694824219,79.5999984741211,76.3499984741211,78.9000015258789,75.8126449584961,41781,0.0,0.0
2022-07-28,80.44999694824219,80.44999694824219,76.55000305175781,77.0999984741211,74.08307647705078,76209,0.0,0.0
2022-07-29,77.5,81.9000015258789,77.5,80.3499984741211,77.20590209960938,155298,0.0,0.0
2022-08-01,81.80000305175781,84.8499984741211,80.55000305175781,82.69999694824219,79.46395111083984,130244,0.0,0.0
2022-08-02,84.0,84.0,81.0999984741211,81.5999984741211,78.40699768066406,109003,0.0,0.0
2022-08-03,81.5999984741211,81.5999984741211,78.4000015258789,78.94999694824219,75.8606948852539,111489,0.0,0.0
2022-08-04,79.5,79.75,78.05000305175781,78.44999694824219,75.38025665283203,51814,0.0,0.0
2022-08-05,78.5,79.3499984741211,77.5,78.4000015258789,75.33222198486328,52347,0.0,0.0
2022-08-08,79.8499984741211,79.8499984741211,77.5,77.94999694824219,74.89982604980469,46586,0.0,0.0
2022-08-10,78.0,78.94999694824219,70.9000015258789,73.69999694824219,70.81612396240234,149432,0.0,0.0
2022-08-11,74.9000015258789,77.75,73.75,76.75,73.74678039550781,73972,0.0,0.0
2022-08-12,78.25,78.55000305175781,76.69999694824219,77.1500015258789,74.1311264038086,59619,0.0,0.0
2022-08-16,77.25,79.25,77.0,77.69999694824219,74.65960693359375,86556,0.0,0.0
2022-08-17,78.5,78.5,77.25,77.75,74.70765686035156,37808,0.0,0.0
2022-08-18,77.94999694824219,77.94999694824219,76.30000305175781,76.55000305175781,73.55461120605469,57910,0.0,0.0
2022-08-19,75.30000305175781,77.55000305175781,75.0999984741211,76.19999694824219,73.21829223632812,53441,0.0,0.0
2022-08-22,77.0,77.0,74.19999694824219,74.6500015258789,71.72894287109375,47942,0.0,0.0
2022-08-23,74.0,76.8499984741211,74.0,74.69999694824219,71.77699279785156,50994,0.0,0.0
2022-08-24,74.69999694824219,75.5999984741211,74.05000305175781,75.4000015258789,72.4496078491211,50344,0.0,0.0
2022-08-25,75.4000015258789,76.55000305175781,75.30000305175781,76.0,73.02613067626953,36194,0.0,0.0
2022-08-26,75.55000305175781,78.55000305175781,75.55000305175781,77.44999694824219,74.41938018798828,72560,0.0,0.0
2022-08-29,74.5,78.0999984741211,73.75,76.25,73.26634216308594,49227,0.0,0.0
2022-08-30,76.5,78.0999984741211,76.0,76.30000305175781,73.31438446044922,48203,0.0,0.0
2022-09-01,76.0,77.19999694824219,75.05000305175781,75.5,72.54568481445312,52032,0.0,0.0
2022-09-02,75.5,76.44999694824219,74.80000305175781,75.30000305175781,72.35352325439453,56215,0.0,0.0
2022-09-05,75.5,79.69999694824219,75.19999694824219,79.25,76.14895629882812,127182,0.0,0.0
2022-09-06,80.9000015258789,80.9000015258789,78.05000305175781,78.30000305175781,75.23613739013672,70283,0.0,0.0
2022-09-07,78.0999984741211,79.0,77.44999694824219,78.05000305175781,74.99591827392578,41084,0.0,0.0
2022-09-08,79.5,79.94999694824219,78.4000015258789,78.75,75.66851806640625,40264,0.0,0.0
2022-09-09,79.0,79.5,77.1500015258789,77.80000305175781,74.75569152832031,46711,0.0,0.0
2022-09-12,78.94999694824219,78.94999694824219,77.0,78.25,75.18807220458984,52642,0.0,0.0
2022-09-13,79.0,79.0,76.6500015258789,77.3499984741211,74.32329559326172,53974,0.0,0.0
2022-09-14,75.0,77.9000015258789,75.0,76.05000305175781,73.07418060302734,59416,0.0,0.0
2022-09-15,76.5,77.6500015258789,76.05000305175781,76.30000305175781,73.31438446044922,44474,0.0,0.0
2022-09-16,77.6500015258789,79.5,76.4000015258789,77.0999984741211,74.08307647705078,80557,0.0,0.0
2022-09-19,78.44999694824219,78.44999694824219,74.19999694824219,75.69999694824219,72.73786926269531,36301,0.0,0.0
2022-09-20,75.55000305175781,77.69999694824219,75.19999694824219,75.8499984741211,72.88199615478516,42114,0.0,0.0
2022-09-21,75.8499984741211,76.9000015258789,75.0,75.5999984741211,72.64176940917969,34912,0.0,0.0
2022-09-22,76.94999694824219,76.94999694824219,73.5,74.8499984741211,71.92112731933594,37393,0.0,0.0
2022-09-23,76.19999694824219,76.19999694824219,74.0,74.69999694824219,71.77699279785156,27266,0.0,0.0
2022-09-26,72.25,75.80000305175781,69.5,70.44999694824219,67.69329833984375,60583,0.0,0.0
2022-09-27,71.8499984741211,72.8499984741211,70.05000305175781,71.0999984741211,68.31786346435547,37010,0.0,0.0
2022-09-28,70.0,71.9000015258789,70.0,70.4000015258789,67.64524841308594,24497,0.0,0.0
2022-09-29,72.0,72.0,69.0,70.19999694824219,67.45307922363281,33697,0.0,0.0
2022-09-30,72.0,72.0,69.5,70.69999694824219,67.93350982666016,22391,0.0,0.0
2022-10-03,72.75,73.0,69.80000305175781,72.1500015258789,69.32677459716797,37847,0.0,0.0
2022-10-04,72.05000305175781,72.9000015258789,71.1500015258789,71.75,68.94242095947266,25836,0.0,0.0
2022-10-06,71.80000305175781,73.9000015258789,71.30000305175781,71.9000015258789,69.08656311035156,40619,0.0,0.0
2022-10-07,73.19999694824219,73.5,71.55000305175781,72.5999984741211,69.75916290283203,51420,0.0,0.0
2022-10-10,72.80000305175781,74.0,71.55000305175781,73.25,70.38373565673828,42436,0.0,0.0
2022-10-11,68.1500015258789,77.5,68.1500015258789,73.9000015258789,71.00829315185547,84387,0.0,0.0
2022-10-12,75.3499984741211,75.3499984741211,71.5999984741211,72.4000015258789,69.5669937133789,29693,0.0,0.0
2022-10-13,73.69999694824219,73.69999694824219,68.80000305175781,70.55000305175781,67.78939819335938,47302,0.0,0.0
2022-10-14,71.94999694824219,72.25,68.05000305175781,70.25,67.5011215209961,33629,0.0,0.0
2022-10-17,70.69999694824219,71.05000305175781,68.8499984741211,69.6500015258789,66.92460632324219,23401,0.0,0.0
2022-10-18,70.94999694824219,70.94999694824219,67.0,67.3499984741211,64.714599609375,85516,0.0,0.0
2022-10-19,68.6500015258789,69.5,66.9000015258789,67.44999694824219,64.8106918334961,52631,0.0,0.0
2022-10-20,67.05000305175781,68.75,67.0,68.25,65.57938385009766,35555,0.0,0.0
2022-10-21,68.75,68.9000015258789,67.0,67.0999984741211,64.47438049316406,38811,0.0,0.0
2022-10-24,67.75,71.5,67.6500015258789,68.44999694824219,65.77154541015625,19936,0.0,0.0
2022-10-25,69.75,69.75,67.8499984741211,68.5,65.81959533691406,23176,0.0,0.0
2022-10-27,68.5,70.94999694824219,68.5,69.05000305175781,66.34808349609375,65118,0.0,0.0
2022-10-28,69.44999694824219,70.5,69.0,69.5999984741211,66.87655639648438,22403,0.0,0.0
2022-10-31,70.9000015258789,70.9000015258789,67.4000015258789,68.1500015258789,65.48329162597656,26794,0.0,0.0
2022-11-01,69.0,69.0,67.5999984741211,68.19999694824219,65.53133392333984,24726,0.0,0.0
2022-11-02,69.0,72.80000305175781,68.44999694824219,71.44999694824219,68.65416717529297,153180,0.0,0.0
2022-11-03,72.9000015258789,74.5,71.69999694824219,72.6500015258789,69.80721282958984,81283,0.0,0.0
2022-11-04,73.94999694824219,73.94999694824219,69.1500015258789,70.0,67.26089477539062,62163,0.0,0.0
2022-11-07,70.0,70.94999694824219,69.0999984741211,70.0,67.26089477539062,43841,0.0,0.0
2022-11-09,70.0,71.19999694824219,69.5,69.94999694824219,67.21285247802734,24898,0.0,0.0
2022-11-10,70.0,71.1500015258789,69.9000015258789,70.25,67.5011215209961,30600,0.0,0.0
2022-11-11,71.0,71.9000015258789,69.1500015258789,69.75,67.02069091796875,36838,0.0,0.0
2022-11-14,71.9000015258789,71.9000015258789,68.0,68.80000305175781,66.10786437988281,39857,0.0,0.0
2022-11-15,68.0999984741211,70.8499984741211,64.0,66.6500015258789,64.04199981689453,69937,0.0,0.0
2022-11-16,68.75,68.9000015258789,66.0,67.19999694824219,64.57046508789062,46816,0.0,0.0
2022-11-17,66.75,68.5,64.5,66.80000305175781,64.18611145019531,49788,0.0,0.0
2022-11-18,66.44999694824219,69.0,65.69999694824219,68.19999694824219,65.53133392333984,75133,0.0,0.0
2022-11-21,69.55000305175781,69.55000305175781,66.5999984741211,67.1500015258789,64.52243041992188,33784,0.0,0.0
2022-11-22,67.5,67.94999694824219,66.25,67.05000305175781,64.42635345458984,21792,0.0,0.0
2022-11-23,67.0,68.05000305175781,63.84999847412109,64.44999694824219,61.92807388305664,183199,0.0,0.0
2022-11-24,64.75,66.0,63.95000076293945,64.5,61.97612380981445,79757,0.0,0.0
2022-11-25,65.19999694824219,65.4000015258789,63.04999923706055,64.25,61.73590087890625,72539,0.0,0.0
2022-11-28,64.25,65.1500015258789,64.25,64.5,61.97612380981445,42013,0.0,0.0
2022-11-29,65.19999694824219,65.19999694824219,63.75,64.4000015258789,61.88003540039063,24491,0.0,0.0
2022-11-30,64.0,64.80000305175781,63.75,64.30000305175781,61.78395080566406,62250,0.0,0.0
2022-12-01,64.0,64.94999694824219,63.79999923706055,64.3499984741211,61.83198547363281,54270,0.0,0.0
2022-12-02,65.0,65.0,64.0,64.5999984741211,62.07220458984375,139920,0.0,0.0
2022-12-05,64.5,65.0,64.30000305175781,64.80000305175781,62.26438522338867,43104,0.0,0.0
2022-12-06,65.1500015258789,74.30000305175781,65.0,71.80000305175781,68.990478515625,548809,0.0,0.0
2022-12-07,71.9000015258789,72.25,69.5,69.9000015258789,67.1648178100586,98641,0.0,0.0
2022-12-08,71.19999694824219,73.0,70.0,71.30000305175781,68.5100326538086,126557,0.0,0.0
2022-12-09,71.94999694824219,73.69999694824219,70.5,71.6500015258789,68.8463363647461,100978,0.0,0.0
2022-12-12,70.30000305175781,72.80000305175781,69.0999984741211,69.8499984741211,67.11678314208984,50356,0.0,0.0
2022-12-13,70.9000015258789,72.80000305175781,70.0999984741211,70.94999694824219,68.1737289428711,109027,0.0,0.0
2022-12-14,71.6500015258789,71.6500015258789,69.80000305175781,69.9000015258789,67.1648178100586,49742,0.0,0.0
2022-12-15,70.0,73.94999694824219,70.0,72.4000015258789,69.5669937133789,237915,0.0,0.0
2022-12-16,72.3499984741211,73.94999694824219,70.6500015258789,71.44999694824219,68.65416717529297,102140,0.0,0.0
2022-12-19,72.0999984741211,74.30000305175781,71.5999984741211,72.25,69.42286682128906,137614,0.0,0.0
2022-12-20,71.9000015258789,72.4000015258789,71.0,71.3499984741211,68.5580825805664,34214,0.0,0.0
2022-12-21,71.80000305175781,72.25,69.05000305175781,69.30000305175781,66.58830261230469,39200,0.0,0.0
2022-12-22,70.05000305175781,70.5999984741211,65.69999694824219,66.5999984741211,63.993953704833984,83733,0.0,0.0
2022-12-23,66.0,68.0,62.0,64.25,61.73590087890625,94184,0.0,0.0
2022-12-26,64.25,69.44999694824219,64.25,68.5999984741211,65.91568756103516,120385,0.0,0.0
2022-12-27,68.25,70.4000015258789,68.25,69.3499984741211,66.63633728027344,69041,0.0,0.0
2022-12-28,69.5,70.4000015258789,68.75,69.19999694824219,66.4922103881836,34989,0.0,0.0
2022-12-29,69.0,69.19999694824219,67.19999694824219,68.44999694824219,65.77154541015625,27764,0.0,0.0
2022-12-30,68.44999694824219,70.30000305175781,68.25,68.8499984741211,66.1559066772461,31314,0.0,0.0
2023-01-02,68.55000305175781,72.25,68.5,70.6500015258789,67.88548278808594,80709,0.0,0.0
2023-01-03,70.5999984741211,72.19999694824219,69.5,70.25,67.5011215209961,67769,0.0,0.0
2023-01-04,70.5,70.94999694824219,68.55000305175781,69.05000305175781,66.34808349609375,34322,0.0,0.0
2023-01-05,68.69999694824219,69.69999694824219,68.0,68.5999984741211,65.91568756103516,24401,0.0,0.0
2023-01-06,69.94999694824219,69.94999694824219,67.6500015258789,68.05000305175781,65.38721466064453,25867,0.0,0.0
2023-01-09,69.94999694824219,69.94999694824219,67.69999694824219,68.05000305175781,65.38721466064453,23351,0.0,0.0
2023-01-10,69.0,69.75,67.4000015258789,67.69999694824219,65.05089569091797,24081,0.0,0.0
2023-01-11,67.55000305175781,69.0,67.55000305175781,68.69999694824219,66.01177215576172,18044,0.0,0.0
2023-01-12,69.5,69.5,67.5,67.94999694824219,65.29112243652344,17194,0.0,0.0
2023-01-13,67.9000015258789,68.19999694824219,66.6500015258789,67.19999694824219,64.57046508789062,25823,0.0,0.0
2023-01-16,66.5,68.4000015258789,66.0,66.25,63.65764617919922,40277,0.0,0.0
2023-01-17,67.55000305175781,70.4000015258789,66.55000305175781,67.5999984741211,64.95481872558594,108751,0.0,0.0
2023-01-18,66.8499984741211,68.5,66.8499984741211,67.19999694824219,64.57046508789062,33415,0.0,0.0
2023-01-19,67.19999694824219,68.4000015258789,66.69999694824219,67.30000305175781,64.66656494140625,14952,0.0,0.0
2023-01-20,68.5,68.5,66.0999984741211,66.80000305175781,64.18611145019531,19215,0.0,0.0
2023-01-23,66.9000015258789,68.0999984741211,66.05000305175781,66.55000305175781,63.94590377807617,34802,0.0,0.0
2023-01-24,67.80000305175781,67.80000305175781,65.8499984741211,66.0,63.417423248291016,16838,0.0,0.0
2023-01-25,66.0,67.19999694824219,65.55000305175781,65.75,63.177207946777344,20380,0.0,0.0
2023-01-27,67.80000305175781,67.80000305175781,63.29999923706055,64.19999694824219,61.6878547668457,30448,0.0,0.0
2023-01-30,64.19999694824219,65.0999984741211,63.09999847412109,63.45000076293945,60.96720886230469,19036,0.0,0.0
2023-01-31,63.54999923706055,65.0,63.5,64.80000305175781,62.26438522338867,26770,0.0,0.0
2023-02-01,66.0,66.0,64.0,64.5,61.97612380981445,23659,0.0,0.0
2023-02-02,65.75,66.0999984741211,64.0,64.25,61.73590087890625,27317,0.0,0.0
2023-02-03,64.05000305175781,65.69999694824219,63.5,63.70000076293945,61.207427978515625,23634,0.0,0.0
2023-02-06,64.94999694824219,64.94999694824219,63.34999847412109,63.70000076293945,61.207427978515625,17619,0.0,0.0
2023-02-07,64.5,71.75,63.45000076293945,68.9000015258789,66.2039566040039,174202,0.0,0.0
2023-02-08,68.9000015258789,72.0,67.75,69.1500015258789,66.44416046142578,171242,0.0,0.0
2023-02-09,68.55000305175781,75.0,68.55000305175781,70.94999694824219,68.1737289428711,275311,0.0,0.0
2023-02-10,70.0,73.0999984741211,69.19999694824219,70.0999984741211,67.35698699951172,56569,0.0,0.0
2023-02-13,69.94999694824219,73.1500015258789,69.94999694824219,71.0999984741211,68.31786346435547,118444,0.0,0.0
2023-02-14,72.4000015258789,73.0,70.5999984741211,71.1500015258789,68.36591339111328,60522,0.0,0.0
2023-02-15,70.44999694824219,73.0,70.44999694824219,70.80000305175781,68.51106262207031,49919,0.5,0.0
2023-02-16,72.0,72.0,69.0,69.25,67.01116943359375,27888,0.0,0.0
2023-02-17,69.25,69.9000015258789,67.5999984741211,67.9000015258789,65.70481872558594,30346,0.0,0.0
2023-02-20,67.5,70.0,67.25,67.8499984741211,65.65642547607422,47262,0.0,0.0
2023-02-21,67.5999984741211,68.1500015258789,65.5999984741211,65.94999694824219,63.81785583496094,28817,0.0,0.0
2023-02-22,65.0999984741211,66.0,64.5,64.80000305175781,62.70503616333008,24595,0.0,0.0
2023-02-23,64.69999694824219,67.75,64.69999694824219,66.44999694824219,64.30168151855469,23828,0.0,0.0
2023-02-24,67.0,68.5,65.5,66.9000015258789,64.73714447021484,22482,0.0,0.0
2023-02-27,68.0,70.25,66.30000305175781,68.8499984741211,66.62409973144531,90822,0.0,0.0
2023-02-28,69.75,70.0,66.1500015258789,67.05000305175781,64.8823013305664,24936,0.0,0.0
2023-03-01,68.0,68.5,66.30000305175781,66.5,64.3500747680664,15566,0.0,0.0
2023-03-02,66.0999984741211,68.0,66.0999984741211,67.5999984741211,65.41451263427734,24008,0.0,0.0
2023-03-03,66.5,70.1500015258789,66.5,69.44999694824219,67.20469665527344,50060,0.0,0.0
2023-03-06,69.44999694824219,70.0,66.5999984741211,67.0999984741211,64.93067169189453,31826,0.0,0.0
2023-03-08,66.19999694824219,68.5,66.19999694824219,68.25,66.04349517822266,32738,0.0,0.0
2023-03-09,67.25,69.0,66.19999694824219,67.25,65.0758285522461,35899,0.0,0.0
2023-03-10,68.44999694824219,68.44999694824219,67.0,67.5999984741211,65.41451263427734,19139,0.0,0.0
2023-03-13,68.44999694824219,68.44999694824219,65.0,66.80000305175781,64.64036560058594,31986,0.0,0.0
2023-03-14,67.94999694824219,67.94999694824219,65.5999984741211,66.55000305175781,64.39845275878906,28363,0.0,0.0
2023-03-15,67.9000015258789,67.9000015258789,65.30000305175781,66.1500015258789,64.01139068603516,41865,0.0,0.0
2023-03-16,65.80000305175781,67.80000305175781,63.900001525878906,66.8499984741211,64.68875885009766,70370,0.0,0.0
2023-03-17,68.0,68.0,63.34999847412109,64.80000305175781,62.70503616333008,40356,0.0,0.0
2023-03-20,64.55000305175781,64.9000015258789,63.34999847412109,64.19999694824219,62.12442779541016,21214,0.0,0.0
2023-03-21,63.59999847412109,65.1500015258789,62.70000076293945,63.54999923706055,61.49544143676758,21898,0.0,0.0
2023-03-22,63.54999923706055,65.80000305175781,63.400001525878906,64.4000015258789,62.31796646118164,30736,0.0,0.0
2023-03-23,65.4000015258789,68.0,62.59999847412109,64.1500015258789,62.0760498046875,74272,0.0,0.0
2023-03-24,64.0,64.9000015258789,60.5,61.09999847412109,59.12465286254883,64815,0.0,0.0
2023-03-27,60.20000076293945,61.70000076293945,57.84999847412109,58.20000076293945,56.31840896606445,56323,0.0,0.0
2023-03-28,58.09999847412109,58.09999847412109,54.400001525878906,54.650001525878906,52.8831787109375,43907,0.0,0.0
2023-03-29,55.54999923706055,57.0,54.59999847412109,55.900001525878906,54.092769622802734,105333,0.0,0.0
2023-03-31,56.400001525878906,58.70000076293945,56.0,56.45000076293945,54.6249885559082,46730,0.0,0.0
2023-04-03,58.0,59.5,57.59999847412109,59.04999923706055,57.140926361083984,38223,0.0,0.0
2023-04-05,59.650001525878906,62.400001525878906,59.59999847412109,61.45000076293945,59.46333694458008,34686,0.0,0.0
2023-04-06,61.45000076293945,61.45000076293945,59.0,60.650001525878906,58.68920135498047,33166,0.0,0.0
2023-04-10,61.900001525878906,61.900001525878906,59.34999847412109,60.150001525878906,58.20536804199219,31311,0.0,0.0
2023-04-11,60.95000076293945,64.9000015258789,60.45000076293945,62.25,60.23747253417969,94934,0.0,0.0
2023-04-12,63.45000076293945,67.0,62.59999847412109,64.0999984741211,62.02766799926758,144278,0.0,0.0
2023-04-13,64.0999984741211,65.0,62.25,63.95000076293945,61.88251495361328,24067,0.0,0.0
2023-04-17,62.70000076293945,63.75,62.5,62.95000076293945,60.91484451293945,29452,0.0,0.0
2023-04-18,63.400001525878906,63.70000076293945,61.59999847412109,62.20000076293945,60.18909454345703,31412,0.0,0.0
2023-04-19,61.5,63.95000076293945,61.5,62.79999923706055,60.76969528198242,14844,0.0,0.0
2023-04-20,62.0,64.5,62.0,63.70000076293945,61.64059829711914,25735,0.0,0.0
2023-04-21,64.75,64.75,62.70000076293945,63.75,61.68898010253906,15664,0.0,0.0
2023-04-24,62.79999923706055,64.69999694824219,62.79999923706055,63.29999923706055,61.2535285949707,18817,0.0,0.0
2023-04-25,63.09999847412109,64.9000015258789,62.95000076293945,64.05000305175781,61.979286193847656,22643,0.0,0.0
2023-04-26,64.5,64.5,62.650001525878906,63.150001525878906,61.10837936401367,20113,0.0,0.0
2023-04-27,62.79999923706055,65.4000015258789,62.59999847412109,64.94999694824219,62.85018157958984,41237,0.0,0.0
2023-04-28,65.1500015258789,65.9000015258789,63.70000076293945,64.0,61.9308967590332,41728,0.0,0.0
2023-05-02,65.0,66.8499984741211,63.79999923706055,64.25,62.17281723022461,40921,0.0,0.0
2023-05-03,64.8499984741211,64.94999694824219,63.5,63.75,61.68898010253906,17781,0.0,0.0
2023-05-04,63.5,64.94999694824219,62.59999847412109,63.20000076293945,61.15676498413086,47111,0.0,0.0
2023-05-05,64.0,66.4000015258789,63.0,65.3499984741211,63.23725891113281,76739,0.0,0.0
2023-05-08,65.0,66.4000015258789,64.5999984741211,65.69999694824219,63.5759391784668,31426,0.0,0.0
2023-05-09,66.30000305175781,66.94999694824219,63.59999847412109,64.0,61.9308967590332,45886,0.0,0.0
2023-05-10,63.95000076293945,64.6500015258789,63.59999847412109,63.95000076293945,61.88251495361328,28991,0.0,0.0
2023-05-11,63.34999847412109,64.5999984741211,63.09999847412109,63.79999923706055,61.73736572265625,20163,0.0,0.0
2023-05-12,63.5,65.0,63.400001525878906,64.4000015258789,62.31796646118164,20749,0.0,0.0
2023-05-15,64.9000015258789,65.0,63.400001525878906,63.59999847412109,61.54383087158203,19945,0.0,0.0
2023-05-16,63.59999847412109,64.3499984741211,63.59999847412109,63.84999847412109,61.78574752807617,16273,0.0,0.0
2023-05-17,63.650001525878906,64.05000305175781,63.09999847412109,63.400001525878906,61.35029602050781,21390,0.0,0.0
2023-05-18,63.400001525878906,64.1500015258789,62.54999923706055,63.0,60.96323013305664,22588,0.0,0.0
2023-05-19,63.95000076293945,64.0,63.0,63.400001525878906,61.35029602050781,25496,0.0,0.0
2023-05-22,63.95000076293945,63.95000076293945,62.59999847412109,62.900001525878906,60.866458892822266,23221,0.0,0.0
2023-05-23,63.59999847412109,63.75,62.54999923706055,62.900001525878906,60.866458892822266,18446,0.0,0.0
2023-05-24,62.900001525878906,63.75,62.09999847412109,62.75,60.721309661865234,26772,0.0,0.0
2023-05-25,63.75,63.75,62.79999923706055,63.20000076293945,61.15676498413086,20990,0.0,0.0
2023-05-26,63.25,63.29999923706055,61.84999847412109,62.20000076293945,60.18909454345703,57482,0.0,0.0
2023-05-29,63.45000076293945,64.80000305175781,62.400001525878906,64.25,62.17281723022461,123874,0.0,0.0
2023-05-30,65.19999694824219,69.80000305175781,64.25,65.94999694824219,63.81785583496094,174094,0.0,0.0
2023-05-31,65.5999984741211,65.94999694824219,63.79999923706055,64.44999694824219,62.36634826660156,56041,0.0,0.0
2023-06-01,65.44999694824219,68.5,64.5999984741211,65.3499984741211,63.23725891113281,87580,0.0,0.0
2023-06-02,65.80000305175781,69.44999694824219,65.55000305175781,66.05000305175781,63.91462707519531,142218,0.0,0.0
2023-06-05,67.80000305175781,69.5,67.0,67.4000015258789,65.22098541259766,105555,0.0,0.0
2023-06-06,67.55000305175781,68.3499984741211,66.69999694824219,67.05000305175781,64.8823013305664,39887,0.0,0.0
2023-06-07,68.0,69.0,67.0999984741211,67.5,65.3177490234375,41409,0.0,0.0
2023-06-08,67.5,68.4000015258789,66.30000305175781,66.5999984741211,64.44684600830078,39032,0.0,0.0
2023-06-09,65.6500015258789,67.0,65.19999694824219,65.4000015258789,63.285640716552734,42294,0.0,0.0
2023-06-12,65.5,67.0,64.55000305175781,66.0999984741211,63.9630012512207,73198,0.0,0.0
2023-06-13,66.0999984741211,68.8499984741211,66.0,67.75,65.55966186523438,122230,0.0,0.0
2023-06-14,68.30000305175781,72.44999694824219,67.44999694824219,71.55000305175781,69.23681640625,277993,0.0,0.0
2023-06-15,72.0,77.0,71.75,74.5,72.09143829345703,388189,0.0,0.0
2023-06-16,74.55000305175781,82.4000015258789,74.55000305175781,79.0999984741211,76.54270935058594,990512,0.0,0.0
2023-06-19,80.0,81.0,77.0,77.30000305175781,74.80091857910156,206678,0.0,0.0
2023-06-20,77.30000305175781,80.0999984741211,75.0,78.6500015258789,76.1072769165039,246124,0.0,0.0
2023-06-21,79.44999694824219,80.5,77.05000305175781,77.55000305175781,75.04283142089844,81247,0.0,0.0
2023-06-22,78.69999694824219,78.94999694824219,75.80000305175781,76.5,74.02677917480469,38089,0.0,0.0
2023-06-23,76.1500015258789,78.05000305175781,74.0,74.5,72.09143829345703,82249,0.0,0.0
2023-06-26,74.75,76.94999694824219,74.19999694824219,74.3499984741211,71.9462890625,49485,0.0,0.0
2023-06-27,75.69999694824219,77.9000015258789,75.5,76.1500015258789,73.68810272216797,98627,0.0,0.0
2023-06-28,76.30000305175781,77.1500015258789,75.0,75.19999694824219,72.768798828125,38264,0.0,0.0
2023-06-30,76.4000015258789,76.5999984741211,75.0,75.0999984741211,72.67203521728516,38661,0.0,0.0
2023-07-03,75.1500015258789,80.6500015258789,75.05000305175781,78.55000305175781,76.010498046875,321221,0.0,0.0
2023-07-04,78.94999694824219,81.4000015258789,77.55000305175781,77.69999694824219,75.18798065185547,245228,0.0,0.0
2023-07-05,78.94999694824219,79.9000015258789,77.75,78.75,76.20403289794922,120059,0.0,0.0
2023-07-06,78.05000305175781,79.3499984741211,77.0,77.5,74.99444580078125,86608,0.0,0.0
2023-07-07,78.69999694824219,78.69999694824219,76.0999984741211,76.69999694824219,74.2203140258789,52999,0.0,0.0
2023-07-10,77.6500015258789,79.5,76.55000305175781,78.6500015258789,76.1072769165039,95901,0.0,0.0
2023-07-11,78.6500015258789,81.0,78.55000305175781,79.30000305175781,76.73626708984375,200930,0.0,0.0
2023-07-12,81.0,95.1500015258789,79.94999694824219,92.3499984741211,89.36434936523438,2061088,0.0,0.0
2023-07-13,93.9000015258789,94.4000015258789,86.0,86.30000305175781,83.50994110107422,653210,0.0,0.0
2023-07-14,87.19999694824219,97.0,86.6500015258789,91.4499969482422,88.49344635009766,1119060,0.0,0.0
2023-07-17,92.4000015258789,99.5,92.0,97.4000015258789,94.25109100341795,965085,0.0,0.0
2023-07-18,99.5,101.3499984741211,93.3000030517578,95.4000015258789,92.31575012207033,467724,0.0,0.0
2023-07-19,96.4499969482422,99.8499984741211,95.5999984741211,95.8499984741211,92.7511978149414,305953,0.0,0.0
2023-07-20,95.8499984741211,96.0500030517578,92.3000030517578,93.9499969482422,90.9126205444336,217338,0.0,0.0
2023-07-21,94.0,95.6999969482422,93.0,93.3000030517578,90.28363800048828,118967,0.0,0.0
2023-07-24,94.3000030517578,96.75,90.8000030517578,91.4499969482422,88.49344635009766,191433,0.0,0.0
2023-07-25,92.4499969482422,95.0999984741211,91.25,92.75,89.75141143798828,160114,0.0,0.0
2023-07-26,93.8000030517578,96.0,93.0500030517578,93.5999984741211,90.57393646240234,157521,0.0,0.0
2023-07-27,94.0,102.0,93.6999969482422,100.3499984741211,97.105712890625,1218684,0.0,0.0
2023-07-28,101.3499984741211,104.6999969482422,100.3499984741211,102.25,98.94428253173828,549547,0.0,0.0
2023-07-31,102.25,104.5,98.4499969482422,99.4000015258789,96.18643188476562,322667,0.0,0.0
2023-08-01,100.3000030517578,103.75,99.0999984741211,99.5,96.28318786621094,246864,0.0,0.0
2023-08-02,99.0999984741211,101.4499969482422,93.0999984741211,96.3499984741211,93.9431381225586,289550,0.75,0.0
2023-08-03,96.9499969482422,100.0,95.25,98.4000015258789,95.94193267822266,179377,0.0,0.0
2023-08-04,98.9499969482422,101.0,97.6999969482422,98.5500030517578,96.08818817138672,162613,0.0,0.0
2023-08-07,98.5500030517578,101.0,97.3000030517578,98.6999969482422,96.23443603515624,179627,0.0,0.0
2023-08-08,99.4499969482422,105.4000015258789,98.75,101.4000015258789,98.86699676513672,853564,0.0,0.0
2023-08-09,101.4000015258789,111.0,101.4000015258789,108.75,106.03338623046876,1577578,0.0,0.0
2023-08-10,109.9499969482422,114.0,109.0,111.1999969482422,108.42218017578124,774528,0.0,0.0
2023-08-11,112.6999969482422,114.1500015258789,106.5999984741211,107.6999969482422,105.00961303710938,319984,0.0,0.0
2023-08-14,108.4499969482422,108.9499969482422,100.1999969482422,106.6500015258789,103.98584747314452,517574,0.0,0.0
2023-08-16,107.4499969482422,115.0,105.0999984741211,110.9499969482422,108.1784210205078,499062,0.0,0.0
2023-08-17,112.1999969482422,113.9000015258789,107.5500030517578,109.0500030517578,106.3259048461914,377814,0.0,0.0
2023-08-18,108.5500030517578,110.6500015258789,106.1999969482422,107.8000030517578,105.10712432861328,139831,0.0,0.0
2023-08-21,107.8000030517578,110.8000030517578,103.6500015258789,104.8000030517578,102.18205261230467,169898,0.0,0.0
2023-08-22,105.9499969482422,110.4000015258789,105.4000015258789,108.25,105.5458755493164,252105,0.0,0.0
2023-08-23,109.0,110.1500015258789,107.0,107.8499984741211,105.15586853027344,102591,0.0,0.0
2023-08-24,108.8499984741211,113.3499984741211,108.8000030517578,109.8499984741211,107.10590362548828,274544,0.0,0.0
2023-08-25,110.0,111.8000030517578,105.9499969482422,107.8499984741211,105.15586853027344,156781,0.0,0.0
2023-08-28,108.6500015258789,110.5,107.0,107.8499984741211,105.15586853027344,108598,0.0,0.0
2023-08-29,108.0,113.4000015258789,107.4000015258789,110.5,107.73967742919922,230626,0.0,0.0
2023-08-30,111.0,122.5,111.0,120.9499969482422,117.92862701416016,2309286,0.0,0.0
2023-08-31,123.3000030517578,126.4499969482422,120.25,121.4499969482422,118.41613006591795,793973,0.0,0.0
2023-09-01,122.3499984741211,128.5,122.0,126.9499969482422,123.77873992919922,756481,0.0,0.0
2023-09-04,128.8000030517578,132.0,128.0,131.39999389648438,128.11758422851562,599190,0.0,0.0
2023-09-05,133.8000030517578,138.6999969482422,125.4499969482422,126.8499984741211,123.68123626708984,708213,0.0,0.0
2023-09-06,127.6500015258789,130.89999389648438,125.3499984741211,127.9000015258789,124.70502471923828,339830,0.0,0.0
2023-09-07,129.0,129.14999389648438,125.9499969482422,127.9000015258789,124.70502471923828,172815,0.0,0.0
2023-09-08,129.0,129.3000030517578,124.0,127.0500030517578,123.87625122070312,266337,0.0,0.0
2023-09-11,127.0,129.0,124.5999984741211,125.5999984741211,122.46247100830078,206132,0.0,0.0
2023-09-12,125.5999984741211,127.9499969482422,110.5999984741211,111.75,108.95844268798828,734949,0.0,0.0
2023-09-13,110.0,117.8000030517578,108.1500015258789,113.5,110.66473388671876,428018,0.0,0.0
2023-09-14,117.4000015258789,127.3000030517578,116.3499984741211,125.0,121.87745666503906,766921,0.0,0.0
2023-09-15,127.25,129.0,121.4000015258789,121.9000015258789,118.85489654541016,230194,0.0,0.0
2023-09-18,123.75,123.75,119.0999984741211,119.6999969482422,116.70985412597656,194418,0.0,0.0
2023-09-20,119.0999984741211,119.6999969482422,115.0,116.25,113.34603881835938,147102,0.0,0.0
2023-09-21,117.3499984741211,123.1999969482422,116.3000030517578,118.0999984741211,115.14981079101562,237925,0.0,0.0
2023-09-22,119.1500015258789,120.8499984741211,114.8000030517578,119.1500015258789,116.17359924316406,108429,0.0,0.0
2023-09-25,119.1500015258789,123.0,116.6500015258789,117.25,114.32105255126952,94204,0.0,0.0
2023-09-26,118.4000015258789,121.25,118.1500015258789,119.8499984741211,116.85610961914062,81048,0.0,0.0
2023-09-27,122.0,122.0,116.5500030517578,118.0500030517578,115.10106658935548,106844,0.0,0.0
2023-09-28,119.0,120.1999969482422,113.0,115.3499984741211,112.46851348876952,122558,0.0,0.0
2023-09-29,116.0,120.8499984741211,115.0,120.5500030517578,117.5386199951172,221267,0.0,0.0
2023-10-03,121.0500030517578,126.0,120.8499984741211,121.75,118.70864868164062,289317,0.0,0.0
2023-10-04,122.0999984741211,125.9000015258789,120.0,125.1999969482422,122.07245635986328,267227,0.0,0.0
2023-10-05,126.0,128.10000610351562,123.1999969482422,124.1999969482422,121.09742736816406,302248,0.0,0.0
2023-10-06,124.75,125.6999969482422,122.8000030517578,123.5500030517578,120.46368408203124,101356,0.0,0.0
2023-10-09,113.0,123.5,113.0,114.6500015258789,111.7860107421875,260799,0.0,0.0
2023-10-10,117.0,137.5500030517578,117.0,137.25,133.82144165039062,3543565,0.0,0.0
2023-10-11,145.0,149.85000610351562,140.39999389648438,146.60000610351562,142.93788146972656,2032372,0.0,0.0
2023-10-12,146.89999389648438,146.89999389648438,141.0500030517578,142.14999389648438,138.5990447998047,372529,0.0,0.0
2023-10-13,149.0,149.0,140.1999969482422,141.5,137.96527099609375,390679,0.0,0.0
2023-10-16,142.9499969482422,146.4499969482422,139.4499969482422,141.5500030517578,138.0140380859375,316216,0.0,0.0
2023-10-17,142.64999389648438,147.85000610351562,141.25,143.14999389648438,139.5740509033203,283184,0.0,0.0
2023-10-18,142.25,143.89999389648438,138.0,140.1999969482422,136.69773864746094,189971,0.0,0.0
2023-10-19,138.0500030517578,143.0,138.0500030517578,140.64999389648438,137.1365203857422,107611,0.0,0.0
2023-10-20,140.39999389648438,143.85000610351562,135.5,136.60000610351562,133.1876983642578,157534,0.0,0.0
2023-10-23,137.8000030517578,140.4499969482422,126.0500030517578,127.9499969482422,124.7537612915039,231405,0.0,0.0
2023-10-25,133.0500030517578,137.0,124.1999969482422,127.6999969482422,124.51000213623048,308226,0.0,0.0
2023-10-26,128.10000610351562,129.9499969482422,121.3499984741211,126.1999969482422,123.04747009277344,306455,0.0,0.0
2023-10-27,127.8000030517578,133.64999389648438,127.75,132.39999389648438,129.09259033203125,145569,0.0,0.0
2023-10-30,133.8000030517578,135.1999969482422,128.0,129.6999969482422,126.46004486083984,95223,0.0,0.0
2023-10-31,131.0,133.35000610351562,126.5,129.5500030517578,126.31379699707033,175800,0.0,0.0
2023-11-01,129.5,133.1999969482422,126.4000015258789,127.0,123.8274917602539,110814,0.0,0.0
2023-11-02,128.25,132.1999969482422,128.25,130.60000610351562,127.33757781982422,161645,0.0,0.0
2023-11-03,131.89999389648438,132.60000610351562,128.35000610351562,130.10000610351562,126.85006713867188,100114,0.0,0.0
2023-11-06,130.5500030517578,139.0500030517578,130.5500030517578,137.64999389648438,134.21145629882812,360046,0.0,0.0
2023-11-07,139.8000030517578,139.8000030517578,134.10000610351562,135.5,132.1151580810547,215023,0.0,0.0
2023-11-08,136.35000610351562,139.0,134.0,134.85000610351562,131.4813995361328,209357,0.0,0.0
2023-11-09,135.35000610351562,136.6999969482422,130.8000030517578,131.4499969482422,128.16632080078125,142343,0.0,0.0
2023-11-10,139.85000610351562,154.64999389648438,136.1999969482422,152.1999969482422,148.3979949951172,3196881,0.0,0.0
2023-11-13,159.8000030517578,160.0,153.6999969482422,157.89999389648438,153.95559692382812,646368,0.0,0.0
2023-11-15,161.0,163.1999969482422,154.6999969482422,157.85000610351562,153.9068603515625,396922,0.0,0.0
2023-11-16,158.75,159.60000610351562,153.0,153.8000030517578,149.95802307128906,263833,0.0,0.0
2023-11-17,153.8000030517578,159.89999389648438,153.5,155.8000030517578,151.90805053710938,293862,0.0,0.0
2023-11-20,155.75,161.89999389648438,154.5500030517578,158.1999969482422,154.24810791015625,231813,0.0,0.0
2023-11-21,158.8000030517578,168.0,157.6999969482422,159.14999389648438,155.17437744140625,731804,0.0,0.0
2023-11-22,159.8000030517578,162.8000030517578,155.5,157.89999389648438,153.95559692382812,187254,0.0,0.0
2023-11-23,158.64999389648438,167.39999389648438,158.10000610351562,161.9499969482422,157.9044189453125,611205,0.0,0.0
2023-11-24,163.10000610351562,165.64999389648438,157.14999389648438,157.85000610351562,153.9068603515625,289312,0.0,0.0
2023-11-28,157.85000610351562,166.14999389648438,156.0,163.5500030517578,159.46446228027344,387113,0.0,0.0
2023-11-29,163.5500030517578,165.0,160.1999969482422,161.89999389648438,157.8556671142578,150591,0.0,0.0
2023-11-30,163.1999969482422,169.89999389648438,160.0,161.10000610351562,157.07566833496094,444292,0.0,0.0
2023-12-01,162.0500030517578,166.0,160.85000610351562,164.3000030517578,160.19573974609375,337519,0.0,0.0
2023-12-04,166.6999969482422,168.0,163.0,163.85000610351562,159.75697326660156,208048,0.0,0.0
2023-12-05,164.89999389648438,170.0,162.25,162.75,158.68443298339844,222586,0.0,0.0
2023-12-06,163.10000610351562,163.6999969482422,159.0,159.85000610351562,155.85690307617188,137230,0.0,0.0
2023-12-07,161.39999389648438,161.39999389648438,156.0,158.5,154.54061889648438,136518,0.0,0.0
2023-12-08,156.3000030517578,160.0,153.1999969482422,156.5500030517578,152.6393280029297,117571,0.0,0.0
2023-12-11,156.0,161.0,156.0,158.0,154.0531005859375,113414,0.0,0.0
2023-12-12,159.0,159.8000030517578,154.25,154.89999389648438,151.03053283691406,117664,0.0,0.0
2023-12-13,156.0,158.4499969482422,155.0,155.8000030517578,151.90805053710938,95426,0.0,0.0
2023-12-14,157.0,157.64999389648438,150.0500030517578,152.14999389648438,148.34922790527344,150002,0.0,0.0
2023-12-15,153.9499969482422,155.0,152.5,154.4499969482422,150.591796875,63821,0.0,0.0
2023-12-18,154.4499969482422,157.35000610351562,150.6999969482422,152.25,148.44674682617188,167438,0.0,0.0
2023-12-19,153.60000610351562,162.0,153.5500030517578,155.64999389648438,151.7617950439453,327610,0.0,0.0
2023-12-20,157.89999389648438,160.10000610351562,140.0,146.14999389648438,142.49911499023438,276591,0.0,0.0
2023-12-21,144.0,153.5,137.8000030517578,150.60000610351562,146.8379669189453,135488,0.0,0.0
2023-12-22,151.0,156.0,143.6999969482422,147.5500030517578,143.86415100097656,132570,0.0,0.0
2023-12-26,148.9499969482422,154.39999389648438,148.0,152.4499969482422,148.64173889160156,109035,0.0,0.0
2023-12-27,153.89999389648438,154.89999389648438,146.8000030517578,148.10000610351562,144.40042114257812,100216,0.0,0.0
2023-12-28,149.0,150.10000610351562,141.5500030517578,143.14999389648438,139.5740509033203,208093,0.0,0.0
2023-12-29,143.75,152.5,143.75,145.25,141.62161254882812,283249,0.0,0.0
2024-01-01,146.5,149.5,145.14999389648438,145.8000030517578,142.15786743164062,111294,0.0,0.0
2024-01-02,145.89999389648438,146.9499969482422,143.10000610351562,143.75,140.15907287597656,93331,0.0,0.0
2024-01-03,145.3000030517578,146.4499969482422,142.4499969482422,143.9499969482422,140.3540802001953,101101,0.0,0.0
2024-01-04,149.89999389648438,149.89999389648438,146.0,147.4499969482422,143.7666473388672,119106,0.0,0.0
2024-01-05,148.4499969482422,150.0,146.60000610351562,147.35000610351562,143.66915893554688,89286,0.0,0.0
2024-01-08,149.0,149.4499969482422,143.14999389648438,146.3000030517578,142.6453857421875,85049,0.0,0.0
2024-01-09,148.0,148.5500030517578,144.0,146.14999389648438,142.49911499023438,91688,0.0,0.0
2024-01-10,147.10000610351562,147.8000030517578,143.1999969482422,146.5500030517578,142.88914489746094,97953,0.0,0.0
2024-01-11,145.14999389648438,151.64999389648438,144.0,148.39999389648438,144.69290161132812,216077,0.0,0.0
2024-01-12,149.85000610351562,150.89999389648438,146.10000610351562,147.35000610351562,143.66915893554688,113770,0.0,0.0
2024-01-15,149.85000610351562,164.89999389648438,147.35000610351562,163.8000030517578,159.70822143554688,1396965,0.0,0.0
2024-01-16,165.5,166.3000030517578,157.25,164.60000610351562,160.4882354736328,528894,0.0,0.0
2024-01-17,161.1999969482422,165.0,157.5,160.60000610351562,156.5881805419922,234674,0.0,0.0
2024-01-18,160.60000610351562,162.10000610351562,153.75,157.6999969482422,153.76058959960938,139189,0.0,0.0
2024-01-19,162.0,163.0,158.0,161.5,157.46566772460938,199493,0.0,0.0
2024-01-23,159.85000610351562,162.0,151.0,152.85000610351562,149.03175354003906,103921,0.0,0.0
2024-01-24,152.85000610351562,159.0,152.85000610351562,155.9499969482422,152.0543212890625,84419,0.0,0.0
2024-01-25,157.0,163.0,155.25,155.85000610351562,151.9568328857422,66866,0.0,0.0
2024-01-29,159.0,159.25,150.10000610351562,154.0500030517578,150.2017822265625,94782,0.0,0.0
2024-01-30,154.0500030517578,154.5,147.9499969482422,149.89999389648438,146.15542602539062,183134,0.0,0.0
2024-01-31,148.6999969482422,150.75,146.5,148.1999969482422,144.4979248046875,100843,0.0,0.0
2024-02-01,151.0,154.64999389648438,147.39999389648438,152.60000610351562,148.78799438476562,139009,0.0,0.0
2024-02-02,152.5,155.10000610351562,152.3000030517578,154.1999969482422,150.3480224609375,104238,0.0,0.0
2024-02-05,154.1999969482422,156.9499969482422,150.0,150.25,146.49668884277344,87874,0.0,0.0
2024-02-06,150.25,154.5,150.25,151.64999389648438,147.86170959472656,47283,0.0,0.0
2024-02-07,150.1999969482422,153.6999969482422,149.5,149.8000030517578,146.05795288085938,84961,0.0,0.0
2024-02-08,149.8000030517578,149.85000610351562,146.5500030517578,148.0500030517578,144.35165405273438,70118,0.0,0.0
2024-02-09,146.60000610351562,149.9499969482422,138.3000030517578,141.5500030517578,138.0140380859375,112017,0.0,0.0
2024-02-12,136.0,140.89999389648438,126.0999984741211,129.75,126.5088119506836,311819,0.0,0.0
2024-02-13,125.1999969482422,134.4499969482422,114.3000030517578,121.8000030517578,118.75739288330078,427514,0.0,0.0
2024-02-14,121.8000030517578,128.5,121.0,124.6500015258789,121.53620147705078,150808,0.0,0.0
2024-02-15,127.9499969482422,134.0,126.5999984741211,133.39999389648438,130.067626953125,176606,0.0,0.0
2024-02-16,135.0,139.89999389648438,132.3000030517578,133.89999389648438,131.29327392578125,132532,0.75,0.0
2024-02-19,135.0,144.4499969482422,135.0,142.14999389648438,139.38267517089844,155826,0.0,0.0
2024-02-20,143.89999389648438,145.9499969482422,140.0500030517578,140.9499969482422,138.20603942871094,54205,0.0,0.0
2024-02-21,141.0,142.85000610351562,137.75,139.75,137.02940368652344,75948,0.0,0.0
2024-02-22,139.75,140.9499969482422,133.75,135.39999389648438,132.76409912109375,65429,0.0,0.0
2024-02-23,137.39999389648438,143.9499969482422,137.39999389648438,138.35000610351562,135.6566619873047,95815,0.0,0.0
2024-02-26,142.35000610351562,142.39999389648438,128.39999389648438,130.75,128.20462036132812,209820,0.0,0.0
2024-02-27,130.0500030517578,138.5,130.0500030517578,132.85000610351562,130.26373291015625,200045,0.0,0.0
2024-02-28,135.5,135.5,128.10000610351562,129.4499969482422,126.92992401123048,56654,0.0,0.0
2024-02-29,133.0,136.35000610351562,128.14999389648438,133.64999389648438,131.0481414794922,114934,0.0,0.0
2024-03-01,135.9499969482422,141.75,134.5500030517578,136.6999969482422,134.0387725830078,141123,0.0,0.0
2024-03-04,136.14999389648438,137.89999389648438,133.85000610351562,135.35000610351562,132.71507263183594,32701,0.0,0.0
2024-03-05,132.8000030517578,136.75,130.14999389648438,131.25,128.6948699951172,66959,0.0,0.0
2024-03-06,132.0,132.3000030517578,126.0,129.25,126.73381042480467,78323,0.0,0.0
2024-03-07,129.25,131.9499969482422,127.0,128.1999969482422,125.70425415039062,34563,0.0,0.0
2024-03-11,128.39999389648438,133.14999389648438,124.0,124.5500030517578,122.12531280517578,74879,0.0,0.0
2024-03-12,126.9000015258789,127.9499969482422,115.1999969482422,118.4000015258789,116.09503936767578,153414,0.0,0.0
2024-03-13,122.6999969482422,123.0,111.1999969482422,113.0999984741211,110.8982162475586,141075,0.0,0.0
2024-03-14,109.0999984741211,124.0,108.1500015258789,117.5500030517578,115.26158142089844,166414,0.0,0.0
2024-03-15,119.8000030517578,121.4000015258789,116.0500030517578,120.1500015258789,117.81097412109376,63279,0.0,0.0
2024-03-18,119.0999984741211,124.0,116.5999984741211,121.5999984741211,119.23273468017578,45310,0.0,0.0
2024-03-19,121.5999984741211,122.25,120.6500015258789,121.1999969482422,118.84052276611328,46525,0.0,0.0
2024-03-20,120.1999969482422,122.3499984741211,119.0,119.5999984741211,117.27167510986328,31575,0.0,0.0
2024-03-21,120.1500015258789,123.1500015258789,120.1500015258789,122.3000030517578,119.91912078857422,38891,0.0,0.0
2024-03-22,124.0,125.4000015258789,122.1500015258789,123.0999984741211,120.70354461669922,46109,0.0,0.0
2024-03-26,122.4000015258789,124.5,118.0,118.9000015258789,116.58531188964844,83244,0.0,0.0
2024-03-27,120.25,127.9499969482422,118.9499969482422,120.5,118.1541519165039,201385,0.0,0.0
2024-03-28,124.0,125.4000015258789,120.0500030517578,122.25,119.87008666992188,100552,0.0,0.0
2024-04-01,124.6999969482422,131.10000610351562,122.8499984741211,127.8000030517578,125.31204223632812,55968,0.0,0.0
2024-04-02,129.5,131.5,128.3000030517578,129.9499969482422,127.42018127441406,60174,0.0,0.0
2024-04-03,131.39999389648438,140.0,129.3000030517578,139.0,136.29400634765625,209849,0.0,0.0
2024-04-04,140.25,141.89999389648438,135.3000030517578,136.35000610351562,133.6956024169922,73197,0.0,0.0
2024-04-05,137.5,137.5500030517578,135.10000610351562,135.75,133.10726928710938,49368,0.0,0.0
2024-04-08,136.5,139.9499969482422,133.35000610351562,133.89999389648438,131.29327392578125,119099,0.0,0.0
2024-04-09,133.89999389648438,136.39999389648438,130.6999969482422,131.14999389648438,128.59681701660156,76567,0.0,0.0
2024-04-10,131.14999389648438,140.0500030517578,131.14999389648438,136.3000030517578,133.64657592773438,198114,0.0,0.0
2024-04-12,136.85000610351562,136.85000610351562,134.14999389648438,134.89999389648438,132.27381896972656,42857,0.0,0.0
2024-04-15,129.85000610351562,134.0,125.8000030517578,129.5500030517578,127.02798461914062,107571,0.0,0.0
2024-04-16,127.6999969482422,136.0,127.6999969482422,135.25,132.6170196533203,108228,0.0,0.0
2024-04-18,135.25,137.6999969482422,130.5,131.10000610351562,128.5478057861328,108139,0.0,0.0
2024-04-19,130.0,133.1999969482422,129.1999969482422,131.9499969482422,129.38124084472656,63526,0.0,0.0
2024-04-22,132.60000610351562,136.39999389648438,132.0,134.25,131.63648986816406,50017,0.0,0.0
2024-04-23,134.0,137.5,133.5500030517578,135.64999389648438,133.00921630859375,52744,0.0,0.0
2024-04-24,137.60000610351562,137.60000610351562,133.5,133.9499969482422,131.34230041503906,100636,0.0,0.0
2024-04-25,135.3000030517578,135.85000610351562,133.10000610351562,134.0,131.39132690429688,46840,0.0,0.0
2024-04-26,134.10000610351562,135.6999969482422,131.64999389648438,132.0500030517578,129.47930908203125,70255,0.0,0.0
2024-04-29,132.0500030517578,134.4499969482422,131.60000610351562,132.89999389648438,130.312744140625,53161,0.0,0.0
2024-04-30,133.8000030517578,134.8000030517578,131.75,133.1999969482422,130.60690307617188,51763,0.0,0.0
2024-05-02,132.5500030517578,134.5500030517578,132.0500030517578,132.39999389648438,129.82247924804688,61851,0.0,0.0
2024-05-03,134.0,134.4499969482422,131.35000610351562,132.6999969482422,130.11663818359375,45552,0.0,0.0
2024-05-06,133.3000030517578,133.5,130.0,131.25,128.6948699951172,40196,0.0,0.0
2024-05-07,126.8000030517578,131.35000610351562,126.75,127.3499984741211,124.87079620361328,59736,0.0,0.0
2024-05-08,127.3499984741211,131.89999389648438,127.0,128.0500030517578,125.5571746826172,53773,0.0,0.0
2024-05-09,127.0500030517578,131.4499969482422,125.0,125.5500030517578,123.10585021972656,38431,0.0,0.0
2024-05-10,126.1999969482422,128.0,123.0500030517578,127.5,125.01788330078124,39442,0.0,0.0
2024-05-13,129.89999389648438,129.89999389648438,124.0999984741211,124.6500015258789,122.2233657836914,43071,0.0,0.0
2024-05-14,125.8000030517578,129.35000610351562,125.1500015258789,128.0500030517578,125.5571746826172,50235,0.0,0.0
2024-05-15,129.5,132.64999389648438,127.5999984741211,129.3000030517578,126.78284454345705,87400,0.0,0.0
2024-05-16,130.85000610351562,130.85000610351562,125.8000030517578,127.5,125.01788330078124,97392,0.0,0.0
2024-05-17,133.25,147.5,132.5,137.10000610351562,134.43099975585938,1073514,0.0,0.0
2024-05-21,142.60000610351562,145.9499969482422,138.10000610351562,139.0,136.29400634765625,235571,0.0,0.0
2024-05-22,139.0,141.5,136.64999389648438,137.10000610351562,134.43099975585938,109398,0.0,0.0
2024-05-23,137.10000610351562,138.1999969482422,134.8000030517578,135.1999969482422,132.5679931640625,43797,0.0,0.0
2024-05-24,134.0,137.0,132.0,133.35000610351562,130.75399780273438,65331,0.0,0.0
2024-05-27,133.5,134.60000610351562,131.0,131.1999969482422,128.64584350585938,46275,0.0,0.0
2024-05-28,130.35000610351562,133.35000610351562,130.35000610351562,130.9499969482422,128.4007110595703,44563,0.0,0.0
2024-05-29,130.39999389648438,133.5,128.1999969482422,129.0500030517578,126.53770446777344,134993,0.0,0.0
2024-05-30,129.35000610351562,129.9499969482422,126.8499984741211,127.1500015258789,124.67469787597656,61923,0.0,0.0
2024-05-31,127.8000030517578,128.4499969482422,125.1999969482422,126.5500030517578,124.0863800048828,57644,0.0,0.0
2024-06-03,133.0,134.5,127.5,130.1999969482422,127.66531372070312,95122,0.0,0.0
2024-06-04,130.10000610351562,130.10000610351562,117.3000030517578,123.4499969482422,121.04672241210938,124687,0.0,0.0
2024-06-05,123.5500030517578,129.14999389648438,121.4499969482422,127.0500030517578,124.57664489746094,61906,0.0,0.0
2024-06-06,129.6999969482422,130.5500030517578,127.6999969482422,130.10000610351562,127.56727600097656,64399,0.0,0.0
2024-06-07,132.5,133.0,130.5500030517578,132.5,129.92054748535156,94292,0.0,0.0
2024-06-10,133.1999969482422,136.4499969482422,132.2100067138672,134.08999633789062,131.47958374023438,130991,0.0,0.0
2024-06-11,135.35000610351562,135.35000610351562,132.60000610351562,133.1999969482422,130.60690307617188,51708,0.0,0.0
2024-06-12,134.0,136.80999755859375,131.74000549316406,135.27999877929688,132.64642333984375,108421,0.0,0.0
2024-06-13,136.27999877929688,136.85000610351562,134.00999450683594,134.72000122070312,132.09732055664062,47491,0.0,0.0
2024-06-14,136.75,138.3699951171875,134.0,134.75999450683594,132.13653564453125,81312,0.0,0.0
2024-06-18,136.8000030517578,141.1199951171875,133.41000366210938,136.02999877929688,133.38182067871094,267509,0.0,0.0
2024-06-19,137.39999389648438,137.9499969482422,134.1699981689453,135.7100067138672,133.06805419921875,99207,0.0,0.0
2024-06-20,137.0500030517578,143.38999938964844,135.39999389648438,137.8699951171875,135.1859893798828,273091,0.0,0.0
2024-06-21,139.39999389648438,147.5,135.0800018310547,143.1699981689453,140.38282775878906,532493,0.0,0.0
2024-06-24,144.38999938964844,144.39999389648438,139.5,141.5399932861328,138.7845458984375,202438,0.0,0.0
2024-06-25,143.64999389648438,143.99000549316406,139.6999969482422,140.86000061035156,138.11778259277344,105573,0.0,0.0
2024-06-26,142.0,142.0,138.55999755859375,138.99000549316406,136.28421020507812,66885,0.0,0.0
2024-06-27,140.39999389648438,140.39999389648438,134.5,135.86000061035156,133.2151336669922,111693,0.0,0.0
2024-06-28,134.8000030517578,140.0,134.8000030517578,138.63999938964844,135.94100952148438,111937,0.0,0.0
2024-07-01,140.6999969482422,142.64999389648438,135.8000030517578,139.3000030517578,136.58816528320312,95738,0.0,0.0
2024-07-02,139.3000030517578,149.6999969482422,136.0,140.1999969482422,137.4706268310547,417651,0.0,0.0
2024-07-03,140.3000030517578,145.00999450683594,139.6999969482422,144.22000122070312,141.4123992919922,170173,0.0,0.0
2024-07-04,144.22000122070312,158.8000030517578,144.22000122070312,156.9499969482422,153.89456176757812,1171820,0.0,0.0
2024-07-05,156.9499969482422,163.0,154.05999755859375,160.3800048828125,157.25779724121094,875576,0.0,0.0
2024-07-08,160.3800048828125,163.4199981689453,154.25,156.42999267578125,153.38467407226562,364552,0.0,0.0
2024-07-09,159.6999969482422,159.6999969482422,154.1199951171875,154.8000030517578,151.7864227294922,146896,0.0,0.0
2024-07-10,155.14999389648438,159.88999938964844,148.02999877929688,154.07000732421875,151.0706329345703,377117,0.0,0.0
2024-07-11,155.89999389648438,165.0,155.5,161.50999450683594,158.36578369140625,425548,0.0,0.0
2024-07-12,162.6999969482422,166.88999938964844,158.0399932861328,161.63999938964844,158.49325561523438,214996,0.0,0.0
2024-07-15,164.0,168.10000610351562,159.85000610351562,161.0,157.86570739746094,327150,0.0,0.0
2024-07-16,163.99000549316406,167.30999755859375,154.3000030517578,155.63999938964844,152.6100616455078,351059,0.0,0.0
2024-07-18,155.10000610351562,159.9499969482422,151.10000610351562,152.47000122070312,150.4685516357422,252584,1.0,0.0
2024-07-19,154.75,157.1699981689453,148.1999969482422,153.38999938964844,151.37648010253906,228087,0.0,0.0
2024-07-22,145.0,160.0,145.0,156.07000732421875,154.0212860107422,302895,0.0,0.0
2024-07-23,156.0,162.0,150.0,156.30999755859375,154.2581329345703,143505,0.0,0.0
2024-07-24,156.30999755859375,163.0,156.3000030517578,159.2100067138672,157.1200714111328,146135,0.0,0.0
2024-07-25,157.38999938964844,185.6999969482422,156.80999755859375,177.3699951171875,175.04168701171875,2766182,0.0,0.0
2024-07-26,180.8999938964844,186.9900054931641,175.0,177.1199951171875,174.7949676513672,964234,0.0,0.0
2024-07-29,179.0,181.5500030517578,174.39999389648438,176.47000122070312,174.15350341796875,294023,0.0,0.0
2024-07-30,178.14999389648438,182.0,172.41000366210938,173.77999877929688,171.4988250732422,235052,0.0,0.0
2024-07-31,175.5,180.5,172.8300018310547,177.75,175.4167022705078,160773,0.0,0.0
2024-08-01,180.3999938964844,187.5,170.0,171.47999572753906,169.22900390625,809155,0.0,0.0
2024-08-02,170.97999572753906,179.6999969482422,167.1199951171875,170.8300018310547,168.58753967285156,583330,0.0,0.0
2024-08-05,167.39999389648438,169.0,159.36000061035156,164.0,161.84719848632812,445256,0.0,0.0
2024-08-06,168.5,172.5500030517578,163.0500030517578,163.9499969482422,161.7978515625,231931,0.0,0.0
2024-08-07,168.0,184.3500061035156,165.00999450683594,181.5399932861328,179.1569366455078,799929,0.0,0.0
2024-08-08,182.0,183.6000061035156,175.0,175.44000244140625,173.13702392578125,275870,0.0,0.0
2024-08-09,181.0,182.5800018310547,176.2100067138672,179.52000427246094,177.16346740722656,330871,0.0,0.0
2024-08-12,182.5,195.0,178.02000427246094,180.44000244140625,178.07139587402344,830821,0.0,0.0
2024-08-13,182.38999938964844,186.0,173.3699951171875,175.07000732421875,172.7718963623047,333119,0.0,0.0
2024-08-14,176.99000549316406,180.19000244140625,171.55999755859375,172.38999938964844,170.12705993652344,200276,0.0,0.0
2024-08-16,175.0,179.22999572753906,172.9499969482422,174.58999633789062,172.29818725585938,120407,0.0,0.0
2024-08-19,177.1999969482422,182.5500030517578,175.11000061035156,180.8600006103516,178.4858856201172,237258,0.0,0.0
2024-08-20,183.0,188.47999572753903,180.6100006103516,182.9199981689453,180.51882934570312,270777,0.0,0.0
2024-08-21,182.9199981689453,193.0,180.5399932861328,189.17999267578125,186.6966552734375,492649,0.0,0.0
2024-08-22,195.0,197.0,190.0,194.8699951171875,192.3119659423828,364889,0.0,0.0
2024-08-23,198.0,202.1999969482422,195.1100006103516,198.3699951171875,195.7660217285156,429682,0.0,0.0
2024-08-26,204.8999938964844,238.0399932861328,202.33999633789065,223.7700042724609,220.8326110839844,4087683,0.0,0.0
2024-08-27,222.5,233.0,216.07000732421875,224.3000030517578,221.35565185546875,992651,0.0,0.0
2024-08-28,224.25,234.0,221.4100036621093,224.2700042724609,221.32603454589844,626055,0.0,0.0
2024-08-29,227.6499938964844,230.4499969482422,222.9499969482422,224.4900054931641,221.5431671142578,298294,0.0,0.0
2024-08-30,228.4499969482422,245.0,225.1000061035156,235.8999938964844,232.80337524414065,1186423,0.0,0.0
2024-09-02,239.5500030517578,248.0,231.1499938964844,234.2899932861328,231.21450805664065,595552,0.0,0.0
2024-09-03,238.97999572753903,239.0,227.9900054931641,231.1199951171875,228.08612060546875,243314,0.0,0.0
2024-09-04,231.1199951171875,242.0,228.0200042724609,237.44000244140625,234.3231658935547,452022,0.0,0.0
2024-09-05,239.1000061035156,267.4200134277344,238.5,257.9700012207031,254.58367919921875,2310356,0.0,0.0
2024-09-06,258.70001220703125,266.0,249.0,252.8600006103516,249.54074096679688,711116,0.0,0.0
2024-09-09,255.0,258.0,237.5200042724609,243.4900054931641,240.2937469482422,445901,0.0,0.0
2024-09-10,243.8000030517578,248.1000061035156,240.52999877929688,242.7100067138672,239.52398681640625,112843,0.0,0.0
2024-09-11,245.8999938964844,247.5,235.0,236.6999969482422,233.59288024902344,111225,0.0,0.0
2024-09-12,239.9499969482422,245.009994506836,227.8000030517578,236.47999572753903,233.3757476806641,200890,0.0,0.0
2024-09-13,235.0,241.6499938964844,232.0599975585937,236.22000122070312,233.1191864013672,101964,0.0,0.0
2024-09-16,240.9499969482422,242.0,230.0500030517578,231.47000122070312,228.43153381347656,169715,0.0,0.0
2024-09-17,229.0,234.9900054931641,219.0,222.8500061035156,219.92469787597656,356067,0.0,0.0
2024-09-18,222.8500061035156,230.0,222.8500061035156,226.509994506836,223.53663635253903,180981,0.0,0.0
2024-09-19,229.9900054931641,229.9900054931641,212.9600067138672,217.8099975585937,214.95083618164065,139363,0.0,0.0
2024-09-20,217.8099975585937,222.8000030517578,216.3500061035156,219.1600036621093,216.2831268310547,121798,0.0,0.0
2024-09-23,220.8000030517578,238.63999938964844,219.4100036621093,233.5599975585937,230.4940948486328,224987,0.0,0.0
2024-09-24,234.4900054931641,237.2899932861328,225.0,234.8099975585937,231.7276763916016,278430,0.0,0.0
2024-09-25,239.3999938964844,248.0,233.009994506836,239.2899932861328,236.1488647460937,388856,0.0,0.0
2024-09-26,239.3000030517578,246.0,233.3500061035156,234.5800018310547,231.50070190429688,130877,0.0,0.0
2024-09-27,232.509994506836,235.72999572753903,224.47000122070312,229.3800048828125,226.36895751953125,111718,0.0,0.0
2024-09-30,230.0,232.9900054931641,221.0,229.02999877929688,226.02354431152344,134548,0.0,0.0
2024-10-01,233.9900054931641,238.97999572753903,222.3500061035156,228.4600067138672,225.46104431152344,286190,0.0,0.0
2024-10-03,227.1999969482422,227.1999969482422,219.9100036621093,221.5800018310547,218.67135620117188,99678,0.0,0.0
2024-10-04,221.6000061035156,224.4499969482422,206.1100006103516,214.58999633789065,211.7731170654297,190112,0.0,0.0
2024-10-07,218.0,218.8999938964844,198.0,198.5,195.8943328857422,205007,0.0,0.0
2024-10-08,196.1999969482422,222.8699951171875,195.0,221.4100036621093,218.5035858154297,231674,0.0,0.0
2024-10-09,222.4499969482422,236.0,222.0,227.0,224.02020263671875,215046,0.0,0.0
2024-10-10,227.0,228.88999938964844,217.5200042724609,223.1300048828125,220.2010040283203,143964,0.0,0.0
2024-10-11,226.1499938964844,237.2100067138672,224.0,231.0800018310547,228.04666137695312,235258,0.0,0.0
2024-10-14,231.6499938964844,237.0,226.1000061035156,235.58999633789065,232.4974365234375,131197,0.0,0.0
2024-10-15,236.3999938964844,250.3999938964844,233.7100067138672,239.72000122070312,236.5732421875,657143,0.0,0.0
2024-10-16,239.6999969482422,248.0,235.5599975585937,237.67999267578125,234.5599975585937,158885,0.0,0.0
2024-10-17,236.0,237.9100036621093,229.3999938964844,230.94000244140625,227.90847778320312,91922,0.0,0.0
2024-10-18,228.6499938964844,232.0,222.6100006103516,229.509994506836,226.49725341796875,78922,0.0,0.0
2024-10-21,232.9499969482422,233.72999572753903,218.3500061035156,221.1000061035156,218.1976623535156,92238,0.0,0.0
2024-10-22,221.0800018310547,222.0,210.0,211.25,208.4769592285156,168591,0.0,0.0
2024-10-23,211.25,219.0,202.3000030517578,211.17999267578125,208.40786743164065,153004,0.0,0.0
2024-10-24,211.17999267578125,213.58999633789065,206.7100067138672,209.1300048828125,206.38479614257807,239161,0.0,0.0
2024-10-25,208.0,216.0,198.0,206.42999267578125,203.72021484375,377609,0.0,0.0
2024-10-28,206.5,209.3999938964844,198.07000732421875,207.6000061035156,204.8748779296875,84944,0.0,0.0
2024-10-29,207.6000061035156,217.0,202.0,203.759994506836,201.08526611328125,94697,0.0,0.0
2024-10-30,203.6999969482422,221.0,203.6999969482422,217.8099975585937,214.95083618164065,107727,0.0,0.0
2024-10-31,216.0,225.0,214.22999572753903,223.63999938964844,220.70431518554688,107043,0.0,0.0
2024-11-01,229.0,229.8000030517578,218.6000061035156,225.67999267578125,222.717529296875,31644,0.0,0.0
2024-11-04,222.0,226.8500061035156,215.1000061035156,223.509994506836,220.5760040283203,218090,0.0,0.0
2024-11-05,219.0399932861328,219.9499969482422,211.0,213.1199951171875,210.3224029541016,176013,0.0,0.0
2024-11-06,213.0,219.0,211.0,214.1100006103516,211.2994079589844,226300,0.0,0.0
2024-11-07,215.25,215.25,209.0,209.77999877929688,207.0262451171875,84267,0.0,0.0
2024-11-08,210.3999938964844,211.67999267578125,198.0200042724609,200.0200042724609,197.3943634033203,162839,0.0,0.0
2024-11-11,200.8500061035156,204.4499969482422,198.0,199.75,197.1279144287109,154487,0.0,0.0
2024-11-12,201.1499938964844,201.1499938964844,192.5599975585937,193.97000122070312,191.4237823486328,71938,0.0,0.0
2024-11-13,195.38999938964844,195.38999938964844,186.5200042724609,189.6600036621093,187.1703643798828,102539,0.0,0.0
2024-11-14,190.1499938964844,192.6000061035156,184.82000732421875,187.67999267578125,185.21633911132807,87944,0.0,0.0
2024-11-18,188.0,188.3699951171875,181.9199981689453,185.22000122070312,182.7886505126953,77792,0.0,0.0
2024-11-19,188.0,197.0,185.92999267578125,190.82000732421875,188.3151397705078,137997,0.0,0.0
2024-11-21,191.0,191.0,183.2700042724609,185.6199951171875,183.1833953857422,72168,0.0,0.0
2024-11-22,185.0,190.3000030517578,184.009994506836,187.3500061035156,184.89068603515625,54214,0.0,0.0
2024-11-25,187.9499969482422,197.94000244140625,187.1999969482422,191.8000030517578,189.2822723388672,212362,0.0,0.0
2024-11-26,192.0,199.0,191.1100006103516,197.08999633789065,194.50282287597656,78812,0.0,0.0
2024-11-27,196.5,198.0,190.67999267578125,195.88999938964844,193.318588256836,111811,0.0,0.0
2024-11-28,200.0,207.0,197.47000122070312,203.72999572753903,201.0556640625,142237,0.0,0.0
2024-11-29,203.9499969482422,206.4100036621093,197.5599975585937,199.0399932861328,196.4272308349609,77674,0.0,0.0
2024-12-02,197.0,202.6000061035156,193.3000030517578,196.83999633789065,194.256103515625,109320,0.0,0.0
2024-12-03,197.3500061035156,214.83999633789065,197.33999633789065,205.67999267578125,202.9800567626953,334838,0.0,0.0
2024-12-04,207.3500061035156,218.7899932861328,205.4600067138672,210.7899932861328,208.02297973632807,249100,0.0,0.0
2024-12-05,211.75,219.0,209.5500030517578,212.72000122070312,209.9276580810547,87003,0.0,0.0
2024-12-06,213.6999969482422,215.8500061035156,210.0,211.57000732421875,208.79275512695312,65881,0.0,0.0
2024-12-09,212.3000030517578,219.6499938964844,208.1999969482422,216.259994506836,213.4211883544922,206225,0.0,0.0
2024-12-10,217.5,219.8600006103516,210.5,212.5500030517578,209.7598876953125,78634,0.0,0.0
2024-12-11,211.1999969482422,216.13999938964844,207.9199981689453,211.1499938964844,208.3782653808593,176595,0.0,0.0
2024-12-12,210.0,214.0,206.42999267578125,207.9100036621093,205.1808013916016,75109,0.0,0.0
2024-12-13,207.3500061035156,211.5,200.6100006103516,210.42999267578125,207.667709350586,98605,0.0,0.0
2024-12-16,211.0500030517578,212.5,206.3500061035156,208.13999938964844,205.40777587890625,64266,0.0,0.0
2024-12-17,206.0500030517578,208.6000061035156,202.1699981689453,203.259994506836,200.5918426513672,75193,0.0,0.0
2024-12-18,203.259994506836,206.9900054931641,200.2100067138672,202.32000732421875,199.6641845703125,77862,0.0,0.0
2024-12-19,199.3000030517578,202.6499938964844,197.9499969482422,199.3800048828125,196.7627716064453,63299,0.0,0.0
2024-12-20,199.3800048828125,201.5,190.3300018310547,192.1999969482422,189.6770172119141,104596,0.0,0.0
2024-12-23,196.0,205.9900054931641,190.0,191.6999969482422,189.1835784912109,72963,0.0,0.0
2024-12-24,191.1000061035156,195.0,189.6699981689453,191.32000732421875,188.8085784912109,62606,0.0,0.0
2024-12-26,191.8999938964844,194.19000244140625,186.509994506836,187.8000030517578,185.33477783203125,67126,0.0,0.0
2024-12-27,187.25,194.5,187.25,192.5599975585937,190.03228759765625,135098,0.0,0.0
2024-12-30,193.8999938964844,200.1999969482422,185.1199951171875,186.1100006103516,183.66696166992188,91652,0.0,0.0
2024-12-31,187.9499969482422,198.7899932861328,185.0,194.2400054931641,191.69024658203125,107326,0.0,0.0
2025-01-01,195.0500030517578,202.1300048828125,192.75,201.22999572753903,198.58848571777344,122550,0.0,0.0
2025-01-02,203.25,203.25,196.0,197.4100036621093,194.81863403320312,74775,0.0,0.0
2025-01-03,198.0,203.0,196.0,201.07000732421875,198.4305877685547,74640,0.0,0.0
2025-01-06,204.1000061035156,204.7899932861328,186.8000030517578,188.97000122070312,186.48941040039065,89117,0.0,0.0
2025-01-07,191.8000030517578,195.0,188.83999633789065,190.4499969482422,187.94998168945312,52352,0.0,0.0
2025-01-08,191.0,191.1999969482422,185.3800048828125,187.22999572753903,184.7722625732422,65567,0.0,0.0
2025-01-09,186.8999938964844,191.5,181.3000030517578,183.3800048828125,180.97280883789065,65021,0.0,0.0
2025-01-10,182.25,183.2400054931641,176.08999633789062,177.13999938964844,174.81471252441406,77269,0.0,0.0
2025-01-13,175.0,177.82000732421875,166.4199981689453,168.82000732421875,166.6039276123047,97471,0.0,0.0
2025-01-14,170.0,179.5399932861328,170.0,178.4600067138672,176.11740112304688,66170,0.0,0.0
2025-01-15,178.4600067138672,181.2899932861328,174.0,176.88999938964844,174.5679931640625,43121,0.0,0.0
2025-01-16,177.0,184.8999938964844,175.41000366210938,177.0500030517578,174.72589111328125,89006,0.0,0.0
2025-01-17,175.0,178.9199981689453,174.82000732421875,177.6199951171875,175.28839111328125,43581,0.0,0.0
2025-01-20,177.6199951171875,189.0,173.35000610351562,186.52999877929688,184.0814514160156,69473,0.0,0.0
2025-01-21,185.259994506836,191.0,176.10000610351562,178.8300018310547,176.48251342773438,125166,0.0,0.0
2025-01-22,179.9499969482422,184.9900054931641,175.25999450683594,176.77999877929688,174.4594268798828,66026,0.0,0.0
2025-01-23,176.77999877929688,182.5800018310547,175.1699981689453,179.4600067138672,177.10426330566406,46129,0.0,0.0
2025-01-24,178.10000610351562,179.10000610351562,170.0,171.55999755859375,169.30795288085938,63711,0.0,0.0
2025-01-27,169.25,171.4499969482422,162.10000610351562,163.63999938964844,161.49192810058594,67364,0.0,0.0
2025-01-28,162.0,169.99000549316406,159.10000610351562,160.88999938964844,158.7780303955078,68087,0.0,0.0
2025-01-29,163.3000030517578,182.0,161.05999755859375,172.05999755859375,169.8013916015625,263475,0.0,0.0
2025-01-30,168.8000030517578,174.0,168.8000030517578,171.52000427246094,169.26849365234375,49368,0.0,0.0
2025-01-31,172.5,176.97999572753906,171.5500030517578,175.0500030517578,172.7521514892578,30406,0.0,0.0
2025-02-01,179.0,179.0,172.0,173.80999755859375,171.52842712402344,24366,0.0,0.0
2025-02-03,173.85000610351562,176.86000061035156,170.0,170.3800048828125,168.14344787597656,27268,0.0,0.0
2025-02-04,175.0,181.3500061035156,171.00999450683594,176.14999389648438,173.83770751953125,47989,0.0,0.0
2025-02-05,175.3000030517578,183.0,175.00999450683594,177.27000427246094,174.9429931640625,88342,0.0,0.0
2025-02-06,178.3000030517578,178.3000030517578,169.3000030517578,171.0500030517578,168.80465698242188,105827,0.0,0.0
2025-02-07,171.0,173.5,169.19000244140625,172.7899932861328,170.5218048095703,33181,0.0,0.0
2025-02-10,172.7899932861328,186.0,167.63999938964844,169.3699951171875,167.14669799804688,287436,0.0,0.0
2025-02-11,170.25,176.02000427246094,160.22000122070312,161.8699951171875,159.74514770507812,65724,0.0,0.0
2025-02-12,161.14999389648438,161.42999267578125,147.89999389648438,155.0,152.96534729003906,131803,0.0,0.0
2025-02-13,152.0,157.60000610351562,150.38999938964844,151.75999450683594,149.7678680419922,59817,0.0,0.0
2025-02-14,151.75999450683594,152.89999389648438,142.89999389648438,144.6199951171875,142.72158813476562,84931,0.0,0.0
2025-02-17,142.9499969482422,148.38999938964844,138.39999389648438,140.75999450683594,138.91226196289062,69425,0.0,0.0
2025-02-18,140.75999450683594,147.17999267578125,134.1999969482422,137.47000122070312,135.6654510498047,303593,0.0,0.0
2025-02-19,137.1999969482422,155.0,135.3000030517578,151.67999267578125,149.68890380859375,108649,0.0,0.0
2025-02-20,154.0,160.5,153.0,159.38999938964844,157.29771423339844,187749,0.0,0.0
2025-02-21,157.85000610351562,161.38999938964844,151.35000610351562,152.74000549316406,150.73501586914062,57995,0.0,0.0
2025-02-24,149.0,152.0,146.66000366210938,150.91000366210938,148.9290313720703,44739,0.0,0.0
2025-02-25,149.0,153.49000549316406,147.99000549316406,148.9600067138672,147.00462341308594,23382,0.0,0.0
2025-02-27,148.9600067138672,149.3699951171875,142.60000610351562,145.4199981689453,143.51109313964844,33756,0.0,0.0
2025-02-28,142.5500030517578,145.49000549316406,138.9499969482422,144.3300018310547,142.43540954589844,66386,0.0,0.0
2025-03-03,145.10000610351562,151.49000549316406,138.0,139.2899932861328,137.46156311035156,63793,0.0,0.0
2025-03-04,142.0,142.17999267578125,132.30999755859375,136.4499969482422,134.65884399414062,111277,0.0,0.0
2025-03-05,140.39999389648438,144.50999450683594,139.2100067138672,143.57000732421875,141.68539428710938,50314,0.0,0.0
2025-03-06,149.5,153.0,144.1999969482422,148.69000244140625,146.73817443847656,62482,0.0,0.0
2025-03-07,148.69000244140625,155.0,148.17999267578125,152.74000549316406,150.73501586914062,49736,0.0,0.0
2025-03-10,157.6999969482422,157.6999969482422,143.1999969482422,144.52000427246094,142.62290954589844,51400,0.0,0.0
2025-03-11,144.52000427246094,145.17999267578125,140.0,141.55999755859375,139.70176696777344,44077,0.0,0.0
2025-03-12,144.8000030517578,144.8000030517578,140.91000366210938,142.44000244140625,140.57022094726562,35290,0.0,0.0
2025-03-13,145.0,145.94000244140625,139.0,141.5500030517578,139.69190979003906,34679,0.0,0.0
2025-03-17,141.60000610351562,143.88999938964844,136.36000061035156,137.02999877929688,135.23123168945312,286336,0.0,0.0
2025-03-18,137.02999877929688,137.02999877929688,137.02999877929688,137.02999877929688,135.23123168945312,0,0.0,0.0
2025-03-19,145.0,151.0800018310547,139.39999389648438,147.5500030517578,145.61314392089844,61322,0.0,0.0
2025-03-20,147.5500030517578,155.4499969482422,147.5500030517578,152.69000244140625,150.6856689453125,99649,0.0,0.0
2025-03-21,152.69000244140625,169.0,152.69000244140625,163.92999267578125,161.7781219482422,425909,0.0,0.0
2025-03-24,172.1999969482422,172.9499969482422,167.0,172.36000061035156,170.0974578857422,100508,0.0,0.0
2025-03-25,173.4499969482422,174.6999969482422,160.05999755859375,161.5500030517578,159.42935180664062,126600,0.0,0.0
2025-03-26,162.89999389648438,165.8800048828125,155.60000610351562,157.10000610351562,155.03778076171875,59227,0.0,0.0
2025-03-27,156.89999389648438,170.0,153.0,164.0,161.84719848632812,436716,0.0,0.0
2025-03-28,164.0,168.5399932861328,156.0,157.4199981689453,155.35357666015625,81192,0.0,0.0
2025-04-01,159.0,159.0,146.0,152.6699981689453,150.66592407226562,276021,0.0,0.0
2025-04-02,152.25,156.0800018310547,150.4499969482422,152.77999877929688,150.77447509765625,63706,0.0,0.0
2025-04-03,153.14999389648438,166.6999969482422,152.0,164.4600067138672,162.30116271972656,194588,0.0,0.0
2025-04-04,163.77999877929688,164.7899932861328,152.0,158.1999969482422,156.1233367919922,96690,0.0,0.0
2025-04-07,141.0,155.0,140.4499969482422,152.66000366210938,150.65606689453125,104382,0.0,0.0
2025-04-08,156.8000030517578,163.0,152.5500030517578,159.97999572753906,157.8799591064453,64090,0.0,0.0
2025-04-09,157.60000610351562,161.38999938964844,155.75999450683594,159.5500030517578,157.4556121826172,26579,0.0,0.0
2025-04-11,161.9499969482422,164.10000610351562,160.75,162.08999633789062,159.96226501464844,46738,0.0,0.0
2025-04-15,162.08999633789062,166.08999633789062,160.0,163.72000122070312,161.5708770751953,62028,0.0,0.0
2025-04-16,163.72000122070312,166.9499969482422,162.7899932861328,164.0399932861328,161.8866729736328,50278,0.0,0.0
2025-04-17,162.8000030517578,165.5,161.8000030517578,162.22999572753906,160.1004180908203,41164,0.0,0.0
2025-04-21,164.6699981689453,166.07000732421875,161.6300048828125,164.5399932861328,162.38009643554688,63401,0.0,0.0
2025-04-22,168.0,168.0,163.6999969482422,165.00999450683594,162.84393310546875,38650,0.0,0.0
2025-04-23,165.00999450683594,169.0,159.82000732421875,162.0500030517578,159.9228057861328,61786,0.0,0.0
2025-04-24,164.91000366210938,170.39999389648438,162.0,169.02999877929688,166.8111572265625,128010,0.0,0.0
2025-04-25,172.0,175.0,157.35000610351562,162.88999938964844,160.75177001953125,223569,0.0,0.0
2025-04-28,160.0,163.63999938964844,159.13999938964844,160.52999877929688,158.42274475097656,51991,0.0,0.0
2025-04-29,161.3300018310547,164.32000732421875,160.5399932861328,162.1300048828125,160.0017547607422,37096,0.0,0.0
2025-04-30,161.88999938964844,161.88999938964844,157.27000427246094,160.69000244140625,158.5806427001953,34988,0.0,0.0
2025-05-02,159.0,172.5,159.0,162.08999633789062,159.96226501464844,166668,0.0,0.0
2025-05-05,162.0800018310547,164.5,160.35000610351562,163.25,161.10704040527344,46568,0.0,0.0
2025-05-06,163.5,164.5,155.0,155.5800018310547,153.5377197265625,41787,0.0,0.0
2025-05-07,152.47000122070312,158.89999389648438,148.0,155.36000061035156,153.32061767578125,80359,0.0,0.0
2025-05-08,154.0,158.92999267578125,154.0,155.5800018310547,153.5377197265625,38025,0.0,0.0
2025-05-09,152.0,152.49000549316406,148.0,150.1199951171875,148.14938354492188,72701,0.0,0.0
2025-05-12,152.94000244140625,162.99000549316406,152.94000244140625,161.3300018310547,159.21224975585938,69087,0.0,0.0
2025-05-13,161.8699951171875,164.5,156.00999450683594,159.6699981689453,157.57403564453125,50684,0.0,0.0
2025-05-14,160.89999389648438,164.39999389648438,160.8000030517578,162.27999877929688,160.14976501464844,34343,0.0,0.0
2025-05-15,163.08999633789062,166.0,163.0,164.2899932861328,162.1333770751953,46901,0.0,0.0
2025-05-16,165.72999572753906,166.13999938964844,163.5,164.72999572753906,162.56761169433594,42911,0.0,0.0
2025-05-19,166.0,173.89999389648438,163.89999389648438,164.75999450683594,162.5972137451172,195215,0.0,0.0
2025-05-20,165.5,166.1300048828125,161.00999450683594,162.27000427246094,160.13990783691406,35508,0.0,0.0
2025-05-21,163.0,163.7899932861328,160.0,163.10000610351562,160.95901489257812,27289,0.0,0.0
2025-05-22,164.75,164.75,159.55999755859375,161.0800018310547,158.9655303955078,32892,0.0,0.0
2025-05-23,158.66000366210938,163.52000427246094,158.66000366210938,161.99000549316406,159.86358642578125,37799,0.0,0.0
2025-05-26,162.5,165.39999389648438,161.35000610351562,163.0399932861328,160.8997802734375,46292,0.0,0.0
2025-05-27,161.35000610351562,168.4600067138672,161.35000610351562,165.9499969482422,163.7716064453125,59497,0.0,0.0
2025-05-28,166.36000061035156,167.69000244140625,163.97999572753906,165.82000732421875,163.643310546875,90801,0.0,0.0
2025-05-29,165.60000610351562,166.63999938964844,160.3000030517578,161.74000549316406,159.6168670654297,45840,0.0,0.0
2025-05-30,162.5,167.49000549316406,162.5,165.42999267578125,163.25840759277344,69254,0.0,0.0
2025-06-02,166.42999267578125,167.49000549316406,161.44000244140625,163.25,161.10704040527344,62890,0.0,0.0
2025-06-03,165.22999572753906,167.66000366210938,162.5,163.86000061035156,161.7090301513672,44011,0.0,0.0
2025-06-04,164.0,170.99000549316406,163.0,166.2100067138672,164.02818298339844,87996,0.0,0.0
2025-06-05,167.0399932861328,171.10000610351562,165.52000427246094,167.63999938964844,165.4394073486328,63739,0.0,0.0
2025-06-06,168.0,172.0,166.69000244140625,169.77999877929688,167.5513153076172,61811,0.0,0.0
2025-06-09,172.35000610351562,187.88999938964844,170.25,181.5399932861328,179.1569366455078,429256,0.0,0.0
2025-06-10,182.4499969482422,184.0,175.52999877929688,180.52999877929688,178.16021728515625,98742,0.0,0.0
2025-06-11,182.0,191.6999969482422,181.92999267578125,186.82000732421875,184.36764526367188,293473,0.0,0.0
2025-06-12,187.75,191.0,180.8600006103516,181.47999572753903,179.0977325439453,75556,0.0,0.0
2025-06-13,177.0,191.5599975585937,173.8800048828125,187.5800018310547,185.11767578125,223122,0.0,0.0
2025-06-16,188.3000030517578,189.0599975585937,180.5599975585937,183.1499938964844,180.7458038330078,98371,0.0,0.0
2025-06-17,181.3000030517578,191.9499969482422,181.3000030517578,184.6699981689453,182.245849609375,126826,0.0,0.0
2025-06-18,184.9900054931641,185.8300018310547,182.0,182.42999267578125,180.03526306152344,45339,0.0,0.0
2025-06-19,182.88999938964844,183.33999633789065,172.89999389648438,174.02000427246094,171.7356719970703,65502,0.0,0.0
2025-06-20,175.11000061035156,179.6999969482422,173.00999450683594,178.3300018310547,175.9890899658203,39564,0.0,0.0
2025-06-23,177.44000244140625,177.44000244140625,171.5,174.9199981689453,172.6238555908203,82101,0.0,0.0
2025-06-24,176.0,186.0,176.0,180.25,177.88388061523438,91670,0.0,0.0
2025-06-25,182.3000030517578,187.8000030517578,182.0599975585937,183.5500030517578,181.1405639648437,90643,0.0,0.0
2025-06-26,183.4499969482422,186.8000030517578,182.5500030517578,183.2700042724609,180.8642425537109,43591,0.0,0.0
2025-06-27,184.63999938964844,184.63999938964844,179.8699951171875,181.5800018310547,179.19642639160156,60377,0.0,0.0
2025-06-30,178.85000610351562,183.33999633789065,177.8699951171875,180.6100006103516,178.23916625976562,67498,0.0,0.0
2025-07-01,182.3999938964844,184.0,179.0,180.1300048828125,177.76547241210938,52735,0.0,0.0
2025-07-02,180.1300048828125,183.69000244140625,176.0,177.97000122070312,175.63380432128906,55895,0.0,0.0
2025-07-03,177.97000122070312,181.0,176.3000030517578,177.9600067138672,175.6239471435547,55287,0.0,0.0
2025-07-04,178.8000030517578,181.88999938964844,176.52000427246094,179.66000366210938,177.3016357421875,39248,0.0,0.0
2025-07-07,179.66000366210938,185.8099975585937,178.25,180.02000427246094,177.6569061279297,86244,0.0,0.0
2025-07-08,178.8000030517578,183.42999267578125,177.0,177.33999633789062,175.0120849609375,48841,0.0,0.0
2025-07-09,177.50999450683594,181.009994506836,176.10000610351562,179.16000366210938,176.80819702148438,43535,0.0,0.0
2025-07-10,179.8800048828125,182.6000061035156,179.8800048828125,181.509994506836,179.12733459472656,47024,0.0,0.0
2025-07-11,181.509994506836,182.2700042724609,180.0,180.8300018310547,178.45628356933594,22485,0.0,0.0
2025-07-14,182.5,182.5,177.92999267578125,179.2899932861328,176.93649291992188,21416,0.0,0.0
2025-07-15,177.5,182.3500061035156,177.5,179.0399932861328,176.68975830078125,28396,0.0,0.0
2025-07-16,178.5,180.7400054931641,176.0,177.5800018310547,175.24893188476562,33552,0.0,0.0
2025-07-17,179.35000610351562,179.35000610351562,176.16000366210938,177.5800018310547,175.24893188476562,27127,0.0,0.0
2025-07-18,175.0,181.02999877929688,173.02000427246094,177.67999267578125,175.34762573242188,102100,0.0,0.0
2025-07-21,177.67999267578125,181.2700042724609,174.22999572753906,175.5500030517578,173.24557495117188,90322,0.0,0.0
2025-07-22,175.5,177.52000427246094,173.10000610351562,174.1300048828125,171.84422302246094,31420,0.0,0.0
2025-07-23,176.75,176.75,170.92999267578125,171.6699981689453,169.41650390625,120195,0.0,0.0
2025-07-24,170.14999389648438,173.0,169.5,170.97000122070312,168.72569274902344,103409,0.0,0.0
2025-07-25,170.1199951171875,171.49000549316406,166.61000061035156,168.4499969482422,166.23878479003906,46964,0.0,0.0
2025-07-28,167.0,170.60000610351562,160.5,162.0399932861328,159.9129180908203,68907,0.0,0.0
2025-07-29,164.4499969482422,167.19000244140625,162.41000366210938,165.3699951171875,163.19920349121094,53698,0.0,0.0
2025-07-30,166.0,166.42999267578125,161.00999450683594,162.4499969482422,160.3175506591797,43483,0.0,0.0
2025-07-31,163.0,163.19000244140625,159.0,159.82000732421875,157.72207641601562,64487,0.0,0.0
2025-08-01,159.89999389648438,163.6999969482422,154.89999389648438,155.30999755859375,153.27127075195312,72497,0.0,0.0
2025-08-04,156.0,165.85000610351562,153.63999938964844,162.42999267578125,160.2978057861328,94241,0.0,0.0
2025-08-05,162.42999267578125,168.39999389648438,159.14999389648438,163.61000061035156,161.4623260498047,61743,0.0,0.0
2025-08-06,162.0,162.97999572753906,159.0,159.89999389648438,157.80101013183594,39906,0.0,0.0
2025-08-07,159.0,160.9199981689453,155.0,156.25999450683594,154.2087860107422,39798,0.0,0.0
2025-08-08,159.0,159.0,154.0,154.9199981689453,152.8863983154297,25730,0.0,0.0
2025-08-11,156.8000030517578,162.0,153.30999755859375,160.2100067138672,158.10694885253906,198152,0.0,0.0
2025-08-12,158.0,162.89999389648438,156.10000610351562,157.89999389648438,155.82725524902344,47182,0.0,0.0
2025-08-13,160.1999969482422,162.0,156.91000366210938,160.14999389648438,158.0477294921875,26140,0.0,0.0
2025-08-14,159.99000549316406,164.0,158.0500030517578,162.35000610351562,160.21885681152344,36963,0.0,0.0
2025-08-18,162.35000610351562,166.7899932861328,162.35000610351562,164.88999938964844,162.7255096435547,35264,0.0,0.0
2025-08-19,165.4600067138672,169.5,165.4600067138672,168.77000427246094,167.5708465576172,37520,1.0,0.0
2025-08-20,168.97999572753906,174.0,166.5500030517578,171.58999633789062,170.3708038330078,51139,0.0,0.0
2025-08-21,171.75,174.0,167.17999267578125,169.41000366210938,168.206298828125,59605,0.0,0.0
2025-08-22,169.41000366210938,171.0,165.39999389648438,169.17999267578125,167.97792053222656,69434,0.0,0.0
2025-08-25,169.17999267578125,172.9499969482422,166.75,170.60000610351562,169.38784790039062,46053,0.0,0.0
2025-08-26,170.52999877929688,170.52999877929688,162.1699981689453,164.0500030517578,162.88438415527344,31277,0.0,0.0
2025-08-28,164.0500030517578,165.61000061035156,158.44000244140625,159.25999450683594,158.12840270996094,33610,0.0,0.0
2025-08-29,158.0,163.10000610351562,158.0,159.58999633789062,158.45606994628906,27364,0.0,0.0
2025-09-01,161.0,169.5,160.0,165.1300048828125,163.9567108154297,69500,0.0,0.0
2025-09-02,164.02000427246094,171.0,164.02000427246094,165.1300048828125,163.9567108154297,49442,0.0,0.0
2025-09-03,167.99000549316406,168.0,164.64999389648438,165.33999633789062,164.1652069091797,28722,0.0,0.0
2025-09-04,166.1999969482422,174.0,164.5500030517578,168.6699981689453,167.47154235839844,146223,0.0,0.0
2025-09-05,171.80999755859375,171.80999755859375,166.89999389648438,167.67999267578125,166.4885711669922,27239,0.0,0.0
2025-09-08,166.2100067138672,169.0,163.0,163.69000244140625,162.5269317626953,31089,0.0,0.0
2025-09-09,163.69000244140625,165.75,162.0,162.57000732421875,161.41490173339844,24434,0.0,0.0
2025-09-10,162.57000732421875,164.5399932861328,161.11000061035156,162.10000610351562,160.9482421875,28832,0.0,0.0
2025-09-11,161.0,163.0,158.0,158.9199981689453,157.79083251953125,74294,0.0,0.0
2025-09-12,159.0,160.41000366210938,154.0,154.86000061035156,153.75967407226562,79108,0.0,0.0
2025-09-15,155.0,158.14999389648438,154.5,156.52000427246094,155.4078826904297,69539,0.0,0.0
2025-09-16,157.85000610351562,159.77000427246094,154.1999969482422,154.92999267578125,153.82916259765625,74500,0.0,0.0
2025-09-17,155.0,156.9600067138672,152.39999389648438,153.16000366210938,152.07176208496094,98367,0.0,0.0
2025-09-18,154.14999389648438,155.6999969482422,152.00999450683594,153.02000427246094,151.93275451660156,41688,0.0,0.0
2025-09-19,154.3000030517578,156.5,153.3800048828125,154.07000732421875,152.9752960205078,48361,0.0,0.0
2025-09-22,154.07000732421875,155.75,151.3000030517578,152.52000427246094,151.43630981445312,55795,0.0,0.0
2025-09-23,152.52000427246094,152.97000122070312,148.0,149.27000427246094,148.2093963623047,79734,0.0,0.0
2025-09-24,150.02000427246094,151.64999389648438,146.9199981689453,147.27999877929688,146.23353576660156,70833,0.0,0.0
2025-09-25,148.61000061035156,155.0,143.0,143.8300018310547,142.80804443359375,165168,0.0,0.0
2025-09-26,143.8300018310547,145.3000030517578,142.0,142.83999633789062,141.8250732421875,70056,0.0,0.0
2025-09-29,143.99000549316406,146.25999450683594,136.39999389648438,138.44000244140625,137.4563446044922,47532,0.0,0.0
2025-09-30,139.75,144.6999969482422,137.0500030517578,137.83999633789062,136.860595703125,37984,0.0,0.0
2025-10-01,138.6199951171875,140.0,136.89999389648438,139.39999389648438,138.40951538085938,44495,0.0,0.0
2025-10-03,140.4499969482422,143.0,139.61000061035156,140.8699951171875,139.86907958984375,62474,0.0,0.0
2025-10-06,142.0,148.5,142.0,145.0,143.9697265625,113462,0.0,0.0
2025-10-07,145.89999389648438,148.99000549316406,142.55999755859375,143.24000549316406,142.2222442626953,72943,0.0,0.0
2025-10-08,142.5,145.47999572753906,140.0,141.39999389648438,140.3953094482422,34375,0.0,0.0
2025-10-09,141.10000610351562,143.82000732421875,137.75999450683594,139.67999267578125,138.68753051757812,58993,0.0,0.0
2025-10-10,139.0,143.41000366210938,139.0,142.27000427246094,141.25914001464844,42551,0.0,0.0
2025-10-13,140.5,141.75,138.99000549316406,140.07000732421875,139.07476806640625,55162,0.0,0.0
2025-10-14,140.07000732421875,145.47000122070312,140.07000732421875,141.61000061035156,140.60382080078125,71441,0.0,0.0
2025-10-15,141.8000030517578,142.0800018310547,138.75,139.72999572753906,138.73716735839844,59992,0.0,0.0
2025-10-16,140.5,142.4499969482422,139.38999938964844,140.25,139.25347900390625,34854,0.0,0.0
2025-10-17,140.10000610351562,141.17999267578125,139.00999450683594,140.4199981689453,139.42227172851562,22477,0.0,0.0
2025-10-20,138.0,141.0,138.0,139.8000030517578,138.8066864013672,27433,0.0,0.0
2025-10-21,141.89999389648438,142.8000030517578,139.8699951171875,141.97999572753906,140.97119140625,8059,0.0,0.0
2025-10-23,144.0,144.0,140.60000610351562,141.94000244140625,140.9314727783203,18519,0.0,0.0
2025-10-24,140.9499969482422,143.0,140.9499969482422,142.33999633789062,141.32862854003906,27013,0.0,0.0
2025-10-27,143.0500030517578,144.89999389648438,141.5,142.25999450683594,141.2491912841797,24524,0.0,0.0
2025-10-28,142.89999389648438,143.0,140.5500030517578,142.7100067138672,141.69601440429688,35050,0.0,0.0
2025-10-29,142.7100067138672,144.89999389648438,142.5,144.1300048828125,143.10592651367188,39328,0.0,0.0
2025-10-30,144.89999389648438,144.89999389648438,142.05999755859375,142.77999877929688,141.7655029296875,23682,0.0,0.0
2025-10-31,143.4499969482422,143.47999572753906,142.0,142.30999755859375,141.29884338378906,20421,0.0,0.0
2025-11-03,143.5,154.89999389648438,142.77999877929688,152.02000427246094,150.9398651123047,174416,0.0,0.0
2025-11-04,154.0,154.25,145.0,145.5500030517578,144.5158233642578,104934,0.0,0.0
2025-11-06,143.0,146.1699981689453,141.0,141.69000244140625,140.68325805664062,43272,0.0,0.0
2025-11-07,142.0,143.94000244140625,139.57000732421875,141.82000732421875,140.8123321533203,38682,0.0,0.0
2025-11-10,141.82000732421875,143.08999633789062,140.0,140.94000244140625,139.93858337402344,37817,0.0,0.0
2025-11-11,140.94000244140625,148.6999969482422,137.0,146.30999755859375,145.27041625976562,56428,0.0,0.0
2025-11-12,144.5,148.5,143.5500030517578,147.4499969482422,146.40232849121094,54407,0.0,0.0
2025-11-13,145.27000427246094,147.4499969482422,144.0500030517578,144.75,143.7215118408203,50966,0.0,0.0
2025-11-14,144.5,146.97000122070312,143.0,145.5500030517578,144.5158233642578,29665,0.0,0.0
2025-11-17,145.55999755859375,147.8699951171875,142.11000061035156,142.74000549316406,141.72579956054688,48562,0.0,0.0
2025-11-18,142.75,146.85000610351562,140.02000427246094,143.13999938964844,142.12295532226562,65731,0.0,0.0
2025-11-19,144.5,144.5,140.80999755859375,141.64999389648438,140.64352416992188,55407,0.0,0.0
2025-11-20,143.6999969482422,143.94000244140625,138.99000549316406,141.33999633789062,140.3357391357422,50126,0.0,0.0
2025-11-21,140.0,141.99000549316406,139.5,140.72000122070312,139.7201385498047,27948,0.0,0.0
2025-11-24,140.0,141.8800048828125,137.0,137.88999938964844,136.91024780273438,36794,0.0,0.0
2025-11-25,137.88999938964844,139.32000732421875,136.80999755859375,137.49000549316406,136.51309204101562,19241,0.0,0.0
2025-11-26,137.32000732421875,139.99000549316406,137.32000732421875,139.4600067138672,138.46910095214844,27533,0.0,0.0
2025-11-27,139.4600067138672,142.10000610351562,138.07000732421875,139.22999572753906,138.24072265625,25938,0.0,0.0
2025-11-28,139.89999389648438,139.89999389648438,128.89999389648438,129.8000030517578,128.8777313232422,183658,0.0,0.0
2025-12-01,130.10000610351562,131.75,128.9499969482422,129.97999572753906,129.05645751953125,45617,0.0,0.0
2025-12-02,129.05999755859375,130.25,127.0199966430664,128.07000732421875,127.1600341796875,36025,0.0,0.0
2025-12-03,131.0,131.0,125.5999984741211,126.6500015258789,125.75011444091795,25778,0.0,0.0
2025-12-04,126.6500015258789,128.83999633789062,125.0,126.08999633789062,125.194091796875,29712,0.0,0.0
2025-12-05,127.5,128.0,122.55999755859376,123.29000091552734,122.41398620605467,39473,0.0,0.0
2025-12-08,125.0,125.0,118.55999755859376,120.68000030517578,119.8225326538086,69278,0.0,0.0
2025-12-09,119.0,124.0,116.48999786376952,122.20999908447266,121.34165954589844,60512,0.0,0.0
2025-12-10,123.12999725341795,127.88999938964844,122.62000274658205,125.8000030517578,124.90615844726562,35883,0.0,0.0
2025-12-11,126.6999969482422,126.6999969482422,122.91999816894533,123.66000366210938,122.78136444091795,23680,0.0,0.0
2025-12-12,122.55999755859376,127.45999908447266,122.55999755859376,126.11000061035156,125.21395111083984,24435,0.0,0.0
2025-12-15,126.11000061035156,127.23999786376952,124.06999969482422,125.5999984741211,124.70757293701172,27079,0.0,0.0
2025-12-16,124.55999755859376,127.0,124.5500030517578,126.1999969482422,125.30330657958984,9087,0.0,0.0
2025-12-17,126.25,126.26000213623048,123.41000366210938,123.66999816894533,122.79129028320312,28253,0.0,0.0
2025-12-18,124.0,124.37000274658205,121.0,123.16000366210938,122.28491973876952,20314,0.0,0.0
2025-12-19,126.0,126.0,122.0,123.72000122070312,122.84093475341795,30889,0.0,0.0
2025-12-22,123.72000122070312,129.75,122.4000015258789,129.0399932861328,128.1231231689453,67570,0.0,0.0
2025-12-23,129.25,137.0,129.05999755859375,135.5,134.5372314453125,65792,0.0,0.0
2025-12-24,135.5,136.3699951171875,132.5,133.8000030517578,132.8493194580078,37257,0.0,0.0
2025-12-26,132.55999755859375,136.49000549316406,130.0,131.24000549316406,130.30751037597656,35471,0.0,0.0
2025-12-29,132.0,132.0,127.5,128.6199951171875,127.70611572265624,59668,0.0,0.0
2025-12-30,129.0,131.27999877929688,125.0,126.22000122070312,125.32317352294922,24436,0.0,0.0
2025-12-31,127.73999786376952,130.9499969482422,127.37999725341795,130.4199981689453,129.4933319091797,28856,0.0,0.0
2026-01-01,131.0,133.1999969482422,128.00999450683594,130.32000732421875,129.39404296875,52788,0.0,0.0
2026-01-02,128.60000610351562,134.49000549316406,128.60000610351562,132.24000549316406,131.30039978027344,49956,0.0,0.0
2026-01-05,132.0,132.00999450683594,127.13999938964844,128.2899932861328,127.37845611572266,48699,0.0,0.0
2026-01-06,128.0,130.8000030517578,124.33000183105467,127.4000015258789,126.49478912353516,31663,0.0,0.0
2026-01-07,127.01000213623048,127.41000366210938,125.01000213623048,125.8000030517578,124.90615844726562,25239,0.0,0.0
2026-01-08,125.8000030517578,126.79000091552734,122.0,123.54000091552734,122.66221618652344,50585,0.0,0.0
2026-01-09,121.0,124.0,117.5,120.37000274658205,119.51473999023438,80270,0.0,0.0
2026-01-12,118.55999755859376,119.75,117.0,118.36000061035156,117.5190200805664,57777,0.0,0.0
2026-01-13,118.36000061035156,121.05999755859376,117.5,119.30999755859376,118.46226501464844,34130,0.0,0.0
2026-01-14,118.0999984741211,122.0,118.0999984741211,119.97000122070312,119.1175765991211,22045,0.0,0.0
2026-01-16,119.0,121.91000366210938,119.0,120.47000122070312,119.61402893066406,24384,0.0,0.0
2026-01-19,120.0,120.98999786376952,117.3499984741211,119.8499984741211,118.99842834472656,19720,0.0,0.0
2026-01-20,119.0,120.37999725341795,115.3000030517578,116.9000015258789,116.06938934326172,30110,0.0,0.0
2026-01-21,116.5500030517578,118.69000244140624,111.55999755859376,114.43000030517578,113.616943359375,55134,0.0,0.0
2026-01-22,116.0,118.37000274658205,115.01000213623048,116.63999938964844,115.81124114990234,31733,0.0,0.0
2026-01-23,117.22000122070312,117.9499969482422,116.0,116.62999725341795,115.80130767822266,21197,0.0,0.0
2026-01-27,116.0,116.62999725341795,113.41000366210938,114.27999877929688,113.46800994873048,31282,0.0,0.0
2026-01-28,112.22000122070312,117.48999786376952,112.22000122070312,116.11000061035156,115.28500366210938,40686,0.0,0.0
2026-01-29,116.8000030517578,118.5199966430664,115.27999877929688,116.76000213623048,115.93038940429688,28509,0.0,0.0
2026-01-30,115.0500030517578,119.38999938964844,115.0500030517578,118.62999725341795,117.78709411621094,36806,0.0,0.0
2026-02-02,117.0,118.22000122070312,114.05999755859376,116.56999969482422,115.74173736572266,23144,0.0,0.0
2026-02-03,119.0,119.98999786376952,115.8000030517578,117.23999786376952,116.40697479248048,54638,0.0,0.0
2026-02-04,117.98999786376952,122.9000015258789,117.91999816894533,122.29000091552734,121.4210968017578,50382,0.0,0.0
2026-02-05,123.9000015258789,123.9000015258789,119.0,121.23999786376952,120.37855529785156,26235,0.0,0.0
2026-02-06,121.23999786376952,123.0,119.5500030517578,120.8499984741211,119.99132537841795,27088,0.0,0.0
2026-02-09,120.0999984741211,123.1999969482422,120.0,122.83999633789062,121.9671859741211,25861,0.0,0.0
2026-02-10,122.83999633789062,123.0,120.8499984741211,121.93000030517578,121.06365203857422,21183,0.0,0.0
2026-02-11,121.93000030517578,122.48999786376952,120.0,120.47000122070312,119.61402893066406,23696,0.0,0.0
2026-02-12,120.47000122070312,121.5,118.05999755859376,120.0500030517578,119.19701385498048,25446,0.0,0.0
2026-02-13,119.4499969482422,120.0,117.51000213623048,118.45999908447266,117.6183090209961,24247,0.0,0.0
2026-02-16,117.12000274658205,119.1999969482422,116.81999969482422,118.5999984741211,117.75730895996094,31079,0.0,0.0
2026-02-17,118.5999984741211,123.31999969482422,118.12000274658205,122.37999725341795,121.5104522705078,42998,0.0,0.0
2026-02-18,121.98999786376952,123.8000030517578,121.25,122.13999938964844,121.27215576171876,20750,0.0,0.0
2026-02-19,122.13999938964844,123.0,120.95999908447266,122.62000274658205,121.74874877929688,18203,0.0,0.0
2026-02-20,120.55999755859376,123.05999755859376,120.55999755859376,121.25,120.38848114013672,21241,0.0,0.0
2026-02-23,123.86000061035156,123.86000061035156,120.05999755859376,120.48999786376952,119.63388061523438,16935,0.0,0.0
2026-02-24,119.55999755859376,121.08000183105467,117.47000122070312,118.0999984741211,117.2608642578125,26241,0.0,0.0
2026-02-25,117.1500015258789,121.0,113.91000366210938,114.6500015258789,113.83538055419922,41195,0.0,0.0
2026-02-26,116.5,117.18000030517578,114.91999816894533,115.58000183105467,114.75877380371094,23510,0.0,0.0
2026-02-27,115.58000183105467,116.5,114.12000274658205,115.58000183105467,114.75877380371094,13435,0.0,0.0
2026-03-02,110.8000030517578,115.58000183105467,107.05999755859376,110.33000183105467,109.54607391357422,70318,0.0,0.0
2026-03-04,107.8000030517578,110.33000183105467,103.9800033569336,105.83999633789062,105.08797454833984,87313,0.0,0.0
2026-03-05,106.0,108.0,105.1500015258789,106.69000244140624,105.93193817138672,28370,0.0,0.0
2026-03-06,107.0,111.6500015258789,106.1999969482422,110.70999908447266,109.92337036132812,30938,0.0,0.0
2026-03-09,110.0,117.2300033569336,105.30999755859376,113.08000183105467,112.27653503417967,1008805,0.0,0.0
2026-03-10,115.9000015258789,115.9000015258789,110.55999755859376,111.55999755859376,110.767333984375,34083,0.0,0.0
2026-03-11,112.0,115.0199966430664,110.26000213623048,111.66999816894533,110.87654876708984,35289,0.0,0.0
2026-03-12,111.5,113.25,110.55999755859376,112.0500030517578,111.25385284423828,23335,0.0,0.0
2026-03-13,111.0500030517578,112.0,108.25,108.62999725341795,107.85814666748048,28124,0.0,0.0
2026-03-16,106.0,108.48999786376952,102.3499984741211,104.56999969482422,103.82699584960938,40652,0.0,0.0
2026-03-17,104.16999816894533,106.41000366210938,102.51000213623048,105.66000366210938,104.90925598144533,31992,0.0,0.0
2026-03-18,105.66000366210938,110.5,105.66000366210938,108.5999984741211,107.82836151123048,29680,0.0,0.0
2026-03-19,106.97000122070312,110.9800033569336,105.43000030517578,108.83999633789062,108.06665802001952,55476,0.0,0.0
2026-03-20,108.83999633789062,111.5,108.83999633789062,110.87999725341795,110.0921630859375,35567,0.0,0.0
2026-03-23,110.87999725341795,110.87999725341795,104.0,106.38999938964844,105.63406372070312,70376,0.0,0.0
2026-03-24,107.0,113.4000015258789,107.0,108.93000030517578,108.15602111816406,33815,0.0,0.0
2026-03-25,110.0,112.77999877929688,107.3499984741211,108.30999755859376,107.54042053222656,58775,0.0,0.0
2026-03-27,108.9499969482422,108.9499969482422,99.0,99.79000091552734,99.08096313476562,138319,0.0,0.0
2026-03-30,99.0,100.1999969482422,94.75,95.12000274658205,94.44414520263672,69521,0.0,0.0
2026-04-01,104.4499969482422,107.69000244140624,99.9000015258789,104.54000091552734,103.79721069335938,44259,0.0,0.0
2026-04-02,104.54000091552734,111.22000122070312,102.55999755859376,110.13999938964844,109.357421875,55371,0.0,0.0
2026-04-06,113.0,120.0999984741211,111.5,117.36000061035156,116.526123046875,123488,0.0,0.0
2026-04-07,119.0,119.5,116.3499984741211,117.43000030517578,116.59562683105467,42858,0.0,0.0
2026-04-08,120.0,123.0,118.0,121.83000183105467,120.96436309814452,52246,0.0,0.0
2026-04-09,121.0,122.9000015258789,119.0,119.1500015258789,118.30340576171876,30779,0.0,0.0
2026-04-10,121.8499984741211,123.98999786376952,120.0,123.22000122070312,122.34449005126952,50570,0.0,0.0
2026-04-13,120.05999755859376,123.9000015258789,120.05999755859376,122.54000091552734,121.66931915283205,35265,0.0,0.0
2026-04-15,126.0,126.5999984741211,124.01000213623048,125.62999725341795,124.73735809326172,45356,0.0,0.0
2026-04-16,126.0,127.62999725341795,124.05999755859376,126.98999786376952,126.08769989013672,30236,0.0,0.0
2026-04-17,128.0,138.0,125.36000061035156,135.24000549316406,134.27908325195312,146824,0.0,0.0
2026-04-20,135.24000549316406,141.89999389648438,135.24000549316406,138.60000610351562,137.61521911621094,107531,0.0,0.0
2026-04-21,138.1999969482422,142.0,136.02999877929688,137.19000244140625,136.21522521972656,50647,0.0,0.0
2026-04-22,136.1999969482422,139.0,136.1999969482422,138.00999450683594,137.02938842773438,34367,0.0,0.0
2026-04-23,136.8000030517578,140.5,136.6300048828125,139.25,138.26058959960938,35346,0.0,0.0
2026-04-24,139.9499969482422,139.9499969482422,134.10000610351562,134.72999572753906,133.772705078125,31287,0.0,0.0
2026-04-27,134.55999755859375,137.99000549316406,134.10000610351562,134.6300048828125,133.6734161376953,29377,0.0,0.0
2026-04-28,136.0,138.1999969482422,134.0500030517578,136.50999450683594,135.54005432128906,39861,0.0,0.0
2026-04-29,136.89999389648438,138.0,135.27000427246094,136.52999877929688,135.55990600585938,27428,0.0,0.0
2026-04-30,137.0,137.0,131.60000610351562,133.41000366210938,132.4620819091797,33629,0.0,0.0
2026-05-04,131.00999450683594,135.41000366210938,130.6999969482422,132.02999877929688,131.09188842773438,26975,0.0,0.0
2026-05-05,132.75,134.9199981689453,130.25,133.47999572753906,132.53158569335938,35491,0.0,0.0
2026-05-06,135.99000549316406,135.99000549316406,132.00999450683594,133.83999633789062,132.88902282714844,21752,0.0,0.0
2026-05-07,136.8000030517578,137.25,133.7100067138672,136.99000549316406,136.0166473388672,37450,0.0,0.0
2026-05-08,137.0,142.5,136.99000549316406,140.74000549316406,139.74000549316406,162147,0.0,0.0
2026-05-11,140.64999389648438,153.75,138.2100067138672,147.16000366210938,147.16000366210938,408097,1.0,0.0
2026-05-12,147.16000366210938,151.14999389648438,138.1999969482422,139.00999450683594,139.00999450683594,119621,0.0,0.0
2026-05-13,139.4199981689453,146.49000549316406,139.0,144.49000549316406,144.49000549316406,83971,0.0,0.0
2026-05-14,144.49000549316406,146.7899932861328,140.5,141.36000061035156,141.36000061035156,42355,0.0,0.0
2026-05-15,141.5,142.97000122070312,139.05999755859375,139.8699951171875,139.8699951171875,22618,0.0,0.0
2026-05-18,137.0,137.0,131.0,132.0800018310547,132.0800018310547,51005,0.0,0.0
2026-05-19,132.83999633789062,136.9499969482422,128.1999969482422,129.32000732421875,129.32000732421875,49743,0.0,0.0
2026-05-20,129.60000610351562,131.5,126.05999755859376,126.66000366210938,126.66000366210938,59793,0.0,0.0
2026-05-21,127.08999633789062,130.8800048828125,124.0,124.77999877929688,124.77999877929688,65118,0.0,0.0
2026-05-22,125.9499969482422,125.9499969482422,121.20999908447266,122.4000015258789,122.4000015258789,105764,0.0,0.0
2026-05-25,122.48999786376952,132.0,122.48999786376952,129.13999938964844,129.13999938964844,212322,0.0,0.0
2026-05-26,132.0,132.75,125.5999984741211,126.56999969482422,126.56999969482422,78664,0.0,0.0
2026-05-27,128.9499969482422,128.9499969482422,124.0,126.12000274658205,126.12000274658205,66802,0.0,0.0
2026-05-28,126.12000274658205,126.12000274658205,126.12000274658205,126.12000274658205,126.12000274658205,0,0.0,0.0
2026-05-29,126.0,128.38999938964844,122.26000213623048,123.12999725341795,123.12999725341795,68150,0.0,0.0
2026-06-01,126.0,126.0,120.0,122.70999908447266,122.70999908447266,60211,0.0,0.0
2026-06-02,122.48999786376952,124.48999786376952,118.55999755859376,121.13999938964844,121.13999938964844,188019,0.0,0.0
2026-06-03,121.0,122.0,117.0,118.9800033569336,118.9800033569336,63385,0.0,0.0
2026-06-04,118.8000030517578,121.58999633789062,117.05999755859376,118.30999755859376,118.30999755859376,46223,0.0,0.0
2026-06-05,118.26000213623048,119.9800033569336,116.16000366210938,118.0999984741211,118.0999984741211,67296,0.0,0.0
2026-06-08,116.5500030517578,117.8000030517578,113.81999969482422,114.61000061035156,114.61000061035156,50818,0.0,0.0
2026-06-09,113.5199966430664,119.08999633789062,113.5199966430664,117.55999755859376,117.55999755859376,53338,0.0,0.0
2026-06-10,117.55999755859376,122.0,114.61000061035156,116.61000061035156,116.61000061035156,76673,0.0,0.0
2026-06-11,115.44000244140624,119.3000030517578,114.30999755859376,116.05999755859376,116.05999755859376,25346,0.0,0.0
2026-06-12,116.05999755859376,118.97000122070312,115.1500015258789,118.54000091552734,118.54000091552734,53741,0.0,0.0
2026-06-15,121.48999786376952,135.0,119.62000274658205,121.62000274658205,121.62000274658205,544124,0.0,0.0
2026-06-16,121.70999908447266,124.9000015258789,121.70999908447266,123.18000030517578,123.18000030517578,48570,0.0,0.0
2026-06-17,123.5,124.8000030517578,122.5999984741211,124.44000244140624,124.44000244140624,64519,0.0,0.0
2026-06-18,123.0999984741211,126.91999816894533,122.5999984741211,123.63999938964844,123.63999938964844,55436,0.0,0.0
2026-06-19,123.63999938964844,123.77999877929688,121.37000274658205,122.66999816894533,122.66999816894533,24486,0.0,0.0
2026-06-22,125.0,125.0,122.04000091552734,123.0999984741211,123.0999984741211,42126,0.0,0.0
2026-06-23,123.0999984741211,124.3000030517578,120.80999755859376,122.55999755859376,122.55999755859376,29696,0.0,0.0
2026-06-24,122.26000213623048,124.43000030517578,121.45999908447266,123.05999755859376,123.05999755859376,38839,0.0,0.0
2026-06-25,123.9800033569336,126.5,123.0199966430664,123.86000061035156,123.86000061035156,48383,0.0,0.0
2026-06-26,123.86000061035156,123.86000061035156,123.86000061035156,123.86000061035156,123.86000061035156,0,0.0,0.0
2026-06-29,124.98999786376952,127.98999786376952,123.26000213623048,124.12999725341795,124.12999725341795,70345,0.0,0.0
2026-06-30,123.81999969482422,124.4000015258789,123.1999969482422,123.87999725341795,123.87999725341795,20050,0.0,0.0
2026-07-01,123.88999938964844,124.9499969482422,121.27999877929688,121.87999725341795,121.87999725341795,24058,0.0,0.0
2026-07-02,121.87000274658205,124.47000122070312,121.5199966430664,123.91000366210938,123.91000366210938,33119,0.0,0.0
2026-07-03,124.6500015258789,141.8000030517578,124.6500015258789,131.9499969482422,131.9499969482422,1532464,0.0,0.0
2026-07-06,132.60000610351562,141.0,131.9600067138672,133.88999938964844,133.88999938964844,208812,0.0,0.0
2026-07-07,133.88999938964844,139.24000549316406,132.55999755859375,137.4199981689453,137.4199981689453,168984,0.0,0.0
2026-07-08,136.80999755859375,136.80999755859375,129.1300048828125,130.41000366210938,130.41000366210938,85828,0.0,0.0
2026-07-09,131.8000030517578,134.75,130.91000366210938,132.35000610351562,132.35000610351562,44698,0.0,0.0
2026-07-10,132.99000549316406,134.4600067138672,130.11000061035156,130.5500030517578,130.5500030517578,58654,0.0,0.0
2026-07-13,129.05999755859375,131.0,128.42999267578125,130.7899932861328,130.7899932861328,33320,0.0,0.0
2026-07-14,130.0,131.6999969482422,129.27000427246094,130.61000061035156,130.61000061035156,25081,0.0,0.0
2026-07-15,132.0,133.49000549316406,129.55999755859375,131.3000030517578,131.3000030517578,33116,0.0,0.0
2026-07-16,130.86000061035156,132.0,129.60000610351562,130.33999633789062,130.33999633789062,32163,0.0,0.0
2026-07-17,130.00999450683594,130.39999389648438,128.61000061035156,129.82000732421875,129.82000732421875,15200,0.0,0.0
2026-07-20,128.66000366210938,131.0,128.0,130.11000061035156,130.11000061035156,21935,0.0,0.0
2026-07-21,130.11000061035156,131.9499969482422,128.72000122070312,129.14999389648438,129.14999389648438,29020,0.0,0.0
2026-07-22,129.5,129.57000732421875,126.16000366210938,126.41000366210938,126.41000366210938,25398,0.0,0.0
2026-07-23,126.41000366210938,139.19000244140625,124.61000061035156,133.7100067138672,133.7100067138672,477353,0.0,0.0
2026-07-24,132.1999969482422,134.64999389648438,130.0,131.82000732421875,131.82000732421875,43007,0.0,0.0
2026-07-27,132.36000061035156,138.5,132.36000061035156,136.07000732421875,136.07000732421875,121071,0.0,0.0
2026-07-28,136.0,136.25,133.0,133.55999755859375,133.55999755859375,33518,0.0,0.0
2026-07-29,132.9499969482422,140.89999389648438,131.5500030517578,138.86000061035156,138.86000061035156,252569,0.0,0.0
2026-07-30,138.86000061035156,138.86000061035156,132.86000061035156,134.25,134.25,71544,0.0,0.0
2026-07-31,136.8000030517578,143.6999969482422,134.25999450683594,139.86000061035156,139.86000061035156,203923,0.0,0.0
2026-08-03,139.99000549316406,148.77000427246094,139.08999633789062,147.13999938964844,147.13999938964844,369093,0.0,0.0
2026-08-04,147.99000549316406,147.99000549316406,143.47000122070312,144.2899932861328,144.2899932861328,71168,0.0,0.0
2026-08-05,146.3800048828125,149.0,143.39999389648438,144.1199951171875,144.1199951171875,119782,0.0,0.0
2026-08-06,145.77000427246094,151.67999267578125,143.22000122070312,149.52999877929688,149.52999877929688,312232,0.0,0.0
2026-08-07,151.0,155.47000122070312,148.0,149.52000427246094,149.52000427246094,213796,0.0,0.0
2026-08-10,148.75,151.0,144.55999755859375,145.50999450683594,145.50999450683594,79069,0.0,0.0
2026-08-11,145.47000122070312,149.0,143.32000732421875,145.64999389648438,145.64999389648438,83455,0.0,0.0
2026-08-12,146.0,153.6999969482422,142.0,150.6300048828125,150.6300048828125,171773,0.0,0.0
2026-08-13,151.88999938964844,151.88999938964844,148.55999755859375,149.64999389648438,149.64999389648438,66421,0.0,0.0
