Date,Open,High,Low,Close,Adj Close,Volume,Dividends,Stock Splits
2008-07-11,40.0,40.0,32.5,35.650001525878906,33.724266052246094,16440754,0.0,0.0
2008-07-14,35.0,40.34999847412109,34.20000076293945,38.650001525878906,36.56221389770508,6298284,0.0,0.0
2008-07-15,38.0,38.5,35.099998474121094,36.79999923706055,34.8121452331543,1848497,0.0,0.0
2008-07-16,36.5,37.900001525878906,34.29999923706055,34.849998474121094,32.96747589111328,610484,0.0,0.0
2008-07-17,35.5,38.70000076293945,35.5,37.84999847412109,35.805423736572266,1223693,0.0,0.0
2008-07-18,38.59999847412109,38.59999847412109,36.59999847412109,36.900001525878906,34.9067497253418,329700,0.0,0.0
2008-07-21,33.5,38.84999847412109,33.5,37.59999847412109,35.56892776489258,844976,0.0,0.0
2008-07-22,37.29999923706055,38.150001525878906,37.29999923706055,38.0,35.947322845458984,198103,0.0,0.0
2008-07-23,38.09999847412109,42.650001525878906,38.09999847412109,38.95000076293945,36.84601211547852,1671679,0.0,0.0
2008-07-24,38.95000076293945,41.20000076293945,38.5,39.0,36.89330673217773,591500,0.0,0.0
2008-07-25,38.5,40.25,38.09999847412109,39.25,37.12980270385742,228998,0.0,0.0
2008-07-28,39.34999847412109,40.70000076293945,39.04999923706055,40.25,38.075782775878906,181540,0.0,0.0
2008-07-29,39.0,40.95000076293945,39.0,40.20000076293945,38.02848815917969,236760,0.0,0.0
2008-07-30,40.54999923706055,41.900001525878906,40.25,40.59999847412109,38.40687561035156,174786,0.0,0.0
2008-07-31,40.5,43.150001525878906,40.29999923706055,42.20000076293945,39.920448303222656,490332,0.0,0.0
2008-08-01,41.79999923706055,42.95000076293945,41.0,41.150001525878906,38.92716979980469,116961,0.0,0.0
2008-08-04,41.5,48.0,40.54999923706055,41.95000076293945,39.6839599609375,1177986,0.0,0.0
2008-08-05,42.20000076293945,45.400001525878906,40.400001525878906,45.0,42.56919860839844,548548,0.0,0.0
2008-08-06,45.0,46.75,43.54999923706055,43.84999847412109,41.48131561279297,191858,0.0,0.0
2008-08-07,42.400001525878906,44.900001525878906,42.34999847412109,42.70000076293945,40.393436431884766,86417,0.0,0.0
2008-08-08,43.0,43.5,38.04999923706055,38.95000076293945,36.84601211547852,303574,0.0,0.0
2008-08-11,36.45000076293945,40.20000076293945,36.45000076293945,38.54999923706055,36.46761703491211,149500,0.0,0.0
2008-08-12,37.54999923706055,40.5,37.54999923706055,38.54999923706055,36.46761703491211,195528,0.0,0.0
2008-08-13,37.25,39.70000076293945,37.25,38.45000076293945,36.37301635742188,110200,0.0,0.0
2008-08-14,37.45000076293945,39.5,37.45000076293945,38.5,36.42031478881836,134900,0.0,0.0
2008-08-18,37.70000076293945,38.900001525878906,37.29999923706055,38.0,35.947322845458984,23000,0.0,0.0
2008-08-19,37.54999923706055,38.29999923706055,36.04999923706055,36.29999923706055,34.33915328979492,81118,0.0,0.0
2008-08-20,36.34999847412109,38.95000076293945,36.25,37.59999847412109,35.56892776489258,99249,0.0,0.0
2008-08-21,37.5,37.900001525878906,37.0,37.29999923706055,35.28513717651367,77122,0.0,0.0
2008-08-22,37.09999847412109,40.5,36.400001525878906,37.20000076293945,35.1905403137207,20826,0.0,0.0
2008-08-25,37.75,37.79999923706055,36.25,36.5,34.528350830078125,133800,0.0,0.0
2008-08-26,37.0,38.0,36.0,37.54999923706055,35.521629333496094,160800,0.0,0.0
2008-08-27,37.5,40.70000076293945,37.5,37.95000076293945,35.900020599365234,173813,0.0,0.0
2008-08-28,40.0,40.0,37.150001525878906,38.400001525878906,36.32571792602539,58717,0.0,0.0
2008-08-29,38.95000076293945,39.5,37.79999923706055,38.04999923706055,35.9946174621582,77368,0.0,0.0
2008-09-01,38.79999923706055,39.34999847412109,37.04999923706055,38.79999923706055,36.70410919189453,100606,0.0,0.0
2008-09-02,39.0,39.0,37.79999923706055,38.29999923706055,36.23111724853516,29609,0.0,0.0
2008-09-04,37.54999923706055,38.0,37.0,37.45000076293945,35.42702865600586,1696,0.0,0.0
2008-09-05,36.79999923706055,38.45000076293945,36.79999923706055,38.0,35.947322845458984,51645,0.0,0.0
2008-09-08,39.0,39.0,38.09999847412109,38.900001525878906,36.798709869384766,59985,0.0,0.0
2008-09-09,38.0,39.09999847412109,36.5,38.95000076293945,36.84601211547852,72709,0.0,0.0
2008-09-10,39.0,39.0,38.0,38.150001525878906,36.0892219543457,3752,0.0,0.0
2008-09-11,38.400001525878906,38.84999847412109,37.45000076293945,37.5,35.474334716796875,2384,0.0,0.0
2008-09-12,38.900001525878906,38.900001525878906,36.79999923706055,37.20000076293945,35.1905403137207,3733,0.0,0.0
2008-09-15,37.09999847412109,37.09999847412109,35.54999923706055,36.34999847412109,34.386451721191406,20400,0.0,0.0
2008-09-16,35.95000076293945,35.95000076293945,33.0,33.599998474121094,31.78499984741211,7363,0.0,0.0
2008-09-17,34.900001525878906,37.900001525878906,28.5,33.54999923706055,31.73770523071289,44477,0.0,0.0
2008-09-18,33.0,34.0,31.0,33.20000076293945,31.4066104888916,18346,0.0,0.0
2008-09-19,33.54999923706055,34.95000076293945,33.0,33.29999923706055,31.501205444335938,3341,0.0,0.0
2008-09-22,34.5,38.59999847412109,34.04999923706055,35.650001525878906,33.724266052246094,178639,0.0,0.0
2008-09-23,33.099998474121094,36.95000076293945,33.099998474121094,36.04999923706055,34.1026611328125,157585,0.0,0.0
2008-09-24,35.349998474121094,36.79999923706055,35.29999923706055,35.79999923706055,33.86616134643555,1173,0.0,0.0
2008-09-25,36.34999847412109,36.34999847412109,34.79999923706055,35.150001525878906,33.251277923583984,3427,0.0,0.0
2008-09-26,36.0,36.5,34.0,34.45000076293945,32.589088439941406,18661,0.0,0.0
2008-09-29,33.25,35.45000076293945,30.100000381469727,31.350000381469727,29.656543731689453,194902,0.0,0.0
2008-09-30,29.0,32.5,29.0,31.75,30.034934997558597,106606,0.0,0.0
2008-10-01,32.0,32.45000076293945,30.100000381469727,31.899999618530277,30.17683219909668,5791,0.0,0.0
2008-10-03,31.899999618530277,31.899999618530277,30.0,30.200000762939453,28.568662643432617,2630,0.0,0.0
2008-10-06,30.0,30.75,26.600000381469727,27.450000762939453,25.967214584350582,32934,0.0,0.0
2008-10-07,32.79999923706055,32.79999923706055,26.0,29.25,27.669981002807617,108930,0.0,0.0
2008-10-08,31.950000762939453,31.950000762939453,24.399999618530277,26.75,25.30502319335937,109451,0.0,0.0
2008-10-10,28.0,28.0,22.0,23.450000762939453,22.18328285217285,108400,0.0,0.0
2008-10-13,26.0,26.0,21.549999237060547,23.100000381469727,21.852190017700195,4093,0.0,0.0
2008-10-14,25.899999618530277,26.75,21.0,24.950000762939453,23.602256774902344,143748,0.0,0.0
2008-10-15,22.950000762939453,22.950000762939453,20.0,21.850000381469727,20.66971206665039,70511,0.0,0.0
2008-10-16,21.75,21.75,17.5,17.5,16.5546875,66000,0.0,0.0
2008-10-17,18.399999618530277,18.399999618530277,15.550000190734863,16.0,15.135716438293455,26900,0.0,0.0
2008-10-20,17.450000762939453,17.450000762939453,12.800000190734863,15.100000381469728,14.284331321716309,74317,0.0,0.0
2008-10-21,17.0,17.0,13.600000381469728,16.25,15.372211456298828,163720,0.0,0.0
2008-10-22,18.0,18.0,15.0,16.25,15.372211456298828,89900,0.0,0.0
2008-10-23,18.0,18.0,15.75,15.800000190734863,14.946518898010254,2332,0.0,0.0
2008-10-24,19.0,19.0,13.100000381469728,15.0,14.189733505249023,134100,0.0,0.0
2008-10-27,18.899999618530277,18.899999618530277,12.600000381469728,14.199999809265137,13.432948112487791,41400,0.0,0.0
2008-10-29,15.0,18.850000381469727,12.899999618530272,13.649999618530272,12.912656784057615,6800,0.0,0.0
2008-10-31,14.800000190734863,14.800000190734863,12.649999618530272,13.899999618530272,13.149152755737305,35084,0.0,0.0
2008-11-03,13.0,16.700000762939453,13.0,16.700000762939453,15.79790496826172,450700,0.0,0.0
2008-11-04,18.950000762939453,19.5,16.100000381469727,17.75,16.791183471679688,15317,0.0,0.0
2008-11-05,21.0,21.0,17.649999618530273,20.049999237060547,18.966941833496094,8670,0.0,0.0
2008-11-06,20.0,21.0,18.549999237060547,19.899999618530277,18.82504653930664,1650,0.0,0.0
2008-11-07,21.899999618530277,21.899999618530277,18.25,18.799999237060547,17.78446388244629,8740,0.0,0.0
2008-11-10,20.399999618530277,20.700000762939453,17.850000381469727,20.649999618530277,19.53453254699707,3002,0.0,0.0
2008-11-11,21.5,21.5,19.5,20.350000381469727,19.25074005126953,2913,0.0,0.0
2008-11-12,20.0,22.399999618530277,20.0,22.25,21.048105239868164,48400,0.0,0.0
2008-11-14,23.0,23.950000762939453,22.25,22.75,21.521095275878903,4359,0.0,0.0
2008-11-17,25.0,25.0,21.049999237060547,22.75,21.521095275878903,193967,0.0,0.0
2008-11-18,23.450000762939453,23.450000762939453,21.0,22.850000381469727,21.615694046020508,50614,0.0,0.0
2008-11-19,24.799999237060547,24.799999237060547,21.100000381469727,22.700000762939453,21.473796844482425,36113,0.0,0.0
2008-11-20,22.899999618530277,22.899999618530277,20.450000762939453,21.0,19.86562728881836,45400,0.0,0.0
2008-11-21,22.0,22.0,20.450000762939453,21.450000762939453,20.29132080078125,11100,0.0,0.0
2008-11-24,23.0,23.0,19.5,21.649999618530277,20.480514526367188,9239,0.0,0.0
2008-11-25,23.0,23.75,21.0,21.5,20.33861923217773,8000,0.0,0.0
2008-11-26,21.0,21.5,21.0,21.0,19.86562728881836,2300,0.0,0.0
2008-11-27,21.0,21.0,21.0,21.0,19.86562728881836,0,0.0,0.0
2008-11-28,22.0,22.799999237060547,20.75,21.0,19.86562728881836,365,0.0,0.0
2008-12-01,21.0,21.0,21.0,21.0,19.86562728881836,0,0.0,0.0
2008-12-02,21.0,21.0,21.0,21.0,19.86562728881836,0,0.0,0.0
2008-12-03,21.0,21.0,21.0,21.0,19.86562728881836,0,0.0,0.0
2008-12-04,21.0,21.0,21.0,21.0,19.86562728881836,0,0.0,0.0
2008-12-05,21.0,21.0,21.0,21.0,19.86562728881836,0,0.0,0.0
2008-12-08,21.0,21.0,21.0,21.0,19.86562728881836,0,0.0,0.0
2008-12-10,21.0,21.0,21.0,21.0,19.86562728881836,0,0.0,0.0
2008-12-11,21.0,21.0,21.0,21.0,19.86562728881836,0,0.0,0.0
2008-12-12,21.0,21.0,21.0,21.0,19.86562728881836,0,0.0,0.0
2008-12-15,21.0,21.0,21.0,21.0,19.86562728881836,0,0.0,0.0
2008-12-16,22.0,22.0,22.0,22.0,20.811607360839844,365,0.0,0.0
2008-12-17,27.5,30.350000381469727,27.5,27.5,26.01451301574707,5200,0.0,0.0
2008-12-18,27.5,27.5,27.5,27.5,26.01451301574707,365,0.0,0.0
2008-12-19,28.5,28.5,28.5,28.5,26.960493087768555,365,0.0,0.0
2008-12-22,29.0,29.0,29.0,29.0,27.433483123779297,365,0.0,0.0
2008-12-23,29.0,30.399999618530277,29.0,29.0,27.433483123779297,700,0.0,0.0
2008-12-24,29.0,29.0,29.0,29.0,27.433483123779297,365,0.0,0.0
2008-12-26,29.049999237060547,29.5,28.5,28.5,26.960493087768555,26300,0.0,0.0
2008-12-29,28.5,28.5,28.5,28.5,26.960493087768555,300,0.0,0.0
2008-12-30,28.5,28.5,28.5,28.5,26.960493087768555,3900,0.0,0.0
2008-12-31,28.5,29.25,28.5,28.5,26.960493087768555,900,0.0,0.0
2009-01-02,29.649999618530277,29.649999618530277,29.649999618530277,29.649999618530277,28.04837226867676,365,0.0,0.0
2009-01-05,29.0,29.0,29.0,29.0,27.433483123779297,365,0.0,0.0
2009-01-06,29.5,29.600000381469727,29.5,29.5,27.906475067138672,900,0.0,0.0
2009-01-07,28.5,28.5,28.25,28.25,26.723997116088867,7400,0.0,0.0
2009-01-09,27.0,29.700000762939453,27.0,27.0,25.541519165039062,16700,0.0,0.0
2009-01-12,30.25,30.25,30.100000381469727,30.100000381469727,28.47406578063965,30,0.0,0.0
2009-01-13,29.0,29.25,28.600000381469727,28.600000381469727,27.05509185791016,17400,0.0,0.0
2009-01-14,30.25,30.25,30.25,30.25,28.6159610748291,365,0.0,0.0
2009-01-15,27.5,29.0,27.5,27.5,26.01451301574707,700,0.0,0.0
2009-01-16,27.5,27.5,27.5,27.5,26.01451301574707,0,0.0,0.0
2009-01-19,27.5,27.5,27.5,27.5,26.01451301574707,600,0.0,0.0
2009-01-20,27.0,28.899999618530277,27.0,27.0,25.541519165039062,400,0.0,0.0
2009-01-21,27.450000762939453,27.549999237060547,27.450000762939453,27.450000762939453,25.967214584350582,11100,0.0,0.0
2009-01-22,27.0,28.450000762939453,27.0,27.0,25.541519165039062,6200,0.0,0.0
2009-01-23,25.899999618530277,28.649999618530277,25.899999618530277,25.899999618530277,24.500940322875977,1200,0.0,0.0
2009-01-27,27.049999237060547,27.049999237060547,25.700000762939453,25.700000762939453,24.311744689941406,4400,0.0,0.0
2009-01-28,27.0,27.0,27.0,27.0,25.541519165039062,1000,0.0,0.0
2009-01-29,27.0,27.0,27.0,27.0,25.541519165039062,300,0.0,0.0
2009-01-30,27.0,27.899999618530277,25.649999618530277,25.649999618530277,24.26444435119629,9000,0.0,0.0
2009-02-02,26.5,27.0,26.5,26.5,25.068527221679688,1500,0.0,0.0
2009-02-03,27.0,27.0,25.649999618530277,25.649999618530277,24.26444435119629,7000,0.0,0.0
2009-02-04,27.0,27.0,27.0,27.0,25.541519165039062,300,0.0,0.0
2009-02-05,27.850000381469727,27.850000381469727,27.850000381469727,27.850000381469727,26.345605850219727,200,0.0,0.0
2009-02-06,27.850000381469727,27.850000381469727,27.0,27.0,25.541519165039062,400,0.0,0.0
2009-02-09,27.0,27.899999618530277,27.0,27.0,25.541519165039062,55000,0.0,0.0
2009-02-10,27.0,28.149999618530277,27.0,27.0,25.541519165039062,1200,0.0,0.0
2009-02-11,27.049999237060547,28.0,27.049999237060547,27.049999237060547,25.588817596435547,3000,0.0,0.0
2009-02-12,27.0,28.700000762939453,27.0,27.0,25.541519165039062,70800,0.0,0.0
2009-02-13,27.0,27.0,27.0,27.0,25.541519165039062,1000,0.0,0.0
2009-02-16,27.0,28.0,27.0,27.0,25.541519165039062,5700,0.0,0.0
2009-02-17,27.0,27.0,25.649999618530277,25.649999618530277,24.26444435119629,7500,0.0,0.0
2009-02-18,27.0,27.0,26.899999618530277,26.899999618530277,25.446922302246094,21700,0.0,0.0
2009-02-19,27.0,27.899999618530277,27.0,27.0,25.541519165039062,6300,0.0,0.0
2009-02-20,27.0,27.0,26.399999618530277,26.399999618530277,24.97392845153809,500,0.0,0.0
2009-02-24,27.899999618530277,27.899999618530277,26.100000381469727,26.100000381469727,24.69013786315918,67,0.0,0.0
2009-02-25,27.0,27.0,26.950000762939453,26.950000762939453,25.49422264099121,3100,0.0,0.0
2009-02-26,26.899999618530277,28.299999237060547,26.899999618530277,26.899999618530277,25.446922302246094,1100,0.0,0.0
2009-02-27,28.600000381469727,28.600000381469727,27.0,27.0,25.541519165039062,2500,0.0,0.0
2009-03-02,28.0,28.0,27.0,27.0,25.541519165039062,2200,0.0,0.0
2009-03-03,27.0,27.950000762939453,27.0,27.950000762939453,26.44020271301269,1500,0.0,0.0
2009-03-04,29.0,29.350000381469727,28.049999237060547,29.200000762939453,27.6226806640625,7239,0.0,0.0
2009-03-05,30.600000381469727,30.600000381469727,29.25,29.299999237060547,27.7172794342041,3220,0.0,0.0
2009-03-06,29.450000762939453,30.5,29.450000762939453,30.25,28.6159610748291,1658,0.0,0.0
2009-03-09,30.5,31.0,29.100000381469727,30.5,28.85245704650879,13700,0.0,0.0
2009-03-12,31.0,31.950000762939453,29.0,31.549999237060547,29.84573554992676,430,0.0,0.0
2009-03-13,32.45000076293945,32.45000076293945,31.0,31.0,29.325448989868164,165,0.0,0.0
2009-03-16,30.0,32.25,28.0,30.5,28.85245704650879,227900,0.0,0.0
2009-03-17,32.349998474121094,32.349998474121094,29.25,29.649999618530277,28.04837226867676,241302,0.0,0.0
2009-03-18,30.200000762939453,32.5,29.600000381469727,32.5,30.744422912597656,263400,0.0,0.0
2009-03-19,33.0,33.0,30.0,30.0,28.379467010498047,7700,0.0,0.0
2009-03-20,31.799999237060547,31.799999237060547,30.350000381469727,30.75,29.08895492553711,1555,0.0,0.0
2009-03-23,30.600000381469727,31.950000762939453,30.25,30.25,28.6159610748291,240,0.0,0.0
2009-03-24,27.25,31.950000762939453,27.25,29.149999618530277,27.575380325317383,1771,0.0,0.0
2009-03-25,31.0,31.0,28.0,30.5,28.85245704650879,489,0.0,0.0
2009-03-26,27.450000762939453,30.450000762939453,27.450000762939453,30.0,28.379467010498047,1800,0.0,0.0
2009-03-27,28.0,30.0,27.0,28.149999618530277,26.629398345947266,848,0.0,0.0
2009-03-30,27.0,30.0,26.100000381469727,29.5,27.906475067138672,11818,0.0,0.0
2009-03-31,29.799999237060547,29.799999237060547,26.649999618530277,28.049999237060547,26.534801483154297,6180,0.0,0.0
2009-04-01,29.049999237060547,29.049999237060547,28.0,28.850000381469727,27.291587829589844,850,0.0,0.0
2009-04-02,29.5,29.5,28.049999237060547,29.200000762939453,27.6226806640625,1425,0.0,0.0
2009-04-06,30.0,30.0,28.0,28.299999237060547,26.77129554748535,8644,0.0,0.0
2009-04-08,29.799999237060547,29.950000762939453,28.100000381469727,29.350000381469727,27.764577865600582,3871,0.0,0.0
2009-04-09,29.049999237060547,30.649999618530277,27.5,29.100000381469727,27.52808380126953,3112,0.0,0.0
2009-04-13,31.5,32.04999923706055,29.0,32.04999923706055,30.3187313079834,41300,0.0,0.0
2009-04-15,32.0,34.5,30.0,33.400001525878906,31.59580993652344,1140,0.0,0.0
2009-04-16,35.0,35.0,33.04999923706055,33.95000076293945,32.1161003112793,8987,0.0,0.0
2009-04-17,34.5,34.95000076293945,33.20000076293945,34.04999923706055,32.210693359375,1993,0.0,0.0
2009-04-20,36.900001525878906,37.5,33.29999923706055,37.04999923706055,35.048641204833984,20994,0.0,0.0
2009-04-21,36.0,38.70000076293945,35.25,38.5,36.42031478881836,99236,0.0,0.0
2009-04-22,39.0,39.900001525878906,36.59999847412109,37.59999847412109,35.56892776489258,3546,0.0,0.0
2009-04-23,38.5,39.0,35.75,38.79999923706055,36.70410919189453,8084,0.0,0.0
2009-04-24,39.900001525878906,39.900001525878906,37.09999847412109,38.650001525878906,36.56221389770508,12611,0.0,0.0
2009-04-27,39.0,39.0,37.54999923706055,38.650001525878906,36.56221389770508,4042,0.0,0.0
2009-04-28,38.900001525878906,38.900001525878906,36.79999923706055,37.150001525878906,35.14324188232422,5019,0.0,0.0
2009-04-29,37.84999847412109,37.900001525878906,37.84999847412109,37.900001525878906,35.852725982666016,7100,0.0,0.0
2009-04-30,37.900001525878906,37.900001525878906,37.900001525878906,37.900001525878906,35.852725982666016,0,0.0,0.0
2009-05-04,37.0,38.0,36.5,37.25,35.23783493041992,12624,0.0,0.0
2009-05-05,38.5,38.5,37.0,37.95000076293945,35.900020599365234,3140,0.0,0.0
2009-05-06,38.0,38.0,36.09999847412109,37.95000076293945,35.900020599365234,200560,0.0,0.0
2009-05-07,38.0,38.0,36.04999923706055,37.0,35.001346588134766,63300,0.0,0.0
2009-05-08,37.0,37.95000076293945,36.54999923706055,37.45000076293945,35.42702865600586,1614,0.0,0.0
2009-05-11,37.0,37.0,37.0,37.0,35.001346588134766,200,0.0,0.0
2009-05-12,37.0,37.0,36.0,36.75,34.76484680175781,5960,0.0,0.0
2009-05-13,36.70000076293945,36.70000076293945,36.04999923706055,36.650001525878906,34.670249938964844,356,0.0,0.0
2009-05-14,36.59999847412109,36.59999847412109,34.849998474121094,36.59999847412109,34.622947692871094,104,0.0,0.0
2009-05-15,36.0,37.95000076293945,34.79999923706055,36.09999847412109,34.14995574951172,1117,0.0,0.0
2009-05-18,36.09999847412109,36.09999847412109,36.09999847412109,36.09999847412109,34.14995574951172,0,0.0,0.0
2009-05-19,37.54999923706055,37.54999923706055,35.0,36.0,34.05535888671875,4600,0.0,0.0
2009-05-20,35.0,37.45000076293945,34.45000076293945,34.5,32.63639068603516,3500,0.0,0.0
2009-05-21,34.04999923706055,35.0,33.5,35.0,33.109375,1698,0.0,0.0
2009-05-22,34.5,35.0,33.29999923706055,34.5,32.63639068603516,394,0.0,0.0
2009-05-25,34.20000076293945,35.0,32.75,34.900001525878906,33.01477813720703,1800,0.0,0.0
2009-05-26,34.0,36.0,33.400001525878906,35.849998474121094,33.9134635925293,2700,0.0,0.0
2009-05-27,34.5,36.45000076293945,34.099998474121094,35.900001525878906,33.96076202392578,1996,0.0,0.0
2009-05-28,35.900001525878906,37.5,35.900001525878906,37.45000076293945,35.42702865600586,890,0.0,0.0
2009-05-29,37.75,38.0,35.599998474121094,37.95000076293945,35.900020599365234,1583,0.0,0.0
2009-06-01,38.5,38.5,36.150001525878906,36.95000076293945,34.95404815673828,776,0.0,0.0
2009-06-02,35.04999923706055,37.5,35.0,36.0,34.05535888671875,579,0.0,0.0
2009-06-03,37.70000076293945,37.70000076293945,34.20000076293945,37.45000076293945,35.42702865600586,25400,0.0,0.0
2009-06-04,38.0,38.0,35.0,37.70000076293945,35.66353225708008,893,0.0,0.0
2009-06-05,37.0,37.900001525878906,37.0,37.0,35.001346588134766,347,0.0,0.0
2009-06-08,37.0,37.0,35.150001525878906,35.25,33.34587097167969,2200,0.0,0.0
2009-06-09,33.5,36.54999923706055,33.5,36.54999923706055,34.57564926147461,400,0.0,0.0
2009-06-10,34.75,37.45000076293945,34.75,36.75,34.76484680175781,1900,0.0,0.0
2009-06-11,34.95000076293945,36.79999923706055,34.95000076293945,36.79999923706055,34.8121452331543,151,0.0,0.0
2009-06-12,35.0,38.0,35.0,35.25,33.34587097167969,3005,0.0,0.0
2009-06-15,35.0,35.0,35.0,35.0,33.109375,1000,0.0,0.0
2009-06-16,33.400001525878906,35.54999923706055,33.400001525878906,34.5,32.63639068603516,400,0.0,0.0
2009-06-17,34.5,34.5,34.5,34.5,32.63639068603516,0,0.0,0.0
2009-06-18,33.0,33.0,32.79999923706055,32.900001525878906,31.12281608581543,350,0.0,0.0
2009-06-19,34.0,34.0,32.0,32.0,30.271432876586918,35,0.0,0.0
2009-06-22,32.0,32.0,32.0,32.0,30.271432876586918,0,0.0,0.0
2009-06-23,33.0,33.0,32.70000076293945,32.70000076293945,30.93362045288086,245,0.0,0.0
2009-06-24,33.5,33.75,33.25,33.25,31.453907012939453,250,0.0,0.0
2009-06-25,32.650001525878906,32.650001525878906,32.599998474121094,32.599998474121094,30.83901596069336,135,0.0,0.0
2009-06-26,31.0,34.25,31.0,34.25,32.39989471435547,282000,0.0,0.0
2009-06-29,33.849998474121094,35.5,32.75,32.95000076293945,31.17011260986328,97900,0.0,0.0
2009-06-30,34.599998474121094,34.599998474121094,33.0,34.599998474121094,32.730987548828125,24100,0.0,0.0
2009-07-01,33.54999923706055,34.900001525878906,32.900001525878906,34.45000076293945,32.589088439941406,1196,0.0,0.0
2009-07-02,32.75,35.849998474121094,32.75,32.75,30.98091697692871,12741,0.0,0.0
2009-07-03,32.04999923706055,33.95000076293945,31.5,31.799999237060547,30.08223533630371,2200,0.0,0.0
2009-07-06,33.0,33.0,32.0,32.650001525878906,30.88632202148437,511,0.0,0.0
2009-07-07,35.099998474121094,35.099998474121094,32.150001525878906,34.400001525878906,32.54179000854492,1060,0.0,0.0
2009-07-08,33.25,37.45000076293945,32.0,32.04999923706055,30.3187313079834,1298,0.0,0.0
2009-07-09,31.950000762939453,34.95000076293945,28.850000381469727,33.20000076293945,31.4066104888916,728,0.0,0.0
2009-07-10,33.0,34.900001525878906,31.0,33.0,31.21741485595703,125,0.0,0.0
2009-07-13,30.0,30.0,30.0,30.0,28.379467010498047,100,0.0,0.0
2009-07-14,32.79999923706055,33.0,32.099998474121094,33.0,31.21741485595703,873,0.0,0.0
2009-07-15,35.0,35.0,29.700000762939453,33.5,31.69040298461914,780,0.0,0.0
2009-07-16,35.150001525878906,35.150001525878906,32.0,32.0,30.271432876586918,173,0.0,0.0
2009-07-17,32.0,33.95000076293945,31.200000762939453,32.150001525878906,30.413330078125,470,0.0,0.0
2009-07-20,30.100000381469727,34.0,30.0,30.350000381469727,28.710561752319336,500,0.0,0.0
2009-07-21,31.0,33.400001525878906,30.0,33.0,31.21741485595703,350,0.0,0.0
2009-07-22,30.350000381469727,35.5,29.700000762939453,31.450000762939453,29.751140594482425,7743,0.0,0.0
2009-07-23,32.75,32.75,30.0,30.450000762939453,28.805160522460938,4739,0.0,0.0
2009-07-24,30.100000381469727,30.100000381469727,30.049999237060547,30.049999237060547,28.4267635345459,300,0.0,0.0
2009-07-27,30.0,30.950000762939453,30.0,30.049999237060547,28.4267635345459,437,0.0,0.0
2009-07-28,30.049999237060547,31.850000381469727,30.0,30.450000762939453,28.805160522460938,203,0.0,0.0
2009-07-29,31.950000762939453,32.5,30.0,31.0,29.325448989868164,268,0.0,0.0
2009-07-30,32.70000076293945,32.70000076293945,30.0,30.899999618530277,29.23085021972656,541,0.0,0.0
2009-07-31,30.0,30.75,30.0,30.049999237060547,28.4267635345459,2608,0.0,0.0
2009-08-03,30.100000381469727,30.100000381469727,30.0,30.0,28.379467010498047,500,0.0,0.0
2009-08-04,30.0,32.0,28.950000762939453,31.700000762939453,29.987638473510746,300,0.0,0.0
2009-08-05,31.649999618530277,31.75,27.700000762939453,30.0,28.379467010498047,1175,0.0,0.0
2009-08-06,30.0,33.0,30.0,31.649999618530277,29.940336227416992,1055,0.0,0.0
2009-08-07,32.849998474121094,32.95000076293945,30.049999237060547,32.5,30.744422912597656,33,0.0,0.0
2009-08-10,30.049999237060547,30.5,30.049999237060547,30.200000762939453,28.568662643432617,22,0.0,0.0
2009-08-11,30.049999237060547,30.450000762939453,30.049999237060547,30.25,28.6159610748291,20,0.0,0.0
2009-08-12,32.849998474121094,32.849998474121094,30.0,31.5,29.798437118530277,600,0.0,0.0
2009-08-13,30.100000381469727,30.149999618530277,30.049999237060547,30.100000381469727,28.47406578063965,293,0.0,0.0
2009-08-14,32.0,32.0,30.350000381469727,31.5,29.798437118530277,800,0.0,0.0
2009-08-17,31.600000381469727,32.25,29.399999618530277,31.5,29.798437118530277,2071,0.0,0.0
2009-08-18,31.5,34.650001525878906,30.100000381469727,34.599998474121094,32.730987548828125,180551,0.0,0.0
2009-08-19,35.099998474121094,36.95000076293945,32.0,33.04999923706055,31.264711380004883,1743,0.0,0.0
2009-08-20,32.0,34.599998474121094,32.0,34.599998474121094,32.730987548828125,24,0.0,0.0
2009-08-21,32.20000076293945,35.0,32.150001525878906,34.70000076293945,32.825584411621094,10251,0.0,0.0
2009-08-24,34.900001525878906,34.900001525878906,34.0,34.0,32.16339874267578,600,0.0,0.0
2009-08-25,31.399999618530277,37.400001525878906,31.299999237060547,37.04999923706055,35.048641204833984,45976,0.0,0.0
2009-08-26,34.29999923706055,37.0,33.45000076293945,36.84999847412109,34.85944366455078,35287,0.0,0.0
2009-08-27,35.20000076293945,36.79999923706055,34.95000076293945,36.650001525878906,34.670249938964844,7056,0.0,0.0
2009-08-28,39.45000076293945,39.45000076293945,34.150001525878906,36.54999923706055,34.57564926147461,2167,0.0,0.0
2009-08-31,36.45000076293945,37.0,35.79999923706055,36.84999847412109,34.85944366455078,1479,0.0,0.0
2009-09-01,34.29999923706055,36.79999923706055,33.5,36.25,34.29185485839844,2020,0.0,0.0
2009-09-02,36.5,38.0,34.5,36.75,34.76484680175781,1964,0.0,0.0
2009-09-03,36.0,38.0,35.0,37.20000076293945,35.1905403137207,304600,0.0,0.0
2009-09-04,39.0,39.0,33.75,37.900001525878906,35.852725982666016,203399,0.0,0.0
2009-09-07,38.0,39.0,35.70000076293945,37.70000076293945,35.66353225708008,257955,0.0,0.0
2009-09-08,36.900001525878906,37.900001525878906,36.04999923706055,36.650001525878906,34.670249938964844,211900,0.0,0.0
2009-09-09,36.0,38.0,36.0,37.5,35.474334716796875,293087,0.0,0.0
2009-09-10,38.0,38.5,35.79999923706055,38.34999847412109,36.278419494628906,375271,0.0,0.0
2009-09-11,37.70000076293945,38.79999923706055,37.29999923706055,38.400001525878906,36.32571792602539,188532,0.0,0.0
2009-09-14,37.0,38.5,36.54999923706055,37.900001525878906,35.852725982666016,246535,0.0,0.0
2009-09-15,38.5,45.20000076293945,37.25,38.0,35.947322845458984,259700,0.0,0.0
2009-09-16,44.79999923706055,44.79999923706055,37.34999847412109,37.79999923706055,35.75812530517578,205651,0.0,0.0
2009-09-17,37.5,40.0,37.150001525878906,38.400001525878906,36.32571792602539,248200,0.0,0.0
2009-09-18,37.0,39.900001525878906,36.95000076293945,39.70000076293945,37.55549240112305,157965,0.0,0.0
2009-09-22,37.900001525878906,38.59999847412109,37.59999847412109,38.09999847412109,36.04192352294922,101635,0.0,0.0
2009-09-23,37.900001525878906,37.95000076293945,36.54999923706055,36.84999847412109,34.85944366455078,115119,0.0,0.0
2009-09-24,37.29999923706055,37.59999847412109,36.09999847412109,37.09999847412109,35.095943450927734,118400,0.0,0.0
2009-09-25,39.25,39.25,34.5,36.650001525878906,34.670249938964844,116771,0.0,0.0
2009-09-29,37.5,38.0,36.20000076293945,37.04999923706055,35.048641204833984,108091,0.0,0.0
2009-09-30,37.29999923706055,38.0,37.0,37.400001525878906,35.37973403930664,114710,0.0,0.0
2009-10-01,38.0,38.0,35.599998474121094,36.09999847412109,34.14995574951172,129786,0.0,0.0
2009-10-05,36.5,36.54999923706055,35.25,36.150001525878906,34.19725799560547,160820,0.0,0.0
2009-10-06,35.900001525878906,36.04999923706055,33.0,33.849998474121094,32.0214958190918,104456,0.0,0.0
2009-10-07,33.20000076293945,37.900001525878906,33.20000076293945,34.29999923706055,32.44719314575195,143195,0.0,0.0
2009-10-08,34.5,34.79999923706055,32.54999923706055,33.349998474121094,31.548507690429688,107954,0.0,0.0
2009-10-09,33.95000076293945,33.95000076293945,31.299999237060547,31.75,30.034934997558597,130028,0.0,0.0
2009-10-12,32.0,32.650001525878906,31.100000381469727,32.0,30.271432876586918,114575,0.0,0.0
2009-10-13,32.0,32.0,32.0,32.0,30.271432876586918,0,0.0,0.0
2009-10-14,32.0,32.849998474121094,31.0,31.100000381469727,29.42004776000977,123304,0.0,0.0
2009-10-15,31.5,31.649999618530277,30.0,30.450000762939453,28.805160522460938,30501,0.0,0.0
2009-10-16,30.5,31.899999618530277,30.100000381469727,30.75,29.08895492553711,30086,0.0,0.0
2009-10-20,31.299999237060547,32.5,31.0,31.149999618530277,29.46734619140625,31218,0.0,0.0
2009-10-21,31.149999618530277,37.0,30.899999618530277,33.099998474121094,31.31200790405273,66439,0.0,0.0
2009-10-22,31.200000762939453,35.29999923706055,31.200000762939453,33.900001525878906,32.06880187988281,33403,0.0,0.0
2009-10-23,32.0,33.95000076293945,32.0,32.599998474121094,30.83901596069336,25600,0.0,0.0
2009-10-26,33.0,35.0,30.399999618530277,32.5,30.744422912597656,62658,0.0,0.0
2009-10-27,33.400001525878906,33.400001525878906,30.549999237060547,31.399999618530277,29.703842163085938,73996,0.0,0.0
2009-10-28,31.5,31.899999618530277,30.100000381469727,30.950000762939453,29.27815055847168,63422,0.0,0.0
2009-10-29,30.5,31.5,29.5,31.299999237060547,29.609241485595703,68946,0.0,0.0
2009-10-30,31.0,34.0,30.799999237060547,33.45000076293945,31.64310836791992,71422,0.0,0.0
2009-11-03,33.0,33.0,31.049999237060547,31.950000762939453,30.2241325378418,63942,0.0,0.0
2009-11-04,35.5,36.0,32.04999923706055,33.95000076293945,32.1161003112793,80041,0.0,0.0
2009-11-05,34.70000076293945,34.70000076293945,32.20000076293945,32.70000076293945,30.93362045288086,59371,0.0,0.0
2009-11-06,32.20000076293945,35.0,32.04999923706055,34.349998474121094,32.49448776245117,130408,0.0,0.0
2009-11-09,33.0,35.5,33.0,34.45000076293945,32.589088439941406,155339,0.0,0.0
2009-11-10,32.5,36.79999923706055,32.5,33.5,31.69040298461914,153315,0.0,0.0
2009-11-11,32.599998474121094,35.900001525878906,32.54999923706055,34.79999923706055,32.92018127441406,86790,0.0,0.0
2009-11-12,34.54999923706055,34.95000076293945,33.5,33.5,31.69040298461914,93000,0.0,0.0
2009-11-13,34.0,35.0,33.5,34.0,32.16339874267578,149500,0.0,0.0
2009-11-16,34.5,40.79999923706055,33.45000076293945,34.849998474121094,32.96747589111328,306497,0.0,0.0
2009-11-17,34.5,35.0,33.29999923706055,33.75,31.926898956298828,71996,0.0,0.0
2009-11-18,33.5,34.29999923706055,33.5,34.0,32.16339874267578,68900,0.0,0.0
2009-11-19,35.54999923706055,35.54999923706055,32.75,33.150001525878906,31.35930824279785,70719,0.0,0.0
2009-11-20,33.099998474121094,34.25,31.549999237060547,33.349998474121094,31.548507690429688,58700,0.0,0.0
2009-11-23,33.20000076293945,33.79999923706055,33.04999923706055,33.45000076293945,31.64310836791992,55288,0.0,0.0
2009-11-24,33.70000076293945,33.79999923706055,32.45000076293945,33.29999923706055,31.501205444335938,57202,0.0,0.0
2009-11-25,33.099998474121094,35.0,32.0,34.45000076293945,32.589088439941406,74762,0.0,0.0
2009-11-26,34.54999923706055,36.0,32.0,34.650001525878906,32.778282165527344,71271,0.0,0.0
2009-11-27,37.0,38.5,32.5,34.54999923706055,32.683685302734375,147300,0.0,0.0
2009-11-30,34.5,35.70000076293945,33.5,33.75,31.926898956298828,56622,0.0,0.0
2009-12-01,33.75,40.5,33.45000076293945,40.5,38.31228256225586,194600,0.0,0.0
2009-12-02,42.0,47.70000076293945,41.25,42.59999847412109,40.29883575439453,183049,0.0,0.0
2009-12-03,42.0,42.79999923706055,39.29999923706055,40.5,38.31228256225586,59792,0.0,0.0
2009-12-04,40.79999923706055,45.09999847412109,40.5,41.59999847412109,39.35285949707031,85275,0.0,0.0
2009-12-07,42.0,43.0,40.79999923706055,42.34999847412109,40.062347412109375,66342,0.0,0.0
2009-12-08,41.59999847412109,42.45000076293945,40.0,40.45000076293945,38.26497650146485,13123,0.0,0.0
2009-12-09,39.400001525878906,40.0,37.400001525878906,37.84999847412109,35.805423736572266,16258,0.0,0.0
2009-12-10,39.34999847412109,39.34999847412109,37.09999847412109,37.5,35.474334716796875,7034,0.0,0.0
2009-12-11,35.650001525878906,37.400001525878906,35.650001525878906,35.75,33.81886672973633,4084,0.0,0.0
2009-12-14,34.099998474121094,34.849998474121094,34.0,34.400001525878906,32.54179000854492,3420,0.0,0.0
2009-12-15,33.150001525878906,35.95000076293945,33.150001525878906,33.650001525878906,31.83230209350586,3605,0.0,0.0
2009-12-16,32.25,34.849998474121094,32.25,33.5,31.69040298461914,405,0.0,0.0
2009-12-17,34.849998474121094,34.849998474121094,32.349998474121094,33.75,31.926898956298828,2203,0.0,0.0
2009-12-18,32.599998474121094,33.0,32.5,32.650001525878906,30.88632202148437,1270,0.0,0.0
2009-12-21,32.150001525878906,33.0,32.04999923706055,32.95000076293945,31.17011260986328,2052,0.0,0.0
2009-12-22,32.0,32.75,31.299999237060547,32.29999923706055,30.55522727966309,1356,0.0,0.0
2009-12-23,31.5,32.75,31.049999237060547,31.649999618530277,29.940336227416992,33118,0.0,0.0
2009-12-24,32.0,33.25,31.450000762939453,33.0,31.21741485595703,74356,0.0,0.0
2009-12-29,32.0,33.0,32.0,32.95000076293945,31.17011260986328,60772,0.0,0.0
2009-12-30,33.0,33.0,31.549999237060547,32.5,30.744422912597656,11238,0.0,0.0
2009-12-31,31.600000381469727,32.900001525878906,30.899999618530277,30.950000762939453,29.27815055847168,26480,0.0,0.0
2010-01-04,31.899999618530277,32.5,31.700000762939453,32.0,30.271432876586918,28281,0.0,0.0
2010-01-05,33.400001525878906,33.5,32.099998474121094,32.5,30.744422912597656,26425,0.0,0.0
2010-01-06,32.0,33.349998474121094,31.200000762939453,33.04999923706055,31.264711380004883,96606,0.0,0.0
2010-01-07,33.0,33.349998474121094,32.099998474121094,32.099998474121094,30.36602783203125,1138,0.0,0.0
2010-01-08,33.45000076293945,33.45000076293945,32.20000076293945,33.20000076293945,31.4066104888916,172271,0.0,0.0
2010-01-11,33.0,33.900001525878906,32.79999923706055,32.900001525878906,31.12281608581543,2452,0.0,0.0
2010-01-12,33.0,33.75,33.0,33.20000076293945,31.4066104888916,939,0.0,0.0
2010-01-13,32.0,33.75,32.0,33.0,31.21741485595703,2027,0.0,0.0
2010-01-14,31.700000762939453,34.650001525878906,31.700000762939453,34.650001525878906,32.778282165527344,5465,0.0,0.0
2010-01-15,36.29999923706055,36.29999923706055,33.150001525878906,33.349998474121094,31.548507690429688,1890,0.0,0.0
2010-01-18,34.650001525878906,34.70000076293945,33.25,34.150001525878906,32.305294036865234,2740,0.0,0.0
2010-01-19,33.900001525878906,34.0,33.0,33.0,31.21741485595703,556,0.0,0.0
2010-01-20,33.0,33.400001525878906,32.150001525878906,32.150001525878906,30.413330078125,545,0.0,0.0
2010-01-21,33.75,33.75,32.0,32.0,30.271432876586918,902,0.0,0.0
2010-01-22,33.599998474121094,33.599998474121094,30.75,31.25,29.56194496154785,866,0.0,0.0
2010-01-25,32.849998474121094,32.849998474121094,31.100000381469727,31.450000762939453,29.751140594482425,750,0.0,0.0
2010-01-27,30.149999618530277,30.549999237060547,30.149999618530277,30.5,28.85245704650879,574,0.0,0.0
2010-01-28,29.5,32.0,29.5,30.049999237060547,28.4267635345459,352,0.0,0.0
2010-01-29,30.950000762939453,30.950000762939453,29.0,30.450000762939453,28.805160522460938,449,0.0,0.0
2010-02-01,31.700000762939453,31.700000762939453,29.0,29.049999237060547,27.48078346252441,2504,0.0,0.0
2010-02-02,30.0,30.0,29.600000381469727,29.600000381469727,28.001073837280277,318,0.0,0.0
2010-02-03,30.899999618530277,31.0,29.399999618530277,30.899999618530277,29.23085021972656,956,0.0,0.0
2010-02-04,30.899999618530277,30.899999618530277,29.399999618530277,29.450000762939453,27.859176635742188,2333,0.0,0.0
2010-02-05,30.25,30.299999237060547,28.0,29.850000381469727,28.23756980895996,660,0.0,0.0
2010-02-08,29.200000762939453,29.200000762939453,29.200000762939453,29.200000762939453,27.6226806640625,250,0.0,0.0
2010-02-09,29.200000762939453,29.200000762939453,27.75,29.0,27.433483123779297,801,0.0,0.0
2010-02-10,27.549999237060547,29.0,27.549999237060547,28.950000762939453,27.386186599731445,118,0.0,0.0
2010-02-11,27.549999237060547,29.799999237060547,27.549999237060547,29.799999237060547,28.19026756286621,30,0.0,0.0
2010-02-15,28.399999618530277,28.399999618530277,28.350000381469727,28.350000381469727,26.81859588623047,240,0.0,0.0
2010-02-16,29.350000381469727,29.799999237060547,29.350000381469727,29.799999237060547,28.19026756286621,1576,0.0,0.0
2010-02-17,29.0,30.149999618530277,28.5,30.149999618530277,28.521364212036133,1256,0.0,0.0
2010-02-18,28.799999237060547,29.0,28.700000762939453,28.700000762939453,27.14969062805176,1260,0.0,0.0
2010-02-19,27.549999237060547,29.799999237060547,27.549999237060547,28.850000381469727,27.291587829589844,2550,0.0,0.0
2010-02-22,29.899999618530277,29.899999618530277,27.700000762939453,28.100000381469727,26.58209991455078,8396,0.0,0.0
2010-02-23,28.899999618530277,28.899999618530277,27.5,28.149999618530277,26.629398345947266,2697,0.0,0.0
2010-02-24,29.5,29.5,26.75,27.200000762939453,25.730716705322266,700,0.0,0.0
2010-02-25,26.399999618530277,28.5,26.399999618530277,27.200000762939453,25.730716705322266,1342,0.0,0.0
2010-02-26,26.700000762939453,28.600000381469727,26.649999618530277,28.5,26.960493087768555,951,0.0,0.0
2010-03-02,28.5,28.5,27.299999237060547,27.950000762939453,26.44020271301269,873,0.0,0.0
2010-03-03,27.950000762939453,27.950000762939453,27.950000762939453,27.950000762939453,26.44020271301269,0,0.0,0.0
2010-03-04,27.950000762939453,27.950000762939453,27.950000762939453,27.950000762939453,26.44020271301269,0,0.0,0.0
2010-03-05,27.299999237060547,29.350000381469727,27.0,29.299999237060547,27.7172794342041,6276,0.0,0.0
2010-03-08,29.0,30.0,28.5,29.75,28.14297103881836,687,0.0,0.0
2010-03-09,28.600000381469727,29.399999618530277,27.75,28.049999237060547,26.534801483154297,23727,0.0,0.0
2010-03-10,28.200000762939453,28.950000762939453,28.200000762939453,28.5,26.960493087768555,550,0.0,0.0
2010-03-11,28.25,29.5,26.0,26.450000762939453,25.021228790283203,12794,0.0,0.0
2010-03-12,28.450000762939453,28.5,25.0,25.75,24.359041213989254,9037,0.0,0.0
2010-03-15,25.799999237060547,25.799999237060547,23.649999618530277,24.399999618530277,23.081966400146484,11759,0.0,0.0
2010-03-16,23.850000381469727,26.850000381469727,23.649999618530277,26.850000381469727,25.399621963500977,590427,0.0,0.0
2010-03-17,26.799999237060547,28.899999618530277,24.25,24.600000381469727,23.271163940429688,381684,0.0,0.0
2010-03-18,24.399999618530277,26.799999237060547,23.5,25.850000381469727,24.45364189147949,247353,0.0,0.0
2010-03-19,27.0,27.0,25.0,25.049999237060547,23.696853637695312,127273,0.0,0.0
2010-03-22,25.0,26.0,25.0,25.25,23.886049270629883,132316,0.0,0.0
2010-03-23,25.850000381469727,25.850000381469727,25.0,25.25,23.886049270629883,119686,0.0,0.0
2010-03-25,25.899999618530277,25.899999618530277,23.799999237060547,24.600000381469727,23.271163940429688,7397,0.0,0.0
2010-03-26,25.700000762939453,25.700000762939453,23.149999618530277,23.5,22.23058319091797,9655,0.0,0.0
2010-03-29,23.600000381469727,24.649999618530277,22.700000762939453,23.049999237060547,21.80488967895508,8212,0.0,0.0
2010-03-30,23.0,24.200000762939453,22.799999237060547,24.149999618530277,22.8454704284668,3819,0.0,0.0
2010-03-31,23.649999618530277,24.850000381469727,23.649999618530277,24.649999618530277,23.31846237182617,775,0.0,0.0
2010-04-01,23.799999237060547,24.899999618530277,23.75,24.899999618530277,23.55495834350586,2713,0.0,0.0
2010-04-05,24.0,25.450000762939453,24.0,25.350000381469727,23.98064994812012,2377,0.0,0.0
2010-04-06,25.5,25.5,24.600000381469727,24.649999618530277,23.31846237182617,2831,0.0,0.0
2010-04-07,25.950000762939453,27.149999618530277,24.600000381469727,26.950000762939453,25.49422264099121,18461,0.0,0.0
2010-04-08,28.75,28.75,26.0,26.950000762939453,25.49422264099121,4667,0.0,0.0
2010-04-09,26.950000762939453,27.350000381469727,26.25,26.950000762939453,25.49422264099121,1709,0.0,0.0
2010-04-12,25.299999237060547,27.0,25.299999237060547,26.25,24.832035064697266,4366,0.0,0.0
2010-04-13,26.950000762939453,28.899999618530277,26.950000762939453,28.0,26.48750114440918,231518,0.0,0.0
2010-04-15,28.549999237060547,29.5,27.299999237060547,28.450000762939453,26.91319465637207,216324,0.0,0.0
2010-04-16,27.75,28.75,27.5,27.549999237060547,26.061811447143555,61150,0.0,0.0
2010-04-19,27.100000381469727,27.100000381469727,26.0,26.049999237060547,24.642837524414062,2175,0.0,0.0
2010-04-20,25.700000762939453,26.899999618530277,25.649999618530277,26.700000762939453,25.257726669311523,1077,0.0,0.0
2010-04-21,26.149999618530277,26.450000762939453,25.600000381469727,25.799999237060547,24.40634155273437,2243,0.0,0.0
2010-04-22,26.0,26.0,25.5,25.5,24.12254524230957,2935,0.0,0.0
2010-04-23,26.5,26.600000381469727,25.649999618530277,25.649999618530277,24.26444435119629,2523,0.0,0.0
2010-04-26,25.600000381469727,26.049999237060547,25.0,25.5,24.12254524230957,8962,0.0,0.0
2010-04-27,25.600000381469727,25.899999618530277,25.149999618530277,25.149999618530277,23.79145050048828,360,0.0,0.0
2010-04-28,25.200000762939453,26.149999618530277,25.149999618530277,25.950000762939453,24.548240661621094,1261,0.0,0.0
2010-04-29,27.0,28.100000381469727,25.450000762939453,27.75,26.251007080078125,98988,0.0,0.0
2010-04-30,27.600000381469727,27.75,26.049999237060547,26.700000762939453,25.257726669311523,33539,0.0,0.0
2010-05-03,27.450000762939453,27.450000762939453,26.549999237060547,26.549999237060547,25.115827560424805,760,0.0,0.0
2010-05-04,27.0,27.950000762939453,25.25,25.850000381469727,24.45364189147949,1109,0.0,0.0
2010-05-05,24.100000381469727,25.600000381469727,24.0,25.600000381469727,24.21714210510254,695,0.0,0.0
2010-05-06,26.5,26.5,25.5,26.450000762939453,25.021228790283203,295,0.0,0.0
2010-05-07,25.350000381469727,26.0,24.649999618530277,24.950000762939453,23.602256774902344,1585,0.0,0.0
2010-05-10,24.75,25.850000381469727,24.75,25.850000381469727,24.45364189147949,190,0.0,0.0
2010-05-11,24.850000381469727,25.899999618530277,24.850000381469727,25.899999618530277,24.500940322875977,92,0.0,0.0
2010-05-12,24.850000381469727,24.850000381469727,24.850000381469727,24.850000381469727,23.50765991210937,50,0.0,0.0
2010-05-13,26.100000381469727,27.0,25.950000762939453,26.299999237060547,24.87933158874512,3136,0.0,0.0
2010-05-14,27.0,31.600000381469727,27.0,31.450000762939453,29.751140594482425,135224,0.0,0.0
2010-05-17,31.25,33.25,28.600000381469727,30.149999618530277,28.521364212036133,566802,0.0,0.0
2010-05-18,31.5,33.650001525878906,30.399999618530277,32.349998474121094,30.602523803710938,1504993,0.0,0.0
2010-05-19,32.04999923706055,34.400001525878906,30.649999618530277,32.5,30.744422912597656,2165430,0.0,0.0
2010-05-20,33.0,33.0,29.399999618530277,29.799999237060547,28.19026756286621,1534062,0.0,0.0
2010-05-21,30.0,30.0,28.5,28.950000762939453,27.386186599731445,315362,0.0,0.0
2010-05-24,29.799999237060547,30.299999237060547,24.200000762939453,24.899999618530277,23.55495834350586,934268,0.0,0.0
2010-05-25,25.0,27.0,23.399999618530277,26.149999618530277,24.737436294555664,816672,0.0,0.0
2010-05-26,26.399999618530277,27.950000762939453,24.5,25.0,23.64955711364746,500621,0.0,0.0
2010-05-27,25.450000762939453,26.450000762939453,24.149999618530277,24.649999618530277,23.31846237182617,497133,0.0,0.0
2010-05-28,26.0,27.0,23.75,24.149999618530277,22.8454704284668,412619,0.0,0.0
2010-05-31,24.600000381469727,25.399999618530277,23.200000762939453,23.950000762939453,22.656274795532227,279584,0.0,0.0
2010-06-01,23.899999618530277,23.950000762939453,23.0,23.149999618530277,21.89948844909668,120017,0.0,0.0
2010-06-02,23.0,23.450000762939453,22.450000762939453,22.850000381469727,21.615694046020508,108226,0.0,0.0
2010-06-03,23.0,25.299999237060547,22.700000762939453,22.899999618530277,21.662992477416992,605976,0.0,0.0
2010-06-04,23.100000381469727,26.299999237060547,22.899999618530277,25.399999618530277,24.02794647216797,642460,0.0,0.0
2010-06-07,25.0,27.100000381469727,24.399999618530277,25.75,24.359041213989254,896287,0.0,0.0
2010-06-08,25.950000762939453,26.5,25.100000381469727,25.799999237060547,24.40634155273437,839234,0.0,0.0
2010-06-09,26.0,27.799999237060547,21.399999618530277,21.950000762939453,20.764310836791992,2807287,0.0,0.0
2010-06-10,22.5,23.549999237060547,22.149999618530277,23.25,21.99408721923828,886406,0.0,0.0
2010-06-11,23.700000762939453,23.75,21.799999237060547,22.049999237060547,20.858909606933597,666553,0.0,0.0
2010-06-14,22.799999237060547,22.799999237060547,22.100000381469727,22.5,21.28459930419922,285962,0.0,0.0
2010-06-15,23.399999618530277,25.600000381469727,22.549999237060547,25.049999237060547,23.696853637695312,1273304,0.0,0.0
2010-06-16,25.149999618530277,25.600000381469727,23.850000381469727,24.100000381469727,22.79817008972168,273831,0.0,0.0
2010-06-17,24.149999618530277,25.0,23.799999237060547,23.950000762939453,22.656274795532227,160637,0.0,0.0
2010-06-18,24.399999618530277,26.100000381469727,23.899999618530277,25.0,23.64955711364746,2228099,0.0,0.0
2010-06-21,24.25,26.200000762939453,24.25,25.0,23.64955711364746,1394292,0.0,0.0
2010-06-22,24.899999618530277,25.899999618530277,23.75,24.350000381469727,23.03466796875,376317,0.0,0.0
2010-06-23,24.399999618530277,25.0,24.100000381469727,24.600000381469727,23.271163940429688,436948,0.0,0.0
2010-06-24,24.799999237060547,25.0,19.700000762939453,19.75,18.683149337768555,4361699,0.0,0.0
2010-06-25,20.0,21.75,19.799999237060547,20.799999237060547,19.67642974853516,1612983,0.0,0.0
2010-06-28,21.5,21.5,19.649999618530277,20.049999237060547,18.966941833496094,992542,0.0,0.0
2010-06-29,20.350000381469727,20.75,20.0,20.299999237060547,19.20343780517578,424662,0.0,0.0
2010-06-30,20.149999618530277,20.600000381469727,19.600000381469727,20.0,18.91964530944824,317522,0.0,0.0
2010-07-01,20.149999618530277,20.149999618530277,19.25,19.649999618530277,18.588550567626957,290249,0.0,0.0
2010-07-02,19.649999618530277,20.200000762939453,19.5,19.75,18.683149337768555,326234,0.0,0.0
2010-07-05,19.799999237060547,20.299999237060547,19.399999618530277,19.5,18.446653366088867,155963,0.0,0.0
2010-07-06,19.5,19.5,19.049999237060547,19.149999618530277,18.115558624267575,189911,0.0,0.0
2010-07-07,19.0,19.649999618530277,19.0,19.100000381469727,18.068262100219727,250521,0.0,0.0
2010-07-08,19.600000381469727,19.600000381469727,19.0,19.100000381469727,18.068262100219727,187520,0.0,0.0
2010-07-09,19.149999618530277,19.299999237060547,18.799999237060547,18.899999618530277,17.87906265258789,153328,0.0,0.0
2010-07-12,18.899999618530277,19.0,18.549999237060547,18.600000381469727,17.59527015686035,147053,0.0,0.0
2010-07-13,18.399999618530277,18.899999618530277,18.25,18.350000381469727,17.35877227783203,197039,0.0,0.0
2010-07-14,18.399999618530277,18.450000762939453,17.649999618530273,17.75,16.791183471679688,220958,0.0,0.0
2010-07-15,17.950000762939453,20.450000762939453,17.450000762939453,20.100000381469727,19.014244079589844,1510292,0.0,0.0
2010-07-16,20.5,20.5,19.100000381469727,19.25,18.21015739440918,306714,0.0,0.0
2010-07-19,19.25,19.299999237060547,18.700000762939453,18.850000381469727,17.83176612854004,115305,0.0,0.0
2010-07-20,18.799999237060547,19.25,18.5,18.75,17.737167358398438,102386,0.0,0.0
2010-07-21,19.0,19.0,18.5,18.600000381469727,17.59527015686035,96990,0.0,0.0
2010-07-22,18.75,18.75,18.399999618530277,18.549999237060547,17.547971725463867,84842,0.0,0.0
2010-07-23,18.549999237060547,18.75,18.100000381469727,18.299999237060547,17.311473846435547,120246,0.0,0.0
2010-07-26,18.200000762939453,19.600000381469727,18.0,18.600000381469727,17.59527015686035,243105,0.0,0.0
2010-07-27,18.5,18.75,18.200000762939453,18.299999237060547,17.311473846435547,61312,0.0,0.0
2010-07-28,18.450000762939453,18.649999618530277,18.0,18.100000381469727,17.122276306152344,85491,0.0,0.0
2010-07-29,18.049999237060547,18.399999618530277,17.850000381469727,17.950000762939453,16.98038101196289,133781,0.0,0.0
2010-07-30,18.0,18.25,17.600000381469727,17.799999237060547,16.838481903076172,87521,0.0,0.0
2010-08-02,18.0,18.049999237060547,17.700000762939453,17.950000762939453,16.98038101196289,103287,0.0,0.0
2010-08-03,18.0,18.0,17.600000381469727,17.700000762939453,16.743885040283203,83999,0.0,0.0
2010-08-04,18.0,18.0,17.5,17.600000381469727,16.649288177490234,75404,0.0,0.0
2010-08-05,17.549999237060547,17.899999618530273,17.5,17.549999237060547,16.601987838745117,61996,0.0,0.0
2010-08-06,17.450000762939453,17.799999237060547,17.0,17.200000762939453,16.27089500427246,108748,0.0,0.0
2010-08-09,17.0,17.899999618530273,17.0,17.649999618530273,16.696584701538086,96401,0.0,0.0
2010-08-10,17.899999618530273,18.600000381469727,17.549999237060547,17.799999237060547,16.838481903076172,238460,0.0,0.0
2010-08-11,18.0,18.799999237060547,17.5,17.549999237060547,16.601987838745117,73505,0.0,0.0
2010-08-12,17.200000762939453,17.5,17.0,17.200000762939453,16.27089500427246,72337,0.0,0.0
2010-08-13,17.200000762939453,17.700000762939453,17.0,17.149999618530273,16.223596572875977,71553,0.0,0.0
2010-08-16,17.5,17.5,17.0,17.0,16.08169937133789,53200,0.0,0.0
2010-08-17,17.0,18.0,16.950000762939453,17.399999618530273,16.46009063720703,172502,0.0,0.0
2010-08-18,18.5,19.200000762939453,18.100000381469727,18.25,17.264175415039062,628262,0.0,0.0
2010-08-19,18.5,19.299999237060547,17.75,18.700000762939453,17.68986701965332,723977,0.0,0.0
2010-08-20,18.600000381469727,18.600000381469727,18.0,18.149999618530277,17.16957664489746,105306,0.0,0.0
2010-08-23,18.5,18.5,17.600000381469727,17.850000381469727,16.885784149169922,108758,0.0,0.0
2010-08-24,17.600000381469727,17.899999618530273,17.450000762939453,17.549999237060547,16.601987838745117,93641,0.0,0.0
2010-08-25,17.75,17.75,17.0,17.100000381469727,16.17629623413086,155529,0.0,0.0
2010-08-26,17.450000762939453,17.5,17.100000381469727,17.200000762939453,16.27089500427246,79494,0.0,0.0
2010-08-27,17.450000762939453,17.450000762939453,16.75,16.850000381469727,15.939800262451172,78112,0.0,0.0
2010-08-30,17.200000762939453,17.299999237060547,16.549999237060547,16.700000762939453,15.79790496826172,65842,0.0,0.0
2010-08-31,16.950000762939453,16.950000762939453,16.25,16.350000381469727,15.46681022644043,74477,0.0,0.0
2010-09-01,16.350000381469727,16.75,15.600000381469728,15.949999809265137,15.08841609954834,415727,0.0,0.0
2010-09-02,16.25,16.299999237060547,15.0,16.200000762939453,15.324912071228027,110760,0.0,0.0
2010-09-03,16.100000381469727,16.5,16.0,16.299999237060547,15.41950798034668,69531,0.0,0.0
2010-09-06,16.149999618530273,16.75,16.149999618530273,16.549999237060547,15.656003952026367,86277,0.0,0.0
2010-09-07,16.5,17.5,16.0,16.950000762939453,16.034400939941406,206792,0.0,0.0
2010-09-08,17.399999618530273,17.700000762939453,16.950000762939453,17.549999237060547,16.601987838745117,157436,0.0,0.0
2010-09-09,17.899999618530273,17.899999618530273,17.299999237060547,17.600000381469727,16.649288177490234,126590,0.0,0.0
2010-09-13,18.0,18.0,17.0,17.700000762939453,16.743885040283203,93423,0.0,0.0
2010-09-14,17.950000762939453,17.950000762939453,17.200000762939453,17.399999618530273,16.46009063720703,86428,0.0,0.0
2010-09-15,17.75,17.75,17.200000762939453,17.299999237060547,16.365493774414062,82015,0.0,0.0
2010-09-16,17.0,17.5,17.0,17.25,16.318195343017578,107030,0.0,0.0
2010-09-17,17.5,17.5,17.049999237060547,17.100000381469727,16.17629623413086,52757,0.0,0.0
2010-09-20,17.049999237060547,17.350000381469727,17.0,17.100000381469727,16.17629623413086,89363,0.0,0.0
2010-09-21,17.100000381469727,17.25,15.800000190734863,16.899999618530273,15.987096786499023,81834,0.0,0.0
2010-09-22,16.899999618530273,16.950000762939453,16.549999237060547,16.75,15.84520149230957,61199,0.0,0.0
2010-09-23,17.0,17.850000381469727,16.549999237060547,17.0,16.08169937133789,98680,0.0,0.0
2010-09-24,17.0,17.350000381469727,16.950000762939453,17.049999237060547,16.128997802734375,48938,0.0,0.0
2010-09-27,17.049999237060547,17.399999618530273,17.049999237060547,17.100000381469727,16.17629623413086,51109,0.0,0.0
2010-09-28,17.100000381469727,17.350000381469727,17.049999237060547,17.100000381469727,16.17629623413086,74439,0.0,0.0
2010-09-29,17.0,17.299999237060547,16.700000762939453,16.850000381469727,15.939800262451172,79799,0.0,0.0
2010-09-30,16.549999237060547,16.950000762939453,16.5,16.649999618530273,15.750602722167969,39287,0.0,0.0
2010-10-01,16.649999618530273,16.950000762939453,16.549999237060547,16.75,15.84520149230957,43499,0.0,0.0
2010-10-04,16.899999618530273,17.100000381469727,16.600000381469727,16.649999618530273,15.750602722167969,46918,0.0,0.0
2010-10-05,16.700000762939453,16.899999618530273,16.600000381469727,16.649999618530273,15.750602722167969,36914,0.0,0.0
2010-10-06,16.799999237060547,17.0,16.600000381469727,16.75,15.84520149230957,57559,0.0,0.0
2010-10-07,16.700000762939453,18.899999618530277,16.700000762939453,18.0,17.027679443359375,660362,0.0,0.0
2010-10-08,18.399999618530277,18.899999618530277,17.5,17.75,16.791183471679688,157458,0.0,0.0
2010-10-11,18.0,18.450000762939453,17.700000762939453,17.899999618530273,16.933080673217773,60702,0.0,0.0
2010-10-12,17.899999618530273,18.100000381469727,17.200000762939453,17.350000381469727,16.412792205810547,60050,0.0,0.0
2010-10-13,17.5,17.75,17.25,17.350000381469727,16.412792205810547,55130,0.0,0.0
2010-10-14,17.75,17.75,17.149999618530273,17.399999618530273,16.46009063720703,60251,0.0,0.0
2010-10-15,17.600000381469727,18.799999237060547,17.200000762939453,18.049999237060547,17.07497787475586,351779,0.0,0.0
2010-10-18,18.100000381469727,18.899999618530277,18.049999237060547,18.5,17.500673294067383,200806,0.0,0.0
2010-10-19,18.899999618530277,19.350000381469727,17.899999618530273,18.0,17.027679443359375,127903,0.0,0.0
2010-10-20,18.350000381469727,18.350000381469727,17.700000762939453,17.799999237060547,16.838481903076172,32751,0.0,0.0
2010-10-21,17.600000381469727,18.200000762939453,17.600000381469727,17.799999237060547,16.838481903076172,56155,0.0,0.0
2010-10-22,18.299999237060547,18.5,17.700000762939453,17.950000762939453,16.98038101196289,71747,0.0,0.0
2010-10-25,18.0,18.25,17.649999618530273,17.799999237060547,16.838481903076172,68077,0.0,0.0
2010-10-26,17.899999618530273,18.200000762939453,17.600000381469727,17.700000762939453,16.743885040283203,36854,0.0,0.0
2010-10-27,17.700000762939453,17.950000762939453,17.5,17.549999237060547,16.601987838745117,35608,0.0,0.0
2010-10-28,17.950000762939453,18.100000381469727,17.149999618530273,17.350000381469727,16.412792205810547,50034,0.0,0.0
2010-10-29,17.899999618530273,17.899999618530273,17.0,17.049999237060547,16.128997802734375,122723,0.0,0.0
2010-11-01,17.149999618530273,17.850000381469727,17.100000381469727,17.350000381469727,16.412792205810547,60286,0.0,0.0
2010-11-02,17.149999618530273,17.75,17.149999618530273,17.350000381469727,16.412792205810547,41957,0.0,0.0
2010-11-03,17.200000762939453,18.299999237060547,17.200000762939453,17.549999237060547,16.601987838745117,125639,0.0,0.0
2010-11-04,17.25,17.75,17.149999618530273,17.350000381469727,16.412792205810547,56160,0.0,0.0
2010-11-08,17.350000381469727,18.0,17.350000381469727,17.899999618530273,16.933080673217773,50084,0.0,0.0
2010-11-09,18.149999618530277,18.149999618530277,17.549999237060547,17.899999618530273,16.933080673217773,63745,0.0,0.0
2010-11-10,17.549999237060547,18.399999618530277,17.549999237060547,18.100000381469727,17.122276306152344,86010,0.0,0.0
2010-11-11,18.25,18.899999618530277,17.799999237060547,17.950000762939453,16.98038101196289,164426,0.0,0.0
2010-11-12,17.600000381469727,19.649999618530277,17.600000381469727,19.299999237060547,18.257455825805664,735358,0.0,0.0
2010-11-15,19.950000762939453,19.950000762939453,18.200000762939453,18.350000381469727,17.35877227783203,238241,0.0,0.0
2010-11-16,18.5,19.350000381469727,18.100000381469727,18.450000762939453,17.4533748626709,315887,0.0,0.0
2010-11-18,18.5,19.0,17.899999618530273,18.0,17.027679443359375,105481,0.0,0.0
2010-11-19,18.0,18.299999237060547,17.100000381469727,17.600000381469727,16.649288177490234,76062,0.0,0.0
2010-11-22,17.649999618530273,18.0,17.149999618530273,17.350000381469727,16.412792205810547,63363,0.0,0.0
2010-11-23,17.25,17.5,16.200000762939453,16.700000762939453,15.79790496826172,66716,0.0,0.0
2010-11-24,16.75,17.25,16.700000762939453,16.850000381469727,15.939800262451172,37123,0.0,0.0
2010-11-25,16.75,17.200000762939453,16.350000381469727,16.75,15.84520149230957,50784,0.0,0.0
2010-11-26,16.899999618530273,17.0,15.199999809265137,15.649999618530272,14.804620742797852,122545,0.0,0.0
2010-11-29,15.5,16.399999618530273,15.25,15.399999618530272,14.568126678466797,43235,0.0,0.0
2010-11-30,15.399999618530272,16.299999237060547,15.199999809265137,15.850000381469728,14.993819236755373,39474,0.0,0.0
2010-12-01,15.899999618530272,16.5,15.899999618530272,16.399999618530273,15.51410675048828,31193,0.0,0.0
2010-12-02,16.350000381469727,16.75,16.299999237060547,16.399999618530273,15.51410675048828,30983,0.0,0.0
2010-12-03,16.25,16.549999237060547,15.699999809265137,15.800000190734863,14.946518898010254,37051,0.0,0.0
2010-12-06,15.600000381469728,16.200000762939453,15.600000381469728,15.800000190734863,14.946518898010254,25701,0.0,0.0
2010-12-07,15.600000381469728,15.899999618530272,15.199999809265137,15.449999809265137,14.61542510986328,38065,0.0,0.0
2010-12-08,15.300000190734863,16.0,15.100000381469728,15.25,14.426228523254396,41869,0.0,0.0
2010-12-09,15.449999809265137,15.449999809265137,14.100000381469728,14.300000190734863,13.527545928955078,53286,0.0,0.0
2010-12-10,14.100000381469728,15.25,13.600000381469728,14.399999618530272,13.622143745422363,53496,0.0,0.0
2010-12-13,14.0,15.199999809265137,14.0,15.050000190734863,14.237032890319824,46468,0.0,0.0
2010-12-14,15.0,15.149999618530272,14.800000190734863,15.0,14.189733505249023,19079,0.0,0.0
2010-12-15,14.899999618530272,15.149999618530272,14.25,14.600000381469728,13.81134033203125,16307,0.0,0.0
2010-12-16,14.649999618530272,14.800000190734863,14.350000381469728,14.649999618530272,13.85863971710205,29775,0.0,0.0
2010-12-20,14.600000381469728,14.800000190734863,14.350000381469728,14.399999618530272,13.622143745422363,22826,0.0,0.0
2010-12-21,14.449999809265137,14.850000381469728,14.449999809265137,14.699999809265137,13.905938148498535,31435,0.0,0.0
2010-12-22,14.5,14.850000381469728,14.300000190734863,14.600000381469728,13.81134033203125,38831,0.0,0.0
2010-12-23,14.5,14.899999618530272,14.5,14.75,13.953237533569336,16264,0.0,0.0
2010-12-24,14.449999809265137,14.899999618530272,14.449999809265137,14.800000190734863,14.000536918640137,10533,0.0,0.0
2010-12-27,14.5,14.850000381469728,14.5,14.649999618530272,13.85863971710205,14710,0.0,0.0
2010-12-28,14.5,14.649999618530272,14.5,14.5,13.716741561889648,9237,0.0,0.0
2010-12-29,14.5,14.899999618530272,14.5,14.600000381469728,13.81134033203125,20747,0.0,0.0
2010-12-30,14.550000190734863,14.949999809265137,14.449999809265137,14.75,13.953237533569336,27402,0.0,0.0
2010-12-31,14.75,15.149999618530272,14.550000190734863,15.050000190734863,14.237032890319824,36093,0.0,0.0
2011-01-03,14.649999618530272,15.399999618530272,14.649999618530272,15.350000381469728,14.52082633972168,42750,0.0,0.0
2011-01-04,15.5,15.5,14.75,15.0,14.189733505249023,30699,0.0,0.0
2011-01-05,15.0,15.100000381469728,14.699999809265137,14.699999809265137,13.905938148498535,10537,0.0,0.0
2011-01-06,14.649999618530272,14.949999809265137,14.550000190734863,14.600000381469728,13.81134033203125,14335,0.0,0.0
2011-01-07,14.300000190734863,14.75,14.100000381469728,14.199999809265137,13.432948112487791,17375,0.0,0.0
2011-01-10,14.199999809265137,14.199999809265137,13.75,13.949999809265137,13.196451187133787,48792,0.0,0.0
2011-01-11,14.0,14.149999618530272,13.300000190734863,13.350000381469728,12.628863334655762,42980,0.0,0.0
2011-01-12,14.350000381469728,14.350000381469728,13.25,13.649999618530272,12.912656784057615,12761,0.0,0.0
2011-01-13,14.0,14.0,13.550000190734863,13.699999809265137,12.959957122802734,7878,0.0,0.0
2011-01-14,13.5,14.199999809265137,13.25,13.449999809265137,12.723461151123049,21412,0.0,0.0
2011-01-17,13.25,13.75,12.949999809265137,13.050000190734863,12.34506893157959,40421,0.0,0.0
2011-01-18,13.149999618530272,13.399999618530272,12.899999618530272,13.100000381469728,12.392367362976074,30503,0.0,0.0
2011-01-19,13.100000381469728,13.5,12.850000381469728,13.0,12.297769546508787,22807,0.0,0.0
2011-01-20,13.0,13.399999618530272,12.899999618530272,13.149999618530272,12.43966579437256,13416,0.0,0.0
2011-01-21,13.0,13.399999618530272,13.0,13.050000190734863,12.34506893157959,14599,0.0,0.0
2011-01-24,13.050000190734863,13.149999618530272,12.899999618530272,12.949999809265137,12.250470161437988,18536,0.0,0.0
2011-01-25,13.0,13.449999809265137,12.449999809265137,12.899999618530272,12.203170776367188,20759,0.0,0.0
2011-01-27,12.949999809265137,12.949999809265137,12.100000381469728,12.25,11.588282585144045,37631,0.0,0.0
2011-01-28,12.5,12.5,11.850000381469728,12.0,11.35178565979004,58589,0.0,0.0
2011-01-31,12.199999809265137,12.199999809265137,11.300000190734863,11.899999618530272,11.257186889648438,35712,0.0,0.0
2011-02-01,12.199999809265137,12.199999809265137,11.0,11.850000381469728,11.20988941192627,47846,0.0,0.0
2011-02-02,12.199999809265137,12.199999809265137,11.75,11.850000381469728,11.20988941192627,20782,0.0,0.0
2011-02-03,11.699999809265137,12.0,11.5,11.899999618530272,11.257186889648438,22497,0.0,0.0
2011-02-04,11.649999618530272,12.149999618530272,11.649999618530272,11.800000190734863,11.162590980529783,11637,0.0,0.0
2011-02-07,11.399999618530272,11.649999618530272,11.25,11.5,10.878795623779297,20963,0.0,0.0
2011-02-08,11.550000190734863,11.550000190734863,10.899999618530272,11.100000381469728,10.500402450561523,40494,0.0,0.0
2011-02-09,11.199999809265137,11.350000381469728,10.050000190734863,10.75,10.169309616088867,47393,0.0,0.0
2011-02-10,10.75,10.75,10.25,10.449999809265137,9.88551425933838,17003,0.0,0.0
2011-02-11,10.399999618530272,11.0,10.399999618530272,11.0,10.405803680419922,139100,0.0,0.0
2011-02-14,11.25,12.0,11.100000381469728,11.949999809265137,11.304486274719238,42465,0.0,0.0
2011-02-15,11.949999809265137,12.0,11.5,11.699999809265137,11.067992210388184,51014,0.0,0.0
2011-02-16,11.699999809265137,11.699999809265137,11.149999618530272,11.300000190734863,10.689598083496094,10941,0.0,0.0
2011-02-17,12.25,12.25,11.300000190734863,11.800000190734863,11.162590980529783,24953,0.0,0.0
2011-02-18,11.800000190734863,12.0,11.0,11.199999809265137,10.595001220703123,58497,0.0,0.0
2011-02-21,11.350000381469728,11.5,11.199999809265137,11.300000190734863,10.689598083496094,20322,0.0,0.0
2011-02-22,11.0,11.449999809265137,11.0,11.050000190734863,10.45310401916504,14255,0.0,0.0
2011-02-23,11.0,11.25,11.0,11.050000190734863,10.45310401916504,18138,0.0,0.0
2011-02-24,10.800000190734863,11.600000381469728,10.5,11.050000190734863,10.45310401916504,24735,0.0,0.0
2011-02-25,11.0,11.0,9.100000381469728,10.649999618530272,10.074708938598633,20527,0.0,0.0
2011-02-28,10.300000190734863,11.100000381469728,10.100000381469728,10.800000190734863,10.216609001159668,12066,0.0,0.0
2011-03-01,11.300000190734863,11.300000190734863,10.699999809265137,11.199999809265137,10.595001220703123,22534,0.0,0.0
2011-03-03,11.25,11.25,10.850000381469728,11.050000190734863,10.45310401916504,8054,0.0,0.0
2011-03-04,11.149999618530272,11.300000190734863,10.850000381469728,11.25,10.64229965209961,22018,0.0,0.0
2011-03-07,11.199999809265137,11.5,10.899999618530272,11.350000381469728,10.736898422241213,11468,0.0,0.0
2011-03-08,11.5,11.699999809265137,11.199999809265137,11.550000190734863,10.926095008850098,17435,0.0,0.0
2011-03-09,11.399999618530272,11.899999618530272,11.399999618530272,11.699999809265137,11.067992210388184,11373,0.0,0.0
2011-03-10,11.899999618530272,11.899999618530272,11.300000190734863,11.5,10.878795623779297,10907,0.0,0.0
2011-03-11,11.399999618530272,11.600000381469728,11.300000190734863,11.399999618530272,10.78419589996338,3133,0.0,0.0
2011-03-14,11.300000190734863,11.550000190734863,11.100000381469728,11.25,10.64229965209961,1660,0.0,0.0
2011-03-15,11.25,11.300000190734863,10.350000381469728,11.100000381469728,10.500402450561523,33122,0.0,0.0
2011-03-16,11.199999809265137,11.300000190734863,10.75,10.800000190734863,10.216609001159668,12894,0.0,0.0
2011-03-17,10.899999618530272,11.449999809265137,10.899999618530272,11.300000190734863,10.689598083496094,16331,0.0,0.0
2011-03-18,11.300000190734863,12.0,11.0,11.850000381469728,11.20988941192627,19506,0.0,0.0
2011-03-21,11.949999809265137,12.0,11.0,11.149999618530272,10.547700881958008,11380,0.0,0.0
2011-03-22,11.100000381469728,11.800000190734863,10.850000381469728,11.449999809265137,10.831496238708496,21214,0.0,0.0
2011-03-23,11.350000381469728,11.699999809265137,11.100000381469728,11.25,10.64229965209961,13334,0.0,0.0
2011-03-24,11.350000381469728,11.649999618530272,11.0,11.050000190734863,10.45310401916504,13808,0.0,0.0
2011-03-25,11.949999809265137,11.949999809265137,11.050000190734863,11.199999809265137,10.595001220703123,9320,0.0,0.0
2011-03-28,11.050000190734863,11.75,10.899999618530272,11.600000381469728,10.973394393920898,23600,0.0,0.0
2011-03-29,11.75,11.75,11.199999809265137,11.350000381469728,10.736898422241213,44118,0.0,0.0
2011-03-30,11.75,11.75,11.199999809265137,11.199999809265137,10.595001220703123,15213,0.0,0.0
2011-03-31,11.699999809265137,11.699999809265137,10.800000190734863,11.149999618530272,10.547700881958008,14194,0.0,0.0
2011-04-01,11.649999618530272,11.649999618530272,11.0,11.399999618530272,10.78419589996338,7170,0.0,0.0
2011-04-04,11.800000190734863,12.5,11.100000381469728,12.199999809265137,11.540983200073242,81562,0.0,0.0
2011-04-05,12.25,12.899999618530272,12.149999618530272,12.850000381469728,12.155872344970703,30668,0.0,0.0
2011-04-06,12.149999618530272,13.5,12.149999618530272,13.25,12.534263610839844,57233,0.0,0.0
2011-04-07,13.5,13.5,12.899999618530272,13.199999809265137,12.486964225769045,22132,0.0,0.0
2011-04-08,13.199999809265137,14.5,12.899999618530272,14.199999809265137,13.432948112487791,59605,0.0,0.0
2011-04-11,14.300000190734863,14.300000190734863,13.5,13.850000381469728,13.101853370666504,30968,0.0,0.0
2011-04-13,13.699999809265137,13.850000381469728,13.050000190734863,13.350000381469728,12.628863334655762,92713,0.0,0.0
2011-04-15,13.300000190734863,13.899999618530272,13.25,13.350000381469728,12.628863334655762,27565,0.0,0.0
2011-04-18,13.899999618530272,13.899999618530272,13.050000190734863,13.149999618530272,12.43966579437256,6839,0.0,0.0
2011-04-19,13.149999618530272,13.449999809265137,12.5,12.5,11.82477855682373,4529,0.0,0.0
2011-04-20,12.600000381469728,12.600000381469728,12.100000381469728,12.300000190734863,11.635581970214844,2214,0.0,0.0
2011-04-21,12.600000381469728,12.600000381469728,12.050000190734863,12.050000190734863,11.39908504486084,9620,0.0,0.0
2011-04-25,12.25,12.25,11.649999618530272,11.649999618530272,11.0206937789917,9504,0.0,0.0
2011-04-26,12.25,12.25,11.350000381469728,11.699999809265137,11.067992210388184,5131,0.0,0.0
2011-04-27,12.199999809265137,12.300000190734863,11.550000190734863,12.300000190734863,11.635581970214844,4771,0.0,0.0
2011-04-28,12.949999809265137,12.949999809265137,12.0,12.25,11.588282585144045,6615,0.0,0.0
2011-04-29,12.0,12.699999809265137,11.649999618530272,11.649999618530272,11.0206937789917,15317,0.0,0.0
2011-05-02,12.149999618530272,12.25,11.600000381469728,11.899999618530272,11.257186889648438,4985,0.0,0.0
2011-05-03,12.5,12.5,11.699999809265137,12.199999809265137,11.540983200073242,8293,0.0,0.0
2011-05-04,12.800000190734863,12.800000190734863,11.649999618530272,11.899999618530272,11.257186889648438,3937,0.0,0.0
2011-05-05,11.899999618530272,12.350000381469728,11.550000190734863,11.649999618530272,11.0206937789917,6768,0.0,0.0
2011-05-06,12.25,12.25,11.25,11.449999809265137,10.831496238708496,10345,0.0,0.0
2011-05-09,11.050000190734863,11.5,11.0,11.300000190734863,10.689598083496094,5788,0.0,0.0
2011-05-10,11.899999618530272,11.899999618530272,11.199999809265137,11.550000190734863,10.926095008850098,3915,0.0,0.0
2011-05-11,12.0,12.149999618530272,11.199999809265137,11.949999809265137,11.304486274719238,9604,0.0,0.0
2011-05-12,11.649999618530272,12.449999809265137,11.600000381469728,11.850000381469728,11.20988941192627,5717,0.0,0.0
2011-05-13,11.899999618530272,12.25,11.449999809265137,11.699999809265137,11.067992210388184,11140,0.0,0.0
2011-05-16,12.100000381469728,12.100000381469728,11.399999618530272,11.399999618530272,10.78419589996338,15719,0.0,0.0
2011-05-17,11.899999618530272,11.899999618530272,11.199999809265137,11.550000190734863,10.926095008850098,3354,0.0,0.0
2011-05-18,12.100000381469728,12.100000381469728,11.050000190734863,11.149999618530272,10.547700881958008,2734,0.0,0.0
2011-05-19,11.649999618530272,11.649999618530272,11.050000190734863,11.149999618530272,10.547700881958008,3056,0.0,0.0
2011-05-20,11.050000190734863,11.699999809265137,11.050000190734863,11.399999618530272,10.78419589996338,7808,0.0,0.0
2011-05-23,11.199999809265137,11.75,11.0,11.25,10.64229965209961,1371,0.0,0.0
2011-05-24,11.0,11.75,11.0,11.699999809265137,11.067992210388184,4346,0.0,0.0
2011-05-25,11.600000381469728,11.699999809265137,11.25,11.300000190734863,10.689598083496094,11791,0.0,0.0
2011-05-26,11.899999618530272,11.899999618530272,10.850000381469728,10.899999618530272,10.311206817626951,16808,0.0,0.0
2011-05-27,11.449999809265137,11.449999809265137,10.75,10.899999618530272,10.311206817626951,8971,0.0,0.0
2011-05-30,11.100000381469728,11.100000381469728,10.75,10.850000381469728,10.263907432556152,6014,0.0,0.0
2011-05-31,11.100000381469728,11.25,10.699999809265137,11.199999809265137,10.595001220703123,13461,0.0,0.0
2011-06-01,11.800000190734863,11.800000190734863,11.0,11.550000190734863,10.926095008850098,7277,0.0,0.0
2011-06-02,12.149999618530272,12.149999618530272,11.0,11.100000381469728,10.500402450561523,13234,0.0,0.0
2011-06-03,10.600000381469728,11.649999618530272,10.600000381469728,11.0,10.405803680419922,8058,0.0,0.0
2011-06-06,11.5,11.5,10.75,10.800000190734863,10.216609001159668,16103,0.0,0.0
2011-06-07,11.25,11.25,10.800000190734863,10.800000190734863,10.216609001159668,2407,0.0,0.0
2011-06-08,11.25,11.25,10.800000190734863,11.050000190734863,10.45310401916504,2526,0.0,0.0
2011-06-09,10.600000381469728,11.600000381469728,10.600000381469728,11.600000381469728,10.973394393920898,22955,0.0,0.0
2011-06-10,12.0,12.100000381469728,11.149999618530272,11.649999618530272,11.0206937789917,7783,0.0,0.0
2011-06-13,11.149999618530272,12.25,11.149999618530272,11.449999809265137,10.831496238708496,7094,0.0,0.0
2011-06-14,11.149999618530272,11.800000190734863,11.149999618530272,11.25,10.64229965209961,2604,0.0,0.0
2011-06-15,11.0,11.850000381469728,10.850000381469728,11.0,10.405803680419922,6024,0.0,0.0
2011-06-16,11.0,11.550000190734863,10.800000190734863,11.5,10.878795623779297,6348,0.0,0.0
2011-06-17,12.0,12.0,10.949999809265137,11.199999809265137,10.595001220703123,8380,0.0,0.0
2011-06-20,11.75,11.75,10.800000190734863,10.949999809265137,10.358505249023438,9408,0.0,0.0
2011-06-21,10.550000190734863,11.300000190734863,10.5,10.899999618530272,10.311206817626951,5174,0.0,0.0
2011-06-22,10.949999809265137,10.949999809265137,10.350000381469728,10.649999618530272,10.074708938598633,7805,0.0,0.0
2011-06-23,10.649999618530272,10.649999618530272,10.25,10.449999809265137,9.88551425933838,8857,0.0,0.0
2011-06-24,10.350000381469728,10.75,10.25,10.550000190734863,9.980112075805664,4334,0.0,0.0
2011-06-27,10.449999809265137,10.949999809265137,10.449999809265137,10.449999809265137,9.88551425933838,5691,0.0,0.0
2011-06-28,10.149999618530272,10.800000190734863,10.149999618530272,10.600000381469728,10.027411460876465,15172,0.0,0.0
2011-06-29,10.5,10.899999618530272,10.5,10.600000381469728,10.027411460876465,4956,0.0,0.0
2011-06-30,10.5,10.850000381469728,10.449999809265137,10.600000381469728,10.027411460876465,5810,0.0,0.0
2011-07-01,11.050000190734863,11.050000190734863,10.449999809265137,10.550000190734863,9.980112075805664,11277,0.0,0.0
2011-07-04,10.300000190734863,11.0,10.100000381469728,10.399999618530272,9.838214874267578,41008,0.0,0.0
2011-07-05,10.050000190734863,10.600000381469728,10.050000190734863,10.399999618530272,9.838214874267578,10067,0.0,0.0
2011-07-06,10.350000381469728,10.649999618530272,10.149999618530272,10.5,9.93281364440918,23540,0.0,0.0
2011-07-07,10.300000190734863,10.649999618530272,10.300000190734863,10.600000381469728,10.027411460876465,24112,0.0,0.0
2011-07-08,10.600000381469728,10.850000381469728,10.399999618530272,10.75,10.169309616088867,5748,0.0,0.0
2011-07-11,10.399999618530272,11.149999618530272,10.399999618530272,10.5,9.93281364440918,3972,0.0,0.0
2011-07-12,10.199999809265137,10.800000190734863,10.199999809265137,10.75,10.169309616088867,16464,0.0,0.0
2011-07-13,11.0,11.0,10.350000381469728,10.75,10.169309616088867,6242,0.0,0.0
2011-07-14,10.850000381469728,10.850000381469728,10.300000190734863,10.649999618530272,10.074708938598633,13932,0.0,0.0
2011-07-15,10.399999618530272,11.399999618530272,10.399999618530272,10.649999618530272,10.074708938598633,14594,0.0,0.0
2011-07-18,10.300000190734863,10.949999809265137,10.300000190734863,10.850000381469728,10.263907432556152,6776,0.0,0.0
2011-07-19,10.399999618530272,11.0,10.399999618530272,10.649999618530272,10.074708938598633,7315,0.0,0.0
2011-07-20,10.949999809265137,10.949999809265137,10.649999618530272,10.75,10.169309616088867,7671,0.0,0.0
2011-07-21,10.949999809265137,11.350000381469728,10.550000190734863,11.149999618530272,10.547700881958008,29551,0.0,0.0
2011-07-22,11.399999618530272,11.399999618530272,10.75,11.100000381469728,10.500402450561523,15077,0.0,0.0
2011-07-25,11.0,11.399999618530272,11.0,11.25,10.64229965209961,6566,0.0,0.0
2011-07-26,11.0,11.199999809265137,10.800000190734863,11.100000381469728,10.500402450561523,12911,0.0,0.0
2011-07-27,11.0,11.25,11.0,11.050000190734863,10.45310401916504,2007,0.0,0.0
2011-07-28,10.800000190734863,11.0,10.699999809265137,10.949999809265137,10.358505249023438,1823,0.0,0.0
2011-07-29,11.5,11.550000190734863,10.399999618530272,10.649999618530272,10.074708938598633,10592,0.0,0.0
2011-08-01,11.699999809265137,11.699999809265137,10.5,11.100000381469728,10.500402450561523,11282,0.0,0.0
2011-08-02,11.0,11.649999618530272,10.5,10.550000190734863,9.980112075805664,9045,0.0,0.0
2011-08-03,10.5,11.449999809265137,10.350000381469728,10.800000190734863,10.216609001159668,5314,0.0,0.0
2011-08-04,10.25,11.300000190734863,10.25,10.600000381469728,10.027411460876465,6901,0.0,0.0
2011-08-05,11.050000190734863,11.050000190734863,9.899999618530272,10.199999809265137,9.649018287658691,10500,0.0,0.0
2011-08-08,9.199999809265137,10.5,9.199999809265137,10.0,9.45982265472412,16625,0.0,0.0
2011-08-09,9.550000190734863,10.0,9.399999618530272,9.5,8.986830711364746,39876,0.0,0.0
2011-08-10,10.399999618530272,10.399999618530272,9.25,10.100000381469728,9.554420471191406,7373,0.0,0.0
2011-08-11,10.399999618530272,10.699999809265137,9.899999618530272,10.25,9.696316719055176,22135,0.0,0.0
2011-08-12,10.600000381469728,10.600000381469728,9.850000381469728,9.949999809265137,9.41252326965332,9796,0.0,0.0
2011-08-16,9.899999618530272,10.5,9.399999618530272,9.800000190734863,9.270625114440918,12298,0.0,0.0
2011-08-17,10.350000381469728,10.350000381469728,9.100000381469728,9.550000190734863,9.034131050109863,53491,0.0,0.0
2011-08-18,10.25,10.25,8.850000381469727,9.300000190734863,8.797635078430176,36319,0.0,0.0
2011-08-19,9.949999809265137,9.949999809265137,8.5,9.25,8.750336647033691,40838,0.0,0.0
2011-08-22,9.0,9.0,8.600000381469727,9.0,8.513839721679688,7896,0.0,0.0
2011-08-23,9.5,9.5,8.600000381469727,9.300000190734863,8.797635078430176,6547,0.0,0.0
2011-08-24,10.199999809265137,10.199999809265137,9.0,9.25,8.750336647033691,3721,0.0,0.0
2011-08-25,9.699999809265137,9.699999809265137,9.050000190734863,9.050000190734863,8.561138153076172,4753,0.0,0.0
2011-08-26,8.75,9.600000381469728,8.75,9.199999809265137,8.703036308288574,24224,0.0,0.0
2011-08-29,9.0,9.800000190734863,9.0,9.550000190734863,9.034131050109863,5902,0.0,0.0
2011-08-30,9.350000381469728,9.699999809265137,9.050000190734863,9.5,8.986830711364746,6094,0.0,0.0
2011-09-02,9.699999809265137,10.0,9.699999809265137,9.800000190734863,9.270625114440918,11606,0.0,0.0
2011-09-05,9.899999618530272,9.899999618530272,9.149999618530272,9.300000190734863,8.797635078430176,9707,0.0,0.0
2011-09-06,9.949999809265137,10.050000190734863,9.399999618530272,9.800000190734863,9.270625114440918,15286,0.0,0.0
2011-09-07,9.800000190734863,10.0,9.800000190734863,9.899999618530272,9.36522388458252,18309,0.0,0.0
2011-09-08,9.949999809265137,9.949999809265137,9.600000381469728,9.75,9.223326683044434,5744,0.0,0.0
2011-09-09,9.75,10.0,9.75,9.850000381469728,9.317925453186035,4028,0.0,0.0
2011-09-12,9.850000381469728,10.149999618530272,9.800000190734863,10.0,9.45982265472412,21089,0.0,0.0
2011-09-13,9.449999809265137,10.0,9.399999618530272,9.649999618530272,9.128727912902832,6813,0.0,0.0
2011-09-14,9.5,10.0,9.199999809265137,9.600000381469728,9.081429481506348,1035,0.0,0.0
2011-09-15,9.800000190734863,9.800000190734863,9.25,9.600000381469728,9.081429481506348,7302,0.0,0.0
2011-09-16,10.050000190734863,10.050000190734863,9.5,9.600000381469728,9.081429481506348,2827,0.0,0.0
2011-09-19,9.899999618530272,10.0,9.5,9.899999618530272,9.36522388458252,19072,0.0,0.0
2011-09-20,10.0,10.149999618530272,9.600000381469728,10.0,9.45982265472412,12293,0.0,0.0
2011-09-21,10.449999809265137,10.449999809265137,9.75,9.75,9.223326683044434,3082,0.0,0.0
2011-09-22,10.25,10.25,9.600000381469728,9.649999618530272,9.128727912902832,14476,0.0,0.0
2011-09-23,10.050000190734863,10.050000190734863,9.100000381469728,9.649999618530272,9.128727912902832,15662,0.0,0.0
2011-09-26,11.0,11.0,9.600000381469728,9.949999809265137,9.41252326965332,7418,0.0,0.0
2011-09-27,10.050000190734863,10.050000190734863,9.75,9.800000190734863,9.270625114440918,5433,0.0,0.0
2011-09-28,10.050000190734863,10.25,9.75,10.0,9.45982265472412,7365,0.0,0.0
2011-09-29,10.050000190734863,10.050000190734863,9.25,9.899999618530272,9.36522388458252,6186,0.0,0.0
2011-09-30,10.0,10.0,9.75,9.899999618530272,9.36522388458252,10378,0.0,0.0
2011-10-03,10.25,10.25,9.850000381469728,10.0,9.45982265472412,4714,0.0,0.0
2011-10-04,10.199999809265137,10.199999809265137,9.899999618530272,10.0,9.45982265472412,6683,0.0,0.0
2011-10-05,10.300000190734863,10.300000190734863,9.850000381469728,9.899999618530272,9.36522388458252,12436,0.0,0.0
2011-10-07,9.0,11.199999809265137,9.0,10.0,9.45982265472412,12058,0.0,0.0
2011-10-10,10.0,11.0,9.899999618530272,10.0,9.45982265472412,13545,0.0,0.0
2011-10-11,10.699999809265137,10.800000190734863,9.949999809265137,10.449999809265137,9.88551425933838,14039,0.0,0.0
2011-10-12,10.949999809265137,11.199999809265137,10.149999618530272,11.050000190734863,10.45310401916504,18608,0.0,0.0
2011-10-13,11.199999809265137,11.199999809265137,9.949999809265137,10.149999618530272,9.60171890258789,26620,0.0,0.0
2011-10-14,10.449999809265137,10.449999809265137,10.050000190734863,10.100000381469728,9.554420471191406,6438,0.0,0.0
2011-10-17,10.149999618530272,10.399999618530272,10.050000190734863,10.100000381469728,9.554420471191406,4083,0.0,0.0
2011-10-18,10.0,10.75,10.0,10.199999809265137,9.649018287658691,4173,0.0,0.0
2011-10-19,10.149999618530272,10.600000381469728,10.149999618530272,10.399999618530272,9.838214874267578,11946,0.0,0.0
2011-10-20,10.149999618530272,10.449999809265137,10.149999618530272,10.399999618530272,9.838214874267578,2137,0.0,0.0
2011-10-21,10.600000381469728,10.600000381469728,10.149999618530272,10.300000190734863,9.743617057800291,1863,0.0,0.0
2011-10-24,10.0,10.399999618530272,9.649999618530272,10.199999809265137,9.649018287658691,4486,0.0,0.0
2011-10-25,10.699999809265137,10.699999809265137,10.0,10.050000190734863,9.507122039794922,4345,0.0,0.0
2011-10-28,10.199999809265137,10.800000190734863,10.199999809265137,10.300000190734863,9.743617057800291,1246,0.0,0.0
2011-10-31,10.0,10.699999809265137,9.449999809265137,10.100000381469728,9.554420471191406,4775,0.0,0.0
2011-11-01,10.75,10.75,10.100000381469728,10.199999809265137,9.649018287658691,1770,0.0,0.0
2011-11-02,10.199999809265137,11.449999809265137,10.199999809265137,10.25,9.696316719055176,2592,0.0,0.0
2011-11-03,10.399999618530272,11.25,10.399999618530272,10.5,9.93281364440918,17434,0.0,0.0
2011-11-04,10.300000190734863,10.449999809265137,10.25,10.25,9.696316719055176,4659,0.0,0.0
2011-11-08,10.0,10.449999809265137,9.899999618530272,10.300000190734863,9.743617057800291,10665,0.0,0.0
2011-11-09,10.5,11.199999809265137,10.149999618530272,10.5,9.93281364440918,30498,0.0,0.0
2011-11-11,10.0,10.649999618530272,9.949999809265137,10.100000381469728,9.554420471191406,52324,0.0,0.0
2011-11-14,10.800000190734863,10.800000190734863,9.949999809265137,9.949999809265137,9.41252326965332,44518,0.0,0.0
2011-11-15,10.5,10.5,9.600000381469728,9.649999618530272,9.128727912902832,13392,0.0,0.0
2011-11-16,10.550000190734863,10.550000190734863,9.100000381469728,9.199999809265137,8.703036308288574,12828,0.0,0.0
2011-11-17,10.0,10.0,8.850000381469727,9.399999618530272,8.892231941223145,15904,0.0,0.0
2011-11-18,9.5,9.850000381469728,8.649999618530273,8.899999618530273,8.419240951538086,15294,0.0,0.0
2011-11-21,10.050000190734863,10.050000190734863,8.5,8.699999809265137,8.230045318603516,15084,0.0,0.0
2011-11-22,9.899999618530272,9.899999618530272,8.050000190734863,8.149999618530273,7.70975399017334,18507,0.0,0.0
2011-11-23,9.0,9.0,8.100000381469727,8.399999618530273,7.946249961853027,30257,0.0,0.0
2011-11-24,8.0,9.25,7.550000190734863,8.949999809265137,8.466540336608887,4046,0.0,0.0
2011-11-25,9.0,9.0,8.550000190734863,8.649999618530273,8.182746887207031,3092,0.0,0.0
2011-11-28,8.300000190734863,9.149999618530272,8.300000190734863,8.75,8.27734375,4743,0.0,0.0
2011-11-29,8.050000190734863,9.100000381469728,7.300000190734863,8.5,8.040849685668945,5967,0.0,0.0
2011-11-30,9.100000381469728,9.5,8.149999618530273,8.350000381469727,7.898952484130859,2900,0.0,0.0
2011-12-01,9.899999618530272,9.899999618530272,8.300000190734863,8.449999809265137,7.993548393249512,3738,0.0,0.0
2011-12-02,8.850000381469727,8.949999809265137,8.199999809265137,8.5,8.040849685668945,9322,0.0,0.0
2011-12-05,8.800000190734863,8.949999809265137,8.5,8.699999809265137,8.230045318603516,2006,0.0,0.0
2011-12-07,8.5,8.850000381469727,8.350000381469727,8.5,8.040849685668945,3532,0.0,0.0
2011-12-08,8.5,10.199999809265137,8.149999618530273,8.699999809265137,8.230045318603516,15957,0.0,0.0
2011-12-09,9.800000190734863,9.800000190734863,8.399999618530273,8.550000190734863,8.08814811706543,5818,0.0,0.0
2011-12-12,9.850000381469728,9.850000381469728,8.300000190734863,8.350000381469727,7.898952484130859,4063,0.0,0.0
2011-12-13,8.5,8.899999618530273,8.25,8.5,8.040849685668945,4241,0.0,0.0
2011-12-14,8.25,8.899999618530273,8.149999618530273,8.25,7.804353713989258,7604,0.0,0.0
2011-12-15,8.0,9.0,7.949999809265137,8.350000381469727,7.898952484130859,15255,0.0,0.0
2011-12-16,8.100000381469727,8.899999618530273,8.100000381469727,8.350000381469727,7.898952484130859,1932,0.0,0.0
2011-12-19,9.199999809265137,9.199999809265137,7.400000095367432,7.900000095367432,7.473259449005127,27680,0.0,0.0
2011-12-20,8.899999618530273,8.899999618530273,7.5,7.599999904632568,7.189464569091797,9567,0.0,0.0
2011-12-21,8.399999618530273,8.399999618530273,7.099999904632568,7.599999904632568,7.189464569091797,5317,0.0,0.0
2011-12-22,7.5,8.350000381469727,6.650000095367432,7.0,6.621875286102295,41688,0.0,0.0
2011-12-23,7.400000095367432,7.400000095367432,6.849999904632568,7.099999904632568,6.7164740562438965,7372,0.0,0.0
2011-12-26,7.0,7.349999904632568,6.900000095367432,7.25,6.858370780944824,5011,0.0,0.0
2011-12-27,7.050000190734863,7.300000190734863,7.0,7.25,6.858370780944824,2623,0.0,0.0
2011-12-28,7.0,7.25,6.800000190734863,7.150000095367432,6.763772964477539,6302,0.0,0.0
2011-12-29,7.199999809265137,7.449999809265137,7.099999904632568,7.099999904632568,6.7164740562438965,4281,0.0,0.0
2011-12-30,6.900000095367432,7.949999809265137,6.900000095367432,7.650000095367432,7.236763954162598,26082,0.0,0.0
2012-01-02,7.650000095367432,7.900000095367432,7.5,7.599999904632568,7.189464569091797,4765,0.0,0.0
2012-01-03,7.400000095367432,8.0,7.400000095367432,7.949999809265137,7.520558834075928,2566,0.0,0.0
2012-01-04,7.599999904632568,8.0,7.599999904632568,8.0,7.567858219146728,1618,0.0,0.0
2012-01-05,8.0,8.399999618530273,8.0,8.100000381469727,7.662456035614014,2413,0.0,0.0
2012-01-06,8.050000190734863,8.100000381469727,7.849999904632568,7.900000095367432,7.473259449005127,2429,0.0,0.0
2012-01-09,7.900000095367432,8.149999618530273,7.5,7.75,7.331362247467041,30423,0.0,0.0
2012-01-10,8.149999618530273,8.199999809265137,7.949999809265137,8.0,7.567858219146728,3777,0.0,0.0
2012-01-11,8.050000190734863,8.350000381469727,7.900000095367432,8.0,7.567858219146728,4401,0.0,0.0
2012-01-12,8.100000381469727,8.649999618530273,8.100000381469727,8.5,8.040849685668945,13957,0.0,0.0
2012-01-13,8.5,8.899999618530273,8.399999618530273,8.600000381469727,8.13544750213623,6154,0.0,0.0
2012-01-16,8.399999618530273,8.899999618530273,8.399999618530273,8.550000190734863,8.08814811706543,4005,0.0,0.0
2012-01-17,8.5,8.800000190734863,8.399999618530273,8.699999809265137,8.230045318603516,1996,0.0,0.0
2012-01-18,9.25,9.25,8.399999618530273,8.600000381469727,8.13544750213623,8678,0.0,0.0
2012-01-19,9.0,9.0,8.5,8.550000190734863,8.08814811706543,1736,0.0,0.0
2012-01-20,8.850000381469727,8.899999618530273,8.5,8.600000381469727,8.13544750213623,751,0.0,0.0
2012-01-23,8.850000381469727,8.850000381469727,8.300000190734863,8.449999809265137,7.993548393249512,2708,0.0,0.0
2012-01-24,8.0,9.399999618530272,8.0,8.25,7.804353713989258,5741,0.0,0.0
2012-01-25,8.100000381469727,9.399999618530272,8.100000381469727,9.149999618530272,8.655736923217773,34275,0.0,0.0
2012-01-27,9.399999618530272,9.699999809265137,9.0,9.550000190734863,9.034131050109863,9012,0.0,0.0
2012-01-30,9.850000381469728,9.899999618530272,9.0,9.300000190734863,8.797635078430176,2186,0.0,0.0
2012-01-31,9.300000190734863,9.5,8.550000190734863,9.0,8.513839721679688,2977,0.0,0.0
2012-02-01,9.399999618530272,9.899999618530272,9.399999618530272,9.649999618530272,9.128727912902832,20935,0.0,0.0
2012-02-02,9.5,9.75,9.300000190734863,9.699999809265137,9.176027297973633,5866,0.0,0.0
2012-02-03,9.5,9.949999809265137,9.449999809265137,9.5,8.986830711364746,4423,0.0,0.0
2012-02-06,9.300000190734863,9.5,9.300000190734863,9.399999618530272,8.892231941223145,1813,0.0,0.0
2012-02-07,9.0,9.5,8.75,9.100000381469728,8.608439445495605,4169,0.0,0.0
2012-02-08,8.800000190734863,9.600000381469728,8.350000381469727,9.0,8.513839721679688,3513,0.0,0.0
2012-02-09,8.899999618530273,9.300000190734863,8.899999618530273,9.100000381469728,8.608439445495605,3791,0.0,0.0
2012-02-10,9.0,9.449999809265137,9.0,9.300000190734863,8.797635078430176,7231,0.0,0.0
2012-02-13,9.050000190734863,9.550000190734863,9.050000190734863,9.399999618530272,8.892231941223145,2727,0.0,0.0
2012-02-14,9.649999618530272,9.800000190734863,9.149999618530272,9.699999809265137,9.176027297973633,3296,0.0,0.0
2012-02-15,9.5,10.050000190734863,9.350000381469728,9.850000381469728,9.317925453186035,11920,0.0,0.0
2012-02-16,9.699999809265137,10.0,9.199999809265137,9.75,9.223326683044434,8233,0.0,0.0
2012-02-17,9.699999809265137,9.949999809265137,9.350000381469728,9.399999618530272,8.892231941223145,11744,0.0,0.0
2012-02-21,9.399999618530272,9.75,9.149999618530272,9.399999618530272,8.892231941223145,6368,0.0,0.0
2012-02-22,9.0,9.0,9.0,9.0,8.513839721679688,13479,0.0,0.0
2012-02-23,9.0,9.25,8.600000381469727,9.050000190734863,8.561138153076172,13012,0.0,0.0
2012-02-24,9.25,9.25,8.800000190734863,8.899999618530273,8.419240951538086,849,0.0,0.0
2012-02-27,8.699999809265137,9.149999618530272,8.5,8.649999618530273,8.182746887207031,1857,0.0,0.0
2012-02-28,8.699999809265137,9.350000381469728,8.5,8.600000381469727,8.13544750213623,1490,0.0,0.0
2012-02-29,9.0,9.149999618530272,8.5,8.850000381469727,8.371942520141602,5966,0.0,0.0
2012-03-01,8.699999809265137,8.800000190734863,8.25,8.649999618530273,8.182746887207031,5228,0.0,0.0
2012-03-02,8.5,8.949999809265137,8.399999618530273,8.649999618530273,8.182746887207031,2185,0.0,0.0
2012-03-05,8.5,8.800000190734863,8.5,8.600000381469727,8.13544750213623,1830,0.0,0.0
2012-03-06,8.5,8.949999809265137,8.25,8.800000190734863,8.324644088745117,5754,0.0,0.0
2012-03-07,8.5,8.800000190734863,8.199999809265137,8.550000190734863,8.08814811706543,4776,0.0,0.0
2012-03-09,8.5,8.5,8.399999618530273,8.399999618530273,7.946249961853027,12103,0.0,0.0
2012-03-12,8.800000190734863,9.0,8.5,8.949999809265137,8.466540336608887,1334,0.0,0.0
2012-03-13,8.800000190734863,9.0,8.550000190734863,8.850000381469727,8.371942520141602,1951,0.0,0.0
2012-03-14,8.800000190734863,9.25,8.699999809265137,8.949999809265137,8.466540336608887,4003,0.0,0.0
2012-03-15,8.800000190734863,9.75,8.149999618530273,9.0,8.513839721679688,4707,0.0,0.0
2012-03-16,8.800000190734863,8.800000190734863,8.300000190734863,8.5,8.040849685668945,24110,0.0,0.0
2012-03-19,8.399999618530273,8.949999809265137,8.300000190734863,8.800000190734863,8.324644088745117,3251,0.0,0.0
2012-03-20,8.600000381469727,8.899999618530273,8.25,8.300000190734863,7.8516526222229,4216,0.0,0.0
2012-03-21,8.350000381469727,8.5,8.300000190734863,8.300000190734863,7.8516526222229,3217,0.0,0.0
2012-03-22,8.350000381469727,8.699999809265137,8.199999809265137,8.25,7.804353713989258,5818,0.0,0.0
2012-03-23,8.899999618530273,8.899999618530273,8.199999809265137,8.399999618530273,7.946249961853027,4123,0.0,0.0
2012-03-26,8.300000190734863,8.600000381469727,8.25,8.25,7.804353713989258,3368,0.0,0.0
2012-03-27,8.0,8.600000381469727,8.0,8.5,8.040849685668945,8860,0.0,0.0
2012-03-28,8.25,8.350000381469727,8.050000190734863,8.25,7.804353713989258,19386,0.0,0.0
2012-03-29,8.600000381469727,9.399999618530272,8.5,8.600000381469727,8.13544750213623,2899,0.0,0.0
2012-03-30,8.5,8.899999618530273,8.25,8.350000381469727,7.898952484130859,6971,0.0,0.0
2012-04-02,8.300000190734863,9.449999809265137,8.100000381469727,9.050000190734863,8.561138153076172,28235,0.0,0.0
2012-04-03,9.449999809265137,10.100000381469728,8.600000381469727,9.050000190734863,8.561138153076172,96569,0.0,0.0
2012-04-04,9.399999618530272,9.399999618530272,8.75,9.050000190734863,8.561138153076172,6530,0.0,0.0
2012-04-09,9.0,9.25,8.899999618530273,8.899999618530273,8.419240951538086,3584,0.0,0.0
2012-04-10,8.899999618530273,9.0,8.649999618530273,8.699999809265137,8.230045318603516,4380,0.0,0.0
2012-04-11,9.0,9.199999809265137,8.800000190734863,9.149999618530272,8.655736923217773,2358,0.0,0.0
2012-04-12,9.0,9.0,8.75,9.0,8.513839721679688,3432,0.0,0.0
2012-04-13,8.800000190734863,9.199999809265137,8.800000190734863,8.949999809265137,8.466540336608887,7374,0.0,0.0
2012-04-16,9.0,9.199999809265137,9.0,9.199999809265137,8.703036308288574,3172,0.0,0.0
2012-04-17,9.199999809265137,9.199999809265137,9.0,9.050000190734863,8.561138153076172,6456,0.0,0.0
2012-04-18,9.0,9.199999809265137,9.0,9.149999618530272,8.655736923217773,5767,0.0,0.0
2012-04-19,9.0,9.399999618530272,9.0,9.199999809265137,8.703036308288574,8106,0.0,0.0
2012-04-20,8.899999618530273,9.399999618530272,8.899999618530273,9.149999618530272,8.655736923217773,3043,0.0,0.0
2012-04-23,8.850000381469727,9.149999618530272,8.75,9.0,8.513839721679688,4218,0.0,0.0
2012-04-24,8.850000381469727,9.100000381469728,8.800000190734863,9.0,8.513839721679688,5311,0.0,0.0
2012-04-25,8.899999618530273,9.149999618530272,8.5,8.949999809265137,8.466540336608887,4743,0.0,0.0
2012-04-26,9.0,9.100000381469728,8.600000381469727,9.0,8.513839721679688,13006,0.0,0.0
2012-04-27,8.949999809265137,9.0,8.600000381469727,8.800000190734863,8.324644088745117,5658,0.0,0.0
2012-04-30,8.899999618530273,9.0,8.699999809265137,8.899999618530273,8.419240951538086,3652,0.0,0.0
2012-05-02,9.0,10.399999618530272,9.0,9.800000190734863,9.270625114440918,37702,0.0,0.0
2012-05-03,9.600000381469728,9.800000190734863,9.25,9.550000190734863,9.034131050109863,2413,0.0,0.0
2012-05-04,9.25,9.600000381469728,9.0,9.5,8.986830711364746,3166,0.0,0.0
2012-05-07,9.0,9.399999618530272,9.0,9.199999809265137,8.703036308288574,6159,0.0,0.0
2012-05-08,9.0,9.0,9.0,9.0,8.513839721679688,967,0.0,0.0
2012-05-09,9.0,9.25,8.899999618530273,8.899999618530273,8.419240951538086,7897,0.0,0.0
2012-05-10,8.850000381469727,9.199999809265137,8.850000381469727,9.149999618530272,8.655736923217773,4372,0.0,0.0
2012-05-11,9.0,9.0,8.899999618530273,8.899999618530273,8.419240951538086,2831,0.0,0.0
2012-05-14,8.949999809265137,9.0,8.75,8.800000190734863,8.324644088745117,6063,0.0,0.0
2012-05-15,8.550000190734863,9.350000381469728,8.550000190734863,9.0,8.513839721679688,8390,0.0,0.0
2012-05-16,9.0,9.100000381469728,8.600000381469727,9.050000190734863,8.561138153076172,2586,0.0,0.0
2012-05-17,8.899999618530273,9.300000190734863,8.75,9.25,8.750336647033691,3383,0.0,0.0
2012-05-18,8.899999618530273,9.050000190734863,8.449999809265137,8.899999618530273,8.419240951538086,10266,0.0,0.0
2012-05-21,9.899999618530272,10.0,8.850000381469727,8.850000381469727,8.371942520141602,2445,0.0,0.0
2012-05-22,9.600000381469728,9.699999809265137,8.600000381469727,8.800000190734863,8.324644088745117,9015,0.0,0.0
2012-05-23,8.75,8.75,8.399999618530273,8.5,8.040849685668945,2994,0.0,0.0
2012-05-24,8.300000190734863,9.0,8.300000190734863,8.75,8.27734375,7476,0.0,0.0
2012-05-25,8.649999618530273,9.100000381469728,8.600000381469727,8.800000190734863,8.324644088745117,1736,0.0,0.0
2012-05-28,8.75,8.899999618530273,8.600000381469727,8.75,8.27734375,4237,0.0,0.0
2012-05-29,8.899999618530273,8.899999618530273,8.5,8.5,8.040849685668945,6457,0.0,0.0
2012-05-30,8.949999809265137,8.949999809265137,8.449999809265137,8.449999809265137,7.993548393249512,736,0.0,0.0
2012-05-31,8.350000381469727,8.5,8.350000381469727,8.5,8.040849685668945,2400,0.0,0.0
2012-06-01,8.350000381469727,8.699999809265137,8.300000190734863,8.350000381469727,7.898952484130859,1115,0.0,0.0
2012-06-04,8.300000190734863,8.350000381469727,8.300000190734863,8.300000190734863,7.8516526222229,922,0.0,0.0
2012-06-05,8.350000381469727,8.399999618530273,8.300000190734863,8.300000190734863,7.8516526222229,1664,0.0,0.0
2012-06-06,8.399999618530273,9.0,8.399999618530273,8.449999809265137,7.993548393249512,4106,0.0,0.0
2012-06-07,8.25,8.550000190734863,8.25,8.449999809265137,7.993548393249512,671,0.0,0.0
2012-06-08,8.350000381469727,8.399999618530273,8.25,8.300000190734863,7.8516526222229,6516,0.0,0.0
2012-06-11,8.199999809265137,8.949999809265137,8.199999809265137,8.399999618530273,7.946249961853027,12531,0.0,0.0
2012-06-12,8.399999618530273,8.649999618530273,8.399999618530273,8.5,8.040849685668945,1338,0.0,0.0
2012-06-13,8.5,8.550000190734863,8.350000381469727,8.350000381469727,7.898952484130859,2480,0.0,0.0
2012-06-14,8.399999618530273,8.600000381469727,8.300000190734863,8.350000381469727,7.898952484130859,3065,0.0,0.0
2012-06-15,8.449999809265137,8.449999809265137,8.300000190734863,8.300000190734863,7.8516526222229,1701,0.0,0.0
2012-06-18,8.350000381469727,8.350000381469727,8.300000190734863,8.350000381469727,7.898952484130859,340,0.0,0.0
2012-06-19,8.350000381469727,8.899999618530273,8.050000190734863,8.300000190734863,7.8516526222229,3332,0.0,0.0
2012-06-20,8.25,8.300000190734863,8.25,8.25,7.804353713989258,470,0.0,0.0
2012-06-21,8.949999809265137,8.949999809265137,8.5,8.850000381469727,8.371942520141602,449,0.0,0.0
2012-06-22,8.5,8.899999618530273,8.300000190734863,8.300000190734863,7.8516526222229,4227,0.0,0.0
2012-06-25,8.300000190734863,8.699999809265137,8.300000190734863,8.399999618530273,7.946249961853027,3488,0.0,0.0
2012-06-26,8.5,8.5,8.25,8.25,7.804353713989258,1306,0.0,0.0
2012-06-27,8.25,8.300000190734863,8.25,8.300000190734863,7.8516526222229,693,0.0,0.0
2012-06-28,8.25,8.800000190734863,8.25,8.300000190734863,7.8516526222229,7197,0.0,0.0
2012-06-29,9.399999618530272,9.399999618530272,8.300000190734863,8.550000190734863,8.08814811706543,6367,0.0,0.0
2012-07-02,8.350000381469727,8.350000381469727,8.350000381469727,8.350000381469727,7.898952484130859,2955,0.0,0.0
2012-07-03,8.300000190734863,8.699999809265137,8.300000190734863,8.399999618530273,7.946249961853027,1713,0.0,0.0
2012-07-04,8.350000381469727,8.649999618530273,8.350000381469727,8.600000381469727,8.13544750213623,2896,0.0,0.0
2012-07-05,8.75,8.800000190734863,8.350000381469727,8.75,8.27734375,3716,0.0,0.0
2012-07-06,8.75,8.800000190734863,8.399999618530273,8.600000381469727,8.13544750213623,12396,0.0,0.0
2012-07-09,8.399999618530273,8.75,8.399999618530273,8.649999618530273,8.182746887207031,909,0.0,0.0
2012-07-10,8.800000190734863,8.800000190734863,8.800000190734863,8.800000190734863,8.324644088745117,200,0.0,0.0
2012-07-11,8.600000381469727,8.600000381469727,8.300000190734863,8.300000190734863,7.8516526222229,5907,0.0,0.0
2012-07-12,8.5,8.699999809265137,8.300000190734863,8.300000190734863,7.8516526222229,2082,0.0,0.0
2012-07-13,8.550000190734863,8.550000190734863,8.300000190734863,8.300000190734863,7.8516526222229,6628,0.0,0.0
2012-07-16,8.5,8.5,8.300000190734863,8.5,8.040849685668945,1066,0.0,0.0
2012-07-17,8.300000190734863,8.5,8.050000190734863,8.149999618530273,7.70975399017334,19599,0.0,0.0
2012-07-18,8.5,8.5,8.100000381469727,8.100000381469727,7.662456035614014,3081,0.0,0.0
2012-07-19,8.100000381469727,8.5,8.050000190734863,8.100000381469727,7.662456035614014,2180,0.0,0.0
2012-07-20,8.149999618530273,8.449999809265137,8.149999618530273,8.449999809265137,7.993548393249512,2081,0.0,0.0
2012-07-23,8.100000381469727,8.5,7.550000190734863,7.800000190734863,7.378661632537842,8205,0.0,0.0
2012-07-24,7.550000190734863,8.0,7.550000190734863,7.849999904632568,7.425960540771484,7137,0.0,0.0
2012-07-25,8.149999618530273,8.449999809265137,8.100000381469727,8.25,7.804353713989258,2956,0.0,0.0
2012-07-26,8.0,8.399999618530273,8.0,8.100000381469727,7.662456035614014,3882,0.0,0.0
2012-07-27,8.050000190734863,8.350000381469727,8.050000190734863,8.350000381469727,7.898952484130859,4150,0.0,0.0
2012-07-30,8.199999809265137,8.600000381469727,7.599999904632568,8.0,7.567858219146728,35077,0.0,0.0
2012-07-31,7.900000095367432,8.149999618530273,7.900000095367432,7.949999809265137,7.520558834075928,2729,0.0,0.0
2012-08-01,7.75,8.25,7.75,8.25,7.804353713989258,2097,0.0,0.0
2012-08-02,8.100000381469727,8.550000190734863,8.100000381469727,8.449999809265137,7.993548393249512,2615,0.0,0.0
2012-08-03,8.100000381469727,8.199999809265137,7.949999809265137,8.0,7.567858219146728,4182,0.0,0.0
2012-08-06,7.800000190734863,8.199999809265137,7.800000190734863,7.949999809265137,7.520558834075928,2650,0.0,0.0
2012-08-07,8.100000381469727,8.199999809265137,8.050000190734863,8.149999618530273,7.70975399017334,2471,0.0,0.0
2012-08-08,8.300000190734863,8.399999618530273,8.0,8.050000190734863,7.615156650543213,6532,0.0,0.0
2012-08-09,8.399999618530273,8.399999618530273,7.599999904632568,8.0,7.567858219146728,8652,0.0,0.0
2012-08-10,7.949999809265137,8.149999618530273,7.949999809265137,8.0,7.567858219146728,656,0.0,0.0
2012-08-13,7.949999809265137,8.149999618530273,7.949999809265137,8.100000381469727,7.662456035614014,2515,0.0,0.0
2012-08-14,7.949999809265137,8.149999618530273,7.699999809265137,7.699999809265137,7.284063339233398,14763,0.0,0.0
2012-08-16,8.800000190734863,8.800000190734863,7.599999904632568,8.350000381469727,7.898952484130859,8737,0.0,0.0
2012-08-17,8.0,8.0,7.75,7.800000190734863,7.378661632537842,8854,0.0,0.0
2012-08-21,8.0,8.0,7.650000095367432,7.699999809265137,7.284063339233398,18700,0.0,0.0
2012-08-22,7.650000095367432,7.75,7.599999904632568,7.599999904632568,7.189464569091797,2213,0.0,0.0
2012-08-23,7.650000095367432,8.300000190734863,7.599999904632568,7.800000190734863,7.378661632537842,6682,0.0,0.0
2012-08-24,7.75,8.050000190734863,7.699999809265137,8.050000190734863,7.615156650543213,2523,0.0,0.0
2012-08-27,8.100000381469727,8.100000381469727,7.650000095367432,7.75,7.331362247467041,20635,0.0,0.0
2012-08-28,7.550000190734863,8.050000190734863,7.550000190734863,7.800000190734863,7.378661632537842,2640,0.0,0.0
2012-08-29,7.800000190734863,7.900000095367432,7.5,7.550000190734863,7.142165660858154,9241,0.0,0.0
2012-08-30,7.900000095367432,7.900000095367432,7.5,7.550000190734863,7.142165660858154,4584,0.0,0.0
2012-08-31,7.699999809265137,7.900000095367432,7.349999904632568,7.800000190734863,7.378661632537842,50330,0.0,0.0
2012-09-03,7.599999904632568,7.949999809265137,7.550000190734863,7.900000095367432,7.473259449005127,5530,0.0,0.0
2012-09-04,7.849999904632568,7.900000095367432,7.699999809265137,7.849999904632568,7.425960540771484,2788,0.0,0.0
2012-09-05,7.849999904632568,7.849999904632568,7.400000095367432,7.800000190734863,7.378661632537842,7583,0.0,0.0
2012-09-06,7.650000095367432,7.849999904632568,7.650000095367432,7.849999904632568,7.425960540771484,3641,0.0,0.0
2012-09-07,7.900000095367432,7.949999809265137,7.800000190734863,7.900000095367432,7.473259449005127,3696,0.0,0.0
2012-09-10,8.0,8.050000190734863,7.800000190734863,7.949999809265137,7.520558834075928,12128,0.0,0.0
2012-09-11,7.949999809265137,8.100000381469727,7.5,7.800000190734863,7.378661632537842,11992,0.0,0.0
2012-09-12,8.0,8.0,7.75,7.900000095367432,7.473259449005127,6862,0.0,0.0
2012-09-13,7.900000095367432,8.100000381469727,7.849999904632568,8.0,7.567858219146728,1822,0.0,0.0
2012-09-14,7.699999809265137,8.399999618530273,7.650000095367432,7.900000095367432,7.473259449005127,11636,0.0,0.0
2012-09-17,7.949999809265137,8.350000381469727,7.900000095367432,8.25,7.804353713989258,4087,0.0,0.0
2012-09-18,8.25,8.350000381469727,8.199999809265137,8.300000190734863,7.8516526222229,7618,0.0,0.0
2012-09-20,8.5,8.5,7.949999809265137,8.050000190734863,7.615156650543213,8717,0.0,0.0
2012-09-21,8.350000381469727,8.350000381469727,7.900000095367432,8.0,7.567858219146728,3284,0.0,0.0
2012-09-24,7.800000190734863,8.100000381469727,7.199999809265137,7.849999904632568,7.425960540771484,9597,0.0,0.0
2012-09-25,7.800000190734863,8.350000381469727,7.199999809265137,8.350000381469727,7.898952484130859,9692,0.0,0.0
2012-09-26,7.900000095367432,8.350000381469727,7.75,8.0,7.567858219146728,4320,0.0,0.0
2012-09-27,8.199999809265137,8.5,8.0,8.300000190734863,7.8516526222229,4474,0.0,0.0
2012-09-28,8.300000190734863,8.449999809265137,7.75,7.800000190734863,7.378661632537842,18638,0.0,0.0
2012-10-01,8.399999618530273,8.399999618530273,8.0,8.0,7.567858219146728,3004,0.0,0.0
2012-10-03,8.100000381469727,8.199999809265137,8.0,8.0,7.567858219146728,1900,0.0,0.0
2012-10-04,8.0,8.5,8.0,8.199999809265137,7.757053375244141,13667,0.0,0.0
2012-10-05,8.5,8.5,7.800000190734863,8.0,7.567858219146728,51261,0.0,0.0
2012-10-08,7.900000095367432,8.199999809265137,7.75,7.900000095367432,7.473259449005127,42874,0.0,0.0
2012-10-09,7.900000095367432,8.449999809265137,7.900000095367432,8.350000381469727,7.898952484130859,14955,0.0,0.0
2012-10-10,8.100000381469727,8.300000190734863,7.949999809265137,8.199999809265137,7.757053375244141,2868,0.0,0.0
2012-10-11,8.149999618530273,8.75,7.849999904632568,8.199999809265137,7.757053375244141,20708,0.0,0.0
2012-10-12,8.300000190734863,8.350000381469727,8.0,8.050000190734863,7.615156650543213,2681,0.0,0.0
2012-10-15,8.100000381469727,8.350000381469727,8.100000381469727,8.100000381469727,7.662456035614014,3655,0.0,0.0
2012-10-16,8.100000381469727,8.350000381469727,8.100000381469727,8.100000381469727,7.662456035614014,7941,0.0,0.0
2012-10-17,8.0,8.350000381469727,7.949999809265137,8.050000190734863,7.615156650543213,4161,0.0,0.0
2012-10-18,8.0,8.350000381469727,8.0,8.25,7.804353713989258,15579,0.0,0.0
2012-10-19,8.949999809265137,8.949999809265137,8.399999618530273,8.399999618530273,7.946249961853027,5250,0.0,0.0
2012-10-22,8.100000381469727,8.399999618530273,8.0,8.149999618530273,7.70975399017334,18417,0.0,0.0
2012-10-23,8.350000381469727,8.5,8.199999809265137,8.350000381469727,7.898952484130859,4843,0.0,0.0
2012-10-25,8.0,8.399999618530273,7.650000095367432,8.199999809265137,7.757053375244141,9134,0.0,0.0
2012-10-29,8.600000381469727,8.600000381469727,8.100000381469727,8.25,7.804353713989258,3428,0.0,0.0
2012-10-30,8.25,8.399999618530273,7.900000095367432,8.0,7.567858219146728,7481,0.0,0.0
2012-10-31,8.100000381469727,8.149999618530273,7.5,8.100000381469727,7.662456035614014,9967,0.0,0.0
2012-11-01,8.100000381469727,8.199999809265137,7.849999904632568,8.199999809265137,7.757053375244141,15146,0.0,0.0
2012-11-02,8.0,8.199999809265137,8.0,8.050000190734863,7.615156650543213,2036,0.0,0.0
2012-11-05,8.0,8.199999809265137,8.0,8.100000381469727,7.662456035614014,1029,0.0,0.0
2012-11-06,8.0,8.199999809265137,7.900000095367432,8.0,7.567858219146728,3507,0.0,0.0
2012-11-07,8.0,8.399999618530273,7.900000095367432,8.050000190734863,7.615156650543213,5126,0.0,0.0
2012-11-08,8.0,8.399999618530273,7.699999809265137,8.199999809265137,7.757053375244141,3974,0.0,0.0
2012-11-09,8.199999809265137,8.25,8.0,8.149999618530273,7.70975399017334,1260,0.0,0.0
2012-11-12,8.0,8.25,7.949999809265137,8.0,7.567858219146728,9415,0.0,0.0
2012-11-15,8.100000381469727,8.199999809265137,7.949999809265137,8.100000381469727,7.662456035614014,10878,0.0,0.0
2012-11-16,8.149999618530273,8.199999809265137,8.100000381469727,8.149999618530273,7.70975399017334,4990,0.0,0.0
2012-11-19,7.800000190734863,8.149999618530273,7.599999904632568,8.050000190734863,7.615156650543213,7100,0.0,0.0
2012-11-20,8.100000381469727,8.399999618530273,7.75,7.900000095367432,7.473259449005127,17320,0.0,0.0
2012-11-21,8.0,8.199999809265137,7.949999809265137,8.050000190734863,7.615156650543213,2950,0.0,0.0
2012-11-22,8.100000381469727,8.100000381469727,8.050000190734863,8.050000190734863,7.615156650543213,208,0.0,0.0
2012-11-23,8.25,8.25,8.0,8.050000190734863,7.615156650543213,5303,0.0,0.0
2012-11-26,8.100000381469727,8.149999618530273,7.900000095367432,8.050000190734863,7.615156650543213,8996,0.0,0.0
2012-11-27,8.300000190734863,8.300000190734863,8.0,8.100000381469727,7.662456035614014,9647,0.0,0.0
2012-11-29,8.5,8.5,8.350000381469727,8.350000381469727,7.898952484130859,7477,0.0,0.0
2012-11-30,8.199999809265137,8.399999618530273,8.0,8.149999618530273,7.70975399017334,5600,0.0,0.0
2012-12-03,8.5,8.5,8.0,8.149999618530273,7.70975399017334,20901,0.0,0.0
2012-12-04,8.199999809265137,8.300000190734863,8.100000381469727,8.199999809265137,7.757053375244141,1434,0.0,0.0
2012-12-05,8.399999618530273,8.649999618530273,8.100000381469727,8.300000190734863,7.8516526222229,14476,0.0,0.0
2012-12-06,8.25,9.899999618530272,8.25,9.399999618530272,8.892231941223145,46606,0.0,0.0
2012-12-07,8.100000381469727,9.399999618530272,8.100000381469727,9.050000190734863,8.561138153076172,16648,0.0,0.0
2012-12-10,9.050000190734863,9.350000381469728,8.550000190734863,9.050000190734863,8.561138153076172,2559,0.0,0.0
2012-12-11,8.949999809265137,9.050000190734863,8.600000381469727,8.75,8.27734375,27768,0.0,0.0
2012-12-12,8.649999618530273,9.0,8.050000190734863,8.350000381469727,7.898952484130859,9943,0.0,0.0
2012-12-13,8.800000190734863,8.800000190734863,8.149999618530273,8.350000381469727,7.898952484130859,4589,0.0,0.0
2012-12-14,8.300000190734863,8.449999809265137,8.100000381469727,8.449999809265137,7.993548393249512,8468,0.0,0.0
2012-12-17,8.100000381469727,8.25,8.050000190734863,8.25,7.804353713989258,2902,0.0,0.0
2012-12-18,8.949999809265137,9.0,8.25,8.300000190734863,7.8516526222229,4201,0.0,0.0
2012-12-19,8.300000190734863,8.949999809265137,8.199999809265137,8.699999809265137,8.230045318603516,6857,0.0,0.0
2012-12-20,8.5,8.949999809265137,8.5,8.75,8.27734375,3667,0.0,0.0
2012-12-21,8.550000190734863,8.850000381469727,8.300000190734863,8.399999618530273,7.946249961853027,5059,0.0,0.0
2012-12-24,8.699999809265137,8.699999809265137,8.100000381469727,8.399999618530273,7.946249961853027,7050,0.0,0.0
2012-12-26,8.5,8.5,7.900000095367432,8.050000190734863,7.615156650543213,37156,0.0,0.0
2012-12-27,9.0,9.0,8.100000381469727,8.199999809265137,7.757053375244141,7561,0.0,0.0
2012-12-28,8.449999809265137,8.449999809265137,8.100000381469727,8.100000381469727,7.662456035614014,10912,0.0,0.0
2012-12-31,8.600000381469727,8.600000381469727,8.050000190734863,8.100000381469727,7.662456035614014,17082,0.0,0.0
2013-01-01,8.100000381469727,8.350000381469727,8.0,8.300000190734863,7.8516526222229,14713,0.0,0.0
2013-01-02,8.100000381469727,8.899999618530273,8.100000381469727,8.800000190734863,8.324644088745117,7355,0.0,0.0
2013-01-03,8.600000381469727,9.699999809265137,8.399999618530273,9.149999618530272,8.655736923217773,33134,0.0,0.0
2013-01-04,9.300000190734863,9.300000190734863,8.699999809265137,8.75,8.27734375,5267,0.0,0.0
2013-01-07,8.5,9.600000381469728,8.5,9.449999809265137,8.939531326293945,9350,0.0,0.0
2013-01-08,9.5,10.0,9.300000190734863,9.399999618530272,8.892231941223145,18650,0.0,0.0
2013-01-09,9.100000381469728,9.699999809265137,9.100000381469728,9.350000381469728,8.84493350982666,8268,0.0,0.0
2013-01-10,9.75,9.75,8.899999618530273,9.300000190734863,8.797635078430176,3992,0.0,0.0
2013-01-11,9.0,9.649999618530272,8.550000190734863,8.850000381469727,8.371942520141602,5719,0.0,0.0
2013-01-14,8.949999809265137,9.449999809265137,8.399999618530273,9.050000190734863,8.561138153076172,6721,0.0,0.0
2013-01-15,8.949999809265137,9.25,8.550000190734863,8.949999809265137,8.466540336608887,1913,0.0,0.0
2013-01-16,9.5,9.5,8.699999809265137,8.800000190734863,8.324644088745117,2242,0.0,0.0
2013-01-17,8.800000190734863,9.0,8.649999618530273,8.699999809265137,8.230045318603516,4585,0.0,0.0
2013-01-18,8.649999618530273,9.0,8.550000190734863,8.75,8.27734375,9668,0.0,0.0
2013-01-21,8.649999618530273,8.649999618530273,8.5,8.600000381469727,8.13544750213623,1784,0.0,0.0
2013-01-22,8.399999618530273,8.800000190734863,8.350000381469727,8.449999809265137,7.993548393249512,1591,0.0,0.0
2013-01-23,8.850000381469727,8.850000381469727,8.399999618530273,8.399999618530273,7.946249961853027,10882,0.0,0.0
2013-01-24,8.25,8.600000381469727,8.25,8.300000190734863,7.8516526222229,4085,0.0,0.0
2013-01-25,8.149999618530273,8.649999618530273,8.100000381469727,8.25,7.804353713989258,3326,0.0,0.0
2013-01-28,8.699999809265137,8.699999809265137,8.199999809265137,8.300000190734863,7.8516526222229,1113,0.0,0.0
2013-01-29,8.5,8.5,8.199999809265137,8.199999809265137,7.757053375244141,2653,0.0,0.0
2013-01-30,8.300000190734863,8.5,8.25,8.300000190734863,7.8516526222229,12388,0.0,0.0
2013-01-31,8.25,8.449999809265137,8.100000381469727,8.149999618530273,7.70975399017334,11780,0.0,0.0
2013-02-01,8.899999618530273,8.899999618530273,8.050000190734863,8.100000381469727,7.662456035614014,13352,0.0,0.0
2013-02-04,8.0,8.100000381469727,7.699999809265137,7.900000095367432,7.473259449005127,21753,0.0,0.0
2013-02-05,7.800000190734863,8.149999618530273,7.699999809265137,7.849999904632568,7.425960540771484,5368,0.0,0.0
2013-02-06,7.800000190734863,8.149999618530273,7.75,7.849999904632568,7.425960540771484,4301,0.0,0.0
2013-02-07,8.300000190734863,8.300000190734863,7.650000095367432,7.699999809265137,7.284063339233398,3316,0.0,0.0
2013-02-08,7.650000095367432,7.900000095367432,6.650000095367432,7.699999809265137,7.284063339233398,7838,0.0,0.0
2013-02-11,7.599999904632568,8.199999809265137,7.449999809265137,7.599999904632568,7.189464569091797,4742,0.0,0.0
2013-02-12,7.449999809265137,7.949999809265137,7.349999904632568,7.699999809265137,7.284063339233398,2390,0.0,0.0
2013-02-13,7.5,8.5,7.5,7.599999904632568,7.189464569091797,340,0.0,0.0
2013-02-14,7.5,7.550000190734863,6.650000095367432,7.150000095367432,6.763772964477539,9652,0.0,0.0
2013-02-15,7.0,7.300000190734863,6.650000095367432,7.0,6.621875286102295,12986,0.0,0.0
2013-02-18,7.0,7.349999904632568,6.800000190734863,7.050000190734863,6.669174671173096,10611,0.0,0.0
2013-02-19,6.900000095367432,7.449999809265137,6.75,7.099999904632568,6.7164740562438965,4526,0.0,0.0
2013-02-20,6.900000095367432,7.349999904632568,6.800000190734863,7.0,6.621875286102295,3395,0.0,0.0
2013-02-21,7.5,7.5,6.900000095367432,7.0,6.621875286102295,8374,0.0,0.0
2013-02-22,7.949999809265137,7.949999809265137,7.0,7.349999904632568,6.952969074249268,1514,0.0,0.0
2013-02-25,7.0,7.900000095367432,6.900000095367432,7.150000095367432,6.763772964477539,1757,0.0,0.0
2013-02-26,7.349999904632568,7.349999904632568,6.800000190734863,6.849999904632568,6.479978561401367,5603,0.0,0.0
2013-02-27,6.699999809265137,6.949999809265137,6.650000095367432,6.949999809265137,6.574576377868652,656,0.0,0.0
2013-02-28,6.75,7.050000190734863,6.75,6.849999904632568,6.479978561401367,4734,0.0,0.0
2013-03-01,6.75,7.400000095367432,6.5,6.849999904632568,6.479978561401367,5618,0.0,0.0
2013-03-04,7.050000190734863,7.25,6.75,6.75,6.385379791259766,2073,0.0,0.0
2013-03-05,7.849999904632568,7.849999904632568,6.75,6.949999809265137,6.574576377868652,8190,0.0,0.0
2013-03-06,6.949999809265137,7.300000190734863,6.849999904632568,7.0,6.621875286102295,5582,0.0,0.0
2013-03-07,6.800000190734863,7.0,6.800000190734863,7.0,6.621875286102295,4222,0.0,0.0
2013-03-08,7.0,7.25,6.949999809265137,6.949999809265137,6.574576377868652,2870,0.0,0.0
2013-03-11,6.800000190734863,7.050000190734863,6.099999904632568,6.900000095367432,6.52727746963501,7115,0.0,0.0
2013-03-12,6.849999904632568,7.150000095367432,6.849999904632568,7.099999904632568,6.7164740562438965,7025,0.0,0.0
2013-03-13,7.199999809265137,7.449999809265137,6.849999904632568,6.949999809265137,6.574576377868652,19995,0.0,0.0
2013-03-14,6.900000095367432,7.5,6.900000095367432,7.400000095367432,7.000268459320068,14722,0.0,0.0
2013-03-15,7.0,7.699999809265137,6.550000190734863,7.400000095367432,7.000268459320068,10524,0.0,0.0
2013-03-18,7.0,7.5,6.900000095367432,7.25,6.858370780944824,1733,0.0,0.0
2013-03-19,7.0,7.550000190734863,6.849999904632568,7.5,7.094866752624512,22612,0.0,0.0
2013-03-20,7.5,7.650000095367432,7.25,7.5,7.094866752624512,37181,0.0,0.0
2013-03-21,7.099999904632568,7.5,7.099999904632568,7.25,6.858370780944824,4622,0.0,0.0
2013-03-22,6.949999809265137,7.050000190734863,6.949999809265137,7.050000190734863,6.669174671173096,4570,0.0,0.0
2013-03-25,7.0,7.449999809265137,6.300000190734863,7.199999809265137,6.811071872711182,38179,0.0,0.0
2013-03-26,6.900000095367432,7.199999809265137,6.849999904632568,7.050000190734863,6.669174671173096,1924,0.0,0.0
2013-03-28,7.199999809265137,7.599999904632568,7.0,7.599999904632568,7.189464569091797,7912,0.0,0.0
2013-04-01,7.449999809265137,7.599999904632568,7.050000190734863,7.550000190734863,7.142165660858154,7530,0.0,0.0
2013-04-02,7.199999809265137,7.199999809265137,7.050000190734863,7.050000190734863,6.669174671173096,2718,0.0,0.0
2013-04-03,7.849999904632568,7.849999904632568,7.5,7.550000190734863,7.142165660858154,425,0.0,0.0
2013-04-04,7.800000190734863,7.800000190734863,6.900000095367432,7.0,6.621875286102295,2278,0.0,0.0
2013-04-05,7.5,7.550000190734863,7.0,7.449999809265137,7.047566890716553,2217,0.0,0.0
2013-04-08,7.050000190734863,7.550000190734863,7.050000190734863,7.550000190734863,7.142165660858154,1146,0.0,0.0
2013-04-09,7.300000190734863,7.300000190734863,6.800000190734863,6.949999809265137,6.574576377868652,3891,0.0,0.0
2013-04-10,7.199999809265137,7.199999809265137,6.800000190734863,6.800000190734863,6.432679176330566,1641,0.0,0.0
2013-04-11,6.650000095367432,7.150000095367432,6.449999809265137,6.699999809265137,6.338080406188965,742,0.0,0.0
2013-04-12,7.0,7.25,7.0,7.0,6.621875286102295,103,0.0,0.0
2013-04-15,6.900000095367432,7.150000095367432,6.199999809265137,6.75,6.385379791259766,4969,0.0,0.0
2013-04-16,6.800000190734863,7.099999904632568,6.800000190734863,6.900000095367432,6.52727746963501,1002,0.0,0.0
2013-04-17,6.5,7.349999904632568,6.5,6.599999904632568,6.2434821128845215,4440,0.0,0.0
2013-04-18,6.5,6.800000190734863,6.400000095367432,6.650000095367432,6.2907819747924805,1960,0.0,0.0
2013-04-22,6.400000095367432,7.5,5.800000190734863,6.800000190734863,6.432679176330566,6323,0.0,0.0
2013-04-23,6.800000190734863,7.099999904632568,6.599999904632568,7.099999904632568,6.7164740562438965,1541,0.0,0.0
2013-04-25,6.75,7.199999809265137,6.400000095367432,7.0,6.621875286102295,1150,0.0,0.0
2013-04-26,6.800000190734863,7.099999904632568,6.550000190734863,6.550000190734863,6.196183681488037,4800,0.0,0.0
2013-04-29,6.5,7.449999809265137,6.5,7.0,6.621875286102295,3196,0.0,0.0
2013-04-30,7.349999904632568,7.349999904632568,6.699999809265137,6.800000190734863,6.432679176330566,763,0.0,0.0
2013-05-02,6.699999809265137,7.25,6.599999904632568,6.800000190734863,6.432679176330566,4462,0.0,0.0
2013-05-03,6.300000190734863,6.849999904632568,6.300000190734863,6.699999809265137,6.338080406188965,3618,0.0,0.0
2013-05-06,7.0,7.0,6.650000095367432,6.75,6.385379791259766,872,0.0,0.0
2013-05-07,6.5,7.099999904632568,6.449999809265137,6.699999809265137,6.338080406188965,3800,0.0,0.0
2013-05-08,6.5,6.949999809265137,6.5,6.949999809265137,6.574576377868652,1244,0.0,0.0
2013-05-09,6.75,7.25,6.75,6.849999904632568,6.479978561401367,2503,0.0,0.0
2013-05-10,6.900000095367432,6.900000095367432,6.849999904632568,6.849999904632568,6.479978561401367,3175,0.0,0.0
2013-05-13,6.849999904632568,6.949999809265137,6.849999904632568,6.849999904632568,6.479978561401367,3062,0.0,0.0
2013-05-14,6.849999904632568,7.25,6.849999904632568,7.150000095367432,6.763772964477539,2964,0.0,0.0
2013-05-15,7.25,7.25,6.5,6.650000095367432,6.2907819747924805,4273,0.0,0.0
2013-05-16,6.699999809265137,6.849999904632568,6.050000190734863,6.449999809265137,6.101585388183594,3319,0.0,0.0
2013-05-17,6.800000190734863,7.0,6.5,6.849999904632568,6.479978561401367,1101,0.0,0.0
2013-05-20,6.849999904632568,6.949999809265137,6.349999904632568,6.699999809265137,6.338080406188965,3902,0.0,0.0
2013-05-21,6.150000095367432,6.849999904632568,6.150000095367432,6.449999809265137,6.101585388183594,1512,0.0,0.0
2013-05-22,6.300000190734863,6.949999809265137,5.800000190734863,6.650000095367432,6.2907819747924805,11442,0.0,0.0
2013-05-23,6.5,6.900000095367432,6.449999809265137,6.5,6.1488847732543945,1799,0.0,0.0
2013-05-24,6.300000190734863,6.800000190734863,6.099999904632568,6.699999809265137,6.338080406188965,1344,0.0,0.0
2013-05-27,6.449999809265137,6.5,6.150000095367432,6.349999904632568,6.006986618041992,2886,0.0,0.0
2013-05-28,6.150000095367432,7.0,6.150000095367432,6.550000190734863,6.196183681488037,7823,0.0,0.0
2013-05-29,6.900000095367432,6.900000095367432,6.400000095367432,6.550000190734863,6.196183681488037,3851,0.0,0.0
2013-05-30,6.400000095367432,7.0,6.25,6.699999809265137,6.338080406188965,5213,0.0,0.0
2013-05-31,6.650000095367432,6.900000095367432,6.199999809265137,6.699999809265137,6.338080406188965,5009,0.0,0.0
2013-06-03,6.449999809265137,6.699999809265137,6.300000190734863,6.349999904632568,6.006986618041992,363,0.0,0.0
2013-06-04,6.199999809265137,6.900000095367432,6.199999809265137,6.5,6.1488847732543945,3505,0.0,0.0
2013-06-05,6.199999809265137,6.900000095367432,6.199999809265137,6.599999904632568,6.2434821128845215,2630,0.0,0.0
2013-06-06,6.5,6.550000190734863,6.449999809265137,6.5,6.1488847732543945,1136,0.0,0.0
2013-06-07,6.349999904632568,6.449999809265137,6.150000095367432,6.25,5.912389278411865,4182,0.0,0.0
2013-06-10,6.150000095367432,6.300000190734863,5.949999809265137,6.25,5.912389278411865,4172,0.0,0.0
2013-06-11,6.099999904632568,6.75,5.849999904632568,5.849999904632568,5.533996105194092,27938,0.0,0.0
2013-06-12,5.900000095367432,6.400000095367432,5.849999904632568,6.199999809265137,5.8650898933410645,31046,0.0,0.0
2013-06-13,6.25,6.449999809265137,5.900000095367432,5.949999809265137,5.628593444824219,17212,0.0,0.0
2013-06-14,5.900000095367432,6.150000095367432,5.800000190734863,6.099999904632568,5.770491600036621,28852,0.0,0.0
2013-06-17,6.300000190734863,6.300000190734863,5.800000190734863,5.949999809265137,5.628593444824219,4582,0.0,0.0
2013-06-18,6.349999904632568,6.349999904632568,5.949999809265137,5.949999809265137,5.628593444824219,5016,0.0,0.0
2013-06-19,6.300000190734863,6.300000190734863,5.75,5.900000095367432,5.581295490264893,2527,0.0,0.0
2013-06-20,5.900000095367432,6.0,5.75,5.800000190734863,5.486697196960449,3900,0.0,0.0
2013-06-21,5.949999809265137,6.0,5.650000095367432,5.650000095367432,5.344799041748047,6691,0.0,0.0
2013-06-24,5.5,5.699999809265137,5.300000190734863,5.699999809265137,5.3920979499816895,121,0.0,0.0
2013-06-25,5.5,6.300000190734863,5.099999904632568,5.449999809265137,5.155603408813477,8906,0.0,0.0
2013-06-26,5.300000190734863,6.0,5.150000095367432,5.900000095367432,5.581295490264893,3698,0.0,0.0
2013-06-27,5.699999809265137,6.0,5.25,5.650000095367432,5.344799041748047,1278,0.0,0.0
2013-06-28,5.449999809265137,6.099999904632568,5.25,5.949999809265137,5.628593444824219,1322,0.0,0.0
2013-07-01,5.75,6.099999904632568,5.400000095367432,5.949999809265137,5.628593444824219,2081,0.0,0.0
2013-07-02,5.800000190734863,6.0,5.599999904632568,5.650000095367432,5.344799041748047,1307,0.0,0.0
2013-07-03,5.5,5.900000095367432,5.5,5.699999809265137,5.3920979499816895,556,0.0,0.0
2013-07-04,5.800000190734863,6.0,5.650000095367432,5.650000095367432,5.344799041748047,2363,0.0,0.0
2013-07-05,5.699999809265137,6.050000190734863,5.699999809265137,5.699999809265137,5.3920979499816895,1941,0.0,0.0
2013-07-08,6.150000095367432,6.150000095367432,5.5,5.599999904632568,5.2975006103515625,4318,0.0,0.0
2013-07-09,5.599999904632568,6.099999904632568,5.599999904632568,5.800000190734863,5.486697196960449,2713,0.0,0.0
2013-07-10,5.699999809265137,6.150000095367432,5.599999904632568,5.949999809265137,5.628593444824219,3834,0.0,0.0
2013-07-11,5.75,6.099999904632568,5.75,5.949999809265137,5.628593444824219,1714,0.0,0.0
2013-07-12,5.699999809265137,5.75,5.699999809265137,5.75,5.439397811889648,357,0.0,0.0
2013-07-15,5.650000095367432,6.400000095367432,5.650000095367432,6.150000095367432,5.817790985107422,4139,0.0,0.0
2013-07-16,6.150000095367432,6.150000095367432,5.900000095367432,5.949999809265137,5.628593444824219,513,0.0,0.0
2013-07-17,5.800000190734863,6.099999904632568,5.800000190734863,5.900000095367432,5.581295490264893,257,0.0,0.0
2013-07-18,5.800000190734863,6.150000095367432,5.650000095367432,5.949999809265137,5.628593444824219,1670,0.0,0.0
2013-07-19,5.949999809265137,5.949999809265137,5.650000095367432,5.699999809265137,5.3920979499816895,4192,0.0,0.0
2013-07-22,5.599999904632568,6.199999809265137,5.099999904632568,5.75,5.439397811889648,8792,0.0,0.0
2013-07-23,5.550000190734863,6.0,5.550000190734863,5.900000095367432,5.581295490264893,1731,0.0,0.0
2013-07-24,5.699999809265137,6.25,5.699999809265137,5.75,5.439397811889648,2301,0.0,0.0
2013-07-25,6.199999809265137,6.25,5.800000190734863,5.800000190734863,5.486697196960449,1202,0.0,0.0
2013-07-26,5.75,6.150000095367432,5.75,5.849999904632568,5.533996105194092,5185,0.0,0.0
2013-07-29,5.75,6.050000190734863,5.199999809265137,5.550000190734863,5.250201225280762,3642,0.0,0.0
2013-07-30,5.449999809265137,6.150000095367432,5.25,5.599999904632568,5.2975006103515625,4262,0.0,0.0
2013-07-31,5.449999809265137,6.0,5.050000190734863,5.650000095367432,5.344799041748047,33567,0.0,0.0
2013-08-01,5.400000095367432,6.0,5.25,5.599999904632568,5.2975006103515625,13870,0.0,0.0
2013-08-02,5.699999809265137,5.949999809265137,5.199999809265137,5.300000190734863,5.013705730438232,1838,0.0,0.0
2013-08-05,5.050000190734863,5.699999809265137,5.050000190734863,5.449999809265137,5.155603408813477,4926,0.0,0.0
2013-08-06,5.199999809265137,5.699999809265137,4.650000095367432,5.349999904632568,5.061004638671875,8117,0.0,0.0
2013-08-07,5.5,5.550000190734863,4.849999904632568,5.25,4.96640682220459,4832,0.0,0.0
2013-08-08,5.699999809265137,5.699999809265137,5.150000095367432,5.300000190734863,5.013705730438232,506,0.0,0.0
2013-08-12,5.150000095367432,5.150000095367432,4.550000190734863,4.800000190734863,4.540714740753174,106255,0.0,0.0
2013-08-13,4.949999809265137,5.5,4.949999809265137,5.199999809265137,4.919107437133789,8713,0.0,0.0
2013-08-14,5.599999904632568,5.599999904632568,5.099999904632568,5.550000190734863,5.250201225280762,1564,0.0,0.0
2013-08-16,5.300000190734863,5.599999904632568,4.949999809265137,5.0,4.7299113273620605,5218,0.0,0.0
2013-08-19,4.75,5.5,4.5,5.300000190734863,5.013705730438232,6036,0.0,0.0
2013-08-20,5.0,5.5,4.949999809265137,5.199999809265137,4.919107437133789,2646,0.0,0.0
2013-08-21,5.900000095367432,5.900000095367432,5.099999904632568,5.300000190734863,5.013705730438232,4922,0.0,0.0
2013-08-22,5.050000190734863,5.949999809265137,5.050000190734863,5.800000190734863,5.486697196960449,4868,0.0,0.0
2013-08-23,5.599999904632568,5.75,5.5,5.5,5.202901840209961,1729,0.0,0.0
2013-08-26,5.400000095367432,5.849999904632568,5.150000095367432,5.300000190734863,5.013705730438232,6186,0.0,0.0
2013-08-27,5.0,5.650000095367432,5.0,5.449999809265137,5.155603408813477,884,0.0,0.0
2013-08-28,5.199999809265137,5.349999904632568,4.650000095367432,5.25,4.96640682220459,4306,0.0,0.0
2013-08-29,5.050000190734863,5.599999904632568,4.900000095367432,5.5,5.202901840209961,6123,0.0,0.0
2013-08-30,5.599999904632568,5.800000190734863,5.099999904632568,5.099999904632568,4.824509143829346,5598,0.0,0.0
2013-09-02,5.099999904632568,5.699999809265137,5.050000190734863,5.5,5.202901840209961,9675,0.0,0.0
2013-09-03,6.0,6.0,5.25,5.300000190734863,5.013705730438232,3680,0.0,0.0
2013-09-04,5.300000190734863,5.349999904632568,4.949999809265137,5.0,4.7299113273620605,5284,0.0,0.0
2013-09-05,5.400000095367432,5.699999809265137,5.099999904632568,5.25,4.96640682220459,8948,0.0,0.0
2013-09-06,5.25,5.599999904632568,5.0,5.25,4.96640682220459,59052,0.0,0.0
2013-09-10,5.300000190734863,5.800000190734863,5.199999809265137,5.5,5.202901840209961,20832,0.0,0.0
2013-09-11,5.349999904632568,5.449999809265137,5.150000095367432,5.449999809265137,5.155603408813477,32362,0.0,0.0
2013-09-12,5.5,5.599999904632568,5.25,5.5,5.202901840209961,14324,0.0,0.0
2013-09-13,5.5,5.5,5.25,5.25,4.96640682220459,69128,0.0,0.0
2013-09-16,5.300000190734863,5.550000190734863,5.099999904632568,5.25,4.96640682220459,14650,0.0,0.0
2013-09-17,5.099999904632568,5.550000190734863,5.099999904632568,5.300000190734863,5.013705730438232,28354,0.0,0.0
2013-09-18,5.449999809265137,5.699999809265137,5.25,5.599999904632568,5.2975006103515625,9448,0.0,0.0
2013-09-19,5.449999809265137,5.599999904632568,5.349999904632568,5.349999904632568,5.061004638671875,2175,0.0,0.0
2013-09-20,5.300000190734863,5.800000190734863,5.25,5.75,5.439397811889648,11885,0.0,0.0
2013-09-23,6.150000095367432,6.900000095367432,5.5,5.849999904632568,5.533996105194092,1434,0.0,0.0
2013-09-24,5.75,5.900000095367432,5.550000190734863,5.650000095367432,5.344799041748047,672,0.0,0.0
2013-09-25,6.150000095367432,6.150000095367432,5.349999904632568,5.400000095367432,5.108304500579834,336,0.0,0.0
2013-09-26,5.400000095367432,6.0,5.300000190734863,5.75,5.439397811889648,12227,0.0,0.0
2013-09-27,5.599999904632568,5.949999809265137,5.599999904632568,5.849999904632568,5.533996105194092,932,0.0,0.0
2013-09-30,5.849999904632568,5.949999809265137,5.599999904632568,5.949999809265137,5.628593444824219,3055,0.0,0.0
2013-10-01,6.099999904632568,6.800000190734863,5.650000095367432,6.150000095367432,5.817790985107422,4337,0.0,0.0
2013-10-03,5.800000190734863,6.550000190734863,5.650000095367432,6.5,6.1488847732543945,3878,0.0,0.0
2013-10-04,6.300000190734863,7.800000190734863,6.099999904632568,7.300000190734863,6.905670166015625,19490,0.0,0.0
2013-10-07,7.0,7.949999809265137,6.650000095367432,7.349999904632568,6.952969074249268,18233,0.0,0.0
2013-10-08,7.0,7.0,6.650000095367432,6.650000095367432,6.2907819747924805,12512,0.0,0.0
2013-10-09,6.650000095367432,6.650000095367432,6.199999809265137,6.400000095367432,6.054285526275635,1477,0.0,0.0
2013-10-10,6.0,6.599999904632568,5.900000095367432,5.949999809265137,5.628593444824219,3787,0.0,0.0
2013-10-11,6.199999809265137,6.199999809265137,5.699999809265137,6.150000095367432,5.817790985107422,1084,0.0,0.0
2013-10-14,5.849999904632568,6.300000190734863,5.849999904632568,6.0,5.67589282989502,4527,0.0,0.0
2013-10-15,5.699999809265137,5.699999809265137,5.699999809265137,5.699999809265137,5.3920979499816895,895,0.0,0.0
2013-10-17,5.699999809265137,5.949999809265137,5.699999809265137,5.75,5.439397811889648,325,0.0,0.0
2013-10-18,5.699999809265137,5.699999809265137,5.699999809265137,5.699999809265137,5.3920979499816895,350,0.0,0.0
2013-10-21,5.5,5.949999809265137,5.5,5.949999809265137,5.628593444824219,2441,0.0,0.0
2013-10-22,5.699999809265137,6.199999809265137,5.699999809265137,6.199999809265137,5.8650898933410645,8726,0.0,0.0
2013-10-23,6.050000190734863,6.449999809265137,6.050000190734863,6.25,5.912389278411865,10161,0.0,0.0
2013-10-24,6.0,6.050000190734863,6.0,6.0,5.67589282989502,1615,0.0,0.0
2013-10-25,5.949999809265137,6.0,5.949999809265137,6.0,5.67589282989502,707,0.0,0.0
2013-10-28,5.699999809265137,5.849999904632568,5.699999809265137,5.800000190734863,5.486697196960449,485,0.0,0.0
2013-10-29,5.75,6.0,5.550000190734863,5.550000190734863,5.250201225280762,2900,0.0,0.0
2013-10-30,5.550000190734863,5.800000190734863,5.550000190734863,5.800000190734863,5.486697196960449,1320,0.0,0.0
2013-10-31,5.599999904632568,6.050000190734863,5.550000190734863,6.050000190734863,5.7231926918029785,505,0.0,0.0
2013-11-01,5.75,5.800000190734863,5.75,5.75,5.439397811889648,1220,0.0,0.0
2013-11-05,5.900000095367432,6.0,5.800000190734863,5.800000190734863,5.486697196960449,3284,0.0,0.0
2013-11-06,5.949999809265137,6.0,5.800000190734863,6.0,5.67589282989502,2440,0.0,0.0
2013-11-07,6.25,6.300000190734863,5.800000190734863,5.949999809265137,5.628593444824219,3212,0.0,0.0
2013-11-08,5.849999904632568,6.199999809265137,5.800000190734863,5.900000095367432,5.581295490264893,3402,0.0,0.0
2013-11-11,6.150000095367432,6.150000095367432,5.800000190734863,6.099999904632568,5.770491600036621,1883,0.0,0.0
2013-11-12,6.099999904632568,6.400000095367432,5.900000095367432,6.300000190734863,5.959688186645508,6914,0.0,0.0
2013-11-13,6.300000190734863,6.349999904632568,6.0,6.0,5.67589282989502,1325,0.0,0.0
2013-11-14,5.900000095367432,6.199999809265137,5.900000095367432,6.199999809265137,5.8650898933410645,1259,0.0,0.0
2013-11-18,6.099999904632568,6.5,6.0,6.099999904632568,5.770491600036621,10068,0.0,0.0
2013-11-19,6.300000190734863,6.300000190734863,6.25,6.25,5.912389278411865,724,0.0,0.0
2013-11-20,5.949999809265137,6.550000190734863,5.949999809265137,6.400000095367432,6.054285526275635,9192,0.0,0.0
2013-11-21,6.449999809265137,6.699999809265137,6.400000095367432,6.599999904632568,6.2434821128845215,46526,0.0,0.0
2013-11-22,6.849999904632568,6.900000095367432,6.599999904632568,6.849999904632568,6.479978561401367,10903,0.0,0.0
2013-11-25,7.099999904632568,7.099999904632568,6.900000095367432,6.900000095367432,6.52727746963501,7004,0.0,0.0
2013-11-26,6.800000190734863,7.199999809265137,6.800000190734863,7.099999904632568,6.7164740562438965,18003,0.0,0.0
2013-11-27,7.449999809265137,7.449999809265137,7.25,7.25,6.858370780944824,29572,0.0,0.0
2013-11-28,7.0,7.5,7.0,7.5,7.094866752624512,3264,0.0,0.0
2013-11-29,7.199999809265137,7.400000095367432,7.150000095367432,7.349999904632568,6.952969074249268,8711,0.0,0.0
2013-12-02,7.150000095367432,7.349999904632568,7.0,7.199999809265137,6.811071872711182,12993,0.0,0.0
2013-12-03,6.849999904632568,7.349999904632568,6.849999904632568,7.25,6.858370780944824,4821,0.0,0.0
2013-12-04,7.0,7.349999904632568,7.0,7.199999809265137,6.811071872711182,1450,0.0,0.0
2013-12-05,7.150000095367432,7.400000095367432,7.050000190734863,7.300000190734863,6.905670166015625,18766,0.0,0.0
2013-12-06,7.0,7.400000095367432,7.0,7.150000095367432,6.763772964477539,2072,0.0,0.0
2013-12-09,7.400000095367432,7.5,7.400000095367432,7.5,7.094866752624512,3755,0.0,0.0
2013-12-10,7.75,7.849999904632568,7.550000190734863,7.650000095367432,7.236763954162598,19545,0.0,0.0
2013-12-11,7.949999809265137,8.0,7.449999809265137,7.949999809265137,7.520558834075928,28348,0.0,0.0
2013-12-12,7.949999809265137,8.100000381469727,7.849999904632568,7.900000095367432,7.473259449005127,5692,0.0,0.0
2013-12-13,8.199999809265137,8.199999809265137,7.849999904632568,8.0,7.567858219146728,2267,0.0,0.0
2013-12-16,8.25,8.25,8.0,8.199999809265137,7.757053375244141,5900,0.0,0.0
2013-12-17,8.550000190734863,8.550000190734863,7.800000190734863,8.149999618530273,7.70975399017334,17861,0.0,0.0
2013-12-18,8.199999809265137,8.350000381469727,7.800000190734863,8.100000381469727,7.662456035614014,14541,0.0,0.0
2013-12-19,8.199999809265137,8.25,8.0,8.0,7.567858219146728,9256,0.0,0.0
2013-12-20,8.300000190734863,8.399999618530273,7.800000190734863,8.100000381469727,7.662456035614014,172410,0.0,0.0
2013-12-23,8.100000381469727,8.300000190734863,7.949999809265137,7.949999809265137,7.520558834075928,2964,0.0,0.0
2013-12-24,8.300000190734863,8.300000190734863,7.599999904632568,7.800000190734863,7.378661632537842,44404,0.0,0.0
2013-12-26,8.149999618530273,8.149999618530273,7.650000095367432,7.650000095367432,7.236763954162598,4618,0.0,0.0
2013-12-27,7.949999809265137,8.0,7.550000190734863,7.699999809265137,7.284063339233398,17601,0.0,0.0
2013-12-30,7.400000095367432,7.900000095367432,7.400000095367432,7.900000095367432,7.473259449005127,3013,0.0,0.0
2013-12-31,7.900000095367432,7.949999809265137,7.75,7.949999809265137,7.520558834075928,2803,0.0,0.0
2014-01-01,7.949999809265137,8.100000381469727,7.699999809265137,8.0,7.567858219146728,4031,0.0,0.0
2014-01-02,8.199999809265137,8.199999809265137,7.800000190734863,8.100000381469727,7.662456035614014,1678,0.0,0.0
2014-01-03,7.949999809265137,8.0,7.800000190734863,7.900000095367432,7.473259449005127,5674,0.0,0.0
2014-01-06,8.0,8.0,7.800000190734863,7.949999809265137,7.520558834075928,74,0.0,0.0
2014-01-07,8.449999809265137,8.5,7.400000095367432,7.599999904632568,7.189464569091797,8244,0.0,0.0
2014-01-08,8.199999809265137,8.25,7.5,7.849999904632568,7.425960540771484,15791,0.0,0.0
2014-01-09,8.0,8.0,7.449999809265137,7.900000095367432,7.473259449005127,336,0.0,0.0
2014-01-10,7.449999809265137,8.0,7.400000095367432,7.849999904632568,7.425960540771484,2130,0.0,0.0
2014-01-13,7.650000095367432,8.050000190734863,7.25,7.400000095367432,7.000268459320068,13059,0.0,0.0
2014-01-14,7.5,7.5,7.0,7.400000095367432,7.000268459320068,1522,0.0,0.0
2014-01-15,7.699999809265137,7.949999809265137,7.25,7.300000190734863,6.905670166015625,6673,0.0,0.0
2014-01-16,7.25,7.300000190734863,7.099999904632568,7.25,6.858370780944824,4436,0.0,0.0
2014-01-17,7.050000190734863,7.400000095367432,6.900000095367432,6.949999809265137,6.574576377868652,12894,0.0,0.0
2014-01-20,6.800000190734863,7.150000095367432,6.800000190734863,6.800000190734863,6.432679176330566,737,0.0,0.0
2014-01-21,7.400000095367432,7.449999809265137,7.150000095367432,7.400000095367432,7.000268459320068,7192,0.0,0.0
2014-01-22,6.699999809265137,8.0,6.699999809265137,7.199999809265137,6.811071872711182,2313,0.0,0.0
2014-01-23,7.25,7.449999809265137,7.099999904632568,7.150000095367432,6.763772964477539,3049,0.0,0.0
2014-01-24,7.099999904632568,7.25,6.75,7.099999904632568,6.7164740562438965,15612,0.0,0.0
2014-01-27,6.699999809265137,7.050000190734863,6.699999809265137,7.0,6.621875286102295,1551,0.0,0.0
2014-01-28,6.75,6.800000190734863,6.300000190734863,6.300000190734863,5.959688186645508,31635,0.0,0.0
2014-01-29,5.75,6.650000095367432,5.75,6.199999809265137,5.8650898933410645,6588,0.0,0.0
2014-01-30,6.0,6.400000095367432,6.0,6.199999809265137,5.8650898933410645,2045,0.0,0.0
2014-01-31,5.849999904632568,6.699999809265137,5.800000190734863,6.099999904632568,5.770491600036621,2018,0.0,0.0
2014-02-03,5.900000095367432,6.650000095367432,5.900000095367432,6.400000095367432,6.054285526275635,9571,0.0,0.0
2014-02-04,6.900000095367432,6.900000095367432,6.150000095367432,6.550000190734863,6.196183681488037,10447,0.0,0.0
2014-02-05,5.949999809265137,6.75,5.949999809265137,6.5,6.1488847732543945,5667,0.0,0.0
2014-02-06,6.25,7.0,6.25,6.349999904632568,6.006986618041992,5769,0.0,0.0
2014-02-07,6.25,6.75,6.199999809265137,6.599999904632568,6.2434821128845215,6364,0.0,0.0
2014-02-10,6.300000190734863,6.75,6.150000095367432,6.699999809265137,6.338080406188965,4373,0.0,0.0
2014-02-11,6.949999809265137,7.0,6.199999809265137,6.849999904632568,6.479978561401367,14762,0.0,0.0
2014-02-12,6.650000095367432,6.949999809265137,6.599999904632568,6.949999809265137,6.574576377868652,2046,0.0,0.0
2014-02-13,7.150000095367432,7.199999809265137,6.449999809265137,6.900000095367432,6.52727746963501,6664,0.0,0.0
2014-02-14,6.400000095367432,6.800000190734863,6.300000190734863,6.75,6.385379791259766,784,0.0,0.0
2014-02-17,6.400000095367432,6.550000190734863,6.349999904632568,6.349999904632568,6.006986618041992,521,0.0,0.0
2014-02-18,6.300000190734863,6.800000190734863,6.300000190734863,6.650000095367432,6.2907819747924805,118,0.0,0.0
2014-02-19,6.300000190734863,7.199999809265137,6.300000190734863,6.800000190734863,6.432679176330566,618,0.0,0.0
2014-02-20,6.900000095367432,6.900000095367432,6.349999904632568,6.349999904632568,6.006986618041992,798,0.0,0.0
2014-02-21,6.849999904632568,6.949999809265137,6.300000190734863,6.599999904632568,6.2434821128845215,10702,0.0,0.0
2014-02-24,6.400000095367432,6.5,6.400000095367432,6.400000095367432,6.054285526275635,1553,0.0,0.0
2014-02-25,6.400000095367432,6.400000095367432,6.349999904632568,6.400000095367432,6.054285526275635,191,0.0,0.0
2014-02-26,6.449999809265137,6.800000190734863,6.449999809265137,6.449999809265137,6.101585388183594,3253,0.0,0.0
2014-02-28,6.75,6.75,6.349999904632568,6.599999904632568,6.2434821128845215,2756,0.0,0.0
2014-03-03,6.349999904632568,6.75,6.349999904632568,6.599999904632568,6.2434821128845215,1452,0.0,0.0
2014-03-04,6.25,6.900000095367432,6.25,6.75,6.385379791259766,3235,0.0,0.0
2014-03-05,6.5,7.099999904632568,6.5,6.650000095367432,6.2907819747924805,4339,0.0,0.0
2014-03-06,6.449999809265137,6.949999809265137,6.349999904632568,6.75,6.385379791259766,5236,0.0,0.0
2014-03-07,6.150000095367432,7.0,6.150000095367432,6.75,6.385379791259766,7361,0.0,0.0
2014-03-10,7.050000190734863,7.050000190734863,6.349999904632568,6.449999809265137,6.101585388183594,6043,0.0,0.0
2014-03-11,6.199999809265137,7.199999809265137,6.099999904632568,6.449999809265137,6.101585388183594,2060,0.0,0.0
2014-03-12,6.5,6.599999904632568,6.300000190734863,6.349999904632568,6.006986618041992,867,0.0,0.0
2014-03-13,6.199999809265137,6.349999904632568,6.199999809265137,6.349999904632568,6.006986618041992,1252,0.0,0.0
2014-03-14,6.25,6.650000095367432,6.25,6.650000095367432,6.2907819747924805,1172,0.0,0.0
2014-03-18,6.949999809265137,6.949999809265137,6.099999904632568,6.400000095367432,6.054285526275635,2216,0.0,0.0
2014-03-19,6.25,6.650000095367432,6.25,6.349999904632568,6.006986618041992,1184,0.0,0.0
2014-03-20,6.199999809265137,6.599999904632568,6.099999904632568,6.199999809265137,5.8650898933410645,450,0.0,0.0
2014-03-21,6.650000095367432,6.650000095367432,6.199999809265137,6.300000190734863,5.959688186645508,839,0.0,0.0
2014-03-24,6.150000095367432,6.449999809265137,6.150000095367432,6.25,5.912389278411865,6243,0.0,0.0
2014-03-25,6.449999809265137,7.0,6.199999809265137,6.199999809265137,5.8650898933410645,9296,0.0,0.0
2014-03-26,6.150000095367432,6.400000095367432,6.099999904632568,6.400000095367432,6.054285526275635,2406,0.0,0.0
2014-03-27,6.199999809265137,6.400000095367432,6.0,6.199999809265137,5.8650898933410645,2922,0.0,0.0
2014-03-28,6.150000095367432,6.199999809265137,6.099999904632568,6.150000095367432,5.817790985107422,6451,0.0,0.0
2014-03-31,6.199999809265137,6.199999809265137,6.099999904632568,6.099999904632568,5.770491600036621,6980,0.0,0.0
2014-04-01,6.050000190734863,6.300000190734863,5.900000095367432,6.050000190734863,5.7231926918029785,5583,0.0,0.0
2014-04-02,5.949999809265137,6.25,4.900000095367432,5.900000095367432,5.581295490264893,18514,0.0,0.0
2014-04-03,6.0,6.199999809265137,5.900000095367432,5.949999809265137,5.628593444824219,3747,0.0,0.0
2014-04-04,5.949999809265137,6.25,5.150000095367432,6.199999809265137,5.8650898933410645,6802,0.0,0.0
2014-04-07,6.650000095367432,6.650000095367432,5.349999904632568,6.0,5.67589282989502,30153,0.0,0.0
2014-04-09,5.949999809265137,6.5,5.900000095367432,6.0,5.67589282989502,3610,0.0,0.0
2014-04-10,6.300000190734863,6.550000190734863,5.449999809265137,6.400000095367432,6.054285526275635,6961,0.0,0.0
2014-04-11,6.25,6.25,5.550000190734863,6.099999904632568,5.770491600036621,25145,0.0,0.0
2014-04-15,6.400000095367432,6.400000095367432,6.050000190734863,6.099999904632568,5.770491600036621,3442,0.0,0.0
2014-04-16,6.0,6.25,6.0,6.050000190734863,5.7231926918029785,2163,0.0,0.0
2014-04-17,6.0,6.300000190734863,6.0,6.199999809265137,5.8650898933410645,4220,0.0,0.0
2014-04-21,6.0,6.400000095367432,5.349999904632568,6.300000190734863,5.959688186645508,13113,0.0,0.0
2014-04-22,6.449999809265137,6.550000190734863,6.199999809265137,6.5,6.1488847732543945,14524,0.0,0.0
2014-04-23,6.599999904632568,6.599999904632568,5.800000190734863,6.150000095367432,5.817790985107422,18703,0.0,0.0
2014-04-24,6.150000095367432,6.150000095367432,6.150000095367432,6.150000095367432,5.817790985107422,0,0.0,0.0
2014-04-25,6.0,6.300000190734863,5.650000095367432,6.050000190734863,5.7231926918029785,5400,0.0,0.0
2014-04-28,6.050000190734863,6.599999904632568,6.0,6.5,6.1488847732543945,2788,0.0,0.0
2014-04-29,6.400000095367432,6.599999904632568,6.050000190734863,6.599999904632568,6.2434821128845215,5565,0.0,0.0
2014-04-30,6.5,7.099999904632568,6.5,6.75,6.385379791259766,11756,0.0,0.0
2014-05-02,6.599999904632568,7.0,5.949999809265137,6.099999904632568,5.770491600036621,76482,0.0,0.0
2014-05-05,6.050000190734863,6.400000095367432,6.0,6.050000190734863,5.7231926918029785,45756,0.0,0.0
2014-05-06,6.050000190734863,6.349999904632568,5.550000190734863,6.050000190734863,5.7231926918029785,14992,0.0,0.0
2014-05-07,6.0,6.25,5.900000095367432,6.199999809265137,5.8650898933410645,3006,0.0,0.0
2014-05-08,6.050000190734863,6.099999904632568,5.849999904632568,6.099999904632568,5.770491600036621,23593,0.0,0.0
2014-05-09,6.150000095367432,6.150000095367432,5.75,5.949999809265137,5.628593444824219,24685,0.0,0.0
2014-05-12,6.150000095367432,6.199999809265137,5.699999809265137,5.800000190734863,5.486697196960449,18335,0.0,0.0
2014-05-13,5.800000190734863,6.0,5.599999904632568,5.900000095367432,5.581295490264893,32137,0.0,0.0
2014-05-14,5.800000190734863,5.849999904632568,5.550000190734863,5.75,5.439397811889648,29408,0.0,0.0
2014-05-15,5.849999904632568,6.199999809265137,5.550000190734863,6.0,5.67589282989502,41905,0.0,0.0
2014-05-16,5.800000190734863,6.0,5.550000190734863,5.900000095367432,5.581295490264893,1494,0.0,0.0
2014-05-19,5.800000190734863,6.900000095367432,5.75,6.650000095367432,6.2907819747924805,19558,0.0,0.0
2014-05-20,6.5,7.949999809265137,6.150000095367432,7.599999904632568,7.189464569091797,90037,0.0,0.0
2014-05-21,8.0,8.399999618530273,7.099999904632568,8.100000381469727,7.662456035614014,32256,0.0,0.0
2014-05-22,8.25,8.800000190734863,7.449999809265137,7.5,7.094866752624512,35623,0.0,0.0
2014-05-23,7.949999809265137,8.300000190734863,7.599999904632568,8.0,7.567858219146728,39578,0.0,0.0
2014-05-26,8.100000381469727,8.550000190734863,7.199999809265137,7.25,6.858370780944824,102177,0.0,0.0
2014-05-27,7.699999809265137,7.699999809265137,6.949999809265137,7.150000095367432,6.763772964477539,26819,0.0,0.0
2014-05-28,7.0,7.650000095367432,6.849999904632568,7.25,6.858370780944824,18465,0.0,0.0
2014-05-29,6.5,7.550000190734863,6.5,7.099999904632568,6.7164740562438965,32967,0.0,0.0
2014-05-30,6.949999809265137,7.25,6.699999809265137,7.050000190734863,6.669174671173096,2953,0.0,0.0
2014-06-02,7.0,7.0,7.0,7.0,6.621875286102295,6679,0.0,0.0
2014-06-03,7.300000190734863,7.5,6.900000095367432,7.400000095367432,7.000268459320068,11440,0.0,0.0
2014-06-04,7.199999809265137,8.300000190734863,6.900000095367432,7.25,6.858370780944824,129512,0.0,0.0
2014-06-05,7.5,7.949999809265137,7.349999904632568,7.900000095367432,7.473259449005127,25051,0.0,0.0
2014-06-06,7.550000190734863,8.350000381469727,7.550000190734863,8.149999618530273,7.70975399017334,60172,0.0,0.0
2014-06-09,8.25,8.699999809265137,8.050000190734863,8.5,8.040849685668945,47470,0.0,0.0
2014-06-10,8.5,8.800000190734863,7.699999809265137,8.5,8.040849685668945,17431,0.0,0.0
2014-06-11,8.399999618530273,10.199999809265137,8.300000190734863,10.050000190734863,9.507122039794922,138644,0.0,0.0
2014-06-12,10.300000190734863,12.050000190734863,10.300000190734863,12.050000190734863,11.39908504486084,153434,0.0,0.0
2014-06-13,12.899999618530272,13.050000190734863,10.850000381469728,11.600000381469728,10.973394393920898,230917,0.0,0.0
2014-06-16,11.399999618530272,11.399999618530272,10.649999618530272,10.850000381469728,10.263907432556152,24733,0.0,0.0
2014-06-17,10.600000381469728,11.149999618530272,10.0,10.899999618530272,10.311206817626951,16083,0.0,0.0
2014-06-18,10.800000190734863,11.0,9.899999618530272,10.100000381469728,9.554420471191406,52381,0.0,0.0
2014-06-19,9.899999618530272,10.449999809265137,9.550000190734863,9.649999618530272,9.128727912902832,24113,0.0,0.0
2014-06-20,9.199999809265137,9.350000381469728,9.199999809265137,9.199999809265137,8.703036308288574,29614,0.0,0.0
2014-06-23,8.899999618530273,9.600000381469728,8.75,9.149999618530272,8.655736923217773,7222,0.0,0.0
2014-06-24,9.0,9.600000381469728,8.800000190734863,9.600000381469728,9.081429481506348,13958,0.0,0.0
2014-06-25,9.600000381469728,10.050000190734863,9.600000381469728,10.0,9.45982265472412,10384,0.0,0.0
2014-06-26,10.0,10.5,9.699999809265137,9.800000190734863,9.270625114440918,8156,0.0,0.0
2014-06-27,9.800000190734863,10.199999809265137,9.399999618530272,9.449999809265137,8.939531326293945,10252,0.0,0.0
2014-06-30,9.300000190734863,9.899999618530272,9.300000190734863,9.899999618530272,9.36522388458252,10596,0.0,0.0
2014-07-01,10.300000190734863,10.350000381469728,10.050000190734863,10.350000381469728,9.790916442871094,28616,0.0,0.0
2014-07-02,10.0,10.449999809265137,9.949999809265137,10.100000381469728,9.554420471191406,11970,0.0,0.0
2014-07-03,10.0,10.600000381469728,9.699999809265137,10.149999618530272,9.60171890258789,20483,0.0,0.0
2014-07-04,10.0,10.25,9.649999618530272,9.699999809265137,9.176027297973633,7990,0.0,0.0
2014-07-07,9.600000381469728,10.100000381469728,9.600000381469728,9.75,9.223326683044434,4174,0.0,0.0
2014-07-08,10.199999809265137,10.199999809265137,9.300000190734863,9.350000381469728,8.84493350982666,12076,0.0,0.0
2014-07-09,9.699999809265137,9.75,8.899999618530273,8.899999618530273,8.419240951538086,15257,0.0,0.0
2014-07-10,8.5,9.300000190734863,8.5,9.25,8.750336647033691,6513,0.0,0.0
2014-07-11,9.25,9.300000190734863,8.850000381469727,8.850000381469727,8.371942520141602,2900,0.0,0.0
2014-07-14,8.5,8.75,8.5,8.699999809265137,8.230045318603516,636,0.0,0.0
2014-07-15,8.649999618530273,9.100000381469728,8.449999809265137,8.75,8.27734375,6752,0.0,0.0
2014-07-16,9.100000381469728,9.149999618530272,8.699999809265137,9.0,8.513839721679688,5614,0.0,0.0
2014-07-17,9.0,9.449999809265137,9.0,9.449999809265137,8.939531326293945,4673,0.0,0.0
2014-07-18,9.899999618530272,9.899999618530272,9.5,9.800000190734863,9.270625114440918,8256,0.0,0.0
2014-07-21,9.350000381469728,10.25,9.350000381469728,9.699999809265137,9.176027297973633,14447,0.0,0.0
2014-07-22,10.149999618530272,10.149999618530272,9.5,10.0,9.45982265472412,10782,0.0,0.0
2014-07-23,10.25,10.449999809265137,9.600000381469728,9.649999618530272,9.128727912902832,14741,0.0,0.0
2014-07-24,9.649999618530272,9.850000381469728,9.5,9.800000190734863,9.270625114440918,7028,0.0,0.0
2014-07-25,9.800000190734863,9.800000190734863,9.350000381469728,9.399999618530272,8.892231941223145,5084,0.0,0.0
2014-07-28,9.199999809265137,9.199999809265137,9.0,9.100000381469728,8.608439445495605,18416,0.0,0.0
2014-07-30,8.899999618530273,9.399999618530272,8.899999618530273,9.050000190734863,8.561138153076172,3177,0.0,0.0
2014-07-31,8.75,9.0,8.75,8.75,8.27734375,1420,0.0,0.0
2014-08-01,8.5,9.100000381469728,8.5,8.5,8.040849685668945,2820,0.0,0.0
2014-08-04,8.25,8.399999618530273,8.149999618530273,8.25,7.804353713989258,11983,0.0,0.0
2014-08-05,8.649999618530273,8.649999618530273,8.199999809265137,8.300000190734863,7.8516526222229,2155,0.0,0.0
2014-08-06,8.649999618530273,9.100000381469728,8.199999809265137,8.899999618530273,8.419240951538086,6283,0.0,0.0
2014-08-07,8.25,9.0,8.25,8.649999618530273,8.182746887207031,2864,0.0,0.0
2014-08-08,9.5,9.5,8.149999618530273,9.149999618530272,8.655736923217773,10773,0.0,0.0
2014-08-11,9.5,9.949999809265137,9.199999809265137,9.600000381469728,9.081429481506348,15751,0.0,0.0
2014-08-12,9.399999618530272,10.0,9.300000190734863,9.649999618530272,9.128727912902832,6155,0.0,0.0
2014-08-13,9.199999809265137,9.899999618530272,8.800000190734863,8.949999809265137,8.466540336608887,19304,0.0,0.0
2014-08-14,8.399999618530273,9.300000190734863,8.25,9.199999809265137,8.703036308288574,21858,0.0,0.0
2014-08-18,8.899999618530273,9.5,8.449999809265137,9.100000381469728,8.608439445495605,2800,0.0,0.0
2014-08-19,8.899999618530273,9.5,8.699999809265137,9.300000190734863,8.797635078430176,2707,0.0,0.0
2014-08-20,9.699999809265137,9.699999809265137,8.600000381469727,9.149999618530272,8.655736923217773,8022,0.0,0.0
2014-08-21,8.600000381469727,9.899999618530272,8.600000381469727,8.949999809265137,8.466540336608887,12838,0.0,0.0
2014-08-22,9.449999809265137,9.449999809265137,8.850000381469727,9.149999618530272,8.655736923217773,10798,0.0,0.0
2014-08-25,8.850000381469727,9.199999809265137,8.850000381469727,9.0,8.513839721679688,2138,0.0,0.0
2014-08-26,9.0,9.0,8.699999809265137,8.75,8.27734375,2718,0.0,0.0
2014-08-27,8.75,8.899999618530273,8.600000381469727,8.899999618530273,8.419240951538086,5709,0.0,0.0
2014-08-28,8.75,9.0,8.399999618530273,8.600000381469727,8.13544750213623,8415,0.0,0.0
2014-09-01,8.0,8.949999809265137,8.0,8.550000190734863,8.08814811706543,12817,0.0,0.0
2014-09-02,8.5,8.800000190734863,8.25,8.699999809265137,8.230045318603516,7601,0.0,0.0
2014-09-03,8.449999809265137,8.550000190734863,8.449999809265137,8.449999809265137,7.993548393249512,1965,0.0,0.0
2014-09-04,8.25,8.600000381469727,8.0,8.199999809265137,7.757053375244141,12127,0.0,0.0
2014-09-05,7.949999809265137,8.949999809265137,7.949999809265137,8.449999809265137,7.993548393249512,3545,0.0,0.0
2014-09-08,8.100000381469727,9.949999809265137,8.0,9.399999618530272,8.892231941223145,13262,0.0,0.0
2014-09-09,9.550000190734863,10.550000190734863,8.600000381469727,9.399999618530272,8.892231941223145,28691,0.0,0.0
2014-09-10,10.0,10.0,8.699999809265137,9.199999809265137,8.703036308288574,11089,0.0,0.0
2014-09-11,9.350000381469728,10.0,9.149999618530272,9.949999809265137,9.41252326965332,27904,0.0,0.0
2014-09-12,10.600000381469728,10.600000381469728,9.600000381469728,9.949999809265137,9.41252326965332,27385,0.0,0.0
2014-09-15,10.149999618530272,10.199999809265137,9.800000190734863,10.149999618530272,9.60171890258789,10216,0.0,0.0
2014-09-16,10.050000190734863,10.199999809265137,9.0,9.199999809265137,8.703036308288574,15789,0.0,0.0
2014-09-17,10.149999618530272,10.199999809265137,8.600000381469727,9.100000381469728,8.608439445495605,8173,0.0,0.0
2014-09-18,9.0,9.899999618530272,8.550000190734863,9.350000381469728,8.84493350982666,12452,0.0,0.0
2014-09-19,10.699999809265137,10.699999809265137,9.0,9.5,8.986830711364746,29309,0.0,0.0
2014-09-22,9.0,9.649999618530272,9.0,9.550000190734863,9.034131050109863,1578,0.0,0.0
2014-09-23,9.899999618530272,9.899999618530272,9.100000381469728,9.300000190734863,8.797635078430176,15097,0.0,0.0
2014-09-24,9.100000381469728,9.550000190734863,9.100000381469728,9.550000190734863,9.034131050109863,11706,0.0,0.0
2014-09-25,9.300000190734863,9.399999618530272,8.800000190734863,9.050000190734863,8.561138153076172,8186,0.0,0.0
2014-09-26,9.0,9.800000190734863,8.5,9.449999809265137,8.939531326293945,10095,0.0,0.0
2014-09-29,9.449999809265137,10.100000381469728,9.100000381469728,9.949999809265137,9.41252326965332,11635,0.0,0.0
2014-09-30,9.800000190734863,10.199999809265137,9.399999618530272,9.899999618530272,9.36522388458252,11014,0.0,0.0
2014-10-01,9.899999618530272,10.199999809265137,9.449999809265137,10.0,9.45982265472412,11322,0.0,0.0
2014-10-07,9.899999618530272,10.149999618530272,9.199999809265137,9.350000381469728,8.84493350982666,14490,0.0,0.0
2014-10-08,9.850000381469728,9.850000381469728,9.0,9.199999809265137,8.703036308288574,5523,0.0,0.0
2014-10-09,9.199999809265137,9.600000381469728,9.199999809265137,9.5,8.986830711364746,1701,0.0,0.0
2014-10-10,9.300000190734863,9.75,9.300000190734863,9.5,8.986830711364746,2553,0.0,0.0
2014-10-13,9.199999809265137,9.600000381469728,9.100000381469728,9.199999809265137,8.703036308288574,2481,0.0,0.0
2014-10-14,9.050000190734863,9.5,9.0,9.5,8.986830711364746,6522,0.0,0.0
2014-10-15,9.5,9.5,9.5,9.5,8.986830711364746,0,0.0,0.0
2014-10-16,9.5,9.600000381469728,9.149999618530272,9.149999618530272,8.655736923217773,3595,0.0,0.0
2014-10-17,9.149999618530272,9.25,9.050000190734863,9.199999809265137,8.703036308288574,6405,0.0,0.0
2014-10-20,9.0,9.399999618530272,8.550000190734863,8.949999809265137,8.466540336608887,8868,0.0,0.0
2014-10-21,9.0,9.350000381469728,8.300000190734863,8.899999618530273,8.419240951538086,2406,0.0,0.0
2014-10-22,8.850000381469727,9.300000190734863,8.75,8.949999809265137,8.466540336608887,5207,0.0,0.0
2014-10-27,8.75,9.350000381469728,8.75,9.199999809265137,8.703036308288574,3410,0.0,0.0
2014-10-28,8.899999618530273,9.25,8.899999618530273,9.050000190734863,8.561138153076172,12876,0.0,0.0
2014-10-29,9.0,10.0,9.0,9.899999618530272,9.36522388458252,22538,0.0,0.0
2014-10-30,10.0,10.199999809265137,9.300000190734863,9.800000190734863,9.270625114440918,11355,0.0,0.0
2014-10-31,9.699999809265137,10.399999618530272,9.600000381469728,9.600000381469728,9.081429481506348,10244,0.0,0.0
2014-11-03,9.199999809265137,9.899999618530272,9.199999809265137,9.649999618530272,9.128727912902832,2647,0.0,0.0
2014-11-05,9.649999618530272,10.199999809265137,9.600000381469728,9.75,9.223326683044434,4480,0.0,0.0
2014-11-07,10.0,10.0,9.699999809265137,10.0,9.45982265472412,416,0.0,0.0
2014-11-10,9.800000190734863,9.949999809265137,9.5,9.600000381469728,9.081429481506348,1088,0.0,0.0
2014-11-11,9.600000381469728,10.0,9.25,9.699999809265137,9.176027297973633,8354,0.0,0.0
2014-11-12,9.600000381469728,10.0,9.199999809265137,9.899999618530272,9.36522388458252,5376,0.0,0.0
2014-11-13,9.800000190734863,9.899999618530272,9.300000190734863,9.5,8.986830711364746,4760,0.0,0.0
2014-11-14,9.5,9.75,9.5,9.699999809265137,9.176027297973633,360,0.0,0.0
2014-11-17,9.449999809265137,9.649999618530272,8.899999618530273,9.449999809265137,8.939531326293945,9526,0.0,0.0
2014-11-18,9.649999618530272,9.75,8.949999809265137,9.050000190734863,8.561138153076172,28328,0.0,0.0
2014-11-19,9.0,9.149999618530272,8.75,9.0,8.513839721679688,5539,0.0,0.0
2014-11-20,8.899999618530273,9.149999618530272,8.899999618530273,8.949999809265137,8.466540336608887,3974,0.0,0.0
2014-11-21,8.899999618530273,10.699999809265137,8.800000190734863,10.699999809265137,10.12200927734375,46415,0.0,0.0
2014-11-24,11.5,12.399999618530272,10.850000381469728,11.449999809265137,10.831496238708496,95650,0.0,0.0
2014-11-25,11.800000190734863,12.0,10.5,10.800000190734863,10.216609001159668,28640,0.0,0.0
2014-11-26,11.5,11.600000381469728,10.149999618530272,11.350000381469728,10.736898422241213,18885,0.0,0.0
2014-11-27,11.5,11.899999618530272,10.699999809265137,11.75,11.115291595458984,27622,0.0,0.0
2014-11-28,11.449999809265137,12.0,10.850000381469728,10.949999809265137,10.358505249023438,23089,0.0,0.0
2014-12-01,11.949999809265137,11.949999809265137,11.0,11.199999809265137,10.595001220703123,25849,0.0,0.0
2014-12-02,11.899999618530272,11.899999618530272,11.0,11.0,10.405803680419922,17830,0.0,0.0
2014-12-03,11.399999618530272,11.399999618530272,10.550000190734863,10.899999618530272,10.311206817626951,10346,0.0,0.0
2014-12-04,10.899999618530272,11.0,10.649999618530272,10.800000190734863,10.216609001159668,6348,0.0,0.0
2014-12-05,10.800000190734863,10.800000190734863,10.800000190734863,10.800000190734863,10.216609001159668,0,0.0,0.0
2014-12-08,11.449999809265137,12.600000381469728,10.399999618530272,10.600000381469728,10.027411460876465,11254,0.0,0.0
2014-12-09,10.550000190734863,11.149999618530272,10.399999618530272,11.100000381469728,10.500402450561523,31650,0.0,0.0
2014-12-10,11.5,11.75,11.0,11.350000381469728,10.736898422241213,61246,0.0,0.0
2014-12-11,12.350000381469728,12.350000381469728,11.0,11.300000190734863,10.689598083496094,16662,0.0,0.0
2014-12-12,11.5,11.5,10.899999618530272,10.949999809265137,10.358505249023438,8689,0.0,0.0
2014-12-15,10.800000190734863,11.25,10.449999809265137,10.75,10.169309616088867,20313,0.0,0.0
2014-12-16,10.300000190734863,12.399999618530272,10.300000190734863,10.550000190734863,9.980112075805664,49505,0.0,0.0
2014-12-17,10.399999618530272,11.25,9.649999618530272,9.899999618530272,9.36522388458252,18267,0.0,0.0
2014-12-18,10.949999809265137,11.0,10.350000381469728,10.449999809265137,9.88551425933838,7036,0.0,0.0
2014-12-19,10.399999618530272,11.5,10.399999618530272,11.0,10.405803680419922,18544,0.0,0.0
2014-12-22,11.0,11.0,10.149999618530272,10.699999809265137,10.12200927734375,9145,0.0,0.0
2014-12-23,10.550000190734863,11.0,10.149999618530272,10.600000381469728,10.027411460876465,4414,0.0,0.0
2014-12-24,10.899999618530272,10.899999618530272,9.899999618530272,10.100000381469728,9.554420471191406,26388,0.0,0.0
2014-12-26,10.100000381469728,10.5,10.0,10.350000381469728,9.790916442871094,3480,0.0,0.0
2014-12-29,11.649999618530272,11.649999618530272,10.350000381469728,10.899999618530272,10.311206817626951,18502,0.0,0.0
2014-12-30,10.75,11.149999618530272,10.449999809265137,11.0,10.405803680419922,23508,0.0,0.0
2014-12-31,11.199999809265137,11.350000381469728,10.350000381469728,11.0,10.405803680419922,8018,0.0,0.0
2015-01-01,10.800000190734863,11.100000381469728,10.550000190734863,10.800000190734863,10.216609001159668,3155,0.0,0.0
2015-01-02,10.25,11.75,10.25,11.5,10.878795623779297,50068,0.0,0.0
2015-01-05,11.5,12.199999809265137,11.5,12.100000381469728,11.446385383605955,43620,0.0,0.0
2015-01-06,11.899999618530272,12.0,10.800000190734863,11.25,10.64229965209961,17776,0.0,0.0
2015-01-07,11.5,11.5,10.5,10.899999618530272,10.311206817626951,4963,0.0,0.0
2015-01-08,11.449999809265137,11.449999809265137,10.800000190734863,11.100000381469728,10.500402450561523,13344,0.0,0.0
2015-01-09,10.850000381469728,11.399999618530272,10.850000381469728,11.0,10.405803680419922,2834,0.0,0.0
2015-01-12,10.850000381469728,11.199999809265137,10.800000190734863,11.0,10.405803680419922,3989,0.0,0.0
2015-01-13,10.800000190734863,11.600000381469728,10.300000190734863,11.0,10.405803680419922,4280,0.0,0.0
2015-01-14,11.5,11.5,10.899999618530272,11.25,10.64229965209961,8288,0.0,0.0
2015-01-15,12.0,12.0,11.050000190734863,11.149999618530272,10.547700881958008,16427,0.0,0.0
2015-01-16,11.0,11.300000190734863,11.0,11.100000381469728,10.500402450561523,4304,0.0,0.0
2015-01-19,11.100000381469728,11.300000190734863,10.899999618530272,10.949999809265137,10.358505249023438,3439,0.0,0.0
2015-01-20,11.600000381469728,11.600000381469728,10.75,10.850000381469728,10.263907432556152,9462,0.0,0.0
2015-01-21,10.850000381469728,11.100000381469728,10.550000190734863,10.649999618530272,10.074708938598633,10195,0.0,0.0
2015-01-22,10.600000381469728,11.0,10.600000381469728,10.899999618530272,10.311206817626951,2783,0.0,0.0
2015-01-23,11.199999809265137,11.399999618530272,10.800000190734863,11.0,10.405803680419922,52748,0.0,0.0
2015-01-27,11.149999618530272,11.300000190734863,10.899999618530272,11.100000381469728,10.500402450561523,12235,0.0,0.0
2015-01-28,10.800000190734863,11.449999809265137,10.649999618530272,10.899999618530272,10.311206817626951,5358,0.0,0.0
2015-01-29,10.850000381469728,10.899999618530272,10.649999618530272,10.899999618530272,10.311206817626951,3555,0.0,0.0
2015-01-30,10.800000190734863,11.850000381469728,10.350000381469728,11.550000190734863,10.926095008850098,36856,0.0,0.0
2015-02-02,11.550000190734863,11.550000190734863,10.800000190734863,11.100000381469728,10.500402450561523,5070,0.0,0.0
2015-02-03,10.899999618530272,11.699999809265137,10.800000190734863,11.25,10.64229965209961,7783,0.0,0.0
2015-02-04,10.899999618530272,11.949999809265137,10.5,11.75,11.115291595458984,20440,0.0,0.0
2015-02-05,11.899999618530272,11.899999618530272,11.050000190734863,11.100000381469728,10.500402450561523,14778,0.0,0.0
2015-02-06,11.899999618530272,11.899999618530272,10.350000381469728,11.050000190734863,10.45310401916504,8414,0.0,0.0
2015-02-09,10.899999618530272,11.850000381469728,10.850000381469728,10.949999809265137,10.358505249023438,4523,0.0,0.0
2015-02-10,11.850000381469728,11.850000381469728,10.699999809265137,11.199999809265137,10.595001220703123,11220,0.0,0.0
2015-02-11,11.100000381469728,11.100000381469728,11.100000381469728,11.100000381469728,10.500402450561523,300,0.0,0.0
2015-02-12,10.899999618530272,11.199999809265137,10.600000381469728,10.899999618530272,10.311206817626951,7700,0.0,0.0
2015-02-13,10.949999809265137,11.0,10.5,10.800000190734863,10.216609001159668,15180,0.0,0.0
2015-02-16,10.75,10.75,10.350000381469728,10.5,9.93281364440918,9604,0.0,0.0
2015-02-18,10.149999618530272,10.899999618530272,10.149999618530272,10.800000190734863,10.216609001159668,11739,0.0,0.0
2015-02-19,10.699999809265137,10.800000190734863,10.449999809265137,10.5,9.93281364440918,7419,0.0,0.0
2015-02-20,10.699999809265137,10.75,10.25,10.699999809265137,10.12200927734375,7106,0.0,0.0
2015-02-23,10.600000381469728,10.899999618530272,10.5,10.600000381469728,10.027411460876465,7052,0.0,0.0
2015-02-24,10.5,12.100000381469728,10.5,11.75,11.115291595458984,39812,0.0,0.0
2015-02-25,12.25,12.25,11.050000190734863,11.300000190734863,10.689598083496094,22661,0.0,0.0
2015-02-26,11.050000190734863,11.300000190734863,11.050000190734863,11.149999618530272,10.547700881958008,2522,0.0,0.0
2015-02-27,11.0,12.5,10.600000381469728,12.149999618530272,11.493682861328123,42167,0.0,0.0
2015-03-02,13.600000381469728,13.800000190734863,12.0,12.300000190734863,11.635581970214844,78319,0.0,0.0
2015-03-03,12.0,13.050000190734863,11.75,12.949999809265137,12.250470161437988,41899,0.0,0.0
2015-03-04,13.25,14.5,13.0,13.300000190734863,12.58156394958496,114026,0.0,0.0
2015-03-05,13.350000381469728,13.949999809265137,12.949999809265137,13.649999618530272,12.912656784057615,20804,0.0,0.0
2015-03-09,13.899999618530272,14.899999618530272,13.050000190734863,14.649999618530272,13.85863971710205,118148,0.0,0.0
2015-03-10,15.5,16.149999618530273,14.899999618530272,15.699999809265137,14.851921081542969,142028,0.0,0.0
2015-03-11,16.200000762939453,18.5,15.699999809265137,16.649999618530273,15.750602722167969,520584,0.0,0.0
2015-03-12,16.799999237060547,17.100000381469727,15.949999809265137,16.149999618530273,15.277613639831545,131627,0.0,0.0
2015-03-13,16.100000381469727,17.850000381469727,16.0,16.549999237060547,15.656003952026367,193929,0.0,0.0
2015-03-16,15.399999618530272,17.700000762939453,15.399999618530272,16.299999237060547,15.41950798034668,81026,0.0,0.0
2015-03-17,16.850000381469727,17.0,15.699999809265137,16.0,15.135716438293455,51235,0.0,0.0
2015-03-18,16.100000381469727,16.399999618530273,14.699999809265137,15.5,14.662724494934082,61313,0.0,0.0
2015-03-19,15.300000190734863,15.899999618530272,14.5,14.550000190734863,13.764041900634766,32537,0.0,0.0
2015-03-20,14.550000190734863,14.899999618530272,13.149999618530272,14.100000381469728,13.338349342346191,40825,0.0,0.0
2015-03-23,14.5,14.5,12.800000190734863,13.550000190734863,12.818058013916016,38555,0.0,0.0
2015-03-24,13.300000190734863,13.949999809265137,13.0,13.25,12.534263610839844,27955,0.0,0.0
2015-03-25,13.649999618530272,13.649999618530272,12.600000381469728,12.600000381469728,11.919376373291016,32211,0.0,0.0
2015-03-26,12.600000381469728,12.800000190734863,12.0,12.0,11.35178565979004,25076,0.0,0.0
2015-03-27,11.600000381469728,12.0,11.399999618530272,11.449999809265137,10.831496238708496,18520,0.0,0.0
2015-03-30,11.199999809265137,12.0,11.0,12.0,11.35178565979004,25955,0.0,0.0
2015-03-31,12.0,12.600000381469728,11.75,12.550000190734863,11.872076988220217,17530,0.0,0.0
2015-04-01,12.5,13.149999618530272,12.300000190734863,13.149999618530272,12.43966579437256,28713,0.0,0.0
2015-04-06,13.25,13.800000190734863,12.899999618530272,13.550000190734863,12.818058013916016,27256,0.0,0.0
2015-04-07,13.25,14.100000381469728,13.0,13.350000381469728,12.628863334655762,22937,0.0,0.0
2015-04-08,13.100000381469728,13.550000190734863,13.050000190734863,13.149999618530272,12.43966579437256,27790,0.0,0.0
2015-04-09,13.199999809265137,13.800000190734863,13.100000381469728,13.800000190734863,13.05455493927002,23596,0.0,0.0
2015-04-10,14.449999809265137,14.449999809265137,13.899999618530272,14.0,13.24375057220459,60094,0.0,0.0
2015-04-13,13.600000381469728,14.300000190734863,13.350000381469728,13.899999618530272,13.149152755737305,39453,0.0,0.0
2015-04-15,14.0,14.199999809265137,13.399999618530272,13.550000190734863,12.818058013916016,19744,0.0,0.0
2015-04-16,13.550000190734863,13.649999618530272,13.25,13.5,12.770759582519531,8299,0.0,0.0
2015-04-17,13.5,13.75,13.300000190734863,13.300000190734863,12.58156394958496,9823,0.0,0.0
2015-04-20,13.399999618530272,13.399999618530272,12.800000190734863,12.949999809265137,12.250470161437988,10397,0.0,0.0
2015-04-21,12.649999618530272,13.350000381469728,12.649999618530272,12.850000381469728,12.155872344970703,9117,0.0,0.0
2015-04-22,12.75,13.350000381469728,12.699999809265137,12.850000381469728,12.155872344970703,8617,0.0,0.0
2015-04-23,12.949999809265137,13.0,12.5,12.699999809265137,12.013973236083984,14962,0.0,0.0
2015-04-24,12.649999618530272,12.949999809265137,12.649999618530272,12.75,12.061272621154783,4729,0.0,0.0
2015-04-27,12.5,12.649999618530272,12.149999618530272,12.300000190734863,11.635581970214844,18893,0.0,0.0
2015-04-28,12.100000381469728,12.449999809265137,11.75,12.350000381469728,11.682880401611328,7815,0.0,0.0
2015-04-29,12.0,12.300000190734863,11.850000381469728,12.050000190734863,11.39908504486084,3352,0.0,0.0
2015-04-30,12.600000381469728,12.600000381469728,12.0,12.25,11.588282585144045,7651,0.0,0.0
2015-05-04,12.0,13.0,11.850000381469728,12.899999618530272,12.203170776367188,9154,0.0,0.0
2015-05-05,12.899999618530272,12.899999618530272,12.100000381469728,12.5,11.82477855682373,5738,0.0,0.0
2015-05-06,12.899999618530272,13.699999809265137,12.149999618530272,12.25,11.588282585144045,45317,0.0,0.0
2015-05-07,12.0,12.699999809265137,12.0,12.449999809265137,11.77747917175293,25318,0.0,0.0
2015-05-08,12.100000381469728,13.0,12.100000381469728,12.699999809265137,12.013973236083984,3545,0.0,0.0
2015-05-11,12.399999618530272,12.75,12.199999809265137,12.649999618530272,11.966673851013184,4121,0.0,0.0
2015-05-12,12.550000190734863,12.800000190734863,11.949999809265137,12.100000381469728,11.446385383605955,5824,0.0,0.0
2015-05-13,12.100000381469728,12.300000190734863,11.75,12.100000381469728,11.446385383605955,2509,0.0,0.0
2015-05-14,12.100000381469728,12.449999809265137,12.100000381469728,12.149999618530272,11.493682861328123,2116,0.0,0.0
2015-05-15,12.699999809265137,12.949999809265137,12.050000190734863,12.699999809265137,12.013973236083984,11416,0.0,0.0
2015-05-18,12.5,12.800000190734863,12.100000381469728,12.199999809265137,11.540983200073242,13029,0.0,0.0
2015-05-19,12.199999809265137,12.949999809265137,12.199999809265137,12.5,11.82477855682373,3812,0.0,0.0
2015-05-20,12.5,12.800000190734863,12.149999618530272,12.300000190734863,11.635581970214844,5736,0.0,0.0
2015-05-21,12.199999809265137,12.399999618530272,12.149999618530272,12.199999809265137,11.540983200073242,1211,0.0,0.0
2015-05-22,12.149999618530272,12.699999809265137,12.149999618530272,12.199999809265137,11.540983200073242,2423,0.0,0.0
2015-05-25,12.199999809265137,12.399999618530272,12.100000381469728,12.25,11.588282585144045,4016,0.0,0.0
2015-05-26,12.199999809265137,12.399999618530272,12.149999618530272,12.149999618530272,11.493682861328123,5960,0.0,0.0
2015-05-27,12.149999618530272,12.149999618530272,11.600000381469728,11.800000190734863,11.162590980529783,2392,0.0,0.0
2015-05-28,11.75,12.199999809265137,11.75,11.800000190734863,11.162590980529783,4694,0.0,0.0
2015-05-29,11.850000381469728,12.5,11.75,11.800000190734863,11.162590980529783,7876,0.0,0.0
2015-06-01,10.649999618530272,12.449999809265137,10.649999618530272,10.800000190734863,10.216609001159668,23591,0.0,0.0
2015-06-02,11.75,11.75,10.899999618530272,11.25,10.64229965209961,14551,0.0,0.0
2015-06-03,11.5,11.949999809265137,10.199999809265137,10.800000190734863,10.216609001159668,14011,0.0,0.0
2015-06-04,10.5,10.800000190734863,9.800000190734863,10.300000190734863,9.743617057800291,17333,0.0,0.0
2015-06-05,10.0,10.850000381469728,10.0,10.350000381469728,9.790916442871094,12096,0.0,0.0
2015-06-08,10.0,10.800000190734863,10.0,10.050000190734863,9.507122039794922,10761,0.0,0.0
2015-06-09,10.0,10.5,10.0,10.25,9.696316719055176,3442,0.0,0.0
2015-06-10,10.25,10.75,10.100000381469728,10.449999809265137,9.88551425933838,4254,0.0,0.0
2015-06-11,10.850000381469728,12.399999618530272,10.850000381469728,11.449999809265137,10.831496238708496,25977,0.0,0.0
2015-06-12,12.75,12.75,10.699999809265137,11.0,10.405803680419922,12218,0.0,0.0
2015-06-15,11.100000381469728,11.600000381469728,11.100000381469728,11.350000381469728,10.736898422241213,2577,0.0,0.0
2015-06-16,11.5,11.949999809265137,11.399999618530272,11.850000381469728,11.20988941192627,4021,0.0,0.0
2015-06-17,11.899999618530272,12.0,11.399999618530272,11.949999809265137,11.304486274719238,2716,0.0,0.0
2015-06-18,11.899999618530272,12.399999618530272,11.75,12.199999809265137,11.540983200073242,6566,0.0,0.0
2015-06-19,12.0,13.050000190734863,12.0,12.649999618530272,11.966673851013184,7672,0.0,0.0
2015-06-22,12.699999809265137,13.149999618530272,12.699999809265137,12.850000381469728,12.155872344970703,8127,0.0,0.0
2015-06-23,12.800000190734863,12.800000190734863,11.399999618530272,11.850000381469728,11.20988941192627,8942,0.0,0.0
2015-06-24,11.850000381469728,12.300000190734863,11.850000381469728,12.0,11.35178565979004,1716,0.0,0.0
2015-06-25,11.699999809265137,12.0,11.399999618530272,11.899999618530272,11.257186889648438,2357,0.0,0.0
2015-06-26,11.699999809265137,11.949999809265137,11.100000381469728,11.5,10.878795623779297,9250,0.0,0.0
2015-06-29,11.399999618530272,11.5,10.699999809265137,11.100000381469728,10.500402450561523,5258,0.0,0.0
2015-06-30,11.5,11.75,11.0,11.149999618530272,10.547700881958008,15700,0.0,0.0
2015-07-01,11.5,11.5,11.199999809265137,11.449999809265137,10.831496238708496,780,0.0,0.0
2015-07-02,11.399999618530272,11.5,11.050000190734863,11.300000190734863,10.689598083496094,27563,0.0,0.0
2015-07-03,11.300000190734863,11.699999809265137,11.050000190734863,11.050000190734863,10.45310401916504,5882,0.0,0.0
2015-07-06,10.899999618530272,12.75,10.899999618530272,12.550000190734863,11.872076988220217,32003,0.0,0.0
2015-07-07,12.75,13.199999809265137,12.550000190734863,12.850000381469728,12.155872344970703,18741,0.0,0.0
2015-07-08,12.800000190734863,12.899999618530272,11.399999618530272,11.699999809265137,11.067992210388184,28003,0.0,0.0
2015-07-09,11.699999809265137,12.850000381469728,11.699999809265137,12.699999809265137,12.013973236083984,8594,0.0,0.0
2015-07-10,13.199999809265137,13.300000190734863,12.199999809265137,12.550000190734863,11.872076988220217,15979,0.0,0.0
2015-07-13,14.25,14.25,12.350000381469728,12.850000381469728,12.155872344970703,12599,0.0,0.0
2015-07-14,12.949999809265137,12.949999809265137,12.550000190734863,12.75,12.061272621154783,6393,0.0,0.0
2015-07-15,12.949999809265137,13.350000381469728,12.600000381469728,13.050000190734863,12.34506893157959,20341,0.0,0.0
2015-07-16,13.199999809265137,13.199999809265137,12.5,12.850000381469728,12.155872344970703,40955,0.0,0.0
2015-07-17,12.850000381469728,12.850000381469728,12.25,12.449999809265137,11.77747917175293,10748,0.0,0.0
2015-07-20,12.600000381469728,12.600000381469728,11.600000381469728,12.0,11.35178565979004,19070,0.0,0.0
2015-07-21,11.899999618530272,12.449999809265137,11.25,11.550000190734863,10.926095008850098,15869,0.0,0.0
2015-07-22,11.399999618530272,12.800000190734863,11.199999809265137,11.899999618530272,11.257186889648438,4570,0.0,0.0
2015-07-23,11.899999618530272,12.199999809265137,11.75,12.0,11.35178565979004,2537,0.0,0.0
2015-07-24,12.699999809265137,13.25,12.0,12.199999809265137,11.540983200073242,16090,0.0,0.0
2015-07-27,12.100000381469728,12.100000381469728,11.5,11.899999618530272,11.257186889648438,3974,0.0,0.0
2015-07-28,14.0,14.0,11.75,12.0,11.35178565979004,13500,0.0,0.0
2015-07-29,11.899999618530272,12.25,11.75,12.050000190734863,11.39908504486084,12629,0.0,0.0
2015-07-30,11.899999618530272,12.199999809265137,11.699999809265137,11.75,11.115291595458984,15751,0.0,0.0
2015-07-31,12.5,13.5,12.199999809265137,13.0,12.297769546508787,43496,0.0,0.0
2015-08-03,13.899999618530272,14.0,13.100000381469728,13.899999618530272,13.149152755737305,40213,0.0,0.0
2015-08-04,13.800000190734863,14.100000381469728,13.350000381469728,13.5,12.770759582519531,27448,0.0,0.0
2015-08-05,13.550000190734863,16.200000762939453,13.5,15.899999618530272,15.041117668151855,147463,0.0,0.0
2015-08-06,15.899999618530272,16.299999237060547,14.550000190734863,15.350000381469728,14.52082633972168,83981,0.0,0.0
2015-08-07,15.199999809265137,16.0,13.649999618530272,14.550000190734863,13.764041900634766,42509,0.0,0.0
2015-08-10,14.550000190734863,15.399999618530272,14.550000190734863,14.800000190734863,14.000536918640137,18841,0.0,0.0
2015-08-11,14.850000381469728,15.0,14.100000381469728,14.100000381469728,13.338349342346191,18257,0.0,0.0
2015-08-12,14.5,15.0,13.25,14.149999618530272,13.385647773742676,33147,0.0,0.0
2015-08-13,14.949999809265137,15.0,12.699999809265137,13.850000381469728,13.101853370666504,26616,0.0,0.0
2015-08-14,13.5,14.449999809265137,13.25,14.100000381469728,13.338349342346191,23101,0.0,0.0
2015-08-17,14.0,15.0,14.0,14.449999809265137,13.669442176818848,22062,0.0,0.0
2015-08-18,14.25,15.199999809265137,14.25,14.600000381469728,13.81134033203125,12344,0.0,0.0
2015-08-19,14.550000190734863,14.800000190734863,14.0,14.600000381469728,13.81134033203125,23213,0.0,0.0
2015-08-20,15.0,15.0,13.800000190734863,14.0,13.24375057220459,27994,0.0,0.0
2015-08-21,14.100000381469728,14.100000381469728,13.600000381469728,14.050000190734863,13.29104995727539,7050,0.0,0.0
2015-08-24,13.899999618530272,13.899999618530272,11.300000190734863,11.550000190734863,10.926095008850098,39889,0.0,0.0
2015-08-25,13.0,13.0,11.5,12.399999618530272,11.730179786682127,27481,0.0,0.0
2015-08-26,12.199999809265137,13.25,12.199999809265137,12.949999809265137,12.250470161437988,14224,0.0,0.0
2015-08-27,13.25,14.100000381469728,13.25,13.850000381469728,13.101853370666504,12575,0.0,0.0
2015-08-28,13.5,13.949999809265137,13.100000381469728,13.300000190734863,12.58156394958496,8641,0.0,0.0
2015-08-31,13.199999809265137,13.899999618530272,13.0,13.149999618530272,12.43966579437256,15848,0.0,0.0
2015-09-01,13.100000381469728,13.100000381469728,12.100000381469728,12.449999809265137,11.77747917175293,26964,0.0,0.0
2015-09-02,12.949999809265137,12.949999809265137,12.0,12.149999618530272,11.493682861328123,13762,0.0,0.0
2015-09-03,12.300000190734863,12.649999618530272,12.199999809265137,12.300000190734863,11.635581970214844,8557,0.0,0.0
2015-09-04,12.449999809265137,13.199999809265137,11.649999618530272,12.600000381469728,11.919376373291016,10059,0.0,0.0
2015-09-07,12.649999618530272,12.699999809265137,12.25,12.600000381469728,11.919376373291016,10270,0.0,0.0
2015-09-08,12.899999618530272,13.0,12.350000381469728,12.75,12.061272621154783,9355,0.0,0.0
2015-09-09,12.550000190734863,13.300000190734863,12.550000190734863,13.199999809265137,12.486964225769045,13557,0.0,0.0
2015-09-10,12.899999618530272,12.949999809265137,12.199999809265137,12.449999809265137,11.77747917175293,10478,0.0,0.0
2015-09-11,13.100000381469728,13.100000381469728,12.100000381469728,12.899999618530272,12.203170776367188,11955,0.0,0.0
2015-09-14,12.800000190734863,13.199999809265137,12.649999618530272,12.75,12.061272621154783,1448,0.0,0.0
2015-09-15,12.75,13.449999809265137,12.75,13.0,12.297769546508787,5873,0.0,0.0
2015-09-16,13.0,13.300000190734863,12.899999618530272,13.100000381469728,12.392367362976074,4455,0.0,0.0
2015-09-18,12.25,13.850000381469728,12.25,13.050000190734863,12.34506893157959,5772,0.0,0.0
2015-09-21,12.899999618530272,13.5,12.199999809265137,13.100000381469728,12.392367362976074,3457,0.0,0.0
2015-09-22,13.699999809265137,13.699999809265137,13.100000381469728,13.100000381469728,12.392367362976074,4884,0.0,0.0
2015-09-23,13.0,13.100000381469728,12.800000190734863,13.100000381469728,12.392367362976074,2737,0.0,0.0
2015-09-24,13.0,13.5,13.0,13.050000190734863,12.34506893157959,2331,0.0,0.0
2015-09-28,13.899999618530272,13.899999618530272,13.0,13.050000190734863,12.34506893157959,8355,0.0,0.0
2015-09-29,12.949999809265137,13.199999809265137,12.649999618530272,12.899999618530272,12.203170776367188,4619,0.0,0.0
2015-09-30,12.800000190734863,13.5,12.550000190734863,12.899999618530272,12.203170776367188,2565,0.0,0.0
2015-10-01,13.199999809265137,14.149999618530272,13.199999809265137,13.75,13.007256507873535,62357,0.0,0.0
2015-10-05,13.699999809265137,13.949999809265137,13.600000381469728,13.899999618530272,13.149152755737305,12283,0.0,0.0
2015-10-06,13.800000190734863,14.100000381469728,13.800000190734863,14.0,13.24375057220459,46220,0.0,0.0
2015-10-07,14.300000190734863,14.300000190734863,13.550000190734863,13.800000190734863,13.05455493927002,10418,0.0,0.0
2015-10-08,14.300000190734863,14.5,13.300000190734863,14.0,13.24375057220459,13886,0.0,0.0
2015-10-09,14.5,14.5,13.600000381469728,13.800000190734863,13.05455493927002,7839,0.0,0.0
2015-10-12,14.600000381469728,14.600000381469728,13.850000381469728,14.0,13.24375057220459,15074,0.0,0.0
2015-10-13,14.75,15.0,13.399999618530272,14.75,13.953237533569336,26457,0.0,0.0
2015-10-14,14.5,14.850000381469728,14.300000190734863,14.600000381469728,13.81134033203125,17882,0.0,0.0
2015-10-15,14.399999618530272,14.600000381469728,12.75,13.699999809265137,12.959957122802734,52229,0.0,0.0
2015-10-16,13.75,14.0,13.300000190734863,14.0,13.24375057220459,10265,0.0,0.0
2015-10-19,14.5,14.5,13.5,13.5,12.770759582519531,7651,0.0,0.0
2015-10-20,14.350000381469728,14.350000381469728,13.149999618530272,14.0,13.24375057220459,19201,0.0,0.0
2015-10-21,14.5,14.850000381469728,13.550000190734863,14.0,13.24375057220459,3510,0.0,0.0
2015-10-23,14.5,14.5,14.0,14.0,13.24375057220459,12754,0.0,0.0
2015-10-26,13.899999618530272,14.399999618530272,13.550000190734863,14.149999618530272,13.385647773742676,15485,0.0,0.0
2015-10-27,14.25,14.850000381469728,14.050000190734863,14.449999809265137,13.669442176818848,9246,0.0,0.0
2015-10-28,14.800000190734863,14.800000190734863,13.649999618530272,13.850000381469728,13.101853370666504,32643,0.0,0.0
2015-10-29,13.949999809265137,14.149999618530272,13.75,14.100000381469728,13.338349342346191,15089,0.0,0.0
2015-10-30,14.399999618530272,14.399999618530272,13.649999618530272,13.699999809265137,12.959957122802734,11202,0.0,0.0
2015-11-02,14.550000190734863,14.550000190734863,13.449999809265137,13.649999618530272,12.912656784057615,8421,0.0,0.0
2015-11-03,13.550000190734863,14.199999809265137,13.300000190734863,14.0,13.24375057220459,24369,0.0,0.0
2015-11-04,13.899999618530272,14.0,13.699999809265137,13.699999809265137,12.959957122802734,7337,0.0,0.0
2015-11-05,13.5,15.899999618530272,13.449999809265137,15.449999809265137,14.61542510986328,52432,0.0,0.0
2015-11-06,17.0,17.0,14.199999809265137,15.0,14.189733505249023,17304,0.0,0.0
2015-11-09,15.0,15.5,14.800000190734863,14.800000190734863,14.000536918640137,20554,0.0,0.0
2015-11-10,15.0,15.0,14.050000190734863,14.5,13.716741561889648,12559,0.0,0.0
2015-11-13,16.799999237060547,16.799999237060547,14.5,15.25,14.426228523254396,22463,0.0,0.0
2015-11-16,15.0,15.149999618530272,14.300000190734863,14.399999618530272,13.622143745422363,44907,0.0,0.0
2015-11-17,14.800000190734863,14.850000381469728,13.5,14.0,13.24375057220459,21057,0.0,0.0
2015-11-18,14.0,14.5,13.550000190734863,13.850000381469728,13.101853370666504,11601,0.0,0.0
2015-11-19,13.800000190734863,14.100000381469728,13.550000190734863,13.75,13.007256507873535,5476,0.0,0.0
2015-11-20,13.899999618530272,14.0,13.550000190734863,13.600000381469728,12.865358352661133,16709,0.0,0.0
2015-11-23,14.75,14.75,13.550000190734863,13.75,13.007256507873535,22999,0.0,0.0
2015-11-24,14.0,14.25,13.649999618530272,13.899999618530272,13.149152755737305,26100,0.0,0.0
2015-11-26,14.449999809265137,14.449999809265137,13.899999618530272,14.100000381469728,13.338349342346191,7886,0.0,0.0
2015-11-27,14.0,14.300000190734863,13.699999809265137,13.800000190734863,13.05455493927002,12530,0.0,0.0
2015-11-30,13.850000381469728,14.199999809265137,13.850000381469728,13.949999809265137,13.196451187133787,2182,0.0,0.0
2015-12-01,14.0,15.0,13.850000381469728,14.5,13.716741561889648,51266,0.0,0.0
2015-12-02,14.199999809265137,15.0,14.149999618530272,14.449999809265137,13.669442176818848,9300,0.0,0.0
2015-12-03,14.100000381469728,14.75,13.800000190734863,14.300000190734863,13.527545928955078,16955,0.0,0.0
2015-12-04,14.5,14.699999809265137,14.050000190734863,14.649999618530272,13.85863971710205,10715,0.0,0.0
2015-12-07,14.600000381469728,15.600000381469728,14.399999618530272,15.300000190734863,14.473527908325195,49020,0.0,0.0
2015-12-08,15.0,16.25,15.0,15.949999809265137,15.08841609954834,54327,0.0,0.0
2015-12-09,16.649999618530273,16.700000762939453,15.5,15.5,14.662724494934082,33808,0.0,0.0
2015-12-10,16.25,17.899999618530273,16.0,17.649999618530273,16.696584701538086,228343,0.0,0.0
2015-12-11,18.149999618530277,20.850000381469727,17.600000381469727,19.649999618530277,18.588550567626957,974913,0.0,0.0
2015-12-14,20.0,22.700000762939453,19.600000381469727,21.75,20.57511329650879,938631,0.0,0.0
2015-12-15,22.0,22.399999618530277,20.5,20.799999237060547,19.67642974853516,249301,0.0,0.0
2015-12-16,20.700000762939453,21.25,19.649999618530277,19.850000381469727,18.777746200561523,173633,0.0,0.0
2015-12-17,20.0,21.25,20.0,20.350000381469727,19.25074005126953,102957,0.0,0.0
2015-12-18,20.5,21.0,20.0,20.100000381469727,19.014244079589844,106316,0.0,0.0
2015-12-21,20.850000381469727,20.899999618530277,20.0,20.200000762939453,19.10884094238281,112690,0.0,0.0
2015-12-22,20.299999237060547,21.450000762939453,20.100000381469727,20.5,19.39263343811035,211799,0.0,0.0
2015-12-23,21.950000762939453,22.549999237060547,21.5,22.549999237060547,21.33189582824707,495299,0.0,0.0
2015-12-24,23.450000762939453,24.649999618530277,22.25,23.600000381469727,22.32518196105957,309604,0.0,0.0
2015-12-28,25.950000762939453,25.950000762939453,25.950000762939453,25.950000762939453,24.548240661621094,76521,0.0,0.0
2015-12-29,27.200000762939453,27.200000762939453,25.5,25.700000762939453,24.311744689941406,536553,0.0,0.0
2015-12-30,26.0,26.399999618530277,24.450000762939453,24.450000762939453,23.129268646240234,130745,0.0,0.0
2015-12-31,25.649999618530277,25.649999618530277,23.5,23.799999237060547,22.514373779296875,199940,0.0,0.0
2016-01-01,24.0,24.950000762939453,23.200000762939453,24.950000762939453,23.602256774902344,127121,0.0,0.0
2016-01-04,25.299999237060547,25.75,23.75,25.149999618530277,23.79145050048828,167902,0.0,0.0
2016-01-05,25.700000762939453,25.899999618530277,24.25,24.700000762939453,23.365760803222656,105542,0.0,0.0
2016-01-06,24.799999237060547,25.899999618530277,24.149999618530277,24.649999618530277,23.31846237182617,160259,0.0,0.0
2016-01-07,24.649999618530277,24.649999618530277,23.450000762939453,23.450000762939453,22.18328285217285,76608,0.0,0.0
2016-01-08,23.450000762939453,24.049999237060547,22.75,22.950000762939453,21.710294723510746,67600,0.0,0.0
2016-01-11,23.5,23.799999237060547,21.850000381469727,22.0,20.811607360839844,130613,0.0,0.0
2016-01-12,22.75,22.799999237060547,20.899999618530277,21.149999618530277,20.007524490356445,88375,0.0,0.0
2016-01-13,21.25,21.899999618530277,20.100000381469727,20.25,19.15614128112793,85529,0.0,0.0
2016-01-14,20.25,20.700000762939453,19.25,19.75,18.683149337768555,86453,0.0,0.0
2016-01-15,19.850000381469727,19.899999618530277,18.799999237060547,19.0,17.973661422729492,38257,0.0,0.0
2016-01-18,18.049999237060547,18.5,18.049999237060547,18.049999237060547,17.07497787475586,79184,0.0,0.0
2016-01-19,18.0,18.149999618530277,17.149999618530273,17.350000381469727,16.412792205810547,51885,0.0,0.0
2016-01-20,17.25,17.700000762939453,16.5,16.649999618530273,15.750602722167969,33008,0.0,0.0
2016-01-21,17.149999618530273,17.25,15.850000381469728,16.049999237060547,15.183013916015623,67731,0.0,0.0
2016-01-22,16.600000381469727,16.850000381469727,16.350000381469727,16.850000381469727,15.939800262451172,33952,0.0,0.0
2016-01-25,17.549999237060547,17.649999618530273,17.0,17.649999618530273,16.696584701538086,34131,0.0,0.0
2016-01-27,17.899999618530273,18.5,17.799999237060547,18.5,17.500673294067383,29473,0.0,0.0
2016-01-28,18.950000762939453,19.399999618530277,18.950000762939453,19.399999618530277,18.352054595947266,9719,0.0,0.0
2016-01-29,20.350000381469727,20.350000381469727,20.100000381469727,20.350000381469727,19.25074005126953,35363,0.0,0.0
2016-02-01,21.200000762939453,21.350000381469727,21.200000762939453,21.350000381469727,20.196718215942383,31611,0.0,0.0
2016-02-02,22.200000762939453,22.399999618530277,20.299999237060547,20.350000381469727,19.25074005126953,176976,0.0,0.0
2016-02-03,20.299999237060547,20.350000381469727,19.350000381469727,19.350000381469727,18.30475616455078,43541,0.0,0.0
2016-02-04,19.149999618530277,19.700000762939453,18.5,18.850000381469727,17.83176612854004,21149,0.0,0.0
2016-02-05,18.75,19.75,18.75,19.149999618530277,18.115558624267575,35480,0.0,0.0
2016-02-08,18.600000381469727,19.75,18.549999237060547,19.350000381469727,18.30475616455078,38169,0.0,0.0
2016-02-09,18.5,19.350000381469727,18.5,18.75,17.737167358398438,12916,0.0,0.0
2016-02-10,19.649999618530277,19.649999618530277,18.600000381469727,19.0,17.973661422729492,15029,0.0,0.0
2016-02-11,19.450000762939453,19.450000762939453,18.049999237060547,18.049999237060547,17.07497787475586,13268,0.0,0.0
2016-02-12,17.450000762939453,18.899999618530277,17.149999618530273,17.25,16.318195343017578,23329,0.0,0.0
2016-02-15,17.0,18.100000381469727,16.5,17.049999237060547,16.128997802734375,46338,0.0,0.0
2016-02-16,17.899999618530273,17.899999618530273,16.200000762939453,16.5,15.608707427978516,22981,0.0,0.0
2016-02-17,16.5,16.850000381469727,15.699999809265137,16.549999237060547,15.656003952026367,18347,0.0,0.0
2016-02-18,16.100000381469727,17.200000762939453,15.899999618530272,16.0,15.135716438293455,17671,0.0,0.0
2016-02-19,16.0,16.799999237060547,15.550000190734863,16.799999237060547,15.892499923706056,22433,0.0,0.0
2016-02-22,17.549999237060547,17.600000381469727,17.0,17.600000381469727,16.649288177490234,24804,0.0,0.0
2016-02-23,17.549999237060547,17.899999618530273,17.200000762939453,17.399999618530273,16.46009063720703,13199,0.0,0.0
2016-02-24,17.0,17.649999618530273,16.549999237060547,16.649999618530273,15.750602722167969,16907,0.0,0.0
2016-02-25,16.649999618530273,17.25,15.899999618530272,16.25,15.372211456298828,14049,0.0,0.0
2016-02-26,15.75,16.799999237060547,15.449999809265137,15.5,14.662724494934082,18603,0.0,0.0
2016-02-29,15.5,16.25,15.399999618530272,15.850000381469728,14.993819236755373,35149,0.0,0.0
2016-03-01,16.049999237060547,16.5,15.600000381469728,16.5,15.608707427978516,12612,0.0,0.0
2016-03-02,17.0,17.049999237060547,16.350000381469727,16.700000762939453,15.79790496826172,20411,0.0,0.0
2016-03-03,16.299999237060547,17.5,16.299999237060547,17.350000381469727,16.412792205810547,11028,0.0,0.0
2016-03-04,17.5,18.899999618530277,17.299999237060547,18.0,17.027679443359375,25063,0.0,0.0
2016-03-08,19.299999237060547,19.299999237060547,17.649999618530273,17.799999237060547,16.838481903076172,24421,0.0,0.0
2016-03-09,18.299999237060547,18.299999237060547,17.5,18.0,17.027679443359375,6533,0.0,0.0
2016-03-10,18.700000762939453,18.700000762939453,17.75,17.899999618530273,16.933080673217773,14758,0.0,0.0
2016-03-11,17.450000762939453,17.899999618530273,17.25,17.549999237060547,16.601987838745117,11451,0.0,0.0
2016-03-14,17.399999618530273,18.299999237060547,17.399999618530273,17.899999618530273,16.933080673217773,14055,0.0,0.0
2016-03-15,17.5,17.950000762939453,17.25,17.700000762939453,16.743885040283203,13543,0.0,0.0
2016-03-16,17.0,17.799999237060547,17.0,17.5,16.5546875,12677,0.0,0.0
2016-03-17,17.399999618530273,18.100000381469727,16.899999618530273,17.0,16.08169937133789,22555,0.0,0.0
2016-03-18,17.950000762939453,18.299999237060547,16.899999618530273,17.450000762939453,16.507389068603516,45099,0.0,0.0
2016-03-21,18.399999618530277,18.399999618530277,17.0,17.25,16.318195343017578,26871,0.0,0.0
2016-03-22,16.299999237060547,17.450000762939453,16.299999237060547,16.950000762939453,16.034400939941406,26426,0.0,0.0
2016-03-23,16.5,16.850000381469727,15.850000381469728,16.0,15.135716438293455,40484,0.0,0.0
2016-03-28,15.649999618530272,16.700000762939453,15.649999618530272,16.0,15.135716438293455,19529,0.0,0.0
2016-03-29,15.649999618530272,16.600000381469727,15.649999618530272,15.899999618530272,15.041117668151855,13799,0.0,0.0
2016-03-30,16.5,16.649999618530273,16.0,16.200000762939453,15.324912071228027,13886,0.0,0.0
2016-03-31,16.600000381469727,16.600000381469727,15.5,15.899999618530272,15.041117668151855,8028,0.0,0.0
2016-04-01,15.899999618530272,16.350000381469727,15.699999809265137,16.25,15.372211456298828,7571,0.0,0.0
2016-04-04,16.0,16.649999618530273,15.800000190734863,15.899999618530272,15.041117668151855,14836,0.0,0.0
2016-04-05,15.800000190734863,16.25,15.0,15.75,14.899218559265137,12312,0.0,0.0
2016-04-06,16.299999237060547,16.549999237060547,15.600000381469728,16.350000381469727,15.46681022644043,9937,0.0,0.0
2016-04-07,16.399999618530273,17.75,15.5,17.149999618530273,16.223596572875977,23518,0.0,0.0
2016-04-08,16.75,17.649999618530273,16.75,17.350000381469727,16.412792205810547,14345,0.0,0.0
2016-04-11,17.75,17.75,17.0,17.399999618530273,16.46009063720703,9230,0.0,0.0
2016-04-12,18.049999237060547,18.049999237060547,17.399999618530273,17.399999618530273,16.46009063720703,7655,0.0,0.0
2016-04-13,17.5,20.100000381469727,17.5,18.75,17.737167358398438,52904,0.0,0.0
2016-04-18,19.5,19.5,18.5,18.899999618530277,17.87906265258789,32341,0.0,0.0
2016-04-20,18.299999237060547,18.899999618530277,17.850000381469727,18.649999618530277,17.642568588256836,33244,0.0,0.0
2016-04-21,18.200000762939453,19.450000762939453,18.0,18.200000762939453,17.21687889099121,69165,0.0,0.0
2016-04-22,18.799999237060547,18.799999237060547,17.700000762939453,18.299999237060547,17.311473846435547,16675,0.0,0.0
2016-04-25,18.700000762939453,18.899999618530277,18.25,18.649999618530277,17.642568588256836,23685,0.0,0.0
2016-04-26,18.75,18.75,18.049999237060547,18.299999237060547,17.311473846435547,5302,0.0,0.0
2016-04-27,18.200000762939453,18.350000381469727,18.049999237060547,18.25,17.264175415039062,6531,0.0,0.0
2016-04-28,17.799999237060547,19.0,17.799999237060547,18.549999237060547,17.547971725463867,10385,0.0,0.0
2016-04-29,18.149999618530277,19.0,18.049999237060547,18.850000381469727,17.83176612854004,15944,0.0,0.0
2016-05-02,19.0,19.799999237060547,18.549999237060547,18.850000381469727,17.83176612854004,11411,0.0,0.0
2016-05-03,18.299999237060547,19.149999618530277,18.0,18.350000381469727,17.35877227783203,10316,0.0,0.0
2016-05-04,18.700000762939453,18.700000762939453,18.0,18.049999237060547,17.07497787475586,12899,0.0,0.0
2016-05-05,18.100000381469727,18.450000762939453,17.549999237060547,17.950000762939453,16.98038101196289,6531,0.0,0.0
2016-05-06,18.450000762939453,18.450000762939453,16.350000381469727,17.100000381469727,16.17629623413086,26083,0.0,0.0
2016-05-09,17.049999237060547,17.649999618530273,16.799999237060547,17.149999618530273,16.223596572875977,11695,0.0,0.0
2016-05-10,17.799999237060547,18.700000762939453,17.0,18.25,17.264175415039062,54654,0.0,0.0
2016-05-11,17.549999237060547,18.25,17.549999237060547,17.649999618530273,16.696584701538086,24085,0.0,0.0
2016-05-12,18.5,20.450000762939453,18.0,18.850000381469727,17.83176612854004,109852,0.0,0.0
2016-05-13,19.0,19.0,15.25,17.649999618530273,16.696584701538086,133854,0.0,0.0
2016-05-16,16.700000762939453,18.5,16.700000762939453,17.450000762939453,16.507389068603516,44984,0.0,0.0
2016-05-17,17.5,18.0,17.049999237060547,17.200000762939453,16.27089500427246,21487,0.0,0.0
2016-05-18,17.0,17.549999237060547,17.0,17.049999237060547,16.128997802734375,12008,0.0,0.0
2016-05-19,17.5,17.549999237060547,16.950000762939453,17.0,16.08169937133789,14449,0.0,0.0
2016-05-20,17.149999618530273,17.149999618530273,16.0,16.799999237060547,15.892499923706056,10096,0.0,0.0
2016-05-23,16.700000762939453,16.950000762939453,15.199999809265137,15.699999809265137,14.851921081542969,39405,0.0,0.0
2016-05-24,15.699999809265137,16.100000381469727,15.649999618530272,15.850000381469728,14.993819236755373,9251,0.0,0.0
2016-05-25,16.25,16.450000762939453,15.800000190734863,15.949999809265137,15.08841609954834,6205,0.0,0.0
2016-05-26,15.699999809265137,16.799999237060547,15.649999618530272,15.899999618530272,15.041117668151855,8684,0.0,0.0
2016-05-27,16.0,16.0,15.699999809265137,15.75,14.899218559265137,11550,0.0,0.0
2016-05-30,16.0,16.75,15.800000190734863,16.049999237060547,15.183013916015623,7948,0.0,0.0
2016-05-31,16.0,16.0,15.399999618530272,15.649999618530272,14.804620742797852,8344,0.0,0.0
2016-06-01,15.399999618530272,16.100000381469727,15.0,15.649999618530272,14.804620742797852,9590,0.0,0.0
2016-06-02,15.5,15.800000190734863,15.5,15.550000190734863,14.710023880004885,12283,0.0,0.0
2016-06-03,15.399999618530272,16.649999618530273,15.399999618530272,15.5,14.662724494934082,13281,0.0,0.0
2016-06-06,16.299999237060547,16.299999237060547,15.050000190734863,15.300000190734863,14.473527908325195,7270,0.0,0.0
2016-06-07,15.800000190734863,15.800000190734863,15.300000190734863,15.449999809265137,14.61542510986328,2451,0.0,0.0
2016-06-08,15.649999618530272,18.25,15.25,17.649999618530273,16.696584701538086,99384,0.0,0.0
2016-06-09,17.5,19.0,17.399999618530273,18.200000762939453,17.21687889099121,152320,0.0,0.0
2016-06-10,18.0,18.350000381469727,17.100000381469727,17.299999237060547,16.365493774414062,18992,0.0,0.0
2016-06-13,17.0,17.549999237060547,16.549999237060547,17.200000762939453,16.27089500427246,34544,0.0,0.0
2016-06-14,16.850000381469727,17.450000762939453,15.449999809265137,16.899999618530273,15.987096786499023,21480,0.0,0.0
2016-06-15,16.899999618530273,18.450000762939453,16.850000381469727,17.5,16.5546875,93896,0.0,0.0
2016-06-16,17.799999237060547,17.799999237060547,16.100000381469727,16.799999237060547,15.892499923706056,18525,0.0,0.0
2016-06-17,17.0,17.350000381469727,16.549999237060547,17.100000381469727,16.17629623413086,29212,0.0,0.0
2016-06-20,16.899999618530273,17.299999237060547,16.450000762939453,16.549999237060547,15.656003952026367,24494,0.0,0.0
2016-06-21,16.899999618530273,16.899999618530273,16.450000762939453,16.5,15.608707427978516,15991,0.0,0.0
2016-06-22,16.799999237060547,17.0,15.649999618530272,15.949999809265137,15.08841609954834,24757,0.0,0.0
2016-06-23,16.5,16.850000381469727,15.75,15.949999809265137,15.08841609954834,7478,0.0,0.0
2016-06-24,15.699999809265137,16.0,14.550000190734863,15.850000381469728,14.993819236755373,39234,0.0,0.0
2016-06-27,16.200000762939453,17.899999618530273,15.800000190734863,17.049999237060547,16.128997802734375,112570,0.0,0.0
2016-06-28,17.5,17.700000762939453,16.5,16.950000762939453,16.034400939941406,20545,0.0,0.0
2016-06-29,17.299999237060547,17.299999237060547,16.649999618530273,16.75,15.84520149230957,28347,0.0,0.0
2016-06-30,16.850000381469727,17.149999618530273,16.5,16.850000381469727,15.939800262451172,21448,0.0,0.0
2016-07-01,16.75,18.299999237060547,16.700000762939453,17.049999237060547,16.128997802734375,46214,0.0,0.0
2016-07-04,16.75,18.25,16.75,17.75,16.791183471679688,93138,0.0,0.0
2016-07-05,17.600000381469727,17.899999618530273,17.200000762939453,17.399999618530273,16.46009063720703,20785,0.0,0.0
2016-07-07,16.549999237060547,18.0,16.549999237060547,17.049999237060547,16.128997802734375,22480,0.0,0.0
2016-07-08,17.049999237060547,17.149999618530273,16.649999618530273,16.850000381469727,15.939800262451172,25831,0.0,0.0
2016-07-11,17.75,17.75,16.950000762939453,17.049999237060547,16.128997802734375,16034,0.0,0.0
2016-07-12,17.549999237060547,17.549999237060547,17.049999237060547,17.149999618530273,16.223596572875977,12460,0.0,0.0
2016-07-13,17.0,17.450000762939453,16.600000381469727,16.75,15.84520149230957,20060,0.0,0.0
2016-07-14,16.700000762939453,17.200000762939453,16.700000762939453,16.899999618530273,15.987096786499023,9342,0.0,0.0
2016-07-15,17.0,17.0,16.649999618530273,16.700000762939453,15.79790496826172,17907,0.0,0.0
2016-07-18,16.899999618530273,18.100000381469727,16.700000762939453,16.799999237060547,15.892499923706056,113354,0.0,0.0
2016-07-19,16.899999618530273,18.25,16.600000381469727,17.950000762939453,16.98038101196289,180031,0.0,0.0
2016-07-20,18.0,18.299999237060547,17.200000762939453,17.5,16.5546875,88794,0.0,0.0
2016-07-21,17.100000381469727,17.899999618530273,17.0,17.200000762939453,16.27089500427246,29419,0.0,0.0
2016-07-22,16.950000762939453,17.75,16.850000381469727,17.0,16.08169937133789,18766,0.0,0.0
2016-07-25,16.850000381469727,17.399999618530273,16.850000381469727,17.299999237060547,16.365493774414062,21252,0.0,0.0
2016-07-26,17.0,17.100000381469727,16.850000381469727,16.850000381469727,15.939800262451172,18624,0.0,0.0
2016-07-27,16.950000762939453,17.299999237060547,16.5,16.700000762939453,15.79790496826172,26282,0.0,0.0
2016-07-28,17.5,17.5,16.549999237060547,16.799999237060547,15.892499923706056,14058,0.0,0.0
2016-07-29,17.149999618530273,17.25,16.600000381469727,16.700000762939453,15.79790496826172,15123,0.0,0.0
2016-08-01,16.700000762939453,17.0,16.5,16.600000381469727,15.7033052444458,17095,0.0,0.0
2016-08-02,16.5,17.149999618530273,16.149999618530273,16.299999237060547,15.41950798034668,19510,0.0,0.0
2016-08-03,16.0,16.350000381469727,15.600000381469728,15.75,14.899218559265137,15396,0.0,0.0
2016-08-04,15.800000190734863,16.450000762939453,15.600000381469728,15.850000381469728,14.993819236755373,5097,0.0,0.0
2016-08-05,15.850000381469728,16.25,15.649999618530272,15.850000381469728,14.993819236755373,12964,0.0,0.0
2016-08-08,17.0,17.0,15.949999809265137,16.100000381469727,15.230313301086426,15376,0.0,0.0
2016-08-09,16.350000381469727,16.700000762939453,15.800000190734863,16.100000381469727,15.230313301086426,26458,0.0,0.0
2016-08-10,16.899999618530273,16.899999618530273,15.699999809265137,15.800000190734863,14.946518898010254,8955,0.0,0.0
2016-08-11,15.699999809265137,18.149999618530277,15.600000381469728,16.950000762939453,16.034400939941406,402398,0.0,0.0
2016-08-12,17.0,17.75,16.299999237060547,17.049999237060547,16.128997802734375,37818,0.0,0.0
2016-08-16,17.200000762939453,17.700000762939453,16.0,16.149999618530273,15.277613639831545,30188,0.0,0.0
2016-08-17,16.049999237060547,16.75,15.899999618530272,16.0,15.135716438293455,20887,0.0,0.0
2016-08-18,16.049999237060547,16.5,16.0,16.049999237060547,15.183013916015623,15172,0.0,0.0
2016-08-19,16.049999237060547,16.450000762939453,16.0,16.350000381469727,15.46681022644043,15444,0.0,0.0
2016-08-22,16.049999237060547,16.399999618530273,15.75,16.0,15.135716438293455,27015,0.0,0.0
2016-08-23,16.0,16.25,16.0,16.149999618530273,15.277613639831545,16607,0.0,0.0
2016-08-24,16.049999237060547,16.299999237060547,15.199999809265137,15.949999809265137,15.08841609954834,17200,0.0,0.0
2016-08-25,16.0,16.200000762939453,15.899999618530272,16.049999237060547,15.183013916015623,14086,0.0,0.0
2016-08-26,16.0,16.350000381469727,15.899999618530272,15.899999618530272,15.041117668151855,4790,0.0,0.0
2016-08-29,15.800000190734863,16.0,15.75,15.850000381469728,14.993819236755373,5071,0.0,0.0
2016-08-30,15.850000381469728,16.25,15.800000190734863,15.800000190734863,14.946518898010254,9452,0.0,0.0
2016-08-31,15.5,16.25,15.149999618530272,15.75,14.899218559265137,19146,0.0,0.0
2016-09-01,15.550000190734863,16.0,15.300000190734863,15.449999809265137,14.61542510986328,9178,0.0,0.0
2016-09-02,15.5,15.949999809265137,15.399999618530272,15.600000381469728,14.757323265075684,12758,0.0,0.0
2016-09-06,15.199999809265137,15.899999618530272,15.149999618530272,15.399999618530272,14.568126678466797,11349,0.0,0.0
2016-09-07,15.149999618530272,15.5,15.0,15.100000381469728,14.284331321716309,19627,0.0,0.0
2016-09-08,15.199999809265137,15.600000381469728,15.100000381469728,15.5,14.662724494934082,21083,0.0,0.0
2016-09-09,15.0,15.649999618530272,14.449999809265137,15.550000190734863,14.710023880004885,20456,0.0,0.0
2016-09-12,15.0,15.800000190734863,14.800000190734863,15.699999809265137,14.851921081542969,17070,0.0,0.0
2016-09-14,15.399999618530272,17.299999237060547,15.100000381469728,16.649999618530273,15.750602722167969,79554,0.0,0.0
2016-09-15,16.399999618530273,16.899999618530273,16.299999237060547,16.600000381469727,15.7033052444458,14076,0.0,0.0
2016-09-16,16.25,17.25,16.049999237060547,16.600000381469727,15.7033052444458,25905,0.0,0.0
2016-09-19,16.399999618530273,19.899999618530277,15.899999618530272,19.899999618530277,18.82504653930664,460173,0.0,0.0
2016-09-20,20.600000381469727,20.600000381469727,18.049999237060547,18.25,17.264175415039062,162601,0.0,0.0
2016-09-21,18.600000381469727,21.200000762939453,18.049999237060547,19.950000762939453,18.87234687805176,495698,0.0,0.0
2016-09-22,20.549999237060547,20.950000762939453,19.700000762939453,19.950000762939453,18.87234687805176,71360,0.0,0.0
2016-09-23,19.600000381469727,20.399999618530277,19.25,19.549999237060547,18.49395179748535,33292,0.0,0.0
2016-09-26,19.5,20.0,19.049999237060547,19.25,18.21015739440918,24820,0.0,0.0
2016-09-27,19.75,19.950000762939453,18.5,18.899999618530277,17.87906265258789,21459,0.0,0.0
2016-09-28,18.700000762939453,19.899999618530277,18.100000381469727,19.149999618530277,18.115558624267575,31497,0.0,0.0
2016-09-29,19.549999237060547,20.0,17.25,17.899999618530273,16.933080673217773,83215,0.0,0.0
2016-09-30,17.5,18.299999237060547,17.5,18.149999618530277,17.16957664489746,16115,0.0,0.0
2016-10-03,17.899999618530273,19.5,17.75,19.0,17.973661422729492,56865,0.0,0.0
2016-10-04,18.899999618530277,22.799999237060547,18.399999618530277,22.799999237060547,21.56839179992676,520082,0.0,0.0
2016-10-05,23.600000381469727,23.799999237060547,21.75,22.299999237060547,21.095401763916016,344930,0.0,0.0
2016-10-06,22.5,23.25,21.0,21.549999237060547,20.385915756225582,91875,0.0,0.0
2016-10-07,21.899999618530277,24.200000762939453,21.399999618530277,23.5,22.23058319091797,288656,0.0,0.0
2016-10-10,24.200000762939453,27.600000381469727,23.25,26.75,25.30502319335937,707984,0.0,0.0
2016-10-13,26.5,27.149999618530277,24.149999618530277,24.5,23.17656517028809,173283,0.0,0.0
2016-10-14,24.899999618530277,26.0,24.0,24.899999618530277,23.55495834350586,81773,0.0,0.0
2016-10-17,24.149999618530277,24.75,23.149999618530277,23.450000762939453,22.18328285217285,84590,0.0,0.0
2016-10-18,23.5,24.0,22.700000762939453,22.850000381469727,21.615694046020508,70543,0.0,0.0
2016-10-19,24.0,24.799999237060547,21.75,22.700000762939453,21.473796844482425,62131,0.0,0.0
2016-10-20,23.5,23.5,21.299999237060547,21.700000762939453,20.527814865112305,54536,0.0,0.0
2016-10-21,21.200000762939453,22.100000381469727,21.200000762939453,21.700000762939453,20.527814865112305,56620,0.0,0.0
2016-10-24,23.0,23.0,21.100000381469727,21.200000762939453,20.05482292175293,52916,0.0,0.0
2016-10-25,22.200000762939453,22.350000381469727,21.049999237060547,22.0,20.811607360839844,60067,0.0,0.0
2016-10-26,22.149999618530277,23.5,21.399999618530277,23.350000381469727,22.088685989379883,124299,0.0,0.0
2016-10-27,23.399999618530277,24.350000381469727,23.0,24.0,22.70357131958008,90278,0.0,0.0
2016-10-28,23.5,25.049999237060547,22.899999618530277,24.149999618530277,22.8454704284668,69154,0.0,0.0
2016-11-01,26.0,26.299999237060547,25.0,25.850000381469727,24.45364189147949,71378,0.0,0.0
2016-11-02,26.350000381469727,26.350000381469727,24.5,25.049999237060547,23.696853637695312,48385,0.0,0.0
2016-11-03,24.5,25.799999237060547,22.700000762939453,24.25,22.94006729125977,44934,0.0,0.0
2016-11-04,23.700000762939453,24.049999237060547,22.549999237060547,22.75,21.521095275878903,38794,0.0,0.0
2016-11-07,24.5,24.5,22.0,23.200000762939453,21.9467887878418,34464,0.0,0.0
2016-11-08,23.299999237060547,23.950000762939453,22.799999237060547,23.0,21.757591247558597,10887,0.0,0.0
2016-11-09,19.049999237060547,22.450000762939453,19.0,22.149999618530277,20.95350646972656,57662,0.0,0.0
2016-11-10,22.200000762939453,23.950000762939453,22.200000762939453,22.649999618530277,21.426496505737305,15366,0.0,0.0
2016-11-11,22.399999618530277,22.850000381469727,20.450000762939453,21.25,20.10212135314941,24801,0.0,0.0
2016-11-15,21.0,21.0,19.5,19.850000381469727,18.777746200561523,21798,0.0,0.0
2016-11-16,20.149999618530277,20.399999618530277,19.5,19.600000381469727,18.54125022888184,13542,0.0,0.0
2016-11-17,19.5,19.950000762939453,17.600000381469727,18.100000381469727,17.122276306152344,24434,0.0,0.0
2016-11-18,19.799999237060547,19.850000381469727,18.0,18.299999237060547,17.311473846435547,24815,0.0,0.0
2016-11-21,19.0,19.200000762939453,17.75,18.0,17.027679443359375,12860,0.0,0.0
2016-11-22,18.0,18.5,17.5,18.5,17.500673294067383,8841,0.0,0.0
2016-11-23,18.5,19.350000381469727,18.5,19.200000762939453,18.16285896301269,10604,0.0,0.0
2016-11-24,19.799999237060547,19.799999237060547,18.049999237060547,18.700000762939453,17.68986701965332,32689,0.0,0.0
2016-11-25,19.0,20.0,19.0,19.549999237060547,18.49395179748535,20651,0.0,0.0
2016-11-28,19.700000762939453,20.25,18.799999237060547,19.549999237060547,18.49395179748535,74486,0.0,0.0
2016-11-29,19.700000762939453,23.450000762939453,19.600000381469727,23.450000762939453,22.18328285217285,183175,0.0,0.0
2016-11-30,24.299999237060547,26.200000762939453,24.299999237060547,24.899999618530277,23.55495834350586,252052,0.0,0.0
2016-12-01,25.200000762939453,26.5,22.399999618530277,26.100000381469727,24.69013786315918,199375,0.0,0.0
2016-12-02,26.049999237060547,27.200000762939453,25.299999237060547,26.700000762939453,25.257726669311523,212187,0.0,0.0
2016-12-05,26.700000762939453,32.0,25.0,31.950000762939453,30.2241325378418,668279,0.0,0.0
2016-12-06,31.899999618530277,31.899999618530277,29.350000381469727,29.700000762939453,28.095672607421875,352669,0.0,0.0
2016-12-07,29.899999618530277,30.850000381469727,27.25,27.700000762939453,26.203706741333008,175784,0.0,0.0
2016-12-08,28.0,30.450000762939453,27.299999237060547,29.950000762939453,28.33216857910156,228988,0.0,0.0
2016-12-09,30.5,30.950000762939453,29.5,29.700000762939453,28.095672607421875,112002,0.0,0.0
2016-12-12,30.149999618530277,30.700000762939453,28.799999237060547,29.799999237060547,28.19026756286621,77478,0.0,0.0
2016-12-13,30.0,30.350000381469727,28.200000762939453,29.799999237060547,28.19026756286621,65767,0.0,0.0
2016-12-14,29.549999237060547,30.0,28.799999237060547,29.049999237060547,27.48078346252441,45618,0.0,0.0
2016-12-15,28.850000381469727,29.649999618530277,28.700000762939453,28.75,27.196990966796875,94123,0.0,0.0
2016-12-16,28.75,29.600000381469727,27.700000762939453,28.049999237060547,26.534801483154297,40725,0.0,0.0
2016-12-19,28.049999237060547,30.399999618530277,27.399999618530277,29.899999618530277,28.28487014770508,97291,0.0,0.0
2016-12-20,29.549999237060547,29.549999237060547,28.200000762939453,28.450000762939453,26.91319465637207,24497,0.0,0.0
2016-12-21,29.0,29.450000762939453,27.549999237060547,27.950000762939453,26.44020271301269,53619,0.0,0.0
2016-12-22,28.350000381469727,28.350000381469727,25.450000762939453,25.950000762939453,24.548240661621094,53162,0.0,0.0
2016-12-23,25.649999618530277,25.799999237060547,24.25,25.25,23.886049270629883,38325,0.0,0.0
2016-12-26,25.700000762939453,27.0,23.100000381469727,24.799999237060547,23.460359573364254,47654,0.0,0.0
2016-12-27,25.799999237060547,27.25,25.0,27.25,25.77801513671875,76127,0.0,0.0
2016-12-28,28.0,29.100000381469727,26.25,27.5,26.01451301574707,85917,0.0,0.0
2016-12-29,28.0,29.5,28.0,28.649999618530277,27.102392196655277,71836,0.0,0.0
2016-12-30,28.649999618530277,29.0,28.200000762939453,28.549999237060547,27.007789611816406,13140,0.0,0.0
2017-01-02,29.0,29.5,27.299999237060547,29.100000381469727,27.52808380126953,48936,0.0,0.0
2017-01-03,29.549999237060547,31.200000762939453,28.950000762939453,30.850000381469727,29.18355178833008,144911,0.0,0.0
2017-01-04,31.450000762939453,32.70000076293945,29.799999237060547,31.950000762939453,30.2241325378418,149087,0.0,0.0
2017-01-05,31.649999618530277,35.099998474121094,31.649999618530277,34.25,32.39989471435547,526933,0.0,0.0
2017-01-06,34.29999923706055,34.70000076293945,32.650001525878906,33.599998474121094,31.78499984741211,91165,0.0,0.0
2017-01-09,33.04999923706055,35.099998474121094,31.700000762939453,32.849998474121094,31.075515747070312,67363,0.0,0.0
2017-01-10,32.849998474121094,35.79999923706055,32.5,35.400001525878906,33.487770080566406,123604,0.0,0.0
2017-01-11,35.0,35.70000076293945,33.650001525878906,33.849998474121094,32.0214958190918,83029,0.0,0.0
2017-01-12,34.099998474121094,35.5,33.5,33.900001525878906,32.06880187988281,36560,0.0,0.0
2017-01-13,34.0,34.5,33.20000076293945,33.54999923706055,31.73770523071289,28168,0.0,0.0
2017-01-16,33.29999923706055,34.95000076293945,33.25,34.20000076293945,32.35259246826172,30039,0.0,0.0
2017-01-17,34.45000076293945,35.099998474121094,33.5,34.400001525878906,32.54179000854492,43874,0.0,0.0
2017-01-18,34.150001525878906,34.45000076293945,32.900001525878906,33.29999923706055,31.501205444335938,44885,0.0,0.0
2017-01-19,33.0,33.849998474121094,32.599998474121094,32.95000076293945,31.17011260986328,36724,0.0,0.0
2017-01-20,32.95000076293945,33.5,31.049999237060547,31.5,29.798437118530277,79876,0.0,0.0
2017-01-23,32.45000076293945,32.45000076293945,31.200000762939453,31.450000762939453,29.751140594482425,25774,0.0,0.0
2017-01-24,32.0,32.599998474121094,31.299999237060547,32.04999923706055,30.3187313079834,29674,0.0,0.0
2017-01-25,32.5,33.400001525878906,31.700000762939453,32.29999923706055,30.55522727966309,64544,0.0,0.0
2017-01-27,32.5,33.5,31.75,31.950000762939453,30.2241325378418,32392,0.0,0.0
2017-01-30,32.349998474121094,34.20000076293945,32.25,33.79999923706055,31.974193572998047,126551,0.0,0.0
2017-01-31,33.29999923706055,33.79999923706055,32.20000076293945,32.400001525878906,30.64982414245605,29350,0.0,0.0
2017-02-01,31.049999237060547,31.25,29.200000762939453,29.700000762939453,28.095672607421875,230023,0.0,0.0
2017-02-02,29.299999237060547,30.950000762939453,29.100000381469727,29.799999237060547,28.19026756286621,43126,0.0,0.0
2017-02-03,29.850000381469727,31.200000762939453,28.75,29.649999618530277,28.04837226867676,64403,0.0,0.0
2017-02-06,29.549999237060547,30.700000762939453,28.950000762939453,29.200000762939453,27.6226806640625,50023,0.0,0.0
2017-02-07,29.100000381469727,29.5,28.5,28.600000381469727,27.05509185791016,27673,0.0,0.0
2017-02-08,28.950000762939453,29.450000762939453,28.549999237060547,28.75,27.196990966796875,36196,0.0,0.0
2017-02-09,28.75,29.5,27.549999237060547,28.5,26.960493087768555,16325,0.0,0.0
2017-02-10,28.899999618530277,28.899999618530277,27.75,28.049999237060547,26.534801483154297,19776,0.0,0.0
2017-02-13,29.0,31.200000762939453,27.649999618530277,29.0,27.433483123779297,48660,0.0,0.0
2017-02-14,29.899999618530277,30.0,28.5,28.600000381469727,27.05509185791016,19290,0.0,0.0
2017-02-15,29.200000762939453,29.450000762939453,25.5,26.75,25.30502319335937,45019,0.0,0.0
2017-02-16,27.5,28.149999618530277,26.600000381469727,27.5,26.01451301574707,23928,0.0,0.0
2017-02-17,28.350000381469727,30.0,27.5,27.899999618530277,26.392902374267575,49552,0.0,0.0
2017-02-20,28.0,28.950000762939453,27.850000381469727,28.149999618530277,26.629398345947266,22479,0.0,0.0
2017-02-21,28.100000381469727,28.5,27.799999237060547,28.049999237060547,26.534801483154297,25342,0.0,0.0
2017-02-22,28.100000381469727,28.100000381469727,27.5,27.600000381469727,26.10910987854004,15306,0.0,0.0
2017-02-23,27.600000381469727,27.600000381469727,27.100000381469727,27.350000381469727,25.872615814208984,14670,0.0,0.0
2017-02-27,28.0,28.0,26.200000762939453,26.700000762939453,25.257726669311523,24803,0.0,0.0
2017-02-28,26.75,27.5,26.75,27.049999237060547,25.588817596435547,18775,0.0,0.0
2017-03-01,27.200000762939453,29.899999618530277,27.200000762939453,28.600000381469727,27.05509185791016,62210,0.0,0.0
2017-03-02,29.0,29.0,27.600000381469727,27.75,26.251007080078125,17669,0.0,0.0
2017-03-03,27.600000381469727,28.100000381469727,27.600000381469727,28.0,26.48750114440918,20677,0.0,0.0
2017-03-06,27.700000762939453,28.649999618530277,27.200000762939453,27.600000381469727,26.10910987854004,11779,0.0,0.0
2017-03-07,27.600000381469727,28.0,27.399999618530277,27.450000762939453,25.967214584350582,13096,0.0,0.0
2017-03-08,27.299999237060547,27.950000762939453,26.5,27.0,25.541519165039062,16780,0.0,0.0
2017-03-09,26.850000381469727,27.0,26.25,26.549999237060547,25.115827560424805,7531,0.0,0.0
2017-03-10,27.600000381469727,27.600000381469727,26.399999618530277,26.600000381469727,25.16312789916992,10488,0.0,0.0
2017-03-14,26.5,31.899999618530277,26.25,31.649999618530277,29.940336227416992,765016,0.0,0.0
2017-03-15,31.549999237060547,36.09999847412109,31.5,34.54999923706055,32.683685302734375,1931684,0.0,0.0
2017-03-16,34.5,39.04999923706055,34.5,36.70000076293945,34.71754455566406,2231495,0.0,0.0
2017-03-17,36.70000076293945,37.04999923706055,34.25,34.70000076293945,32.825584411621094,246072,0.0,0.0
2017-03-20,34.70000076293945,34.70000076293945,30.350000381469727,33.29999923706055,31.501205444335938,318189,0.0,0.0
2017-03-21,34.0,35.25,33.20000076293945,34.54999923706055,32.683685302734375,229121,0.0,0.0
2017-03-22,33.849998474121094,34.5,33.29999923706055,33.75,31.926898956298828,64694,0.0,0.0
2017-03-23,33.75,34.5,33.5,33.849998474121094,32.0214958190918,56191,0.0,0.0
2017-03-24,34.20000076293945,34.25,32.70000076293945,32.95000076293945,31.17011260986328,40367,0.0,0.0
2017-03-27,33.0,33.099998474121094,31.100000381469727,31.700000762939453,29.987638473510746,32112,0.0,0.0
2017-03-28,32.20000076293945,32.70000076293945,31.549999237060547,31.700000762939453,29.987638473510746,51745,0.0,0.0
2017-03-29,32.20000076293945,32.70000076293945,30.799999237060547,31.549999237060547,29.84573554992676,45648,0.0,0.0
2017-03-30,31.100000381469727,31.950000762939453,30.0,30.950000762939453,29.27815055847168,58627,0.0,0.0
2017-03-31,30.700000762939453,37.09999847412109,30.049999237060547,36.900001525878906,34.9067497253418,719796,0.0,0.0
2017-04-03,37.34999847412109,37.34999847412109,34.400001525878906,35.45000076293945,33.53506851196289,200272,0.0,0.0
2017-04-05,35.5,36.59999847412109,35.0,35.79999923706055,33.86616134643555,166289,0.0,0.0
2017-04-06,35.349998474121094,36.20000076293945,35.0,35.599998474121094,33.676963806152344,67908,0.0,0.0
2017-04-07,36.09999847412109,36.84999847412109,35.150001525878906,35.900001525878906,33.96076202392578,120704,0.0,0.0
2017-04-10,35.900001525878906,36.29999923706055,34.79999923706055,35.150001525878906,33.251277923583984,70684,0.0,0.0
2017-04-11,35.0,35.70000076293945,34.650001525878906,35.400001525878906,33.487770080566406,55290,0.0,0.0
2017-04-12,35.900001525878906,35.900001525878906,34.29999923706055,34.95000076293945,33.06207656860352,35137,0.0,0.0
2017-04-13,34.45000076293945,36.0,34.45000076293945,35.349998474121094,33.440467834472656,83214,0.0,0.0
2017-04-17,35.150001525878906,35.75,34.400001525878906,34.75,32.87287902832031,73598,0.0,0.0
2017-04-18,35.099998474121094,35.25,33.849998474121094,34.20000076293945,32.35259246826172,69223,0.0,0.0
2017-04-19,34.0,35.29999923706055,34.0,34.95000076293945,33.06207656860352,28558,0.0,0.0
2017-04-20,35.45000076293945,35.45000076293945,34.599998474121094,35.29999923706055,33.39316940307617,39906,0.0,0.0
2017-04-21,35.25,35.900001525878906,34.79999923706055,35.04999923706055,33.15666961669922,78488,0.0,0.0
2017-04-24,35.0,35.5,34.45000076293945,34.95000076293945,33.06207656860352,57224,0.0,0.0
2017-04-25,35.349998474121094,35.5,34.25,34.54999923706055,32.683685302734375,77126,0.0,0.0
2017-04-26,34.95000076293945,35.400001525878906,33.75,34.349998474121094,32.49448776245117,71415,0.0,0.0
2017-04-27,34.54999923706055,35.04999923706055,33.849998474121094,35.0,33.109375,37441,0.0,0.0
2017-04-28,34.70000076293945,35.29999923706055,34.099998474121094,35.04999923706055,33.15666961669922,36026,0.0,0.0
2017-05-02,35.5,35.599998474121094,34.349998474121094,34.95000076293945,33.06207656860352,52300,0.0,0.0
2017-05-03,34.75,35.29999923706055,34.599998474121094,35.25,33.34587097167969,50409,0.0,0.0
2017-05-04,35.25,35.400001525878906,34.75,35.29999923706055,33.39316940307617,58577,0.0,0.0
2017-05-05,35.0,35.75,34.75,34.95000076293945,33.06207656860352,38360,0.0,0.0
2017-05-08,34.650001525878906,35.650001525878906,34.650001525878906,35.29999923706055,33.39316940307617,45579,0.0,0.0
2017-05-09,35.79999923706055,35.95000076293945,34.79999923706055,35.099998474121094,33.203975677490234,49901,0.0,0.0
2017-05-10,35.400001525878906,35.54999923706055,34.599998474121094,35.20000076293945,33.29857635498047,82524,0.0,0.0
2017-05-11,35.0,35.45000076293945,34.0,34.20000076293945,32.35259246826172,21687,0.0,0.0
2017-05-12,34.20000076293945,34.900001525878906,33.70000076293945,34.54999923706055,32.683685302734375,15391,0.0,0.0
2017-05-15,34.79999923706055,34.79999923706055,31.600000381469727,33.29999923706055,31.501205444335938,40717,0.0,0.0
2017-05-16,33.099998474121094,33.900001525878906,32.29999923706055,32.75,30.98091697692871,20585,0.0,0.0
2017-05-17,32.349998474121094,33.5,32.349998474121094,32.5,30.744422912597656,72999,0.0,0.0
2017-05-18,32.20000076293945,32.650001525878906,31.049999237060547,31.549999237060547,29.84573554992676,26416,0.0,0.0
2017-05-19,32.900001525878906,33.20000076293945,31.0,31.549999237060547,29.84573554992676,13389,0.0,0.0
2017-05-22,32.25,32.25,31.600000381469727,31.649999618530277,29.940336227416992,8936,0.0,0.0
2017-05-23,32.0,32.0,29.649999618530277,30.450000762939453,28.805160522460938,27740,0.0,0.0
2017-05-24,31.399999618530277,31.399999618530277,29.149999618530277,30.0,28.379467010498047,21732,0.0,0.0
2017-05-25,30.5,31.0,29.600000381469727,30.950000762939453,29.27815055847168,5558,0.0,0.0
2017-05-26,31.450000762939453,31.5,30.149999618530277,30.299999237060547,28.66326141357422,19121,0.0,0.0
2017-05-29,31.0,31.0,28.5,29.450000762939453,27.859176635742188,38201,0.0,0.0
2017-05-30,29.0,29.5,27.100000381469727,28.049999237060547,26.534801483154297,43478,0.0,0.0
2017-05-31,28.950000762939453,33.29999923706055,28.75,32.04999923706055,30.3187313079834,154735,0.0,0.0
2017-06-01,31.5,33.5,31.200000762939453,33.099998474121094,31.31200790405273,65698,0.0,0.0
2017-06-02,32.70000076293945,34.849998474121094,32.099998474121094,34.5,32.63639068603516,95907,0.0,0.0
2017-06-05,34.5,34.900001525878906,32.25,32.599998474121094,30.83901596069336,33627,0.0,0.0
2017-06-06,32.400001525878906,32.900001525878906,30.799999237060547,31.149999618530277,29.46734619140625,14216,0.0,0.0
2017-06-07,32.0,32.650001525878906,31.0,31.399999618530277,29.703842163085938,14825,0.0,0.0
2017-06-08,31.700000762939453,34.0,30.0,32.099998474121094,30.36602783203125,29309,0.0,0.0
2017-06-09,32.0,32.75,31.100000381469727,32.150001525878906,30.413330078125,13770,0.0,0.0
2017-06-12,32.599998474121094,33.150001525878906,31.100000381469727,32.900001525878906,31.12281608581543,36070,0.0,0.0
2017-06-13,33.75,35.0,33.0,34.349998474121094,32.49448776245117,30020,0.0,0.0
2017-06-14,34.0,34.849998474121094,33.5,34.099998474121094,32.25799560546875,28490,0.0,0.0
2017-06-15,33.849998474121094,34.70000076293945,33.0,33.79999923706055,31.974193572998047,36111,0.0,0.0
2017-06-16,33.70000076293945,34.099998474121094,33.25,33.29999923706055,31.501205444335938,19611,0.0,0.0
2017-06-19,32.54999923706055,33.5,32.29999923706055,32.70000076293945,30.93362045288086,6168,0.0,0.0
2017-06-20,32.349998474121094,33.0,31.799999237060547,32.45000076293945,30.697126388549805,12846,0.0,0.0
2017-06-21,32.79999923706055,32.79999923706055,31.950000762939453,32.349998474121094,30.602523803710938,10790,0.0,0.0
2017-06-22,32.400001525878906,32.75,31.799999237060547,31.899999618530277,30.17683219909668,5721,0.0,0.0
2017-06-23,31.649999618530277,31.649999618530277,29.149999618530277,30.649999618530277,28.994354248046875,100013,0.0,0.0
2017-06-27,31.399999618530277,31.399999618530277,29.200000762939453,29.799999237060547,28.19026756286621,23910,0.0,0.0
2017-06-28,29.600000381469727,34.650001525878906,29.5,32.45000076293945,30.697126388549805,82955,0.0,0.0
2017-06-29,33.29999923706055,33.29999923706055,31.25,31.75,30.034934997558597,16996,0.0,0.0
2017-06-30,31.75,31.75,30.149999618530277,31.299999237060547,29.609241485595703,7195,0.0,0.0
2017-07-03,31.049999237060547,35.150001525878906,31.049999237060547,33.5,31.69040298461914,65855,0.0,0.0
2017-07-04,34.900001525878906,35.75,33.5,35.400001525878906,33.487770080566406,156075,0.0,0.0
2017-07-05,35.75,40.75,34.400001525878906,39.95000076293945,37.791988372802734,401954,0.0,0.0
2017-07-06,41.84999847412109,42.29999923706055,39.5,40.04999923706055,37.8865852355957,274087,0.0,0.0
2017-07-07,39.79999923706055,40.79999923706055,38.04999923706055,38.59999847412109,36.51491165161133,84481,0.0,0.0
2017-07-10,39.0,39.0,38.0,38.400001525878906,36.32571792602539,9477,0.0,0.0
2017-07-11,38.20000076293945,39.29999923706055,36.20000076293945,36.59999847412109,34.622947692871094,56317,0.0,0.0
2017-07-12,36.5,40.150001525878906,35.79999923706055,38.75,36.65681457519531,103230,0.0,0.0
2017-07-13,39.45000076293945,39.900001525878906,37.0,37.54999923706055,35.521629333496094,80229,0.0,0.0
2017-07-14,37.09999847412109,42.150001525878906,37.09999847412109,41.25,39.021766662597656,413596,0.0,0.0
2017-07-17,41.5,42.84999847412109,40.25,42.04999923706055,39.7785530090332,206756,0.0,0.0
2017-07-18,41.5,41.5,39.0,39.34999847412109,37.224403381347656,82544,0.0,0.0
2017-07-19,40.0,41.5,39.5,40.70000076293945,38.50148010253906,51858,0.0,0.0
2017-07-20,40.20000076293945,40.900001525878906,38.70000076293945,38.70000076293945,36.60951232910156,40882,0.0,0.0
2017-07-21,37.150001525878906,39.400001525878906,36.79999923706055,37.20000076293945,35.1905403137207,41107,0.0,0.0
2017-07-24,37.75,38.5,36.650001525878906,37.59999847412109,35.56892776489258,15029,0.0,0.0
2017-07-25,36.5,38.29999923706055,36.0,36.95000076293945,34.95404815673828,6755,0.0,0.0
2017-07-26,36.34999847412109,38.75,36.04999923706055,38.09999847412109,36.04192352294922,30472,0.0,0.0
2017-07-27,37.59999847412109,38.09999847412109,36.20000076293945,37.150001525878906,35.14324188232422,6120,0.0,0.0
2017-07-28,36.29999923706055,39.0,36.29999923706055,37.25,35.23783493041992,14235,0.0,0.0
2017-07-31,39.0,39.0,36.0,37.95000076293945,35.900020599365234,15859,0.0,0.0
2017-08-01,38.84999847412109,38.84999847412109,36.09999847412109,37.70000076293945,35.66353225708008,10656,0.0,0.0
2017-08-02,38.0,38.0,36.29999923706055,36.59999847412109,35.08831024169922,17480,0.5,0.0
2017-08-03,36.900001525878906,36.900001525878906,35.150001525878906,35.599998474121094,34.129608154296875,16244,0.0,0.0
2017-08-04,35.599998474121094,35.70000076293945,33.95000076293945,34.599998474121094,33.17091751098633,18523,0.0,0.0
2017-08-07,34.95000076293945,35.900001525878906,32.95000076293945,34.95000076293945,33.50646209716797,11031,0.0,0.0
2017-08-08,34.95000076293945,34.95000076293945,34.95000076293945,34.95000076293945,33.50646209716797,0,0.0,0.0
2017-08-09,34.95000076293945,34.95000076293945,34.95000076293945,34.95000076293945,33.50646209716797,0,0.0,0.0
2017-08-10,34.95000076293945,34.95000076293945,34.95000076293945,34.95000076293945,33.50646209716797,0,0.0,0.0
2017-08-11,34.95000076293945,34.95000076293945,34.95000076293945,34.95000076293945,33.50646209716797,0,0.0,0.0
2017-08-14,34.95000076293945,34.95000076293945,34.95000076293945,34.95000076293945,33.50646209716797,0,0.0,0.0
2017-08-16,34.95000076293945,34.95000076293945,34.95000076293945,34.95000076293945,33.50646209716797,0,0.0,0.0
2017-08-17,34.95000076293945,34.95000076293945,34.95000076293945,34.95000076293945,33.50646209716797,0,0.0,0.0
2017-08-18,34.95000076293945,34.95000076293945,34.95000076293945,34.95000076293945,33.50646209716797,0,0.0,0.0
2017-08-21,34.95000076293945,34.95000076293945,34.95000076293945,34.95000076293945,33.50646209716797,0,0.0,0.0
2017-08-22,34.95000076293945,34.95000076293945,34.95000076293945,34.95000076293945,33.50646209716797,0,0.0,0.0
2017-08-23,34.95000076293945,34.95000076293945,34.95000076293945,34.95000076293945,33.50646209716797,0,0.0,0.0
2017-08-24,34.95000076293945,34.95000076293945,34.95000076293945,34.95000076293945,33.50646209716797,0,0.0,0.0
2017-08-28,34.95000076293945,34.95000076293945,34.95000076293945,34.95000076293945,33.50646209716797,0,0.0,0.0
2017-08-29,34.95000076293945,34.95000076293945,34.95000076293945,34.95000076293945,33.50646209716797,0,0.0,0.0
2017-08-30,34.95000076293945,34.95000076293945,34.95000076293945,34.95000076293945,33.50646209716797,0,0.0,0.0
2017-08-31,34.95000076293945,34.95000076293945,34.95000076293945,34.95000076293945,33.50646209716797,0,0.0,0.0
2017-09-01,34.95000076293945,34.95000076293945,34.95000076293945,34.95000076293945,33.50646209716797,0,0.0,0.0
2017-09-04,33.25,33.25,33.25,33.25,31.876672744750977,514,0.0,0.0
2017-09-05,33.25,33.25,33.25,33.25,31.876672744750977,0,0.0,0.0
2017-09-06,33.25,33.25,33.25,33.25,31.876672744750977,0,0.0,0.0
2017-09-07,33.25,33.25,33.25,33.25,31.876672744750977,0,0.0,0.0
2017-09-08,33.25,33.25,33.25,33.25,31.876672744750977,0,0.0,0.0
2017-09-11,33.25,33.25,33.25,33.25,31.876672744750977,0,0.0,0.0
2017-09-12,33.25,33.25,33.25,33.25,31.876672744750977,0,0.0,0.0
2017-09-13,33.25,33.25,33.25,33.25,31.876672744750977,0,0.0,0.0
2017-09-14,34.900001525878906,34.900001525878906,31.600000381469727,31.600000381469727,30.294824600219727,9372,0.0,0.0
2017-09-15,30.049999237060547,30.5,30.049999237060547,30.049999237060547,28.8088436126709,62249,0.0,0.0
2017-09-18,28.549999237060547,31.549999237060547,28.549999237060547,31.399999618530277,30.103084564208984,56705,0.0,0.0
2017-09-19,29.950000762939453,32.0,29.850000381469727,30.950000762939453,29.67167091369629,9771,0.0,0.0
2017-09-20,30.0,32.45000076293945,29.450000762939453,29.950000762939453,28.71297645568848,33383,0.0,0.0
2017-09-21,29.649999618530277,31.399999618530277,28.5,29.850000381469727,28.617107391357425,15616,0.0,0.0
2017-09-22,29.5,30.5,28.399999618530277,28.5,27.322864532470703,6639,0.0,0.0
2017-09-25,28.5,29.0,27.100000381469727,27.799999237060547,26.65177726745605,7924,0.0,0.0
2017-09-26,26.600000381469727,28.450000762939453,26.5,28.049999237060547,26.891450881958008,7367,0.0,0.0
2017-09-27,28.0,28.0,26.700000762939453,26.75,25.64514541625977,8776,0.0,0.0
2017-09-28,26.75,27.799999237060547,25.5,27.0,25.88481903076172,17576,0.0,0.0
2017-09-29,27.0,27.25,26.0,26.200000762939453,25.117860794067383,6766,0.0,0.0
2017-10-03,26.100000381469727,27.100000381469727,26.049999237060547,26.950000762939453,25.83688735961914,6139,0.0,0.0
2017-10-04,27.700000762939453,27.700000762939453,26.049999237060547,26.600000381469727,25.501340866088867,1964,0.0,0.0
2017-10-05,26.0,27.200000762939453,26.0,27.200000762939453,26.07655906677246,5270,0.0,0.0
2017-10-06,28.25,28.25,25.850000381469727,26.350000381469727,25.261667251586918,10926,0.0,0.0
2017-10-09,26.0,27.600000381469727,25.899999618530277,27.0,25.88481903076172,5649,0.0,0.0
2017-10-10,27.5,28.200000762939453,27.0,27.200000762939453,26.07655906677246,12001,0.0,0.0
2017-10-11,27.0,27.200000762939453,26.549999237060547,26.950000762939453,25.83688735961914,13547,0.0,0.0
2017-10-12,26.5,27.5,26.5,26.600000381469727,25.501340866088867,6741,0.0,0.0
2017-10-13,27.75,27.75,26.0,27.0,25.88481903076172,9704,0.0,0.0
2017-10-16,26.75,27.399999618530277,26.5,26.5,25.405467987060547,5273,0.0,0.0
2017-10-17,26.200000762939453,27.75,26.0,27.200000762939453,26.07655906677246,10401,0.0,0.0
2017-10-18,27.200000762939453,27.649999618530277,27.0,27.0,25.88481903076172,1360,0.0,0.0
2017-10-19,28.299999237060547,28.299999237060547,26.200000762939453,27.0,25.88481903076172,15481,0.0,0.0
2017-10-23,26.200000762939453,27.700000762939453,25.649999618530277,27.049999237060547,25.93275451660156,8162,0.0,0.0
2017-10-24,27.799999237060547,28.399999618530277,27.799999237060547,28.399999618530277,27.22699546813965,9666,0.0,0.0
2017-10-25,29.799999237060547,29.799999237060547,29.799999237060547,29.799999237060547,28.569168090820312,1850,0.0,0.0
2017-10-26,31.25,31.25,31.25,31.25,29.95928192138672,4168,0.0,0.0
2017-10-27,32.79999923706055,32.79999923706055,32.79999923706055,32.79999923706055,31.445261001586918,5034,0.0,0.0
2017-10-30,34.400001525878906,34.400001525878906,34.400001525878906,34.400001525878906,32.97917556762695,7342,0.0,0.0
2017-10-31,36.09999847412109,36.09999847412109,33.5,36.04999923706055,34.56102752685547,42796,0.0,0.0
2017-11-01,37.5,37.84999847412109,36.0,37.84999847412109,36.28667831420898,37863,0.0,0.0
2017-11-02,37.84999847412109,39.70000076293945,37.84999847412109,39.59999847412109,37.96440124511719,146625,0.0,0.0
2017-11-03,41.34999847412109,41.34999847412109,37.650001525878906,37.75,36.19081115722656,24599,0.0,0.0
2017-11-06,37.75,37.75,35.900001525878906,35.900001525878906,34.4172248840332,10935,0.0,0.0
2017-11-07,34.150001525878906,36.0,34.150001525878906,34.349998474121094,32.93124008178711,9034,0.0,0.0
2017-11-08,32.75,34.5,32.75,33.29999923706055,31.92460823059082,5837,0.0,0.0
2017-11-09,32.70000076293945,34.95000076293945,32.0,34.95000076293945,33.50646209716797,2411,0.0,0.0
2017-11-10,36.0,36.650001525878906,35.0,36.650001525878906,35.13624572753906,3873,0.0,0.0
2017-11-13,36.650001525878906,38.45000076293945,36.650001525878906,37.84999847412109,36.28667831420898,33225,0.0,0.0
2017-11-14,37.0,37.0,36.0,36.59999847412109,35.08831024169922,4940,0.0,0.0
2017-11-15,37.0,38.400001525878906,34.79999923706055,35.0,33.55439376831055,16810,0.0,0.0
2017-11-16,34.349998474121094,35.29999923706055,33.29999923706055,34.45000076293945,33.0271110534668,17610,0.0,0.0
2017-11-17,35.0,35.95000076293945,32.75,33.04999923706055,31.684934616088867,12859,0.0,0.0
2017-11-20,33.0,34.650001525878906,31.399999618530277,33.0,31.63700294494629,5016,0.0,0.0
2017-11-21,34.54999923706055,34.54999923706055,32.20000076293945,33.150001525878906,31.780805587768555,2466,0.0,0.0
2017-11-22,33.5,34.79999923706055,32.0,34.400001525878906,32.97917556762695,34286,0.0,0.0
2017-11-23,34.5,34.79999923706055,32.79999923706055,34.0,32.595699310302734,14523,0.0,0.0
2017-11-24,34.0,34.79999923706055,33.0,33.20000076293945,31.8287410736084,2921,0.0,0.0
2017-11-27,32.29999923706055,34.70000076293945,31.549999237060547,33.099998474121094,31.732866287231445,6454,0.0,0.0
2017-11-28,33.04999923706055,33.95000076293945,33.04999923706055,33.70000076293945,32.3080940246582,4512,0.0,0.0
2017-11-29,33.5,33.5,32.599998474121094,32.79999923706055,31.445261001586918,20577,0.0,0.0
2017-11-30,33.0,33.0,32.25,32.25,30.917978286743164,7354,0.0,0.0
2017-12-01,33.79999923706055,33.849998474121094,32.0,32.349998474121094,31.01384735107422,6914,0.0,0.0
2017-12-04,30.850000381469727,33.25,30.850000381469727,32.0,30.67830467224121,6979,0.0,0.0
2017-12-05,31.899999618530277,33.0,31.0,32.0,30.67830467224121,6192,0.0,0.0
2017-12-06,31.100000381469727,33.599998474121094,31.100000381469727,31.700000762939453,30.39069557189941,5606,0.0,0.0
2017-12-07,31.100000381469727,33.150001525878906,31.100000381469727,32.5,31.15765380859375,2116,0.0,0.0
2017-12-08,32.5,32.5,31.299999237060547,32.099998474121094,30.774171829223636,13277,0.0,0.0
2017-12-11,32.099998474121094,32.45000076293945,31.25,31.549999237060547,30.246889114379883,1112,0.0,0.0
2017-12-12,31.549999237060547,32.29999923706055,31.299999237060547,31.799999237060547,30.48656463623047,2980,0.0,0.0
2017-12-13,31.299999237060547,32.0,31.299999237060547,32.0,30.67830467224121,9352,0.0,0.0
2017-12-14,32.45000076293945,33.0,31.0,31.25,29.95928192138672,8202,0.0,0.0
2017-12-15,31.450000762939453,32.79999923706055,31.450000762939453,32.79999923706055,31.445261001586918,18978,0.0,0.0
2017-12-18,33.29999923706055,33.95000076293945,31.200000762939453,32.79999923706055,31.445261001586918,8047,0.0,0.0
2017-12-19,32.5,33.5,32.5,32.95000076293945,31.589067459106445,6640,0.0,0.0
2017-12-20,32.400001525878906,33.95000076293945,31.600000381469727,32.400001525878906,31.06178474426269,1553,0.0,0.0
2017-12-21,33.75,34.0,32.04999923706055,34.0,32.595699310302734,13703,0.0,0.0
2017-12-22,34.5,34.5,33.54999923706055,33.599998474121094,32.21221923828125,2213,0.0,0.0
2017-12-26,33.5,34.95000076293945,32.29999923706055,34.0,32.595699310302734,3596,0.0,0.0
2017-12-27,32.349998474121094,35.099998474121094,32.349998474121094,33.70000076293945,32.3080940246582,4043,0.0,0.0
2017-12-28,34.900001525878906,34.900001525878906,33.0,33.70000076293945,32.3080940246582,3888,0.0,0.0
2017-12-29,32.04999923706055,35.349998474121094,32.04999923706055,33.650001525878906,32.260154724121094,6111,0.0,0.0
2018-01-01,35.150001525878906,35.150001525878906,32.20000076293945,32.29999923706055,30.96591567993164,28677,0.0,0.0
2018-01-02,32.04999923706055,33.0,31.5,32.70000076293945,31.349395751953125,17553,0.0,0.0
2018-01-03,33.150001525878906,34.0,32.0,32.0,30.67830467224121,12032,0.0,0.0
2018-01-04,32.04999923706055,32.099998474121094,31.299999237060547,32.0,30.67830467224121,29618,0.0,0.0
2018-01-05,32.0,32.0,31.399999618530277,31.450000762939453,30.15102195739746,6043,0.0,0.0
2018-01-08,31.799999237060547,32.0,31.100000381469727,31.649999618530277,30.34276008605957,14410,0.0,0.0
2018-01-09,31.700000762939453,32.0,30.649999618530277,31.600000381469727,30.294824600219727,19384,0.0,0.0
2018-01-10,31.950000762939453,32.0,30.649999618530277,31.049999237060547,29.767541885375977,8103,0.0,0.0
2018-01-11,31.899999618530277,31.899999618530277,30.0,31.5,30.19895362854004,11380,0.0,0.0
2018-01-12,31.899999618530277,32.0,30.549999237060547,31.850000381469727,30.534500122070312,6308,0.0,0.0
2018-01-15,32.5,33.400001525878906,31.100000381469727,32.95000076293945,31.589067459106445,35487,0.0,0.0
2018-01-16,34.0,34.25,32.099998474121094,32.400001525878906,31.06178474426269,12228,0.0,0.0
2018-01-17,33.0,33.0,30.799999237060547,32.70000076293945,31.349395751953125,10664,0.0,0.0
2018-01-18,33.0,34.29999923706055,31.200000762939453,33.95000076293945,32.54776763916016,41786,0.0,0.0
2018-01-19,35.599998474121094,35.599998474121094,32.29999923706055,35.45000076293945,33.985809326171875,48884,0.0,0.0
2018-01-22,35.599998474121094,36.79999923706055,34.150001525878906,35.400001525878906,33.93787384033203,11785,0.0,0.0
2018-01-23,36.70000076293945,37.150001525878906,35.599998474121094,37.04999923706055,35.51972198486328,52817,0.0,0.0
2018-01-24,35.20000076293945,37.5,35.20000076293945,35.599998474121094,34.129608154296875,11978,0.0,0.0
2018-01-25,34.54999923706055,36.0,34.04999923706055,34.45000076293945,33.0271110534668,14837,0.0,0.0
2018-01-29,34.45000076293945,35.45000076293945,32.79999923706055,34.5,33.075050354003906,5672,0.0,0.0
2018-01-30,34.0,34.400001525878906,32.79999923706055,32.849998474121094,31.49319648742676,24709,0.0,0.0
2018-01-31,33.75,33.75,31.25,32.349998474121094,31.01384735107422,3779,0.0,0.0
2018-02-01,33.20000076293945,33.29999923706055,31.350000381469727,31.950000762939453,30.63037109375,3429,0.0,0.0
2018-02-02,31.5,32.25,30.399999618530277,30.850000381469727,29.575801849365234,9476,0.0,0.0
2018-02-05,30.850000381469727,30.850000381469727,29.350000381469727,29.350000381469727,28.137758255004883,7438,0.0,0.0
2018-02-06,29.100000381469727,30.700000762939453,27.899999618530277,30.5,29.240259170532227,15869,0.0,0.0
2018-02-07,29.5,32.0,29.5,30.25,29.00058364868164,19688,0.0,0.0
2018-02-08,28.799999237060547,31.0,28.799999237060547,30.75,29.47993278503418,18764,0.0,0.0
2018-02-09,30.649999618530277,32.0,30.0,31.149999618530277,29.86341094970703,8666,0.0,0.0
2018-02-12,31.5,32.45000076293945,31.399999618530277,32.04999923706055,30.72624015808105,7310,0.0,0.0
2018-02-14,33.650001525878906,33.650001525878906,31.0,32.650001525878906,31.30145835876465,19743,0.0,0.0
2018-02-15,32.0,33.650001525878906,32.0,33.04999923706055,31.684934616088867,15302,0.0,0.0
2018-02-16,33.0,33.45000076293945,32.349998474121094,32.5,31.15765380859375,9010,0.0,0.0
2018-02-19,32.04999923706055,32.04999923706055,30.899999618530277,31.049999237060547,29.767541885375977,25023,0.0,0.0
2018-02-20,30.0,31.75,30.0,31.350000381469727,30.055152893066406,2472,0.0,0.0
2018-02-21,32.349998474121094,32.349998474121094,29.799999237060547,30.649999618530277,29.38406181335449,5826,0.0,0.0
2018-02-22,29.700000762939453,31.0,29.700000762939453,30.850000381469727,29.575801849365234,554,0.0,0.0
2018-02-23,30.049999237060547,31.5,29.5,29.799999237060547,28.569168090820312,41551,0.0,0.0
2018-02-26,30.950000762939453,31.100000381469727,29.5,30.799999237060547,29.527868270874023,10315,0.0,0.0
2018-02-27,31.0,31.0,29.600000381469727,29.75,28.52123641967773,8177,0.0,0.0
2018-02-28,29.75,30.700000762939453,29.75,29.899999618530277,28.665042877197266,7082,0.0,0.0
2018-03-01,29.700000762939453,30.149999618530277,29.450000762939453,30.100000381469727,28.85678100585937,4134,0.0,0.0
2018-03-05,30.100000381469727,31.0,29.0,30.600000381469727,29.33612823486328,11656,0.0,0.0
2018-03-06,30.0,31.100000381469727,29.75,30.200000762939453,28.952651977539062,14978,0.0,0.0
2018-03-07,30.0,31.299999237060547,28.799999237060547,29.0,27.80221176147461,11732,0.0,0.0
2018-03-08,28.5,30.0,28.5,29.350000381469727,28.137758255004883,10112,0.0,0.0
2018-03-09,29.049999237060547,29.799999237060547,28.75,29.25,28.041887283325195,13522,0.0,0.0
2018-03-12,28.5,30.0,28.5,29.600000381469727,28.37743186950684,2820,0.0,0.0
2018-03-13,29.899999618530277,30.0,29.0,29.0,27.80221176147461,26719,0.0,0.0
2018-03-14,28.5,29.799999237060547,28.5,29.5,28.28156089782715,3498,0.0,0.0
2018-03-15,28.850000381469727,29.850000381469727,28.850000381469727,29.649999618530277,28.42536735534668,4918,0.0,0.0
2018-03-16,29.399999618530277,30.5,29.399999618530277,29.5,28.28156089782715,6557,0.0,0.0
2018-03-19,28.75,30.200000762939453,28.350000381469727,29.149999618530277,27.946016311645508,6000,0.0,0.0
2018-03-20,29.950000762939453,29.950000762939453,28.5,29.350000381469727,28.137758255004883,1643,0.0,0.0
2018-03-21,30.0,30.5,28.649999618530277,29.200000762939453,27.99395179748535,4631,0.0,0.0
2018-03-22,28.649999618530277,29.600000381469727,28.049999237060547,28.200000762939453,27.035255432128903,8054,0.0,0.0
2018-03-23,27.799999237060547,29.600000381469727,27.299999237060547,28.0,26.843515396118164,21283,0.0,0.0
2018-03-26,29.399999618530277,29.399999618530277,26.850000381469727,27.149999618530277,26.02862548828125,45169,0.0,0.0
2018-03-27,27.5,28.100000381469727,27.25,27.350000381469727,26.22036361694336,3505,0.0,0.0
2018-03-28,26.899999618530277,27.950000762939453,26.200000762939453,27.600000381469727,26.460039138793945,9559,0.0,0.0
2018-04-02,27.549999237060547,28.950000762939453,27.549999237060547,28.75,27.56254005432129,6513,0.0,0.0
2018-04-03,28.299999237060547,29.600000381469727,28.299999237060547,29.5,28.28156089782715,7740,0.0,0.0
2018-04-04,29.450000762939453,29.549999237060547,28.700000762939453,29.100000381469727,27.898082733154297,14612,0.0,0.0
2018-04-05,28.5,30.399999618530277,28.5,30.200000762939453,28.952651977539062,17539,0.0,0.0
2018-04-06,30.549999237060547,30.549999237060547,30.350000381469727,30.399999618530277,29.14438819885254,2376,0.0,0.0
2018-04-09,31.399999618530277,31.399999618530277,29.399999618530277,30.350000381469727,29.096454620361328,6722,0.0,0.0
2018-04-10,29.200000762939453,30.5,29.100000381469727,30.200000762939453,28.952651977539062,5365,0.0,0.0
2018-04-11,30.950000762939453,30.950000762939453,29.350000381469727,29.600000381469727,28.37743186950684,9784,0.0,0.0
2018-04-12,30.200000762939453,30.200000762939453,29.450000762939453,29.799999237060547,28.569168090820312,8419,0.0,0.0
2018-04-13,29.200000762939453,30.200000762939453,29.200000762939453,30.200000762939453,28.952651977539062,445,0.0,0.0
2018-04-16,28.850000381469727,30.0,28.850000381469727,29.700000762939453,28.47330093383789,4896,0.0,0.0
2018-04-17,28.899999618530277,30.549999237060547,28.899999618530277,29.950000762939453,28.71297645568848,5776,0.0,0.0
2018-04-18,31.399999618530277,31.399999618530277,30.100000381469727,30.549999237060547,29.28819274902344,1706,0.0,0.0
2018-04-19,30.0,30.950000762939453,29.75,30.399999618530277,29.14438819885254,8751,0.0,0.0
2018-04-20,28.75,32.5,28.75,31.549999237060547,30.246889114379883,14200,0.0,0.0
2018-04-23,28.850000381469727,32.5,28.850000381469727,30.5,29.240259170532227,12301,0.0,0.0
2018-04-24,28.200000762939453,31.950000762939453,28.200000762939453,29.399999618530277,28.185691833496094,14564,0.0,0.0
2018-04-25,29.149999618530277,30.0,29.149999618530277,30.0,28.76091194152832,10533,0.0,0.0
2018-04-26,31.350000381469727,31.399999618530277,29.450000762939453,29.700000762939453,28.47330093383789,10684,0.0,0.0
2018-04-27,29.75,30.899999618530277,28.25,28.450000762939453,27.27492904663086,15141,0.0,0.0
2018-04-30,31.25,31.25,28.549999237060547,29.649999618530277,28.42536735534668,8278,0.0,0.0
2018-05-02,30.700000762939453,30.700000762939453,28.700000762939453,29.0,27.80221176147461,5895,0.0,0.0
2018-05-03,26.799999237060547,30.700000762939453,26.799999237060547,28.649999618530277,27.4666690826416,3139,0.0,0.0
2018-05-04,28.75,29.5,28.75,29.100000381469727,27.898082733154297,7542,0.0,0.0
2018-05-07,26.5,30.299999237060547,26.5,29.0,27.80221176147461,2110,0.0,0.0
2018-05-08,29.0,29.299999237060547,28.299999237060547,28.799999237060547,27.610471725463867,7221,0.0,0.0
2018-05-09,27.549999237060547,30.600000381469727,27.549999237060547,30.350000381469727,29.096454620361328,30759,0.0,0.0
2018-05-10,30.700000762939453,31.049999237060547,29.149999618530277,30.75,29.47993278503418,14123,0.0,0.0
2018-05-11,29.049999237060547,31.0,29.049999237060547,30.600000381469727,29.33612823486328,3105,0.0,0.0
2018-05-14,28.649999618530277,29.950000762939453,28.649999618530277,29.149999618530277,27.946016311645508,2006,0.0,0.0
2018-05-15,28.0,29.850000381469727,28.0,28.799999237060547,27.610471725463867,2221,0.0,0.0
2018-05-16,28.799999237060547,29.75,28.0,29.399999618530277,28.185691833496094,553,0.0,0.0
2018-05-17,29.850000381469727,29.850000381469727,27.649999618530277,29.700000762939453,28.47330093383789,4143,0.0,0.0
2018-05-18,30.899999618530277,30.899999618530277,28.549999237060547,29.0,27.80221176147461,3705,0.0,0.0
2018-05-21,28.899999618530277,29.0,28.200000762939453,28.600000381469727,27.41873359680176,5097,0.0,0.0
2018-05-22,28.5,29.5,28.5,29.0,27.80221176147461,6322,0.0,0.0
2018-05-23,28.0,30.950000762939453,28.0,29.75,28.52123641967773,37376,0.0,0.0
2018-05-24,29.149999618530277,30.450000762939453,29.0,29.850000381469727,28.617107391357425,6531,0.0,0.0
2018-05-25,30.0,30.049999237060547,29.5,29.600000381469727,28.37743186950684,6065,0.0,0.0
2018-05-28,28.549999237060547,30.899999618530277,28.549999237060547,29.600000381469727,28.37743186950684,2061,0.0,0.0
2018-05-29,29.0,30.5,29.0,29.600000381469727,28.37743186950684,10919,0.0,0.0
2018-05-30,28.0,31.0,27.0,30.700000762939453,29.431997299194336,12679,0.0,0.0
2018-05-31,32.0,32.0,29.0,29.600000381469727,28.37743186950684,12648,0.0,0.0
2018-06-01,31.299999237060547,31.299999237060547,28.0,28.850000381469727,27.658409118652344,11567,0.0,0.0
2018-06-04,29.0,29.5,29.0,29.25,28.041887283325195,11770,0.0,0.0
2018-06-05,28.799999237060547,30.200000762939453,27.149999618530277,27.600000381469727,26.460039138793945,8396,0.0,0.0
2018-06-06,27.600000381469727,28.5,27.5,28.149999618530277,26.987319946289062,3494,0.0,0.0
2018-06-07,28.700000762939453,29.0,27.850000381469727,28.399999618530277,27.22699546813965,3444,0.0,0.0
2018-06-08,28.0,30.0,27.799999237060547,28.200000762939453,27.035255432128903,9671,0.0,0.0
2018-06-11,29.0,29.0,27.049999237060547,27.399999618530277,26.26829719543457,783,0.0,0.0
2018-06-12,27.049999237060547,28.899999618530277,27.0,27.399999618530277,26.26829719543457,3211,0.0,0.0
2018-06-13,27.950000762939453,28.450000762939453,27.100000381469727,27.5,26.36417007446289,3734,0.0,0.0
2018-06-14,27.299999237060547,27.850000381469727,27.299999237060547,27.75,26.60384178161621,4195,0.0,0.0
2018-06-15,27.5,27.75,27.5,27.700000762939453,26.555908203125,1367,0.0,0.0
2018-06-18,27.5,28.850000381469727,27.299999237060547,27.350000381469727,26.22036361694336,2709,0.0,0.0
2018-06-19,27.0,30.450000762939453,27.0,27.649999618530277,26.507970809936523,7467,0.0,0.0
2018-06-20,27.299999237060547,27.899999618530277,26.5,26.649999618530277,25.54927444458008,4352,0.0,0.0
2018-06-21,27.350000381469727,29.450000762939453,27.0,28.350000381469727,27.179059982299805,5011,0.0,0.0
2018-06-22,29.899999618530277,29.899999618530277,27.350000381469727,27.799999237060547,26.65177726745605,4215,0.0,0.0
2018-06-25,27.25,28.549999237060547,26.200000762939453,27.0,25.88481903076172,2972,0.0,0.0
2018-06-26,27.049999237060547,27.399999618530277,26.149999618530277,27.399999618530277,26.26829719543457,1977,0.0,0.0
2018-06-27,26.899999618530277,28.0,22.0,24.700000762939453,23.6798152923584,47260,0.0,0.0
2018-06-28,25.799999237060547,26.0,20.149999618530277,22.450000762939453,21.522748947143555,82177,0.0,0.0
2018-06-29,22.899999618530277,26.700000762939453,22.0,24.950000762939453,23.919490814208984,61242,0.0,0.0
2018-07-02,29.0,29.0,23.350000381469727,23.850000381469727,22.86492347717285,78096,0.0,0.0
2018-07-03,23.850000381469727,25.399999618530277,23.850000381469727,24.450000762939453,23.44014549255371,17790,0.0,0.0
2018-07-04,25.950000762939453,26.75,24.0,26.549999237060547,25.453405380249023,39619,0.0,0.0
2018-07-05,26.100000381469727,28.100000381469727,26.100000381469727,26.950000762939453,25.83688735961914,39467,0.0,0.0
2018-07-06,26.950000762939453,26.950000762939453,26.049999237060547,26.100000381469727,25.021991729736328,8042,0.0,0.0
2018-07-09,26.200000762939453,26.799999237060547,26.0,26.149999618530277,25.06992530822754,14563,0.0,0.0
2018-07-10,25.950000762939453,27.399999618530277,25.950000762939453,26.649999618530277,25.54927444458008,2896,0.0,0.0
2018-07-11,26.700000762939453,26.899999618530277,26.149999618530277,26.200000762939453,25.117860794067383,3369,0.0,0.0
2018-07-12,26.799999237060547,26.799999237060547,25.0,26.25,25.165796279907227,2653,0.0,0.0
2018-07-13,26.200000762939453,26.5,24.549999237060547,26.25,25.165796279907227,2437,0.0,0.0
2018-07-16,25.5,27.0,24.5,25.450000762939453,24.398839950561523,4892,0.0,0.0
2018-07-17,27.899999618530277,27.899999618530277,24.600000381469727,24.700000762939453,23.6798152923584,8409,0.0,0.0
2018-07-18,25.5,26.600000381469727,24.649999618530277,25.950000762939453,24.87818717956543,3279,0.0,0.0
2018-07-19,25.149999618530277,26.0,24.0,25.950000762939453,24.87818717956543,2725,0.0,0.0
2018-07-20,26.0,27.5,25.0,25.399999618530277,24.35090446472168,11315,0.0,0.0
2018-07-23,26.200000762939453,26.899999618530277,24.5,25.200000762939453,24.15916633605957,9618,0.0,0.0
2018-07-24,25.850000381469727,26.649999618530277,24.799999237060547,26.200000762939453,25.117860794067383,17369,0.0,0.0
2018-07-25,26.200000762939453,26.200000762939453,24.799999237060547,24.899999618530277,23.87155532836914,26924,0.0,0.0
2018-07-26,24.899999618530277,27.649999618530277,24.899999618530277,25.5,24.44677352905273,5709,0.0,0.0
2018-07-27,26.0,26.700000762939453,25.25,25.450000762939453,24.398839950561523,19775,0.0,0.0
2018-07-30,28.100000381469727,30.5,25.350000381469727,25.850000381469727,24.782316207885746,5593,0.0,0.0
2018-07-31,28.0,29.700000762939453,26.0,26.0,24.926122665405277,4598,0.0,0.0
2018-08-01,25.399999618530277,26.850000381469727,25.399999618530277,26.0,24.926122665405277,3186,0.0,0.0
2018-08-02,25.899999618530277,25.950000762939453,24.5,25.399999618530277,24.35090446472168,3382,0.0,0.0
2018-08-03,27.0,27.0,25.299999237060547,26.0,24.926122665405277,9942,0.0,0.0
2018-08-06,30.5,30.5,25.75,25.799999237060547,24.73438262939453,8305,0.0,0.0
2018-08-07,25.799999237060547,26.5,24.149999618530277,25.100000381469727,24.06329727172852,21004,0.0,0.0
2018-08-08,25.5,25.5,24.25,24.700000762939453,23.6798152923584,13790,0.0,0.0
2018-08-09,24.200000762939453,25.0,23.799999237060547,24.549999237060547,23.536012649536133,26692,0.0,0.0
2018-08-10,24.0,25.600000381469727,23.149999618530277,23.700000762939453,22.721118927001957,17347,0.0,0.0
2018-08-13,23.700000762939453,25.5,23.149999618530277,23.649999618530277,22.67318344116211,3501,0.0,0.0
2018-08-14,26.0,26.0,23.299999237060547,24.850000381469727,23.82362174987793,9016,0.0,0.0
2018-08-16,27.350000381469727,27.350000381469727,23.450000762939453,25.049999237060547,24.01535987854004,11021,0.0,0.0
2018-08-17,25.049999237060547,25.049999237060547,24.149999618530277,25.0,23.967424392700195,2263,0.0,0.0
2018-08-20,24.950000762939453,26.5,24.25,25.5,24.44677352905273,19009,0.0,0.0
2018-08-21,25.0,27.0,24.700000762939453,26.049999237060547,24.97405433654785,15869,0.0,0.0
2018-08-23,26.200000762939453,26.5,25.549999237060547,25.850000381469727,24.782316207885746,8372,0.0,0.0
2018-08-24,27.0,27.0,24.899999618530277,26.399999618530277,25.30959892272949,9714,0.0,0.0
2018-08-27,27.399999618530277,27.399999618530277,25.799999237060547,26.100000381469727,25.021991729736328,11442,0.0,0.0
2018-08-28,26.0,26.950000762939453,25.149999618530277,25.850000381469727,24.782316207885746,20076,0.0,0.0
2018-08-29,26.0,26.850000381469727,25.100000381469727,25.799999237060547,24.73438262939453,6580,0.0,0.0
2018-08-30,26.399999618530277,27.299999237060547,25.950000762939453,26.899999618530277,25.788949966430664,9351,0.0,0.0
2018-08-31,26.350000381469727,28.0,26.350000381469727,27.299999237060547,26.172426223754883,12756,0.0,0.0
2018-09-03,27.299999237060547,28.899999618530277,27.0,28.549999237060547,27.37079620361328,16832,0.0,0.0
2018-09-04,28.899999618530277,28.899999618530277,27.100000381469727,28.0,26.843515396118164,8178,0.0,0.0
2018-09-05,28.0,28.700000762939453,26.700000762939453,28.399999618530277,27.22699546813965,10896,0.0,0.0
2018-09-06,28.0,29.899999618530277,27.75,29.649999618530277,28.42536735534668,20580,0.0,0.0
2018-09-07,29.5,29.950000762939453,28.399999618530277,28.700000762939453,27.514604568481445,13728,0.0,0.0
2018-09-10,29.5,29.5,28.0,28.049999237060547,26.891450881958008,6760,0.0,0.0
2018-09-11,30.799999237060547,30.799999237060547,28.350000381469727,28.850000381469727,27.658409118652344,28905,0.0,0.0
2018-09-12,30.5,30.5,27.399999618530277,28.549999237060547,27.37079620361328,10058,0.0,0.0
2018-09-14,29.700000762939453,29.700000762939453,28.649999618530277,29.149999618530277,28.444164276123047,7106,0.5,0.0
2018-09-17,30.0,30.0,28.549999237060547,28.899999618530277,28.20021629333496,9428,0.0,0.0
2018-09-18,28.600000381469727,29.5,27.75,28.200000762939453,27.517168045043945,9494,0.0,0.0
2018-09-19,27.75,28.350000381469727,24.25,26.149999618530277,25.51680564880371,18526,0.0,0.0
2018-09-21,27.899999618530277,27.899999618530277,23.049999237060547,25.549999237060547,24.93133354187012,11679,0.0,0.0
2018-09-24,25.549999237060547,27.5,25.0,25.899999618530277,25.272859573364254,2347,0.0,0.0
2018-09-25,26.950000762939453,26.950000762939453,25.100000381469727,25.549999237060547,24.93133354187012,3159,0.0,0.0
2018-09-26,26.899999618530277,26.899999618530277,25.399999618530277,25.549999237060547,24.93133354187012,1693,0.0,0.0
2018-09-27,25.399999618530277,25.600000381469727,24.600000381469727,25.100000381469727,24.492233276367188,3952,0.0,0.0
2018-09-28,26.899999618530277,26.899999618530277,24.149999618530277,26.299999237060547,25.66317367553711,12642,0.0,0.0
2018-10-01,26.399999618530277,27.5,24.649999618530277,27.350000381469727,26.6877498626709,9742,0.0,0.0
2018-10-03,27.350000381469727,28.850000381469727,26.200000762939453,26.549999237060547,25.907121658325195,6896,0.0,0.0
2018-10-04,29.0,29.0,25.100000381469727,27.350000381469727,26.6877498626709,6932,0.0,0.0
2018-10-05,29.100000381469727,32.0,26.899999618530277,27.100000381469727,26.44380187988281,14258,0.0,0.0
2018-10-08,28.899999618530277,28.899999618530277,26.100000381469727,27.75,27.07806396484375,9843,0.0,0.0
2018-10-09,29.299999237060547,29.299999237060547,26.5,27.75,27.07806396484375,10382,0.0,0.0
2018-10-10,26.600000381469727,28.0,24.649999618530277,27.549999237060547,26.882905960083008,11677,0.0,0.0
2018-10-11,27.0,28.850000381469727,25.149999618530277,28.049999237060547,27.370800018310547,10523,0.0,0.0
2018-10-12,30.0,30.0,27.0,27.799999237060547,27.126853942871094,6595,0.0,0.0
2018-10-15,27.0,28.450000762939453,27.0,28.100000381469727,27.41958999633789,2762,0.0,0.0
2018-10-16,27.5,28.149999618530277,26.700000762939453,27.100000381469727,26.44380187988281,11740,0.0,0.0
2018-10-17,29.950000762939453,29.950000762939453,26.899999618530277,28.399999618530277,27.712326049804688,9689,0.0,0.0
2018-10-19,27.5,28.600000381469727,27.049999237060547,28.149999618530277,27.4683780670166,8097,0.0,0.0
2018-10-22,27.5,28.75,27.299999237060547,28.600000381469727,27.9074821472168,7098,0.0,0.0
2018-10-23,28.450000762939453,29.0,28.049999237060547,28.450000762939453,27.7611141204834,6418,0.0,0.0
2018-10-24,27.700000762939453,28.899999618530277,27.700000762939453,28.149999618530277,27.4683780670166,5951,0.0,0.0
2018-10-25,28.0,28.950000762939453,27.5,28.75,28.053852081298828,8024,0.0,0.0
2018-10-26,28.5,28.950000762939453,28.149999618530277,28.25,27.565956115722656,7019,0.0,0.0
2018-10-29,27.799999237060547,30.0,27.799999237060547,29.799999237060547,29.07842254638672,8591,0.0,0.0
2018-10-30,29.0,30.899999618530277,29.0,30.450000762939453,29.71268844604492,8135,0.0,0.0
2018-10-31,30.100000381469727,32.75,30.100000381469727,32.45000076293945,31.66426086425781,26971,0.0,0.0
2018-11-01,33.0,33.04999923706055,31.5,32.0,31.225154876708984,6287,0.0,0.0
2018-11-02,32.95000076293945,33.75,30.149999618530277,30.450000762939453,29.71268844604492,12224,0.0,0.0
2018-11-05,30.5,32.849998474121094,30.0,30.049999237060547,29.322370529174805,855,0.0,0.0
2018-11-06,29.75,32.0,28.649999618530277,28.799999237060547,28.102638244628903,7793,0.0,0.0
2018-11-07,29.0,29.950000762939453,28.600000381469727,29.649999618530277,28.932058334350582,1304,0.0,0.0
2018-11-09,30.25,30.25,28.350000381469727,29.299999237060547,28.590532302856445,3173,0.0,0.0
2018-11-12,30.25,30.25,26.75,28.649999618530277,27.95627212524414,7844,0.0,0.0
2018-11-13,28.049999237060547,29.450000762939453,28.049999237060547,28.299999237060547,27.61474609375,3789,0.0,0.0
2018-11-14,28.0,29.299999237060547,27.100000381469727,27.600000381469727,26.931697845458984,8834,0.0,0.0
2018-11-15,27.0,27.450000762939453,27.0,27.200000762939453,26.5413818359375,4744,0.0,0.0
2018-11-16,28.299999237060547,28.299999237060547,26.75,26.950000762939453,26.29743766784668,11492,0.0,0.0
2018-11-19,26.5,27.100000381469727,25.350000381469727,26.100000381469727,25.468017578125,5509,0.0,0.0
2018-11-20,26.0,26.850000381469727,26.0,26.200000762939453,25.56559562683105,3011,0.0,0.0
2018-11-21,26.0,27.200000762939453,25.799999237060547,26.0,25.370439529418945,4517,0.0,0.0
2018-11-22,26.399999618530277,26.950000762939453,25.5,25.600000381469727,24.98012351989746,5688,0.0,0.0
2018-11-26,25.100000381469727,26.700000762939453,25.049999237060547,26.450000762939453,25.80954360961914,3067,0.0,0.0
2018-11-27,26.0,26.899999618530277,25.5,26.649999618530277,26.00469970703125,6226,0.0,0.0
2018-11-28,26.049999237060547,26.5,25.5,25.649999618530277,25.028913497924805,2655,0.0,0.0
2018-11-29,26.5,30.0,25.299999237060547,28.600000381469727,27.9074821472168,39404,0.0,0.0
2018-11-30,29.0,29.0,27.100000381469727,27.5,26.83411979675293,3245,0.0,0.0
2018-12-03,27.5,28.799999237060547,26.75,27.100000381469727,26.44380187988281,3592,0.0,0.0
2018-12-04,27.899999618530277,28.649999618530277,26.75,28.100000381469727,27.41958999633789,6611,0.0,0.0
2018-12-05,28.899999618530277,29.399999618530277,28.0,28.950000762939453,28.24901008605957,7383,0.0,0.0
2018-12-06,28.850000381469727,29.649999618530277,27.799999237060547,28.649999618530277,27.95627212524414,5977,0.0,0.0
2018-12-07,28.0,28.399999618530277,27.100000381469727,27.899999618530277,27.22443199157715,6456,0.0,0.0
2018-12-10,28.0,28.549999237060547,28.0,28.049999237060547,27.370800018310547,5420,0.0,0.0
2018-12-11,28.0,29.149999618530277,28.0,28.25,27.565956115722656,3868,0.0,0.0
2018-12-12,27.5,30.0,27.350000381469727,29.5,28.785688400268555,28220,0.0,0.0
2018-12-13,28.299999237060547,29.899999618530277,28.149999618530277,29.0,28.29779624938965,3733,0.0,0.0
2018-12-14,29.899999618530277,29.899999618530277,28.700000762939453,29.100000381469727,28.395376205444336,1542,0.0,0.0
2018-12-17,30.0,30.0,28.0,29.299999237060547,28.590532302856445,10923,0.0,0.0
2018-12-18,29.799999237060547,29.799999237060547,28.700000762939453,29.200000762939453,28.49295425415039,3724,0.0,0.0
2018-12-19,29.899999618530277,29.899999618530277,28.549999237060547,29.25,28.54174423217773,6467,0.0,0.0
2018-12-20,29.399999618530277,29.450000762939453,28.399999618530277,29.200000762939453,28.49295425415039,2302,0.0,0.0
2018-12-21,29.100000381469727,29.399999618530277,28.600000381469727,29.0,28.29779624938965,2943,0.0,0.0
2018-12-24,28.799999237060547,29.200000762939453,28.100000381469727,28.299999237060547,27.61474609375,616,0.0,0.0
2018-12-26,28.899999618530277,28.899999618530277,28.100000381469727,28.850000381469727,28.151430130004883,5057,0.0,0.0
2018-12-27,28.100000381469727,29.100000381469727,28.100000381469727,28.549999237060547,27.85869026184082,4408,0.0,0.0
2018-12-28,28.0,28.899999618530277,28.0,28.549999237060547,27.85869026184082,4793,0.0,0.0
2018-12-31,28.950000762939453,29.0,28.100000381469727,28.450000762939453,27.7611141204834,1232,0.0,0.0
2019-01-01,29.0,29.200000762939453,28.149999618530277,28.75,28.053852081298828,783,0.0,0.0
2019-01-02,29.200000762939453,29.200000762939453,28.299999237060547,28.950000762939453,28.24901008605957,388,0.0,0.0
2019-01-03,29.149999618530277,29.149999618530277,28.299999237060547,28.299999237060547,27.61474609375,2786,0.0,0.0
2019-01-04,28.0,28.5,28.0,28.049999237060547,27.370800018310547,1742,0.0,0.0
2019-01-07,28.0,28.950000762939453,27.850000381469727,28.450000762939453,27.7611141204834,1581,0.0,0.0
2019-01-08,28.0,28.850000381469727,27.5,28.049999237060547,27.370800018310547,1968,0.0,0.0
2019-01-09,29.899999618530277,29.899999618530277,26.5,27.600000381469727,26.931697845458984,6765,0.0,0.0
2019-01-10,27.200000762939453,28.950000762939453,27.0,27.100000381469727,26.44380187988281,11040,0.0,0.0
2019-01-11,27.649999618530277,27.899999618530277,26.700000762939453,26.799999237060547,26.151065826416016,548,0.0,0.0
2019-01-14,27.950000762939453,27.950000762939453,26.0,26.149999618530277,25.51680564880371,16770,0.0,0.0
2019-01-15,26.600000381469727,27.5,26.100000381469727,27.350000381469727,26.6877498626709,3423,0.0,0.0
2019-01-16,27.0,27.600000381469727,26.5,26.899999618530277,26.248645782470703,3641,0.0,0.0
2019-01-17,27.5,28.0,26.850000381469727,27.450000762939453,26.785329818725582,3732,0.0,0.0
2019-01-18,27.950000762939453,27.950000762939453,26.600000381469727,27.149999618530277,26.49259376525879,2700,0.0,0.0
2019-01-21,26.0,29.100000381469727,26.0,26.950000762939453,26.29743766784668,1114,0.0,0.0
2019-01-22,27.5,27.5,24.450000762939453,25.0,24.394651412963867,27586,0.0,0.0
2019-01-23,29.799999237060547,29.799999237060547,25.200000762939453,25.649999618530277,25.028913497924805,4375,0.0,0.0
2019-01-24,26.950000762939453,26.950000762939453,24.200000762939453,25.399999618530277,24.78496742248535,4610,0.0,0.0
2019-01-25,27.200000762939453,27.200000762939453,25.149999618530277,25.450000762939453,24.83375740051269,5183,0.0,0.0
2019-01-28,25.450000762939453,25.75,23.700000762939453,24.799999237060547,24.199493408203125,17085,0.0,0.0
2019-01-29,27.0,27.0,24.5,25.899999618530277,25.272859573364254,5490,0.0,0.0
2019-01-30,25.899999618530277,26.299999237060547,25.0,25.549999237060547,24.93133354187012,7002,0.0,0.0
2019-01-31,25.549999237060547,25.850000381469727,24.75,25.5,24.882545471191406,5180,0.0,0.0
2019-02-01,25.149999618530277,27.0,24.450000762939453,26.100000381469727,25.468017578125,14321,0.0,0.0
2019-02-04,26.100000381469727,26.100000381469727,24.75,25.100000381469727,24.492233276367188,1515,0.0,0.0
2019-02-05,25.0,25.850000381469727,24.649999618530277,24.850000381469727,24.2482852935791,1285,0.0,0.0
2019-02-06,24.5,25.850000381469727,23.700000762939453,24.200000762939453,23.6140251159668,8520,0.0,0.0
2019-02-07,24.0,24.049999237060547,23.5,24.0,23.418865203857425,1927,0.0,0.0
2019-02-08,25.200000762939453,25.200000762939453,23.399999618530277,24.049999237060547,23.46765518188477,7358,0.0,0.0
2019-02-11,25.200000762939453,25.200000762939453,23.5,23.549999237060547,22.979761123657227,1676,0.0,0.0
2019-02-12,25.100000381469727,25.200000762939453,23.5,23.799999237060547,23.22370719909668,1399,0.0,0.0
2019-02-14,24.0,24.799999237060547,24.0,24.100000381469727,23.51644515991211,1806,0.0,0.0
2019-02-15,25.799999237060547,25.799999237060547,23.899999618530277,24.0,23.418865203857425,4054,0.0,0.0
2019-02-18,22.5,24.049999237060547,22.5,23.600000381469727,23.028553009033203,3134,0.0,0.0
2019-02-19,24.5,24.5,23.149999618530277,23.75,23.17491912841797,3544,0.0,0.0
2019-02-20,23.75,25.0,23.5,23.700000762939453,23.126131057739254,943,0.0,0.0
2019-02-21,28.0,28.0,23.649999618530277,24.850000381469727,24.2482852935791,8285,0.0,0.0
2019-02-22,24.5,25.0,23.450000762939453,24.5,23.90675926208496,3513,0.0,0.0
2019-02-25,24.149999618530277,25.049999237060547,22.75,23.899999618530277,23.321287155151367,11857,0.0,0.0
2019-02-26,23.899999618530277,24.600000381469727,23.5,23.799999237060547,23.22370719909668,948,0.0,0.0
2019-02-27,23.5,24.299999237060547,22.5,23.0,22.44308090209961,2791,0.0,0.0
2019-02-28,24.350000381469727,24.5,22.700000762939453,23.549999237060547,22.979761123657227,3161,0.0,0.0
2019-03-01,23.549999237060547,24.5,23.549999237060547,24.450000762939453,23.857973098754883,4196,0.0,0.0
2019-03-05,24.399999618530277,25.0,23.600000381469727,24.0,23.418865203857425,5750,0.0,0.0
2019-03-06,25.299999237060547,25.299999237060547,24.200000762939453,24.5,23.90675926208496,2835,0.0,0.0
2019-03-07,25.0,25.0,23.75,24.149999618530277,23.565235137939453,5456,0.0,0.0
2019-03-08,23.850000381469727,24.5,23.850000381469727,24.100000381469727,23.51644515991211,2564,0.0,0.0
2019-03-11,23.799999237060547,24.799999237060547,23.600000381469727,23.899999618530277,23.321287155151367,6329,0.0,0.0
2019-03-12,24.25,24.899999618530277,23.649999618530277,24.0,23.418865203857425,4772,0.0,0.0
2019-03-13,24.450000762939453,24.450000762939453,22.399999618530277,23.399999618530277,22.83339500427246,8033,0.0,0.0
2019-03-14,24.350000381469727,24.350000381469727,22.600000381469727,23.0,22.44308090209961,3731,0.0,0.0
2019-03-15,23.950000762939453,23.950000762939453,22.899999618530277,23.149999618530277,22.58944702148437,6349,0.0,0.0
2019-03-18,23.149999618530277,23.149999618530277,22.5,22.950000762939453,22.3942928314209,7501,0.0,0.0
2019-03-19,23.450000762939453,23.450000762939453,22.350000381469727,23.350000381469727,22.78460502624512,1657,0.0,0.0
2019-03-20,23.950000762939453,24.0,22.049999237060547,22.350000381469727,21.808820724487305,8497,0.0,0.0
2019-03-22,22.350000381469727,22.850000381469727,22.100000381469727,22.700000762939453,22.150346755981445,7878,0.0,0.0
2019-03-25,22.350000381469727,22.950000762939453,22.299999237060547,22.350000381469727,21.808820724487305,662,0.0,0.0
2019-03-26,23.0,23.0,21.799999237060547,22.149999618530277,21.61366271972656,11724,0.0,0.0
2019-03-27,22.25,22.299999237060547,21.75,22.0,21.46729278564453,1178,0.0,0.0
2019-03-28,22.799999237060547,22.799999237060547,21.899999618530277,21.899999618530277,21.36971473693848,288,0.0,0.0
2019-04-01,22.049999237060547,22.5,22.0,22.450000762939453,21.90639877319336,3162,0.0,0.0
2019-04-02,22.799999237060547,23.75,22.200000762939453,23.299999237060547,22.735816955566406,8223,0.0,0.0
2019-04-03,23.899999618530277,24.950000762939453,22.200000762939453,22.950000762939453,22.3942928314209,28939,0.0,0.0
2019-04-04,23.450000762939453,26.399999618530277,22.350000381469727,23.100000381469727,22.540658950805664,99282,0.0,0.0
2019-04-05,23.450000762939453,24.350000381469727,23.049999237060547,23.649999618530277,23.077341079711918,11582,0.0,0.0
2019-04-08,24.200000762939453,24.200000762939453,22.649999618530277,23.299999237060547,22.735816955566406,4116,0.0,0.0
2019-04-09,23.0,23.0,20.549999237060547,21.350000381469727,20.833032608032227,78207,0.0,0.0
2019-04-10,21.899999618530277,22.0,20.25,21.5,20.979402542114254,20752,0.0,0.0
2019-04-11,21.5,21.799999237060547,20.649999618530277,21.549999237060547,21.02819061279297,11863,0.0,0.0
2019-04-12,21.0,21.799999237060547,21.0,21.5,20.979402542114254,3607,0.0,0.0
2019-04-15,22.0,22.0,20.5,21.049999237060547,20.5402946472168,6759,0.0,0.0
2019-04-16,21.75,21.75,20.5,21.0,20.49150848388672,4414,0.0,0.0
2019-04-18,21.600000381469727,21.600000381469727,20.549999237060547,20.75,20.247560501098636,4424,0.0,0.0
2019-04-22,20.75,21.0,20.25,20.950000762939453,20.44271850585937,6123,0.0,0.0
2019-04-23,20.600000381469727,21.0,20.200000762939453,20.75,20.247560501098636,9469,0.0,0.0
2019-04-24,20.600000381469727,21.0,20.149999618530277,20.700000762939453,20.198774337768555,6855,0.0,0.0
2019-04-25,20.5,21.649999618530277,20.200000762939453,21.0,20.49150848388672,2239,0.0,0.0
2019-04-26,21.5,22.0,19.399999618530277,20.200000762939453,19.710878372192383,10011,0.0,0.0
2019-04-30,20.100000381469727,21.700000762939453,19.25,19.600000381469727,19.12540626525879,13957,0.0,0.0
2019-05-02,20.950000762939453,20.950000762939453,19.25,19.5,19.02782821655273,2525,0.0,0.0
2019-05-03,20.450000762939453,20.600000381469727,19.600000381469727,20.399999618530277,19.906036376953125,2200,0.0,0.0
2019-05-06,20.0,21.399999618530277,19.649999618530277,21.350000381469727,20.833032608032227,220,0.0,0.0
2019-05-07,21.0,21.700000762939453,19.75,20.600000381469727,20.101194381713867,3133,0.0,0.0
2019-05-08,20.799999237060547,20.799999237060547,19.5,19.600000381469727,19.12540626525879,2499,0.0,0.0
2019-05-09,20.25,20.25,19.5,19.600000381469727,19.12540626525879,2210,0.0,0.0
2019-05-10,20.950000762939453,20.950000762939453,19.149999618530277,19.299999237060547,18.832670211791992,4278,0.0,0.0
2019-05-13,19.0,20.0,18.799999237060547,19.649999618530277,19.17419815063477,9605,0.0,0.0
2019-05-14,19.0,19.899999618530277,18.700000762939453,19.450000762939453,18.979042053222656,6551,0.0,0.0
2019-05-15,19.0,19.799999237060547,18.299999237060547,19.100000381469727,18.63751602172852,3337,0.0,0.0
2019-05-16,18.799999237060547,19.950000762939453,18.299999237060547,18.899999618530277,18.44235610961914,3625,0.0,0.0
2019-05-17,18.5,19.0,18.5,19.0,18.539936065673828,211,0.0,0.0
2019-05-20,19.100000381469727,19.5,19.0,19.149999618530277,18.686304092407227,1841,0.0,0.0
2019-05-21,20.399999618530277,20.399999618530277,18.5,19.5,19.02782821655273,2368,0.0,0.0
2019-05-22,19.0,20.200000762939453,18.549999237060547,19.049999237060547,18.58872413635254,2482,0.0,0.0
2019-05-23,20.399999618530277,21.100000381469727,18.700000762939453,19.899999618530277,19.418142318725582,3247,0.0,0.0
2019-05-24,19.299999237060547,19.899999618530277,18.799999237060547,19.0,18.539936065673828,8294,0.0,0.0
2019-05-27,19.600000381469727,20.200000762939453,19.0,20.049999237060547,19.564510345458984,2902,0.0,0.0
2019-05-28,19.5,21.299999237060547,19.200000762939453,19.700000762939453,19.22298622131348,8039,0.0,0.0
2019-05-29,19.700000762939453,19.700000762939453,18.899999618530277,19.25,18.78388214111328,1343,0.0,0.0
2019-05-30,19.100000381469727,20.100000381469727,18.700000762939453,19.200000762939453,18.73509407043457,713,0.0,0.0
2019-05-31,19.0,20.649999618530277,18.799999237060547,19.5,19.02782821655273,1741,0.0,0.0
2019-06-03,20.450000762939453,20.450000762939453,18.899999618530277,19.5,19.02782821655273,147,0.0,0.0
2019-06-04,19.950000762939453,19.950000762939453,19.100000381469727,19.75,19.27177619934082,332,0.0,0.0
2019-06-06,22.5,22.5,18.5,19.200000762939453,18.73509407043457,966,0.0,0.0
2019-06-07,19.0,19.899999618530277,18.700000762939453,19.049999237060547,18.58872413635254,863,0.0,0.0
2019-06-10,20.0,20.0,18.950000762939453,19.850000381469727,19.369354248046875,5651,0.0,0.0
2019-06-11,19.600000381469727,19.850000381469727,19.0,19.299999237060547,18.832670211791992,419,0.0,0.0
2019-06-12,19.799999237060547,19.799999237060547,19.049999237060547,19.25,18.78388214111328,327,0.0,0.0
2019-06-13,19.0,19.0,19.0,19.0,18.539936065673828,215,0.0,0.0
2019-06-14,19.700000762939453,20.100000381469727,19.25,19.350000381469727,18.88146209716797,3755,0.0,0.0
2019-06-17,19.049999237060547,20.200000762939453,19.049999237060547,20.149999618530277,19.66208839416504,1120,0.0,0.0
2019-06-18,20.5,20.5,19.0,19.350000381469727,18.88146209716797,3881,0.0,0.0
2019-06-19,20.450000762939453,20.450000762939453,19.0,19.200000762939453,18.73509407043457,3751,0.0,0.0
2019-06-20,20.0,20.700000762939453,18.350000381469727,19.25,18.78388214111328,6244,0.0,0.0
2019-06-21,23.0,23.0,19.100000381469727,19.799999237060547,19.32056427001953,5416,0.0,0.0
2019-06-24,19.5,19.950000762939453,19.149999618530277,19.25,18.78388214111328,1080,0.0,0.0
2019-06-25,21.399999618530277,23.0,18.700000762939453,19.799999237060547,19.32056427001953,14828,0.0,0.0
2019-06-26,19.700000762939453,20.700000762939453,18.75,19.450000762939453,18.979042053222656,8420,0.0,0.0
2019-06-27,20.299999237060547,20.950000762939453,19.350000381469727,20.350000381469727,19.85724830627441,10090,0.0,0.0
2019-06-28,20.299999237060547,23.0,19.299999237060547,22.149999618530277,21.61366271972656,9224,0.0,0.0
2019-07-01,22.950000762939453,22.950000762939453,20.649999618530277,20.75,20.247560501098636,3364,0.0,0.0
2019-07-02,21.5,21.5,19.649999618530277,19.850000381469727,19.369354248046875,921,0.0,0.0
2019-07-03,21.0,21.0,19.25,19.5,19.02782821655273,569,0.0,0.0
2019-07-04,19.25,20.850000381469727,19.25,19.399999618530277,18.93025016784668,871,0.0,0.0
2019-07-05,19.450000762939453,20.649999618530277,19.450000762939453,19.5,19.02782821655273,675,0.0,0.0
2019-07-08,20.450000762939453,20.450000762939453,19.299999237060547,19.399999618530277,18.93025016784668,2713,0.0,0.0
2019-07-09,20.149999618530277,20.450000762939453,19.0,19.799999237060547,19.32056427001953,1809,0.0,0.0
2019-07-10,19.649999618530277,20.399999618530277,18.5,19.5,19.02782821655273,5061,0.0,0.0
2019-07-11,20.0,20.0,19.049999237060547,19.899999618530277,19.418142318725582,887,0.0,0.0
2019-07-12,20.299999237060547,20.299999237060547,19.299999237060547,19.299999237060547,18.832670211791992,350,0.0,0.0
2019-07-15,19.100000381469727,19.200000762939453,19.100000381469727,19.200000762939453,18.73509407043457,20,0.0,0.0
2019-07-16,20.0,20.0,19.100000381469727,19.75,19.27177619934082,901,0.0,0.0
2019-07-17,19.399999618530277,19.5,19.049999237060547,19.049999237060547,18.58872413635254,413,0.0,0.0
2019-07-18,19.399999618530277,19.799999237060547,18.600000381469727,18.799999237060547,18.34477806091309,1083,0.0,0.0
2019-07-19,19.0,20.0,17.0,17.899999618530273,17.466571807861328,5381,0.0,0.0
2019-07-22,16.5,19.399999618530277,16.399999618530273,18.850000381469727,18.39356803894043,3978,0.0,0.0
2019-07-23,19.5,19.899999618530277,18.25,19.200000762939453,18.73509407043457,3888,0.0,0.0
2019-07-24,18.799999237060547,18.799999237060547,18.100000381469727,18.100000381469727,17.661727905273438,201,0.0,0.0
2019-07-25,18.100000381469727,18.100000381469727,17.350000381469727,17.5,17.076255798339844,2483,0.0,0.0
2019-07-26,18.5,18.5,16.149999618530273,17.299999237060547,16.881099700927734,467,0.0,0.0
2019-07-29,18.25,18.5,17.299999237060547,18.450000762939453,18.003253936767578,2737,0.0,0.0
2019-07-30,18.5,18.5,18.5,18.5,18.05204391479492,565,0.0,0.0
2019-07-31,18.0,18.0,17.450000762939453,17.600000381469727,17.17383575439453,4,0.0,0.0
2019-08-01,17.100000381469727,18.5,17.100000381469727,17.100000381469727,16.685941696166992,18,0.0,0.0
2019-08-02,16.600000381469727,18.5,16.600000381469727,18.5,18.05204391479492,144,0.0,0.0
2019-08-05,18.5,18.5,16.700000762939453,17.399999618530273,16.97867774963379,1282,0.0,0.0
2019-08-06,17.0,17.5,15.550000190734863,16.5,16.10047149658203,1649,0.0,0.0
2019-08-07,18.299999237060547,18.5,16.200000762939453,16.5,16.10047149658203,2723,0.0,0.0
2019-08-08,18.299999237060547,18.450000762939453,15.699999809265137,17.0,16.588363647460938,4389,0.0,0.0
2019-08-09,17.799999237060547,18.200000762939453,17.0,17.600000381469727,17.17383575439453,1795,0.0,0.0
2019-08-13,17.899999618530273,19.399999618530277,15.899999618530272,17.200000762939453,16.783519744873047,24422,0.0,0.0
2019-08-14,17.5,20.5,17.5,20.100000381469727,19.613300323486328,25046,0.0,0.0
2019-08-16,19.600000381469727,22.0,18.600000381469727,21.100000381469727,20.589086532592773,7529,0.0,0.0
2019-08-19,21.100000381469727,21.399999618530277,19.75,20.5,20.00361442565918,7929,0.0,0.0
2019-08-20,20.0,22.0,20.0,20.049999237060547,19.564510345458984,438,0.0,0.0
2019-08-21,20.049999237060547,20.049999237060547,18.5,19.799999237060547,19.32056427001953,1097,0.0,0.0
2019-08-22,20.0,21.100000381469727,19.049999237060547,19.850000381469727,19.369354248046875,5001,0.0,0.0
2019-08-23,20.5,23.399999618530277,19.200000762939453,20.049999237060547,19.564510345458984,13264,0.0,0.0
2019-08-26,19.899999618530277,21.25,18.600000381469727,19.600000381469727,19.12540626525879,6819,0.0,0.0
2019-08-27,20.350000381469727,20.899999618530277,19.450000762939453,19.950000762939453,19.46693420410156,1079,0.0,0.0
2019-08-28,19.649999618530277,21.0,19.299999237060547,20.450000762939453,19.95482635498047,3222,0.0,0.0
2019-08-29,20.0,21.450000762939453,19.0,21.149999618530277,20.63787651062012,6294,0.0,0.0
2019-08-30,20.5,21.450000762939453,19.350000381469727,20.0,19.515722274780277,12488,0.0,0.0
2019-09-03,19.600000381469727,22.0,18.649999618530277,19.899999618530277,19.418142318725582,3302,0.0,0.0
2019-09-04,19.5,21.700000762939453,19.299999237060547,21.5,20.979402542114254,9326,0.0,0.0
2019-09-05,22.799999237060547,22.850000381469727,20.100000381469727,22.700000762939453,22.150346755981445,12780,0.0,0.0
2019-09-06,25.200000762939453,26.5,20.350000381469727,20.5,20.00361442565918,18721,0.0,0.0
2019-09-09,21.450000762939453,21.600000381469727,19.600000381469727,19.700000762939453,19.22298622131348,3239,0.0,0.0
2019-09-11,21.950000762939453,21.950000762939453,19.700000762939453,20.299999237060547,19.80845832824707,4479,0.0,0.0
2019-09-12,20.899999618530277,23.399999618530277,20.350000381469727,20.700000762939453,20.198774337768555,4840,0.0,0.0
2019-09-13,21.5,21.5,19.600000381469727,20.950000762939453,20.44271850585937,3507,0.0,0.0
2019-09-16,20.700000762939453,23.75,20.299999237060547,23.0,22.44308090209961,19714,0.0,0.0
2019-09-17,23.0,23.899999618530277,21.600000381469727,22.049999237060547,21.516084671020508,13977,0.0,0.0
2019-09-18,22.5,25.450000762939453,20.600000381469727,21.850000381469727,21.32092666625977,7035,0.0,0.0
2019-09-19,23.200000762939453,23.5,21.850000381469727,23.299999237060547,22.735816955566406,4598,0.0,0.0
2019-09-20,23.299999237060547,23.5,21.75,22.649999618530277,22.10155487060547,2903,0.0,0.0
2019-09-23,22.399999618530277,24.200000762939453,21.799999237060547,23.799999237060547,23.22370719909668,9548,0.0,0.0
2019-09-24,23.0,24.399999618530277,22.049999237060547,23.350000381469727,22.78460502624512,3488,0.0,0.0
2019-09-25,22.5,23.899999618530277,22.149999618530277,22.950000762939453,22.3942928314209,3561,0.0,0.0
2019-09-26,22.899999618530277,23.600000381469727,22.899999618530277,23.450000762939453,22.88218307495117,440,0.0,0.0
2019-09-27,23.049999237060547,23.049999237060547,22.149999618530277,22.350000381469727,21.808820724487305,1534,0.0,0.0
2019-09-30,22.0,22.950000762939453,21.549999237060547,22.25,21.711240768432617,4442,0.0,0.0
2019-10-01,22.549999237060547,23.350000381469727,21.200000762939453,23.0,22.44308090209961,2575,0.0,0.0
2019-10-03,22.5,23.5,21.75,22.799999237060547,22.247922897338867,2142,0.0,0.0
2019-10-04,22.049999237060547,23.200000762939453,21.600000381469727,22.200000762939453,21.662450790405277,61,0.0,0.0
2019-10-07,23.0,23.0,21.299999237060547,21.899999618530277,21.36971473693848,2055,0.0,0.0
2019-10-09,21.5,22.549999237060547,21.299999237060547,22.25,21.711240768432617,468,0.0,0.0
2019-10-10,21.5,22.600000381469727,21.5,21.5,20.979402542114254,69,0.0,0.0
2019-10-11,21.200000762939453,21.25,20.649999618530277,20.75,20.247560501098636,2173,0.0,0.0
2019-10-14,20.75,20.75,20.450000762939453,20.450000762939453,19.95482635498047,105,0.0,0.0
2019-10-15,22.350000381469727,22.350000381469727,20.100000381469727,20.75,20.247560501098636,5227,0.0,0.0
2019-10-16,20.200000762939453,20.899999618530277,19.600000381469727,20.149999618530277,19.66208839416504,653,0.0,0.0
2019-10-17,19.799999237060547,20.5,19.299999237060547,20.0,19.515722274780277,554,0.0,0.0
2019-10-18,20.049999237060547,21.049999237060547,19.799999237060547,19.850000381469727,19.369354248046875,2974,0.0,0.0
2019-10-22,23.450000762939453,23.450000762939453,20.0,20.100000381469727,19.613300323486328,4429,0.0,0.0
2019-10-23,21.0,21.0,19.5,19.950000762939453,19.46693420410156,1467,0.0,0.0
2019-10-24,20.049999237060547,20.450000762939453,20.0,20.0,19.515722274780277,907,0.0,0.0
2019-10-25,19.549999237060547,20.600000381469727,19.299999237060547,19.549999237060547,19.07661819458008,302,0.0,0.0
2019-10-27,21.950000762939453,21.950000762939453,21.450000762939453,21.450000762939453,20.930612564086918,28,0.0,0.0
2019-10-29,20.0,21.0,19.549999237060547,20.100000381469727,19.613300323486328,720,0.0,0.0
2019-10-30,20.0,21.0,20.0,20.200000762939453,19.710878372192383,1503,0.0,0.0
2019-10-31,20.0,23.0,20.0,20.549999237060547,20.052404403686523,2887,0.0,0.0
2019-11-01,20.049999237060547,23.200000762939453,18.600000381469727,19.700000762939453,19.22298622131348,22700,0.0,0.0
2019-11-04,20.950000762939453,20.950000762939453,19.75,20.350000381469727,19.85724830627441,1709,0.0,0.0
2019-11-05,20.299999237060547,21.149999618530277,20.100000381469727,20.649999618530277,20.149982452392575,4601,0.0,0.0
2019-11-06,20.399999618530277,20.950000762939453,20.0,20.899999618530277,20.393930435180664,576,0.0,0.0
2019-11-07,20.149999618530277,20.850000381469727,20.049999237060547,20.450000762939453,19.95482635498047,1715,0.0,0.0
2019-11-08,20.25,20.25,20.0,20.049999237060547,19.564510345458984,387,0.0,0.0
2019-11-11,20.100000381469727,22.0,20.049999237060547,21.450000762939453,20.930612564086918,4330,0.0,0.0
2019-11-13,21.25,23.450000762939453,21.049999237060547,23.200000762939453,22.63823890686035,12333,0.0,0.0
2019-11-14,24.0,24.0,22.100000381469727,22.649999618530277,22.10155487060547,3493,0.0,0.0
2019-11-15,23.950000762939453,23.950000762939453,22.299999237060547,22.899999618530277,22.34550094604492,1828,0.0,0.0
2019-11-18,22.0,23.399999618530277,21.850000381469727,21.850000381469727,21.32092666625977,1618,0.0,0.0
2019-11-19,22.399999618530277,22.399999618530277,22.0,22.0,21.46729278564453,800,0.0,0.0
2019-11-20,22.0,22.0,21.549999237060547,21.75,21.22334861755371,720,0.0,0.0
2019-11-21,21.399999618530277,21.899999618530277,21.0,21.549999237060547,21.02819061279297,2694,0.0,0.0
2019-11-22,21.0,21.549999237060547,20.549999237060547,20.75,20.247560501098636,3713,0.0,0.0
2019-11-25,20.75,24.899999618530277,20.25,24.899999618530277,24.29707336425781,88921,0.0,0.0
2019-11-26,26.0,27.450000762939453,23.450000762939453,24.299999237060547,23.71160125732422,130351,0.0,0.0
2019-11-27,23.5,25.0,23.100000381469727,24.299999237060547,23.71160125732422,33192,0.0,0.0
2019-11-28,24.0,24.399999618530277,23.399999618530277,23.850000381469727,23.272499084472656,7108,0.0,0.0
2019-11-29,23.950000762939453,25.0,22.350000381469727,23.350000381469727,22.78460502624512,10265,0.0,0.0
2019-12-02,23.450000762939453,24.5,22.600000381469727,22.850000381469727,22.29671287536621,11358,0.0,0.0
2019-12-03,22.850000381469727,24.0,22.5,22.850000381469727,22.29671287536621,9235,0.0,0.0
2019-12-04,22.649999618530277,23.899999618530277,22.100000381469727,23.0,22.44308090209961,9475,0.0,0.0
2019-12-05,23.0,23.0,21.850000381469727,22.950000762939453,22.3942928314209,4157,0.0,0.0
2019-12-06,23.0,23.899999618530277,21.549999237060547,22.0,21.46729278564453,9898,0.0,0.0
2019-12-09,23.850000381469727,24.299999237060547,20.700000762939453,22.299999237060547,21.76002693176269,7669,0.0,0.0
2019-12-10,22.799999237060547,23.799999237060547,22.299999237060547,23.299999237060547,22.735816955566406,6706,0.0,0.0
2019-12-11,22.399999618530277,23.850000381469727,22.049999237060547,22.75,22.19913482666016,5744,0.0,0.0
2019-12-12,22.25,23.399999618530277,22.049999237060547,22.399999618530277,21.857608795166016,2962,0.0,0.0
2019-12-13,23.350000381469727,23.350000381469727,22.350000381469727,22.700000762939453,22.150346755981445,1668,0.0,0.0
2019-12-16,22.5,23.350000381469727,22.5,23.100000381469727,22.540658950805664,801,0.0,0.0
2019-12-17,23.100000381469727,23.399999618530277,22.5,23.0,22.44308090209961,574,0.0,0.0
2019-12-18,23.0,23.450000762939453,22.600000381469727,23.350000381469727,22.78460502624512,999,0.0,0.0
2019-12-19,23.649999618530277,23.649999618530277,22.600000381469727,23.450000762939453,22.88218307495117,2685,0.0,0.0
2019-12-20,23.399999618530277,23.399999618530277,22.75,23.399999618530277,22.83339500427246,1198,0.0,0.0
2019-12-23,23.399999618530277,23.5,22.149999618530277,23.25,22.687026977539062,3317,0.0,0.0
2019-12-24,23.399999618530277,23.399999618530277,22.549999237060547,22.899999618530277,22.34550094604492,1732,0.0,0.0
2019-12-26,22.950000762939453,23.799999237060547,22.700000762939453,22.850000381469727,22.29671287536621,7824,0.0,0.0
2019-12-27,23.0,23.0,22.649999618530277,22.700000762939453,22.150346755981445,1693,0.0,0.0
2019-12-30,23.0,23.0,22.049999237060547,22.649999618530277,22.10155487060547,4575,0.0,0.0
2019-12-31,23.5,25.0,22.0,22.649999618530277,22.10155487060547,3606,0.0,0.0
2020-01-01,23.350000381469727,24.0,22.649999618530277,23.100000381469727,22.540658950805664,12748,0.0,0.0
2020-01-02,24.700000762939453,25.450000762939453,22.799999237060547,22.899999618530277,22.34550094604492,14609,0.0,0.0
2020-01-03,24.0,25.0,22.299999237060547,22.899999618530277,22.34550094604492,59718,0.0,0.0
2020-01-06,23.5,24.149999618530277,22.049999237060547,22.350000381469727,21.808820724487305,5861,0.0,0.0
2020-01-07,22.299999237060547,22.950000762939453,22.299999237060547,22.700000762939453,22.150346755981445,2830,0.0,0.0
2020-01-08,22.149999618530277,22.950000762939453,22.149999618530277,22.5,21.95518684387207,3431,0.0,0.0
2020-01-09,23.5,24.0,22.350000381469727,22.450000762939453,21.90639877319336,50909,0.0,0.0
2020-01-10,22.950000762939453,23.450000762939453,21.299999237060547,23.149999618530277,22.58944702148437,74961,0.0,0.0
2020-01-13,23.5,23.600000381469727,20.649999618530277,23.149999618530277,22.58944702148437,11773,0.0,0.0
2020-01-14,22.600000381469727,26.799999237060547,22.600000381469727,25.799999237060547,25.175281524658203,25887,0.0,0.0
2020-01-15,25.649999618530277,29.700000762939453,25.149999618530277,26.899999618530277,26.248645782470703,37127,0.0,0.0
2020-01-16,27.200000762939453,27.649999618530277,25.299999237060547,25.799999237060547,25.175281524658203,7635,0.0,0.0
2020-01-17,26.25,26.25,24.700000762939453,25.350000381469727,24.73617935180664,2265,0.0,0.0
2020-01-20,25.799999237060547,25.950000762939453,24.0,24.899999618530277,24.29707336425781,4669,0.0,0.0
2020-01-21,25.899999618530277,25.899999618530277,23.600000381469727,24.0,23.418865203857425,16614,0.0,0.0
2020-01-22,24.399999618530277,24.75,23.649999618530277,23.75,23.17491912841797,16227,0.0,0.0
2020-01-23,25.399999618530277,25.399999618530277,23.299999237060547,23.75,23.17491912841797,20559,0.0,0.0
2020-01-24,22.850000381469727,24.700000762939453,22.850000381469727,24.149999618530277,23.565235137939453,4956,0.0,0.0
2020-01-27,23.700000762939453,27.700000762939453,23.200000762939453,26.350000381469727,25.71196556091309,53190,0.0,0.0
2020-01-28,26.350000381469727,28.5,24.649999618530277,27.850000381469727,27.17564392089844,41691,0.0,0.0
2020-01-29,29.450000762939453,29.450000762939453,26.549999237060547,27.0,26.34622383117676,4522,0.0,0.0
2020-01-30,26.75,27.450000762939453,25.100000381469727,26.049999237060547,25.419225692749023,3343,0.0,0.0
2020-01-31,26.049999237060547,27.5,25.350000381469727,25.649999618530277,25.028913497924805,1473,0.0,0.0
2020-02-03,24.799999237060547,26.0,23.5,25.399999618530277,24.78496742248535,8087,0.0,0.0
2020-02-04,25.399999618530277,27.700000762939453,24.0,26.0,25.370439529418945,7794,0.0,0.0
2020-02-05,26.0,27.899999618530277,25.200000762939453,26.700000762939453,26.053489685058597,20958,0.0,0.0
2020-02-06,26.399999618530277,27.5,25.600000381469727,27.100000381469727,26.44380187988281,6779,0.0,0.0
2020-02-07,26.600000381469727,27.299999237060547,25.700000762939453,26.149999618530277,25.51680564880371,9670,0.0,0.0
2020-02-10,25.899999618530277,26.5,24.75,25.049999237060547,24.44344139099121,25346,0.0,0.0
2020-02-11,25.899999618530277,26.399999618530277,25.100000381469727,26.25,25.6143856048584,13913,0.0,0.0
2020-02-12,25.850000381469727,25.950000762939453,24.600000381469727,25.25,24.63859748840332,16662,0.0,0.0
2020-02-13,25.200000762939453,25.799999237060547,24.100000381469727,25.25,24.63859748840332,33545,0.0,0.0
2020-02-14,25.600000381469727,25.600000381469727,24.5,25.25,24.63859748840332,15297,0.0,0.0
2020-02-17,24.5,26.0,23.399999618530277,25.350000381469727,24.73617935180664,4242,0.0,0.0
2020-02-18,24.75,25.5,22.850000381469727,23.799999237060547,23.22370719909668,14535,0.0,0.0
2020-02-19,24.299999237060547,24.5,22.5,23.450000762939453,22.88218307495117,32673,0.0,0.0
2020-02-20,23.899999618530277,24.649999618530277,23.899999618530277,24.0,23.418865203857425,3276,0.0,0.0
2020-02-24,23.600000381469727,25.350000381469727,23.600000381469727,25.0,24.394651412963867,6013,0.0,0.0
2020-02-25,24.450000762939453,25.950000762939453,24.049999237060547,24.950000762939453,24.34586334228516,28413,0.0,0.0
2020-02-26,24.100000381469727,25.850000381469727,23.549999237060547,25.75,25.12649154663086,6957,0.0,0.0
2020-02-27,25.200000762939453,26.149999618530277,24.549999237060547,25.850000381469727,25.224069595336918,13183,0.0,0.0
2020-02-28,25.100000381469727,26.350000381469727,23.450000762939453,25.549999237060547,24.93133354187012,6267,0.0,0.0
2020-03-02,24.200000762939453,26.950000762939453,24.200000762939453,25.850000381469727,25.224069595336918,7116,0.0,0.0
2020-03-03,24.25,26.899999618530277,24.25,26.700000762939453,26.053489685058597,5991,0.0,0.0
2020-03-04,25.799999237060547,26.450000762939453,24.299999237060547,26.0,25.370439529418945,31885,0.0,0.0
2020-03-05,26.5,28.0,25.799999237060547,27.0,26.34622383117676,2780,0.0,0.0
2020-03-06,26.0,27.75,25.75,26.5,25.85832977294922,6370,0.0,0.0
2020-03-09,26.0,27.0,24.049999237060547,25.450000762939453,24.83375740051269,12574,0.0,0.0
2020-03-11,24.899999618530277,24.950000762939453,23.850000381469727,24.100000381469727,23.51644515991211,2735,0.0,0.0
2020-03-12,23.399999618530277,25.5,20.899999618530277,24.149999618530277,23.565235137939453,12363,0.0,0.0
2020-03-13,22.600000381469727,25.049999237060547,22.600000381469727,24.950000762939453,24.34586334228516,1022,0.0,0.0
2020-03-16,24.100000381469727,28.450000762939453,22.649999618530277,26.899999618530277,26.248645782470703,26623,0.0,0.0
2020-03-17,25.100000381469727,27.0,24.350000381469727,26.950000762939453,26.29743766784668,55101,0.0,0.0
2020-03-18,27.0,29.0,24.75,28.649999618530277,27.95627212524414,64943,0.0,0.0
2020-03-19,26.25,28.799999237060547,24.299999237060547,26.299999237060547,25.66317367553711,9363,0.0,0.0
2020-03-20,26.299999237060547,28.5,25.0,26.049999237060547,25.419225692749023,10923,0.0,0.0
2020-03-23,24.0,25.100000381469727,22.0,24.649999618530277,24.05312728881836,33359,0.0,0.0
2020-03-24,23.600000381469727,25.5,23.600000381469727,25.299999237060547,24.687387466430664,1848,0.0,0.0
2020-03-25,24.600000381469727,25.0,22.600000381469727,24.0,23.418865203857425,5166,0.0,0.0
2020-03-26,23.299999237060547,28.0,23.299999237060547,23.899999618530277,23.321287155151367,1729,0.0,0.0
2020-03-27,25.5,26.899999618530277,23.950000762939453,24.100000381469727,23.51644515991211,1664,0.0,0.0
2020-03-30,23.5,25.5,23.049999237060547,23.700000762939453,23.126131057739254,1645,0.0,0.0
2020-03-31,25.399999618530277,25.399999618530277,22.700000762939453,22.899999618530277,22.34550094604492,3518,0.0,0.0
2020-04-01,22.75,23.5,22.200000762939453,22.200000762939453,21.662450790405277,949,0.0,0.0
2020-04-03,22.25,24.0,20.450000762939453,23.0,22.44308090209961,5512,0.0,0.0
2020-04-07,23.0,24.5,22.200000762939453,24.0,23.418865203857425,1034,0.0,0.0
2020-04-08,23.5,23.899999618530277,22.5,23.399999618530277,22.83339500427246,3490,0.0,0.0
2020-04-09,24.5,24.5,23.399999618530277,24.200000762939453,23.6140251159668,1470,0.0,0.0
2020-04-13,24.200000762939453,24.5,23.5,24.0,23.418865203857425,1998,0.0,0.0
2020-04-15,25.799999237060547,25.799999237060547,21.049999237060547,24.0,23.418865203857425,2355,0.0,0.0
2020-04-16,24.5,24.5,23.700000762939453,23.75,23.17491912841797,140,0.0,0.0
2020-04-17,25.0,25.0,23.75,24.049999237060547,23.46765518188477,20063,0.0,0.0
2020-04-20,23.799999237060547,25.0,23.799999237060547,24.049999237060547,23.46765518188477,6756,0.0,0.0
2020-04-21,24.950000762939453,25.25,23.5,24.950000762939453,24.34586334228516,5696,0.0,0.0
2020-04-22,24.0,25.700000762939453,22.5,23.549999237060547,22.979761123657227,16318,0.0,0.0
2020-04-23,23.600000381469727,27.950000762939453,22.899999618530277,24.0,23.418865203857425,11850,0.0,0.0
2020-04-24,24.450000762939453,24.450000762939453,23.0,23.299999237060547,22.735816955566406,574,0.0,0.0
2020-04-27,24.0,24.0,22.600000381469727,22.600000381469727,22.052764892578125,863,0.0,0.0
2020-04-28,24.5,25.5,22.700000762939453,23.0,22.44308090209961,6173,0.0,0.0
2020-04-29,22.600000381469727,26.950000762939453,22.600000381469727,23.049999237060547,22.49186897277832,8400,0.0,0.0
2020-04-30,25.5,25.5,21.0,22.5,21.95518684387207,15184,0.0,0.0
2020-05-04,22.0,23.399999618530277,21.100000381469727,22.850000381469727,22.29671287536621,1940,0.0,0.0
2020-05-05,22.950000762939453,23.649999618530277,22.950000762939453,23.5,22.93097305297852,2598,0.0,0.0
2020-05-06,23.0,23.399999618530277,21.25,22.600000381469727,22.052764892578125,1964,0.0,0.0
2020-05-07,22.149999618530277,24.200000762939453,21.25,23.850000381469727,23.272499084472656,4555,0.0,0.0
2020-05-08,22.950000762939453,24.399999618530277,22.100000381469727,23.700000762939453,23.126131057739254,4063,0.0,0.0
2020-05-11,23.700000762939453,24.850000381469727,21.850000381469727,24.700000762939453,24.10191535949707,4424,0.0,0.0
2020-05-12,24.799999237060547,24.799999237060547,22.5,24.200000762939453,23.6140251159668,3793,0.0,0.0
2020-05-13,23.75,24.5,23.0,24.450000762939453,23.857973098754883,237,0.0,0.0
2020-05-14,24.200000762939453,25.0,24.200000762939453,24.649999618530277,24.05312728881836,1347,0.0,0.0
2020-05-15,26.0,26.0,24.0,24.799999237060547,24.199493408203125,5,0.0,0.0
2020-05-18,27.0,27.0,23.0,25.399999618530277,24.78496742248535,863,0.0,0.0
2020-05-19,25.950000762939453,25.950000762939453,23.200000762939453,24.600000381469727,24.004337310791016,12630,0.0,0.0
2020-05-20,24.899999618530277,25.350000381469727,24.200000762939453,25.0,24.394651412963867,1224,0.0,0.0
2020-05-21,24.0,25.0,23.799999237060547,24.25,23.662813186645508,1477,0.0,0.0
2020-05-22,24.649999618530277,25.950000762939453,24.200000762939453,24.600000381469727,24.004337310791016,1290,0.0,0.0
2020-05-26,24.0,25.149999618530277,23.149999618530277,24.450000762939453,23.857973098754883,6379,0.0,0.0
2020-05-27,23.25,24.950000762939453,23.25,24.450000762939453,23.857973098754883,4333,0.0,0.0
2020-05-28,24.049999237060547,24.5,23.600000381469727,24.200000762939453,23.6140251159668,592,0.0,0.0
2020-05-29,24.0,27.950000762939453,24.0,26.200000762939453,25.56559562683105,3273,0.0,0.0
2020-06-01,27.0,27.0,24.25,25.0,24.394651412963867,2945,0.0,0.0
2020-06-02,25.100000381469727,26.299999237060547,24.200000762939453,24.75,24.150707244873047,3345,0.0,0.0
2020-06-03,25.5,25.75,24.5,24.5,23.90675926208496,3783,0.0,0.0
2020-06-04,25.549999237060547,25.549999237060547,23.350000381469727,23.850000381469727,23.272499084472656,5966,0.0,0.0
2020-06-05,24.0,24.850000381469727,23.200000762939453,23.649999618530277,23.077341079711918,7618,0.0,0.0
2020-06-08,23.850000381469727,25.450000762939453,23.5,24.549999237060547,23.955549240112305,9850,0.0,0.0
2020-06-09,24.0,24.850000381469727,22.5,24.600000381469727,24.004337310791016,1315,0.0,0.0
2020-06-10,24.0,24.899999618530277,23.299999237060547,24.450000762939453,23.857973098754883,4130,0.0,0.0
2020-06-11,23.649999618530277,25.25,22.25,23.5,22.93097305297852,7052,0.0,0.0
2020-06-12,25.0,26.600000381469727,23.450000762939453,25.049999237060547,24.44344139099121,7544,0.0,0.0
2020-06-15,25.049999237060547,27.649999618530277,25.0,27.5,26.83411979675293,16925,0.0,0.0
2020-06-16,28.350000381469727,28.5,26.049999237060547,28.25,27.565956115722656,31503,0.0,0.0
2020-06-17,29.899999618530277,33.5,28.5,31.899999618530277,31.127574920654297,111380,0.0,0.0
2020-06-18,31.899999618530277,33.849998474121094,31.899999618530277,32.900001525878906,32.103363037109375,85382,0.0,0.0
2020-06-19,32.900001525878906,34.349998474121094,32.70000076293945,33.5,32.68883514404297,37463,0.0,0.0
2020-06-22,32.25,35.29999923706055,32.25,33.75,32.93278121948242,24510,0.0,0.0
2020-06-23,34.45000076293945,34.45000076293945,33.0,33.29999923706055,32.493675231933594,26262,0.0,0.0
2020-06-24,33.0,33.0,30.950000762939453,32.0,31.225154876708984,19685,0.0,0.0
2020-06-25,32.29999923706055,33.75,31.5,32.54999923706055,31.761837005615234,7151,0.0,0.0
2020-06-26,34.79999923706055,34.79999923706055,29.700000762939453,32.95000076293945,32.15215301513672,14527,0.0,0.0
2020-06-29,32.099998474121094,32.95000076293945,31.600000381469727,32.0,31.225154876708984,12134,0.0,0.0
2020-06-30,31.5,32.0,31.049999237060547,31.5,30.737260818481445,4003,0.0,0.0
2020-07-01,31.5,32.0,29.950000762939453,31.049999237060547,30.298158645629883,16518,0.0,0.0
2020-07-02,32.45000076293945,33.45000076293945,30.600000381469727,32.599998474121094,31.810623168945312,4579,0.0,0.0
2020-07-03,32.099998474121094,32.5,31.25,31.950000762939453,31.176366806030277,13869,0.0,0.0
2020-07-06,33.400001525878906,33.400001525878906,31.0,32.0,31.225154876708984,5997,0.0,0.0
2020-07-07,32.45000076293945,32.5,31.5,31.600000381469727,30.834840774536133,3051,0.0,0.0
2020-07-08,31.950000762939453,32.400001525878906,29.25,31.299999237060547,30.542102813720703,13335,0.0,0.0
2020-07-09,32.0,33.29999923706055,31.549999237060547,32.45000076293945,31.66426086425781,13062,0.0,0.0
2020-07-10,33.20000076293945,33.20000076293945,31.25,31.700000762939453,30.93242073059082,5039,0.0,0.0
2020-07-13,31.950000762939453,32.04999923706055,31.5,31.600000381469727,30.834840774536133,5750,0.0,0.0
2020-07-14,32.79999923706055,32.79999923706055,31.0,31.75,30.98120880126953,3233,0.0,0.0
2020-07-15,31.600000381469727,32.0,31.600000381469727,31.600000381469727,30.834840774536133,3300,0.0,0.0
2020-07-16,31.950000762939453,32.25,31.450000762939453,32.0,31.225154876708984,6808,0.0,0.0
2020-07-17,31.5,31.549999237060547,31.5,31.5,30.737260818481445,3629,0.0,0.0
2020-07-20,31.149999618530277,31.899999618530277,30.149999618530277,31.5,30.737260818481445,2713,0.0,0.0
2020-07-21,31.100000381469727,31.5,29.25,30.049999237060547,29.322370529174805,2399,0.0,0.0
2020-07-22,30.049999237060547,31.0,30.049999237060547,30.200000762939453,29.46874237060547,908,0.0,0.0
2020-07-23,30.200000762939453,30.450000762939453,30.0,30.450000762939453,29.71268844604492,1294,0.0,0.0
2020-07-24,30.0,30.850000381469727,29.600000381469727,30.0,29.273584365844727,206,0.0,0.0
2020-07-27,30.049999237060547,30.25,28.149999618530277,28.75,28.053852081298828,7783,0.0,0.0
2020-07-28,28.450000762939453,29.5,27.149999618530277,27.600000381469727,26.931697845458984,4712,0.0,0.0
2020-07-29,27.25,27.850000381469727,27.0,27.049999237060547,26.3950138092041,5535,0.0,0.0
2020-07-30,27.5,28.5,27.0,27.649999618530277,26.980484008789062,10455,0.0,0.0
2020-07-31,28.5,28.5,26.149999618530277,26.25,25.6143856048584,2947,0.0,0.0
2020-08-03,29.0,29.0,26.450000762939453,27.149999618530277,26.49259376525879,5020,0.0,0.0
2020-08-04,27.950000762939453,31.0,27.600000381469727,30.049999237060547,29.322370529174805,12435,0.0,0.0
2020-08-05,30.25,30.5,29.200000762939453,30.350000381469727,29.615108489990234,1591,0.0,0.0
2020-08-06,29.850000381469727,30.75,28.399999618530277,29.549999237060547,28.83448028564453,4138,0.0,0.0
2020-08-07,30.75,30.899999618530277,28.600000381469727,29.0,28.29779624938965,849,0.0,0.0
2020-08-10,30.0,32.0,29.5,30.049999237060547,29.322370529174805,40351,0.0,0.0
2020-08-11,30.049999237060547,30.049999237060547,28.299999237060547,28.600000381469727,27.9074821472168,5856,0.0,0.0
2020-08-12,28.649999618530277,28.649999618530277,26.299999237060547,27.950000762939453,27.27322196960449,25251,0.0,0.0
2020-08-13,26.850000381469727,29.700000762939453,26.850000381469727,29.0,28.29779624938965,16727,0.0,0.0
2020-08-14,30.0,30.899999618530277,28.299999237060547,28.5,27.809904098510746,11267,0.0,0.0
2020-08-17,28.5,31.899999618530277,28.5,31.149999618530277,30.395736694335938,20586,0.0,0.0
2020-08-18,33.75,33.75,29.299999237060547,29.450000762939453,28.736900329589844,22382,0.0,0.0
2020-08-19,29.450000762939453,30.5,28.700000762939453,30.0,29.273584365844727,9166,0.0,0.0
2020-08-20,29.200000762939453,30.200000762939453,28.350000381469727,30.0,29.273584365844727,25472,0.0,0.0
2020-08-21,29.5,30.200000762939453,29.299999237060547,29.5,28.785688400268555,6257,0.0,0.0
2020-08-24,30.0,30.0,29.25,29.350000381469727,28.63932228088379,6798,0.0,0.0
2020-08-25,29.0,35.20000076293945,28.350000381469727,35.04999923706055,34.20130157470703,304156,0.0,0.0
2020-08-26,35.0,38.0,34.599998474121094,37.34999847412109,36.44561004638672,245943,0.0,0.0
2020-08-27,37.34999847412109,39.95000076293945,35.349998474121094,37.650001525878906,36.73834991455078,511949,0.0,0.0
2020-08-28,36.79999923706055,37.0,30.600000381469727,32.45000076293945,31.66426086425781,285633,0.0,0.0
2020-08-31,30.75,32.45000076293945,29.0,30.75,30.00542259216309,48396,0.0,0.0
2020-09-01,30.549999237060547,31.850000381469727,29.149999618530277,29.799999237060547,29.07842254638672,14629,0.0,0.0
2020-09-02,30.850000381469727,32.150001525878906,29.049999237060547,29.799999237060547,29.07842254638672,11341,0.0,0.0
2020-09-03,29.75,32.0,29.549999237060547,30.200000762939453,29.46874237060547,14840,0.0,0.0
2020-09-04,30.049999237060547,31.399999618530277,30.0,30.700000762939453,29.956632614135746,10027,0.0,0.0
2020-09-07,30.149999618530277,31.799999237060547,29.5,31.200000762939453,30.44452667236328,17182,0.0,0.0
2020-09-08,31.450000762939453,32.400001525878906,30.299999237060547,31.049999237060547,30.298158645629883,10815,0.0,0.0
2020-09-09,30.5,31.350000381469727,29.25,31.0,30.24936866760254,10787,0.0,0.0
2020-09-10,30.549999237060547,31.950000762939453,29.649999618530277,30.399999618530277,29.663896560668945,13555,0.0,0.0
2020-09-11,30.450000762939453,31.399999618530277,29.149999618530277,29.950000762939453,29.224794387817383,29601,0.0,0.0
2020-09-14,29.649999618530277,30.5,29.649999618530277,30.0,29.273584365844727,5261,0.0,0.0
2020-09-15,29.75,32.0,29.049999237060547,30.350000381469727,29.615108489990234,39445,0.0,0.0
2020-09-16,30.5,30.75,29.549999237060547,29.649999618530277,28.932058334350582,6707,0.0,0.0
2020-09-17,30.049999237060547,30.899999618530277,29.5,30.450000762939453,29.71268844604492,7874,0.0,0.0
2020-09-18,30.25,30.25,29.5,29.799999237060547,29.07842254638672,6216,0.0,0.0
2020-09-21,29.350000381469727,31.0,28.100000381469727,28.600000381469727,27.9074821472168,5099,0.0,0.0
2020-09-22,28.450000762939453,30.549999237060547,26.299999237060547,30.0,29.273584365844727,6177,0.0,0.0
2020-09-23,29.149999618530277,30.0,28.399999618530277,29.950000762939453,29.224794387817383,1702,0.0,0.0
2020-09-24,28.299999237060547,29.649999618530277,28.25,29.5,28.785688400268555,2510,0.0,0.0
2020-09-25,29.0,29.950000762939453,28.649999618530277,29.600000381469727,28.88326835632324,3086,0.0,0.0
2020-09-28,29.25,30.399999618530277,28.0,30.149999618530277,29.41995048522949,22449,0.0,0.0
2020-09-29,30.850000381469727,31.0,29.5,29.950000762939453,29.224794387817383,23554,0.0,0.0
2020-09-30,30.049999237060547,30.299999237060547,29.5,30.149999618530277,29.41995048522949,1122,0.0,0.0
2020-10-01,31.75,32.400001525878906,30.0,30.200000762939453,29.46874237060547,12183,0.0,0.0
2020-10-05,30.149999618530277,30.5,29.649999618530277,29.700000762939453,28.980846405029297,3065,0.0,0.0
2020-10-06,30.0,30.600000381469727,30.0,30.049999237060547,29.322370529174805,1609,0.0,0.0
2020-10-07,29.950000762939453,32.0,29.600000381469727,30.350000381469727,29.615108489990234,9871,0.0,0.0
2020-10-08,30.049999237060547,31.5,30.0,30.850000381469727,30.10300064086914,3652,0.0,0.0
2020-10-09,31.049999237060547,32.79999923706055,29.850000381469727,30.75,30.00542259216309,6791,0.0,0.0
2020-10-12,32.45000076293945,32.5,30.0,30.799999237060547,30.05421257019043,19258,0.0,0.0
2020-10-13,30.299999237060547,32.0,29.450000762939453,31.799999237060547,31.02999687194824,22175,0.0,0.0
2020-10-14,31.0,32.5,30.200000762939453,31.950000762939453,31.176366806030277,10132,0.0,0.0
2020-10-15,31.299999237060547,31.450000762939453,30.299999237060547,30.299999237060547,29.56631851196289,4619,0.0,0.0
2020-10-16,31.549999237060547,32.0,27.450000762939453,30.200000762939453,29.46874237060547,19767,0.0,0.0
2020-10-19,30.200000762939453,31.0,30.100000381469727,30.350000381469727,29.615108489990234,2645,0.0,0.0
2020-10-20,30.149999618530277,31.850000381469727,30.100000381469727,30.75,30.00542259216309,6198,0.0,0.0
2020-10-21,31.149999618530277,31.149999618530277,30.100000381469727,30.25,29.517528533935547,4607,0.0,0.0
2020-10-22,30.200000762939453,30.200000762939453,30.100000381469727,30.149999618530277,29.41995048522949,5763,0.0,0.0
2020-10-23,30.299999237060547,31.549999237060547,29.5,30.100000381469727,29.37116241455078,11203,0.0,0.0
2020-10-26,30.700000762939453,30.700000762939453,30.100000381469727,30.600000381469727,29.859054565429688,370,0.0,0.0
2020-10-27,31.350000381469727,31.350000381469727,30.100000381469727,30.149999618530277,29.41995048522949,2871,0.0,0.0
2020-10-28,30.25,31.350000381469727,30.100000381469727,30.149999618530277,29.41995048522949,2210,0.0,0.0
2020-10-29,30.149999618530277,30.899999618530277,30.100000381469727,30.399999618530277,29.663896560668945,3385,0.0,0.0
2020-10-30,29.950000762939453,32.5,29.950000762939453,32.04999923706055,31.273944854736328,20915,0.0,0.0
2020-11-02,32.0,33.20000076293945,30.25,30.450000762939453,29.71268844604492,4066,0.0,0.0
2020-11-03,29.450000762939453,30.899999618530277,29.450000762939453,30.200000762939453,29.46874237060547,2734,0.0,0.0
2020-11-04,30.049999237060547,31.399999618530277,30.049999237060547,30.200000762939453,29.46874237060547,1812,0.0,0.0
2020-11-05,30.25,30.899999618530277,30.100000381469727,30.25,29.517528533935547,812,0.0,0.0
2020-11-06,30.049999237060547,30.5,29.25,29.899999618530277,29.176006317138672,3146,0.0,0.0
2020-11-09,30.799999237060547,31.899999618530277,30.100000381469727,30.149999618530277,29.41995048522949,6586,0.0,0.0
2020-11-10,30.25,30.799999237060547,30.149999618530277,30.299999237060547,29.56631851196289,4777,0.0,0.0
2020-11-11,30.200000762939453,31.200000762939453,30.149999618530277,30.350000381469727,29.615108489990234,3451,0.0,0.0
2020-11-12,30.100000381469727,30.299999237060547,30.0,30.149999618530277,29.41995048522949,17993,0.0,0.0
2020-11-13,30.799999237060547,30.799999237060547,28.200000762939453,29.799999237060547,29.07842254638672,19261,0.0,0.0
2020-11-14,30.149999618530277,30.799999237060547,29.899999618530277,30.5,29.761476516723636,5451,0.0,0.0
2020-11-17,31.399999618530277,32.0,30.549999237060547,31.899999618530277,31.127574920654297,25962,0.0,0.0
2020-11-18,31.5,32.79999923706055,30.950000762939453,31.799999237060547,31.02999687194824,12985,0.0,0.0
2020-11-19,31.0,32.5,31.0,32.25,31.46910095214844,18024,0.0,0.0
2020-11-20,32.79999923706055,33.0,31.899999618530277,32.25,31.46910095214844,13146,0.0,0.0
2020-11-23,33.04999923706055,33.099998474121094,31.299999237060547,32.25,31.46910095214844,32105,0.0,0.0
2020-11-24,32.849998474121094,33.0,31.600000381469727,31.899999618530277,31.127574920654297,16624,0.0,0.0
2020-11-25,33.45000076293945,33.45000076293945,31.149999618530277,32.650001525878906,31.85941696166992,24824,0.0,0.0
2020-11-26,32.0,33.400001525878906,32.0,32.900001525878906,32.103363037109375,8400,0.0,0.0
2020-11-27,32.95000076293945,33.70000076293945,32.349998474121094,32.79999923706055,32.00578308105469,15451,0.0,0.0
2020-12-01,33.5,33.5,32.20000076293945,32.599998474121094,31.810623168945312,11161,0.0,0.0
2020-12-02,33.75,33.75,32.099998474121094,32.150001525878906,31.371524810791016,6218,0.0,0.0
2020-12-03,33.45000076293945,33.5,32.20000076293945,32.349998474121094,31.56667900085449,5844,0.0,0.0
2020-12-04,33.5,33.5,31.049999237060547,31.549999237060547,30.78605079650879,15464,0.0,0.0
2020-12-07,31.549999237060547,32.79999923706055,31.299999237060547,32.150001525878906,31.371524810791016,9960,0.0,0.0
2020-12-08,33.0,33.0,32.04999923706055,32.150001525878906,31.371524810791016,7464,0.0,0.0
2020-12-09,32.900001525878906,33.650001525878906,32.0,32.099998474121094,31.322731018066406,12947,0.0,0.0
2020-12-10,32.150001525878906,32.599998474121094,32.0,32.20000076293945,31.420310974121094,9063,0.0,0.0
2020-12-11,32.5,33.0,31.600000381469727,31.799999237060547,31.02999687194824,21018,0.0,0.0
2020-12-14,32.45000076293945,32.45000076293945,31.600000381469727,31.700000762939453,30.93242073059082,6565,0.0,0.0
2020-12-15,31.649999618530277,32.5,31.5,31.799999237060547,31.02999687194824,16735,0.0,0.0
2020-12-16,33.54999923706055,33.54999923706055,31.299999237060547,31.450000762939453,30.688474655151367,20654,0.0,0.0
2020-12-17,31.950000762939453,32.599998474121094,31.350000381469727,31.549999237060547,30.78605079650879,17349,0.0,0.0
2020-12-18,31.25,31.950000762939453,31.25,31.799999237060547,31.02999687194824,15310,0.0,0.0
2020-12-21,31.25,32.54999923706055,30.5,31.450000762939453,30.688474655151367,25519,0.0,0.0
2020-12-22,31.149999618530277,32.349998474121094,31.100000381469727,31.350000381469727,30.590896606445312,25425,0.0,0.0
2020-12-23,32.45000076293945,32.45000076293945,31.100000381469727,31.799999237060547,31.02999687194824,6068,0.0,0.0
2020-12-24,31.299999237060547,32.400001525878906,30.25,30.799999237060547,30.05421257019043,39764,0.0,0.0
2020-12-28,31.0,32.0,30.700000762939453,31.950000762939453,31.176366806030277,7963,0.0,0.0
2020-12-29,32.04999923706055,32.900001525878906,31.5,32.349998474121094,31.56667900085449,9822,0.0,0.0
2020-12-30,32.099998474121094,33.0,31.25,32.650001525878906,31.85941696166992,13243,0.0,0.0
2020-12-31,33.150001525878906,33.5,31.600000381469727,33.150001525878906,32.34730911254883,7011,0.0,0.0
2021-01-01,34.0,36.5,33.0,34.400001525878906,33.567039489746094,48164,0.0,0.0
2021-01-04,35.75,35.95000076293945,34.5,34.75,33.908565521240234,13542,0.0,0.0
2021-01-05,34.650001525878906,35.150001525878906,34.20000076293945,34.25,33.42067337036133,18529,0.0,0.0
2021-01-06,33.400001525878906,35.0,33.400001525878906,34.04999923706055,33.22551345825195,22029,0.0,0.0
2021-01-07,34.20000076293945,35.75,34.04999923706055,35.099998474121094,34.250091552734375,46843,0.0,0.0
2021-01-08,35.0,35.79999923706055,35.0,35.5,34.64040756225586,12506,0.0,0.0
2021-01-11,35.95000076293945,37.0,35.70000076293945,36.70000076293945,35.81134796142578,27791,0.0,0.0
2021-01-12,36.70000076293945,37.0,35.900001525878906,36.0,35.128299713134766,28608,0.0,0.0
2021-01-13,36.0,36.45000076293945,35.95000076293945,36.0,35.128299713134766,7665,0.0,0.0
2021-01-14,36.0,36.25,35.849998474121094,36.04999923706055,35.17708969116211,7277,0.0,0.0
2021-01-15,36.79999923706055,36.79999923706055,35.599998474121094,36.0,35.128299713134766,7867,0.0,0.0
2021-01-18,36.0,36.5,35.349998474121094,35.349998474121094,34.49403762817383,4969,0.0,0.0
2021-01-19,35.150001525878906,35.75,35.0,35.400001525878906,34.54282760620117,12154,0.0,0.0
2021-01-20,35.349998474121094,38.75,35.099998474121094,37.900001525878906,36.98229217529297,31003,0.0,0.0
2021-01-21,41.0,41.0,36.09999847412109,37.09999847412109,36.20166397094727,30366,0.0,0.0
2021-01-22,36.0,38.25,36.0,37.25,36.34803009033203,14308,0.0,0.0
2021-01-25,38.0,38.0,35.75,35.75,34.88435363769531,9583,0.0,0.0
2021-01-27,36.5,37.900001525878906,35.5,36.04999923706055,35.17708969116211,15733,0.0,0.0
2021-01-28,36.0,37.0,34.54999923706055,36.79999923706055,35.90892791748047,6480,0.0,0.0
2021-01-29,37.5,38.0,36.09999847412109,37.04999923706055,36.15287399291992,19230,0.0,0.0
2021-02-01,36.84999847412109,37.150001525878906,36.150001525878906,36.34999847412109,35.46982192993164,7134,0.0,0.0
2021-02-02,36.95000076293945,36.95000076293945,33.75,34.70000076293945,33.85977935791016,11143,0.0,0.0
2021-02-03,35.849998474121094,37.0,34.0,35.650001525878906,34.786773681640625,11572,0.0,0.0
2021-02-04,35.900001525878906,36.0,35.099998474121094,35.099998474121094,34.250091552734375,6177,0.0,0.0
2021-02-05,35.45000076293945,35.900001525878906,35.400001525878906,35.5,34.64040756225586,6561,0.0,0.0
2021-02-08,35.20000076293945,36.150001525878906,33.20000076293945,33.54999923706055,32.73762512207031,12596,0.0,0.0
2021-02-09,33.45000076293945,36.84999847412109,33.400001525878906,35.79999923706055,34.933143615722656,11758,0.0,0.0
2021-02-10,35.79999923706055,36.0,34.599998474121094,35.599998474121094,34.737979888916016,8108,0.0,0.0
2021-02-11,36.650001525878906,36.650001525878906,34.599998474121094,35.25,34.396461486816406,10482,0.0,0.0
2021-02-12,35.54999923706055,35.70000076293945,34.0,35.20000076293945,34.34767150878906,9643,0.0,0.0
2021-02-15,35.70000076293945,36.0,34.349998474121094,35.70000076293945,34.835567474365234,10729,0.0,0.0
2021-02-16,35.900001525878906,36.20000076293945,35.70000076293945,35.75,34.88435363769531,5953,0.0,0.0
2021-02-17,34.599998474121094,36.5,34.599998474121094,36.29999923706055,35.42103576660156,12655,0.0,0.0
2021-02-18,36.79999923706055,36.79999923706055,35.29999923706055,35.45000076293945,34.59161758422852,5551,0.0,0.0
2021-02-19,35.54999923706055,36.0,34.5,35.04999923706055,34.20130157470703,8522,0.0,0.0
2021-02-22,35.349998474121094,35.79999923706055,34.099998474121094,34.95000076293945,34.10372543334961,5929,0.0,0.0
2021-02-23,35.0,35.70000076293945,34.04999923706055,34.349998474121094,33.51824951171875,8489,0.0,0.0
2021-02-24,34.349998474121094,35.099998474121094,33.900001525878906,34.95000076293945,34.10372543334961,5856,0.0,0.0
2021-02-25,35.650001525878906,36.0,34.25,35.099998474121094,34.250091552734375,5789,0.0,0.0
2021-02-26,34.900001525878906,35.349998474121094,34.349998474121094,34.599998474121094,33.76219940185547,9149,0.0,0.0
2021-03-01,35.75,35.75,34.099998474121094,34.75,33.908565521240234,3567,0.0,0.0
2021-03-02,35.79999923706055,39.0,34.150001525878906,37.0,36.10408782958984,13781,0.0,0.0
2021-03-03,37.650001525878906,38.0,35.5,35.95000076293945,35.07950973510742,13923,0.0,0.0
2021-03-04,37.09999847412109,37.09999847412109,35.54999923706055,36.150001525878906,35.27466583251953,6575,0.0,0.0
2021-03-05,36.09999847412109,37.5,35.900001525878906,35.900001525878906,35.030723571777344,6739,0.0,0.0
2021-03-08,35.75,36.900001525878906,35.5,35.900001525878906,35.030723571777344,6485,0.0,0.0
2021-03-09,36.5,36.5,36.0,36.400001525878906,35.51861953735352,2372,0.0,0.0
2021-03-10,36.95000076293945,40.25,36.29999923706055,39.75,38.78749465942383,84538,0.0,0.0
2021-03-12,41.0,44.0,39.75,43.25,42.2027473449707,297860,0.0,0.0
2021-03-15,44.900001525878906,49.0,43.54999923706055,46.09999847412109,44.98373794555664,248871,0.0,0.0
2021-03-16,49.45000076293945,54.95000076293945,47.0,47.95000076293945,46.788944244384766,1002683,0.0,0.0
2021-03-17,48.45000076293945,48.900001525878906,42.5,43.0,41.95880508422852,174627,0.0,0.0
2021-03-18,44.34999847412109,44.95000076293945,39.59999847412109,40.0,39.03144454956055,103259,0.0,0.0
2021-03-19,38.5,44.900001525878906,38.5,42.75,41.7148551940918,152552,0.0,0.0
2021-03-22,42.0,42.25,41.20000076293945,41.84999847412109,40.836647033691406,21216,0.0,0.0
2021-03-23,41.5,42.79999923706055,40.75,42.04999923706055,41.03180313110352,29172,0.0,0.0
2021-03-24,42.900001525878906,42.900001525878906,40.0,40.29999923706055,39.32417678833008,27493,0.0,0.0
2021-03-25,40.20000076293945,40.900001525878906,38.04999923706055,39.0,38.05565643310547,29080,0.0,0.0
2021-03-26,39.75,39.95000076293945,38.5,39.150001525878906,38.2020263671875,16376,0.0,0.0
2021-03-30,38.54999923706055,42.5,38.54999923706055,41.59999847412109,40.59270095825195,41519,0.0,0.0
2021-03-31,42.5,42.70000076293945,40.54999923706055,41.0,40.00722885131836,6258,0.0,0.0
2021-04-01,41.900001525878906,43.84999847412109,41.0,43.34999847412109,42.300323486328125,12974,0.0,0.0
2021-04-05,44.25,44.25,41.0,41.29999923706055,40.29996490478516,46226,0.0,0.0
2021-04-06,41.0,43.0,41.0,42.34999847412109,41.32454299926758,8676,0.0,0.0
2021-04-07,41.400001525878906,43.45000076293945,41.400001525878906,41.84999847412109,40.836647033691406,10101,0.0,0.0
2021-04-08,43.150001525878906,43.400001525878906,42.0,42.25,41.226959228515625,9023,0.0,0.0
2021-04-09,43.5,45.79999923706055,42.29999923706055,44.34999847412109,43.2761116027832,58435,0.0,0.0
2021-04-12,45.0,45.0,41.79999923706055,43.09999847412109,42.05638122558594,20864,0.0,0.0
2021-04-13,43.900001525878906,44.29999923706055,42.45000076293945,43.34999847412109,42.300323486328125,7801,0.0,0.0
2021-04-15,40.79999923706055,43.5,40.79999923706055,42.650001525878906,41.617279052734375,7881,0.0,0.0
2021-04-16,43.900001525878906,44.79999923706055,41.04999923706055,42.150001525878906,41.12938690185547,9751,0.0,0.0
2021-04-19,43.0,43.0,40.25,40.34999847412109,39.37296676635742,10327,0.0,0.0
2021-04-20,41.0,44.95000076293945,41.0,43.54999923706055,42.495487213134766,22308,0.0,0.0
2021-04-22,45.400001525878906,45.400001525878906,43.84999847412109,44.45000076293945,43.37369537353516,14808,0.0,0.0
2021-04-23,45.34999847412109,45.34999847412109,43.34999847412109,43.900001525878906,42.837013244628906,7105,0.0,0.0
2021-04-26,44.79999923706055,44.79999923706055,42.34999847412109,42.70000076293945,41.66606521606445,2763,0.0,0.0
2021-04-27,42.400001525878906,44.79999923706055,42.29999923706055,43.150001525878906,42.10517120361328,6154,0.0,0.0
2021-04-28,44.04999923706055,45.54999923706055,41.25,42.45000076293945,41.422119140625,19415,0.0,0.0
2021-04-29,41.650001525878906,43.95000076293945,41.650001525878906,43.45000076293945,42.39790344238281,11289,0.0,0.0
2021-04-30,44.20000076293945,44.20000076293945,42.5,42.75,41.7148551940918,11203,0.0,0.0
2021-05-03,43.84999847412109,43.95000076293945,42.5,43.59999847412109,42.54427337646485,10281,0.0,0.0
2021-05-04,44.70000076293945,45.84999847412109,44.0,44.25,43.17853927612305,18634,0.0,0.0
2021-05-05,44.29999923706055,45.04999923706055,44.04999923706055,44.650001525878906,43.56885147094727,11488,0.0,0.0
2021-05-06,46.0,46.0,42.59999847412109,43.09999847412109,42.05638122558594,9953,0.0,0.0
2021-05-07,44.0,44.900001525878906,42.5,42.95000076293945,41.91001510620117,9930,0.0,0.0
2021-05-10,45.400001525878906,45.5,42.34999847412109,43.79999923706055,42.73942947387695,19913,0.0,0.0
2021-05-11,44.650001525878906,47.70000076293945,43.25,45.20000076293945,44.10552978515625,18329,0.0,0.0
2021-05-12,48.0,48.0,43.29999923706055,44.54999923706055,43.47126770019531,25666,0.0,0.0
2021-05-14,45.5,49.900001525878906,45.5,47.20000076293945,46.057106018066406,85831,0.0,0.0
2021-05-17,49.5,54.0,48.54999923706055,52.09999847412109,50.83845138549805,196743,0.0,0.0
2021-05-18,52.650001525878906,53.5,51.0,52.95000076293945,51.66787338256836,72516,0.0,0.0
2021-05-19,53.400001525878906,53.400001525878906,49.09999847412109,49.650001525878906,48.447784423828125,51732,0.0,0.0
2021-05-20,49.150001525878906,51.150001525878906,48.59999847412109,49.45000076293945,48.25262451171875,25436,0.0,0.0
2021-05-21,50.0,53.0,50.0,50.79999923706055,49.5699348449707,39017,0.0,0.0
2021-05-24,52.900001525878906,53.25,49.54999923706055,49.75,48.54535675048828,15728,0.0,0.0
2021-05-25,50.95000076293945,50.95000076293945,46.0,46.29999923706055,45.17889404296875,91410,0.0,0.0
2021-05-26,47.650001525878906,48.900001525878906,46.70000076293945,47.04999923706055,45.91073226928711,36823,0.0,0.0
2021-05-27,46.900001525878906,48.34999847412109,46.29999923706055,46.5,45.374053955078125,10610,0.0,0.0
2021-05-28,46.650001525878906,47.900001525878906,46.04999923706055,46.400001525878906,45.2764778137207,13356,0.0,0.0
2021-05-31,47.34999847412109,47.34999847412109,45.09999847412109,45.20000076293945,44.10552978515625,11023,0.0,0.0
2021-06-01,45.25,45.5,42.150001525878906,43.34999847412109,42.300323486328125,20305,0.0,0.0
2021-06-02,44.34999847412109,44.400001525878906,42.20000076293945,43.04999923706055,42.007591247558594,13093,0.0,0.0
2021-06-03,43.0,45.900001525878906,43.0,44.75,43.66642761230469,16201,0.0,0.0
2021-06-04,45.20000076293945,48.900001525878906,43.150001525878906,45.75,44.6422119140625,26304,0.0,0.0
2021-06-07,46.70000076293945,47.20000076293945,45.84999847412109,45.95000076293945,44.83737182617188,12877,0.0,0.0
2021-06-08,45.5,47.84999847412109,45.34999847412109,46.34999847412109,45.22768020629883,17212,0.0,0.0
2021-06-09,47.79999923706055,47.79999923706055,45.400001525878906,45.59999847412109,44.49584579467773,7881,0.0,0.0
2021-06-10,45.59999847412109,46.650001525878906,45.04999923706055,46.25,45.13010787963867,8062,0.0,0.0
2021-06-11,46.5,46.54999923706055,43.5,44.59999847412109,43.52005386352539,14559,0.0,0.0
2021-06-14,46.34999847412109,46.34999847412109,44.400001525878906,44.75,43.66642761230469,13346,0.0,0.0
2021-06-15,45.900001525878906,45.900001525878906,44.34999847412109,45.20000076293945,44.10552978515625,13446,0.0,0.0
2021-06-16,44.95000076293945,45.84999847412109,44.650001525878906,44.84999847412109,43.764007568359375,9606,0.0,0.0
2021-06-17,46.29999923706055,46.29999923706055,44.54999923706055,44.84999847412109,43.764007568359375,13317,0.0,0.0
2021-06-18,46.20000076293945,46.20000076293945,42.5,43.900001525878906,42.837013244628906,11539,0.0,0.0
2021-06-21,43.900001525878906,44.70000076293945,42.54999923706055,43.54999923706055,42.495487213134766,15091,0.0,0.0
2021-06-22,44.5,51.900001525878906,43.09999847412109,49.09999847412109,47.91109848022461,282218,0.0,0.0
2021-06-23,49.5,50.400001525878906,47.54999923706055,47.84999847412109,46.69136428833008,42731,0.0,0.0
2021-06-24,47.900001525878906,55.0,47.09999847412109,52.29999923706055,51.03361129760742,332565,0.0,0.0
2021-06-25,53.29999923706055,57.79999923706055,50.09999847412109,56.20000076293945,54.83917999267578,388091,0.0,0.0
2021-06-28,59.0,59.0,52.34999847412109,53.59999847412109,52.30213165283203,239873,0.0,0.0
2021-06-29,54.900001525878906,57.54999923706055,52.25,53.54999923706055,52.25334548950195,85175,0.0,0.0
2021-06-30,58.0,58.150001525878906,52.59999847412109,52.84999847412109,51.57029342651367,80808,0.0,0.0
2021-07-01,54.45000076293945,54.45000076293945,50.25,51.34999847412109,50.10661697387695,17909,0.0,0.0
2021-07-02,51.400001525878906,52.95000076293945,49.0,50.70000076293945,49.47235870361328,16975,0.0,0.0
2021-07-05,53.0,53.0,49.5,50.95000076293945,49.71630096435547,11028,0.0,0.0
2021-07-06,52.0,52.0,49.09999847412109,49.650001525878906,48.447784423828125,27835,0.0,0.0
2021-07-07,51.400001525878906,51.400001525878906,47.25,48.75,47.56957244873047,12858,0.0,0.0
2021-07-08,47.5,50.79999923706055,47.5,49.5,48.301414489746094,7458,0.0,0.0
2021-07-09,48.54999923706055,49.0,47.04999923706055,48.150001525878906,46.98410034179688,7848,0.0,0.0
2021-07-12,50.5,50.5,48.29999923706055,49.95000076293945,48.74051284790039,7147,0.0,0.0
2021-07-13,50.54999923706055,52.0,48.0,48.75,47.56957244873047,14181,0.0,0.0
2021-07-14,50.900001525878906,51.0,47.84999847412109,48.29999923706055,47.130470275878906,8581,0.0,0.0
2021-07-15,50.5,50.5,48.0,49.650001525878906,48.447784423828125,3951,0.0,0.0
2021-07-16,48.5,49.650001525878906,47.25,47.79999923706055,46.642574310302734,5184,0.0,0.0
2021-07-19,49.0,49.0,46.70000076293945,48.84999847412109,47.66714477539063,6088,0.0,0.0
2021-07-20,48.84999847412109,49.650001525878906,46.70000076293945,47.0,45.86194610595703,6671,0.0,0.0
2021-07-22,48.79999923706055,48.79999923706055,44.650001525878906,47.84999847412109,46.69136428833008,5065,0.0,0.0
2021-07-23,48.0,48.900001525878906,46.20000076293945,47.54999923706055,46.39862823486328,4314,0.0,0.0
2021-07-26,47.0,48.45000076293945,46.25,47.20000076293945,46.057106018066406,1726,0.0,0.0
2021-07-27,45.70000076293945,47.0,44.84999847412109,45.900001525878906,44.7885856628418,6647,0.0,0.0
2021-07-28,46.900001525878906,46.900001525878906,44.20000076293945,45.59999847412109,44.49584579467773,4431,0.0,0.0
2021-07-29,46.09999847412109,46.400001525878906,44.34999847412109,45.45000076293945,44.34947967529297,1851,0.0,0.0
2021-07-30,47.0,47.70000076293945,44.25,45.20000076293945,44.10552978515625,7218,0.0,0.0
2021-08-02,45.0,47.45000076293945,44.79999923706055,47.45000076293945,46.301048278808594,8279,0.0,0.0
2021-08-03,48.0,49.79999923706055,48.0,49.79999923706055,48.594146728515625,31809,0.0,0.0
2021-08-04,52.20000076293945,52.25,49.09999847412109,50.0,48.78930282592773,34236,0.0,0.0
2021-08-05,51.0,51.0,47.54999923706055,48.95000076293945,47.76473236083984,11242,0.0,0.0
2021-08-06,50.0,51.20000076293945,46.54999923706055,48.34999847412109,47.17925643920898,8637,0.0,0.0
2021-08-09,47.29999923706055,49.29999923706055,46.34999847412109,47.5,46.34983825683594,1276,0.0,0.0
2021-08-10,46.79999923706055,48.75,45.150001525878906,45.34999847412109,44.25189971923828,5285,0.0,0.0
2021-08-11,45.34999847412109,45.34999847412109,43.09999847412109,43.54999923706055,42.495487213134766,11511,0.0,0.0
2021-08-12,43.400001525878906,45.70000076293945,43.400001525878906,44.79999923706055,43.71521759033203,4772,0.0,0.0
2021-08-13,46.0,46.70000076293945,43.25,45.20000076293945,44.10552978515625,5895,0.0,0.0
2021-08-16,47.45000076293945,47.45000076293945,43.0,46.0,44.88616180419922,6348,0.0,0.0
2021-08-17,46.95000076293945,47.25,44.0,46.0,44.88616180419922,7481,0.0,0.0
2021-08-18,48.0,48.0,44.150001525878906,44.34999847412109,43.2761116027832,10302,0.0,0.0
2021-08-20,45.25,45.25,43.20000076293945,43.84999847412109,42.78821563720703,5579,0.0,0.0
2021-08-23,44.75,46.0,41.70000076293945,44.5,43.422481536865234,6491,0.0,0.0
2021-08-24,45.900001525878906,45.900001525878906,42.79999923706055,44.84999847412109,43.764007568359375,1090,0.0,0.0
2021-08-25,46.75,46.75,42.650001525878906,43.95000076293945,42.88579940795898,8716,0.0,0.0
2021-08-26,43.09999847412109,43.900001525878906,42.09999847412109,42.84999847412109,41.81243133544922,3998,0.0,0.0
2021-08-27,43.75,43.75,41.150001525878906,42.95000076293945,41.91001510620117,3208,0.0,0.0
2021-08-30,42.95000076293945,44.59999847412109,42.0,43.400001525878906,42.349117279052734,4054,0.0,0.0
2021-08-31,45.20000076293945,45.20000076293945,42.59999847412109,43.650001525878906,42.59306335449219,2660,0.0,0.0
2021-09-01,43.0,45.75,42.04999923706055,44.84999847412109,43.764007568359375,20244,0.0,0.0
2021-09-02,42.70000076293945,45.59999847412109,42.70000076293945,44.5,43.422481536865234,8076,0.0,0.0
2021-09-03,45.45000076293945,46.5,43.04999923706055,44.09999847412109,43.032169342041016,6222,0.0,0.0
2021-09-06,44.09999847412109,45.79999923706055,42.79999923706055,44.95000076293945,43.8615837097168,4289,0.0,0.0
2021-09-07,44.04999923706055,45.79999923706055,43.400001525878906,44.34999847412109,43.2761116027832,1960,0.0,0.0
2021-09-08,46.0,46.0,44.20000076293945,46.0,45.39797592163086,15805,0.5,0.0
2021-09-09,46.0,47.400001525878906,46.0,46.0,45.39797592163086,3969,0.0,0.0
2021-09-13,47.0,47.0,44.29999923706055,46.70000076293945,46.08881378173828,6897,0.0,0.0
2021-09-14,49.0,49.0,46.59999847412109,47.95000076293945,47.32245635986328,16994,0.0,0.0
2021-09-15,50.29999923706055,50.29999923706055,47.900001525878906,48.20000076293945,47.56918716430664,20541,0.0,0.0
2021-09-16,48.20000076293945,48.20000076293945,45.79999923706055,47.95000076293945,47.32245635986328,24602,0.0,0.0
2021-09-17,49.45000076293945,49.45000076293945,45.70000076293945,46.900001525878906,46.28619766235352,2234,0.0,0.0
2021-09-20,44.75,46.5,44.650001525878906,45.650001525878906,45.05255889892578,11256,0.0,0.0
2021-09-21,44.0,46.70000076293945,44.0,46.29999923706055,45.69404983520508,7664,0.0,0.0
2021-09-22,47.5,47.5,44.400001525878906,45.95000076293945,45.3486328125,2689,0.0,0.0
2021-09-23,44.70000076293945,47.20000076293945,44.70000076293945,46.75,46.138160705566406,3818,0.0,0.0
2021-09-24,47.25,49.04999923706055,45.0,47.20000076293945,46.58227157592773,21699,0.0,0.0
2021-09-27,48.150001525878906,48.900001525878906,45.34999847412109,46.95000076293945,46.33554458618164,2872,0.0,0.0
2021-09-28,46.04999923706055,46.04999923706055,45.04999923706055,45.25,44.65779113769531,1962,0.0,0.0
2021-09-29,45.25,47.5,44.75,47.25,46.631614685058594,5083,0.0,0.0
2021-09-30,46.34999847412109,49.0,46.34999847412109,48.70000076293945,48.06264114379883,4173,0.0,0.0
2021-10-01,47.75,49.0,47.25,48.09999847412109,47.470489501953125,2733,0.0,0.0
2021-10-04,46.25,49.0,46.0,47.0,46.3848876953125,12865,0.0,0.0
2021-10-05,47.5,49.0,46.09999847412109,47.29999923706055,46.68096160888672,5871,0.0,0.0
2021-10-06,48.900001525878906,49.0,47.09999847412109,47.29999923706055,46.68096160888672,7637,0.0,0.0
2021-10-07,48.25,48.25,47.09999847412109,47.09999847412109,46.48357772827149,3624,0.0,0.0
2021-10-08,45.54999923706055,49.400001525878906,45.5,46.650001525878906,46.03947067260742,4078,0.0,0.0
2021-10-11,48.5,48.5,45.0,45.900001525878906,45.29928588867188,4551,0.0,0.0
2021-10-12,44.5,47.45000076293945,44.29999923706055,44.59999847412109,44.01629638671875,11230,0.0,0.0
2021-10-13,44.70000076293945,46.400001525878906,43.75,44.70000076293945,44.114990234375,7693,0.0,0.0
2021-10-14,46.0,46.0,44.20000076293945,44.59999847412109,44.01629638671875,9026,0.0,0.0
2021-10-18,45.400001525878906,45.400001525878906,42.400001525878906,42.70000076293945,42.14116668701172,15351,0.0,0.0
2021-10-19,42.400001525878906,44.79999923706055,42.150001525878906,42.45000076293945,41.89443588256836,12989,0.0,0.0
2021-10-20,42.75,43.70000076293945,41.09999847412109,42.09999847412109,41.549015045166016,9279,0.0,0.0
2021-10-21,42.84999847412109,43.95000076293945,42.34999847412109,43.0,42.43724060058594,7070,0.0,0.0
2021-10-22,43.0,45.150001525878906,42.59999847412109,45.150001525878906,44.5591049194336,9364,0.0,0.0
2021-10-25,46.900001525878906,46.95000076293945,43.95000076293945,44.25,43.67087936401367,7219,0.0,0.0
2021-10-26,45.150001525878906,45.150001525878906,42.79999923706055,43.20000076293945,42.63462448120117,8539,0.0,0.0
2021-10-27,43.75,43.79999923706055,42.04999923706055,42.59999847412109,42.04247283935547,9870,0.0,0.0
2021-10-28,43.400001525878906,43.400001525878906,41.0,41.34999847412109,40.80883026123047,3823,0.0,0.0
2021-10-29,41.34999847412109,41.400001525878906,39.59999847412109,40.150001525878906,39.624542236328125,17071,0.0,0.0
2021-11-01,38.25,40.95000076293945,38.25,40.59999847412109,40.06864547729492,12680,0.0,0.0
2021-11-02,42.5,42.59999847412109,41.0,42.29999923706055,41.74639892578125,4054,0.0,0.0
2021-11-03,44.0,44.400001525878906,41.400001525878906,44.29999923706055,43.7202262878418,6443,0.0,0.0
2021-11-04,45.900001525878906,45.900001525878906,42.20000076293945,42.5,41.94378280639648,4100,0.0,0.0
2021-11-08,44.0,44.59999847412109,42.34999847412109,44.09999847412109,43.52284240722656,32419,0.0,0.0
2021-11-09,45.0,46.0,43.45000076293945,45.70000076293945,45.10190582275391,8207,0.0,0.0
2021-11-10,46.650001525878906,47.0,43.900001525878906,45.400001525878906,44.80583190917969,6882,0.0,0.0
2021-11-11,47.0,47.0,43.75,45.95000076293945,45.3486328125,3993,0.0,0.0
2021-11-12,47.0,47.0,44.04999923706055,45.400001525878906,44.80583190917969,17255,0.0,0.0
2021-11-15,47.0,47.0,45.150001525878906,46.59999847412109,45.9901237487793,10354,0.0,0.0
2021-11-16,46.59999847412109,47.29999923706055,46.0,46.95000076293945,46.33554458618164,15528,0.0,0.0
2021-11-17,47.29999923706055,47.29999923706055,44.650001525878906,45.70000076293945,45.10190582275391,25513,0.0,0.0
2021-11-18,45.0,47.0,45.0,46.650001525878906,46.03947067260742,13712,0.0,0.0
2021-11-22,47.29999923706055,47.29999923706055,44.59999847412109,46.150001525878906,45.54601287841797,60764,0.0,0.0
2021-11-23,46.150001525878906,47.400001525878906,44.900001525878906,46.75,46.138160705566406,26197,0.0,0.0
2021-11-24,46.84999847412109,48.5,45.29999923706055,47.45000076293945,46.82899856567383,14374,0.0,0.0
2021-11-25,47.84999847412109,49.45000076293945,46.25,48.34999847412109,47.71721649169922,12679,0.0,0.0
2021-11-26,50.0,50.0,45.95000076293945,46.54999923706055,45.94077682495117,9909,0.0,0.0
2021-11-29,48.84999847412109,48.84999847412109,44.45000076293945,47.84999847412109,47.22376251220703,20465,0.0,0.0
2021-11-30,49.75,50.0,46.59999847412109,47.95000076293945,47.32245635986328,4794,0.0,0.0
2021-12-01,47.95000076293945,50.09999847412109,46.70000076293945,48.04999923706055,47.421146392822266,23860,0.0,0.0
2021-12-02,48.04999923706055,49.5,47.150001525878906,48.09999847412109,47.470489501953125,33024,0.0,0.0
2021-12-03,49.0,49.0,46.70000076293945,46.79999923706055,46.18750762939453,15817,0.0,0.0
2021-12-06,48.5,48.900001525878906,46.29999923706055,47.95000076293945,47.32245635986328,13989,0.0,0.0
2021-12-07,48.900001525878906,50.59999847412109,48.0,49.45000076293945,48.802825927734375,29454,0.0,0.0
2021-12-08,51.79999923706055,51.79999923706055,49.0,49.79999923706055,49.14824295043945,7994,0.0,0.0
2021-12-09,50.79999923706055,50.79999923706055,48.5,49.70000076293945,49.04955291748047,11102,0.0,0.0
2021-12-10,50.70000076293945,51.400001525878906,48.75,50.79999923706055,50.13515472412109,40496,0.0,0.0
2021-12-13,49.09999847412109,51.29999923706055,49.09999847412109,51.0,50.33253860473633,33098,0.0,0.0
2021-12-14,52.45000076293945,52.5,50.0,52.25,51.56617736816406,18130,0.0,0.0
2021-12-15,52.5,55.70000076293945,48.59999847412109,54.29999923706055,53.589351654052734,93569,0.0,0.0
2021-12-16,55.5,55.5,52.34999847412109,54.400001525878906,53.68804168701172,77903,0.0,0.0
2021-12-17,55.5,55.5,49.0,49.0,48.35871505737305,78225,0.0,0.0
2021-12-20,49.84999847412109,49.84999847412109,44.20000076293945,45.400001525878906,44.80583190917969,65339,0.0,0.0
2021-12-21,46.0,49.70000076293945,44.70000076293945,45.04999923706055,44.46040725708008,43448,0.0,0.0
2021-12-22,45.70000076293945,46.400001525878906,45.400001525878906,45.900001525878906,45.29928588867188,19770,0.0,0.0
2021-12-23,46.84999847412109,50.45000076293945,45.45000076293945,50.34999847412109,49.691043853759766,77143,0.0,0.0
2021-12-24,51.95000076293945,52.20000076293945,49.04999923706055,51.59999847412109,50.924686431884766,40127,0.0,0.0
2021-12-27,53.95000076293945,53.95000076293945,49.29999923706055,53.09999847412109,52.405052185058594,47166,0.0,0.0
2021-12-28,53.09999847412109,53.400001525878906,52.29999923706055,52.59999847412109,51.911598205566406,11157,0.0,0.0
2021-12-29,54.45000076293945,54.45000076293945,51.34999847412109,52.84999847412109,52.1583251953125,27032,0.0,0.0
2021-12-30,52.84999847412109,53.34999847412109,51.650001525878906,51.900001525878906,51.22076034545898,12360,0.0,0.0
2021-12-31,53.5,53.5,51.5,51.900001525878906,51.22076034545898,17423,0.0,0.0
2022-01-03,51.70000076293945,53.79999923706055,50.70000076293945,52.54999923706055,51.86225128173828,55026,0.0,0.0
2022-01-04,53.59999847412109,53.59999847412109,51.95000076293945,52.45000076293945,51.7635612487793,20873,0.0,0.0
2022-01-05,52.45000076293945,52.45000076293945,51.04999923706055,52.29999923706055,51.61552429199219,30210,0.0,0.0
2022-01-06,53.09999847412109,53.09999847412109,51.79999923706055,52.04999923706055,51.368797302246094,13914,0.0,0.0
2022-01-07,52.5,52.5,51.400001525878906,51.400001525878906,50.7273063659668,21411,0.0,0.0
2022-01-10,51.25,52.54999923706055,50.79999923706055,51.70000076293945,51.02337646484375,15487,0.0,0.0
2022-01-11,52.75,52.95000076293945,51.0,51.29999923706055,50.62861251831055,16198,0.0,0.0
2022-01-12,52.900001525878906,52.900001525878906,51.25,51.79999923706055,51.1220703125,9625,0.0,0.0
2022-01-13,52.900001525878906,52.900001525878906,51.5,52.25,51.56617736816406,25993,0.0,0.0
2022-01-14,52.900001525878906,52.900001525878906,51.5,52.34999847412109,51.66487121582031,24000,0.0,0.0
2022-01-17,52.900001525878906,53.650001525878906,51.20000076293945,51.59999847412109,50.924686431884766,28039,0.0,0.0
2022-01-18,52.34999847412109,52.400001525878906,48.400001525878906,49.400001525878906,48.75347900390625,70363,0.0,0.0
2022-01-19,50.900001525878906,52.04999923706055,47.75,49.95000076293945,49.29627990722656,52261,0.0,0.0
2022-01-20,53.5,53.5,48.75,49.400001525878906,48.75347900390625,68175,0.0,0.0
2022-01-21,51.79999923706055,51.79999923706055,47.0,48.150001525878906,47.51984024047852,25009,0.0,0.0
2022-01-24,50.75,52.900001525878906,46.45000076293945,48.75,48.11198806762695,39633,0.0,0.0
2022-01-25,50.400001525878906,50.400001525878906,46.59999847412109,48.900001525878906,48.26002502441406,7575,0.0,0.0
2022-01-27,49.79999923706055,53.75,49.0,53.75,53.04655075073242,103031,0.0,0.0
2022-01-28,57.95000076293945,59.09999847412109,54.25,59.09999847412109,58.32653045654297,181953,0.0,0.0
2022-01-31,63.400001525878906,65.0,56.150001525878906,65.0,64.1493148803711,298937,0.0,0.0
2022-02-01,68.25,68.25,66.30000305175781,68.25,67.35678100585938,57844,0.0,0.0
2022-02-02,68.69999694824219,71.6500015258789,64.8499984741211,71.3499984741211,70.41621398925781,286424,0.0,0.0
2022-02-03,72.0,73.80000305175781,67.80000305175781,69.3499984741211,68.4423828125,147083,0.0,0.0
2022-02-04,70.0,71.9000015258789,68.0,68.5999984741211,67.70220184326172,30102,0.0,0.0
2022-02-07,69.0,69.94999694824219,65.30000305175781,66.8499984741211,65.97509765625,72511,0.0,0.0
2022-02-08,65.55000305175781,66.0999984741211,63.54999923706055,64.1500015258789,63.31044006347656,38327,0.0,0.0
2022-02-09,62.5,63.29999923706055,61.04999923706055,62.54999923706055,61.73137664794922,33356,0.0,0.0
2022-02-10,60.150001525878906,65.0,59.45000076293945,64.3499984741211,63.50782012939453,12807,0.0,0.0
2022-02-11,64.0,64.0,61.150001525878906,61.150001525878906,60.349700927734375,9311,0.0,0.0
2022-02-14,59.0,64.0,58.09999847412109,58.25,57.48765563964844,12594,0.0,0.0
2022-02-15,58.25,60.0,55.5,59.20000076293945,58.42522048950195,9603,0.0,0.0
2022-02-16,61.0,61.5,57.20000076293945,61.400001525878906,60.59642791748047,9435,0.0,0.0
2022-02-17,61.400001525878906,62.0,58.79999923706055,60.09999847412109,59.31344223022461,5677,0.0,0.0
2022-02-18,58.5,61.20000076293945,58.5,58.5,57.73438262939453,9449,0.0,0.0
2022-02-21,55.59999847412109,60.400001525878906,55.59999847412109,57.04999923706055,56.30335998535156,8344,0.0,0.0
2022-02-22,54.25,59.900001525878906,54.20000076293945,59.900001525878906,59.11606216430664,48625,0.0,0.0
2022-02-23,62.650001525878906,62.84999847412109,57.04999923706055,62.79999923706055,61.97810363769531,13131,0.0,0.0
2022-02-24,61.0,61.0,59.70000076293945,59.70000076293945,58.918678283691406,4353,0.0,0.0
2022-02-25,56.79999923706055,62.400001525878906,56.79999923706055,58.400001525878906,57.63569259643555,5215,0.0,0.0
2022-02-28,57.54999923706055,59.29999923706055,57.20000076293945,58.650001525878906,57.88241958618164,2388,0.0,0.0
2022-03-02,59.84999847412109,61.0,56.09999847412109,58.04999923706055,57.2902717590332,7904,0.0,0.0
2022-03-03,60.70000076293945,60.70000076293945,57.54999923706055,57.84999847412109,57.09288787841797,7472,0.0,0.0
2022-03-04,57.84999847412109,58.95000076293945,55.150001525878906,56.400001525878906,55.661865234375,2266,0.0,0.0
2022-03-07,55.0,58.0,53.59999847412109,56.0,55.2671012878418,5082,0.0,0.0
2022-03-08,56.0,57.900001525878906,55.0,56.20000076293945,55.46448516845703,2726,0.0,0.0
2022-03-09,58.84999847412109,58.84999847412109,55.09999847412109,56.45000076293945,55.711212158203125,4794,0.0,0.0
2022-03-10,58.900001525878906,59.25,56.25,58.150001525878906,57.38896560668945,10474,0.0,0.0
2022-03-11,58.150001525878906,60.25,55.70000076293945,59.04999923706055,58.27718353271485,6472,0.0,0.0
2022-03-14,57.25,61.0,57.25,59.650001525878906,58.86933517456055,6395,0.0,0.0
2022-03-15,60.79999923706055,60.79999923706055,58.04999923706055,59.900001525878906,59.11606216430664,11028,0.0,0.0
2022-03-16,62.5,62.5,58.04999923706055,61.20000076293945,60.3990478515625,5847,0.0,0.0
2022-03-17,61.20000076293945,61.20000076293945,58.54999923706055,59.5,58.72129440307617,5318,0.0,0.0
2022-03-21,58.5,62.45000076293945,58.0,58.70000076293945,57.931766510009766,7101,0.0,0.0
2022-03-22,61.0,61.0,58.75,59.0,58.227840423583984,2048,0.0,0.0
2022-03-23,60.0,60.0,57.5,59.0,58.227840423583984,4184,0.0,0.0
2022-03-24,59.900001525878906,59.900001525878906,58.0,58.0,57.24092483520508,3614,0.0,0.0
2022-03-25,57.5,60.900001525878906,57.5,58.95000076293945,58.17849349975586,6782,0.0,0.0
2022-03-28,60.75,60.95000076293945,56.04999923706055,59.84999847412109,59.06671524047852,11741,0.0,0.0
2022-03-29,57.0,59.79999923706055,56.900001525878906,58.09999847412109,57.33961486816406,6555,0.0,0.0
2022-03-30,59.29999923706055,60.29999923706055,55.20000076293945,55.29999923706055,54.57625961303711,10657,0.0,0.0
2022-03-31,54.20000076293945,58.0,52.54999923706055,53.0,52.30636215209961,16068,0.0,0.0
2022-04-01,55.0,55.650001525878906,53.04999923706055,55.650001525878906,54.92168426513672,5040,0.0,0.0
2022-04-04,58.400001525878906,58.400001525878906,55.0,55.95000076293945,55.21775817871094,21521,0.0,0.0
2022-04-05,57.84999847412109,58.34999847412109,55.04999923706055,57.20000076293945,56.45139694213867,9617,0.0,0.0
2022-04-06,60.0,60.0,57.04999923706055,59.0,58.227840423583984,6692,0.0,0.0
2022-04-07,60.0,60.0,57.04999923706055,58.75,57.98111343383789,8504,0.0,0.0
2022-04-08,58.75,64.5,58.5,58.75,57.98111343383789,17019,0.0,0.0
2022-04-11,57.0,60.54999923706055,57.0,59.25,58.47456741333008,11801,0.0,0.0
2022-04-12,57.04999923706055,63.0,57.0,60.0,59.214752197265625,20216,0.0,0.0
2022-04-13,62.900001525878906,62.900001525878906,55.70000076293945,57.0,56.25401306152344,25766,0.0,0.0
2022-04-18,56.0,57.84999847412109,56.0,56.400001525878906,55.661865234375,5276,0.0,0.0
2022-04-19,57.5,58.70000076293945,57.45000076293945,57.54999923706055,56.79681396484375,11794,0.0,0.0
2022-04-20,58.70000076293945,58.70000076293945,55.25,56.0,55.2671012878418,8982,0.0,0.0
2022-04-21,58.70000076293945,58.70000076293945,55.59999847412109,56.34999847412109,55.61251831054688,10350,0.0,0.0
2022-04-22,56.0,57.54999923706055,55.0,56.25,55.51383209228516,7368,0.0,0.0
2022-04-25,58.20000076293945,58.20000076293945,56.04999923706055,57.20000076293945,56.45139694213867,10936,0.0,0.0
2022-04-26,58.34999847412109,58.34999847412109,56.20000076293945,56.79999923706055,56.05663299560547,1787,0.0,0.0
2022-04-27,56.79999923706055,58.0,56.20000076293945,57.04999923706055,56.30335998535156,3620,0.0,0.0
2022-04-28,57.70000076293945,57.70000076293945,56.34999847412109,57.25,56.50074005126953,5391,0.0,0.0
2022-04-29,57.0,57.0,54.650001525878906,55.59999847412109,54.87233352661133,7014,0.0,0.0
2022-05-02,55.59999847412109,56.59999847412109,54.75,55.75,55.0203742980957,1893,0.0,0.0
2022-05-04,57.0,57.0,54.09999847412109,54.650001525878906,53.93477249145508,4125,0.0,0.0
2022-05-05,54.09999847412109,56.650001525878906,51.20000076293945,54.900001525878906,54.18149948120117,3076,0.0,0.0
2022-05-06,51.84999847412109,55.0,51.84999847412109,53.59999847412109,52.89850997924805,6965,0.0,0.0
2022-05-09,58.0,58.0,52.09999847412109,54.70000076293945,53.98411560058594,4646,0.0,0.0
2022-05-10,57.79999923706055,57.79999923706055,52.09999847412109,55.09999847412109,54.37887954711914,7390,0.0,0.0
2022-05-11,57.54999923706055,57.54999923706055,52.09999847412109,52.900001525878906,52.20767593383789,6406,0.0,0.0
2022-05-12,55.900001525878906,55.900001525878906,47.650001525878906,47.900001525878906,47.27311325073242,19447,0.0,0.0
2022-05-13,51.70000076293945,51.70000076293945,49.0,50.09999847412109,49.44431686401367,7265,0.0,0.0
2022-05-16,54.0,54.0,49.54999923706055,50.59999847412109,49.93777084350586,3984,0.0,0.0
2022-05-17,54.0,54.0,51.59999847412109,53.09999847412109,52.405052185058594,9187,0.0,0.0
2022-05-18,54.0,54.0,51.84999847412109,52.150001525878906,51.46749114990234,3297,0.0,0.0
2022-05-19,50.04999923706055,51.54999923706055,49.25,49.75,49.09889602661133,4437,0.0,0.0
2022-05-20,50.75,52.5,49.70000076293945,51.650001525878906,50.97403335571289,2847,0.0,0.0
2022-05-23,54.0,54.0,50.150001525878906,50.650001525878906,49.98712158203125,2645,0.0,0.0
2022-05-24,53.25,53.25,50.75,51.5,50.82599639892578,2696,0.0,0.0
2022-05-25,51.59999847412109,51.59999847412109,49.5,50.20000076293945,49.54301071166992,2120,0.0,0.0
2022-05-26,50.59999847412109,50.59999847412109,45.84999847412109,49.09999847412109,48.45740509033203,10564,0.0,0.0
2022-05-27,48.5,49.09999847412109,47.54999923706055,47.84999847412109,47.22376251220703,3579,0.0,0.0
2022-05-30,47.20000076293945,52.400001525878906,47.20000076293945,49.29999923706055,48.65478897094727,12529,0.0,0.0
2022-05-31,49.04999923706055,50.0,48.04999923706055,49.54999923706055,48.90151596069336,3177,0.0,0.0
2022-06-01,49.5,50.95000076293945,48.04999923706055,49.0,48.35871505737305,4321,0.0,0.0
2022-06-02,49.59999847412109,50.0,49.0,49.75,49.09889602661133,1883,0.0,0.0
2022-06-03,50.0,50.0,48.25,49.29999923706055,48.65478897094727,7079,0.0,0.0
2022-06-06,48.79999923706055,49.84999847412109,46.5,46.79999923706055,46.18750762939453,3718,0.0,0.0
2022-06-07,48.20000076293945,50.0,47.20000076293945,48.70000076293945,48.06264114379883,8975,0.0,0.0
2022-06-08,48.70000076293945,49.04999923706055,47.59999847412109,48.79999923706055,48.16133117675781,4575,0.0,0.0
2022-06-09,49.45000076293945,57.95000076293945,47.75,54.400001525878906,53.68804168701172,44736,0.0,0.0
2022-06-10,56.5,57.95000076293945,51.0,51.29999923706055,50.62861251831055,75864,0.0,0.0
2022-06-13,50.79999923706055,51.20000076293945,47.04999923706055,49.29999923706055,48.65478897094727,13739,0.0,0.0
2022-06-14,49.5,57.400001525878906,48.34999847412109,51.20000076293945,50.52992248535156,117044,0.0,0.0
2022-06-15,50.150001525878906,53.45000076293945,46.59999847412109,46.75,46.138160705566406,85314,0.0,0.0
2022-06-16,47.79999923706055,47.79999923706055,42.0,42.59999847412109,42.04247283935547,387443,0.0,0.0
2022-06-17,47.900001525878906,49.70000076293945,42.0,47.5,46.87834548950195,112814,0.0,0.0
2022-06-20,46.70000076293945,48.29999923706055,42.59999847412109,44.09999847412109,43.52284240722656,29855,0.0,0.0
2022-06-21,42.59999847412109,52.900001525878906,42.59999847412109,50.0,49.34562683105469,139194,0.0,0.0
2022-06-22,50.0,53.0,47.0,50.29999923706055,49.64169692993164,40293,0.0,0.0
2022-06-23,51.34999847412109,52.34999847412109,48.70000076293945,50.650001525878906,49.98712158203125,30767,0.0,0.0
2022-06-24,50.70000076293945,55.45000076293945,50.70000076293945,53.75,53.04655075073242,43397,0.0,0.0
2022-06-27,53.09999847412109,55.900001525878906,52.25,53.0,52.30636215209961,21755,0.0,0.0
2022-06-28,54.79999923706055,56.84999847412109,52.59999847412109,53.150001525878906,52.454402923583984,28210,0.0,0.0
2022-06-29,53.0,54.0,51.0,52.04999923706055,51.368797302246094,6298,0.0,0.0
2022-06-30,51.400001525878906,55.54999923706055,51.150001525878906,55.0,54.28018951416016,29957,0.0,0.0
2022-07-01,56.5,56.5,52.34999847412109,53.0,52.30636215209961,5777,0.0,0.0
2022-07-04,54.75,54.75,51.34999847412109,52.04999923706055,51.368797302246094,6168,0.0,0.0
2022-07-05,54.70000076293945,54.79999923706055,52.0,52.54999923706055,51.86225128173828,4502,0.0,0.0
2022-07-06,51.5,53.04999923706055,51.5,52.0,51.31945037841797,2003,0.0,0.0
2022-07-07,52.95000076293945,53.20000076293945,51.5,51.650001525878906,50.97403335571289,6470,0.0,0.0
2022-07-08,51.650001525878906,53.0,50.09999847412109,50.75,50.08581161499024,10345,0.0,0.0
2022-07-11,52.5,55.75,50.5,53.25,52.55309295654297,27243,0.0,0.0
2022-07-12,55.5,55.5,52.09999847412109,52.79999923706055,52.108978271484375,13016,0.0,0.0
2022-07-13,52.79999923706055,53.54999923706055,51.5,52.09999847412109,51.41814041137695,6157,0.0,0.0
2022-07-14,52.5,54.34999847412109,50.20000076293945,50.70000076293945,50.036468505859375,9853,0.0,0.0
2022-07-15,51.95000076293945,52.0,49.79999923706055,49.95000076293945,49.29627990722656,14994,0.0,0.0
2022-07-18,50.0,50.95000076293945,49.5,49.70000076293945,49.04955291748047,9298,0.0,0.0
2022-07-19,50.75,50.75,49.84999847412109,49.95000076293945,49.29627990722656,6305,0.0,0.0
2022-07-20,52.900001525878906,59.900001525878906,49.5,58.650001525878906,57.88241958618164,142691,0.0,0.0
2022-07-21,58.0,63.34999847412109,56.25,62.54999923706055,61.73137664794922,161397,0.0,0.0
2022-07-22,63.79999923706055,75.0,56.59999847412109,63.45000076293945,62.61960220336914,104003,0.0,0.0
2022-07-25,66.0,74.9000015258789,61.29999923706055,66.44999694824219,65.58033752441406,138598,0.0,0.0
2022-07-26,68.9000015258789,71.5,65.55000305175781,67.25,66.36986541748047,60463,0.0,0.0
2022-07-27,68.5999984741211,68.5999984741211,63.95000076293945,64.75,63.90258407592773,20639,0.0,0.0
2022-07-28,64.75,74.30000305175781,64.75,69.25,68.34369659423828,199004,0.0,0.0
2022-07-29,72.0,80.0,66.8499984741211,78.3499984741211,77.32459259033203,433723,0.0,0.0
2022-08-01,79.30000305175781,80.0,68.55000305175781,70.30000305175781,69.37995910644531,319480,0.0,0.0
2022-08-02,72.0,72.5999984741211,67.0999984741211,69.25,68.34369659423828,57599,0.0,0.0
2022-08-03,68.75,70.9000015258789,61.70000076293945,70.25,69.33060455322266,130967,0.0,0.0
2022-08-04,70.25,75.5,67.44999694824219,72.3499984741211,71.40311431884766,57701,0.0,0.0
2022-08-05,75.5,78.5,74.55000305175781,77.9000015258789,76.88048553466797,232445,0.0,0.0
2022-08-08,78.80000305175781,80.80000305175781,76.0999984741211,77.6500015258789,76.63375854492188,100714,0.0,0.0
2022-08-10,79.0,81.80000305175781,75.55000305175781,77.19999694824219,76.18964385986328,49882,0.0,0.0
2022-08-11,78.9000015258789,78.9000015258789,73.30000305175781,74.19999694824219,73.22891235351562,45482,0.0,0.0
2022-08-12,77.4000015258789,77.55000305175781,69.05000305175781,70.25,69.33060455322266,65168,0.0,0.0
2022-08-16,70.25,73.44999694824219,69.0,69.8499984741211,68.93583679199219,51990,0.0,0.0
2022-08-17,70.0,72.94999694824219,69.0,69.19999694824219,68.29434967041016,23389,0.0,0.0
2022-08-18,71.0,71.0,67.0999984741211,69.0999984741211,68.1956558227539,11689,0.0,0.0
2022-08-19,68.80000305175781,70.6500015258789,66.0,67.4000015258789,66.51790618896484,21929,0.0,0.0
2022-08-22,68.75,69.44999694824219,63.59999847412109,65.75,64.88949584960938,15127,0.0,0.0
2022-08-23,65.75,65.75,63.75,64.80000305175781,63.951934814453125,15008,0.0,0.0
2022-08-24,65.5,70.80000305175781,65.5,69.3499984741211,68.4423828125,81703,0.0,0.0
2022-08-25,71.80000305175781,71.80000305175781,67.0,68.0,67.11005401611328,16641,0.0,0.0
2022-08-26,69.0,69.6500015258789,66.0,66.5999984741211,65.7283706665039,21285,0.0,0.0
2022-08-29,66.5999984741211,66.5999984741211,62.0,65.55000305175781,64.6921157836914,25071,0.0,0.0
2022-08-30,65.4000015258789,67.9000015258789,62.400001525878906,64.8499984741211,64.00127410888672,19665,0.0,0.0
2022-09-01,65.5,66.0,63.54999923706055,64.5,63.655853271484375,10863,0.0,0.0
2022-09-02,64.5,66.6500015258789,64.05000305175781,64.75,63.90258407592773,19154,0.0,0.0
2022-09-05,66.4000015258789,66.4000015258789,63.150001525878906,64.4000015258789,63.557167053222656,16724,0.0,0.0
2022-09-06,63.09999847412109,70.9000015258789,63.09999847412109,64.94999694824219,64.09996795654297,161824,0.0,0.0
2022-09-07,64.75,68.80000305175781,64.5,68.0,67.11005401611328,79464,0.0,0.0
2022-09-08,68.5999984741211,74.80000305175781,67.5999984741211,73.9000015258789,73.47308349609375,195540,0.5,0.0
2022-09-09,73.0,73.0,70.0,70.9000015258789,70.49040985107422,141948,0.0,0.0
2022-09-12,72.69999694824219,72.69999694824219,69.19999694824219,69.9000015258789,69.4961929321289,21372,0.0,0.0
2022-09-13,72.0,73.0,69.30000305175781,69.5999984741211,69.19792175292969,9180,0.0,0.0
2022-09-14,68.80000305175781,69.94999694824219,67.80000305175781,68.30000305175781,67.90543365478516,10444,0.0,0.0
2022-09-15,72.80000305175781,72.80000305175781,66.44999694824219,67.55000305175781,67.1597671508789,15138,0.0,0.0
2022-09-16,68.9000015258789,70.9000015258789,66.55000305175781,67.4000015258789,67.01063537597656,28448,0.0,0.0
2022-09-19,69.8499984741211,69.8499984741211,65.25,65.94999694824219,65.56900024414062,10388,0.0,0.0
2022-09-20,66.4000015258789,69.3499984741211,64.30000305175781,66.6500015258789,66.26496124267578,7993,0.0,0.0
2022-09-21,67.0,67.9000015258789,65.5,65.80000305175781,65.41987609863281,8850,0.0,0.0
2022-09-22,65.0,66.80000305175781,64.30000305175781,65.0,64.62449645996094,8905,0.0,0.0
2022-09-23,65.0999984741211,67.4000015258789,61.0,63.150001525878906,62.78518295288086,28466,0.0,0.0
2022-09-26,65.0,65.0,62.29999923706055,63.84999847412109,63.48113632202149,12774,0.0,0.0
2022-09-27,65.0,71.0,63.29999923706055,69.5,69.09849548339844,61864,0.0,0.0
2022-09-28,70.5,71.19999694824219,66.0,70.5,70.09272003173828,23766,0.0,0.0
2022-09-29,72.5,73.75,70.0,72.9000015258789,72.4788589477539,30905,0.0,0.0
2022-09-30,73.75,73.75,68.8499984741211,70.1500015258789,69.74474334716797,8668,0.0,0.0
2022-10-03,72.25,72.69999694824219,68.94999694824219,71.9000015258789,71.48463439941406,9932,0.0,0.0
2022-10-04,72.94999694824219,79.0,71.0999984741211,75.30000305175781,74.86499786376953,123215,0.0,0.0
2022-10-06,78.0,87.5999984741211,77.4000015258789,78.5,78.0465087890625,477807,0.0,0.0
2022-10-07,80.4000015258789,80.4000015258789,78.1500015258789,78.8499984741211,78.39448547363281,32401,0.0,0.0
2022-10-10,78.8499984741211,81.80000305175781,75.44999694824219,79.0999984741211,78.64303588867188,61539,0.0,0.0
2022-10-11,80.80000305175781,81.69999694824219,76.25,76.69999694824219,76.25690460205078,27893,0.0,0.0
2022-10-12,77.5999984741211,77.94999694824219,72.44999694824219,74.0,73.57250213623047,21684,0.0,0.0
2022-10-13,75.5,75.5,71.3499984741211,72.75,72.32971954345703,12482,0.0,0.0
2022-10-14,74.8499984741211,76.4000015258789,71.0999984741211,74.1500015258789,73.72163391113281,16906,0.0,0.0
2022-10-17,76.4000015258789,76.4000015258789,71.19999694824219,71.8499984741211,71.43492126464844,12726,0.0,0.0
2022-10-18,72.25,74.5,70.0,70.3499984741211,69.94358825683594,25162,0.0,0.0
2022-10-19,72.0,72.0,68.3499984741211,69.4000015258789,68.99907684326172,9706,0.0,0.0
2022-10-20,69.0,70.25,68.0,68.8499984741211,68.45225524902344,7740,0.0,0.0
2022-10-21,69.94999694824219,71.44999694824219,67.8499984741211,69.05000305175781,68.6511001586914,12525,0.0,0.0
2022-10-24,70.5,72.25,65.8499984741211,71.75,71.33550262451172,10783,0.0,0.0
2022-10-25,73.0999984741211,73.0999984741211,69.05000305175781,70.25,69.84416198730469,7416,0.0,0.0
2022-10-27,70.25,71.0,69.0,69.80000305175781,69.39676666259766,8075,0.0,0.0
2022-10-28,71.0999984741211,71.0999984741211,68.05000305175781,68.75,68.35282897949219,6028,0.0,0.0
2022-10-31,70.0,70.0,66.30000305175781,68.3499984741211,67.95513916015625,11794,0.0,0.0
2022-11-01,69.80000305175781,75.8499984741211,63.34999847412109,66.44999694824219,66.06611633300781,54442,0.0,0.0
2022-11-02,67.5999984741211,68.5,65.5999984741211,67.5,67.11005401611328,10058,0.0,0.0
2022-11-03,67.0,69.5,66.19999694824219,68.44999694824219,68.05455780029297,8441,0.0,0.0
2022-11-04,68.55000305175781,72.0,67.5,70.6500015258789,70.24185943603516,12004,0.0,0.0
2022-11-07,70.6500015258789,72.8499984741211,69.0999984741211,70.1500015258789,69.74474334716797,9554,0.0,0.0
2022-11-09,70.0,71.4000015258789,68.5,70.0999984741211,69.69503021240234,10259,0.0,0.0
2022-11-10,71.94999694824219,71.94999694824219,69.1500015258789,69.5999984741211,69.19792175292969,6295,0.0,0.0
2022-11-11,69.5,79.0999984741211,69.0,76.30000305175781,75.85921478271484,120401,0.0,0.0
2022-11-14,78.0999984741211,80.0,72.0,72.8499984741211,72.42914581298828,132774,0.0,0.0
2022-11-15,73.0,74.75,68.3499984741211,70.0999984741211,69.69503021240234,50020,0.0,0.0
2022-11-16,69.0,81.0,67.6500015258789,78.44999694824219,77.99678802490234,177125,0.0,0.0
2022-11-17,76.0,80.0,74.0999984741211,75.25,74.81527709960938,110735,0.0,0.0
2022-11-18,73.5,78.0,73.5,74.30000305175781,73.87077331542969,14626,0.0,0.0
2022-11-21,75.75,80.30000305175781,72.0,78.75,78.29505920410156,58810,0.0,0.0
2022-11-22,79.0,90.6500015258789,79.0,89.05000305175781,88.53556060791016,762239,0.0,0.0
2022-11-23,89.9000015258789,92.5,85.19999694824219,87.9000015258789,87.39220428466797,359081,0.0,0.0
2022-11-24,89.80000305175781,94.0,87.6500015258789,89.4000015258789,88.88353729248047,176685,0.0,0.0
2022-11-25,89.4000015258789,92.0999984741211,87.9000015258789,88.30000305175781,87.7898941040039,55407,0.0,0.0
2022-11-28,89.6500015258789,91.4499969482422,83.30000305175781,85.0999984741211,84.6083755493164,40610,0.0,0.0
2022-11-29,86.4000015258789,88.75,83.8499984741211,84.6500015258789,84.16098022460938,19473,0.0,0.0
2022-11-30,85.25,92.8000030517578,84.4000015258789,86.5999984741211,86.0997085571289,202541,0.0,0.0
2022-12-01,87.80000305175781,89.30000305175781,86.1500015258789,86.9000015258789,86.39797973632812,22335,0.0,0.0
2022-12-02,86.94999694824219,94.6999969482422,86.94999694824219,91.6500015258789,91.12053680419922,115988,0.0,0.0
2022-12-05,95.0,98.0,92.5,93.6500015258789,93.1089859008789,49806,0.0,0.0
2022-12-06,96.4499969482422,96.4499969482422,89.0,89.25,88.73440551757812,20752,0.0,0.0
2022-12-07,89.94999694824219,89.94999694824219,85.0,86.1500015258789,85.65231323242188,15432,0.0,0.0
2022-12-08,86.75,88.0,83.0999984741211,84.94999694824219,84.45924377441406,14129,0.0,0.0
2022-12-09,86.9000015258789,86.9000015258789,81.05000305175781,81.5,81.0291748046875,13495,0.0,0.0
2022-12-12,82.25,82.25,77.80000305175781,79.5,79.04072570800781,25372,0.0,0.0
2022-12-13,80.44999694824219,80.44999694824219,76.19999694824219,77.1500015258789,76.70430755615234,10071,0.0,0.0
2022-12-14,77.1500015258789,80.80000305175781,75.6500015258789,79.9000015258789,79.43841552734375,13902,0.0,0.0
2022-12-15,81.8499984741211,82.75,79.1500015258789,80.75,80.28350830078125,11375,0.0,0.0
2022-12-16,82.0,82.0,78.0,80.44999694824219,79.98523712158203,9496,0.0,0.0
2022-12-19,80.44999694824219,82.69999694824219,78.05000305175781,81.05000305175781,80.58177947998047,7864,0.0,0.0
2022-12-20,80.0,81.94999694824219,78.5,80.69999694824219,80.23379516601562,1766,0.0,0.0
2022-12-21,81.9000015258789,82.0,77.30000305175781,79.44999694824219,78.99101257324219,6681,0.0,0.0
2022-12-22,78.8499984741211,83.4000015258789,75.5,83.30000305175781,82.81877899169922,34272,0.0,0.0
2022-12-23,82.80000305175781,85.0,79.75,80.25,79.78639221191406,27244,0.0,0.0
2022-12-26,77.3499984741211,82.0,77.3499984741211,80.05000305175781,79.58755493164062,9757,0.0,0.0
2022-12-27,80.80000305175781,80.80000305175781,76.05000305175781,78.25,77.7979507446289,15138,0.0,0.0
2022-12-28,77.80000305175781,77.80000305175781,75.05000305175781,77.4000015258789,76.9528579711914,9406,0.0,0.0
2022-12-29,77.69999694824219,78.9000015258789,75.6500015258789,78.30000305175781,77.84766387939453,6285,0.0,0.0
2022-12-30,78.8499984741211,79.80000305175781,75.19999694824219,76.55000305175781,76.10777282714844,10238,0.0,0.0
2023-01-02,76.5999984741211,80.3499984741211,76.5999984741211,80.3499984741211,79.88581848144531,11344,0.0,0.0
2023-01-03,81.9000015258789,83.75,79.25,82.6500015258789,82.17253112792969,7481,0.0,0.0
2023-01-04,83.5,83.9000015258789,80.55000305175781,81.19999694824219,80.73090362548828,3177,0.0,0.0
2023-01-05,81.0,81.5,78.3499984741211,79.69999694824219,79.23957061767578,14871,0.0,0.0
2023-01-06,78.3499984741211,80.55000305175781,78.0,80.19999694824219,79.73667907714844,3143,0.0,0.0
2023-01-09,81.69999694824219,81.69999694824219,78.3499984741211,78.44999694824219,77.99678802490234,7691,0.0,0.0
2023-01-10,78.0,78.94999694824219,77.0,77.5999984741211,77.15170288085938,2647,0.0,0.0
2023-01-11,78.0,78.80000305175781,77.0,77.80000305175781,77.35055541992188,1985,0.0,0.0
2023-01-12,78.94999694824219,78.94999694824219,76.0,77.8499984741211,77.40026092529297,3717,0.0,0.0
2023-01-13,77.8499984741211,77.9000015258789,77.0,77.30000305175781,76.85343933105469,2147,0.0,0.0
2023-01-16,77.5,77.5,75.1500015258789,76.1500015258789,75.7100830078125,5564,0.0,0.0
2023-01-17,78.44999694824219,78.5,75.5,77.9000015258789,77.4499740600586,2077,0.0,0.0
2023-01-18,78.9000015258789,78.9000015258789,76.0,76.9000015258789,76.45574951171875,4725,0.0,0.0
2023-01-19,78.80000305175781,78.80000305175781,75.75,77.44999694824219,77.00257110595703,2106,0.0,0.0
2023-01-20,78.0,78.0,75.3499984741211,77.1500015258789,76.70430755615234,4278,0.0,0.0
2023-01-23,78.8499984741211,78.8499984741211,74.30000305175781,75.3499984741211,74.91470336914062,5594,0.0,0.0
2023-01-24,74.80000305175781,75.0,72.0999984741211,73.4000015258789,72.97596740722656,5260,0.0,0.0
2023-01-25,76.19999694824219,76.19999694824219,73.0,73.4000015258789,72.97596740722656,2195,0.0,0.0
2023-01-27,70.69999694824219,72.94999694824219,69.75,70.75,70.34127807617188,7114,0.0,0.0
2023-01-30,70.80000305175781,70.80000305175781,67.55000305175781,68.80000305175781,68.40254211425781,5614,0.0,0.0
2023-01-31,68.80000305175781,69.94999694824219,65.5999984741211,69.75,69.34705352783203,2838,0.0,0.0
2023-02-01,71.55000305175781,72.80000305175781,67.0,68.75,68.35282897949219,5509,0.0,0.0
2023-02-02,70.75,70.75,68.25,69.1500015258789,68.75051879882812,2516,0.0,0.0
2023-02-03,71.4000015258789,71.4000015258789,67.0,68.75,68.35282897949219,2881,0.0,0.0
2023-02-06,70.1500015258789,70.1500015258789,67.05000305175781,68.05000305175781,67.65687561035156,1930,0.0,0.0
2023-02-07,68.0999984741211,71.1500015258789,67.5,71.0,70.58983612060547,4598,0.0,0.0
2023-02-08,71.0,71.44999694824219,69.0,70.0999984741211,69.69503021240234,562,0.0,0.0
2023-02-09,70.0999984741211,70.0999984741211,67.5,68.6500015258789,68.25341033935547,3975,0.0,0.0
2023-02-10,67.8499984741211,71.80000305175781,67.8499984741211,68.6500015258789,68.25341033935547,2442,0.0,0.0
2023-02-13,68.6500015258789,70.25,67.6500015258789,69.44999694824219,69.04878234863281,1669,0.0,0.0
2023-02-14,69.44999694824219,69.44999694824219,67.0,67.55000305175781,67.1597671508789,2706,0.0,0.0
2023-02-15,69.0,69.0,67.0,68.6500015258789,68.25341033935547,907,0.0,0.0
2023-02-16,69.3499984741211,70.0,68.1500015258789,69.05000305175781,68.6511001586914,638,0.0,0.0
2023-02-17,70.0,70.0,67.4000015258789,69.69999694824219,69.2973403930664,1134,0.0,0.0
2023-02-20,67.05000305175781,69.44999694824219,67.05000305175781,69.0999984741211,68.7008056640625,876,0.0,0.0
2023-02-21,68.9000015258789,69.0,67.19999694824219,67.44999694824219,67.06034088134766,1935,0.0,0.0
2023-02-22,67.5,69.4000015258789,66.5999984741211,68.94999694824219,68.55167388916016,568,0.0,0.0
2023-02-23,66.0,68.94999694824219,66.0,67.8499984741211,67.4580307006836,653,0.0,0.0
2023-02-24,67.8499984741211,69.6500015258789,65.0,67.0,66.6129379272461,485,0.0,0.0
2023-02-27,69.0,69.0,63.650001525878906,64.69999694824219,64.32622528076172,4886,0.0,0.0
2023-02-28,66.94999694824219,66.94999694824219,61.5,61.70000076293945,61.34355926513672,33674,0.0,0.0
2023-03-01,62.900001525878906,63.29999923706055,60.09999847412109,62.70000076293945,62.33778381347656,7146,0.0,0.0
2023-03-02,63.0,64.6500015258789,62.95000076293945,63.75,63.381717681884766,2525,0.0,0.0
2023-03-03,64.8499984741211,65.0,62.0,63.70000076293945,63.33200454711914,3394,0.0,0.0
2023-03-06,63.20000076293945,65.0,63.0,63.04999923706055,62.68576049804688,3877,0.0,0.0
2023-03-08,64.0999984741211,64.69999694824219,60.84999847412109,64.0,63.63027191162109,4317,0.0,0.0
2023-03-09,64.0,64.69999694824219,62.04999923706055,64.3499984741211,63.978248596191406,3852,0.0,0.0
2023-03-10,67.0,67.0,61.54999923706055,64.0,63.63027191162109,5138,0.0,0.0
2023-03-13,64.0,64.44999694824219,61.09999847412109,61.650001525878906,61.29384994506836,5572,0.0,0.0
2023-03-14,62.59999847412109,62.59999847412109,59.5,60.0,59.65338134765625,5803,0.0,0.0
2023-03-15,61.79999923706055,62.95000076293945,58.20000076293945,59.70000076293945,59.3551139831543,9598,0.0,0.0
2023-03-16,60.09999847412109,61.54999923706055,58.0,59.900001525878906,59.553958892822266,6473,0.0,0.0
2023-03-17,59.900001525878906,62.84999847412109,57.09999847412109,62.79999923706055,62.43720245361328,24104,0.0,0.0
2023-03-20,62.79999923706055,62.79999923706055,59.70000076293945,60.34999847412109,60.00135803222656,6728,0.0,0.0
2023-03-21,60.0,63.29999923706055,58.29999923706055,60.25,59.90193557739258,2494,0.0,0.0
2023-03-22,60.59999847412109,61.54999923706055,60.09999847412109,60.400001525878906,60.05107116699219,1383,0.0,0.0
2023-03-23,61.650001525878906,63.400001525878906,59.0,61.95000076293945,61.59211730957031,8067,0.0,0.0
2023-03-24,62.5,63.75,59.95000076293945,60.20000076293945,59.85222625732422,5539,0.0,0.0
2023-03-27,60.20000076293945,61.0,57.20000076293945,57.54999923706055,57.217533111572266,12047,0.0,0.0
2023-03-28,57.29999923706055,58.900001525878906,55.20000076293945,57.900001525878906,57.56551361083984,10164,0.0,0.0
2023-03-29,58.900001525878906,60.5,56.34999847412109,57.5,57.16782379150391,3890,0.0,0.0
2023-03-31,57.650001525878906,59.95000076293945,57.04999923706055,58.59999847412109,58.26146697998047,1990,0.0,0.0
2023-04-03,58.650001525878906,60.29999923706055,58.650001525878906,59.400001525878906,59.05684661865234,2840,0.0,0.0
2023-04-05,58.650001525878906,62.25,58.59999847412109,61.54999923706055,61.19442367553711,6350,0.0,0.0
2023-04-06,61.0,64.5999984741211,61.0,64.1500015258789,63.7794075012207,3547,0.0,0.0
2023-04-10,67.0,67.0,61.5,61.95000076293945,61.59211730957031,6121,0.0,0.0
2023-04-11,63.25,63.54999923706055,61.650001525878906,62.04999923706055,61.69153594970703,1120,0.0,0.0
2023-04-12,64.8499984741211,64.8499984741211,61.650001525878906,64.1500015258789,63.7794075012207,3373,0.0,0.0
2023-04-13,64.44999694824219,65.94999694824219,63.5,64.05000305175781,63.67998504638672,3035,0.0,0.0
2023-04-17,64.5999984741211,64.5999984741211,60.59999847412109,62.75,62.38749313354492,4100,0.0,0.0
2023-04-18,64.05000305175781,65.0,62.09999847412109,62.900001525878906,62.53662872314453,3943,0.0,0.0
2023-04-19,64.5,64.5,60.5,61.900001525878906,61.54240417480469,2648,0.0,0.0
2023-04-20,61.900001525878906,63.75,61.900001525878906,62.79999923706055,62.43720245361328,3577,0.0,0.0
2023-04-21,63.84999847412109,63.900001525878906,58.0,61.5,61.14471435546875,3767,0.0,0.0
2023-04-24,58.25,63.25,58.25,61.84999847412109,61.49269104003906,2616,0.0,0.0
2023-04-25,63.650001525878906,63.650001525878906,62.0,62.70000076293945,62.33778381347656,1191,0.0,0.0
2023-04-26,62.79999923706055,63.0,61.75,61.79999923706055,61.4429817199707,2910,0.0,0.0
2023-04-27,63.70000076293945,63.70000076293945,61.150001525878906,62.59999847412109,62.23835754394531,2752,0.0,0.0
2023-04-28,62.59999847412109,63.0,62.0,62.04999923706055,61.69153594970703,1444,0.0,0.0
2023-05-02,63.45000076293945,63.45000076293945,61.0,61.75,61.39326858520508,7611,0.0,0.0
2023-05-03,62.95000076293945,65.0,61.09999847412109,63.59999847412109,63.23258209228516,11429,0.0,0.0
2023-05-04,65.94999694824219,69.94999694824219,62.25,67.5999984741211,67.20947265625,104074,0.0,0.0
2023-05-05,66.0,71.0,66.0,69.94999694824219,69.5458984375,65861,0.0,0.0
2023-05-08,72.0,75.9000015258789,69.94999694824219,75.3499984741211,74.91470336914062,55925,0.0,0.0
2023-05-09,75.3499984741211,82.0,75.3499984741211,78.30000305175781,77.84766387939453,39648,0.0,0.0
2023-05-10,81.9000015258789,82.0,74.4000015258789,74.75,74.31816864013672,20287,0.0,0.0
2023-05-11,74.0999984741211,76.5,71.05000305175781,71.75,71.33550262451172,12851,0.0,0.0
2023-05-12,71.0999984741211,74.1500015258789,69.5,73.25,72.82683563232422,6198,0.0,0.0
2023-05-15,73.05000305175781,75.25,71.0,71.9000015258789,71.48463439941406,10394,0.0,0.0
2023-05-16,73.44999694824219,74.0,72.3499984741211,73.25,72.82683563232422,3463,0.0,0.0
2023-05-17,73.0,75.3499984741211,72.0,74.80000305175781,74.36788177490234,4112,0.0,0.0
2023-05-18,76.25,76.25,73.1500015258789,74.94999694824219,74.51701354980469,12135,0.0,0.0
2023-05-19,75.0,75.94999694824219,73.5999984741211,73.80000305175781,73.3736572265625,3999,0.0,0.0
2023-05-22,73.0,76.6500015258789,72.94999694824219,74.5,74.06961059570312,11457,0.0,0.0
2023-05-23,75.94999694824219,77.75,74.25,76.3499984741211,75.90892791748047,5747,0.0,0.0
2023-05-24,77.0,77.0,74.5,74.9000015258789,74.46730041503906,5638,0.0,0.0
2023-05-25,72.19999694824219,74.19999694824219,71.55000305175781,72.0999984741211,71.68347930908203,11931,0.0,0.0
2023-05-26,73.0,73.5,70.80000305175781,71.30000305175781,70.88809967041016,7499,0.0,0.0
2023-05-29,71.3499984741211,73.19999694824219,70.69999694824219,71.80000305175781,71.38521575927734,3299,0.0,0.0
2023-05-30,74.25,74.25,69.19999694824219,71.3499984741211,70.93781280517578,11179,0.0,0.0
2023-05-31,73.1500015258789,73.1500015258789,68.5,72.44999694824219,72.03145599365234,4670,0.0,0.0
2023-06-01,70.9000015258789,73.8499984741211,70.44999694824219,73.0,72.57827758789062,12360,0.0,0.0
2023-06-02,74.69999694824219,74.69999694824219,72.5,73.25,72.82683563232422,5569,0.0,0.0
2023-06-05,72.05000305175781,76.9000015258789,70.25,76.1500015258789,75.7100830078125,25239,0.0,0.0
2023-06-06,76.1500015258789,78.8499984741211,74.19999694824219,75.3499984741211,74.91470336914062,22391,0.0,0.0
2023-06-07,77.9000015258789,80.19999694824219,75.3499984741211,79.05000305175781,78.59333038330078,35978,0.0,0.0
2023-06-08,80.1500015258789,83.0,76.25,78.8499984741211,78.39448547363281,66063,0.0,0.0
2023-06-09,75.30000305175781,85.0,75.30000305175781,81.94999694824219,81.47657012939453,82549,0.0,0.0
2023-06-12,84.4000015258789,86.3499984741211,82.5,83.3499984741211,82.86848449707031,37761,0.0,0.0
2023-06-13,85.05000305175781,85.44999694824219,81.55000305175781,82.69999694824219,82.22223663330078,35538,0.0,0.0
2023-06-14,85.30000305175781,85.30000305175781,80.4000015258789,83.25,82.7690658569336,30659,0.0,0.0
2023-06-15,82.8499984741211,83.5,81.0,81.5999984741211,81.12859344482422,32575,0.0,0.0
2023-06-16,81.69999694824219,83.4000015258789,80.4000015258789,81.4000015258789,80.92975616455078,27949,0.0,0.0
2023-06-19,83.0,83.30000305175781,79.80000305175781,81.05000305175781,80.58177947998047,30980,0.0,0.0
2023-06-20,80.0,81.5999984741211,80.0,80.6500015258789,80.18408966064453,10673,0.0,0.0
2023-06-21,82.6500015258789,82.6500015258789,80.0999984741211,80.75,80.28350830078125,12895,0.0,0.0
2023-06-22,80.5,85.3499984741211,78.55000305175781,83.75,83.26617431640625,64585,0.0,0.0
2023-06-23,85.0,86.75,82.0,82.69999694824219,82.22223663330078,70894,0.0,0.0
2023-06-26,84.69999694824219,84.75,81.3499984741211,82.5,82.02339935302734,18925,0.0,0.0
2023-06-27,82.0,84.94999694824219,81.05000305175781,82.0999984741211,81.6257095336914,23109,0.0,0.0
2023-06-28,83.69999694824219,83.80000305175781,80.5,80.5999984741211,80.13436889648438,13102,0.0,0.0
2023-06-30,80.5999984741211,84.0,80.19999694824219,80.55000305175781,80.08466339111328,21585,0.0,0.0
2023-07-03,80.55000305175781,82.0,79.8499984741211,81.0,80.53206634521484,13930,0.0,0.0
2023-07-04,82.44999694824219,82.5,80.0,80.30000305175781,79.83611297607422,21066,0.0,0.0
2023-07-05,81.75,82.80000305175781,79.9000015258789,80.69999694824219,80.23379516601562,31776,0.0,0.0
2023-07-06,81.75,82.4000015258789,78.4000015258789,79.5,79.04072570800781,61090,0.0,0.0
2023-07-07,79.0999984741211,80.30000305175781,76.44999694824219,76.9000015258789,76.45574951171875,46155,0.0,0.0
2023-07-10,82.0,82.0,74.94999694824219,76.1500015258789,75.7100830078125,57481,0.0,0.0
2023-07-11,77.30000305175781,83.4000015258789,76.05000305175781,82.9000015258789,82.42108917236328,68305,0.0,0.0
2023-07-12,84.0,85.5,83.05000305175781,83.30000305175781,82.81877899169922,35347,0.0,0.0
2023-07-13,84.75,84.75,82.8499984741211,83.30000305175781,82.81877899169922,31491,0.0,0.0
2023-07-14,82.69999694824219,88.80000305175781,82.69999694824219,86.6500015258789,86.14942169189453,62402,0.0,0.0
2023-07-17,89.5999984741211,94.6999969482422,86.3499984741211,93.3499984741211,92.81071472167967,160626,0.0,0.0
2023-07-18,94.0,96.1999969482422,91.0999984741211,91.8499984741211,91.3193817138672,76260,0.0,0.0
2023-07-19,92.4000015258789,94.1999969482422,91.0,91.1500015258789,90.62342834472656,31282,0.0,0.0
2023-07-20,91.4000015258789,93.0,88.0,90.6999969482422,90.176025390625,24855,0.0,0.0
2023-07-21,88.0,94.75,87.0,92.8000030517578,92.26390075683594,58113,0.0,0.0
2023-07-24,96.0,97.1999969482422,91.8000030517578,94.4499969482422,93.90435791015624,48811,0.0,0.0
2023-07-25,94.9000015258789,97.6500015258789,91.5,92.3499984741211,91.81649017333984,39931,0.0,0.0
2023-07-26,96.9499969482422,96.9499969482422,91.0999984741211,91.1500015258789,90.62342834472656,10036,0.0,0.0
2023-07-27,95.0,95.6999969482422,91.5,95.5500030517578,94.99800872802734,60771,0.0,0.0
2023-07-28,98.25,98.25,93.0,95.5500030517578,94.99800872802734,51749,0.0,0.0
2023-07-31,98.25,100.3000030517578,95.5500030517578,100.3000030517578,99.72057342529295,43336,0.0,0.0
2023-08-01,104.0,105.3000030517578,100.0999984741211,101.9000015258789,101.3113250732422,34492,0.0,0.0
2023-08-02,106.3499984741211,106.3499984741211,97.25,101.0999984741211,100.51594543457033,30689,0.0,0.0
2023-08-03,104.9000015258789,106.1500015258789,96.25,104.5999984741211,103.9957275390625,65960,0.0,0.0
2023-08-04,108.0,108.0,99.4000015258789,100.6999969482422,100.11825561523438,89926,0.0,0.0
2023-08-07,102.75,105.6999969482422,96.0,104.5999984741211,103.9957275390625,111816,0.0,0.0
2023-08-08,104.5999984741211,104.9000015258789,99.4000015258789,100.0,99.42230224609376,46931,0.0,0.0
2023-08-09,103.4000015258789,103.4000015258789,95.0,95.0,94.45118713378906,111840,0.0,0.0
2023-08-10,95.0,95.0,90.25,90.25,89.72862243652344,59067,0.0,0.0
2023-08-11,87.0,94.75,87.0,94.6500015258789,94.10321044921876,20605,0.0,0.0
2023-08-14,95.0,95.0,89.94999694824219,89.94999694824219,89.43035888671875,31475,0.0,0.0
2023-08-16,86.0999984741211,93.0,86.0999984741211,90.0,89.48007202148438,29192,0.0,0.0
2023-08-17,93.0,93.0,85.5,85.5999984741211,85.10548400878906,71526,0.0,0.0
2023-08-18,88.9000015258789,88.9000015258789,81.3499984741211,81.3499984741211,80.88004302978516,35534,0.0,0.0
2023-08-21,84.80000305175781,85.4000015258789,82.0,84.25,83.76329040527344,25714,0.0,0.0
2023-08-22,85.94999694824219,85.94999694824219,80.05000305175781,82.4000015258789,81.9239730834961,16296,0.0,0.0
2023-08-23,82.4000015258789,84.80000305175781,78.69999694824219,81.69999694824219,81.22801971435547,17079,0.0,0.0
2023-08-24,84.75,84.75,80.3499984741211,82.05000305175781,81.57599639892578,14199,0.0,0.0
2023-08-25,81.4000015258789,84.5,81.0,83.55000305175781,83.06733703613281,12765,0.0,0.0
2023-08-28,84.0,87.69999694824219,84.0,87.55000305175781,87.04422760009766,14121,0.0,0.0
2023-08-29,89.94999694824219,91.9000015258789,87.0,90.0999984741211,89.5794906616211,27990,0.0,0.0
2023-08-30,93.9499969482422,94.5999984741211,91.5,91.5999984741211,91.0708236694336,29374,0.0,0.0
2023-08-31,89.80000305175781,89.80000305175781,89.80000305175781,89.80000305175781,89.2812271118164,3114,0.0,0.0
2023-09-01,89.0999984741211,91.0,89.0999984741211,89.0999984741211,88.58526611328125,5167,0.0,0.0
2023-09-04,89.0999984741211,89.0999984741211,87.3499984741211,89.0999984741211,88.58526611328125,7310,0.0,0.0
2023-09-05,89.9000015258789,89.9000015258789,89.0,89.9000015258789,89.38064575195312,4299,0.0,0.0
2023-09-06,88.0999984741211,90.0,88.0999984741211,88.0999984741211,87.5910415649414,5193,0.0,0.0
2023-09-07,88.1500015258789,88.1500015258789,88.0,88.1500015258789,87.64076232910156,7134,0.0,0.0
2023-09-08,89.9000015258789,89.9000015258789,89.9000015258789,89.9000015258789,89.38064575195312,6127,0.0,0.0
2023-09-11,89.9000015258789,90.0,88.1500015258789,89.9000015258789,89.38064575195312,8313,0.0,0.0
2023-09-12,88.0999984741211,89.9000015258789,88.0999984741211,88.0999984741211,87.5910415649414,1495,0.0,0.0
2023-09-13,86.3499984741211,86.4000015258789,86.3499984741211,86.3499984741211,85.85115814208984,2560,0.0,0.0
2023-09-14,84.9000015258789,86.5,84.9000015258789,84.9000015258789,84.40953063964844,1638,0.0,0.0
2023-09-15,86.55000305175781,86.55000305175781,85.0,86.55000305175781,86.05000305175781,1745,0.0,0.0
2023-09-18,85.0999984741211,87.75,85.05000305175781,85.0999984741211,85.0999984741211,1156,0.5,0.0
2023-09-20,85.9000015258789,86.0,86.0,86.0,86.0,514,0.0,0.0
2023-09-21,85.0,86.0,85.0,85.0,85.0,4940,0.0,0.0
2023-09-22,83.94999694824219,84.94999694824219,83.94999694824219,83.94999694824219,83.94999694824219,3374,0.0,0.0
2023-09-25,84.05000305175781,84.05000305175781,83.94999694824219,84.05000305175781,84.05000305175781,2609,0.0,0.0
2023-09-26,82.4000015258789,84.05000305175781,82.4000015258789,82.4000015258789,82.4000015258789,6110,0.0,0.0
2023-09-27,82.4000015258789,82.4000015258789,80.75,82.4000015258789,82.4000015258789,2426,0.0,0.0
2023-09-28,82.4000015258789,82.4000015258789,82.4000015258789,82.4000015258789,82.4000015258789,1534,0.0,0.0
2023-09-29,82.9000015258789,82.9000015258789,82.0,82.9000015258789,82.9000015258789,1210,0.0,0.0
2023-10-03,82.0999984741211,82.9000015258789,82.0,82.0999984741211,82.0999984741211,1468,0.0,0.0
2023-10-04,82.5999984741211,82.5999984741211,81.5,82.5999984741211,82.5999984741211,1598,0.0,0.0
2023-10-05,82.5999984741211,82.94999694824219,82.05000305175781,82.5999984741211,82.5999984741211,2426,0.0,0.0
2023-10-06,84.0,84.0,82.0999984741211,84.0,84.0,2785,0.0,0.0
2023-10-09,84.30000305175781,84.30000305175781,80.30000305175781,83.0,83.0,4150,0.0,0.0
2023-10-10,84.0,86.0,83.0,83.9000015258789,83.9000015258789,17038,0.0,0.0
2023-10-11,84.0,87.0,82.5,86.0,86.0,4381,0.0,0.0
2023-10-12,89.0,89.5,83.9000015258789,88.19999694824219,88.19999694824219,2435,0.0,0.0
2023-10-13,88.19999694824219,90.0,85.0999984741211,89.44999694824219,89.44999694824219,2790,0.0,0.0
2023-10-16,89.44999694824219,91.5,86.9000015258789,88.4000015258789,88.4000015258789,4614,0.0,0.0
2023-10-17,89.0,90.0999984741211,87.0999984741211,87.6500015258789,87.6500015258789,4331,0.0,0.0
2023-10-18,89.8499984741211,90.5,87.0,87.25,87.25,3977,0.0,0.0
2023-10-19,87.0,87.0,85.5,87.0,87.0,9261,0.0,0.0
2023-10-20,87.1500015258789,87.5,85.0999984741211,86.05000305175781,86.05000305175781,5496,0.0,0.0
2023-10-23,85.19999694824219,88.75,83.5,83.69999694824219,83.69999694824219,4249,0.0,0.0
2023-10-25,83.5,86.4000015258789,83.19999694824219,83.30000305175781,83.30000305175781,3860,0.0,0.0
2023-10-26,83.05000305175781,83.05000305175781,79.1500015258789,79.5999984741211,79.5999984741211,4417,0.0,0.0
2023-10-27,80.0,83.5,80.0,81.9000015258789,81.9000015258789,5090,0.0,0.0
2023-10-30,80.25,85.80000305175781,80.25,83.25,83.25,3113,0.0,0.0
2023-10-31,85.0,85.0,80.05000305175781,81.5,81.5,6860,0.0,0.0
2023-11-01,82.55000305175781,87.80000305175781,80.5,86.5999984741211,86.5999984741211,26010,0.0,0.0
2023-11-02,90.0,91.6999969482422,85.55000305175781,87.9000015258789,87.9000015258789,13515,0.0,0.0
2023-11-03,86.05000305175781,88.30000305175781,86.05000305175781,86.8499984741211,86.8499984741211,5451,0.0,0.0
2023-11-06,87.80000305175781,88.80000305175781,86.55000305175781,87.6500015258789,87.6500015258789,13266,0.0,0.0
2023-11-07,87.6500015258789,90.9000015258789,86.0999984741211,87.94999694824219,87.94999694824219,16848,0.0,0.0
2023-11-08,89.9000015258789,90.0,85.3499984741211,86.25,86.25,24664,0.0,0.0
2023-11-09,87.0,90.0,86.25,87.9000015258789,87.9000015258789,15796,0.0,0.0
2023-11-10,89.0,89.9000015258789,85.30000305175781,86.9000015258789,86.9000015258789,14812,0.0,0.0
2023-11-13,88.4000015258789,94.3499984741211,81.3499984741211,92.75,92.75,72268,0.0,0.0
2023-11-15,92.8000030517578,102.0,90.0,101.6999969482422,101.6999969482422,153300,0.0,0.0
2023-11-16,107.0500030517578,111.0,100.0,100.75,100.75,472194,0.0,0.0
2023-11-17,101.4000015258789,101.8000030517578,95.0,97.1500015258789,97.1500015258789,65577,0.0,0.0
2023-11-20,93.1999969482422,97.1500015258789,92.5999984741211,95.0999984741211,95.0999984741211,27293,0.0,0.0
2023-11-21,94.0,102.0,92.4499969482422,96.3000030517578,96.3000030517578,51924,0.0,0.0
2023-11-22,94.8499984741211,99.9000015258789,94.5500030517578,95.0999984741211,95.0999984741211,33937,0.0,0.0
2023-11-23,95.1500015258789,98.8000030517578,92.5,94.5500030517578,94.5500030517578,24018,0.0,0.0
2023-11-24,95.9000015258789,97.3000030517578,93.8000030517578,94.4000015258789,94.4000015258789,18408,0.0,0.0
2023-11-28,94.5500030517578,97.4000015258789,85.0,85.9000015258789,85.9000015258789,279006,0.0,0.0
2023-11-29,86.8499984741211,86.9000015258789,80.0,83.5,83.5,126156,0.0,0.0
2023-11-30,84.30000305175781,86.6500015258789,84.0,84.80000305175781,84.80000305175781,14192,0.0,0.0
2023-12-01,86.0,91.75,84.30000305175781,88.6500015258789,88.6500015258789,155608,0.0,0.0
2023-12-04,88.9000015258789,92.0,87.0,88.55000305175781,88.55000305175781,28934,0.0,0.0
2023-12-05,88.55000305175781,90.8499984741211,87.0,88.05000305175781,88.05000305175781,16998,0.0,0.0
2023-12-06,90.25,90.25,88.05000305175781,88.5999984741211,88.5999984741211,26804,0.0,0.0
2023-12-07,89.80000305175781,90.5,87.3499984741211,88.0999984741211,88.0999984741211,13837,0.0,0.0
2023-12-08,88.94999694824219,88.94999694824219,86.1500015258789,86.75,86.75,7974,0.0,0.0
2023-12-11,89.9000015258789,89.9000015258789,87.80000305175781,88.5999984741211,88.5999984741211,13401,0.0,0.0
2023-12-12,89.80000305175781,89.80000305175781,86.44999694824219,87.3499984741211,87.3499984741211,14065,0.0,0.0
2023-12-13,89.8499984741211,89.8499984741211,85.0999984741211,86.8499984741211,86.8499984741211,8537,0.0,0.0
2023-12-14,88.4000015258789,89.6500015258789,85.0,85.30000305175781,85.30000305175781,17879,0.0,0.0
2023-12-15,86.0,88.5,86.0,86.75,86.75,17028,0.0,0.0
2023-12-18,88.4000015258789,88.4000015258789,84.5,85.0,85.0,28800,0.0,0.0
2023-12-19,87.19999694824219,87.19999694824219,82.0,85.0,85.0,14323,0.0,0.0
2023-12-20,86.5,86.5,82.0,83.0,83.0,27162,0.0,0.0
2023-12-21,82.5999984741211,84.69999694824219,80.9000015258789,82.9000015258789,82.9000015258789,22749,0.0,0.0
2023-12-22,87.94999694824219,87.94999694824219,83.0,83.30000305175781,83.30000305175781,13756,0.0,0.0
2023-12-26,84.5999984741211,86.75,82.25,83.75,83.75,21835,0.0,0.0
2023-12-27,84.0,86.0,84.0,84.75,84.75,13835,0.0,0.0
2023-12-28,84.75,86.44999694824219,82.25,83.25,83.25,29295,0.0,0.0
2023-12-29,84.94999694824219,84.94999694824219,81.25,83.4000015258789,83.4000015258789,10021,0.0,0.0
2024-01-01,86.94999694824219,86.94999694824219,81.30000305175781,84.25,84.25,12043,0.0,0.0
2024-01-02,86.4000015258789,86.4000015258789,82.5999984741211,83.30000305175781,83.30000305175781,17750,0.0,0.0
2024-01-03,82.19999694824219,91.9000015258789,82.19999694824219,90.6500015258789,90.6500015258789,130449,0.0,0.0
2024-01-04,92.0500030517578,93.8000030517578,89.05000305175781,90.6500015258789,90.6500015258789,60046,0.0,0.0
2024-01-05,90.6500015258789,92.9499969482422,85.25,86.6500015258789,86.6500015258789,59609,0.0,0.0
2024-01-08,87.0,89.9000015258789,84.69999694824219,86.75,86.75,29537,0.0,0.0
2024-01-09,89.6500015258789,93.0,86.19999694824219,89.5,89.5,51133,0.0,0.0
2024-01-10,88.0999984741211,92.9000015258789,86.1500015258789,89.0,89.0,27068,0.0,0.0
2024-01-11,91.5,91.5999984741211,84.5,86.75,86.75,92612,0.0,0.0
2024-01-12,88.0,88.69999694824219,86.75,87.69999694824219,87.69999694824219,26648,0.0,0.0
2024-01-15,89.30000305175781,89.5999984741211,87.0,87.30000305175781,87.30000305175781,28583,0.0,0.0
2024-01-16,89.80000305175781,93.9499969482422,87.1500015258789,92.9499969482422,92.9499969482422,142108,0.0,0.0
2024-01-17,93.9000015258789,95.5999984741211,85.9000015258789,86.5,86.5,185254,0.0,0.0
2024-01-18,87.94999694824219,87.94999694824219,84.5,85.0999984741211,85.0999984741211,77382,0.0,0.0
2024-01-19,87.19999694824219,87.30000305175781,84.5,84.94999694824219,84.94999694824219,63182,0.0,0.0
2024-01-23,84.0,85.75,82.0999984741211,82.94999694824219,82.94999694824219,22384,0.0,0.0
2024-01-24,83.0,84.55000305175781,81.80000305175781,83.9000015258789,83.9000015258789,19822,0.0,0.0
2024-01-25,86.0,86.0,79.44999694824219,80.0999984741211,80.0999984741211,155488,0.0,0.0
2024-01-29,81.0,81.75,77.5,77.9000015258789,77.9000015258789,72388,0.0,0.0
2024-01-30,81.0,81.0,75.69999694824219,76.0999984741211,76.0999984741211,72878,0.0,0.0
2024-01-31,78.0,78.5,76.44999694824219,77.05000305175781,77.05000305175781,112432,0.0,0.0
2024-02-01,78.94999694824219,82.80000305175781,77.1500015258789,80.3499984741211,80.3499984741211,140548,0.0,0.0
2024-02-02,81.0,82.9000015258789,78.8499984741211,79.9000015258789,79.9000015258789,26332,0.0,0.0
2024-02-05,81.0,81.0,77.6500015258789,78.6500015258789,78.6500015258789,34008,0.0,0.0
2024-02-06,80.0,80.0,76.69999694824219,77.0999984741211,77.0999984741211,48435,0.0,0.0
2024-02-07,78.44999694824219,78.44999694824219,74.4000015258789,74.8499984741211,74.8499984741211,86928,0.0,0.0
2024-02-08,77.69999694824219,79.6500015258789,74.5,74.80000305175781,74.80000305175781,130784,0.0,0.0
2024-02-09,75.9000015258789,75.9000015258789,71.69999694824219,73.5999984741211,73.5999984741211,30372,0.0,0.0
2024-02-12,73.5999984741211,75.94999694824219,64.05000305175781,70.19999694824219,70.19999694824219,153013,0.0,0.0
2024-02-13,70.19999694824219,73.0,67.30000305175781,69.3499984741211,69.3499984741211,12676,0.0,0.0
2024-02-14,72.0,72.0,67.5999984741211,68.5,68.5,48472,0.0,0.0
2024-02-15,69.0,70.75,69.0,69.8499984741211,69.8499984741211,17077,0.0,0.0
2024-02-16,71.80000305175781,71.80000305175781,68.69999694824219,69.75,69.75,20830,0.0,0.0
2024-02-19,72.0,73.69999694824219,69.0,70.8499984741211,70.8499984741211,32811,0.0,0.0
2024-02-20,70.8499984741211,73.44999694824219,70.19999694824219,73.0999984741211,73.0999984741211,38725,0.0,0.0
2024-02-21,74.44999694824219,74.44999694824219,69.3499984741211,69.9000015258789,69.9000015258789,37574,0.0,0.0
2024-02-22,71.4000015258789,71.4000015258789,68.75,69.0,69.0,20877,0.0,0.0
2024-02-23,69.94999694824219,71.75,68.9000015258789,69.6500015258789,69.6500015258789,55364,0.0,0.0
2024-02-26,71.94999694824219,71.94999694824219,67.4000015258789,68.30000305175781,68.30000305175781,34237,0.0,0.0
2024-02-27,69.5999984741211,69.5999984741211,64.5999984741211,65.25,65.25,82758,0.0,0.0
2024-02-28,66.0,68.25,61.79999923706055,62.95000076293945,62.95000076293945,96666,0.0,0.0
2024-02-29,64.5,67.5999984741211,63.0,65.0999984741211,65.0999984741211,112670,0.0,0.0
2024-03-01,67.19999694824219,67.19999694824219,64.5,64.94999694824219,64.94999694824219,26149,0.0,0.0
2024-03-04,66.5,66.5,51.84999847412109,51.84999847412109,51.84999847412109,3978194,0.0,0.0
2024-03-05,53.0,62.20000076293945,48.5,62.20000076293945,62.20000076293945,5120116,0.0,0.0
2024-03-06,63.79999923706055,74.5999984741211,62.29999923706055,74.5999984741211,74.5999984741211,4997388,0.0,0.0
2024-03-07,76.30000305175781,76.30000305175781,66.75,69.6500015258789,69.6500015258789,1493946,0.0,0.0
2024-03-11,66.19999694824219,71.0,66.19999694824219,66.19999694824219,66.19999694824219,199471,0.0,0.0
2024-03-12,63.0,64.0999984741211,62.900001525878906,62.900001525878906,62.900001525878906,66207,0.0,0.0
2024-03-13,61.0,61.59999847412109,59.75,59.75,59.75,129151,0.0,0.0
2024-03-14,56.79999923706055,60.650001525878906,56.79999923706055,57.09999847412109,57.09999847412109,113312,0.0,0.0
2024-03-15,58.900001525878906,59.95000076293945,54.29999923706055,59.75,59.75,130987,0.0,0.0
2024-03-18,62.70000076293945,62.70000076293945,62.45000076293945,62.70000076293945,62.70000076293945,68678,0.0,0.0
2024-03-19,64.75,64.9000015258789,59.59999847412109,59.84999847412109,59.84999847412109,69241,0.0,0.0
2024-03-20,59.0,60.900001525878906,57.400001525878906,58.45000076293945,58.45000076293945,33711,0.0,0.0
2024-03-21,59.900001525878906,60.5,58.5,59.84999847412109,59.84999847412109,44017,0.0,0.0
2024-03-22,60.75,60.75,58.20000076293945,59.04999923706055,59.04999923706055,27617,0.0,0.0
2024-03-26,59.0,60.04999923706055,56.25,57.75,57.75,87150,0.0,0.0
2024-03-27,57.0,59.0,57.0,57.20000076293945,57.20000076293945,100079,0.0,0.0
2024-03-28,57.20000076293945,59.0,55.04999923706055,55.650001525878906,55.650001525878906,56876,0.0,0.0
2024-04-01,58.20000076293945,58.400001525878906,56.0,58.34999847412109,58.34999847412109,17578,0.0,0.0
2024-04-02,58.400001525878906,61.25,58.400001525878906,60.84999847412109,60.84999847412109,49368,0.0,0.0
2024-04-03,60.79999923706055,62.900001525878906,58.09999847412109,62.09999847412109,62.09999847412109,31749,0.0,0.0
2024-04-04,62.0,62.45000076293945,60.0,60.54999923706055,60.54999923706055,37132,0.0,0.0
2024-04-05,60.75,62.0,60.04999923706055,61.54999923706055,61.54999923706055,22540,0.0,0.0
2024-04-08,61.54999923706055,63.5,61.04999923706055,62.150001525878906,62.150001525878906,28798,0.0,0.0
2024-04-09,61.04999923706055,62.34999847412109,60.0,60.59999847412109,60.59999847412109,13005,0.0,0.0
2024-04-10,61.400001525878906,61.900001525878906,60.0,60.70000076293945,60.70000076293945,31554,0.0,0.0
2024-04-12,60.70000076293945,62.0,60.0,60.75,60.75,22826,0.0,0.0
2024-04-15,59.650001525878906,60.75,57.79999923706055,59.54999923706055,59.54999923706055,17154,0.0,0.0
2024-04-16,60.25,60.25,58.5,59.34999847412109,59.34999847412109,17095,0.0,0.0
2024-04-18,59.34999847412109,61.70000076293945,59.04999923706055,60.0,60.0,32535,0.0,0.0
2024-04-19,59.09999847412109,61.900001525878906,58.5,59.95000076293945,59.95000076293945,20059,0.0,0.0
2024-04-22,60.79999923706055,61.0,59.29999923706055,60.04999923706055,60.04999923706055,12848,0.0,0.0
2024-04-23,60.95000076293945,60.95000076293945,57.54999923706055,59.29999923706055,59.29999923706055,25874,0.0,0.0
2024-04-24,59.59999847412109,61.0,58.59999847412109,60.29999923706055,60.29999923706055,38866,0.0,0.0
2024-04-25,60.29999923706055,60.29999923706055,58.20000076293945,59.54999923706055,59.54999923706055,25839,0.0,0.0
2024-04-26,60.900001525878906,62.5,59.0,60.79999923706055,60.79999923706055,39973,0.0,0.0
2024-04-29,62.0,62.5,60.150001525878906,60.79999923706055,60.79999923706055,40069,0.0,0.0
2024-04-30,61.79999923706055,62.59999847412109,59.0,62.34999847412109,62.34999847412109,51920,0.0,0.0
2024-05-02,62.29999923706055,62.95000076293945,60.04999923706055,62.29999923706055,62.29999923706055,21093,0.0,0.0
2024-05-03,63.45000076293945,63.45000076293945,60.70000076293945,61.75,61.75,25035,0.0,0.0
2024-05-06,62.900001525878906,62.900001525878906,60.70000076293945,61.59999847412109,61.59999847412109,16923,0.0,0.0
2024-05-07,62.400001525878906,62.5,60.75,61.79999923706055,61.79999923706055,19053,0.0,0.0
2024-05-08,62.29999923706055,62.79999923706055,60.20000076293945,61.400001525878906,61.400001525878906,34281,0.0,0.0
2024-05-09,61.0,61.95000076293945,59.04999923706055,59.75,59.75,55055,0.0,0.0
2024-05-10,59.25,61.5,59.25,61.25,61.25,18061,0.0,0.0
2024-05-13,58.75,62.0,58.75,60.900001525878906,60.900001525878906,19419,0.0,0.0
2024-05-14,60.900001525878906,62.25,59.5,60.900001525878906,60.900001525878906,15696,0.0,0.0
2024-05-15,61.70000076293945,61.70000076293945,60.09999847412109,60.59999847412109,60.59999847412109,5390,0.0,0.0
2024-05-16,61.5,62.54999923706055,60.650001525878906,61.09999847412109,61.09999847412109,10135,0.0,0.0
2024-05-17,61.79999923706055,62.0,60.20000076293945,61.400001525878906,61.400001525878906,11143,0.0,0.0
2024-05-21,61.5,61.79999923706055,60.09999847412109,60.70000076293945,60.70000076293945,29670,0.0,0.0
2024-05-22,61.34999847412109,61.34999847412109,59.0,60.0,60.0,42503,0.0,0.0
2024-05-23,61.150001525878906,61.20000076293945,60.0,60.25,60.25,6685,0.0,0.0
2024-05-24,60.20000076293945,60.84999847412109,59.09999847412109,60.400001525878906,60.400001525878906,22579,0.0,0.0
2024-05-27,60.400001525878906,61.0,59.04999923706055,60.0,60.0,39861,0.0,0.0
2024-05-28,59.04999923706055,60.0,59.0,59.150001525878906,59.150001525878906,23861,0.0,0.0
2024-05-29,59.150001525878906,60.0,57.0,58.20000076293945,58.20000076293945,18910,0.0,0.0
2024-05-30,58.95000076293945,60.400001525878906,56.59999847412109,59.29999923706055,59.29999923706055,54656,0.0,0.0
2024-05-31,58.650001525878906,58.650001525878906,56.79999923706055,57.04999923706055,57.04999923706055,26818,0.0,0.0
2024-06-03,57.04999923706055,58.5,54.79999923706055,55.09999847412109,55.09999847412109,47346,0.0,0.0
2024-06-04,54.0,55.04999923706055,52.34999847412109,52.45000076293945,52.45000076293945,32293,0.0,0.0
2024-06-05,54.79999923706055,54.95000076293945,52.45000076293945,54.5,54.5,18447,0.0,0.0
2024-06-06,55.5,55.95000076293945,54.0,55.59999847412109,55.59999847412109,15813,0.0,0.0
2024-06-07,56.95000076293945,56.95000076293945,54.09999847412109,56.45000076293945,56.45000076293945,27600,0.0,0.0
2024-06-10,59.900001525878906,64.37999725341797,59.09999847412109,61.18999862670898,61.18999862670898,147353,0.0,0.0
2024-06-11,62.79999923706055,63.0,60.11000061035156,61.34999847412109,61.34999847412109,38675,0.0,0.0
2024-06-12,61.34999847412109,62.5,61.29999923706055,62.22999954223633,62.22999954223633,38861,0.0,0.0
2024-06-13,63.0,63.0,61.22999954223633,61.880001068115234,61.880001068115234,20796,0.0,0.0
2024-06-14,62.29999923706055,63.84000015258789,61.119998931884766,62.18000030517578,62.18000030517578,45461,0.0,0.0
2024-06-18,63.84999847412109,63.84999847412109,61.09999847412109,61.75,61.75,48560,0.0,0.0
2024-06-19,61.0,63.150001525878906,61.0,62.7400016784668,62.7400016784668,27013,0.0,0.0
2024-06-20,63.29999923706055,64.0,61.68999862670898,62.11000061035156,62.11000061035156,34256,0.0,0.0
2024-06-21,62.95000076293945,62.95000076293945,56.90999984741211,59.09000015258789,59.09000015258789,88386,0.0,0.0
2024-06-24,58.59999847412109,63.0,58.11000061035156,61.650001525878906,61.650001525878906,47801,0.0,0.0
2024-06-25,61.650001525878906,62.900001525878906,60.04999923706055,61.0099983215332,61.0099983215332,48728,0.0,0.0
2024-06-26,61.040000915527344,61.040000915527344,56.5,58.7599983215332,58.7599983215332,161567,0.0,0.0
2024-06-27,59.790000915527344,60.47999954223633,56.04999923706055,57.54999923706055,57.54999923706055,137830,0.0,0.0
2024-06-28,58.20000076293945,58.68999862670898,54.04999923706055,56.380001068115234,56.380001068115234,92231,0.0,0.0
2024-07-01,57.95000076293945,58.790000915527344,55.52000045776367,57.79999923706055,57.79999923706055,49545,0.0,0.0
2024-07-02,57.29999923706055,59.400001525878906,57.22999954223633,58.43000030517578,58.43000030517578,29026,0.0,0.0
2024-07-03,57.59999847412109,59.29999923706055,57.59999847412109,58.88999938964844,58.88999938964844,18824,0.0,0.0
2024-07-04,58.900001525878906,60.0,58.220001220703125,59.04999923706055,59.04999923706055,23685,0.0,0.0
2024-07-05,59.0,59.5,57.77999877929688,58.45000076293945,58.45000076293945,39510,0.0,0.0
2024-07-08,58.310001373291016,58.97999954223633,57.310001373291016,57.79999923706055,57.79999923706055,40183,0.0,0.0
2024-07-09,57.400001525878906,57.400001525878906,57.0,57.18999862670898,57.18999862670898,28019,0.0,0.0
2024-07-10,58.0,58.0,57.0099983215332,57.209999084472656,57.209999084472656,27298,0.0,0.0
2024-07-11,58.0,60.25,57.119998931884766,58.959999084472656,58.959999084472656,101738,0.0,0.0
2024-07-12,58.959999084472656,69.87999725341797,57.18000030517578,67.61000061035156,67.61000061035156,1137912,0.0,0.0
2024-07-15,67.55000305175781,72.4000015258789,65.02999877929688,70.43000030517578,70.43000030517578,704045,0.0,0.0
2024-07-16,70.41999816894531,72.9000015258789,68.05000305175781,70.76000213623047,70.76000213623047,241683,0.0,0.0
2024-07-18,71.01000213623047,72.19999694824219,67.69999694824219,68.9000015258789,68.9000015258789,109788,0.0,0.0
2024-07-19,68.9000015258789,68.97000122070312,64.0,64.70999908447266,64.70999908447266,115716,0.0,0.0
2024-07-22,65.69999694824219,72.0,64.13999938964844,68.76000213623047,68.76000213623047,362816,0.0,0.0
2024-07-23,69.69999694824219,70.98999786376953,64.12000274658203,66.55999755859375,66.55999755859375,316469,0.0,0.0
2024-07-24,66.79000091552734,69.38999938964844,66.48999786376953,67.91999816894531,67.91999816894531,82549,0.0,0.0
2024-07-25,68.3499984741211,70.5,67.5,70.12000274658203,70.12000274658203,119122,0.0,0.0
2024-07-26,70.75,74.05000305175781,69.0999984741211,69.29000091552734,69.29000091552734,251692,0.0,0.0
2024-07-29,69.29000091552734,71.9000015258789,68.11000061035156,69.25,69.25,195607,0.0,0.0
2024-07-30,69.80000305175781,70.5,66.0999984741211,66.94000244140625,66.94000244140625,137085,0.0,0.0
2024-07-31,67.75,69.5,67.1500015258789,67.62999725341797,67.62999725341797,61941,0.0,0.0
2024-08-01,68.6500015258789,68.80000305175781,65.95999908447266,67.05999755859375,67.05999755859375,84775,0.0,0.0
2024-08-02,67.0,67.70999908447266,65.66000366210938,65.94999694824219,65.94999694824219,74966,0.0,0.0
2024-08-05,65.5,65.58999633789062,62.18000030517578,63.470001220703125,63.470001220703125,56115,0.0,0.0
2024-08-06,64.33000183105469,65.5,62.209999084472656,62.90999984741211,62.90999984741211,58515,0.0,0.0
2024-08-07,64.36000061035156,70.61000061035156,63.0,67.5,67.5,79827,0.0,0.0
2024-08-08,69.0,69.0,65.19000244140625,66.36000061035156,66.36000061035156,28202,0.0,0.0
2024-08-09,68.33000183105469,68.45999908447266,65.5199966430664,66.83999633789062,66.83999633789062,33273,0.0,0.0
2024-08-12,68.30000305175781,73.16999816894531,66.51000213623047,68.55999755859375,68.55999755859375,228404,0.0,0.0
2024-08-13,68.30000305175781,79.0,67.91999816894531,77.44999694824219,77.44999694824219,2201299,0.0,0.0
2024-08-14,78.5,78.9800033569336,73.0,73.5,73.5,495306,0.0,0.0
2024-08-16,73.25,74.25,71.25,72.33000183105469,72.33000183105469,92114,0.0,0.0
2024-08-19,72.87999725341797,77.0,70.5,75.54000091552734,75.54000091552734,409720,0.0,0.0
2024-08-20,76.30000305175781,82.9000015258789,75.5999984741211,81.19999694824219,81.19999694824219,841646,0.0,0.0
2024-08-21,81.0,81.94999694824219,77.19999694824219,78.69000244140625,78.69000244140625,221777,0.0,0.0
2024-08-22,79.69999694824219,80.19999694824219,75.30000305175781,76.20999908447266,76.20999908447266,116085,0.0,0.0
2024-08-23,76.5,77.68000030517578,75.55999755859375,76.8499984741211,76.8499984741211,65335,0.0,0.0
2024-08-26,76.98999786376953,79.5,74.3499984741211,77.77999877929688,77.77999877929688,148265,0.0,0.0
2024-08-27,77.5,79.0,75.9000015258789,76.25,76.25,136570,0.0,0.0
2024-08-28,76.30000305175781,78.08999633789062,75.19999694824219,75.83999633789062,75.83999633789062,85998,0.0,0.0
2024-08-29,76.0999984741211,77.16000366210938,74.5999984741211,75.31999969482422,75.31999969482422,50423,0.0,0.0
2024-08-30,75.55000305175781,76.38999938964844,74.20999908447266,74.63999938964844,74.63999938964844,41906,0.0,0.0
2024-09-02,75.05000305175781,81.87999725341797,71.76000213623047,77.66999816894531,77.66999816894531,522279,0.0,0.0
2024-09-03,78.0,78.98999786376953,74.98999786376953,77.33999633789062,77.33999633789062,104316,0.0,0.0
2024-09-04,76.31999969482422,80.6500015258789,75.94999694824219,79.01000213623047,79.01000213623047,114950,0.0,0.0
2024-09-05,79.6500015258789,79.80000305175781,77.05999755859375,78.58000183105469,78.58000183105469,56300,0.0,0.0
2024-09-06,79.0999984741211,79.5,77.0,77.51000213623047,77.51000213623047,57085,0.0,0.0
2024-09-09,76.69999694824219,77.08000183105469,73.70999908447266,75.5999984741211,75.5999984741211,97783,0.0,0.0
2024-09-10,76.75,79.5,75.05000305175781,78.63999938964844,78.63999938964844,97241,0.0,0.0
2024-09-11,78.63999938964844,80.9000015258789,76.01000213623047,76.19000244140625,76.19000244140625,120305,0.0,0.0
2024-09-12,76.9000015258789,77.5,75.25,76.0199966430664,76.0199966430664,35568,0.0,0.0
2024-09-13,77.1500015258789,77.9000015258789,75.41999816894531,76.27999877929688,76.27999877929688,47695,0.0,0.0
2024-09-16,75.44000244140625,77.5,74.79000091552734,76.05999755859375,76.05999755859375,43488,0.0,0.0
2024-09-17,75.01000213623047,76.43000030517578,74.5,74.87999725341797,74.87999725341797,23028,0.0,0.0
2024-09-18,74.20999908447266,75.27999877929688,73.23999786376953,74.41000366210938,74.41000366210938,36046,0.0,0.0
2024-09-19,74.0,74.80000305175781,71.0,73.36000061035156,73.36000061035156,46598,0.0,0.0
2024-09-20,74.56999969482422,75.26000213623047,71.7300033569336,73.02999877929688,73.02999877929688,37170,0.0,0.0
2024-09-23,74.05999755859375,75.0,72.52999877929688,74.26000213623047,74.26000213623047,68552,0.0,0.0
2024-09-24,74.87000274658203,77.9000015258789,74.72000122070312,76.88999938964844,76.88999938964844,171653,0.0,0.0
2024-09-25,78.0,79.38999938964844,76.13999938964844,77.41999816894531,77.41999816894531,87134,0.0,0.0
2024-09-26,75.61000061035156,81.9000015258789,75.61000061035156,79.80000305175781,79.80000305175781,407039,0.0,0.0
2024-09-27,78.94999694824219,81.16999816894531,77.0,79.5,79.5,128904,0.0,0.0
2024-09-30,79.61000061035156,90.9800033569336,78.05000305175781,86.27999877929688,86.27999877929688,1441792,0.0,0.0
2024-10-01,87.5,89.45999908447266,81.33000183105469,82.4000015258789,82.4000015258789,199043,0.0,0.0
2024-10-03,81.51000213623047,83.0,78.5,81.18000030517578,81.18000030517578,94335,0.0,0.0
2024-10-04,78.69999694824219,80.23999786376953,77.12000274658203,77.48999786376953,77.48999786376953,53371,0.0,0.0
2024-10-07,76.98999786376953,78.9000015258789,73.61000061035156,73.63999938964844,73.63999938964844,25952,0.0,0.0
2024-10-08,73.0,76.8499984741211,69.94999694824219,74.7699966430664,74.7699966430664,15716,0.0,0.0
2024-10-09,78.5,78.5,73.5,75.18000030517578,75.18000030517578,14630,0.0,0.0
2024-10-10,77.0,77.05999755859375,71.41999816894531,73.12999725341797,73.12999725341797,30846,0.0,0.0
2024-10-11,72.97000122070312,74.0,69.55000305175781,71.69999694824219,71.69999694824219,22029,0.0,0.0
2024-10-14,71.6500015258789,72.9000015258789,71.0999984741211,71.2699966430664,71.2699966430664,18550,0.0,0.0
2024-10-15,72.69999694824219,72.69999694824219,70.5999984741211,71.54000091552734,71.54000091552734,18043,0.0,0.0
2024-10-16,72.80000305175781,73.69999694824219,70.5,73.08000183105469,73.08000183105469,12375,0.0,0.0
2024-10-17,72.58000183105469,73.06999969482422,70.05000305175781,71.48999786376953,71.48999786376953,10354,0.0,0.0
2024-10-18,70.19999694824219,72.5,70.19999694824219,72.05999755859375,72.05999755859375,19851,0.0,0.0
2024-10-21,71.4000015258789,73.0,69.51000213623047,71.55000305175781,71.55000305175781,11911,0.0,0.0
2024-10-22,72.79000091552734,72.79000091552734,67.97000122070312,69.08000183105469,69.08000183105469,17174,0.0,0.0
2024-10-23,66.5999984741211,71.80000305175781,66.5999984741211,69.05000305175781,69.05000305175781,10675,0.0,0.0
2024-10-24,69.0,69.94999694824219,67.05999755859375,67.5999984741211,67.5999984741211,12478,0.0,0.0
2024-10-25,67.61000061035156,68.87000274658203,64.22000122070312,65.44999694824219,65.44999694824219,34565,0.0,0.0
2024-10-28,64.0,67.5,62.900001525878906,66.54000091552734,66.54000091552734,15014,0.0,0.0
2024-10-29,66.5,68.9000015258789,64.80000305175781,67.47000122070312,67.47000122070312,19384,0.0,0.0
2024-10-30,69.19999694824219,69.94999694824219,66.0,67.79000091552734,67.79000091552734,6697,0.0,0.0
2024-10-31,68.0,71.16999816894531,68.0,69.70999908447266,69.70999908447266,9836,0.0,0.0
2024-11-01,70.75,72.0,69.5,70.87999725341797,70.87999725341797,7313,0.0,0.0
2024-11-04,73.4000015258789,73.4000015258789,67.33000183105469,68.25,68.25,17260,0.0,0.0
2024-11-05,68.25,70.0,67.4800033569336,69.88999938964844,69.88999938964844,5606,0.0,0.0
2024-11-06,69.9000015258789,70.0,68.02999877929688,69.18000030517578,69.18000030517578,8218,0.0,0.0
2024-11-07,68.97000122070312,69.87000274658203,68.0999984741211,69.69999694824219,69.69999694824219,8735,0.0,0.0
2024-11-08,69.5,70.66999816894531,66.20999908447266,67.04000091552734,67.04000091552734,13710,0.0,0.0
2024-11-11,67.04000091552734,67.44999694824219,65.0,65.2699966430664,65.2699966430664,11330,0.0,0.0
2024-11-12,64.55000305175781,67.4000015258789,64.55000305175781,65.47000122070312,65.47000122070312,16194,0.0,0.0
2024-11-13,65.47000122070312,67.0,63.119998931884766,64.41999816894531,64.41999816894531,10587,0.0,0.0
2024-11-14,65.98999786376953,67.0,63.25,65.95999908447266,65.95999908447266,19033,0.0,0.0
2024-11-18,65.0,68.0,63.0099983215332,65.73999786376953,65.73999786376953,6505,0.0,0.0
2024-11-19,66.5999984741211,67.9000015258789,64.4000015258789,64.79000091552734,64.79000091552734,4821,0.0,0.0
2024-11-21,67.58000183105469,67.58000183105469,62.45000076293945,63.900001525878906,63.900001525878906,12641,0.0,0.0
2024-11-22,63.900001525878906,67.08999633789062,63.79999923706055,67.08999633789062,67.08999633789062,15389,0.0,0.0
2024-11-25,67.95999908447266,70.44000244140625,66.0,70.44000244140625,70.44000244140625,17687,0.0,0.0
2024-11-26,67.4000015258789,73.37000274658203,67.4000015258789,69.56999969482422,69.56999969482422,12275,0.0,0.0
2024-11-27,71.0,71.0,68.61000061035156,70.69000244140625,70.69000244140625,2684,0.0,0.0
2024-11-28,70.5,71.5,68.5,70.31999969482422,70.31999969482422,7484,0.0,0.0
2024-11-29,69.5,73.83000183105469,68.31999969482422,73.83000183105469,73.83000183105469,36602,0.0,0.0
2024-12-02,75.30999755859375,77.5199966430664,72.01000213623047,75.30000305175781,75.30000305175781,50783,0.0,0.0
2024-12-03,76.80999755859375,76.80999755859375,74.0,74.16999816894531,74.16999816894531,7153,0.0,0.0
2024-12-04,77.44999694824219,77.44999694824219,72.25,74.22000122070312,74.22000122070312,8823,0.0,0.0
2024-12-05,74.98999786376953,76.5,71.1500015258789,72.44999694824219,72.44999694824219,5268,0.0,0.0
2024-12-06,72.44999694824219,74.5,71.0,73.4800033569336,73.4800033569336,10121,0.0,0.0
2024-12-09,74.37999725341797,77.1500015258789,74.0,75.05000305175781,75.05000305175781,109951,0.0,0.0
2024-12-10,76.94000244140625,77.0,75.0,75.95999908447266,75.95999908447266,23851,0.0,0.0
2024-12-11,74.05000305175781,76.88999938964844,73.80000305175781,75.0999984741211,75.0999984741211,7328,0.0,0.0
2024-12-12,75.0999984741211,76.80000305175781,71.55000305175781,72.26000213623047,72.26000213623047,35690,0.0,0.0
2024-12-13,72.88999938964844,73.87999725341797,71.5,72.51000213623047,72.51000213623047,6421,0.0,0.0
2024-12-16,71.01000213623047,75.98999786376953,71.01000213623047,72.62000274658203,72.62000274658203,6029,0.0,0.0
2024-12-17,72.48999786376953,74.80000305175781,69.19999694824219,71.94999694824219,71.94999694824219,23096,0.0,0.0
2024-12-18,71.88999938964844,71.88999938964844,70.0199966430664,70.93000030517578,70.93000030517578,31364,0.0,0.0
2024-12-19,70.69999694824219,71.98999786376953,69.33999633789062,70.94000244140625,70.94000244140625,7440,0.0,0.0
2024-12-20,70.94000244140625,72.4000015258789,67.5,67.83999633789062,67.83999633789062,35727,0.0,0.0
2024-12-23,67.83000183105469,68.20999908447266,66.0999984741211,66.83000183105469,66.83000183105469,10621,0.0,0.0
2024-12-24,67.97000122070312,67.97000122070312,67.0,67.5,67.5,6392,0.0,0.0
2024-12-26,68.4000015258789,68.4000015258789,65.25,66.19000244140625,66.19000244140625,3668,0.0,0.0
2024-12-27,67.9000015258789,67.9000015258789,65.0999984741211,66.91999816894531,66.91999816894531,10310,0.0,0.0
2024-12-30,69.36000061035156,69.36000061035156,66.25,66.69999694824219,66.69999694824219,25020,0.0,0.0
2024-12-31,66.69999694824219,68.0,66.0,66.63999938964844,66.63999938964844,15686,0.0,0.0
2025-01-01,68.0,69.97000122070312,67.0,69.18000030517578,69.18000030517578,42891,0.0,0.0
2025-01-02,69.9000015258789,72.3499984741211,69.0,70.83000183105469,70.83000183105469,31570,0.0,0.0
2025-01-03,73.5,73.5,70.83000183105469,72.05000305175781,72.05000305175781,28010,0.0,0.0
2025-01-06,76.0,78.69999694824219,70.0,71.3499984741211,71.3499984741211,189639,0.0,0.0
2025-01-07,72.0,73.66000366210938,69.0999984741211,70.94000244140625,70.94000244140625,156632,0.0,0.0
2025-01-08,72.88999938964844,72.88999938964844,69.31999969482422,70.0199966430664,70.0199966430664,15883,0.0,0.0
2025-01-09,70.98999786376953,71.5,67.6500015258789,68.77999877929688,68.77999877929688,21845,0.0,0.0
2025-01-10,72.61000061035156,72.69000244140625,66.0999984741211,66.36000061035156,66.36000061035156,17413,0.0,0.0
2025-01-13,66.0,67.68000030517578,62.09999847412109,65.44000244140625,65.44000244140625,29951,0.0,0.0
2025-01-14,70.66000366210938,71.19999694824219,65.0,67.16999816894531,67.16999816894531,7860,0.0,0.0
2025-01-15,67.97000122070312,73.5,67.25,68.80999755859375,68.80999755859375,74646,0.0,0.0
2025-01-16,70.19999694824219,71.80000305175781,68.47000122070312,71.16000366210938,71.16000366210938,63947,0.0,0.0
2025-01-17,71.16000366210938,71.16000366210938,68.20999908447266,70.4800033569336,70.4800033569336,24054,0.0,0.0
2025-01-20,70.47000122070312,72.94999694824219,69.55000305175781,70.75,70.75,9895,0.0,0.0
2025-01-21,69.80999755859375,70.83999633789062,66.5999984741211,67.16999816894531,67.16999816894531,28932,0.0,0.0
2025-01-22,68.9000015258789,68.9000015258789,66.6500015258789,67.05000305175781,67.05000305175781,12733,0.0,0.0
2025-01-23,66.73999786376953,68.69999694824219,66.01000213623047,66.61000061035156,66.61000061035156,5604,0.0,0.0
2025-01-24,68.01000213623047,68.19000244140625,65.4000015258789,65.83000183105469,65.83000183105469,13548,0.0,0.0
2025-01-27,64.5999984741211,67.1500015258789,64.5999984741211,65.33999633789062,65.33999633789062,20736,0.0,0.0
2025-01-28,62.29999923706055,69.80000305175781,62.29999923706055,65.33000183105469,65.33000183105469,10941,0.0,0.0
2025-01-29,64.4800033569336,70.83999633789062,64.4800033569336,66.0,66.0,51075,0.0,0.0
2025-01-30,65.0999984741211,68.77999877929688,65.0999984741211,66.48999786376953,66.48999786376953,5351,0.0,0.0
2025-01-31,66.55000305175781,66.98999786376953,66.01000213623047,66.25,66.25,6848,0.0,0.0
2025-02-01,66.33999633789062,67.77999877929688,66.13999938964844,66.5,66.5,12359,0.0,0.0
2025-02-03,66.5199966430664,66.5199966430664,65.5199966430664,66.2300033569336,66.2300033569336,4967,0.0,0.0
2025-02-04,66.08999633789062,67.18000030517578,65.20999908447266,65.79000091552734,65.79000091552734,6912,0.0,0.0
2025-02-05,66.0,73.5,65.5,66.94000244140625,66.94000244140625,40213,0.0,0.0
2025-02-06,67.19999694824219,67.9000015258789,65.5999984741211,66.19999694824219,66.19999694824219,6863,0.0,0.0
2025-02-07,66.80000305175781,68.69999694824219,65.94999694824219,67.77999877929688,67.77999877929688,5845,0.0,0.0
2025-02-10,65.69999694824219,67.80000305175781,64.5,65.11000061035156,65.11000061035156,9522,0.0,0.0
2025-02-11,65.58999633789062,65.58999633789062,63.20000076293945,64.06999969482422,64.06999969482422,10347,0.0,0.0
2025-02-12,65.20999908447266,65.62999725341797,58.5099983215332,62.47999954223633,62.47999954223633,44320,0.0,0.0
2025-02-13,62.0,64.0,59.650001525878906,59.9900016784668,59.9900016784668,35787,0.0,0.0
2025-02-14,61.900001525878906,61.900001525878906,57.40999984741211,58.06999969482422,58.06999969482422,15572,0.0,0.0
2025-02-17,57.0,60.0,56.5,59.02000045776367,59.02000045776367,47083,0.0,0.0
2025-02-18,58.20000076293945,59.97999954223633,57.79999923706055,59.45000076293945,59.45000076293945,20891,0.0,0.0
2025-02-19,60.5,61.0,58.900001525878906,59.66999816894531,59.66999816894531,8266,0.0,0.0
2025-02-20,61.2400016784668,62.54999923706055,60.540000915527344,62.31999969482422,62.31999969482422,11951,0.0,0.0
2025-02-21,63.84999847412109,63.84999847412109,60.04999923706055,61.08000183105469,61.08000183105469,5855,0.0,0.0
2025-02-24,60.04999923706055,61.290000915527344,58.09999847412109,59.04999923706055,59.04999923706055,11429,0.0,0.0
2025-02-25,59.2400016784668,65.58000183105469,59.2400016784668,62.66999816894531,62.66999816894531,57919,0.0,0.0
2025-02-27,65.8499984741211,65.8499984741211,59.29999923706055,59.7400016784668,59.7400016784668,11719,0.0,0.0
2025-02-28,60.790000915527344,60.9900016784668,57.5,59.29999923706055,59.29999923706055,12482,0.0,0.0
2025-03-03,61.88999938964844,61.88999938964844,54.9900016784668,59.130001068115234,59.130001068115234,23999,0.0,0.0
2025-03-04,58.97999954223633,60.22999954223633,56.2599983215332,57.5099983215332,57.5099983215332,63494,0.0,0.0
2025-03-05,61.0099983215332,61.29999923706055,56.709999084472656,59.470001220703125,59.470001220703125,87627,0.0,0.0
2025-03-06,59.970001220703125,61.790000915527344,58.40999984741211,59.83000183105469,59.83000183105469,87177,0.0,0.0
2025-03-07,63.0,63.0,59.93999862670898,60.81999969482422,60.81999969482422,13432,0.0,0.0
2025-03-10,59.5,60.400001525878906,56.79999923706055,57.90999984741211,57.90999984741211,32394,0.0,0.0
2025-03-11,57.209999084472656,59.84999847412109,56.209999084472656,58.2400016784668,58.2400016784668,24590,0.0,0.0
2025-03-12,59.09999847412109,59.4900016784668,57.0,57.5,57.5,9038,0.0,0.0
2025-03-13,58.29999923706055,61.63999938964844,56.560001373291016,57.060001373291016,57.060001373291016,46099,0.0,0.0
2025-03-17,57.88999938964844,59.93999862670898,55.29999923706055,56.900001525878906,56.900001525878906,168008,0.0,0.0
2025-03-18,56.900001525878906,56.900001525878906,56.900001525878906,56.900001525878906,56.900001525878906,0,0.0,0.0
2025-03-19,58.29999923706055,60.04999923706055,56.84999847412109,57.970001220703125,57.970001220703125,207086,0.0,0.0
2025-03-20,58.11000061035156,60.0,56.400001525878906,57.060001373291016,57.060001373291016,52324,0.0,0.0
2025-03-21,56.95000076293945,63.0,56.95000076293945,60.83000183105469,60.83000183105469,157981,0.0,0.0
2025-03-24,59.650001525878906,69.94000244140625,59.650001525878906,68.43000030517578,68.43000030517578,217485,0.0,0.0
2025-03-25,68.38999938964844,72.13999938964844,63.150001525878906,70.56999969482422,70.56999969482422,170789,0.0,0.0
2025-03-26,70.3499984741211,71.98999786376953,62.20000076293945,64.27999877929688,64.27999877929688,119930,0.0,0.0
2025-03-27,65.25,68.66000366210938,63.83000183105469,68.1500015258789,68.1500015258789,46766,0.0,0.0
2025-03-28,69.30000305175781,69.5,65.62000274658203,66.98999786376953,66.98999786376953,33831,0.0,0.0
2025-04-01,66.0,71.0,66.0,67.08000183105469,67.08000183105469,10446,0.0,0.0
2025-04-02,68.52999877929688,68.9000015258789,68.0,68.05000305175781,68.05000305175781,12433,0.0,0.0
2025-04-03,68.0,70.55000305175781,67.9800033569336,69.37000274658203,69.37000274658203,22984,0.0,0.0
2025-04-04,67.6500015258789,71.51000213623047,67.4000015258789,67.94999694824219,67.94999694824219,13104,0.0,0.0
2025-04-07,63.400001525878906,70.9000015258789,63.400001525878906,65.73999786376953,65.73999786376953,11309,0.0,0.0
2025-04-08,68.94999694824219,68.94999694824219,66.0199966430664,66.70999908447266,66.70999908447266,6821,0.0,0.0
2025-04-09,69.3499984741211,69.3499984741211,64.61000061035156,65.22000122070312,65.22000122070312,7660,0.0,0.0
2025-04-11,64.62000274658203,66.38999938964844,64.0,64.4800033569336,64.4800033569336,8129,0.0,0.0
2025-04-15,64.11000061035156,67.48999786376953,64.11000061035156,65.02999877929688,65.02999877929688,18778,0.0,0.0
2025-04-16,65.95999908447266,66.33000183105469,65.5,65.8499984741211,65.8499984741211,7003,0.0,0.0
2025-04-17,65.87999725341797,67.5,65.0,66.02999877929688,66.02999877929688,17468,0.0,0.0
2025-04-21,64.5,68.98999786376953,64.5,67.47000122070312,67.47000122070312,25126,0.0,0.0
2025-04-22,68.81999969482422,68.81999969482422,66.0,66.86000061035156,66.86000061035156,11159,0.0,0.0
2025-04-23,67.94000244140625,67.9800033569336,65.80999755859375,66.80000305175781,66.80000305175781,8921,0.0,0.0
2025-04-24,66.11000061035156,70.0,65.30000305175781,68.27999877929688,68.27999877929688,30919,0.0,0.0
2025-04-25,68.27999877929688,78.48999786376953,68.18000030517578,74.16999816894531,74.16999816894531,1090989,0.0,0.0
2025-04-28,74.5999984741211,80.94999694824219,74.20999908447266,79.04000091552734,79.04000091552734,390313,0.0,0.0
2025-04-29,77.47000122070312,82.7300033569336,75.95999908447266,81.36000061035156,81.36000061035156,312404,0.0,0.0
2025-04-30,81.0,83.37999725341797,79.05000305175781,81.22000122070312,81.22000122070312,112834,0.0,0.0
2025-05-02,80.0,83.30000305175781,80.0,81.19999694824219,81.19999694824219,72248,0.0,0.0
2025-05-05,81.88999938964844,83.73999786376953,74.05000305175781,75.08999633789062,75.08999633789062,209025,0.0,0.0
2025-05-06,75.5999984741211,78.9000015258789,73.19999694824219,74.33000183105469,74.33000183105469,115809,0.0,0.0
2025-05-07,74.19999694824219,77.0,72.5,76.41000366210938,76.41000366210938,48365,0.0,0.0
2025-05-08,76.58999633789062,76.5999984741211,71.19999694824219,72.4800033569336,72.4800033569336,28007,0.0,0.0
2025-05-09,69.19999694824219,73.4000015258789,69.19999694824219,73.33999633789062,73.33999633789062,34100,0.0,0.0
2025-05-12,77.0,79.41000366210938,74.8499984741211,75.05999755859375,75.05999755859375,74033,0.0,0.0
2025-05-13,75.43000030517578,76.8499984741211,75.29000091552734,76.51000213623047,76.51000213623047,13313,0.0,0.0
2025-05-14,76.83999633789062,76.83999633789062,74.25,74.77999877929688,74.77999877929688,40372,0.0,0.0
2025-05-15,75.5999984741211,79.5,75.0,76.20999908447266,76.20999908447266,87422,0.0,0.0
2025-05-16,76.20999908447266,77.5199966430664,73.5,74.83000183105469,74.83000183105469,22081,0.0,0.0
2025-05-19,73.5999984741211,76.0999984741211,73.01000213623047,73.63999938964844,73.63999938964844,42805,0.0,0.0
2025-05-20,73.6500015258789,75.25,72.0,73.48999786376953,73.48999786376953,19204,0.0,0.0
2025-05-21,74.5999984741211,75.61000061035156,72.38999938964844,74.05999755859375,74.05999755859375,19677,0.0,0.0
2025-05-22,74.0,74.04000091552734,71.9000015258789,73.20999908447266,73.20999908447266,38481,0.0,0.0
2025-05-23,74.0999984741211,74.0999984741211,72.05000305175781,72.33000183105469,72.33000183105469,14324,0.0,0.0
2025-05-26,72.0,73.9000015258789,72.0,72.55999755859375,72.55999755859375,11632,0.0,0.0
2025-05-27,72.62999725341797,73.98999786376953,71.19000244140625,72.5,72.5,19859,0.0,0.0
2025-05-28,72.73999786376953,74.05000305175781,71.5199966430664,72.93000030517578,72.93000030517578,23257,0.0,0.0
2025-05-29,71.70999908447266,73.44000244140625,71.70999908447266,72.02999877929688,72.02999877929688,10061,0.0,0.0
2025-05-30,72.9800033569336,72.9800033569336,71.26000213623047,71.9000015258789,71.9000015258789,26448,0.0,0.0
2025-06-02,71.05000305175781,75.0,70.98999786376953,72.44000244140625,72.44000244140625,13538,0.0,0.0
2025-06-03,72.93000030517578,73.12999725341797,71.25,71.44999694824219,71.44999694824219,26904,0.0,0.0
2025-06-04,72.16000366210938,73.30999755859375,69.63999938964844,70.88999938964844,70.88999938964844,29065,0.0,0.0
2025-06-05,72.19000244140625,72.19000244140625,70.05000305175781,70.55000305175781,70.55000305175781,9332,0.0,0.0
2025-06-06,72.0,72.0,70.25,70.95999908447266,70.95999908447266,21443,0.0,0.0
2025-06-09,73.98999786376953,77.69999694824219,71.5,74.91000366210938,74.91000366210938,95258,0.0,0.0
2025-06-10,74.75,75.80000305175781,73.0,73.48999786376953,73.48999786376953,27323,0.0,0.0
2025-06-11,73.3499984741211,74.5999984741211,71.26000213623047,72.05999755859375,72.05999755859375,23326,0.0,0.0
2025-06-12,73.0199966430664,73.27999877929688,71.26000213623047,71.72000122070312,71.72000122070312,16767,0.0,0.0
2025-06-13,72.75,72.75,71.0,71.94000244140625,71.94000244140625,11962,0.0,0.0
2025-06-16,72.29000091552734,74.38999938964844,71.02999877929688,72.44000244140625,72.44000244140625,24031,0.0,0.0
2025-06-17,73.75,73.75,70.5199966430664,71.58000183105469,71.58000183105469,6678,0.0,0.0
2025-06-18,72.69999694824219,73.0999984741211,71.55000305175781,71.95999908447266,71.95999908447266,9476,0.0,0.0
2025-06-19,72.27999877929688,72.27999877929688,67.72000122070312,71.19000244140625,71.19000244140625,32655,0.0,0.0
2025-06-20,70.0999984741211,71.55999755859375,69.5999984741211,70.0199966430664,70.0199966430664,8137,0.0,0.0
2025-06-23,70.0199966430664,71.29000091552734,69.36000061035156,70.25,70.25,18002,0.0,0.0
2025-06-24,69.6500015258789,72.5999984741211,69.6500015258789,70.18000030517578,70.18000030517578,24512,0.0,0.0
2025-06-25,71.19999694824219,72.80000305175781,70.43000030517578,71.54000091552734,71.54000091552734,21761,0.0,0.0
2025-06-26,72.9000015258789,72.9000015258789,70.80000305175781,71.48999786376953,71.48999786376953,14527,0.0,0.0
2025-06-27,70.6500015258789,71.88999938964844,70.0999984741211,71.27999877929688,71.27999877929688,16569,0.0,0.0
2025-06-30,70.04000091552734,72.79000091552734,70.04000091552734,71.16000366210938,71.16000366210938,18395,0.0,0.0
2025-07-01,71.0,71.98999786376953,70.51000213623047,71.3499984741211,71.3499984741211,4920,0.0,0.0
2025-07-02,71.9000015258789,72.98999786376953,71.18000030517578,72.22000122070312,72.22000122070312,19159,0.0,0.0
2025-07-03,73.29000091552734,73.29000091552734,70.80999755859375,71.41999816894531,71.41999816894531,19117,0.0,0.0
2025-07-04,71.41999816894531,72.5,70.80999755859375,71.87000274658203,71.87000274658203,10653,0.0,0.0
2025-07-07,72.5,79.5,71.76000213623047,75.3499984741211,75.3499984741211,341846,0.0,0.0
2025-07-08,75.72000122070312,76.97000122070312,73.0,74.25,74.25,46431,0.0,0.0
2025-07-09,75.55000305175781,75.55000305175781,73.26000213623047,73.8499984741211,73.8499984741211,14832,0.0,0.0
2025-07-10,73.0,74.58000183105469,72.5199966430664,73.88999938964844,73.88999938964844,16683,0.0,0.0
2025-07-11,74.41999816894531,75.0,71.48999786376953,73.05000305175781,73.05000305175781,19972,0.0,0.0
2025-07-14,73.16000366210938,75.19000244140625,73.16000366210938,74.72000122070312,74.72000122070312,18486,0.0,0.0
2025-07-15,75.44999694824219,79.0,74.61000061035156,78.51000213623047,78.51000213623047,53306,0.0,0.0
2025-07-16,78.51000213623047,80.4000015258789,75.5999984741211,76.7699966430664,76.7699966430664,35366,0.0,0.0
2025-07-17,77.13999938964844,77.13999938964844,73.5999984741211,74.29000091552734,74.29000091552734,7912,0.0,0.0
2025-07-18,74.29000091552734,76.43000030517578,73.6500015258789,75.41000366210938,75.41000366210938,15742,0.0,0.0
2025-07-21,75.91999816894531,76.05000305175781,72.5,73.01000213623047,73.01000213623047,19251,0.0,0.0
2025-07-22,73.30000305175781,76.75,72.95999908447266,74.98999786376953,74.98999786376953,27567,0.0,0.0
2025-07-23,74.94000244140625,75.5,73.5,73.61000061035156,73.61000061035156,13371,0.0,0.0
2025-07-24,75.0199966430664,75.0199966430664,73.01000213623047,73.61000061035156,73.61000061035156,13002,0.0,0.0
2025-07-25,74.9800033569336,74.9800033569336,72.20999908447266,73.4000015258789,73.4000015258789,14250,0.0,0.0
2025-07-28,74.5,74.5999984741211,72.0,72.0999984741211,72.0999984741211,16277,0.0,0.0
2025-07-29,71.0,74.5,71.0,73.83999633789062,73.83999633789062,5296,0.0,0.0
2025-07-30,74.01000213623047,74.45999908447266,72.5,72.73999786376953,72.73999786376953,8963,0.0,0.0
2025-07-31,73.54000091552734,75.45999908447266,72.0199966430664,73.43000030517578,73.43000030517578,11254,0.0,0.0
2025-08-01,74.5,74.5,72.0,72.48999786376953,72.48999786376953,8920,0.0,0.0
2025-08-04,73.5999984741211,74.98999786376953,71.5,73.7699966430664,73.7699966430664,22853,0.0,0.0
2025-08-05,73.62000274658203,73.9800033569336,71.5,72.5999984741211,72.5999984741211,10714,0.0,0.0
2025-08-06,71.5,74.58999633789062,71.5,73.38999938964844,73.38999938964844,13874,0.0,0.0
2025-08-07,73.38999938964844,74.33999633789062,70.83999633789062,73.8499984741211,73.8499984741211,20453,0.0,0.0
2025-08-08,73.8499984741211,73.8499984741211,72.55000305175781,73.62000274658203,73.62000274658203,4026,0.0,0.0
2025-08-11,72.25,73.9800033569336,72.25,73.2300033569336,73.2300033569336,9270,0.0,0.0
2025-08-12,72.0999984741211,74.0,72.0999984741211,73.76000213623047,73.76000213623047,3983,0.0,0.0
2025-08-13,74.5,77.0,73.0,75.7300033569336,75.7300033569336,54341,0.0,0.0
2025-08-14,77.44999694824219,80.3499984741211,75.51000213623047,76.70999908447266,76.70999908447266,267890,0.0,0.0
2025-08-18,78.19999694824219,84.94999694824219,77.19000244140625,82.63999938964844,82.63999938964844,386117,0.0,0.0
2025-08-19,82.0,86.9800033569336,80.91999816894531,85.91000366210938,85.91000366210938,155431,0.0,0.0
2025-08-20,86.30000305175781,89.0,86.01000213623047,86.58999633789062,86.58999633789062,135734,0.0,0.0
2025-08-21,86.16000366210938,91.0,84.51000213623047,89.9000015258789,89.9000015258789,213143,0.0,0.0
2025-08-22,90.9000015258789,104.9000015258789,88.30999755859375,97.83000183105467,97.83000183105467,1267152,0.0,0.0
2025-08-25,99.63999938964844,107.0,98.8000030517578,101.93000030517578,101.93000030517578,585710,0.0,0.0
2025-08-26,101.5,109.5,100.0999984741211,103.52999877929688,103.52999877929688,614232,0.0,0.0
2025-08-28,104.0,111.1500015258789,102.61000061035156,109.22000122070312,109.22000122070312,322665,0.0,0.0
2025-08-29,111.1999969482422,118.98999786376952,107.9000015258789,116.83999633789062,116.83999633789062,840230,0.0,0.0
2025-09-01,116.98999786376952,128.52000427246094,107.45999908447266,128.52000427246094,128.52000427246094,908471,0.0,0.0
2025-09-02,126.6999969482422,134.94000244140625,122.08999633789062,134.47999572753906,134.47999572753906,225378,0.0,0.0
2025-09-03,133.0,139.1999969482422,127.75,130.3000030517578,130.3000030517578,127413,0.0,0.0
2025-09-04,129.5,132.6999969482422,123.77999877929688,126.18000030517578,126.18000030517578,95070,0.0,0.0
2025-09-05,129.0,129.0,121.1500015258789,121.58000183105467,121.58000183105467,47606,0.0,0.0
2025-09-08,117.5,127.6500015258789,117.5,127.16999816894533,127.16999816894533,50699,0.0,0.0
2025-09-09,122.5,131.0,122.5,126.63999938964844,126.63999938964844,47254,0.0,0.0
2025-09-10,129.6999969482422,129.6999969482422,120.4000015258789,121.38999938964844,121.38999938964844,64237,0.0,0.0
2025-09-11,121.0,122.88999938964844,115.31999969482422,120.9000015258789,120.9000015258789,52253,0.0,0.0
2025-09-12,119.69000244140624,123.0,116.0,120.80999755859376,120.80999755859376,48931,0.0,0.0
2025-09-15,120.0,126.0,120.0,124.22000122070312,124.22000122070312,31492,0.0,0.0
2025-09-16,126.8000030517578,127.75,121.0999984741211,122.37000274658205,122.37000274658205,12315,0.0,0.0
2025-09-17,125.75,127.0,120.0999984741211,123.55999755859376,123.55999755859376,15276,0.0,0.0
2025-09-18,123.55999755859376,124.0500030517578,118.5,120.48999786376952,120.48999786376952,26627,0.0,0.0
2025-09-19,118.5,123.9499969482422,118.5,120.77999877929688,120.77999877929688,14886,0.0,0.0
2025-09-22,119.56999969482422,123.0,117.0999984741211,122.63999938964844,122.63999938964844,27217,0.0,0.0
2025-09-23,125.0,125.75,117.5,120.93000030517578,120.93000030517578,23311,0.0,0.0
2025-09-24,123.3499984741211,123.6500015258789,119.0,120.44000244140624,120.44000244140624,14115,0.0,0.0
2025-09-25,121.0,122.8499984741211,117.5,119.12000274658205,119.12000274658205,18854,0.0,0.0
2025-09-26,119.12000274658205,121.5,113.16000366210938,118.19000244140624,118.19000244140624,36549,0.0,0.0
2025-09-29,118.1500015258789,119.9000015258789,115.0,117.31999969482422,117.31999969482422,28514,0.0,0.0
2025-09-30,115.0,122.0,115.0,118.48999786376952,118.48999786376952,15852,0.0,0.0
2025-10-01,121.0,123.5,118.5999984741211,122.88999938964844,122.88999938964844,48150,0.0,0.0
2025-10-03,123.0,125.0,120.3000030517578,121.33999633789062,121.33999633789062,55189,0.0,0.0
2025-10-06,121.94000244140624,124.9000015258789,116.81999969482422,122.13999938964844,122.13999938964844,70635,0.0,0.0
2025-10-07,124.0,124.5,120.0500030517578,122.2699966430664,122.2699966430664,5858,0.0,0.0
2025-10-08,122.2699966430664,123.9000015258789,120.0,120.22000122070312,120.22000122070312,10469,0.0,0.0
2025-10-09,120.0,123.5,118.9000015258789,121.13999938964844,121.13999938964844,9394,0.0,0.0
2025-10-10,116.6500015258789,122.9000015258789,116.6500015258789,119.83000183105467,119.83000183105467,6090,0.0,0.0
2025-10-13,119.75,124.0,119.75,122.52999877929688,122.52999877929688,26303,0.0,0.0
2025-10-14,121.3000030517578,126.0,120.0,124.1500015258789,124.1500015258789,25305,0.0,0.0
2025-10-15,126.0,127.0,120.41000366210938,122.37999725341795,122.37999725341795,19076,0.0,0.0
2025-10-16,122.0,125.0,119.1999969482422,121.79000091552734,121.79000091552734,18728,0.0,0.0
2025-10-17,122.38999938964844,122.38999938964844,119.36000061035156,119.4000015258789,119.4000015258789,11357,0.0,0.0
2025-10-20,116.5999984741211,120.0,113.43000030517578,117.0500030517578,117.0500030517578,39923,0.0,0.0
2025-10-21,115.0,118.0,114.0,117.61000061035156,117.61000061035156,29618,0.0,0.0
2025-10-23,117.5999984741211,119.0,114.0500030517578,118.11000061035156,118.11000061035156,25733,0.0,0.0
2025-10-24,119.8000030517578,120.26000213623048,116.0999984741211,117.9800033569336,117.9800033569336,20175,0.0,0.0
2025-10-27,118.0,121.4499969482422,116.25,120.26000213623048,120.26000213623048,10973,0.0,0.0
2025-10-28,118.0999984741211,120.8499984741211,117.4000015258789,120.08999633789062,120.08999633789062,6952,0.0,0.0
2025-10-29,121.0,121.1999969482422,118.5,119.45999908447266,119.45999908447266,6272,0.0,0.0
2025-10-30,120.0,121.9800033569336,119.45999908447266,121.31999969482422,121.31999969482422,12603,0.0,0.0
2025-10-31,119.0,127.0,119.0,125.02999877929688,125.02999877929688,34686,0.0,0.0
2025-11-03,127.0,131.27999877929688,125.02999877929688,131.1699981689453,131.1699981689453,81699,0.0,0.0
2025-11-04,133.0,133.0,124.6999969482422,125.16999816894533,125.16999816894533,61153,0.0,0.0
2025-11-06,125.16999816894533,128.0,120.5999984741211,123.2300033569336,123.2300033569336,23598,0.0,0.0
2025-11-07,125.0,125.0,117.1500015258789,121.2300033569336,121.2300033569336,7975,0.0,0.0
2025-11-10,121.1999969482422,123.0,117.0,117.41000366210938,117.41000366210938,13322,0.0,0.0
2025-11-11,116.23999786376952,118.58999633789062,115.0,117.58999633789062,117.58999633789062,12569,0.0,0.0
2025-11-12,117.6500015258789,118.5,117.5,117.70999908447266,117.70999908447266,5049,0.0,0.0
2025-11-13,116.1500015258789,117.70999908447266,114.01000213623048,114.91999816894533,114.91999816894533,21845,0.0,0.0
2025-11-14,113.5999984741211,115.87000274658205,109.16999816894533,110.7300033569336,110.7300033569336,33837,0.0,0.0
2025-11-17,107.95999908447266,110.0,106.0,106.2699966430664,106.2699966430664,17287,0.0,0.0
2025-11-18,106.0,107.8000030517578,102.11000061035156,103.75,103.75,21933,0.0,0.0
2025-11-19,105.77999877929688,106.5999984741211,104.0199966430664,105.20999908447266,105.20999908447266,3795,0.0,0.0
2025-11-20,105.20999908447266,107.5,104.0999984741211,105.33000183105467,105.33000183105467,6171,0.0,0.0
2025-11-21,105.33000183105467,107.4800033569336,105.0,105.5999984741211,105.5999984741211,2512,0.0,0.0
2025-11-24,106.0,107.98999786376952,105.0,105.0,105.0,4450,0.0,0.0
2025-11-25,105.0999984741211,108.45999908447266,105.0999984741211,107.48999786376952,107.48999786376952,4472,0.0,0.0
2025-11-26,107.48999786376952,109.25,105.5,106.0199966430664,106.0199966430664,4942,0.0,0.0
2025-11-27,106.0199966430664,107.1500015258789,105.0,106.37000274658205,106.37000274658205,2656,0.0,0.0
2025-11-28,107.0,107.4000015258789,105.3499984741211,105.6500015258789,105.6500015258789,3732,0.0,0.0
2025-12-01,103.61000061035156,107.4499969482422,103.38999938964844,105.11000061035156,105.11000061035156,6949,0.0,0.0
2025-12-02,105.25,107.20999908447266,105.25,106.66999816894533,106.66999816894533,4353,0.0,0.0
2025-12-03,106.66999816894533,109.4000015258789,105.1999969482422,105.58999633789062,105.58999633789062,8328,0.0,0.0
2025-12-04,103.4000015258789,108.83999633789062,103.4000015258789,105.52999877929688,105.52999877929688,6374,0.0,0.0
2025-12-05,106.30999755859376,107.0,105.0999984741211,105.70999908447266,105.70999908447266,1703,0.0,0.0
2025-12-08,107.97000122070312,107.9800033569336,102.5999984741211,105.12000274658205,105.12000274658205,13974,0.0,0.0
2025-12-09,107.33999633789062,115.0,101.5,112.68000030517578,112.68000030517578,26126,0.0,0.0
2025-12-10,117.0,117.0,111.13999938964844,112.76000213623048,112.76000213623048,15615,0.0,0.0
2025-12-11,114.88999938964844,121.0,110.55999755859376,118.2699966430664,118.2699966430664,41491,0.0,0.0
2025-12-12,120.01000213623048,130.08999633789062,112.61000061035156,129.33999633789062,129.33999633789062,139352,0.0,0.0
2025-12-15,130.0,136.0,127.0,131.50999450683594,131.50999450683594,150860,0.0,0.0
2025-12-16,132.16000366210938,134.5,127.11000061035156,129.39999389648438,129.39999389648438,42731,0.0,0.0
2025-12-17,129.50999450683594,135.0,129.39999389648438,133.14999389648438,133.14999389648438,91309,0.0,0.0
2025-12-18,135.0,138.0,126.5,127.06999969482422,127.06999969482422,64060,0.0,0.0
2025-12-19,127.06999969482422,128.88999938964844,120.72000122070312,125.3000030517578,125.3000030517578,76035,0.0,0.0
2025-12-22,125.0,131.0,123.25,124.7300033569336,124.7300033569336,23674,0.0,0.0
2025-12-23,125.0,127.5,125.0,126.63999938964844,126.63999938964844,9240,0.0,0.0
2025-12-24,128.1300048828125,130.2100067138672,125.58999633789062,127.43000030517578,127.43000030517578,32247,0.0,0.0
2025-12-26,128.6999969482422,130.0,125.0,128.16000366210938,128.16000366210938,14350,0.0,0.0
2025-12-29,127.0999984741211,131.41000366210938,121.76000213623048,121.93000030517578,121.93000030517578,33891,0.0,0.0
2025-12-30,120.0500030517578,120.0500030517578,116.3000030517578,117.94000244140624,117.94000244140624,17066,0.0,0.0
2025-12-31,117.94000244140624,120.0,117.48999786376952,119.23999786376952,119.23999786376952,4759,0.0,0.0
2026-01-01,119.58000183105467,120.9800033569336,116.5,120.4499969482422,120.4499969482422,7395,0.0,0.0
2026-01-02,121.5500030517578,122.9000015258789,120.83000183105467,121.6999969482422,121.6999969482422,4476,0.0,0.0
2026-01-05,122.0,125.5999984741211,116.1999969482422,118.51000213623048,118.51000213623048,5355,0.0,0.0
2026-01-06,118.51000213623048,120.6999969482422,118.51000213623048,120.5199966430664,120.5199966430664,3993,0.0,0.0
2026-01-07,119.4000015258789,121.58999633789062,116.3499984741211,118.0199966430664,118.0199966430664,6725,0.0,0.0
2026-01-08,119.5,119.5,115.0,115.4800033569336,115.4800033569336,2792,0.0,0.0
2026-01-09,114.93000030517578,115.0,111.0,111.58000183105467,111.58000183105467,11405,0.0,0.0
2026-01-12,110.0999984741211,112.5,109.0,110.1500015258789,110.1500015258789,28752,0.0,0.0
2026-01-13,110.1500015258789,113.4800033569336,106.1500015258789,107.93000030517578,107.93000030517578,63701,0.0,0.0
2026-01-14,108.16999816894533,110.77999877929688,107.27999877929688,108.12999725341795,108.12999725341795,66471,0.0,0.0
2026-01-16,112.9000015258789,112.9000015258789,108.5500030517578,110.0199966430664,110.0199966430664,63543,0.0,0.0
2026-01-19,107.5,110.6500015258789,107.13999938964844,108.4000015258789,108.4000015258789,79523,0.0,0.0
2026-01-20,110.56999969482422,111.58999633789062,106.5500030517578,108.54000091552734,108.54000091552734,97040,0.0,0.0
2026-01-21,106.9499969482422,111.98999786376952,104.5,110.83999633789062,110.83999633789062,92137,0.0,0.0
2026-01-22,108.0,116.37999725341795,108.0,116.37000274658205,116.37000274658205,40840,0.0,0.0
2026-01-23,121.4499969482422,122.18000030517578,119.56999969482422,122.16999816894533,122.16999816894533,26863,0.0,0.0
2026-01-27,125.88999938964844,128.27000427246094,123.0199966430664,128.27000427246094,128.27000427246094,36199,0.0,0.0
2026-01-28,130.3300018310547,134.67999267578125,123.48999786376952,134.64999389648438,134.64999389648438,84798,0.0,0.0
2026-01-29,135.0,141.3800048828125,134.35000610351562,141.3800048828125,141.3800048828125,47690,0.0,0.0
2026-01-30,145.10000610351562,147.0,134.32000732421875,135.27000427246094,135.27000427246094,128210,0.0,0.0
2026-02-02,127.0,127.9800033569336,122.08999633789062,122.08999633789062,122.08999633789062,14124,0.0,0.0
2026-02-03,120.30999755859376,124.8000030517578,116.0,117.83000183105467,117.83000183105467,20364,0.0,0.0
2026-02-04,119.66000366210938,123.72000122070312,118.22000122070312,123.6500015258789,123.6500015258789,16272,0.0,0.0
2026-02-05,128.0,128.0,119.5,120.66000366210938,120.66000366210938,13022,0.0,0.0
2026-02-06,123.06999969482422,124.0,119.5999984741211,122.18000030517578,122.18000030517578,3598,0.0,0.0
2026-02-09,117.3000030517578,123.94000244140624,117.3000030517578,122.81999969482422,122.81999969482422,4670,0.0,0.0
2026-02-10,125.29000091552734,127.98999786376952,119.5,120.1500015258789,120.1500015258789,10578,0.0,0.0
2026-02-11,120.1500015258789,124.0,118.2300033569336,122.83000183105467,122.83000183105467,9335,0.0,0.0
2026-02-12,122.0999984741211,122.6999969482422,117.6500015258789,118.87000274658205,118.87000274658205,10701,0.0,0.0
2026-02-13,121.2699966430664,121.2699966430664,112.93000030517578,113.08000183105467,113.08000183105467,32120,0.0,0.0
2026-02-16,115.5999984741211,118.7300033569336,108.9000015258789,118.7300033569336,118.7300033569336,45176,0.0,0.0
2026-02-17,119.98999786376952,124.66000366210938,119.02999877929688,124.0,124.0,57754,0.0,0.0
2026-02-18,126.0,130.1999969482422,121.0,130.1999969482422,130.1999969482422,41562,0.0,0.0
2026-02-19,134.0,136.7100067138672,123.69000244140624,123.69000244140624,123.69000244140624,147793,0.0,0.0
2026-02-20,117.5500030517578,119.9800033569336,117.51000213623048,117.51000213623048,117.51000213623048,44977,0.0,0.0
2026-02-23,117.0,120.3499984741211,111.63999938964844,111.97000122070312,111.97000122070312,76783,0.0,0.0
2026-02-24,111.63999938964844,113.75,107.0,108.20999908447266,108.20999908447266,55806,0.0,0.0
2026-02-25,107.5,111.98999786376952,106.80999755859376,109.83000183105467,109.83000183105467,37975,0.0,0.0
2026-02-26,110.5199966430664,110.5199966430664,106.01000213623048,107.98999786376952,107.98999786376952,14898,0.0,0.0
2026-02-27,107.9800033569336,113.37999725341795,107.12000274658205,110.19000244140624,110.19000244140624,32250,0.0,0.0
2026-03-02,109.4800033569336,110.08000183105467,106.22000122070312,107.66000366210938,107.66000366210938,18550,0.0,0.0
2026-03-04,107.66000366210938,109.58999633789062,105.41000366210938,108.86000061035156,108.86000061035156,7908,0.0,0.0
2026-03-05,107.5,112.98999786376952,107.5,111.0,111.0,10820,0.0,0.0
2026-03-06,112.0,113.06999969482422,108.5,111.11000061035156,111.11000061035156,10835,0.0,0.0
2026-03-09,110.8000030517578,110.8000030517578,105.5999984741211,107.55999755859376,107.55999755859376,13020,0.0,0.0
2026-03-10,108.1500015258789,110.69000244140624,107.55999755859376,109.0,109.0,5900,0.0,0.0
2026-03-11,109.08999633789062,109.9800033569336,107.5500030517578,107.8499984741211,107.8499984741211,5764,0.0,0.0
2026-03-12,107.0,107.02999877929688,102.5999984741211,103.51000213623048,103.51000213623048,21610,0.0,0.0
2026-03-13,103.51000213623048,106.0,99.5,103.52999877929688,103.52999877929688,23989,0.0,0.0
2026-03-16,105.69000244140624,108.6999969482422,102.41999816894533,107.18000030517578,107.18000030517578,15108,0.0,0.0
2026-03-17,110.94000244140624,110.94000244140624,105.0199966430664,106.0,106.0,7964,0.0,0.0
2026-03-18,108.16000366210938,110.01000213623048,106.80999755859376,108.97000122070312,108.97000122070312,16403,0.0,0.0
2026-03-19,107.33999633789062,107.7699966430664,103.5500030517578,104.6999969482422,104.6999969482422,1834,0.0,0.0
2026-03-20,105.5500030517578,109.93000030517578,104.83999633789062,109.08000183105467,109.08000183105467,7571,0.0,0.0
2026-03-23,110.16999816894533,112.3000030517578,103.62999725341795,104.36000061035156,104.36000061035156,6549,0.0,0.0
2026-03-24,107.12000274658205,108.19000244140624,101.11000061035156,102.51000213623048,102.51000213623048,33303,0.0,0.0
2026-03-25,103.0,106.3499984741211,103.0,105.31999969482422,105.31999969482422,5609,0.0,0.0
2026-03-27,104.01000213623048,106.62000274658205,101.0,102.72000122070312,102.72000122070312,9669,0.0,0.0
2026-03-30,101.56999969482422,102.0199966430664,97.58999633789062,98.22000122070312,98.22000122070312,17827,0.0,0.0
2026-04-01,99.01000213623048,103.12999725341795,99.01000213623048,101.83999633789062,101.83999633789062,7139,0.0,0.0
2026-04-02,104.9499969482422,104.9499969482422,100.01000213623048,102.51000213623048,102.51000213623048,3145,0.0,0.0
2026-04-06,105.9000015258789,105.9000015258789,100.11000061035156,104.43000030517578,104.43000030517578,7690,0.0,0.0
2026-04-07,106.48999786376952,106.48999786376952,101.01000213623048,105.58000183105467,105.58000183105467,5641,0.0,0.0
2026-04-08,105.3000030517578,112.0,105.0,108.54000091552734,108.54000091552734,12825,0.0,0.0
2026-04-09,111.0,111.0,108.0,108.86000061035156,108.86000061035156,2834,0.0,0.0
2026-04-10,108.98999786376952,110.0,106.5999984741211,107.4800033569336,107.4800033569336,2526,0.0,0.0
2026-04-13,103.0,108.5,103.0,107.36000061035156,107.36000061035156,4543,0.0,0.0
2026-04-15,109.9499969482422,111.4800033569336,107.5,108.5999984741211,108.5999984741211,20816,0.0,0.0
2026-04-16,110.73999786376952,113.0,108.12999725341795,109.26000213623048,109.26000213623048,12418,0.0,0.0
2026-04-17,114.5999984741211,114.5999984741211,108.01000213623048,111.51000213623048,111.51000213623048,8885,0.0,0.0
2026-04-20,113.9000015258789,114.8000030517578,109.31999969482422,111.29000091552734,111.29000091552734,7921,0.0,0.0
2026-04-21,111.3000030517578,112.0,109.0999984741211,110.20999908447266,110.20999908447266,7523,0.0,0.0
2026-04-22,107.25,121.2300033569336,107.25,118.97000122070312,118.97000122070312,100988,0.0,0.0
2026-04-23,122.0,127.8000030517578,118.0,126.47000122070312,126.47000122070312,73735,0.0,0.0
2026-04-24,126.47000122070312,129.7899932861328,115.5199966430664,120.38999938964844,120.38999938964844,21540,0.0,0.0
2026-04-27,122.1999969482422,125.0,118.30999755859376,123.5500030517578,123.5500030517578,7350,0.0,0.0
2026-04-28,124.0,124.0,119.0,120.16999816894533,120.16999816894533,7891,0.0,0.0
2026-04-29,120.16000366210938,124.0,116.5999984741211,121.5199966430664,121.5199966430664,13035,0.0,0.0
2026-04-30,124.5999984741211,124.5999984741211,118.0,118.87000274658205,118.87000274658205,5954,0.0,0.0
2026-05-04,117.5500030517578,121.05999755859376,115.0,116.41999816894533,116.41999816894533,5013,0.0,0.0
2026-05-05,118.69000244140624,118.69000244140624,111.1999969482422,116.38999938964844,116.38999938964844,8468,0.0,0.0
2026-05-06,116.36000061035156,118.0,112.5,117.66000366210938,117.66000366210938,7486,0.0,0.0
2026-05-07,117.9000015258789,118.88999938964844,115.25,116.98999786376952,116.98999786376952,7290,0.0,0.0
2026-05-08,116.0999984741211,117.69000244140624,115.1999969482422,116.38999938964844,116.38999938964844,7651,0.0,0.0
2026-05-11,114.1999969482422,116.0,110.61000061035156,112.5999984741211,112.5999984741211,7775,0.0,0.0
2026-05-12,112.0,115.0,110.3000030517578,114.66000366210938,114.66000366210938,12315,0.0,0.0
2026-05-13,112.3000030517578,116.48999786376952,105.1500015258789,108.38999938964844,108.38999938964844,21370,0.0,0.0
2026-05-14,109.5999984741211,112.9000015258789,107.0,111.06999969482422,111.06999969482422,12679,0.0,0.0
2026-05-15,111.06999969482422,111.06999969482422,106.0,106.55999755859376,106.55999755859376,15573,0.0,0.0
2026-05-18,106.55999755859376,106.55999755859376,101.0199966430664,104.73999786376952,104.73999786376952,7839,0.0,0.0
2026-05-19,103.75,108.98999786376952,103.75,108.61000061035156,108.61000061035156,3586,0.0,0.0
2026-05-20,109.5999984741211,110.0,105.5500030517578,109.22000122070312,109.22000122070312,2628,0.0,0.0
2026-05-21,107.1500015258789,109.88999938964844,106.3000030517578,107.83000183105467,107.83000183105467,2876,0.0,0.0
2026-05-22,108.36000061035156,110.5999984741211,107.0,109.19000244140624,109.19000244140624,4242,0.0,0.0
2026-05-25,111.8000030517578,112.0,108.1999969482422,109.0500030517578,109.0500030517578,6664,0.0,0.0
2026-05-26,108.0,112.0,108.0,109.41999816894533,109.41999816894533,2119,0.0,0.0
2026-05-27,110.0,110.0,107.0999984741211,108.3000030517578,108.3000030517578,4094,0.0,0.0
2026-05-28,108.3000030517578,108.3000030517578,108.3000030517578,108.3000030517578,108.3000030517578,0,0.0,0.0
2026-05-29,107.5999984741211,109.8499984741211,106.01000213623048,108.56999969482422,108.56999969482422,5834,0.0,0.0
2026-06-01,106.3000030517578,108.5,106.3000030517578,108.18000030517578,108.18000030517578,6582,0.0,0.0
2026-06-02,108.0,109.9000015258789,107.95999908447266,108.37000274658205,108.37000274658205,9645,0.0,0.0
2026-06-03,109.48999786376952,112.0,107.75,110.04000091552734,110.04000091552734,7927,0.0,0.0
2026-06-04,111.0,111.9499969482422,107.6999969482422,109.2699966430664,109.2699966430664,3367,0.0,0.0
2026-06-05,110.0,127.88999938964844,108.58000183105467,124.62000274658205,124.62000274658205,78274,0.0,0.0
2026-06-08,124.98999786376952,124.98999786376952,113.68000030517578,117.91999816894533,117.91999816894533,51452,0.0,0.0
2026-06-09,117.79000091552734,129.0,114.5,122.38999938964844,122.38999938964844,103841,0.0,0.0
2026-06-10,120.1999969482422,127.5,120.1999969482422,122.41999816894533,122.41999816894533,14591,0.0,0.0
2026-06-11,120.0999984741211,136.5,118.0,134.22999572753906,134.22999572753906,379302,0.0,0.0
2026-06-12,137.0,138.89999389648438,129.0,135.10000610351562,135.10000610351562,118265,0.0,0.0
2026-06-15,136.42999267578125,143.1999969482422,131.99000549316406,139.97999572753906,139.97999572753906,251501,0.0,0.0
2026-06-16,140.38999938964844,140.89999389648438,137.0500030517578,139.8800048828125,139.8800048828125,37979,0.0,0.0
2026-06-17,140.60000610351562,142.2899932861328,132.0,136.27999877929688,136.27999877929688,50859,0.0,0.0
2026-06-18,138.3000030517578,139.35000610351562,131.0,132.86000061035156,132.86000061035156,27878,0.0,0.0
2026-06-19,132.86000061035156,132.86000061035156,126.0,127.69000244140624,127.69000244140624,23855,0.0,0.0
2026-06-22,126.81999969482422,131.4499969482422,125.81999969482422,127.37000274658205,127.37000274658205,28309,0.0,0.0
2026-06-23,126.0999984741211,130.0,122.0500030517578,124.20999908447266,124.20999908447266,12103,0.0,0.0
2026-06-24,124.22000122070312,132.0,124.22000122070312,128.05999755859375,128.05999755859375,32820,0.0,0.0
2026-06-25,129.10000610351562,129.58999633789062,124.0,125.0199966430664,125.0199966430664,5657,0.0,0.0
2026-06-26,125.0199966430664,125.0199966430664,125.0199966430664,125.0199966430664,125.0199966430664,0,0.0,0.0
2026-06-29,128.13999938964844,128.13999938964844,119.08999633789062,121.58999633789062,121.58999633789062,6335,0.0,0.0
2026-06-30,121.61000061035156,122.45999908447266,113.0,116.81999969482422,116.81999969482422,9001,0.0,0.0
2026-07-01,116.81999969482422,120.4499969482422,116.81999969482422,118.4499969482422,118.4499969482422,6941,0.0,0.0
2026-07-02,118.88999938964844,127.0,118.0199966430664,125.58999633789062,125.58999633789062,16519,0.0,0.0
2026-07-03,125.51000213623048,131.97999572753906,125.11000061035156,128.1300048828125,128.1300048828125,29223,0.0,0.0
2026-07-06,128.1300048828125,130.8000030517578,121.0,122.16999816894533,122.16999816894533,16845,0.0,0.0
2026-07-07,124.04000091552734,127.18000030517578,121.25,123.2300033569336,123.2300033569336,9718,0.0,0.0
2026-07-08,123.48999786376952,125.38999938964844,117.36000061035156,118.55999755859376,118.55999755859376,9760,0.0,0.0
2026-07-09,119.9000015258789,124.8000030517578,119.8499984741211,121.12000274658205,121.12000274658205,5654,0.0,0.0
2026-07-10,124.0,124.0,117.01000213623048,118.27999877929688,118.27999877929688,20501,0.0,0.0
2026-07-13,118.27999877929688,130.9199981689453,115.45999908447266,124.37999725341795,124.37999725341795,124354,0.0,0.0
2026-07-14,125.0999984741211,127.8000030517578,122.0,122.97000122070312,122.97000122070312,9200,0.0,0.0
2026-07-15,123.5,123.5500030517578,118.0,120.11000061035156,120.11000061035156,30781,0.0,0.0
2026-07-16,120.33999633789062,130.0,116.6999969482422,122.56999969482422,122.56999969482422,108854,0.0,0.0
2026-07-17,122.11000061035156,125.9800033569336,120.5,122.04000091552734,122.04000091552734,10254,0.0,0.0
2026-07-20,123.08000183105467,123.91000366210938,118.0500030517578,121.41999816894533,121.41999816894533,5571,0.0,0.0
2026-07-21,121.0,126.98999786376952,117.0999984741211,121.7300033569336,121.7300033569336,18844,0.0,0.0
2026-07-22,121.7300033569336,125.0,118.55999755859376,118.9800033569336,118.9800033569336,22167,0.0,0.0
2026-07-23,118.9800033569336,122.05999755859376,116.25,118.36000061035156,118.36000061035156,20562,0.0,0.0
2026-07-24,119.54000091552734,121.9800033569336,117.01000213623048,119.05999755859376,119.05999755859376,64806,0.0,0.0
2026-07-27,118.5,125.45999908447266,118.0,118.9499969482422,118.9499969482422,65528,0.0,0.0
2026-07-28,120.5199966430664,121.70999908447266,118.1500015258789,118.56999969482422,118.56999969482422,9290,0.0,0.0
