Date,Open,High,Low,Close,Adj Close,Volume,Dividends,Stock Splits
2002-07-01,21.5,22.174999237060547,21.26000022888184,21.921499252319336,13.94752025604248,10800,0.0,0.0
2002-07-02,21.75,21.920000076293945,21.75,21.905000686645508,13.937021255493164,580,0.0,0.0
2002-07-03,21.415000915527344,21.415000915527344,21.399999618530277,21.403499603271484,13.617944717407228,380,0.0,0.0
2002-07-04,21.5,21.5,21.5,21.5,13.679343223571776,1300,0.0,0.0
2002-07-05,21.75,21.84499931335449,21.75,21.84499931335449,13.898847579956056,4000,0.0,0.0
2002-07-08,21.07999992370605,21.774999618530277,21.07999992370605,21.774999618530277,13.854310035705566,4100,0.0,0.0
2002-07-09,21.152000427246094,21.350000381469727,21.152000427246094,21.203500747680664,13.490693092346191,2280,0.0,0.0
2002-07-10,21.174999237060547,21.399999618530277,21.149999618530277,21.15800094604492,13.461747169494627,2940,0.0,0.0
2002-07-11,21.049999237060547,21.25,20.950000762939453,21.058000564575195,13.398123741149902,1660,0.0,0.0
2002-07-12,20.15999984741211,21.299999237060547,20.15999984741211,21.19050025939941,13.482422828674316,5680,0.0,0.0
2002-07-15,21.0,21.0,20.57999992370605,20.75200080871582,13.2034273147583,560,0.0,0.0
2002-07-16,21.23500061035156,21.23500061035156,20.674999237060547,20.732999801635746,13.191338539123535,2040,0.0,0.0
2002-07-17,20.625,20.799999237060547,20.625,20.790000915527344,13.227604866027832,360,0.0,0.0
2002-07-18,20.940000534057617,21.0,20.940000534057617,21.0,13.361220359802246,380,0.0,0.0
2002-07-19,20.8125,21.25,20.799999237060547,21.25,13.520281791687012,4880,0.0,0.0
2002-07-22,21.125,21.125,20.75,20.76000022888184,13.208520889282228,2000,0.0,0.0
2002-07-23,21.0,21.0,21.0,21.0,13.361220359802246,200,0.0,0.0
2002-07-24,20.850000381469727,20.899999618530277,20.75,20.809499740600582,13.240009307861328,1800,0.0,0.0
2002-07-25,20.75,20.75,20.600000381469727,20.600000381469727,13.106719970703123,300,0.0,0.0
2002-07-26,20.5,20.875,20.5,20.874500274658203,13.281368255615234,2060,0.0,0.0
2002-07-29,19.5,19.890499114990234,19.5,19.8754997253418,14.768177032470703,460,3.0,0.0
2002-07-30,19.5,21.700000762939453,19.5,20.667999267578125,15.357029914855955,9740,0.0,0.0
2002-07-31,20.0,20.0,19.825000762939453,19.825000762939453,14.730663299560549,1680,0.0,0.0
2002-08-01,20.5,20.5,20.0,20.0,14.86069393157959,10100,0.0,0.0
2002-08-02,20.0,20.299999237060547,19.774999618530277,20.23200035095215,15.033074378967283,49620,0.0,0.0
2002-08-05,20.0,20.125,19.760499954223636,20.125,14.953567504882812,480,0.0,0.0
2002-08-06,20.0,20.1200008392334,19.950000762939453,20.1200008392334,14.94985294342041,500,0.0,0.0
2002-08-07,20.75,20.75,19.700000762939453,19.85700035095215,14.754435539245604,180,0.0,0.0
2002-08-08,20.100000381469727,20.25,19.86000061035156,20.23600006103516,15.036050796508787,9100,0.0,0.0
2002-08-09,19.826000213623047,20.375,19.826000213623047,20.354999542236328,15.124465942382812,2240,0.0,0.0
2002-08-12,20.325000762939453,20.5,20.25,20.4950008392334,15.228487014770508,340,0.0,0.0
2002-08-13,20.0,20.0,20.0,20.0,14.86069393157959,200,0.0,0.0
2002-08-14,19.95499992370605,20.25,19.95499992370605,20.22949981689453,15.03121852874756,5460,0.0,0.0
2002-08-15,20.22949981689453,20.22949981689453,20.22949981689453,20.22949981689453,15.03121852874756,0,0.0,0.0
2002-08-16,20.049999237060547,20.200000762939453,20.0,20.200000762939453,15.00929832458496,100,0.0,0.0
2002-08-19,20.045000076293945,20.049999237060547,20.045000076293945,20.049999237060547,14.897841453552246,80,0.0,0.0
2002-08-20,19.93000030517578,20.0,19.93000030517578,20.0,14.86069393157959,220,0.0,0.0
2002-08-21,20.0,20.0,20.0,20.0,14.86069393157959,0,0.0,0.0
2002-08-22,20.049999237060547,20.049999237060547,20.0,20.0,14.86069393157959,1480,0.0,0.0
2002-08-23,20.0,20.125,19.950000762939453,20.0,14.86069393157959,3660,0.0,0.0
2002-08-26,19.9950008392334,20.100000381469727,19.9950008392334,20.066999435424805,14.910470962524414,780,0.0,0.0
2002-08-27,20.066999435424805,20.066999435424805,20.066999435424805,20.066999435424805,14.910470962524414,0,0.0,0.0
2002-08-28,20.174999237060547,20.174999237060547,19.6299991607666,20.0,14.86069393157959,1180,0.0,0.0
2002-08-29,19.575000762939453,20.899999618530277,19.575000762939453,20.899999618530277,15.529417991638184,40,0.0,0.0
2002-08-30,19.780000686645508,20.350000381469727,19.780000686645508,20.200000762939453,15.00929832458496,1440,0.0,0.0
2002-09-02,19.030000686645508,20.424999237060547,19.030000686645508,19.93549919128418,14.81276512145996,1160,0.0,0.0
2002-09-03,20.959999084472656,20.959999084472656,20.0,20.012500762939453,14.869977951049805,120,0.0,0.0
2002-09-04,19.799999237060547,19.975000381469727,19.799999237060547,19.825000762939453,14.730663299560549,180,0.0,0.0
2002-09-05,19.799999237060547,19.799999237060547,19.7549991607666,19.7549991607666,14.67864227294922,40,0.0,0.0
2002-09-06,20.0,20.46999931335449,19.774999618530277,20.300500869750977,15.083972930908203,1220,0.0,0.0
2002-09-09,20.300500869750977,20.300500869750977,20.300500869750977,20.300500869750977,15.083972930908203,0,0.0,0.0
2002-09-10,20.300500869750977,20.300500869750977,20.300500869750977,20.300500869750977,15.083972930908203,0,0.0,0.0
2002-09-11,20.0,20.27750015258789,19.649999618530277,19.655500411987305,14.60471534729004,220,0.0,0.0
2002-09-12,19.975000381469727,20.0,19.7549991607666,19.899999618530277,14.78639030456543,640,0.0,0.0
2002-09-13,19.7504997253418,19.799999237060547,19.7504997253418,19.799999237060547,14.712080955505373,40,0.0,0.0
2002-09-16,19.875,20.149999618530277,19.799999237060547,19.799999237060547,14.712080955505373,4940,0.0,0.0
2002-09-17,19.950000762939453,20.125,19.7504997253418,19.895999908447266,14.783411979675291,3260,0.0,0.0
2002-09-18,20.25,20.25,20.0,20.0,14.86069393157959,60,0.0,0.0
2002-09-19,19.9950008392334,20.0,19.9950008392334,20.0,14.86069393157959,720,0.0,0.0
2002-09-20,20.0,20.174999237060547,19.800500869750977,20.125,14.953567504882812,5320,0.0,0.0
2002-09-23,20.399999618530277,20.399999618530277,20.0,20.0,14.86069393157959,1300,0.0,0.0
2002-09-24,20.0,20.049999237060547,20.0,20.0,14.86069393157959,1040,0.0,0.0
2002-09-25,19.9950008392334,20.024999618530277,19.950000762939453,20.0,14.86069393157959,1760,0.0,0.0
2002-09-26,19.40999984741211,20.100000381469727,19.40999984741211,20.0,14.86069393157959,4600,0.0,0.0
2002-09-27,20.0,20.375,20.0,20.340999603271484,15.114066123962402,6880,0.0,0.0
2002-09-30,20.0,20.0,19.7504997253418,20.0,14.86069393157959,400,0.0,0.0
2002-10-01,20.0,20.0,20.0,20.0,14.86069393157959,0,0.0,0.0
2002-10-02,20.0,20.0,20.0,20.0,14.86069393157959,0,0.0,0.0
2002-10-03,20.0,20.125,19.7549991607666,19.877500534057617,14.76966953277588,2720,0.0,0.0
2002-10-04,20.0,20.25,19.92650032043457,20.25,15.046452522277832,6660,0.0,0.0
2002-10-07,20.0,20.0,19.5,20.0,14.86069393157959,2380,0.0,0.0
2002-10-08,19.576000213623047,20.0,19.525999069213867,20.0,14.86069393157959,180,0.0,0.0
2002-10-09,19.535999298095703,20.0,19.535999298095703,20.0,14.86069393157959,1740,0.0,0.0
2002-10-10,20.0,20.0,20.0,20.0,14.86069393157959,100,0.0,0.0
2002-10-11,19.875,20.25,19.875,20.0,14.86069393157959,3520,0.0,0.0
2002-10-14,20.100000381469727,20.100000381469727,19.75,19.752500534057617,14.676787376403809,320,0.0,0.0
2002-10-15,19.752500534057617,19.752500534057617,19.752500534057617,19.752500534057617,14.676787376403809,0,0.0,0.0
2002-10-16,20.0,20.0,20.0,20.0,14.86069393157959,200,0.0,0.0
2002-10-17,18.875,20.0,18.875,20.0,14.86069393157959,3220,0.0,0.0
2002-10-18,20.024999618530277,20.25,20.010499954223636,20.25,15.046452522277832,4320,0.0,0.0
2002-10-21,20.0,20.25,20.0,20.239999771118164,15.039020538330078,400,0.0,0.0
2002-10-22,20.00550079345703,20.049999237060547,20.0,20.00749969482422,14.86626148223877,1800,0.0,0.0
2002-10-23,20.0,20.0,20.0,20.0,14.86069393157959,9900,0.0,0.0
2002-10-24,20.0,20.075000762939453,19.50749969482422,20.049999237060547,14.897841453552246,15760,0.0,0.0
2002-10-25,19.51499938964844,20.0,19.51499938964844,19.95199966430664,14.825021743774414,2420,0.0,0.0
2002-10-28,19.549999237060547,19.549999237060547,19.0049991607666,19.149999618530277,14.22911262512207,580,0.0,0.0
2002-10-29,19.149999618530277,19.25,18.600000381469727,18.6825008392334,13.88174819946289,1660,0.0,0.0
2002-10-30,18.75,19.25,18.7450008392334,18.90049934387207,14.043721199035645,1000,0.0,0.0
2002-10-31,19.19499969482422,19.19499969482422,18.785499572753903,18.785999298095703,13.958643913269045,160,0.0,0.0
2002-11-01,18.75,19.190000534057617,18.649999618530277,19.190000534057617,14.258831977844238,140,0.0,0.0
2002-11-04,18.5,19.347999572753903,18.5,19.347999572753903,14.376230239868164,10260,0.0,0.0
2002-11-05,19.399999618530277,19.399999618530277,18.825000762939453,18.91900062561035,14.057473182678224,500,0.0,0.0
2002-11-06,18.91900062561035,18.91900062561035,18.91900062561035,18.91900062561035,14.057473182678224,0,0.0,0.0
2002-11-07,19.0,19.100000381469727,18.805500030517575,19.100000381469727,14.191956520080566,2600,0.0,0.0
2002-11-08,18.524999618530277,19.440000534057617,18.524999618530277,19.100000381469727,14.191956520080566,400,0.0,0.0
2002-11-11,19.0,19.5,19.0,19.417499542236328,14.427871704101562,1360,0.0,0.0
2002-11-12,19.5,19.5004997253418,19.149999618530277,19.241500854492188,14.297096252441406,3100,0.0,0.0
2002-11-13,19.850000381469727,20.0,19.149999618530277,19.54150009155273,14.520008087158203,11800,0.0,0.0
2002-11-14,19.96999931335449,20.0,19.96999931335449,20.0,14.86069393157959,2400,0.0,0.0
2002-11-15,19.9950008392334,20.25,19.63050079345703,20.174999237060547,14.990720748901367,12020,0.0,0.0
2002-11-18,19.799999237060547,20.0,19.799999237060547,19.9950008392334,14.856972694396973,500,0.0,0.0
2002-11-19,19.9950008392334,19.9950008392334,19.9950008392334,19.9950008392334,14.856972694396973,0,0.0,0.0
2002-11-20,19.9950008392334,20.149999618530277,19.799999237060547,20.006500244140625,14.865514755249023,1600,0.0,0.0
2002-11-21,19.875,20.0,19.875,19.875,14.767813682556152,660,0.0,0.0
2002-11-22,20.0,20.200000762939453,20.0,20.200000762939453,15.00929832458496,780,0.0,0.0
2002-11-25,18.5,20.399999618530277,18.5,20.075000762939453,14.916419982910156,280,0.0,0.0
2002-11-26,20.0,20.0,19.914499282836918,20.0,14.86069393157959,1420,0.0,0.0
2002-11-27,19.500999450683597,20.149999618530277,19.500999450683597,20.149999618530277,14.972140312194824,4780,0.0,0.0
2002-11-28,20.0,20.225000381469727,19.655000686645508,20.0,14.86069393157959,360,0.0,0.0
2002-11-29,20.0,20.049999237060547,19.950000762939453,20.04850006103516,14.896722793579102,2020,0.0,0.0
2002-12-02,19.602500915527344,20.46999931335449,19.602500915527344,20.252500534057617,15.04830837249756,2720,0.0,0.0
2002-12-03,20.100000381469727,20.100000381469727,19.82999992370605,20.0,14.86069393157959,1540,0.0,0.0
2002-12-04,19.88500022888184,19.88500022888184,19.88500022888184,19.88500022888184,14.775238990783691,100,0.0,0.0
2002-12-05,19.875,19.875,19.875,19.875,14.767813682556152,20,0.0,0.0
2002-12-06,20.075000762939453,20.125,19.8799991607666,19.893999099731445,14.781926155090332,4360,0.0,0.0
2002-12-09,18.2549991607666,20.149999618530277,18.2549991607666,19.54700088500977,14.524094581604004,900,0.0,0.0
2002-12-10,19.600000381469727,19.799999237060547,19.01499938964844,19.799999237060547,14.712080955505373,380,0.0,0.0
2002-12-11,20.0,20.0,19.576000213623047,20.0,14.86069393157959,1360,0.0,0.0
2002-12-12,19.549999237060547,19.549999237060547,19.549999237060547,19.549999237060547,14.526326179504396,20,0.0,0.0
2002-12-13,19.600000381469727,19.604999542236328,19.575000762939453,19.60099983215332,14.564213752746582,260,0.0,0.0
2002-12-16,19.104999542236328,19.700000762939453,19.104999542236328,19.291000366210938,14.33387851715088,480,0.0,0.0
2002-12-17,19.5,19.5,19.075000762939453,19.127500534057617,14.212390899658203,1700,0.0,0.0
2002-12-18,19.18000030517578,19.20050048828125,19.155000686645508,19.200000762939453,14.26626205444336,320,0.0,0.0
2002-12-19,19.149999618530277,19.28499984741211,19.0049991607666,19.030500411987305,14.140316009521484,760,0.0,0.0
2002-12-20,19.125,19.295000076293945,18.8799991607666,18.982999801635746,14.105023384094238,760,0.0,0.0
2002-12-23,19.0,19.0,18.875,18.89299964904785,14.03814697265625,420,0.0,0.0
2002-12-24,18.700000762939453,18.875,18.700000762939453,18.74650001525879,13.929292678833008,660,0.0,0.0
2002-12-25,18.74650001525879,18.74650001525879,18.74650001525879,18.74650001525879,13.929292678833008,0,0.0,0.0
2002-12-26,18.899999618530277,18.950000762939453,18.25,18.29850006103516,13.596417427062988,1420,0.0,0.0
2002-12-27,19.200000762939453,19.200000762939453,18.5,18.58650016784668,13.810406684875488,620,0.0,0.0
2002-12-30,18.600000381469727,18.600000381469727,18.5,18.5,13.746139526367188,460,0.0,0.0
2002-12-31,17.924999237060547,19.125,17.924999237060547,19.125,14.210532188415527,2380,0.0,0.0
2003-01-01,18.65999984741211,19.299999237060547,18.65999984741211,19.125,14.210532188415527,580,0.0,0.0
2003-01-02,18.950000762939453,19.424999237060547,18.950000762939453,19.127500534057617,14.212390899658203,27480,0.0,0.0
2003-01-03,19.100000381469727,19.5,18.950000762939453,19.072999954223636,14.171895027160645,1240,0.0,0.0
2003-01-06,19.06999969482422,19.375,18.63500022888184,18.79150009155273,13.962733268737791,2460,0.0,0.0
2003-01-07,19.100000381469727,19.1200008392334,18.975000381469727,18.975000381469727,14.099078178405762,200,0.0,0.0
2003-01-08,19.0,19.0,19.0,19.0,14.11765193939209,160,0.0,0.0
2003-01-09,19.075000762939453,19.125,19.075000762939453,19.125,14.210532188415527,120,0.0,0.0
2003-01-10,19.0,19.700000762939453,19.0,19.54850006103516,14.52520751953125,11920,0.0,0.0
2003-01-13,19.049999237060547,19.07999992370605,19.049999237060547,19.07999992370605,14.17709255218506,120,0.0,0.0
2003-01-14,19.25,19.25,19.25,19.25,14.303414344787598,200,0.0,0.0
2003-01-15,19.375,19.5,19.1564998626709,19.39150047302246,14.408550262451172,220,0.0,0.0
2003-01-16,19.375,19.375,19.125,19.149999618530277,14.22911262512207,140,0.0,0.0
2003-01-17,19.25,19.375,19.125,19.348499298095703,14.37660026550293,420,0.0,0.0
2003-01-20,19.100000381469727,19.100000381469727,18.354999542236328,18.506500244140625,13.750967979431152,860,0.0,0.0
2003-01-21,18.25550079345703,18.43149948120117,18.1299991607666,18.232500076293945,13.54737377166748,1300,0.0,0.0
2003-01-22,18.6200008392334,18.6200008392334,18.200000762939453,18.20800018310547,13.529170989990234,240,0.0,0.0
2003-01-23,18.375,18.375,18.0,18.2450008392334,13.556663513183594,820,0.0,0.0
2003-01-24,17.924999237060547,18.350000381469727,17.920000076293945,18.06999969482422,13.426634788513184,540,0.0,0.0
2003-01-27,19.0,19.0,18.0,18.0,13.374624252319336,620,0.0,0.0
2003-01-28,18.75,18.75,18.499500274658203,18.5,13.746139526367188,280,0.0,0.0
2003-01-29,18.5,18.5,18.5,18.5,13.746139526367188,100,0.0,0.0
2003-01-30,18.149999618530277,18.149999618530277,18.024999618530277,18.024999618530277,13.393196105957031,600,0.0,0.0
2003-01-31,17.514999389648438,18.25,17.079999923706055,18.25,13.560376167297363,500,0.0,0.0
2003-02-03,18.5,18.5,18.5,18.5,13.746139526367188,100,0.0,0.0
2003-02-04,18.424999237060547,18.75,18.424999237060547,18.75,13.931897163391112,2620,0.0,0.0
2003-02-05,18.5,18.5,18.299999237060547,18.325000762939453,13.616107940673828,380,0.0,0.0
2003-02-06,18.5,18.5,18.2549991607666,18.2549991607666,13.564095497131348,300,0.0,0.0
2003-02-07,18.709999084472656,18.72249984741211,18.709999084472656,18.712499618530277,13.904030799865724,100,0.0,0.0
2003-02-10,18.75,18.9950008392334,18.350000381469727,18.410999298095703,13.680009841918944,580,0.0,0.0
2003-02-11,18.399999618530277,18.399999618530277,18.399999618530277,18.399999618530277,13.671833992004396,100,0.0,0.0
2003-02-12,18.450000762939453,18.674999237060547,18.424999237060547,18.674999237060547,13.876169204711914,240,0.0,0.0
2003-02-13,18.674999237060547,18.674999237060547,18.674999237060547,18.674999237060547,13.876169204711914,0,0.0,0.0
2003-02-14,18.27549934387207,18.5,18.274999618530277,18.450000762939453,13.708985328674316,600,0.0,0.0
2003-02-17,18.600000381469727,18.649999618530277,18.5,18.649999618530277,13.857588768005373,600,0.0,0.0
2003-02-18,18.5,18.5,18.399999618530277,18.399999618530277,13.671833992004396,200,0.0,0.0
2003-02-19,18.399999618530277,18.399999618530277,18.399999618530277,18.399999618530277,13.671833992004396,0,0.0,0.0
2003-02-20,18.5,18.584999084472656,18.5,18.528499603271484,13.767316818237305,480,0.0,0.0
2003-02-21,18.600000381469727,18.799999237060547,18.600000381469727,18.77199935913086,13.948244094848633,320,0.0,0.0
2003-02-24,18.71999931335449,18.75,18.71999931335449,18.743000030517575,13.926695823669434,160,0.0,0.0
2003-02-25,18.649999618530277,19.0,18.5,18.871999740600582,14.02254581451416,600,0.0,0.0
2003-02-26,19.1200008392334,19.125,18.5,18.524999618530277,13.764714241027832,980,0.0,0.0
2003-02-27,18.5049991607666,19.0,18.25,18.424999237060547,13.69041347503662,2080,0.0,0.0
2003-02-28,18.25,18.924999237060547,18.25,18.75,13.931897163391112,780,0.0,0.0
2003-03-03,18.8700008392334,18.8700008392334,18.8700008392334,18.8700008392334,14.0210599899292,20,0.0,0.0
2003-03-04,18.700000762939453,18.924999237060547,18.25,18.5,13.746139526367188,2380,0.0,0.0
2003-03-05,18.5,18.524999618530277,18.25,18.524999618530277,13.764714241027832,640,0.0,0.0
2003-03-06,18.549999237060547,18.600000381469727,18.5,18.575000762939453,13.801862716674805,380,0.0,0.0
2003-03-07,18.5,18.5,18.5,18.5,13.746139526367188,80,0.0,0.0
2003-03-10,18.2549991607666,18.700000762939453,18.2549991607666,18.667999267578125,13.870965003967283,4420,0.0,0.0
2003-03-11,17.549999237060547,18.875,17.549999237060547,18.625,13.839018821716309,4220,0.0,0.0
2003-03-12,18.5,18.5,18.5,18.5,13.746139526367188,20000,0.0,0.0
2003-03-13,17.905500411987305,18.700000762939453,17.905000686645508,17.913999557495117,13.310717582702637,13800,0.0,0.0
2003-03-14,17.913999557495117,17.913999557495117,17.913999557495117,17.913999557495117,13.310717582702637,0,0.0,0.0
2003-03-17,16.875,19.149999618530277,16.875,18.612499237060547,13.829729080200195,16360,0.0,0.0
2003-03-18,18.612499237060547,18.612499237060547,18.612499237060547,18.612499237060547,13.829729080200195,0,0.0,0.0
2003-03-19,18.5,18.5,18.25,18.25,13.560376167297363,5020,0.0,0.0
2003-03-20,18.25,18.25,18.0,18.0,13.374624252319336,22540,0.0,0.0
2003-03-21,18.05500030517578,18.05500030517578,18.0,18.0,13.374624252319336,200,0.0,0.0
2003-03-24,17.75,18.174999237060547,17.5,18.017000198364254,13.387251853942873,48840,0.0,0.0
2003-03-25,17.75,17.75,16.225000381469727,17.472000122070312,12.982297897338867,4500,0.0,0.0
2003-03-26,18.200000762939453,18.200000762939453,17.25550079345703,17.447500228881836,12.96409511566162,500,0.0,0.0
2003-03-27,17.649999618530273,17.649999618530273,17.125,17.125,12.724465370178224,4040,0.0,0.0
2003-03-28,17.25,17.924999237060547,17.25,17.559999465942383,13.047683715820312,3780,0.0,0.0
2003-03-31,17.05500030517578,17.4950008392334,16.799999237060547,16.826499938964844,12.502671241760254,880,0.0,0.0
2003-04-01,17.0,17.25,17.0,17.125,12.724465370178224,240,0.0,0.0
2003-04-02,16.753000259399414,17.0,16.753000259399414,16.889999389648438,12.549854278564451,240,0.0,0.0
2003-04-03,17.25,17.520000457763672,17.25,17.399999618530273,12.928796768188477,280,0.0,0.0
2003-04-04,17.475000381469727,17.4950008392334,17.405000686645508,17.49250030517578,12.99753189086914,280,0.0,0.0
2003-04-07,18.8700008392334,18.8700008392334,16.875,16.875,12.53870677947998,1940,0.0,0.0
2003-04-08,17.600000381469727,18.0,17.600000381469727,17.75,13.188860893249512,1720,0.0,0.0
2003-04-09,17.5,17.5,17.200000762939453,17.274999618530273,12.835918426513672,3160,0.0,0.0
2003-04-10,17.239999771118164,17.25,16.5,17.08449935913086,12.694371223449709,1440,0.0,0.0
2003-04-11,17.25,17.25,16.639999389648438,16.649999618530273,12.371525764465332,340,0.0,0.0
2003-04-14,16.649999618530273,16.649999618530273,16.649999618530273,16.649999618530273,12.371525764465332,0,0.0,0.0
2003-04-15,16.764999389648438,16.799999237060547,16.75,16.799999237060547,12.4829740524292,220,0.0,0.0
2003-04-16,17.344999313354492,17.344999313354492,17.0,17.0,12.631584167480469,620,0.0,0.0
2003-04-17,17.0,17.200000762939453,17.0,17.1564998626709,12.74787425994873,1180,0.0,0.0
2003-04-18,17.1564998626709,17.1564998626709,17.1564998626709,17.1564998626709,12.74787425994873,0,0.0,0.0
2003-04-21,17.1564998626709,17.1564998626709,17.1564998626709,17.1564998626709,12.74787425994873,0,0.0,0.0
2003-04-22,17.0049991607666,17.0049991607666,17.0,17.000999450683594,12.63232707977295,100,0.0,0.0
2003-04-23,17.9950008392334,17.9950008392334,16.75,17.00149917602539,12.632699966430664,320,0.0,0.0
2003-04-24,16.799999237060547,17.350000381469727,16.799999237060547,17.08799934387207,12.696969985961914,2060,0.0,0.0
2003-04-25,16.712499618530273,16.712499618530273,16.712499618530273,16.712499618530273,12.417960166931152,100,0.0,0.0
2003-04-28,17.0,17.104999542236328,17.0,17.104999542236328,12.709606170654297,120,0.0,0.0
2003-04-29,16.9950008392334,17.0,16.9950008392334,17.0,12.631584167480469,2020,0.0,0.0
2003-04-30,16.905000686645508,17.325000762939453,16.899999618530273,17.107999801635742,12.711833953857422,1840,0.0,0.0
2003-05-01,17.107999801635742,17.107999801635742,17.107999801635742,17.107999801635742,12.711833953857422,0,0.0,0.0
2003-05-02,17.5,17.5,17.450000762939453,17.450000762939453,12.965950012207031,60,0.0,0.0
2003-05-05,17.4950008392334,17.7549991607666,17.4950008392334,17.605499267578125,13.081491470336914,800,0.0,0.0
2003-05-06,17.954999923706055,18.0,17.704999923706055,17.979999542236328,13.35975742340088,1660,0.0,0.0
2003-05-07,18.25,18.5,18.125,18.465999603271484,13.720871925354004,1420,0.0,0.0
2003-05-08,18.399999618530277,18.725000381469727,18.399999618530277,18.69849967956543,13.89362907409668,11800,0.0,0.0
2003-05-09,18.5,19.25,18.5,19.22100067138672,14.281867027282717,2980,0.0,0.0
2003-05-12,19.25,19.47450065612793,19.149999618530277,19.36199951171875,14.386631965637209,1820,0.0,0.0
2003-05-13,19.25550079345703,19.399999618530277,19.200000762939453,19.296499252319336,14.33796501159668,820,0.0,0.0
2003-05-14,19.350000381469727,19.75,19.350000381469727,19.43950080871582,14.444218635559082,1040,0.0,0.0
2003-05-15,19.75,20.075000762939453,19.75,19.863500595092773,14.75926113128662,6780,0.0,0.0
2003-05-16,20.0,20.0,19.850000381469727,19.911500930786133,14.794930458068848,1900,0.0,0.0
2003-05-19,20.0,21.084999084472656,20.0,20.850000381469727,15.492268562316896,6140,0.0,0.0
2003-05-20,21.125,21.450000762939453,20.850000381469727,21.112499237060547,15.687313079833984,2380,0.0,0.0
2003-05-21,21.0,21.075000762939453,20.875,21.00149917602539,15.604840278625488,1280,0.0,0.0
2003-05-22,21.024999618530277,21.049999237060547,20.924999237060547,21.002500534057617,15.605586051940918,3280,0.0,0.0
2003-05-23,20.975000381469727,21.325000762939453,20.975000381469727,21.09600067138672,15.675050735473633,1320,0.0,0.0
2003-05-26,20.3799991607666,22.975000381469727,20.3799991607666,22.84600067138672,16.975364685058594,32720,0.0,0.0
2003-05-27,21.0004997253418,22.7450008392334,21.0004997253418,22.06399917602539,16.394311904907227,760,0.0,0.0
2003-05-28,21.75,22.450000762939453,21.75,22.15049934387207,16.45858383178711,15020,0.0,0.0
2003-05-29,22.0,23.174999237060547,22.0,22.88349914550781,17.00322723388672,9640,0.0,0.0
2003-05-30,22.5,23.674999237060547,22.5,23.568500518798828,17.512205123901367,6480,0.0,0.0
2003-06-02,23.799999237060547,25.125,23.799999237060547,24.50749969482422,18.20991325378418,8500,0.0,0.0
2003-06-03,24.2549991607666,24.325000762939453,23.299999237060547,23.613500595092773,17.54564666748047,5600,0.0,0.0
2003-06-04,23.25,24.100000381469727,23.25,23.91699981689453,17.77115821838379,2340,0.0,0.0
2003-06-05,23.725000381469727,23.799999237060547,23.280000686645508,23.333499908447266,17.33759117126465,3540,0.0,0.0
2003-06-06,23.25,23.5,22.34499931335449,23.162500381469727,17.210533142089844,3500,0.0,0.0
2003-06-09,23.46999931335449,23.5004997253418,23.002500534057617,23.309999465942383,17.32012939453125,9880,0.0,0.0
2003-06-10,22.950000762939453,23.0,22.950000762939453,22.959999084472656,17.0600643157959,400,0.0,0.0
2003-06-11,22.565000534057617,22.649999618530277,22.565000534057617,22.649999618530277,16.829729080200195,1400,0.0,0.0
2003-06-12,23.0,23.0,22.25,22.399999618530277,16.64397430419922,4020,0.0,0.0
2003-06-13,22.950000762939453,24.625,22.950000762939453,24.50749969482422,18.20991325378418,5200,0.0,0.0
2003-06-16,24.625,25.34000015258789,23.559999465942383,24.0049991607666,17.83654022216797,1640,0.0,0.0
2003-06-17,24.024999618530277,24.75,24.0,24.51449966430664,18.215118408203125,3620,0.0,0.0
2003-06-18,24.25,25.899999618530277,24.25,25.535999298095703,18.974124908447266,15460,0.0,0.0
2003-06-19,25.5,25.747499465942383,24.799999237060547,25.07099914550781,18.628618240356445,8320,0.0,0.0
2003-06-20,24.160999298095703,25.0,24.15999984741211,24.97599983215332,18.558025360107425,2680,0.0,0.0
2003-06-23,24.5,25.5,24.5,25.05349922180176,18.61561393737793,8260,0.0,0.0
2003-06-24,24.700000762939453,25.25,24.700000762939453,25.233999252319336,18.749725341796875,6080,0.0,0.0
2003-06-25,25.4950008392334,25.4950008392334,25.075000762939453,25.19300079345703,18.71927261352539,3840,0.0,0.0
2003-06-26,25.399999618530277,26.049999237060547,25.25,25.603500366210938,19.02428436279297,8380,0.0,0.0
2003-06-27,26.25,27.0,25.924999237060547,26.93149948120117,20.01102828979492,6160,0.0,0.0
2003-06-30,27.0,27.84499931335449,26.25,27.13450050354004,20.161869049072266,13800,0.0,0.0
2003-07-01,27.475000381469727,27.702999114990234,27.049999237060547,27.425500869750977,20.378087997436523,7380,0.0,0.0
2003-07-02,27.690000534057617,28.25,27.625,27.99049949645996,20.797897338867188,10320,0.0,0.0
2003-07-03,27.774999618530277,28.375,27.5,28.17849922180176,20.93759155273437,6660,0.0,0.0
2003-07-04,28.25,28.4950008392334,27.524999618530277,27.582500457763672,20.494747161865234,1600,0.0,0.0
2003-07-07,28.0,28.0,26.75,27.559999465942383,20.478029251098636,146200,0.0,0.0
2003-07-08,28.0,28.0,27.065000534057617,27.49799919128418,20.431957244873047,6340,0.0,0.0
2003-07-09,27.25,27.375,26.76000022888184,27.0,20.06192970275879,3820,0.0,0.0
2003-07-10,27.299999237060547,27.850000381469727,27.024999618530277,27.68549919128418,20.5712833404541,4880,0.0,0.0
2003-07-11,27.131000518798828,27.575000762939453,27.131000518798828,27.401500701904297,20.360258102416992,1980,0.0,0.0
2003-07-14,28.239999771118164,28.239999771118164,27.11400032043457,27.149999618530277,20.17338180541992,540,0.0,0.0
2003-07-15,27.174999237060547,27.774999618530277,26.5,27.53249931335449,20.45759391784668,6100,0.0,0.0
2003-07-16,27.5,27.875,27.5,27.574499130249023,20.48880195617676,7540,0.0,0.0
2003-07-17,28.25,28.49449920654297,27.20499992370605,27.289499282836918,20.27703666687012,4480,0.0,0.0
2003-07-18,27.0,27.475000381469727,27.0,27.458999633789062,20.40298843383789,1660,0.0,0.0
2003-07-21,27.25,27.5,27.25,27.5,20.43344497680664,11900,0.0,0.0
2003-07-22,27.2504997253418,27.875,27.25,27.64150047302246,20.53859138488769,10700,0.0,0.0
2003-07-23,27.59000015258789,27.649999618530277,27.25,27.54400062561035,20.466136932373047,63180,0.0,0.0
2003-07-24,27.5,27.545000076293945,27.20599937438965,27.434499740600582,20.38477897644043,2160,0.0,0.0
2003-07-25,27.5,27.575000762939453,27.0,27.025999069213867,20.08125305175781,1460,0.0,0.0
2003-07-28,27.0049991607666,27.537500381469727,25.549999237060547,26.37700080871582,19.599023818969727,35120,0.0,0.0
2003-07-29,27.0,27.625,26.64699935913086,27.476999282836918,20.41635131835937,25000,0.0,0.0
2003-07-30,27.950000762939453,28.850000381469727,27.924999237060547,28.30699920654297,21.033071517944336,21040,0.0,0.0
2003-07-31,28.850000381469727,29.0,28.25,28.482500076293945,21.163476943969727,12300,0.0,0.0
2003-08-01,26.5,28.375,26.5,27.88450050354004,23.15836334228516,69320,3.0,0.0
2003-08-04,28.475000381469727,30.67300033569336,28.475000381469727,30.543500900268555,25.36669158935547,89180,0.0,0.0
2003-08-05,30.875,31.75,29.45499992370605,29.524999618530277,24.520814895629883,18460,0.0,0.0
2003-08-06,30.25,31.239999771118164,29.940000534057617,30.79050064086914,25.57182884216309,106340,0.0,0.0
2003-08-07,31.23500061035156,31.23500061035156,30.497499465942383,30.94099998474121,25.69681930541992,5300,0.0,0.0
2003-08-08,31.0,31.5,30.799999237060547,30.975000381469727,25.72505569458008,21000,0.0,0.0
2003-08-11,31.0,31.475000381469727,30.549999237060547,30.57250022888184,25.390779495239254,3380,0.0,0.0
2003-08-12,31.0,31.0049991607666,30.76000022888184,30.84950065612793,25.620824813842773,5120,0.0,0.0
2003-08-13,30.7504997253418,31.0,30.600000381469727,31.0,25.745819091796875,1860,0.0,0.0
2003-08-14,30.75,31.184999465942383,30.5,30.61949920654297,25.429807662963867,65380,0.0,0.0
2003-08-15,30.61949920654297,30.61949920654297,30.61949920654297,30.61949920654297,25.429807662963867,0,0.0,0.0
2003-08-18,30.7549991607666,30.975000381469727,30.52549934387207,30.643999099731445,25.450157165527344,3440,0.0,0.0
2003-08-19,30.59499931335449,32.75,29.25,30.420000076293945,25.26412010192871,51420,0.0,0.0
2003-08-20,31.475000381469727,32.130001068115234,31.0625,31.36000061035156,26.0447998046875,12480,0.0,0.0
2003-08-21,31.049999237060547,31.049999237060547,30.649999618530277,30.765499114990234,25.55106735229492,8000,0.0,0.0
2003-08-22,31.125,31.125,30.450000762939453,30.464000701904297,25.30066680908203,2280,0.0,0.0
2003-08-25,30.5,30.5,29.0,29.47900009155273,24.482614517211918,14200,0.0,0.0
2003-08-26,29.399999618530277,30.149999618530277,29.399999618530277,30.0314998626709,24.941469192504883,32860,0.0,0.0
2003-08-27,29.75,30.0,29.51499938964844,29.858999252319336,24.79820251464844,5520,0.0,0.0
2003-08-28,28.875,29.5,28.299999237060547,28.637500762939453,23.783735275268555,6120,0.0,0.0
2003-08-29,29.2450008392334,29.614999771118164,28.700000762939453,29.396499633789062,24.41409492492676,3280,0.0,0.0
2003-09-01,29.5,29.625,28.625,29.47450065612793,24.478879928588867,5720,0.0,0.0
2003-09-02,30.0,30.0,29.155000686645508,29.74650001525879,24.70477104187012,6780,0.0,0.0
2003-09-03,29.25,29.44499969482422,29.0049991607666,29.02549934387207,24.105981826782227,2880,0.0,0.0
2003-09-04,28.325000762939453,28.75,28.0,28.18099975585937,23.40460968017578,2260,0.0,0.0
2003-09-05,28.5,28.625,28.0,28.222999572753903,23.43949317932129,8180,0.0,0.0
2003-09-08,28.0,28.924999237060547,28.0,28.354999542236328,23.54911231994629,3880,0.0,0.0
2003-09-09,28.475000381469727,28.9950008392334,28.0,28.7549991607666,23.88132667541504,14940,0.0,0.0
2003-09-10,29.225000381469727,29.225000381469727,28.375,28.75,23.877168655395508,2060,0.0,0.0
2003-09-11,29.0,29.5,29.0,29.0049991607666,24.08895492553711,1200,0.0,0.0
2003-09-12,29.075000762939453,29.075000762939453,28.5,28.75,23.877168655395508,13320,0.0,0.0
2003-09-15,28.649999618530277,28.84499931335449,28.5,28.84499931335449,23.95606803894043,7440,0.0,0.0
2003-09-16,28.0049991607666,28.899999618530277,28.0049991607666,28.88450050354004,23.98887252807617,8180,0.0,0.0
2003-09-17,28.655000686645508,28.7450008392334,28.0049991607666,28.7450008392334,23.873018264770508,1160,0.0,0.0
2003-09-18,27.655000686645508,28.75,27.655000686645508,28.45549964904785,23.632587432861328,11260,0.0,0.0
2003-09-19,28.649999618530277,28.899999618530277,28.649999618530277,28.87649917602539,23.982227325439453,11200,0.0,0.0
2003-09-22,30.0,30.0,28.2549991607666,28.453500747680664,23.630922317504883,1480,0.0,0.0
2003-09-23,29.270000457763672,29.270000457763672,28.75,28.754499435424805,23.880908966064453,280,0.0,0.0
2003-09-24,28.149999618530277,29.145000457763672,28.140499114990234,29.0,24.084796905517575,1340,0.0,0.0
2003-09-25,28.9950008392334,28.9950008392334,28.7504997253418,28.88500022888184,23.989294052124023,1000,0.0,0.0
2003-09-26,29.075000762939453,29.864999771118164,29.0,29.51099967956543,24.50919342041016,46740,0.0,0.0
2003-09-29,29.75,30.75,29.75,30.687000274658203,25.48587417602539,21800,0.0,0.0
2003-09-30,30.7450008392334,31.225000381469727,30.7450008392334,30.917999267578125,25.677715301513672,6980,0.0,0.0
2003-10-01,30.5,31.790000915527344,28.0,29.47900009155273,24.482614517211918,35660,0.0,0.0
2003-10-02,29.47900009155273,29.47900009155273,29.47900009155273,29.47900009155273,24.482614517211918,0,0.0,0.0
2003-10-03,30.950000762939453,32.375,30.0,30.905000686645508,25.666919708251957,41640,0.0,0.0
2003-10-06,32.25,33.63999938964844,32.18000030517578,33.48849868774414,27.812538146972656,12200,0.0,0.0
2003-10-07,33.755001068115234,34.0,32.5,32.74850082397461,27.197961807250977,15680,0.0,0.0
2003-10-08,32.5099983215332,33.244998931884766,32.20000076293945,32.32550048828125,26.846654891967773,14640,0.0,0.0
2003-10-09,32.290000915527344,32.5,32.0,32.21099853515625,26.75157165527344,2560,0.0,0.0
2003-10-10,32.595001220703125,32.599998474121094,31.875,32.06949996948242,26.634052276611328,6860,0.0,0.0
2003-10-13,32.25,32.25,31.875,32.0,26.57633209228516,1080,0.0,0.0
2003-10-14,32.244998931884766,32.25,31.625,31.67350006103516,26.30516624450684,2140,0.0,0.0
2003-10-15,31.875,32.0,31.5,31.79949951171875,26.40981674194336,3860,0.0,0.0
2003-10-16,31.6299991607666,32.029998779296875,31.5,31.762500762939453,26.37908363342285,7900,0.0,0.0
2003-10-17,31.575000762939453,31.604999542236328,31.18000030517578,31.361499786376957,26.046045303344727,8320,0.0,0.0
2003-10-20,31.625,32.0,31.0,31.00149917602539,25.7470645904541,5720,0.0,0.0
2003-10-21,31.0,31.100000381469727,30.75,30.980499267578125,25.72962188720703,4280,0.0,0.0
2003-10-22,31.0,31.0,29.55500030517578,30.14800071716309,25.038225173950195,5540,0.0,0.0
2003-10-23,30.75,30.75,29.774999618530277,29.910499572753903,24.84097671508789,800,0.0,0.0
2003-10-24,27.549999237060547,30.98500061035156,27.549999237060547,30.211000442504883,25.090545654296875,5860,0.0,0.0
2003-10-27,31.850000381469727,31.9950008392334,30.799999237060547,31.386499404907227,26.066808700561523,3360,0.0,0.0
2003-10-28,31.924999237060547,31.924999237060547,30.770000457763672,30.91399955749512,25.674396514892575,5800,0.0,0.0
2003-10-29,31.0,31.0,30.950000762939453,30.98349952697754,25.732112884521484,3240,0.0,0.0
2003-10-30,31.0,31.125,30.674999237060547,30.80500030517578,25.58386611938477,17920,0.0,0.0
2003-10-31,31.0,31.0,30.75,31.0,25.745819091796875,17000,0.0,0.0
2003-11-03,31.25,33.525001525878906,31.25,33.31700134277344,27.670108795166016,30040,0.0,0.0
2003-11-04,33.5,33.82500076293945,32.95050048828125,33.545501708984375,27.859878540039062,21920,0.0,0.0
2003-11-05,33.89500045776367,35.0,33.34000015258789,34.97100067138672,29.043779373168945,25760,0.0,0.0
2003-11-06,35.650001525878906,37.25,35.0,35.37049865722656,29.375568389892575,26400,0.0,0.0
2003-11-07,36.09999847412109,37.147499084472656,35.54999923706055,35.64500045776367,29.60354995727539,165620,0.0,0.0
2003-11-10,36.0,36.0,34.70249938964844,34.9375,29.015947341918945,35640,0.0,0.0
2003-11-11,35.25,36.39250183105469,35.0,36.17499923706055,30.0437068939209,178120,0.0,0.0
2003-11-12,36.84999847412109,38.75,36.0,37.54249954223633,31.1794376373291,812560,0.0,0.0
2003-11-13,37.95000076293945,38.70000076293945,36.70000076293945,37.06499862670898,30.78286361694336,338980,0.0,0.0
2003-11-14,36.60499954223633,37.84999847412109,36.29999923706055,36.657501220703125,30.44443130493164,186120,0.0,0.0
2003-11-17,37.5,37.5,36.50249862670898,36.91749954223633,30.660356521606445,107760,0.0,0.0
2003-11-18,37.0,37.375,34.75,35.064998626708984,29.121850967407227,139840,0.0,0.0
2003-11-19,34.70000076293945,35.79999923706055,31.799999237060547,35.467498779296875,29.45612525939941,92500,0.0,0.0
2003-11-20,35.5,36.20000076293945,34.95000076293945,35.19499969482422,29.229812622070312,383660,0.0,0.0
2003-11-21,34.79999923706055,34.79999923706055,34.13249969482422,34.334999084472656,28.51557159423828,54760,0.0,0.0
2003-11-24,34.04999923706055,34.939998626708984,34.04999923706055,34.6150016784668,28.74811363220215,17600,0.0,0.0
2003-11-25,34.599998474121094,35.150001525878906,34.599998474121094,34.85499954223633,28.947433471679688,62040,0.0,0.0
2003-11-26,34.85499954223633,34.85499954223633,34.85499954223633,34.85499954223633,28.947433471679688,0,0.0,0.0
2003-11-27,36.0,36.247501373291016,35.099998474121094,35.51499938964844,29.495569229125977,73780,0.0,0.0
2003-11-28,36.25,36.25,34.75,35.89500045776367,29.811168670654297,64960,0.0,0.0
2003-12-01,36.0,36.0,35.002498626708984,35.162498474121094,29.202816009521484,83180,0.0,0.0
2003-12-02,35.25,35.599998474121094,34.75,35.20249938964844,29.236045837402344,96200,0.0,0.0
2003-12-03,35.25,35.977500915527344,35.20000076293945,35.752498626708984,29.69281768798828,97920,0.0,0.0
2003-12-04,35.29999923706055,36.04999923706055,35.0099983215332,35.834999084472656,29.76133918762207,303420,0.0,0.0
2003-12-05,36.95000076293945,37.497501373291016,35.75,35.84000015258789,29.76549530029297,126680,0.0,0.0
2003-12-08,34.75,35.75,33.75,34.942501068115234,29.02010154724121,87440,0.0,0.0
2003-12-09,35.0,35.75,34.75,35.49250030517578,29.47688865661621,106580,0.0,0.0
2003-12-10,36.75,36.790000915527344,35.5525016784668,36.54999923706055,30.35514640808105,217880,0.0,0.0
2003-12-11,35.32500076293945,36.650001525878906,35.32500076293945,35.83250045776367,29.759258270263672,196920,0.0,0.0
2003-12-12,36.400001525878906,36.400001525878906,35.54999923706055,36.13999938964844,30.014646530151367,299620,0.0,0.0
2003-12-15,36.5,36.82500076293945,35.852500915527344,36.66999816894531,30.454811096191406,223060,0.0,0.0
2003-12-16,36.0,37.5,36.0,36.83000183105469,30.587696075439453,138760,0.0,0.0
2003-12-17,36.86750030517578,37.5,36.86750030517578,37.005001068115234,30.733030319213867,135620,0.0,0.0
2003-12-18,36.0,39.247501373291016,36.0,38.97999954223633,32.48301696777344,345460,0.125,0.0
2003-12-19,37.54999923706055,39.75,37.54999923706055,38.907501220703125,32.42259979248047,123320,0.0,0.0
2003-12-22,39.5,39.5,38.5,38.98249816894531,32.4850959777832,117920,0.0,0.0
2003-12-23,38.5,39.5,38.0,38.51250076293945,32.093441009521484,61600,0.0,0.0
2003-12-24,38.43999862670898,39.5,38.400001525878906,38.619998931884766,32.18302154541016,41280,0.0,0.0
2003-12-25,38.619998931884766,38.619998931884766,38.619998931884766,38.619998931884766,32.18302154541016,0,0.0,0.0
2003-12-26,36.3025016784668,40.59749984741211,36.3025016784668,40.22249984741211,33.51842498779297,152200,0.0,0.0
2003-12-29,44.0,44.0,41.30500030517578,42.84749984741211,35.705909729003906,291240,0.0,0.0
2003-12-30,44.25,44.25,40.04999923706055,41.15999984741211,34.29966735839844,174160,0.0,0.0
2003-12-31,40.59999847412109,42.75,40.59999847412109,41.38249969482422,34.485069274902344,99360,0.0,0.0
2004-01-01,42.00249862670898,42.70000076293945,41.0,41.334999084472656,34.445491790771484,81420,0.0,0.0
2004-01-02,42.5,42.59999847412109,41.5,42.09249877929688,35.07674789428711,187100,0.0,0.0
2004-01-05,39.04999923706055,42.5,39.04999923706055,41.80500030517578,34.837154388427734,122880,0.0,0.0
2004-01-06,42.04999923706055,44.0,40.0625,41.34000015258789,34.449668884277344,248200,0.0,0.0
2004-01-07,41.09999847412109,41.70000076293945,40.79999923706055,41.14500045776367,34.28717422485352,153600,0.0,0.0
2004-01-08,41.09999847412109,43.0,41.09999847412109,41.59000015258789,34.65799331665039,46540,0.0,0.0
2004-01-09,42.0,42.900001525878906,41.5,41.772499084472656,34.810081481933594,145340,0.0,0.0
2004-01-12,39.400001525878906,44.25,39.150001525878906,43.560001373291016,36.299652099609375,265260,0.0,0.0
2004-01-13,44.20000076293945,44.20000076293945,42.150001525878906,43.04999923706055,35.8746452331543,75540,0.0,0.0
2004-01-14,43.900001525878906,43.900001525878906,42.255001068115234,43.5724983215332,36.31005859375,194460,0.0,0.0
2004-01-15,43.602500915527344,44.75,42.75,43.04999923706055,35.8746452331543,269200,0.0,0.0
2004-01-16,43.900001525878906,43.900001525878906,40.04999923706055,41.18000030517578,34.31633758544922,123420,0.0,0.0
2004-01-19,41.0,41.75,39.54999923706055,41.01250076293945,34.17675018310547,106860,0.0,0.0
2004-01-20,41.5,41.75,39.5,39.9275016784668,33.27259063720703,131880,0.0,0.0
2004-01-21,40.5,40.75,39.25,40.01750183105469,33.34759521484375,283800,0.0,0.0
2004-01-22,40.150001525878906,40.20000076293945,37.647499084472656,39.880001068115234,33.23301315307617,103240,0.0,0.0
2004-01-23,40.0,41.09999847412109,39.04999923706055,40.98500061035156,34.153839111328125,186000,0.0,0.0
2004-01-26,40.98500061035156,40.98500061035156,40.98500061035156,40.98500061035156,34.153839111328125,0,0.0,0.0
2004-01-27,41.0,42.397499084472656,40.25,40.50249862670898,33.751739501953125,119720,0.0,0.0
2004-01-28,40.32500076293945,41.150001525878906,40.25,40.36249923706055,33.63509750366211,107160,0.0,0.0
2004-01-29,41.25,41.25,39.75,39.85499954223633,33.2121696472168,31600,0.0,0.0
2004-01-30,40.95000076293945,41.20000076293945,38.75,39.09000015258789,32.574676513671875,43820,0.0,0.0
2004-02-02,39.09000015258789,39.09000015258789,39.09000015258789,39.09000015258789,32.574676513671875,0,0.0,0.0
2004-02-03,38.80500030517578,39.0,36.25,36.497501373291016,30.414283752441406,46440,0.0,0.0
2004-02-04,37.84749984741211,39.0,36.255001068115234,38.837501525878906,32.36426544189453,70860,0.0,0.0
2004-02-05,38.997501373291016,40.5,36.70000076293945,39.05500030517578,32.54552459716797,91860,0.0,0.0
2004-02-06,39.95000076293945,39.95000076293945,38.25,39.50249862670898,32.918426513671875,45140,0.0,0.0
2004-02-09,35.150001525878906,39.54999923706055,35.150001525878906,38.42499923706055,32.0205192565918,33980,0.0,0.0
2004-02-10,39.0,39.29999923706055,38.42499923706055,38.45249938964844,32.04344177246094,43660,0.0,0.0
2004-02-11,38.85499954223633,40.75,38.84999847412109,40.560001373291016,33.79967498779297,62060,0.0,0.0
2004-02-12,40.75249862670898,41.5,40.5,40.81499862670898,34.01216506958008,50420,0.0,0.0
2004-02-13,40.32500076293945,42.0,40.25,41.31499862670898,34.4288330078125,134620,0.0,0.0
2004-02-16,42.29999923706055,43.59999847412109,42.0,43.21749877929688,36.01422882080078,118720,0.0,0.0
2004-02-17,44.75,44.75,42.665000915527344,43.34249877929688,36.1183967590332,45920,0.0,0.0
2004-02-18,44.5,44.5,43.11000061035156,43.47249984741211,36.22672271728516,114720,0.0,0.0
2004-02-19,43.34999847412109,43.5,41.95500183105469,42.05500030517578,35.04549789428711,82960,0.0,0.0
2004-02-20,41.04999923706055,49.0,41.04999923706055,43.290000915527344,36.074649810791016,152360,0.0,0.0
2004-02-23,43.45000076293945,43.5,41.0,41.810001373291016,34.8413200378418,28980,0.0,0.0
2004-02-24,40.61249923706055,41.650001525878906,40.61249923706055,40.86750030517578,34.05592346191406,29340,0.0,0.0
2004-02-25,41.70000076293945,42.09999847412109,40.852500915527344,41.70249938964844,34.751747131347656,64320,0.0,0.0
2004-02-26,42.0,42.0,41.0,41.147499084472656,34.28924560546875,57460,0.0,0.0
2004-02-27,41.0525016784668,41.400001525878906,40.25,41.00749969482422,34.17258071899414,62920,0.0,0.0
2004-03-01,40.75,41.720001220703125,40.51250076293945,41.51250076293945,34.59341812133789,106200,0.0,0.0
2004-03-02,41.51250076293945,41.51250076293945,41.51250076293945,41.51250076293945,34.59341812133789,0,0.0,0.0
2004-03-03,42.3224983215332,42.494998931884766,41.282501220703125,41.5,34.583003997802734,74220,0.0,0.0
2004-03-04,41.5,42.45000076293945,41.5,42.1875,35.15591049194336,233500,0.0,0.0
2004-03-05,42.20000076293945,42.625,42.02000045776367,42.48500061035156,35.40382766723633,84160,0.0,0.0
2004-03-08,42.00249862670898,42.650001525878906,42.0,42.25,35.20798873901367,8560,0.0,0.0
2004-03-09,42.25,42.29999923706055,41.25,41.27000045776367,34.391334533691406,24700,0.0,0.0
2004-03-10,41.275001525878906,41.59999847412109,41.0,41.25,34.37466812133789,31900,0.0,0.0
2004-03-11,41.25,42.72249984741211,41.150001525878906,41.86750030517578,34.88924789428711,37220,0.0,0.0
2004-03-12,40.5625,41.34749984741211,40.34999847412109,41.005001068115234,34.17051315307617,14380,0.0,0.0
2004-03-15,40.54750061035156,40.54750061035156,38.75,39.11249923706055,32.59342575073242,35960,0.0,0.0
2004-03-16,39.0,39.45000076293945,37.5,37.76499938964844,31.47052764892578,11700,0.0,0.0
2004-03-17,39.0,39.5625,39.0,39.28749847412109,32.73926544189453,12460,0.0,0.0
2004-03-18,39.275001525878906,40.75,39.25,39.35749816894531,32.79759979248047,50940,0.0,0.0
2004-03-19,38.25749969482422,38.994998931884766,38.25749969482422,38.50249862670898,32.08510971069336,11360,0.0,0.0
2004-03-22,38.45000076293945,38.45000076293945,37.5,37.75249862670898,31.460105895996094,91360,0.0,0.0
2004-03-23,37.5,38.0,36.75,37.95750045776367,31.630939483642575,66500,0.0,0.0
2004-03-24,36.75,39.5,36.75,38.01250076293945,31.676776885986328,44920,0.0,0.0
2004-03-25,37.0,38.5,37.0,38.29750061035156,31.914268493652344,2180,0.0,0.0
2004-03-26,36.25,38.5,36.25,37.52750015258789,31.27261734008789,33880,0.0,0.0
2004-03-29,37.5,38.09999847412109,37.5,37.845001220703125,31.537189483642575,40500,0.0,0.0
2004-03-30,38.25,39.900001525878906,37.85499954223633,38.75,32.291343688964844,105940,0.0,0.0
2004-03-31,39.59999847412109,39.79999923706055,37.75,38.084999084472656,31.73719024658203,14660,0.0,0.0
2004-04-01,39.75,40.505001068115234,38.0,40.36750030517578,33.639251708984375,54580,0.0,0.0
2004-04-02,40.29999923706055,40.75,39.29999923706055,39.625,33.02052307128906,10720,0.0,0.0
2004-04-05,40.0,41.25,40.0,40.25749969482422,33.547584533691406,22460,0.0,0.0
2004-04-06,40.25,40.75,39.400001525878906,39.42250061035156,32.85176086425781,34020,0.0,0.0
2004-04-07,39.25,40.400001525878906,39.25,40.022499084472656,33.35176086425781,16780,0.0,0.0
2004-04-08,39.4275016784668,40.59999847412109,39.25,39.87749862670898,33.23092269897461,18000,0.0,0.0
2004-04-09,39.87749862670898,39.87749862670898,39.87749862670898,39.87749862670898,33.23092269897461,0,0.0,0.0
2004-04-12,40.0,40.75249862670898,39.8025016784668,40.75,33.95800018310547,38860,0.0,0.0
2004-04-13,40.0,40.75,39.810001373291016,40.345001220703125,33.620506286621094,12860,0.0,0.0
2004-04-14,40.345001220703125,40.345001220703125,40.345001220703125,40.345001220703125,33.620506286621094,0,0.0,0.0
2004-04-15,40.70000076293945,42.0,40.25749969482422,41.84249877929688,34.868412017822266,847580,0.0,0.0
2004-04-16,42.497501373291016,42.5,38.150001525878906,41.22499847412109,34.35382843017578,36260,0.0,0.0
2004-04-19,42.497501373291016,42.5,41.25,41.41999816894531,34.516319274902344,39240,0.0,0.0
2004-04-20,40.755001068115234,42.494998931884766,40.755001068115234,42.130001068115234,35.107994079589844,20100,0.0,0.0
2004-04-21,42.45000076293945,43.5,41.75,42.26499938964844,35.22048568725586,49500,0.0,0.0
2004-04-22,42.00749969482422,43.29750061035156,42.00749969482422,43.0724983215332,35.89339065551758,48120,0.0,0.0
2004-04-23,43.72249984741211,45.5,42.5,43.337501525878906,36.11424255371094,135000,0.0,0.0
2004-04-27,42.5,42.5,40.0625,40.227500915527344,33.522586822509766,53880,0.0,0.0
2004-04-28,40.04999923706055,42.25,40.04999923706055,41.31499862670898,34.4288330078125,88020,0.0,0.0
2004-04-29,41.0,42.25,41.0,42.1875,35.15591049194336,45340,0.0,0.0
2004-04-30,42.0,43.0,41.79999923706055,42.505001068115234,35.42049026489258,66740,0.0,0.0
2004-05-03,41.5,44.900001525878906,40.505001068115234,42.932498931884766,35.776737213134766,31400,0.0,0.0
2004-05-04,42.5,48.25,42.5,47.33250045776367,39.4433708190918,163240,0.0,0.0
2004-05-05,43.0724983215332,47.900001525878906,43.0724983215332,46.872501373291016,39.06002807617188,85200,0.0,0.0
2004-05-06,46.07500076293945,48.0,45.0099983215332,45.95750045776367,38.29753875732422,163900,0.0,0.0
2004-05-07,45.0,45.54999923706055,44.05500030517578,44.5724983215332,37.14338684082031,17740,0.0,0.0
2004-05-10,44.0,44.0,42.75,43.310001373291016,36.09130859375,28200,0.0,0.0
2004-05-11,42.275001525878906,42.5,41.57500076293945,41.68000030517578,34.73299789428711,22220,0.0,0.0
2004-05-12,40.959999084472656,41.79999923706055,40.75249862670898,40.97999954223633,34.149662017822266,37360,0.0,0.0
2004-05-13,41.0,42.25,39.25,40.50749969482422,33.75592041015625,92820,0.0,0.0
2004-05-14,40.20249938964844,40.5,34.54999923706055,35.73249816894531,29.776796340942383,82860,0.0,0.0
2004-05-17,33.75,33.75,30.0,31.602500915527344,26.33515739440918,41540,0.0,0.0
2004-05-18,31.600000381469727,35.849998474121094,31.600000381469727,34.61750030517578,28.847633361816406,157060,0.0,0.0
2004-05-19,36.744998931884766,37.255001068115234,35.5525016784668,36.67250061035156,30.56011962890625,53680,0.0,0.0
2004-05-20,37.400001525878906,37.5,35.75,36.147499084472656,30.122617721557617,25260,0.0,0.0
2004-05-21,35.5,39.0,35.0,37.05500030517578,30.87885856628418,30260,0.0,0.0
2004-05-24,37.75,37.75,35.182498931884766,35.775001525878906,29.812204360961918,40160,0.0,0.0
2004-05-25,35.75,36.20000076293945,34.75,35.89250183105469,29.91012191772461,55100,0.0,0.0
2004-05-26,37.0,37.25,35.5,36.27750015258789,30.230958938598636,88740,0.0,0.0
2004-05-27,36.5,36.73749923706055,36.0,36.0525016784668,30.043455123901367,15000,0.0,0.0
2004-05-28,37.0,37.0,34.255001068115234,35.08250045776367,29.235137939453125,219120,0.0,0.0
2004-05-31,32.849998474121094,34.95000076293945,31.762500762939453,33.84749984741211,28.20598030090332,53580,0.0,0.0
2004-06-01,34.95000076293945,35.0,32.880001068115234,34.09749984741211,28.414306640625,26780,0.0,0.0
2004-06-02,34.10499954223633,34.400001525878906,33.150001525878906,33.60499954223633,28.00389289855957,57640,0.0,0.0
2004-06-03,33.70000076293945,34.647499084472656,32.0,32.56999969482422,27.141401290893555,45180,0.0,0.0
2004-06-04,33.25,33.25,31.5,32.029998779296875,26.691408157348636,39000,0.0,0.0
2004-06-07,33.650001525878906,33.75,32.599998474121094,32.962501525878906,27.46847915649414,1960,0.0,0.0
2004-06-08,33.150001525878906,33.900001525878906,30.262500762939453,33.41749954223633,27.847644805908203,4560,0.0,0.0
2004-06-09,32.852500915527344,33.650001525878906,32.25,32.3125,26.92682266235352,9460,0.0,0.0
2004-06-10,32.849998474121094,33.497501373291016,32.654998779296875,32.94499969482422,27.45389747619629,1400,0.0,0.0
2004-06-11,32.900001525878906,33.21500015258789,32.29999923706055,32.73500061035156,27.27889633178711,10100,0.0,0.0
2004-06-14,32.25,32.45000076293945,30.75,32.31999969482422,26.93307113647461,32680,0.0,0.0
2004-06-15,32.0,32.5,31.75,32.439998626708984,27.033071517944336,74140,0.0,0.0
2004-06-16,32.099998474121094,33.25,32.0,32.592498779296875,27.16015243530273,31880,0.0,0.0
2004-06-17,32.599998474121094,32.70000076293945,31.950000762939453,32.689998626708984,27.24139976501465,67860,0.0,0.0
2004-06-18,33.0,33.0,31.5,31.842500686645508,26.53515625,26700,0.0,0.0
2004-06-21,32.79999923706055,32.994998931884766,31.350000381469727,31.44750022888184,26.205995559692383,14040,0.0,0.0
2004-06-22,31.75,31.75,30.549999237060547,31.022499084472656,25.851825714111328,11500,0.0,0.0
2004-06-23,31.600000381469727,31.75,30.25,30.395000457763672,25.32892227172852,34040,0.0,0.0
2004-06-24,30.25,30.450000762939453,29.80500030517578,30.280000686645508,25.23308753967285,36860,0.0,0.0
2004-06-25,34.0,34.0,30.899999618530277,31.450000762939453,26.20807647705078,18440,0.0,0.0
2004-06-28,31.950000762939453,32.75,31.25,32.29750061035156,26.91432380676269,15260,0.0,0.0
2004-06-29,31.5,32.0,31.0,31.84749984741211,26.539325714111328,28140,0.0,0.0
2004-06-30,31.25,36.75,31.25,33.54249954223633,27.95180892944336,54500,0.0,0.0
2004-07-01,32.060001373291016,34.997501373291016,32.0525016784668,34.349998474121094,28.62471389770508,19240,0.0,0.0
2004-07-02,34.400001525878906,34.75,32.875,34.224998474121094,28.520551681518555,13860,0.0,0.0
2004-07-05,32.900001525878906,34.25,32.849998474121094,34.099998474121094,28.4163875579834,11460,0.0,0.0
2004-07-06,33.0,34.0,32.650001525878906,33.060001373291016,27.54973030090332,17200,0.0,0.0
2004-07-07,34.147499084472656,34.147499084472656,32.5525016784668,32.6974983215332,27.24765396118164,12300,0.0,0.0
2004-07-08,32.25,33.20000076293945,30.100000381469727,30.6200008392334,25.516420364379883,22660,0.0,0.0
2004-07-09,33.099998474121094,33.29999923706055,31.5,32.275001525878906,26.89557456970215,6580,0.0,0.0
2004-07-12,32.5,33.0,31.299999237060547,32.94499969482422,27.45389747619629,5520,0.0,0.0
2004-07-13,33.0,33.48749923706055,32.3025016784668,32.5,27.08307266235352,49200,0.0,0.0
2004-07-14,32.5,33.04999923706055,31.399999618530277,31.670000076293945,26.391407012939453,34520,0.0,0.0
2004-07-15,31.77750015258789,32.20000076293945,31.450000762939453,32.095001220703125,26.745569229125977,58780,0.0,0.0
2004-07-16,32.45000076293945,32.75,31.852500915527344,32.5,27.08307266235352,6880,0.0,0.0
2004-07-19,31.549999237060547,32.25,31.5,31.55500030517578,26.295578002929688,14860,0.0,0.0
2004-07-20,31.997499465942383,32.25,31.05500030517578,31.55500030517578,26.50557327270508,21080,0.25,0.0
2004-07-21,31.94750022888184,31.950000762939453,31.2549991607666,31.34000015258789,26.324975967407227,4460,0.0,0.0
2004-07-22,31.127500534057617,32.20000076293945,30.0,31.649999618530277,26.58536148071289,66400,0.0,0.0
2004-07-23,32.224998474121094,32.349998474121094,32.150001525878906,32.2400016784668,27.080961227416992,10480,0.0,0.0
2004-07-26,32.45000076293945,32.92499923706055,32.45000076293945,32.587501525878906,27.37285423278809,18800,0.0,0.0
2004-07-27,32.5,32.650001525878906,32.0,32.470001220703125,27.274154663085938,11780,0.0,0.0
2004-07-28,32.0,32.79999923706055,32.0,32.61000061035156,27.391746520996094,22960,0.0,0.0
2004-07-29,32.0625,32.70000076293945,31.502500534057617,32.477500915527344,27.28045654296875,13480,0.0,0.0
2004-07-30,32.5,33.150001525878906,32.400001525878906,32.66999816894531,27.44214630126953,7720,0.0,0.0
2004-08-02,32.25,32.5,32.00749969482422,32.36249923706055,27.18385505676269,21680,0.0,0.0
2004-08-03,32.497501373291016,35.70000076293945,32.497501373291016,34.57500076293945,29.04231071472168,73380,0.0,0.0
2004-08-04,35.247501373291016,35.25,34.0,34.842498779296875,29.26700782775879,37260,0.0,0.0
2004-08-05,34.5,35.20000076293945,33.75,34.852500915527344,29.2754020690918,29960,0.0,0.0
2004-08-06,35.0,36.0,34.025001525878906,34.845001220703125,29.269100189208984,29100,0.0,0.0
2004-08-09,32.505001068115234,35.997501373291016,32.505001068115234,35.654998779296875,29.94949722290039,13980,0.0,0.0
2004-08-10,34.900001525878906,36.0,34.900001525878906,35.74250030517578,30.022994995117188,16840,0.0,0.0
2004-08-11,34.807498931884766,35.54750061035156,34.505001068115234,34.782501220703125,29.21660804748535,9420,0.0,0.0
2004-08-12,32.872501373291016,35.0,32.872501373291016,33.584999084472656,28.21073341369629,23760,0.0,0.0
2004-08-13,33.337501525878906,35.5,33.310001373291016,35.252498626708984,29.61138916015625,55780,0.0,0.0
2004-08-16,35.75,35.997501373291016,34.665000915527344,35.834999084472656,30.10068893432617,17180,0.0,0.0
2004-08-17,35.75,36.75,35.75,36.48249816894531,30.644569396972656,101540,0.0,0.0
2004-08-18,37.45000076293945,37.45000076293945,36.5099983215332,36.76750183105469,30.883981704711918,30360,0.0,0.0
2004-08-19,37.0,40.150001525878906,36.67499923706055,39.7599983215332,33.397605895996094,108600,0.0,0.0
2004-08-20,39.75,41.20000076293945,38.75,40.647499084472656,34.143089294433594,100040,0.0,0.0
2004-08-23,40.5,40.54999923706055,39.5,40.09999847412109,33.68320846557617,99220,0.0,0.0
2004-08-24,40.0,41.0,40.0,40.70500183105469,34.19139099121094,46060,0.0,0.0
2004-08-25,41.09999847412109,41.1974983215332,40.04999923706055,40.24250030517578,33.80289459228516,26780,0.0,0.0
2004-08-26,40.09999847412109,40.75,37.8849983215332,40.02999877929688,33.624412536621094,62740,0.0,0.0
2004-08-27,40.34999847412109,40.744998931884766,39.75,40.307498931884766,33.85749816894531,36760,0.0,0.0
2004-08-30,40.75,42.29999923706055,40.75,41.8650016784668,35.297115325927734,27400,0.15,0.0
2004-08-31,41.09999847412109,42.09999847412109,41.04999923706055,41.84749984741211,35.28236770629883,32860,0.0,0.0
2004-09-01,41.150001525878906,42.34999847412109,41.04999923706055,41.9275016784668,35.34981918334961,107860,0.0,0.0
2004-09-02,42.95000076293945,42.95000076293945,41.9275016784668,42.005001068115234,35.415157318115234,85320,0.0,0.0
2004-09-03,41.75,43.25,40.400001525878906,41.497501373291016,34.98727798461914,93640,0.0,0.0
2004-09-06,40.75,42.09999847412109,40.75,41.40250015258789,34.90717697143555,50740,0.0,0.0
2004-09-07,41.5,41.70000076293945,40.79999923706055,40.852500915527344,34.443458557128906,80340,0.0,0.0
2004-09-08,41.25,41.75,40.88750076293945,41.52750015258789,35.01255416870117,22100,0.0,0.0
2004-09-09,41.95000076293945,45.0,41.5,42.83250045776367,36.11284255981445,230220,0.0,0.0
2004-09-10,43.650001525878906,43.79999923706055,42.56999969482422,42.76250076293945,36.05381393432617,66060,0.0,0.0
2004-09-13,42.57500076293945,42.75,42.00749969482422,42.46500015258789,35.80298614501953,351320,0.0,0.0
2004-09-14,42.005001068115234,42.5,41.99250030517578,42.42250061035156,35.76716613769531,28700,0.0,0.0
2004-09-15,43.70000076293945,43.72499847412109,42.76250076293945,42.98749923706055,36.24351501464844,87620,0.0,0.0
2004-09-16,42.95000076293945,43.79999923706055,42.95000076293945,43.182498931884766,36.40793228149414,24020,0.0,0.0
2004-09-17,43.29999923706055,45.04999923706055,43.29999923706055,43.97499847412109,37.07609939575195,156760,0.0,0.0
2004-09-20,43.75,44.0,43.5,43.525001525878906,36.696685791015625,33660,0.0,0.0
2004-09-21,44.0,44.0,43.25249862670898,43.560001373291016,36.72621154785156,13860,0.0,0.0
2004-09-22,43.70000076293945,45.0,43.494998931884766,44.505001068115234,37.52295684814453,78440,0.0,0.0
2004-09-23,43.00249862670898,44.5,42.625,42.88249969482422,36.15498733520508,44120,0.0,0.0
2004-09-24,42.29999923706055,43.59000015258789,42.29999923706055,43.192501068115234,36.41635513305664,31260,0.0,0.0
2004-09-27,43.5,44.0,42.25,42.837501525878906,36.11705017089844,62340,0.0,0.0
2004-09-28,43.70000076293945,43.72249984741211,42.0,42.022499084472656,35.429908752441406,21620,0.0,0.0
2004-09-29,41.810001373291016,42.70000076293945,41.79999923706055,42.61249923706055,35.927345275878906,7500,0.0,0.0
2004-09-30,43.0,43.0,41.8125,42.45249938964844,35.792449951171875,33920,0.0,0.0
2004-10-01,42.625,42.95000076293945,41.79999923706055,42.01499938964844,35.423583984375,51460,0.0,0.0
2004-10-04,42.04999923706055,43.45000076293945,41.65499877929688,43.102500915527344,36.34048461914063,308480,0.0,0.0
2004-10-05,43.0,43.75,42.59999847412109,42.79249954223633,36.0791130065918,148140,0.0,0.0
2004-10-06,43.44499969482422,45.45000076293945,43.25,43.47999954223633,36.65876388549805,122660,0.0,0.0
2004-10-07,42.75,45.369998931884766,42.75,44.459999084472656,37.48501586914063,333940,0.0,0.0
2004-10-08,45.494998931884766,48.75,45.18000030517578,46.97499847412109,39.60544967651367,232300,0.0,0.0
2004-10-11,47.5,48.25,46.54999923706055,46.775001525878906,39.43683624267578,40000,0.0,0.0
2004-10-12,46.54999923706055,47.5,44.77999877929688,45.04999923706055,37.982452392578125,19320,0.0,0.0
2004-10-14,44.84999847412109,47.0,44.125,45.25,38.15106964111328,47560,0.0,0.0
2004-10-15,44.5,45.69499969482422,44.25,44.50749969482422,37.52505493164063,191960,0.0,0.0
2004-10-18,46.20000076293945,46.20000076293945,43.50249862670898,43.76499938964844,36.8990364074707,38120,0.0,0.0
2004-10-19,43.0525016784668,44.8650016784668,43.0525016784668,44.5,37.51872634887695,202680,0.0,0.0
2004-10-20,44.5,44.5,44.0,44.03749847412109,37.128787994384766,144620,0.0,0.0
2004-10-21,44.45000076293945,44.47499847412109,43.90999984741211,43.95249938964844,37.05713272094727,18680,0.0,0.0
2004-10-22,43.95249938964844,43.95249938964844,43.95249938964844,43.95249938964844,37.05713272094727,0,0.0,0.0
2004-10-25,43.75,43.75,41.70249938964844,42.1875,35.56903076171875,39600,0.0,0.0
2004-10-26,42.25,44.95000076293945,41.837501525878906,42.3025016784668,35.665985107421875,22260,0.0,0.0
2004-10-27,43.5,43.5,42.3025016784668,42.584999084472656,35.904170989990234,452900,0.0,0.0
2004-10-28,43.04999923706055,44.244998931884766,42.66249847412109,43.005001068115234,36.25828170776367,134640,0.0,0.0
2004-10-29,43.49250030517578,43.494998931884766,42.25,42.494998931884766,35.82827377319336,131360,0.0,0.0
2004-11-01,42.09999847412109,44.650001525878906,42.09999847412109,43.102500915527344,36.34048461914063,324680,0.0,0.0
2004-11-02,43.75,44.494998931884766,43.5,43.977500915527344,37.07820510864258,237620,0.0,0.0
2004-11-03,44.494998931884766,44.5,43.3025016784668,44.08000183105469,37.16461944580078,57920,0.0,0.0
2004-11-04,42.05500030517578,44.74250030517578,42.05500030517578,43.72249984741211,36.86321640014648,50780,0.0,0.0
2004-11-05,50.0,50.0,43.25749969482422,43.45249938964844,36.63557052612305,11140,0.0,0.0
2004-11-08,44.79499816894531,44.79499816894531,43.0,43.255001068115234,36.46906280517578,21520,0.0,0.0
2004-11-09,44.70000076293945,44.70000076293945,43.0,43.03749847412109,36.285682678222656,11460,0.0,0.0
2004-11-10,43.34999847412109,44.0,42.755001068115234,42.8849983215332,36.15710067749024,21640,0.0,0.0
2004-11-11,43.494998931884766,43.494998931884766,42.51499938964844,42.935001373291016,36.199249267578125,49320,0.0,0.0
2004-11-12,43.75,44.0,43.15499877929688,43.755001068115234,36.8906135559082,9300,0.0,0.0
2004-11-15,43.755001068115234,43.755001068115234,43.755001068115234,43.755001068115234,36.8906135559082,0,0.0,0.0
2004-11-16,42.775001525878906,43.59999847412109,42.775001525878906,43.334999084472656,36.5365104675293,20300,0.0,0.0
2004-11-17,43.25,44.66749954223633,43.25,43.70249938964844,36.84634399414063,170660,0.0,0.0
2004-11-18,43.75,43.75,42.5,42.6775016784668,35.982147216796875,83920,0.0,0.0
2004-11-19,43.70000076293945,43.70000076293945,42.275001525878906,42.34749984741211,35.70391845703125,19980,0.0,0.0
2004-11-22,42.932498931884766,43.00249862670898,42.45000076293945,42.56999969482422,35.89152145385742,27620,0.0,0.0
2004-11-23,42.994998931884766,43.25,42.400001525878906,42.51750183105469,35.84724807739258,146100,0.0,0.0
2004-11-24,43.247501373291016,43.494998931884766,42.900001525878906,42.970001220703125,36.2287712097168,101440,0.0,0.0
2004-11-25,43.0,44.09999847412109,42.70000076293945,42.744998931884766,36.0390625,83740,0.0,0.0
2004-11-26,42.744998931884766,42.744998931884766,42.744998931884766,42.744998931884766,36.0390625,0,0.0,0.0
2004-11-29,42.5,42.9375,42.130001068115234,42.70750045776367,36.00745391845703,47560,0.0,0.0
2004-11-30,43.0,43.0,42.337501525878906,42.397499084472656,35.74607849121094,36820,0.0,0.0
2004-12-01,42.400001525878906,42.400001525878906,42.0099983215332,42.22249984741211,35.59853744506836,15520,0.0,0.0
2004-12-02,42.09999847412109,43.5,42.00249862670898,42.97249984741211,36.23087310791016,52960,0.0,0.0
2004-12-03,42.25,45.0,41.50249862670898,43.51750183105469,36.69036865234375,122920,0.0,0.0
2004-12-06,43.45000076293945,46.0,43.4474983215332,44.647499084472656,37.64309310913086,409520,0.0,0.0
2004-12-07,44.994998931884766,48.83000183105469,44.900001525878906,45.97249984741211,38.760231018066406,341920,0.0,0.0
2004-12-08,47.9474983215332,48.5,45.84999847412109,45.994998931884766,38.77919769287109,209460,0.0,0.0
2004-12-09,45.70000076293945,47.25,45.70000076293945,46.29750061035156,39.03422927856445,243200,0.0,0.0
2004-12-10,46.75,47.29999923706055,44.33250045776367,45.005001068115234,37.94451141357422,71460,0.0,0.0
2004-12-13,45.45000076293945,46.54999923706055,45.45000076293945,45.94499969482422,38.737037658691406,94400,0.0,0.0
2004-12-14,47.0,48.0,45.60499954223633,46.68999862670898,39.36516189575195,150920,0.0,0.0
2004-12-15,46.75,47.47249984741211,45.04999923706055,45.48249816894531,38.34708786010742,82680,0.0,0.0
2004-12-16,46.0,51.5,45.5,49.96500015258789,42.12636947631836,655560,0.0,0.0
2004-12-17,51.0,51.97499847412109,48.86249923706055,50.977500915527344,42.98003005981445,423860,0.0,0.0
2004-12-20,50.0,55.25,50.0,52.23249816894531,44.03814315795898,515000,0.0,0.0
2004-12-21,52.5,52.84999847412109,51.75,52.165000915527344,43.981239318847656,238460,0.0,0.0
2004-12-22,51.75,52.0,49.0,49.71749877929688,41.91770553588867,109560,0.0,0.0
2004-12-23,49.95000076293945,52.470001220703125,49.54999923706055,50.03749847412109,42.1874885559082,153560,0.0,0.0
2004-12-24,51.0,52.0,50.04999923706055,50.772499084472656,42.80718994140625,69060,0.0,0.0
2004-12-27,50.51750183105469,52.0,50.0,50.84999847412109,42.87252807617188,108700,0.0,0.0
2004-12-28,51.5,52.5,50.04999923706055,50.34749984741211,42.44887161254883,151300,0.0,0.0
2004-12-29,51.0,51.75,49.650001525878906,50.3125,42.41935729980469,164180,0.0,0.0
2004-12-30,51.0,51.0,49.057498931884766,49.5625,41.78701400756836,101260,0.0,0.0
2004-12-31,50.0,51.25,49.650001525878906,50.34999847412109,42.45097351074219,95580,0.0,0.0
2005-01-03,50.0,51.20000076293945,49.0,49.435001373291016,41.67952728271485,58140,0.0,0.0
2005-01-04,50.0,51.17499923706055,48.25,50.48500061035156,42.56480026245117,309600,0.0,0.0
2005-01-05,48.82749938964844,52.25,47.5,48.747501373291016,41.099884033203125,230200,0.0,0.0
2005-01-06,48.997501373291016,49.900001525878906,47.505001068115234,48.022499084472656,40.48862457275391,78020,0.0,0.0
2005-01-07,45.13999938964844,48.75,45.13999938964844,47.55500030517578,40.09446716308594,335360,0.0,0.0
2005-01-10,48.5,49.70000076293945,47.602500915527344,48.432498931884766,40.83428955078125,121240,0.0,0.0
2005-01-11,48.75249862670898,48.98749923706055,46.0,46.56499862670898,39.25977325439453,191580,0.0,0.0
2005-01-12,47.5,47.5,45.0,45.095001220703125,38.02039337158203,172120,0.0,0.0
2005-01-13,46.5,47.75,45.75,46.8125,39.468448638916016,62220,0.0,0.0
2005-01-14,46.400001525878906,48.040000915527344,46.400001525878906,46.852500915527344,39.502174377441406,74020,0.0,0.0
2005-01-17,45.0,47.5,45.0,46.27999877929688,39.01948165893555,20540,0.0,0.0
2005-01-18,47.04999923706055,48.79999923706055,46.95000076293945,47.42250061035156,39.98273849487305,107120,0.0,0.0
2005-01-19,45.25,49.25,45.25,48.119998931884766,40.57082748413086,595080,0.0,0.0
2005-01-20,48.25,48.5,47.06499862670898,47.4474983215332,40.00382614135742,91400,0.0,0.0
2005-01-24,46.400001525878906,48.5,46.400001525878906,47.095001220703125,39.70661926269531,58640,0.0,0.0
2005-01-25,47.34999847412109,47.34999847412109,46.25,46.61750030517578,39.30403518676758,36520,0.0,0.0
2005-01-27,48.994998931884766,48.994998931884766,46.70000076293945,46.994998931884766,39.62231063842773,57120,0.0,0.0
2005-01-28,49.400001525878906,49.400001525878906,45.25,46.057498931884766,38.83188247680664,199560,0.0,0.0
2005-01-31,46.0,46.70000076293945,44.0,44.75,37.72951126098633,94660,0.0,0.0
2005-02-01,44.900001525878906,46.04999923706055,44.400001525878906,45.65499877929688,38.49254608154297,54660,0.0,0.0
2005-02-02,45.70000076293945,45.70000076293945,44.84999847412109,45.09999847412109,38.14994430541992,1071260,0.15,0.0
2005-02-03,46.5,46.75,45.75,46.522499084472656,39.35322952270508,104360,0.0,0.0
2005-02-04,47.04999923706055,50.25,47.0,49.54499816894531,41.909950256347656,391740,0.0,0.0
2005-02-07,50.29999923706055,54.0,50.29999923706055,52.5,44.40958786010742,336480,0.0,0.0
2005-02-08,53.09999847412109,54.95000076293945,52.50249862670898,54.19499969482422,45.84339141845703,622140,0.0,0.0
2005-02-09,54.34999847412109,58.0,50.94499969482422,56.78499984741211,48.03424453735352,751940,0.0,0.0
2005-02-10,56.47499847412109,56.7400016784668,54.29999923706055,55.78749847412109,47.190467834472656,186060,0.0,0.0
2005-02-11,56.494998931884766,57.400001525878906,56.05500030517578,56.442501068115234,47.74454498291016,226680,0.0,0.0
2005-02-14,58.5,58.5,54.255001068115234,54.54750061035156,46.14155578613281,118160,0.0,0.0
2005-02-15,52.75,56.0,52.54999923706055,53.900001525878906,45.593841552734375,152780,0.0,0.0
2005-02-16,53.5,54.400001525878906,52.44499969482422,52.532501220703125,44.43706893920898,94400,0.0,0.0
2005-02-17,52.45000076293945,52.900001525878906,50.75,51.84999847412109,43.8597526550293,79040,0.0,0.0
2005-02-18,52.0,52.09999847412109,50.79999923706055,51.02000045776367,43.15766525268555,43080,0.0,0.0
2005-02-21,51.25,51.75,50.20000076293945,50.622501373291016,42.82140350341797,20200,0.0,0.0
2005-02-22,51.400001525878906,52.25,50.45000076293945,51.97999954223633,43.96971893310547,33080,0.0,0.0
2005-02-23,53.5,53.5,51.04999923706055,51.44499969482422,43.51716232299805,26240,0.0,0.0
2005-02-24,51.525001525878906,52.20000076293945,51.0,51.34749984741211,43.434688568115234,72540,0.0,0.0
2005-02-25,51.5,51.95000076293945,51.0,51.50749969482422,43.57003784179688,57640,0.0,0.0
2005-02-28,51.95000076293945,52.73500061035156,51.5,52.48749923706055,44.39901351928711,74100,0.0,0.0
2005-03-01,53.75,53.75,51.209999084472656,52.067501068115234,44.04374313354492,257680,0.0,0.0
2005-03-02,52.0,54.25,52.0,53.4474983215332,45.21106719970703,34920,0.0,0.0
2005-03-03,53.95000076293945,54.497501373291016,53.12749862670898,53.86249923706055,45.562110900878906,57020,0.0,0.0
2005-03-04,53.0,54.20000076293945,50.75,53.352500915527344,45.13071823120117,81680,0.0,0.0
2005-03-07,50.79999923706055,56.900001525878906,50.79999923706055,53.907501220703125,45.60018539428711,158860,0.0,0.0
2005-03-08,54.0,56.5,54.0,54.60499954223633,46.19020462036133,149220,0.0,0.0
2005-03-09,54.98500061035156,54.98500061035156,51.33000183105469,52.869998931884766,44.72257232666016,91060,0.0,0.0
2005-03-10,53.0,54.497501373291016,53.0,54.150001525878906,45.80531692504883,48140,0.0,0.0
2005-03-11,53.900001525878906,54.45000076293945,53.0,53.334999084472656,45.11591720581055,52760,0.0,0.0
2005-03-14,54.0,54.0,52.0,52.60749816894531,44.50052261352539,25980,0.0,0.0
2005-03-15,52.5,53.0,51.75,52.5,44.40958786010742,33120,0.0,0.0
2005-03-16,52.40250015258789,54.25,52.255001068115234,52.55500030517578,44.45610809326172,43840,0.0,0.0
2005-03-17,54.25,54.25,51.75,52.0,43.98663711547852,299840,0.0,0.0
2005-03-18,52.25,52.400001525878906,51.0,51.73749923706055,43.76458358764648,50620,0.0,0.0
2005-03-21,52.5,52.5,50.75,50.9900016784668,43.13228225708008,55340,0.0,0.0
2005-03-22,50.59999847412109,51.25,50.0,50.12749862670898,42.40270233154297,124860,0.0,0.0
2005-03-23,51.744998931884766,51.744998931884766,49.25,49.68999862670898,42.03261947631836,59340,0.0,0.0
2005-03-24,48.84999847412109,49.0,47.5,48.682498931884766,41.18038558959961,53240,0.0,0.0
2005-03-28,49.84999847412109,49.84999847412109,48.15499877929688,48.45500183105469,40.98793411254883,18700,0.0,0.0
2005-03-29,49.44499969482422,49.44499969482422,47.5,48.06999969482422,40.662254333496094,45200,0.0,0.0
2005-03-30,47.55500030517578,48.72999954223633,47.55500030517578,48.29999923706055,40.8568229675293,19540,0.0,0.0
2005-03-31,49.25,49.79999923706055,48.755001068115234,49.01750183105469,41.4637451171875,36080,0.0,0.0
2005-04-01,50.397499084472656,50.5,49.54999923706055,49.83000183105469,42.15103912353516,13520,0.0,0.0
2005-04-04,50.11249923706055,50.494998931884766,48.5,48.75,41.23746871948242,54500,0.0,0.0
2005-04-05,49.5,49.5,47.76250076293945,47.88750076293945,40.50789642333984,33720,0.0,0.0
2005-04-06,48.747501373291016,48.95000076293945,47.5525016784668,48.04750061035156,40.64323806762695,18020,0.0,0.0
2005-04-07,49.400001525878906,53.5,49.400001525878906,52.505001068115234,44.41381072998047,152800,0.0,0.0
2005-04-08,50.75,53.150001525878906,50.20000076293945,50.65250015258789,42.84678649902344,222740,0.0,0.0
2005-04-11,51.75,51.75,50.0,50.505001068115234,42.72201919555664,120760,0.0,0.0
2005-04-12,51.150001525878906,51.22249984741211,50.0,50.22999954223633,42.48939895629883,51420,0.0,0.0
2005-04-13,51.23500061035156,51.25,49.657501220703125,49.99250030517578,42.28850555419922,58800,0.0,0.0
2005-04-15,48.20500183105469,49.994998931884766,48.20500183105469,49.5,41.87189483642578,46180,0.0,0.0
2005-04-18,53.0,53.0,48.505001068115234,49.52000045776367,41.88880920410156,66640,0.0,0.0
2005-04-19,50.0,50.45000076293945,49.5,50.0,42.29484939575195,188060,0.0,0.0
2005-04-20,49.25,49.84999847412109,48.0,49.36249923706055,41.75558090209961,64640,0.0,0.0
2005-04-21,52.400001525878906,52.400001525878906,48.900001525878906,49.977500915527344,42.27581024169922,51740,0.0,0.0
2005-04-22,50.0,50.70000076293945,49.70000076293945,50.45000076293945,42.67550277709961,30940,0.0,0.0
2005-04-25,50.40999984741211,51.0,50.40999984741211,50.91249847412109,43.06673049926758,68260,0.0,0.0
2005-04-26,50.5,50.70000076293945,49.5,49.90999984741211,42.218711853027344,171220,0.0,0.0
2005-04-27,49.75,49.75,49.0,49.43999862670898,41.82114791870117,7380,0.0,0.0
2005-04-28,49.04999923706055,49.25,48.619998931884766,48.78749847412109,41.26920318603516,5080,0.0,0.0
2005-04-29,49.5,49.95000076293945,48.2599983215332,48.75249862670898,41.23957824707031,3740,0.0,0.0
2005-05-02,47.54999923706055,49.150001525878906,46.602500915527344,47.5,40.18010711669922,37380,0.0,0.0
2005-05-03,47.400001525878906,48.0,46.75,47.14500045776367,39.87981796264648,30860,0.0,0.0
2005-05-04,47.25,48.0,47.10499954223633,47.807498931884766,40.440216064453125,26180,0.0,0.0
2005-05-05,48.4474983215332,48.75,48.125,48.2400016784668,40.80606460571289,24760,0.0,0.0
2005-05-06,50.994998931884766,50.994998931884766,47.900001525878906,48.122501373291016,40.70665740966797,27280,0.0,0.0
2005-05-09,48.75,49.5,48.54999923706055,49.19499969482422,41.613895416259766,53660,0.0,0.0
2005-05-10,49.0,50.23749923706055,49.0,49.97999954223633,42.27791976928711,17580,0.0,0.0
2005-05-11,49.5,51.400001525878906,49.5,50.79499816894531,42.96733474731445,76900,0.0,0.0
2005-05-12,49.34999847412109,51.400001525878906,49.34999847412109,50.84749984741211,43.01173782348633,101900,0.0,0.0
2005-05-13,50.255001068115234,51.54999923706055,50.255001068115234,50.8650016784668,43.02655029296875,19020,0.0,0.0
2005-05-16,51.09249877929688,51.497501373291016,50.54999923706055,51.20000076293945,43.30993270874024,34480,0.0,0.0
2005-05-17,51.20000076293945,52.0,51.0,51.51750183105469,43.57849884033203,38380,0.0,0.0
2005-05-18,51.09999847412109,51.09999847412109,49.400001525878906,49.720001220703125,42.0579948425293,8840,0.0,0.0
2005-05-19,49.84999847412109,50.900001525878906,49.54999923706055,50.11249923706055,42.39001083374024,9200,0.0,0.0
2005-05-20,50.04999923706055,50.25,48.77750015258789,50.1775016784668,42.44499969482422,20240,0.0,0.0
2005-05-23,49.5,49.84999847412109,49.0,49.3025016784668,41.70483016967773,4220,0.0,0.0
2005-05-24,49.0,49.72499847412109,48.11000061035156,48.39500045776367,40.93718338012695,40140,0.0,0.0
2005-05-25,49.5,49.5,48.59999847412109,49.04750061035156,41.48912811279297,149640,0.0,0.0
2005-05-26,48.650001525878906,49.400001525878906,48.59999847412109,49.025001525878906,41.4700927734375,24260,0.0,0.0
2005-05-27,49.0,50.20000076293945,48.95000076293945,49.00249862670898,41.45106887817383,63120,0.0,0.0
2005-05-30,50.5,50.5,49.0,49.432498931884766,41.81481170654297,54360,0.0,0.0
2005-05-31,50.75,51.400001525878906,49.0099983215332,49.459999084472656,41.83805847167969,25380,0.0,0.0
2005-06-01,50.0,50.0,49.0,49.29999923706055,41.70272445678711,51920,0.0,0.0
2005-06-02,49.900001525878906,49.900001525878906,48.75,48.78749847412109,41.26920318603516,13540,0.0,0.0
2005-06-03,49.0,49.5,48.852500915527344,48.852500915527344,41.324180603027344,3460,0.0,0.0
2005-06-06,49.45000076293945,51.0,49.45000076293945,50.01750183105469,42.30963516235352,97520,0.0,0.0
2005-06-07,50.70000076293945,50.70000076293945,49.525001525878906,49.97499847412109,42.2736930847168,47620,0.0,0.0
2005-06-08,51.0,51.0,48.75,50.50749969482422,42.7241325378418,748700,0.0,0.0
2005-06-09,51.0,52.75,50.54999923706055,52.17250061035156,44.13254165649414,139300,0.0,0.0
2005-06-10,52.0,52.5,50.712501525878906,51.19499969482422,43.3056869506836,24260,0.0,0.0
2005-06-13,51.75,51.75,50.17499923706055,50.50249862670898,42.71990966796875,8740,0.0,0.0
2005-06-14,52.494998931884766,52.494998931884766,50.20000076293945,50.807498931884766,42.977909088134766,16120,0.0,0.0
2005-06-15,52.25,52.43999862670898,50.29999923706055,52.04999923706055,44.02893829345703,70640,0.0,0.0
2005-06-16,52.04999923706055,52.5,50.5,52.182498931884766,44.14101409912109,701440,0.0,0.0
2005-06-17,51.00249862670898,52.0,51.0,51.02999877929688,43.166114807128906,46460,0.0,0.0
2005-06-20,50.54999923706055,51.5,48.81999969482422,51.04999923706055,43.18303680419922,60000,0.0,0.0
2005-06-21,49.25,52.20000076293945,49.25,50.79750061035156,42.96944808959961,12660,0.0,0.0
2005-06-22,51.45000076293945,52.650001525878906,51.45000076293945,52.38999938964844,44.3165397644043,118640,0.0,0.0
2005-06-23,52.70000076293945,53.5,51.61249923706055,52.5525016784668,44.4539909362793,95040,0.0,0.0
2005-06-24,52.5,53.247501373291016,51.0,51.31499862670898,43.40720748901367,36280,0.0,0.0
2005-06-27,51.25,52.0,50.5,50.897499084472656,43.05403137207031,27360,0.0,0.0
2005-06-28,50.79999923706055,51.1875,50.307498931884766,51.03749847412109,43.17245101928711,15760,0.0,0.0
2005-06-29,49.79999923706055,50.5,49.650001525878906,49.84000015258789,42.15950775146485,57360,0.0,0.0
2005-06-30,50.25,52.494998931884766,49.54999923706055,50.837501525878906,43.00327682495117,75340,0.0,0.0
2005-07-01,49.70000076293945,51.20000076293945,49.70000076293945,50.30500030517578,42.5528450012207,19640,0.0,0.0
2005-07-04,50.00249862670898,53.75,50.00249862670898,52.30500030517578,44.24463653564453,130100,0.0,0.0
2005-07-05,52.45000076293945,52.505001068115234,51.26250076293945,51.435001373291016,43.50871658325195,20620,0.0,0.0
2005-07-06,51.54999923706055,52.70000076293945,51.54999923706055,52.317501068115234,44.25520706176758,8160,0.0,0.0
2005-07-07,52.5,52.5,51.5,51.602500915527344,43.650386810302734,64360,0.0,0.0
2005-07-08,52.39500045776367,53.43999862670898,51.775001525878906,52.48249816894531,44.394775390625,19120,0.0,0.0
2005-07-11,53.70000076293945,56.84999847412109,52.54999923706055,55.98749923706055,47.35965347290039,79120,0.0,0.0
2005-07-12,56.20000076293945,56.5,55.0,55.86000061035156,47.25179672241211,54380,0.0,0.0
2005-07-13,56.900001525878906,56.95000076293945,55.54999923706055,56.2599983215332,47.59016036987305,62440,0.0,0.0
2005-07-14,53.25,56.744998931884766,53.25,56.3650016784668,47.67898178100586,20940,0.0,0.0
2005-07-15,56.5,60.0,56.25,59.70750045776367,50.50638961791992,74560,0.0,0.0
2005-07-18,60.25,60.25,58.0,59.4900016784668,50.32241439819336,115440,0.0,0.0
2005-07-19,60.95000076293945,61.0,58.0,58.282501220703125,49.30098342895508,53240,0.0,0.0
2005-07-20,58.95000076293945,59.5,58.25,59.47499847412109,50.30970764160156,70020,0.0,0.0
2005-07-21,58.275001525878906,59.47499847412109,58.25,58.29999923706055,49.31578063964844,36040,0.0,0.0
2005-07-22,57.40999984741211,64.5,57.40250015258789,61.182498931884766,51.75408172607422,46980,0.0,0.0
2005-07-25,57.55500030517578,62.20000076293945,57.55500030517578,60.02999877929688,50.77918243408203,49260,0.0,0.0
2005-07-26,59.2599983215332,59.54999923706055,58.29999923706055,58.6974983215332,49.65203475952149,34320,0.0,0.0
2005-07-27,59.75,59.75,58.192501068115234,58.40999984741211,49.408836364746094,1480,0.0,0.0
2005-07-28,58.40999984741211,58.40999984741211,58.40999984741211,58.40999984741211,49.408836364746094,0,0.0,0.0
2005-07-29,58.25,58.25249862670898,56.59999847412109,56.97499847412109,48.19497680664063,38960,0.0,0.0
2005-08-01,56.29999923706055,56.79999923706055,54.5,55.35499954223633,46.98956298828125,20920,0.2,0.0
2005-08-02,54.62749862670898,55.98749923706055,54.5,55.59000015258789,47.18904113769531,42580,0.0,0.0
2005-08-03,56.5,56.95000076293945,54.5,55.74250030517578,47.31850814819336,29560,0.0,0.0
2005-08-04,56.42499923706055,59.95000076293945,56.25,58.29999923706055,49.489505767822266,45760,0.0,0.0
2005-08-05,58.84999847412109,60.5,58.75,60.22249984741211,51.12148284912109,140400,0.0,0.0
2005-08-08,61.5,61.5,60.00249862670898,60.66249847412109,51.49496841430664,80780,0.0,0.0
2005-08-09,60.125,62.6150016784668,60.0,61.212501525878906,51.96186447143555,58300,0.0,0.0
2005-08-10,61.70000076293945,63.0,60.75,61.69499969482422,52.37144470214844,117540,0.0,0.0
2005-08-11,61.95000076293945,65.0,60.26250076293945,64.07250213623047,54.38965225219727,105560,0.0,0.0
2005-08-12,64.0,64.0,61.25,62.994998931884766,53.47498321533203,36060,0.0,0.0
2005-08-16,64.0,65.5,63.0,65.31749725341797,55.44649887084961,161080,0.0,0.0
2005-08-17,65.99749755859375,66.5,64.75499725341797,66.29750061035156,56.278411865234375,72260,0.0,0.0
2005-08-18,66.0999984741211,66.22250366210938,64.00250244140625,64.31999969482422,54.59974670410156,33900,0.0,0.0
2005-08-19,66.9000015258789,66.9000015258789,64.55249786376953,65.56749725341797,55.65871047973633,99920,0.0,0.0
2005-08-22,66.55000305175781,68.49500274658203,66.50250244140625,66.82499694824219,56.726192474365234,183480,0.0,0.0
2005-08-23,67.4000015258789,67.4000015258789,64.30000305175781,64.9749984741211,55.15575408935547,25640,0.0,0.0
2005-08-24,65.0,65.0,60.79999923706055,61.587501525878906,52.28018951416016,71600,0.0,0.0
2005-08-25,62.25,63.34999847412109,61.5,62.98249816894531,53.464385986328125,93580,0.0,0.0
2005-08-26,64.4000015258789,64.94999694824219,61.06499862670898,64.19000244140625,54.48939514160156,52700,0.0,0.0
2005-08-29,65.25,69.0,65.23999786376953,67.48999786376953,57.29067993164063,90660,0.0,0.0
2005-08-30,68.0,71.0,67.5,69.27249908447266,58.803802490234375,106380,0.0,0.0
2005-08-31,69.5,70.24500274658203,68.5,69.29750061035156,58.82503509521485,56500,0.0,0.0
2005-09-01,69.94750213623047,75.0,69.94750213623047,71.24749755859375,60.4803352355957,178560,0.0,0.0
2005-09-02,74.49500274658203,74.49500274658203,71.25,72.09750366210938,61.20187759399414,122400,0.0,0.0
2005-09-05,73.49749755859375,74.1500015258789,72.0999984741211,72.87249755859375,61.85973739624024,80740,0.0,0.0
2005-09-06,73.75,76.24500274658203,73.75,75.82250213623047,64.36393737792969,109360,0.0,0.0
2005-09-08,76.75,78.9000015258789,74.55000305175781,74.98750305175781,63.65514755249024,54320,0.0,0.0
2005-09-09,74.0,75.69999694824219,72.05999755859375,73.13249969482422,62.08047866821289,48740,0.0,0.0
2005-09-12,74.0,76.25,73.75,74.3125,63.082157135009766,77320,0.0,0.0
2005-09-13,74.5,76.24500274658203,73.94999694824219,75.30500030517578,63.92464828491211,729000,0.0,0.0
2005-09-14,74.4000015258789,76.0,73.75250244140625,73.94000244140625,62.76595687866211,59620,0.0,0.0
2005-09-15,74.0,75.25,73.75,74.28500366210938,63.058815002441406,29960,0.0,0.0
2005-09-16,75.00499725341797,76.25,74.75,74.98249816894531,63.65088653564453,124200,0.0,0.0
2005-09-19,75.5,75.75,74.25,75.03500366210938,63.69546508789063,41980,0.0,0.0
2005-09-20,74.0,75.48999786376953,73.75,74.48249816894531,63.22646713256836,54280,0.0,0.0
2005-09-21,73.9000015258789,75.0,70.5,72.43250274658203,61.48627471923828,258860,0.0,0.0
2005-09-22,72.5,72.9000015258789,68.10250091552734,68.90499877929688,58.49184036254883,48680,0.0,0.0
2005-09-23,70.49500274658203,70.49500274658203,64.25,66.13249969482422,56.13833618164063,83840,0.0,0.0
2005-09-26,67.19999694824219,72.94999694824219,66.10250091552734,70.11750030517578,59.52113342285156,136660,0.0,0.0
2005-09-27,70.75,71.94999694824219,70.21499633789062,70.50749969482422,59.8521728515625,51400,0.0,0.0
2005-09-28,68.8499984741211,72.5,68.8499984741211,70.54499816894531,59.88400650024414,224660,0.0,0.0
2005-09-29,71.0,72.47000122070312,71.0,72.05000305175781,61.16156768798828,19300,0.0,0.0
2005-09-30,74.77249908447266,74.77249908447266,70.0,72.44499969482422,61.49686050415039,59180,0.0,0.0
2005-10-03,74.5,74.94999694824219,72.5,73.31999969482422,62.23964691162109,25900,0.0,0.0
2005-10-04,75.0,75.0,73.75,74.38249969482422,63.14157485961914,59460,0.0,0.0
2005-10-05,73.9000015258789,75.75,72.76750183105469,73.8375015258789,62.678932189941406,60420,0.0,0.0
2005-10-06,75.0,75.07250213623047,73.8499984741211,74.75499725341797,63.45777130126953,94600,0.0,0.0
2005-10-07,73.7750015258789,74.5,73.75,74.09500122070312,62.89753341674805,57780,0.0,0.0
2005-10-10,75.0,76.24500274658203,74.25,75.35749816894531,63.96920394897461,46840,0.0,0.0
2005-10-11,73.9000015258789,75.05000305175781,73.25,73.87000274658203,62.70653533935547,29980,0.0,0.0
2005-10-13,77.25,77.47250366210938,73.75499725341797,74.69999694824219,63.411109924316406,15460,0.0,0.0
2005-10-14,75.3499984741211,75.3499984741211,69.94999694824219,71.0,60.27025604248047,49200,0.0,0.0
2005-10-17,68.55500030517578,71.94999694824219,68.55000305175781,68.82250213623047,58.42181396484375,26660,0.0,0.0
2005-10-18,71.0,71.0,68.0,70.57250213623047,59.9073600769043,23080,0.0,0.0
2005-10-19,70.0,71.0,69.10749816894531,69.19499969482422,58.73801803588867,63760,0.0,0.0
2005-10-20,67.5,71.6500015258789,66.4000015258789,67.44249725341797,57.25035858154297,47280,0.0,0.0
2005-10-21,67.3499984741211,67.75,64.57749938964844,66.17500305175781,56.17442321777344,59080,0.0,0.0
2005-10-24,68.75,68.75,66.94999694824219,67.51249694824219,57.30978012084961,24220,0.0,0.0
2005-10-25,66.75,68.6500015258789,66.75,68.23249816894531,57.92097473144531,3580,0.0,0.0
2005-10-26,68.4000015258789,68.4000015258789,66.5,66.80249786376953,56.70708084106445,10620,0.0,0.0
2005-10-27,66.5,68.0,66.5,67.59750366210938,57.3819580078125,32400,0.0,0.0
2005-10-28,67.5,67.5,66.80000305175781,66.91000366210938,56.79834365844727,34860,0.0,0.0
2005-10-31,67.0,68.0,66.0,66.59500122070312,56.74296569824219,80640,0.25,0.0
2005-11-02,67.5,69.98750305175781,67.49749755859375,69.30999755859375,59.05628967285156,23040,0.0,0.0
2005-11-04,69.30999755859375,69.30999755859375,69.30999755859375,69.30999755859375,59.05628967285156,0,0.0,0.0
2005-11-07,69.94999694824219,70.9000015258789,66.5,67.9574966430664,57.90389251708984,83120,0.0,0.0
2005-11-08,68.9124984741211,68.9124984741211,67.0,68.3125,58.20635223388672,201940,0.0,0.0
2005-11-09,68.5,68.5,64.0,64.81749725341797,55.228424072265625,288520,0.0,0.0
2005-11-10,66.49749755859375,68.6449966430664,65.75,66.56500244140625,56.71739196777344,222640,0.0,0.0
2005-11-11,67.0,72.25,67.0,71.5824966430664,60.992584228515625,125980,0.0,0.0
2005-11-14,74.0,74.0,70.25,70.57250213623047,60.13203811645508,120880,0.0,0.0
2005-11-16,73.8499984741211,75.5,71.30000305175781,74.91000366210938,63.827857971191406,130560,0.0,0.0
2005-11-17,75.49500274658203,79.63249969482422,74.80000305175781,79.11750030517578,67.41287231445312,152120,0.0,0.0
2005-11-18,79.5,80.75,77.25499725341797,79.01000213623047,67.32130432128906,95760,0.0,0.0
2005-11-21,79.94999694824219,80.0,77.07499694824219,78.4800033569336,66.86968231201172,110900,0.0,0.0
2005-11-22,77.6500015258789,79.5,77.6500015258789,78.09249877929688,66.53949737548828,36360,0.0,0.0
2005-11-23,77.35250091552734,79.24500274658203,77.35250091552734,78.3125,66.72698211669922,13180,0.0,0.0
2005-11-24,79.75,79.75,78.13999938964844,78.69999694824219,67.05715942382812,237440,0.0,0.0
2005-11-25,78.75,79.5,77.5,78.51750183105469,66.90164184570312,66860,0.0,0.0
2005-11-28,81.26249694824219,82.5,78.0,78.37750244140625,66.78236389160156,39600,0.0,0.0
2005-11-29,78.0999984741211,78.99500274658203,76.25,76.70500183105469,65.35728454589844,36020,0.0,0.0
2005-11-30,78.99500274658203,78.99500274658203,77.0,77.49250030517578,66.02828979492188,189220,0.0,0.0
2005-12-01,77.0,78.84500122070312,76.625,78.36000061035156,66.7674560546875,23460,0.0,0.0
2005-12-02,78.5,79.0,78.0,78.69750213623047,67.05503845214844,46640,0.0,0.0
2005-12-05,78.5,78.5,75.00250244140625,75.81999969482422,64.60318756103516,116680,0.0,0.0
2005-12-06,78.74500274658203,78.74500274658203,75.25250244140625,76.1449966430664,64.88011932373047,64720,0.0,0.0
2005-12-07,76.5,76.75,75.55500030517578,75.93250274658203,64.69905853271484,217940,0.0,0.0
2005-12-08,77.19999694824219,77.22000122070312,76.0,76.0425033569336,64.79277801513672,64840,0.0,0.0
2005-12-09,76.25,77.25,75.75749969482422,76.34249877929688,65.04841613769531,121040,0.0,0.0
2005-12-12,77.19249725341797,77.24500274658203,76.01000213623047,76.70500183105469,65.35728454589844,46380,0.0,0.0
2005-12-13,76.5999984741211,78.0,76.44999694824219,77.32250213623047,65.8834457397461,79900,0.0,0.0
2005-12-14,77.25,77.44750213623047,76.0,76.79000091552734,65.42971801757812,37860,0.0,0.0
2005-12-15,77.0,77.49749755859375,73.92500305175781,74.27999877929688,63.2910270690918,121480,0.0,0.0
2005-12-16,75.66500091552734,75.74749755859375,73.61499786376953,74.40499877929688,63.39754486083984,24620,0.0,0.0
2005-12-19,75.16999816894531,75.25,73.75,74.44000244140625,63.4273567199707,56320,0.0,0.0
2005-12-20,73.80249786376953,75.44999694824219,73.5,74.82250213623047,63.75329208374024,55380,0.0,0.0
2005-12-21,75.0,76.48750305175781,74.05000305175781,75.59249877929688,64.40937805175781,136100,0.0,0.0
2005-12-22,76.9000015258789,76.9000015258789,73.75,74.89250183105469,63.81295394897461,61340,0.0,0.0
2005-12-23,74.5,75.0,73.75,74.27999877929688,63.2910270690918,77360,0.0,0.0
2005-12-26,74.6500015258789,75.48750305175781,73.9000015258789,74.70500183105469,63.65317535400391,125360,0.0,0.0
2005-12-27,74.99749755859375,85.0,74.51249694824219,79.6624984741211,67.87725067138672,336480,0.0,0.0
2005-12-28,80.0,80.0,77.80999755859375,79.5199966430664,67.75584411621094,64200,0.0,0.0
2005-12-29,79.94999694824219,79.94999694824219,78.8550033569336,79.47250366210938,67.71538543701172,312580,0.0,0.0
2005-12-30,78.82499694824219,82.49500274658203,78.75,81.26499938964844,69.24268341064453,43640,0.0,0.0
2006-01-02,81.30000305175781,81.74500274658203,79.05000305175781,79.2925033569336,67.56200408935547,22680,0.0,0.0
2006-01-03,79.1500015258789,82.44999694824219,79.1500015258789,82.06500244140625,69.92430877685547,95020,0.0,0.0
2006-01-04,82.5,84.74500274658203,82.5,84.08499908447266,71.64549255371094,179280,0.0,0.0
2006-01-05,84.8949966430664,86.5,82.67500305175781,84.6449966430664,72.12264251708984,57820,0.0,0.0
2006-01-06,83.9000015258789,84.9000015258789,83.5,84.61000061035156,72.0927963256836,42960,0.0,0.0
2006-01-09,84.5,85.0,82.75499725341797,82.93499755859375,70.66564178466797,30440,0.0,0.0
2006-01-10,84.0,87.59750366210938,82.5,85.19499969482422,72.59126281738281,70960,0.0,0.0
2006-01-12,85.0,89.75,85.0,88.40499877929688,75.32638549804688,98800,0.0,0.0
2006-01-13,89.95500183105469,92.37249755859376,88.0,91.62249755859376,78.06788635253906,100000,0.0,0.0
2006-01-16,91.25,93.4000015258789,89.80500030517578,93.0425033569336,79.27782440185547,21760,0.0,0.0
2006-01-17,93.0999984741211,93.5,91.0500030517578,92.75,79.02860260009766,245660,0.0,0.0
2006-01-18,92.8000030517578,92.8000030517578,87.9625015258789,89.18250274658203,75.9888687133789,22340,0.0,0.0
2006-01-19,90.0,94.0500030517578,90.0,92.63249969482422,78.92849731445312,64560,0.0,0.0
2006-01-20,93.1500015258789,94.0,90.50499725341795,92.78500366210938,79.05841827392578,52180,0.0,0.0
2006-01-23,89.57749938964844,92.9499969482422,89.57749938964844,91.63249969482422,78.07640838623047,39780,0.0,0.0
2006-01-24,91.5999984741211,92.75,90.1999969482422,91.06500244140624,77.59286499023438,20260,0.0,0.0
2006-01-25,92.0,94.0,90.75,93.54000091552734,79.70172119140625,25480,0.0,0.0
2006-01-27,94.5,94.5,91.60250091552734,92.26750183105467,78.6174545288086,16400,0.0,0.0
2006-01-30,92.5,93.5,91.0,92.50499725341795,78.8198471069336,230040,0.0,0.0
2006-01-31,92.5,93.0,87.5999984741211,90.2375030517578,76.88780212402344,56260,0.0,0.0
2006-02-01,92.25,92.25,87.7874984741211,88.59750366210938,75.49042510986328,21180,0.0,0.0
2006-02-02,90.68250274658205,91.58499908447266,88.25,89.21749877929688,76.01872253417969,13000,0.0,0.0
2006-02-03,90.0,91.5,90.0,91.23999786376952,77.96044921875,94800,0.25,0.0
2006-02-06,91.0749969482422,96.25,91.0749969482422,94.81749725341795,81.01725006103516,183160,0.0,0.0
2006-02-07,95.24500274658205,96.75499725341795,94.52249908447266,95.1875,81.3333740234375,54200,0.0,0.0
2006-02-08,97.0,97.5,95.5,97.23249816894533,83.08077239990234,63020,0.0,0.0
2006-02-10,97.5,111.25,97.5,98.13999938964844,83.8561782836914,114320,0.0,0.0
2006-02-13,101.0,107.25,99.0,100.33499908447266,85.73170471191406,87960,0.0,0.0
2006-02-14,103.5250015258789,107.75499725341795,93.05999755859376,98.91000366210938,84.51410675048828,31440,0.0,0.0
2006-02-15,98.5,99.4250030517578,97.25,98.74500274658205,84.37312316894531,63260,0.0,0.0
2006-02-16,98.6999969482422,101.0,98.5,99.72000122070312,85.20621490478516,121780,0.0,0.0
2006-02-17,98.5,100.0,97.75499725341795,98.86000061035156,84.47138214111328,61640,0.0,0.0
2006-02-20,97.25,97.5,96.3000030517578,96.47750091552734,82.43563842773438,64740,0.0,0.0
2006-02-21,101.125,101.125,97.75,98.0500030517578,83.77926635742188,57980,0.0,0.0
2006-02-22,98.1500015258789,99.24500274658205,98.1500015258789,98.57250213623048,84.22572326660156,26460,0.0,0.0
2006-02-23,100.0,100.0,94.75,95.5999984741211,81.68588256835938,61000,0.0,0.0
2006-02-24,98.3000030517578,98.5,96.75,97.73500061035156,83.51011657714844,30520,0.0,0.0
2006-02-27,99.5,99.75,96.5,97.21749877929688,83.06793212890625,15840,0.0,0.0
2006-02-28,98.99749755859376,100.5,96.0999984741211,99.94499969482422,85.39846801757812,102480,0.0,0.0
2006-03-01,100.9499969482422,109.9499969482422,100.36750030517578,104.87999725341795,89.61518859863281,418960,0.0,0.0
2006-03-02,104.87999725341795,107.34249877929688,103.0250015258789,103.61000061035156,88.53004455566406,230420,0.0,0.0
2006-03-03,103.5,106.25,102.5,104.86750030517578,89.6045150756836,55880,0.0,0.0
2006-03-06,104.9000015258789,106.6500015258789,102.8000030517578,103.3625030517578,88.31858825683594,100660,0.0,0.0
2006-03-07,103.3625030517578,104.75,101.5,102.50499725341795,87.58586120605469,457520,0.0,0.0
2006-03-08,103.5,107.0,102.0500030517578,103.26000213623048,88.23099517822266,185460,0.0,0.0
2006-03-09,102.0500030517578,108.75,102.0,106.77249908447266,91.23226165771484,467100,0.0,0.0
2006-03-10,109.5,111.0,107.0,107.99500274658205,92.2768096923828,168900,0.0,0.0
2006-03-13,110.0,112.25,104.0,106.24749755859376,90.78368377685548,117100,0.0,0.0
2006-03-14,105.0500030517578,108.0,104.0,105.4375,90.091552734375,82060,0.0,0.0
2006-03-16,109.75,109.75,104.5,105.2074966430664,89.89503479003906,67060,0.0,0.0
2006-03-17,110.75,110.75,105.0,105.17250061035156,89.86512756347656,69120,0.0,0.0
2006-03-20,109.9499969482422,110.54499816894533,104.3000030517578,109.6125030517578,93.6589126586914,91100,0.0,0.0
2006-03-21,108.75,109.99749755859376,107.0,107.5425033569336,91.89020538330078,43740,0.0,0.0
2006-03-22,109.9000015258789,109.9000015258789,102.5500030517578,103.06500244140624,88.06437683105469,33320,0.0,0.0
2006-03-23,107.5,107.5,100.75,101.7074966430664,86.9044418334961,456880,0.0,0.0
2006-03-24,105.75,105.75,100.0,100.49749755859376,85.87055206298828,627500,0.0,0.0
2006-03-27,97.07749938964844,104.1500015258789,95.0,100.21499633789062,85.62916564941406,586120,0.0,0.0
2006-03-28,102.25,103.6999969482422,100.0,101.36000061035156,86.60753631591797,1480320,0.0,0.0
2006-03-29,103.6999969482422,107.49500274658205,101.25,104.51000213623048,89.2990493774414,115800,0.0,0.0
2006-03-30,100.57749938964844,109.5,100.57749938964844,107.33499908447266,91.7129135131836,59620,0.0,0.0
2006-03-31,106.0,108.9499969482422,106.0,108.1875,92.44132232666016,291220,0.0,0.0
2006-04-03,112.4499969482422,121.1999969482422,106.0,117.93000030517578,100.7658233642578,508200,0.0,0.0
2006-04-04,118.75,121.9499969482422,117.5,119.43000030517578,102.04751586914062,136980,0.0,0.0
2006-04-05,120.0,135.75,119.75,133.9499969482422,114.45418548583984,517020,0.0,0.0
2006-04-07,136.6999969482422,142.4250030517578,128.75,130.8975067138672,111.84597778320312,569960,0.0,0.0
2006-04-10,132.0,145.5,130.8975067138672,142.89999389648438,122.10157775878906,287440,0.0,0.0
2006-04-12,141.5500030517578,149.4499969482422,137.0124969482422,138.47999572753906,118.32484436035156,459780,0.0,0.0
2006-04-13,143.49000549316406,143.49000549316406,126.5,129.29750061035156,110.4788589477539,416060,0.0,0.0
2006-04-17,135.0,139.0,131.0,138.3625030517578,118.22450256347656,594940,0.0,0.0
2006-04-18,141.0,148.75,139.5,147.74249267578125,126.2392578125,755380,0.0,0.0
2006-04-19,150.5500030517578,154.25,143.75,149.0050048828125,127.31800842285156,920320,0.0,0.0
2006-04-20,150.9499969482422,153.75,149.25,152.07749938964844,129.9433135986328,411940,0.0,0.0
2006-04-21,154.75,161.7449951171875,147.5,157.48500061035156,134.5637969970703,598380,0.0,0.0
2006-04-24,161.0,162.39999389648438,151.0,155.0449981689453,132.47889709472656,370120,0.0,0.0
2006-04-25,150.02000427246094,158.89999389648438,147.29249572753906,147.6925048828125,126.19650268554688,235200,0.0,0.0
2006-04-26,154.0,154.5,146.60000610351562,151.6999969482422,129.6207733154297,337640,0.0,0.0
2006-04-27,152.89999389648438,157.5,152.5,155.06500244140625,132.49603271484375,230600,0.0,0.0
2006-04-28,148.0050048828125,154.5,148.0050048828125,150.32749938964844,128.447998046875,172340,0.0,0.0
2006-05-02,160.0,164.0,157.5,160.44500732421875,137.09298706054688,456800,0.0,0.0
2006-05-03,154.0,162.9499969482422,154.0,159.1824951171875,136.0142364501953,151600,0.0,0.0
2006-05-04,157.0,158.6475067138672,151.22500610351562,151.4375,129.396484375,113940,0.0,0.0
2006-05-05,151.4375,154.5,145.5,149.95249938964844,128.1276092529297,60000,0.0,0.0
2006-05-08,152.5,152.5,146.05499267578125,149.8074951171875,128.00369262695312,82420,0.0,0.0
2006-05-09,150.5,156.75,147.5,155.28500366210938,132.68399047851562,218520,0.0,0.0
2006-05-10,157.3000030517578,157.44000244140625,149.0500030517578,151.32000732421875,129.29608154296875,314060,0.0,0.0
2006-05-11,154.94749450683594,154.94749450683594,147.5,149.84249877929688,128.03359985351562,168620,0.0,0.0
2006-05-12,146.5,150.0,142.39999389648438,142.70249938964844,121.9328384399414,129280,0.0,0.0
2006-05-15,149.0,149.0,140.0,141.93499755859375,121.27701568603516,160280,0.0,0.0
2006-05-16,144.8249969482422,144.8249969482422,138.75250244140625,142.4875030517578,121.74909210205078,506760,0.0,0.0
2006-05-17,149.3975067138672,149.3975067138672,137.10000610351562,144.19500732421875,123.20807647705078,148720,0.0,0.0
2006-05-18,141.25,144.25,136.98500061035156,137.14500427246094,117.18415832519533,87080,0.0,0.0
2006-05-19,134.3000030517578,142.5,130.5,131.4550018310547,112.32234954833984,94120,0.0,0.0
2006-05-22,128.75,130.0,124.88249969482422,125.0500030517578,106.84955596923828,151120,0.0,0.0
2006-05-23,122.75499725341795,122.75499725341795,118.8000030517578,122.39749908447266,104.58309936523438,96340,0.0,0.0
2006-05-24,123.0,127.9749984741211,120.00499725341795,122.2925033569336,104.493408203125,53660,0.0,0.0
2006-05-25,122.5,124.84750366210938,116.25,121.81749725341795,104.08753967285156,73660,0.0,0.0
2006-05-26,123.6999969482422,127.91000366210938,122.5500030517578,125.62999725341795,107.34513092041016,90620,0.0,0.0
2006-05-29,127.5999984741211,131.25,120.5,125.64749908447266,107.3600845336914,108640,0.0,0.0
2006-05-30,127.5,131.92999267578125,125.5,127.0124969482422,108.5264129638672,218140,0.0,0.0
2006-05-31,125.0,125.0,120.6999969482422,120.6999969482422,103.1326904296875,62860,0.0,0.0
2006-06-01,123.9499969482422,123.9499969482422,114.6999969482422,115.56749725341795,98.74717712402344,74200,0.0,0.0
2006-06-02,113.75,117.3499984741211,109.79000091552734,116.49250030517578,99.53752899169922,191520,0.0,0.0
2006-06-05,118.0,118.25,114.25,117.5,100.39842987060548,171940,0.0,0.0
2006-06-06,114.00499725341795,114.99500274658205,111.625,111.625,95.37850189208984,97920,0.0,0.0
2006-06-07,106.25499725341795,110.6999969482422,106.04499816894533,106.04499816894533,90.61062622070312,23080,0.0,0.0
2006-06-08,100.74250030517578,100.75,100.74250030517578,100.74250030517578,86.07987976074219,135920,0.0,0.0
2006-06-09,95.7074966430664,105.77749633789062,95.7074966430664,105.77749633789062,90.3820571899414,306980,0.0,0.0
2006-06-12,109.5,111.72250366210938,98.5,106.02749633789062,90.5956802368164,76900,0.0,0.0
2006-06-13,96.44750213623048,103.5,95.4250030517578,95.4250030517578,81.53630828857422,111240,0.0,0.0
2006-06-14,97.5,99.9000015258789,87.25,88.38999938964844,75.52523040771484,111620,0.0,0.0
2006-06-15,91.25,97.2300033569336,91.20500183105467,96.02749633789062,82.05116271972656,78600,0.0,0.0
2006-06-16,97.5500030517578,105.5,97.5500030517578,103.9000015258789,88.77782440185547,81220,0.0,0.0
2006-06-19,98.0,112.0,98.0,108.94000244140624,93.08428955078124,77080,0.0,0.0
2006-06-20,108.9000015258789,110.0,101.33000183105467,107.92250061035156,92.21485137939452,82460,0.0,0.0
2006-06-21,108.5,113.0,108.5,109.80500030517578,93.82339477539062,682920,0.0,0.0
2006-06-22,110.00749969482422,114.94000244140624,109.0,110.18000030517578,94.14381408691406,189760,0.0,0.0
2006-06-23,109.0,114.5,107.5500030517578,114.09500122070312,97.48900604248048,38740,0.0,0.0
2006-06-26,115.0250015258789,120.0,110.0,110.54000091552734,94.451416015625,77280,0.0,0.0
2006-06-27,110.00250244140624,112.0,105.0500030517578,106.73500061035156,91.2002182006836,92740,0.0,0.0
2006-06-28,102.5500030517578,108.0,101.4000015258789,104.0199966430664,88.88036346435547,44560,0.0,0.0
2006-06-29,107.9000015258789,107.9000015258789,102.9000015258789,105.50499725341795,90.14923095703124,240940,0.0,0.0
2006-06-30,108.5,110.78250122070312,108.5,110.78250122070312,94.65862274169922,28180,0.0,0.0
2006-07-03,115.5,115.5999984741211,112.5500030517578,114.4749984741211,97.81368255615234,30240,0.0,0.0
2006-07-04,117.4499969482422,120.1999969482422,114.75,119.40750122070312,102.0282745361328,426440,0.0,0.0
2006-07-05,121.1999969482422,123.1999969482422,116.75,121.65249633789062,103.94654083251952,145180,0.0,0.0
2006-07-06,119.0,121.5,118.75,120.09750366210938,102.61786651611328,51540,0.0,0.0
2006-07-07,122.9000015258789,124.6999969482422,114.09249877929688,119.11750030517578,101.78048706054688,111540,0.0,0.0
2006-07-10,114.00250244140624,118.9000015258789,113.1999969482422,115.9749984741211,99.0953598022461,139600,0.0,0.0
2006-07-11,116.0,121.7750015258789,115.0,121.61499786376952,103.91448974609376,101420,0.0,0.0
2006-07-12,118.5,127.69750213623048,118.5,127.3499984741211,108.81481170654295,601220,0.0,0.0
2006-07-13,128.5,133.71749877929688,122.5500030517578,126.9000015258789,108.43028259277344,195100,0.0,0.0
2006-07-14,124.5,131.47500610351562,124.5,130.125,111.18590545654295,329780,0.0,0.0
2006-07-17,130.0,132.75,126.25,127.2750015258789,108.75069427490234,68900,0.0,0.0
2006-07-18,129.46249389648438,130.0,122.55500030517578,126.2125015258789,108.05509948730467,446640,0.25,0.0
2006-07-19,126.25,128.25,120.5,120.9749984741211,103.57107543945312,488980,0.0,0.0
2006-07-20,122.5,126.0,122.5,125.15750122070312,107.15188598632812,118680,0.0,0.0
2006-07-21,123.0,123.47250366210938,118.9000015258789,120.6374969482422,103.28213500976562,57620,0.0,0.0
2006-07-24,120.5,120.5,115.5,118.38999938964844,101.35798645019533,366160,0.0,0.0
2006-07-25,122.4000015258789,122.4499969482422,118.5500030517578,120.61750030517578,103.26500701904295,1264680,0.0,0.0
2006-07-26,124.25,126.6500015258789,122.5,126.6500015258789,108.42964935302734,51380,0.0,0.0
2006-07-27,131.25,132.9824981689453,128.75,132.00250244140625,113.01213073730467,322420,0.0,0.0
2006-07-28,133.0,138.60000610351562,132.5,135.73500061035156,116.20768737792967,342320,0.0,0.0
2006-07-31,137.4499969482422,137.5,134.0,135.22000122070312,115.76676940917967,336200,0.0,0.0
2006-08-01,135.22000122070312,137.5,133.10000610351562,135.46749877929688,115.97864532470705,53500,0.0,0.0
2006-08-02,136.0,136.25,133.7550048828125,135.4774932861328,115.98719787597656,99620,0.0,0.0
2006-08-03,135.75,137.0,131.5500030517578,133.1875,114.0266342163086,275700,0.0,0.0
2006-08-04,131.8000030517578,135.89999389648438,131.8000030517578,133.0574951171875,113.91535186767578,25860,0.0,0.0
2006-08-07,133.0,134.1699981689453,131.90249633789062,133.67250061035156,114.44187927246094,24080,0.0,0.0
2006-08-08,133.89999389648438,135.25,133.15249633789062,135.03250122070312,115.60621643066406,312720,0.0,0.0
2006-08-09,133.0500030517578,136.14999389648438,133.0500030517578,135.19500732421875,115.74535369873048,26740,0.0,0.0
2006-08-10,135.5,137.5,134.89999389648438,135.55250549316406,116.05140686035156,79520,0.0,0.0
2006-08-11,135.55250549316406,138.5,135.0,137.67250061035156,117.86641693115234,206640,0.0,0.0
2006-08-14,138.0,143.74000549316406,138.0,139.60000610351562,119.51663208007812,145660,0.0,0.0
2006-08-16,140.75,148.0,140.75,145.28250122070312,124.38162231445312,203080,0.0,0.0
2006-08-17,145.5,147.6999969482422,142.5,144.07000732421875,123.3435287475586,51940,0.0,0.0
2006-08-18,144.5,144.89500427246094,140.13999938964844,141.24749755859375,120.92709350585938,26060,0.0,0.0
2006-08-21,140.5,142.8000030517578,140.1999969482422,142.21749877929688,121.7575225830078,23580,0.0,0.0
2006-08-22,145.0,145.0,140.75,141.2375030517578,120.91856384277344,21480,0.0,0.0
2006-08-23,141.0,141.0,138.5,138.78750610351562,118.82101440429688,37660,0.0,0.0
2006-08-24,136.3000030517578,144.4499969482422,136.3000030517578,142.33749389648438,121.86027526855467,23920,0.0,0.0
2006-08-25,146.89999389648438,147.0,141.5050048828125,144.1699981689453,123.42916107177734,34120,0.0,0.0
2006-08-28,144.6649932861328,147.0,142.75,146.125,125.1029281616211,40140,0.0,0.0
2006-08-29,145.10000610351562,147.89999389648438,145.10000610351562,146.89999389648438,125.7664031982422,44000,0.0,0.0
2006-08-30,147.39500427246094,147.39500427246094,144.9499969482422,145.40750122070312,124.48863983154295,67340,0.0,0.0
2006-08-31,145.10000610351562,147.0,140.5,141.52999877929688,121.16896057128906,27440,0.0,0.0
2006-09-01,143.5050048828125,144.44500732421875,138.80499267578125,140.7949981689453,120.53971099853516,86560,0.0,0.0
2006-09-04,140.5,146.5,140.5,146.38250732421875,125.32334899902344,156580,0.0,0.0
2006-09-05,146.5,146.5,143.0,145.4375,124.51429748535156,123940,0.0,0.0
2006-09-06,146.25,148.6999969482422,145.0,147.12249755859375,125.95690155029295,68640,0.0,0.0
2006-09-07,147.25,148.5449981689453,145.0,147.71749877929688,126.46631622314452,89680,0.0,0.0
2006-09-08,149.24000549316406,155.71499633789062,149.0,152.54249572753906,130.59716796875,198240,0.0,0.0
2006-09-11,154.44500732421875,154.44500732421875,146.5,148.80250549316406,127.39520263671876,85720,0.0,0.0
2006-09-12,147.2550048828125,151.2449951171875,145.00750732421875,150.09750366210938,128.50393676757812,40700,0.0,0.0
2006-09-13,150.1999969482422,152.5,150.1999969482422,150.9600067138672,129.2423095703125,517040,0.0,0.0
2006-09-14,151.6999969482422,158.5,151.6999969482422,156.32249450683594,133.8333740234375,175600,0.0,0.0
2006-09-15,157.4949951171875,157.50250244140625,155.0,156.94749450683594,134.36846923828125,157740,0.0,0.0
2006-09-18,158.6999969482422,158.6999969482422,154.0,155.15249633789062,132.8316650390625,127900,0.0,0.0
2006-09-19,156.0,157.52000427246094,152.5,153.8925018310547,131.75291442871094,80380,0.0,0.0
2006-09-20,152.85000610351562,154.6649932861328,151.8000030517578,154.02000427246094,131.8621063232422,46520,0.0,0.0
2006-09-21,155.0,156.8000030517578,153.7675018310547,156.00750732421875,133.56370544433594,40860,0.0,0.0
2006-09-22,157.25,164.39999389648438,156.0050048828125,162.47500610351562,139.1007537841797,301440,0.0,0.0
2006-09-25,162.5,164.75,160.50250244140625,161.6374969482422,138.38375854492188,61740,0.0,0.0
2006-09-26,162.0,163.5,161.25,162.07749938964844,138.76046752929688,254080,0.0,0.0
2006-09-27,162.44500732421875,167.0,161.3125,164.40750122070312,140.7552490234375,102820,0.0,0.0
2006-09-28,164.88250732421875,165.0,162.7550048828125,163.74749755859375,140.19017028808594,17480,0.0,0.0
2006-09-29,162.80499267578125,169.9499969482422,162.80499267578125,167.21499633789062,143.1588592529297,120680,0.0,0.0
2006-10-03,167.49749755859375,167.5,164.0,165.2274932861328,141.45726013183594,46800,0.0,0.0
2006-10-04,168.75,168.75,162.75,163.02499389648438,139.57162475585938,48040,0.0,0.0
2006-10-05,165.7449951171875,167.5,164.25,167.28250122070312,143.2166290283203,84760,0.0,0.0
2006-10-06,167.25,169.44500732421875,166.5500030517578,167.32749938964844,143.25514221191406,30040,0.0,0.0
2006-10-09,168.0,169.99249267578125,165.0,166.6199951171875,142.6494598388672,71160,0.0,0.0
2006-10-10,169.25,169.4499969482422,160.75,162.6699981689453,139.26773071289062,70940,0.0,0.0
2006-10-11,165.5500030517578,168.0,161.5,162.6649932861328,139.26344299316406,111620,0.0,0.0
2006-10-12,162.5,163.9949951171875,159.52000427246094,160.61000061035156,137.50405883789062,69480,0.0,0.0
2006-10-13,166.6999969482422,166.6999969482422,160.64999389648438,162.85000610351562,139.42178344726562,67400,0.0,0.0
2006-10-16,164.5,167.75,164.5,165.6074981689453,141.78257751464844,198940,0.0,0.0
2006-10-17,165.5,167.5,163.85000610351562,165.08749389648438,141.33738708496094,71800,0.0,0.0
2006-10-18,165.14999389648438,165.4499969482422,162.02749633789062,163.0050048828125,139.55450439453125,46340,0.0,0.0
2006-10-19,165.4499969482422,166.0,161.5,162.25750732421875,138.91455078125,60620,0.0,0.0
2006-10-20,164.94500732421875,164.94500732421875,159.9499969482422,162.24000549316406,138.89955139160156,336040,0.0,0.0
2006-10-23,166.1999969482422,167.44500732421875,160.9499969482422,161.48500061035156,138.25314331054688,34140,0.0,0.0
2006-10-26,155.5,163.75,155.5,163.19000244140625,139.71286010742188,66320,0.0,0.0
2006-10-27,161.3000030517578,164.0,161.25,163.02000427246094,139.56732177734375,41920,0.0,0.0
2006-10-30,164.0,171.5,164.0,168.32249450683594,144.10699462890625,363620,0.0,0.0
2006-10-31,169.75,171.75,167.5050048828125,168.91749572753906,144.6163787841797,104460,0.0,0.0
2006-11-01,168.7550048828125,174.0,168.7550048828125,173.05499267578125,148.15863037109375,326320,0.0,0.0
2006-11-02,172.5,177.49000549316406,172.0,176.62249755859375,151.21292114257812,111460,0.0,0.0
2006-11-03,176.0,176.1999969482422,174.0500030517578,174.91749572753906,150.0718536376953,115140,0.375,0.0
2006-11-06,174.91749572753906,175.0,169.00750732421875,170.4774932861328,146.26255798339844,119080,0.0,0.0
2006-11-07,174.3975067138672,174.3975067138672,168.0,168.5175018310547,144.58090209960938,241680,0.0,0.0
2006-11-08,168.75,171.0,165.0,165.62249755859375,142.09710693359375,95820,0.0,0.0
2006-11-09,166.0,168.75,164.20750427246094,164.97500610351562,141.54161071777344,64420,0.0,0.0
2006-11-10,165.5,167.4499969482422,164.5,164.97250366210938,141.53945922851562,59240,0.0,0.0
2006-11-13,165.0,166.7449951171875,163.0,164.85000610351562,141.43438720703125,98680,0.0,0.0
2006-11-14,168.6999969482422,168.6999969482422,160.8000030517578,162.46749877929688,139.39028930664062,205940,0.0,0.0
2006-11-15,164.75,164.75,158.75,161.2550048828125,138.35003662109375,276940,0.0,0.0
2006-11-16,161.25,164.4499969482422,152.5,160.27749633789062,137.51133728027344,219440,0.0,0.0
2006-11-17,160.0,160.89999389648438,155.2624969482422,156.30999755859375,134.10739135742188,79340,0.0,0.0
2006-11-20,154.0,155.5,151.5,154.99749755859375,132.9813232421875,159980,0.0,0.0
2006-11-21,155.9499969482422,155.9499969482422,153.60000610351562,154.50750732421875,132.56094360351562,102660,0.0,0.0
2006-11-22,153.85000610351562,154.99749755859375,152.8524932861328,154.19000244140625,132.2884979248047,113960,0.0,0.0
2006-11-23,154.5500030517578,155.5,153.5,154.3350067138672,132.4129638671875,141000,0.0,0.0
2006-11-24,156.75,156.75,150.77499389648438,152.51499938964844,130.85147094726562,128100,0.0,0.0
2006-11-27,152.51499938964844,154.74749755859375,150.0,150.22250366210938,128.8845977783203,74920,0.0,0.0
2006-11-28,150.5,151.75,148.75750732421875,150.7624969482422,129.34788513183594,563580,0.0,0.0
2006-11-29,152.5,163.35000610351562,152.1750030517578,161.39500427246094,138.47010803222656,386400,0.0,0.0
2006-11-30,164.0,165.0,159.8000030517578,160.1475067138672,137.3998260498047,100060,0.0,0.0
2006-12-01,163.39999389648438,164.0,155.00750732421875,157.34249877929688,134.99327087402344,259860,0.0,0.0
2006-12-04,157.25,161.25,157.25,159.84750366210938,137.1424102783203,272980,0.0,0.0
2006-12-05,159.5,160.5,158.75,159.70750427246094,137.02232360839844,133560,0.0,0.0
2006-12-06,159.5,162.39999389648438,159.5,161.39999389648438,138.4744110107422,147940,0.0,0.0
2006-12-07,160.0500030517578,161.2449951171875,158.0,160.9600067138672,138.0968780517578,26740,0.0,0.0
2006-12-08,162.33999633789062,162.33999633789062,158.0,159.63250732421875,136.9579620361328,89320,0.0,0.0
2006-12-11,158.0,158.0,154.5,155.97250366210938,133.81785583496094,60280,0.0,0.0
2006-12-12,155.97500610351562,158.44000244140625,150.0,151.3175048828125,129.82403564453125,322980,0.0,0.0
2006-12-13,151.0675048828125,157.5,148.5,154.94000244140625,132.93202209472656,125800,0.0,0.0
2006-12-14,155.75,161.75,154.89999389648438,160.4250030517578,137.63790893554688,158980,0.0,0.0
2006-12-15,162.0,162.24249267578125,156.64999389648438,161.57000732421875,138.62025451660156,129320,0.0,0.0
2006-12-18,159.0,164.6999969482422,157.5,163.6024932861328,140.3640594482422,46920,0.0,0.0
2006-12-19,163.89999389648438,163.9499969482422,160.0,162.57000732421875,139.4782257080078,124040,0.0,0.0
2006-12-20,161.4499969482422,163.72500610351562,160.25,161.63999938964844,138.68031311035156,31720,0.0,0.0
2006-12-21,163.2449951171875,163.25,160.0,162.88250732421875,139.74632263183594,61080,0.0,0.0
2006-12-22,162.5,163.8000030517578,161.7550048828125,162.66749572753906,139.56185913085938,37120,0.0,0.0
2006-12-26,156.5,165.75,156.5,165.3800048828125,141.88906860351562,47620,0.0,0.0
2006-12-27,165.9499969482422,168.5,162.5,167.86000061035156,144.01683044433594,101300,0.0,0.0
2006-12-28,167.5,167.5,164.5500030517578,165.8074951171875,142.2558135986328,36800,0.0,0.0
2006-12-29,166.0,170.0,165.17999267578125,166.7375030517578,143.05377197265625,231800,0.0,0.0
2007-01-02,166.5,171.2324981689453,165.75,170.33749389648438,146.14239501953125,136520,0.0,0.0
2007-01-03,170.0,174.4499969482422,168.5,172.6425018310547,148.1199951171875,146980,0.0,0.0
2007-01-04,173.75,174.75,169.75,171.1475067138672,146.83734130859375,71220,0.0,0.0
2007-01-05,171.5,173.0,168.25,172.10499572753906,147.65882873535156,110620,0.0,0.0
2007-01-08,172.25,173.1999969482422,167.5,169.97500610351562,145.83140563964844,99000,0.0,0.0
2007-01-09,171.97000122070312,171.97000122070312,167.0,168.8175048828125,144.8383026123047,99280,0.0,0.0
2007-01-10,166.5500030517578,169.8000030517578,166.25750732421875,168.3350067138672,144.42434692382812,89120,0.0,0.0
2007-01-11,168.0,173.8000030517578,167.13250732421875,170.5850067138672,146.35475158691406,133680,0.0,0.0
2007-01-12,171.0,174.9499969482422,171.0,174.33749389648438,149.57423400878906,85780,0.0,0.0
2007-01-15,173.75,178.5,172.5500030517578,175.63999938964844,150.69171142578125,172020,0.0,0.0
2007-01-16,175.58999633789062,182.0,175.58999633789062,181.82000732421875,155.99391174316406,125420,0.0,0.0
2007-01-17,177.5,184.75,177.5,183.5625,157.4888916015625,249380,0.0,0.0
2007-01-18,184.88499450683597,184.88499450683597,180.5,180.5500030517578,154.90431213378906,127600,0.0,0.0
2007-01-19,181.74749755859372,182.8999938964844,180.0,181.9199981689453,156.07968139648438,112580,0.0,0.0
2007-01-22,184.8500061035156,185.0,180.5,181.4750061035156,155.69789123535156,108560,0.0,0.0
2007-01-23,181.6000061035156,182.5,172.5500030517578,172.5850067138672,148.0706787109375,426880,0.0,0.0
2007-01-24,176.25,176.75,167.5,169.04249572753906,145.0313720703125,104380,0.0,0.0
2007-01-25,170.10000610351562,172.5,170.0,171.5449981689453,147.1783905029297,54420,0.0,0.0
2007-01-29,171.5,171.5,169.25,171.0449981689453,146.74942016601562,91300,0.0,0.0
2007-01-31,170.0,171.25,165.1999969482422,167.13499450683594,143.39480590820312,140800,0.0,0.0
2007-02-01,175.0,176.1999969482422,166.0,169.5800018310547,145.4924774169922,88700,0.0,0.0
2007-02-02,170.25,173.99749755859375,169.05250549316406,170.75999450683594,146.82955932617188,49700,0.375,0.0
2007-02-05,170.75,176.89999389648438,170.5,175.53500366210938,150.93544006347656,219500,0.0,0.0
2007-02-06,177.5,178.0,175.0,176.63999938964844,151.88551330566406,62280,0.0,0.0
2007-02-07,178.0,178.0,174.25250244140625,176.37249755859375,151.655517578125,126040,0.0,0.0
2007-02-08,164.02749633789062,187.5,164.02749633789062,176.39500427246094,151.67491149902344,39640,0.0,0.0
2007-02-09,175.0,176.19500732421875,173.8074951171875,175.0050048828125,150.4796905517578,368520,0.0,0.0
2007-02-12,175.0,175.10000610351562,168.75,170.02499389648438,146.1975860595703,131060,0.0,0.0
2007-02-13,169.0,171.5,166.25,167.60499572753906,144.11671447753906,59920,0.0,0.0
2007-02-14,156.7100067138672,166.25,156.25,160.58250427246094,138.07835388183594,78520,0.0,0.0
2007-02-15,162.5,165.99749755859375,162.5,163.64500427246094,140.71165466308594,290940,0.0,0.0
2007-02-19,167.5,167.5,161.3074951171875,162.19749450683594,139.46705627441406,334680,0.0,0.0
2007-02-20,162.5,162.5,157.5,157.74749755859375,135.6406707763672,47620,0.0,0.0
2007-02-21,159.5,159.5,156.60000610351562,158.66749572753906,136.4316864013672,152340,0.0,0.0
2007-02-22,158.75,158.75,155.0,155.8350067138672,133.99623107910156,212040,0.0,0.0
2007-02-23,159.89500427246094,159.89500427246094,143.50250244140625,150.51499938964844,129.42172241210938,355960,0.0,0.0
2007-02-26,150.0500030517578,152.83999633789062,150.0,152.21499633789062,130.88345336914062,37540,0.0,0.0
2007-02-27,156.25,156.25,151.5,154.19500732421875,132.5859832763672,57360,0.0,0.0
2007-02-28,151.0500030517578,153.99749755859375,138.77749633789062,143.84249877929688,123.68429565429688,640660,0.0,0.0
2007-03-01,143.0,147.49749755859375,138.5,140.2675018310547,120.61033630371094,285360,0.0,0.0
2007-03-02,142.5,142.5,139.5,140.22000122070312,120.56949615478516,298120,0.0,0.0
2007-03-05,138.75,144.25,135.10000610351562,137.66000366210938,118.36823272705078,143580,0.0,0.0
2007-03-06,140.5,140.5,135.5,137.4774932861328,118.21131134033205,53080,0.0,0.0
2007-03-07,140.5,140.5,128.75,130.71249389648438,112.39435577392578,367680,0.0,0.0
2007-03-08,127.5,137.5,127.5,136.13499450683594,117.0569305419922,222160,0.0,0.0
2007-03-09,137.25,142.5,129.0,131.35000610351562,112.94254302978516,354220,0.0,0.0
2007-03-12,132.0,137.0,124.8499984741211,126.79750061035156,109.02800750732422,233580,0.0,0.0
2007-03-13,129.81500244140625,134.4499969482422,122.5,132.3074951171875,113.76583862304688,199380,0.0,0.0
2007-03-14,132.5,136.25,127.5,135.16250610351562,116.2207489013672,233640,0.0,0.0
2007-03-15,135.9499969482422,138.75,135.9499969482422,136.85499572753906,117.6760482788086,98540,0.0,0.0
2007-03-16,137.50250244140625,138.5,134.99749755859375,136.6824951171875,117.5277099609375,220240,0.0,0.0
2007-03-19,137.5,140.5,136.25,139.8574981689453,120.25779724121094,61080,0.0,0.0
2007-03-20,140.0,143.4499969482422,140.0,142.3574981689453,122.40739440917967,25080,0.0,0.0
2007-03-21,141.2624969482422,143.00250244140625,141.0,142.3350067138672,122.38809967041016,172580,0.0,0.0
2007-03-22,134.5500030517578,145.9499969482422,134.5500030517578,139.41749572753906,119.87940979003906,214860,0.0,0.0
2007-03-23,140.0,140.0,136.5050048828125,137.47250366210938,118.20703125,124160,0.0,0.0
2007-03-26,137.4949951171875,138.0,135.3000030517578,137.47999572753906,118.2134246826172,116100,0.0,0.0
2007-03-28,135.0,139.9499969482422,126.13500213623048,131.66749572753906,113.21554565429688,118260,0.0,0.0
2007-03-29,132.0,135.39999389648438,132.0,132.96249389648438,114.32904052734376,33680,0.0,0.0
2007-03-30,135.0,139.0,134.00250244140625,136.48500061035156,117.3578872680664,37120,0.0,0.0
2007-04-02,137.5,137.5,130.75,133.7675018310547,115.0212173461914,10520,0.0,0.0
2007-04-03,134.0,134.10000610351562,132.0,132.5574951171875,113.98078918457033,14460,0.0,0.0
2007-04-04,130.2050018310547,131.99749755859375,125.55750274658205,127.19000244140624,109.3655014038086,113960,0.0,0.0
2007-04-05,127.99749755859376,128.00999450683594,126.25,127.51000213623048,109.64065551757812,114820,0.0,0.0
2007-04-09,128.5,131.0,127.0999984741211,130.07249450683594,111.84407043457033,88240,0.0,0.0
2007-04-10,129.9499969482422,130.1999969482422,129.0,129.5675048828125,111.40984344482422,68480,0.0,0.0
2007-04-11,129.4499969482422,130.24749755859375,128.83250427246094,130.00999450683594,111.79029846191406,78520,0.0,0.0
2007-04-12,130.0500030517578,130.25,129.5,129.62249755859375,111.45712280273438,45840,0.0,0.0
2007-04-13,130.1999969482422,134.5500030517578,130.1999969482422,132.04249572753906,113.53797912597656,15500,0.0,0.0
2007-04-16,132.60000610351562,142.44000244140625,132.60000610351562,140.66749572753906,120.95426177978516,94460,0.0,0.0
2007-04-17,140.75,142.5,140.0,140.7449951171875,121.0208740234375,53460,0.0,0.0
2007-04-18,140.5500030517578,141.9250030517578,140.0,140.05499267578125,120.42757415771484,13100,0.0,0.0
2007-04-19,139.75,142.0,138.90249633789062,141.26499938964844,121.46807098388672,31680,0.0,0.0
2007-04-20,140.0,145.4499969482422,136.25,144.77000427246094,124.48182678222656,130800,0.0,0.0
2007-04-23,149.89999389648438,149.89999389648438,144.0,145.04249572753906,124.71614837646484,14040,0.0,0.0
2007-04-24,142.84249877929688,148.49249267578125,142.84249877929688,147.2675018310547,126.62931823730467,63580,0.0,0.0
2007-04-25,145.0,147.5,144.75,146.46249389648438,125.93716430664062,73720,0.0,0.0
2007-04-26,146.5,148.75,145.0,146.47999572753906,125.9521713256836,96680,0.0,0.0
2007-04-27,144.0,146.25,141.71249389648438,145.7550048828125,125.3288116455078,33780,0.0,0.0
2007-04-30,148.75,148.75,137.7550048828125,143.96749877929688,123.7917938232422,57860,0.0,0.0
2007-05-03,144.25,146.9499969482422,144.25,146.1300048828125,125.65123748779295,29860,0.0,0.0
2007-05-04,149.5,150.4499969482422,145.75,146.95750427246094,126.36277770996094,120840,0.0,0.0
2007-05-07,149.25,149.25,138.75,140.96749877929688,121.21223449707033,50740,0.0,0.0
2007-05-08,143.34500122070312,143.34750366210938,140.14999389648438,140.36749267578125,120.69631958007812,11480,0.0,0.0
2007-05-09,140.35000610351562,142.23500061035156,140.35000610351562,140.36000061035156,120.68982696533205,8440,0.0,0.0
2007-05-10,139.3000030517578,143.24749755859375,139.3000030517578,141.8699951171875,121.98824310302734,37420,0.0,0.0
2007-05-11,140.75250244140625,142.4600067138672,140.75,141.0124969482422,121.2509307861328,26140,0.0,0.0
2007-05-14,144.35000610351562,144.9499969482422,141.0,141.30999755859375,121.50675201416016,37020,0.0,0.0
2007-05-15,139.5,142.4875030517578,139.5,141.3000030517578,121.49810791015624,28760,0.0,0.0
2007-05-16,139.5,142.65249633789062,139.5,141.4149932861328,121.59699249267578,31400,0.0,0.0
2007-05-17,140.0,143.25,140.0,142.9824981689453,122.94485473632812,34000,0.0,0.0
2007-05-18,142.7449951171875,144.25,142.5500030517578,143.0449981689453,122.99855041503906,29800,0.0,0.0
2007-05-21,143.85000610351562,143.85000610351562,140.0,142.5050048828125,122.5342254638672,402720,0.0,0.0
2007-05-22,143.0,143.0500030517578,141.25250244140625,143.0,122.95987701416016,149380,0.0,0.0
2007-05-23,146.99749755859375,146.99749755859375,141.60000610351562,142.9824981689453,122.94485473632812,126300,0.0,0.0
2007-05-24,142.49749755859375,143.0,140.0,140.65249633789062,120.94136810302734,742780,0.0,0.0
2007-05-25,140.0,140.5,139.5,139.77499389648438,120.18685150146484,24640,0.0,0.0
2007-05-28,140.89999389648438,142.25,139.5,141.76499938964844,121.89791870117188,231680,0.0,0.0
2007-05-29,141.76499938964844,142.0,140.05250549316406,141.40249633789062,121.58626556396484,25580,0.0,0.0
2007-05-30,143.99749755859375,147.49749755859375,136.5124969482422,138.125,118.76805877685548,324140,0.0,0.0
2007-05-31,140.0,141.94500732421875,138.14999389648438,140.0175018310547,120.39534759521484,207200,0.0,0.0
2007-06-01,142.84750366210938,142.84750366210938,138.5,138.84249877929688,119.38500213623048,45000,0.0,0.0
2007-06-04,140.0,140.0,136.0,136.875,117.69322204589844,45780,0.0,0.0
2007-06-05,136.9499969482422,137.49749755859375,135.0,136.71499633789062,117.55564880371094,114120,0.0,0.0
2007-06-06,137.25,137.25,131.3125,131.66749572753906,113.21554565429688,56740,0.0,0.0
2007-06-07,131.66749572753906,135.0,130.10000610351562,130.57249450683594,112.27399444580078,51600,0.0,0.0
2007-06-08,132.5,132.5,128.75,130.25,111.9966812133789,59960,0.0,0.0
2007-06-11,129.0500030517578,130.0,125.5,126.7249984741211,108.96566009521484,117340,0.0,0.0
2007-06-12,127.5999984741211,130.0,125.0,129.0625,110.97560119628906,50180,0.0,0.0
2007-06-13,131.6999969482422,132.5,130.0,130.1699981689453,111.92788696289062,330880,0.0,0.0
2007-06-14,132.89999389648438,134.5,130.0500030517578,133.4199981689453,114.7224349975586,133860,0.0,0.0
2007-06-15,134.0,135.0,133.0,133.91749572753906,115.15020751953124,181980,0.0,0.0
2007-06-18,134.0,134.3000030517578,131.25,132.02749633789062,113.52509307861328,139180,0.0,0.0
2007-06-19,132.4949951171875,134.0500030517578,131.3074951171875,133.96499633789062,115.1910629272461,51180,0.0,0.0
2007-06-20,132.85000610351562,135.00250244140625,131.4949951171875,134.2949981689453,115.47481536865234,138200,0.0,0.0
2007-06-21,133.80250549316406,140.0,133.80250549316406,139.02999877929688,119.5462417602539,130240,0.0,0.0
2007-06-22,137.55499267578125,141.8000030517578,137.55499267578125,141.2449951171875,121.45081329345705,35060,0.0,0.0
2007-06-25,139.3574981689453,142.49749755859375,139.3574981689453,141.29750061035156,121.49594116210938,62880,0.0,0.0
2007-06-26,140.0574951171875,142.44500732421875,140.0,141.60000610351562,121.75608825683594,29560,0.0,0.0
2007-06-27,140.95750427246094,142.75,140.85000610351562,142.15750122070312,122.23545837402344,23760,0.0,0.0
2007-06-28,143.5,152.0,143.5,150.62750244140625,129.5184326171875,201020,0.0,0.0
2007-06-29,152.5,155.0,148.5,149.7725067138672,128.7832794189453,82220,0.0,0.0
2007-07-02,150.0,151.9499969482422,145.25,151.2449951171875,130.0494384765625,260080,0.0,0.0
2007-07-03,147.0,153.69749450683594,147.0,152.72500610351562,131.32200622558594,41340,0.0,0.0
2007-07-04,152.9949951171875,153.75,150.3000030517578,152.97999572753906,131.54124450683594,215740,0.0,0.0
2007-07-05,155.0,162.47000122070312,151.25,160.57249450683594,138.0697479248047,449320,0.0,0.0
2007-07-06,159.3000030517578,165.5500030517578,159.3000030517578,164.85000610351562,141.74783325195312,164240,0.0,0.0
2007-07-09,163.89999389648438,170.0,163.89999389648438,169.46749877929688,145.71824645996094,72240,0.0,0.0
2007-07-10,165.0,170.625,165.0,168.49249267578125,144.87985229492188,101860,0.0,0.0
2007-07-11,161.77749633789062,169.0,161.77749633789062,167.61000061035156,144.1210174560547,66200,0.0,0.0
2007-07-12,169.25,170.0,168.0,169.7949981689453,145.99984741210938,37980,0.0,0.0
2007-07-13,172.4499969482422,173.19749450683594,168.10000610351562,170.8874969482422,146.93923950195312,122740,0.0,0.0
2007-07-16,171.5,175.5,171.5,174.87249755859375,150.36570739746094,113700,0.0,0.0
2007-07-17,176.1999969482422,182.25,171.25999450683594,177.57249450683594,152.68739318847656,119580,0.0,0.0
2007-07-18,177.5,177.99749755859375,172.60000610351562,174.8925018310547,150.80758666992188,121040,0.5,0.0
2007-07-19,175.0,178.0500030517578,171.40499877929688,172.44500732421875,148.69715881347656,41220,0.0,0.0
2007-07-20,171.5050048828125,175.0,170.14999389648438,172.70750427246094,148.92347717285156,68540,0.0,0.0
2007-07-23,173.0,175.0,172.5,174.77999877929688,150.7105712890625,113240,0.0,0.0
2007-07-24,176.2624969482422,176.8000030517578,171.5500030517578,175.4149932861328,151.25816345214844,108760,0.0,0.0
2007-07-25,170.14999389648438,172.5,168.85000610351562,172.44500732421875,148.69715881347656,65600,0.0,0.0
2007-07-26,170.77000427246094,173.75,170.05250549316406,172.79750061035156,149.00112915039062,19120,0.0,0.0
2007-07-27,170.0,172.5,160.5749969482422,169.26499938964844,145.95504760742188,233380,0.0,0.0
2007-07-30,172.4499969482422,174.25,166.0500030517578,166.61500549316406,143.6699676513672,24600,0.0,0.0
2007-07-31,170.0,170.0,164.5500030517578,165.46249389648438,142.67620849609375,72040,0.0,0.0
2007-08-01,165.0,166.64999389648438,163.75,164.70750427246094,142.02520751953125,70240,0.0,0.0
2007-08-02,165.0,165.99749755859375,163.0,163.42999267578125,140.92359924316406,26720,0.0,0.0
2007-08-03,164.25,166.0,161.41250610351562,165.0,142.2774200439453,17700,0.0,0.0
2007-08-06,161.5,167.5,157.64999389648438,166.92250061035156,143.93515014648438,38540,0.0,0.0
2007-08-07,167.5,172.0,167.5,170.4550018310547,146.98117065429688,533720,0.0,0.0
2007-08-08,170.0,172.5,170.0,171.0,147.45111083984375,16560,0.0,0.0
2007-08-09,171.25,176.25,167.5,169.3300018310547,146.0111083984375,264480,0.0,0.0
2007-08-10,161.77749633789062,166.75,161.77749633789062,165.35000610351562,142.5791778564453,18620,0.0,0.0
2007-08-13,166.25,170.0,166.14999389648438,168.9149932861328,145.6532440185547,10440,0.0,0.0
2007-08-14,169.75,172.0,165.53750610351562,170.52999877929688,147.04586791992188,44580,0.0,0.0
2007-08-16,162.0500030517578,169.5,162.0500030517578,165.17750549316406,142.4304656982422,80940,0.0,0.0
2007-08-17,166.10000610351562,166.14999389648438,163.15750122070312,165.64999389648438,142.83790588378906,400920,0.0,0.0
2007-08-20,170.0,172.5,165.39999389648438,169.46499633789062,146.1274871826172,9560,0.0,0.0
2007-08-21,167.5,169.5,160.3000030517578,162.2550048828125,139.91043090820312,47380,0.0,0.0
2007-08-22,151.0,167.5,151.0,163.5449981689453,141.0227508544922,97500,0.0,0.0
2007-08-23,169.89999389648438,171.49749755859375,165.0749969482422,165.49749755859375,142.70640563964844,33140,0.0,0.0
2007-08-24,170.0,171.25,165.5,170.6125030517578,147.11703491210938,42900,0.0,0.0
2007-08-27,170.9949951171875,173.25,170.9949951171875,172.52499389648438,148.76614379882812,61420,0.0,0.0
2007-08-28,174.9499969482422,175.0,172.5,172.64500427246094,148.8695831298828,28760,0.0,0.0
2007-08-29,171.84500122070312,175.5,171.60000610351562,174.7949981689453,150.7235107421875,55400,0.0,0.0
2007-08-30,177.48500061035156,178.5,175.0,177.6699981689453,153.2025604248047,85540,0.0,0.0
2007-08-31,177.5,181.25,177.5,180.0800018310547,155.28073120117188,163440,0.0,0.0
2007-09-03,179.9499969482422,184.0,179.9499969482422,183.5500030517578,158.2728271484375,82000,0.0,0.0
2007-09-04,185.0,189.88999938964844,180.0,186.4149932861328,160.74330139160156,121340,0.0,0.0
2007-09-05,187.5,187.5,182.0500030517578,185.1199951171875,159.62657165527344,50400,0.0,0.0
2007-09-06,180.70249938964844,192.1999969482422,180.70249938964844,190.0749969482422,163.89927673339844,149300,0.0,0.0
2007-09-07,191.2449951171875,191.25,189.6999969482422,190.3350067138672,164.12342834472656,38480,0.0,0.0
2007-09-10,185.25,194.4900054931641,185.25,193.00250244140625,166.42356872558594,74400,0.0,0.0
2007-09-11,193.5,195.25,190.0,190.6649932861328,164.40798950195312,27860,0.0,0.0
2007-09-12,194.75,194.75,188.0,188.9600067138672,162.9377899169922,21040,0.0,0.0
2007-09-13,191.25,200.0,190.0,199.42999267578125,171.96595764160156,570820,0.0,0.0
2007-09-14,201.25,207.5,193.75,200.59750366210935,172.97267150878906,182720,0.0,0.0
2007-09-17,198.25,202.5,198.25,201.2449951171875,173.53102111816406,23980,0.0,0.0
2007-09-18,202.2449951171875,203.0,198.0,200.1000061035156,172.543701171875,42640,0.0,0.0
2007-09-19,204.88999938964844,207.5500030517578,198.0500030517578,206.6024932861328,178.15069580078125,144580,0.0,0.0
2007-09-20,206.6000061035156,210.0,202.5,205.34500122070312,177.06634521484375,55820,0.0,0.0
2007-09-21,202.5,206.25,202.5,204.9824981689453,176.7537841796875,91000,0.0,0.0
2007-09-24,207.3999938964844,208.25,204.5525054931641,207.00999450683597,178.50209045410156,44960,0.0,0.0
2007-09-25,209.5,212.5,205.50750732421875,208.7624969482422,180.01324462890625,26140,0.0,0.0
2007-09-26,207.5,209.6499938964844,203.75,205.125,176.87667846679688,90860,0.0,0.0
2007-09-27,205.0,210.0,204.50999450683597,208.4624938964844,179.75457763671875,29780,0.0,0.0
2007-09-28,211.0,212.0,207.6000061035156,210.6100006103516,181.6063537597656,70100,0.0,0.0
2007-10-01,211.4949951171875,217.5500030517578,211.0,215.1725006103516,185.54052734375,284080,0.0,0.0
2007-10-03,220.0,221.25,211.25,218.37750244140625,188.30416870117188,76760,0.0,0.0
2007-10-04,217.5,219.69749450683597,212.1000061035156,215.3125,185.66123962402344,17280,0.0,0.0
2007-10-05,215.75,215.75,209.0,210.375,181.4037322998047,54880,0.0,0.0
2007-10-08,208.5,209.44000244140625,198.5,199.9774932861328,172.43804931640625,42440,0.0,0.0
2007-10-09,204.84500122070312,204.84500122070312,196.0,202.3975067138672,174.5247802734375,29680,0.0,0.0
2007-10-10,208.75,208.75,202.3500061035156,202.8950042724609,174.95376586914062,91340,0.0,0.0
2007-10-11,203.75,211.6499938964844,200.1999969482422,209.47000122070312,180.623291015625,83500,0.0,0.0
2007-10-12,210.5500030517578,213.4375,202.6074981689453,204.13999938964844,176.02731323242188,41200,0.0,0.0
2007-10-15,204.75,212.4499969482422,204.75,209.96499633789065,181.05014038085935,60320,0.0,0.0
2007-10-16,206.8500061035156,217.0,206.8500061035156,214.9575042724609,185.35513305664065,132420,0.0,0.0
2007-10-17,204.75,216.25,204.7449951171875,211.3574981689453,182.2509002685547,13560,0.0,0.0
2007-10-18,212.6000061035156,217.3999938964844,200.0,204.56500244140625,176.39378356933594,69240,0.0,0.0
2007-10-19,200.5,209.25,195.0500030517578,198.8574981689453,171.4723358154297,33200,0.0,0.0
2007-10-22,191.25,204.8950042724609,191.25,193.6875,167.01425170898438,67040,0.0,0.0
2007-10-23,195.125,204.3999938964844,195.125,200.8975067138672,173.23135375976562,86000,0.0,0.0
2007-10-24,212.5,214.8950042724609,202.68499755859372,210.5399932861328,181.54595947265625,154120,0.0,0.0
2007-10-25,210.5,212.5,200.5500030517578,204.6824951171875,176.49513244628906,234000,0.0,0.0
2007-10-26,209.9850006103516,211.25,204.25,206.0525054931641,178.11154174804688,54480,0.5,0.0
2007-10-29,209.9499969482422,214.0,209.06500244140625,210.6649932861328,182.09860229492188,63720,0.0,0.0
2007-10-30,210.0,214.99249267578125,207.5,211.34249877929688,182.6842041015625,162620,0.0,0.0
2007-10-31,204.25,253.6125030517578,204.25,230.0475006103516,198.852783203125,806300,0.0,0.0
2007-11-01,239.4499969482422,243.9499969482422,216.3000030517578,219.9199981689453,190.0986328125,233700,0.0,0.0
2007-11-02,222.0,226.4949951171875,216.25,217.19500732421875,187.74310302734372,65960,0.0,0.0
2007-11-05,221.8999938964844,221.9499969482422,212.5,213.2050018310547,184.294189453125,31580,0.0,0.0
2007-11-06,215.0500030517578,230.0,207.90249633789065,211.34750366210935,182.6885528564453,80000,0.0,0.0
2007-11-07,222.5500030517578,222.5500030517578,203.75,206.50250244140625,178.50050354003906,54120,0.0,0.0
2007-11-08,207.9750061035156,214.9499969482422,202.6000061035156,208.34500122070312,180.09320068359375,44380,0.0,0.0
2007-11-12,207.5500030517578,210.25,203.75,206.1499938964844,178.19578552246094,21420,0.0,0.0
2007-11-13,205.0500030517578,211.25,205.0,205.01499938964844,177.21473693847656,384520,0.0,0.0
2007-11-14,210.0,214.9499969482422,207.5,210.71499633789065,182.1417694091797,144840,0.0,0.0
2007-11-15,222.5500030517578,222.5500030517578,210.7749938964844,214.5124969482422,185.42437744140625,47800,0.0,0.0
2007-11-16,214.5124969482422,231.8999938964844,212.5500030517578,228.85499572753903,197.82196044921875,99800,0.0,0.0
2007-11-19,246.0,246.0,225.0625,229.5625,198.43359375,74820,0.0,0.0
2007-11-20,236.9949951171875,242.5,217.5,222.40249633789065,192.24449157714844,95400,0.0,0.0
2007-11-21,226.25,228.5,217.5,217.5,188.0067443847656,45560,0.0,0.0
2007-11-22,207.5,219.94500732421875,207.5,213.8524932861328,184.8538818359375,20060,0.0,0.0
2007-11-23,217.0,219.9949951171875,210.5500030517578,212.69000244140625,183.8490295410156,10260,0.0,0.0
2007-11-26,222.4499969482422,222.5,215.0,218.9425048828125,189.25364685058597,28280,0.0,0.0
2007-11-27,218.5,224.1000061035156,216.5,221.25,191.2482452392578,67200,0.0,0.0
2007-11-28,226.2449951171875,226.2449951171875,217.0500030517578,217.5,188.0067443847656,23860,0.0,0.0
2007-11-29,217.5,227.5,215.0,225.0,194.48976135253903,31840,0.0,0.0
2007-11-30,215.5,237.5,215.5,229.0500030517578,197.9905242919922,61640,0.0,0.0
2007-12-03,230.0,237.3500061035156,227.75,231.3374938964844,199.9679107666016,17840,0.0,0.0
2007-12-04,231.3374938964844,232.5,221.1000061035156,227.90750122070312,197.0029754638672,16760,0.0,0.0
2007-12-05,230.0,230.0,222.5,225.58999633789065,194.99972534179688,84740,0.0,0.0
2007-12-06,225.58999633789065,229.8950042724609,220.0500030517578,221.7449951171875,191.6761474609375,7120,0.0,0.0
2007-12-07,223.8374938964844,233.75,223.1999969482422,228.7725067138672,197.75070190429688,31800,0.0,0.0
2007-12-10,227.5500030517578,234.25,226.5,231.1750030517578,199.82742309570312,36920,0.0,0.0
2007-12-11,232.5,232.7449951171875,230.0,231.4600067138672,200.07376098632807,34240,0.0,0.0
2007-12-12,227.5500030517578,231.25,227.5500030517578,230.0,198.81173706054688,656640,0.0,0.0
2007-12-13,228.0,232.0,226.0,232.0,200.54052734375,39100,0.0,0.0
2007-12-14,230.12750244140625,249.9499969482422,227.8500061035156,238.7749938964844,206.39683532714844,137880,0.0,0.0
2007-12-17,242.5,242.5,225.1999969482422,228.28250122070312,197.3271484375,27960,0.0,0.0
2007-12-18,244.5500030517578,244.5500030517578,217.5500030517578,225.0,194.48976135253903,21440,0.0,0.0
2007-12-19,237.2949981689453,237.2949981689453,225.50250244140625,226.75999450683597,196.01109313964844,15580,0.0,0.0
2007-12-20,227.5500030517578,232.5,220.0749969482422,222.0225067138672,191.9160003662109,13060,0.0,0.0
2007-12-24,232.0,232.0,221.25,225.2875061035156,194.73825073242188,26700,0.0,0.0
2007-12-26,230.0,232.5,220.25,227.03250122070312,196.2466735839844,35640,0.0,0.0
2007-12-27,231.87249755859372,231.8975067138672,227.0,230.59750366210935,199.32818603515625,78820,0.0,0.0
2007-12-28,229.0,230.5,227.75750732421875,228.47999572753903,197.49786376953125,14480,0.0,0.0
2007-12-31,230.0,232.5,225.6074981689453,226.67999267578125,195.94192504882807,22120,0.0,0.0
2008-01-01,226.0500030517578,235.0,222.5500030517578,224.10499572753903,193.7161407470703,42420,0.0,0.0
2008-01-02,225.0,227.0,220.0500030517578,224.24249267578125,193.8349456787109,144500,0.0,0.0
2008-01-03,217.5,222.5,217.0,221.25999450683597,191.25689697265625,441720,0.0,0.0
2008-01-04,218.0500030517578,224.75,214.55999755859372,216.55499267578125,187.18988037109372,32960,0.0,0.0
2008-01-07,212.5,220.0,212.4499969482422,215.6725006103516,186.4270477294922,25440,0.0,0.0
2008-01-08,216.25,221.25,207.5,209.9949951171875,181.51942443847656,1009100,0.0,0.0
2008-01-09,214.9499969482422,215.0,207.5050048828125,210.75750732421875,182.17852783203125,60480,0.0,0.0
2008-01-10,220.0,222.5,206.5,207.94000244140625,179.74310302734375,76260,0.0,0.0
2008-01-11,214.8999938964844,215.0,202.8000030517578,204.00250244140625,176.3395233154297,19260,0.0,0.0
2008-01-14,214.8000030517578,214.8000030517578,201.50250244140625,202.51499938964844,175.05372619628906,7320,0.0,0.0
2008-01-15,201.5,206.0500030517578,198.75,201.3249969482422,174.0250701904297,23160,0.0,0.0
2008-01-16,199.75,200.0,193.8999938964844,194.9250030517578,168.49295043945312,17560,0.0,0.0
2008-01-17,195.0,198.75,194.50250244140625,198.44500732421875,171.53564453125,11320,0.0,0.0
2008-01-18,195.1024932861328,197.5,188.0,190.125,164.34384155273438,33280,0.0,0.0
2008-01-21,185.25250244140625,193.7449951171875,185.0,186.13250732421875,160.89273071289062,200560,0.0,0.0
2008-01-22,190.0,190.0,150.5,162.86000061035156,140.7760009765625,95080,0.0,0.0
2008-01-23,192.5,195.4324951171875,135.0,190.0625,164.28981018066406,186780,0.0,0.0
2008-01-24,199.99749755859372,209.5,178.5,184.27999877929688,159.2914276123047,98740,0.0,0.0
2008-01-25,194.5,201.0,177.50250244140625,200.5850067138672,173.385498046875,35700,0.0,0.0
2008-01-28,198.75,224.5,192.6000061035156,199.99749755859372,172.8776092529297,212300,0.0,0.0
2008-01-29,198.5,200.25,196.1499938964844,198.6649932861328,171.72579956054688,49500,0.0,0.0
2008-01-30,200.0,202.4499969482422,192.42999267578125,199.3500061035156,172.31788635253906,63420,0.0,0.0
2008-01-31,199.44500732421875,199.5,192.3999938964844,196.7050018310547,170.03160095214844,50460,0.0,0.0
2008-02-01,197.0,197.0,187.5,189.37750244140625,163.69773864746094,25020,0.0,0.0
2008-02-04,194.0,196.6000061035156,194.0,194.5225067138672,168.14501953125,31080,0.0,0.0
2008-02-05,197.44749450683597,199.0,193.75,194.63499450683597,168.67581176757812,46620,0.5,0.0
2008-02-06,190.5,200.0,188.8874969482422,189.77749633789065,164.46621704101562,153780,0.0,0.0
2008-02-07,194.49749755859372,197.5,185.5,187.2075042724609,162.23899841308594,44660,0.0,0.0
2008-02-08,187.5,190.25,182.0,184.1499938964844,159.58924865722656,31120,0.0,0.0
2008-02-11,183.0,184.5,169.10000610351562,172.34500122070312,149.3587646484375,37960,0.0,0.0
2008-02-12,158.0,180.0,157.5,174.61500549316406,151.3259735107422,92480,0.0,0.0
2008-02-13,179.99249267578125,179.99249267578125,171.0500030517578,174.48500061035156,151.2133331298828,18900,0.0,0.0
2008-02-14,175.0,192.0,175.0,184.41000366210935,159.81455993652344,39280,0.0,0.0
2008-02-15,185.0,194.9499969482422,180.0,185.47250366210935,160.7353515625,21760,0.0,0.0
2008-02-18,188.0,188.0,180.0,183.6374969482422,159.1450958251953,28640,0.0,0.0
2008-02-19,185.9499969482422,187.5,181.8000030517578,183.1000061035156,158.6793212890625,29180,0.0,0.0
2008-02-20,184.90750122070312,187.0,182.7624969482422,186.1199951171875,161.2965087890625,20900,0.0,0.0
2008-02-21,189.9499969482422,189.9499969482422,182.75250244140625,183.9875030517578,159.44839477539062,9400,0.0,0.0
2008-02-22,180.5,183.84249877929688,177.5,180.7449951171875,156.6383819580078,18760,0.0,0.0
2008-02-25,182.5,184.6450042724609,177.60000610351562,180.8074951171875,156.69253540039062,8860,0.0,0.0
2008-02-26,185.0,185.0,181.0,183.5675048828125,159.0844268798828,24420,0.0,0.0
2008-02-27,189.8999938964844,189.8999938964844,175.2550048828125,180.6649932861328,156.56906127929688,49820,0.0,0.0
2008-02-28,185.5,188.0,181.0,186.7949981689453,161.88148498535156,23820,0.0,0.0
2008-02-29,183.5050048828125,189.0,175.00999450683594,182.5175018310547,158.1744842529297,928440,0.0,0.0
2008-03-03,179.9499969482422,180.0,174.5,176.33250427246094,152.8144073486328,141200,0.0,0.0
2008-03-04,179.5,180.0,170.5500030517578,172.2675018310547,149.2915802001953,189440,0.0,0.0
2008-03-05,167.55999755859375,175.9499969482422,167.55999755859375,174.9824981689453,151.64443969726562,216020,0.0,0.0
2008-03-07,175.0,176.0,165.8524932861328,171.19749450683594,148.36428833007812,83120,0.0,0.0
2008-03-10,164.9499969482422,166.25,152.5,165.1750030517578,143.14503479003906,185560,0.0,0.0
2008-03-11,167.5,177.0,165.15249633789062,175.0500030517578,151.70297241210938,612020,0.0,0.0
2008-03-12,184.9499969482422,184.9499969482422,175.0,177.13499450683594,153.50985717773438,266220,0.0,0.0
2008-03-13,174.9499969482422,174.9499969482422,167.5,170.25250244140625,147.54531860351562,53960,0.0,0.0
2008-03-14,171.25,171.5,165.14999389648438,170.3249969482422,147.60816955566406,135940,0.0,0.0
2008-03-17,165.0500030517578,171.25,155.0,167.14500427246094,144.85226440429688,112340,0.0,0.0
2008-03-18,169.9875030517578,170.0,160.75,164.5050048828125,142.5644073486328,80820,0.0,0.0
2008-03-19,170.0,170.0,154.99749755859375,159.9949951171875,138.65586853027344,416980,0.0,0.0
2008-03-24,177.5,179.5,150.0,160.91749572753906,139.45533752441406,122440,0.0,0.0
2008-03-25,162.60000610351562,174.3000030517578,157.00250244140625,169.61500549316406,146.9928436279297,88720,0.0,0.0
2008-03-26,165.5050048828125,169.9875030517578,157.0,158.61000061035156,137.4556121826172,85300,0.0,0.0
2008-03-27,162.49749755859375,166.0,155.75,163.72500610351562,141.88841247558594,58240,0.0,0.0
2008-03-28,164.9499969482422,170.0,160.0,169.4375,146.83897399902344,181500,0.0,0.0
2008-03-31,160.64999389648438,169.2949981689453,160.64999389648438,167.46499633789062,145.12960815429688,104340,0.0,0.0
2008-04-01,160.64999389648438,167.5,160.64999389648438,164.99000549316406,142.9846954345703,21720,0.0,0.0
2008-04-02,197.75,197.75,161.25,161.25,139.7435302734375,83000,0.0,0.0
2008-04-03,165.0,165.0,156.3000030517578,162.56500244140625,140.88314819335938,34360,0.0,0.0
2008-04-04,160.5,162.9499969482422,156.5,159.9949951171875,138.65586853027344,12900,0.0,0.0
2008-04-07,160.0,163.24749755859375,158.0500030517578,162.6875,140.98928833007812,10700,0.0,0.0
2008-04-08,163.75,165.0,155.0500030517578,161.42999267578125,139.89950561523438,10980,0.0,0.0
2008-04-09,164.27749633789062,164.27749633789062,159.10000610351562,160.13250732421875,138.77508544921875,76100,0.0,0.0
2008-04-10,164.0,164.9499969482422,160.5,162.5124969482422,140.83761596679688,127140,0.0,0.0
2008-04-11,163.75,163.75,160.16000366210938,161.49249267578125,139.9536590576172,10800,0.0,0.0
2008-04-15,160.75,161.5500030517578,156.09249877929688,159.1475067138672,137.92141723632812,5660,0.0,0.0
2008-04-16,160.7624969482422,163.0,159.0,162.50250244140625,140.82899475097656,24820,0.0,0.0
2008-04-17,156.14999389648438,170.60000610351562,156.14999389648438,166.3925018310547,144.20013427734375,9660,0.0,0.0
2008-04-21,168.46499633789062,169.5,165.30499267578125,168.5050048828125,146.03085327148438,6580,0.0,0.0
2008-04-22,168.5,171.1999969482422,166.39999389648438,170.84750366210938,148.0609893798828,15580,0.0,0.0
2008-04-23,171.3925018310547,171.4499969482422,167.89999389648438,168.62750244140625,146.1370391845703,67880,0.0,0.0
2008-04-24,168.5,168.6300048828125,163.75,164.98500061035156,142.98037719726562,12920,0.0,0.0
2008-04-25,163.89999389648438,165.0,162.25,163.1074981689453,141.353271484375,7920,0.0,0.0
2008-04-28,164.74249267578125,164.74249267578125,160.25,160.82000732421875,139.37086486816406,9580,0.0,0.0
2008-04-29,163.4949951171875,163.4949951171875,160.5,161.71749877929688,140.14866638183594,21220,0.0,0.0
2008-04-30,161.5,162.5,158.0,158.8000030517578,137.62030029296875,39040,0.0,0.0
2008-05-02,161.25,161.5,158.6999969482422,159.37249755859375,138.11639404296875,11660,0.0,0.0
2008-05-05,160.0,161.1999969482422,157.5,159.2949981689453,138.0492401123047,29700,0.0,0.0
2008-05-06,157.69749450683594,159.99249267578125,155.25750732421875,156.875,135.95204162597656,21660,0.0,0.0
2008-05-07,157.5,157.5,154.0,154.93499755859375,134.27078247070312,22400,0.0,0.0
2008-05-08,153.01499938964844,157.43499755859375,153.01499938964844,154.60499572753906,133.98480224609375,42160,0.0,0.0
2008-05-09,155.0,155.0,148.00250244140625,149.0225067138672,129.14682006835938,19680,0.0,0.0
2008-05-12,147.5500030517578,150.5,146.0,146.94749450683594,127.34857940673828,12320,0.0,0.0
2008-05-13,146.67750549316406,149.69500732421875,146.5,149.0449981689453,129.16632080078125,2540,0.0,0.0
2008-05-14,149.75,149.75,146.75,147.2899932861328,127.64541625976562,11640,0.0,0.0
2008-05-15,149.49249267578125,149.49249267578125,146.9499969482422,147.39999389648438,127.74073791503906,29040,0.0,0.0
2008-05-16,147.6024932861328,148.5,144.5,145.44749450683594,126.04866790771484,157740,0.0,0.0
2008-05-20,143.99249267578125,147.5,143.89999389648438,145.32749938964844,125.94463348388672,26040,0.0,0.0
2008-05-21,144.99749755859375,145.0,143.75,144.24749755859375,125.00873565673828,8560,0.0,0.0
2008-05-22,145.0,146.0,142.56500244140625,144.4425048828125,125.17769622802734,35800,0.0,0.0
2008-05-23,145.0500030517578,145.0500030517578,140.06500244140625,140.4875030517578,121.75018310546876,26540,0.0,0.0
2008-05-26,140.35000610351562,141.0,137.5,137.7100067138672,119.34314727783205,18140,0.0,0.0
2008-05-27,138.3000030517578,138.30499267578125,133.14999389648438,134.35000610351562,116.43126678466795,14600,0.0,0.0
2008-05-28,141.9499969482422,141.9499969482422,133.0050048828125,135.11500549316406,117.09422302246094,16460,0.0,0.0
2008-05-29,133.7624969482422,136.5,132.5,133.89999389648438,116.04126739501952,13100,0.0,0.0
2008-05-30,137.0,137.0,133.50250244140625,134.5500030517578,116.60458374023438,20280,0.0,0.0
2008-06-02,136.25,136.25,133.26499938964844,134.6875,116.7237319946289,14020,0.0,0.0
2008-06-03,135.0,135.0,125.0999984741211,128.21749877929688,111.1166763305664,38200,0.0,0.0
2008-06-04,134.47000122070312,134.47000122070312,124.61000061035156,129.6475067138672,112.35595703125,17300,0.0,0.0
2008-06-05,128.75,129.94749450683594,125.0,127.51499938964844,110.50787353515624,53840,0.0,0.0
2008-06-06,128.7899932861328,129.75,120.50250244140624,123.00250244140624,106.5972137451172,134480,0.0,0.0
2008-06-09,119.00250244140624,124.5,117.0,121.40249633789062,105.21060180664062,91900,0.0,0.0
2008-06-10,118.9499969482422,126.6999969482422,118.9499969482422,124.0500030517578,107.5050277709961,53940,0.0,0.0
2008-06-11,122.5,129.94500732421875,122.5,127.625,110.60320281982422,65860,0.0,0.0
2008-06-12,131.25,134.9499969482422,125.3499984741211,132.18499755859375,114.5550308227539,80420,0.0,0.0
2008-06-13,133.74749755859375,133.75,130.0,130.1475067138672,112.78926849365234,9900,0.0,0.0
2008-06-16,130.8000030517578,134.23500061035156,130.8000030517578,133.62249755859375,115.80078887939452,35220,0.0,0.0
2008-06-17,134.89999389648438,138.25,134.0,137.52499389648438,119.18279266357422,20480,0.0,0.0
2008-06-18,135.0,148.4499969482422,135.0,145.30499267578125,125.92510986328124,107440,0.0,0.0
2008-06-19,144.9949951171875,155.0,137.5500030517578,145.15249633789062,125.79299926757812,144940,0.0,0.0
2008-06-20,141.0500030517578,148.5,137.5,138.4774932861328,120.00823211669922,112080,0.0,0.0
2008-06-23,141.7675018310547,159.39999389648438,138.75,139.88499450683594,121.22801971435548,136980,0.0,0.0
2008-06-24,141.0,145.5,129.0,131.19500732421875,113.69705963134766,86820,0.0,0.0
2008-06-25,128.57000732421875,138.9949951171875,127.50250244140624,135.19500732421875,117.16358184814452,91620,0.0,0.0
2008-06-26,142.4949951171875,143.94749450683594,137.5050048828125,141.92999267578125,123.0002670288086,625360,0.0,0.0
2008-06-27,137.5,142.0,135.5,140.48500061035156,121.74801635742188,53960,0.0,0.0
2008-06-30,147.5,150.5,140.625,142.71499633789062,123.68058013916016,107520,0.0,0.0
2008-07-01,149.88999938964844,152.44500732421875,135.35000610351562,137.52000427246094,119.17845916748048,108420,0.0,0.0
2008-07-02,137.52000427246094,139.75,132.75,135.83250427246094,117.71604919433594,109840,0.0,0.0
2008-07-03,135.0,141.1999969482422,131.25,138.07749938964844,119.66162109375,51300,0.0,0.0
2008-07-04,136.69500732421875,137.5,134.0500030517578,136.74749755859375,118.50899505615234,44460,0.0,0.0
2008-07-07,144.9499969482422,144.9499969482422,132.5,134.17750549316406,116.2817611694336,74860,0.0,0.0
2008-07-08,131.0,132.49749755859375,129.5500030517578,131.10499572753906,113.61906433105467,45880,0.0,0.0
2008-07-09,138.0,139.9499969482422,131.75,133.20249938964844,115.43678283691406,39220,0.0,0.0
2008-07-10,133.25,133.75,127.5,128.4425048828125,111.31168365478516,80680,0.0,0.0
2008-07-11,128.75,128.75,125.4000015258789,127.4175033569336,110.42337036132812,44700,0.0,0.0
2008-07-14,126.55249786376952,130.0,126.55249786376952,128.3625030517578,111.24234771728516,23840,0.0,0.0
2008-07-15,129.9949951171875,129.9949951171875,124.50499725341795,124.91999816894533,108.2589874267578,38420,0.0,0.0
2008-07-16,139.35000610351562,139.35000610351562,122.5,122.86499786376952,106.47804260253906,36320,0.0,0.0
2008-07-17,125.0,125.0,120.5999984741211,124.75250244140624,108.1138153076172,37680,0.0,0.0
2008-07-18,125.0,125.0,123.15499877929688,124.36499786376952,107.7779769897461,35700,0.0,0.0
2008-07-21,123.75,125.0,123.5,124.9574966430664,108.2914810180664,21180,0.0,0.0
2008-07-22,124.9499969482422,126.0,123.75,124.8874969482422,108.23079681396484,43940,0.0,0.0
2008-07-23,134.9499969482422,134.9499969482422,127.5,131.2449951171875,113.7403793334961,63580,0.0,0.0
2008-07-24,132.375,133.89999389648438,130.75,131.52000427246094,113.97872161865234,26400,0.0,0.0
2008-07-25,134.5,134.5,129.0,130.91749572753906,113.4565658569336,21160,0.0,0.0
2008-07-28,133.0,134.25,131.25,132.25,114.61136627197266,106360,0.0,0.0
2008-07-29,131.5,132.6999969482422,128.75,128.96499633789062,111.76447296142578,46380,0.0,0.0
2008-07-30,129.0,134.75,127.0,131.92999267578125,114.33402252197266,48880,0.0,0.0
2008-07-31,131.9499969482422,132.5,127.5,129.39500427246094,112.13713836669922,54140,0.0,0.0
2008-08-01,129.5,133.9250030517578,125.0500030517578,130.64500427246094,114.10220336914062,24220,1.0,0.0
2008-08-04,131.25,133.9499969482422,130.10000610351562,130.58250427246094,114.04764556884766,55260,0.0,0.0
2008-08-05,131.25,134.25,130.5,133.8000030517578,116.85773468017578,619080,0.0,0.0
2008-08-06,135.0,137.24249267578125,133.75250244140625,135.00250244140625,117.90797424316406,135140,0.0,0.0
2008-08-07,132.0,136.25,130.0,136.11749267578125,118.88178253173828,34820,0.0,0.0
2008-08-08,136.0,136.0,132.5,134.94500732421875,117.85774230957033,37220,0.0,0.0
2008-08-11,137.0,137.0,131.33999633789062,133.5675048828125,116.65465545654295,62680,0.0,0.0
2008-08-12,133.75,134.84750366210938,131.33999633789062,132.28250122070312,115.53237915039062,30080,0.0,0.0
2008-08-13,132.5,134.0,131.0,132.5225067138672,115.74200439453124,21720,0.0,0.0
2008-08-14,132.5,134.0,131.5,133.5749969482422,116.66121673583984,23300,0.0,0.0
2008-08-18,128.0,133.88250732421875,127.77749633789062,131.89999389648438,115.19830322265624,45180,0.0,0.0
2008-08-19,131.60000610351562,134.75,131.55499267578125,134.03500366210938,117.06295776367188,63740,0.0,0.0
2008-08-20,133.5,134.89999389648438,132.5,132.61000061035156,115.8184051513672,21520,0.0,0.0
2008-08-21,132.5500030517578,134.37249755859375,132.0,133.02749633789062,116.18305206298828,17900,0.0,0.0
2008-08-22,132.5,133.5,131.60499572753906,133.03250122070312,116.18742370605467,5760,0.0,0.0
2008-08-25,132.5,135.0,130.0,132.5050048828125,115.72671508789062,9860,0.0,0.0
2008-08-26,131.5500030517578,132.25,130.5,130.8350067138672,114.26818084716795,16180,0.0,0.0
2008-08-27,131.60499572753906,133.64500427246094,127.5,127.71749877929688,111.54540252685548,56820,0.0,0.0
2008-08-28,127.5,129.39999389648438,127.5,128.21249389648438,111.97772216796876,5640,0.0,0.0
2008-08-29,133.8925018310547,133.8925018310547,122.5,126.63500213623048,110.59999084472656,141680,0.0,0.0
2008-09-01,126.5,127.8000030517578,125.0500030517578,127.09750366210938,111.00393676757812,10040,0.0,0.0
2008-09-02,122.5,129.0,122.5,128.65499877929688,112.36420440673828,15480,0.0,0.0
2008-09-04,125.0999984741211,129.0,125.0999984741211,126.125,110.1545639038086,30020,0.0,0.0
2008-09-05,124.5,127.3000030517578,123.8000030517578,126.9499969482422,110.87509155273438,9560,0.0,0.0
2008-09-08,128.64999389648438,129.4499969482422,126.5,127.20999908447266,111.10216522216795,34560,0.0,0.0
2008-09-09,126.5,128.9499969482422,125.5,127.71499633789062,111.5432357788086,7360,0.0,0.0
2008-09-10,127.5500030517578,134.0,127.5500030517578,132.25250244140625,115.50617218017578,57480,0.0,0.0
2008-09-11,135.0,137.5,130.2624969482422,131.05999755859375,114.46466064453124,123540,0.0,0.0
2008-09-12,134.5,134.6999969482422,132.5,133.27499389648438,116.39920043945312,64340,0.0,0.0
2008-09-15,133.0,134.1999969482422,128.75,129.9499969482422,113.49520111083984,74820,0.0,0.0
2008-09-16,124.5,129.75,122.75,129.52999877929688,113.12842559814452,76300,0.0,0.0
2008-09-17,129.75,132.5,127.5,129.10000610351562,112.75289154052734,58560,0.0,0.0
2008-09-18,125.1500015258789,127.9499969482422,124.0,125.48999786376952,109.59996032714844,63260,0.0,0.0
2008-09-19,132.41749572753906,132.41749572753906,124.0,124.9875030517578,109.16110229492188,156660,0.0,0.0
2008-09-22,127.5,128.0,124.30500030517578,124.74749755859376,108.95149993896484,278020,0.0,0.0
2008-09-23,124.8499984741211,124.8499984741211,121.6500015258789,122.3499984741211,106.85755920410156,399320,0.0,0.0
2008-09-24,124.0,124.0,119.8000030517578,120.31999969482422,105.0846176147461,81880,0.0,0.0
2008-09-25,122.0,122.0,118.75250244140624,119.44499969482422,104.32040405273438,258260,0.0,0.0
2008-09-26,119.25,120.74749755859376,113.75,113.9175033569336,99.49280548095705,138760,0.0,0.0
2008-09-29,114.0,114.0,99.6500015258789,100.18000030517578,87.49483489990234,271540,0.0,0.0
2008-09-30,100.18000030517578,102.6500015258789,92.5,101.87000274658205,88.9708251953125,489600,0.0,0.0
2008-10-01,110.0,112.4000015258789,100.0,107.6500015258789,94.01893615722656,256772,0.0,10.0
2008-10-03,107.0,111.4000015258789,106.0,107.0500030517578,93.4949188232422,100138,0.0,0.0
2008-10-06,107.9000015258789,107.9000015258789,101.0999984741211,102.75,89.73939514160156,50771,0.0,0.0
2008-10-07,103.0,105.0,101.0500030517578,102.3000030517578,89.34638977050781,38692,0.0,0.0
2008-10-08,100.0500030517578,101.5999984741211,94.0,97.5,85.1541748046875,61160,0.0,0.0
2008-10-10,96.0,97.0,91.1999969482422,94.6500015258789,82.66505432128906,40221,0.0,0.0
2008-10-13,93.0,101.75,93.0,100.8499984741211,88.07996368408203,64692,0.0,0.0
2008-10-14,104.3000030517578,105.5,92.5,93.6500015258789,81.79167938232422,34309,0.0,0.0
2008-10-15,90.1999969482422,93.0,86.05000305175781,89.8499984741211,78.47283935546875,23093,0.0,0.0
2008-10-16,88.5,88.94999694824219,80.5,86.30000305175781,75.37236785888672,48951,0.0,0.0
2008-10-17,85.0,88.94999694824219,78.0,79.5,69.43339538574219,35595,0.0,0.0
2008-10-20,80.1500015258789,86.0,80.1500015258789,83.05000305175781,72.53389739990234,543558,0.0,0.0
2008-10-21,84.0,86.30000305175781,78.0,79.0999984741211,69.08403015136719,65225,0.0,0.0
2008-10-22,82.0,82.0,76.25,77.05000305175781,67.29363250732422,82548,0.0,0.0
2008-10-23,77.0,79.94999694824219,71.4000015258789,75.30000305175781,65.7652359008789,33715,0.0,0.0
2008-10-24,75.0,75.0,61.0,63.84999847412109,55.76507186889648,104500,0.0,0.0
2008-10-27,72.94999694824219,72.94999694824219,56.70000076293945,62.79999923706055,54.848026275634766,100930,0.0,0.0
2008-10-29,68.94999694824219,69.0,56.45000076293945,60.0,52.4025764465332,282560,0.0,0.0
2008-10-31,67.0,70.0,62.09999847412109,63.84999847412109,55.76507186889648,1048294,0.0,0.0
2008-11-03,66.5,70.0,65.0,65.8499984741211,57.51181411743164,105815,0.0,0.0
2008-11-04,67.0,71.9000015258789,62.0,70.0999984741211,61.22365951538086,107538,0.0,0.0
2008-11-05,70.0999984741211,75.0,67.05000305175781,68.5,59.826263427734375,215045,0.0,0.0
2008-11-06,67.94999694824219,67.94999694824219,62.900001525878906,64.94999694824219,56.72577667236328,345212,0.0,0.0
2008-11-07,64.0,70.0,62.150001525878906,67.0999984741211,58.603546142578125,76056,0.0,0.0
2008-11-10,68.0,73.0,68.0,70.69999694824219,61.74768829345703,584406,0.0,0.0
2008-11-11,71.0,72.94999694824219,67.55000305175781,69.05000305175781,60.30662536621094,57307,0.0,0.0
2008-11-12,69.9000015258789,69.94999694824219,66.0,66.55000305175781,58.1231803894043,23329,0.0,0.0
2008-11-14,68.25,69.9000015258789,62.0,62.70000076293945,54.76069259643555,67460,0.0,0.0
2008-11-17,62.04999923706055,65.0,61.0,61.59999847412109,53.79997253417969,105577,0.0,0.0
2008-11-18,61.20000076293945,62.75,59.09999847412109,59.900001525878906,52.31522750854492,71202,0.0,0.0
2008-11-19,60.0,63.0,59.54999923706055,62.0,54.14931488037109,179179,0.0,0.0
2008-11-20,60.0,62.0,59.54999923706055,61.0,53.27593994140625,59144,0.0,0.0
2008-11-21,60.900001525878906,62.0,59.5,59.900001525878906,52.31522750854492,131071,0.0,0.0
2008-11-24,60.150001525878906,61.70000076293945,55.25,57.84999847412109,50.52481460571289,32247,0.0,0.0
2008-11-25,61.75,61.75,57.0,58.54999923706055,51.13617706298828,89142,0.0,0.0
2008-11-26,59.95000076293945,59.95000076293945,57.0,58.84999847412109,51.3981819152832,268163,0.0,0.0
2008-11-27,58.84999847412109,58.84999847412109,58.84999847412109,58.84999847412109,51.3981819152832,0,0.0,0.0
2008-11-28,56.0,58.650001525878906,56.0,57.09999847412109,49.869773864746094,32530,0.0,0.0
2008-12-01,57.09999847412109,60.0,56.20000076293945,58.59999847412109,51.17984390258789,50031,0.0,0.0
2008-12-02,56.5,59.79999923706055,56.5,59.150001525878906,51.66019821166992,30504,0.0,0.0
2008-12-03,58.20000076293945,61.25,58.20000076293945,59.75,52.184226989746094,33689,0.0,0.0
2008-12-04,60.45000076293945,64.8499984741211,59.5,62.09999847412109,54.23664855957031,202178,0.0,0.0
2008-12-05,62.04999923706055,62.900001525878906,59.09999847412109,59.95000076293945,52.3588981628418,27608,0.0,0.0
2008-12-08,62.95000076293945,62.95000076293945,61.0,61.84999847412109,54.018310546875,24594,0.0,0.0
2008-12-10,63.0,67.80000305175781,59.0,66.75,58.2978515625,81389,0.0,0.0
2008-12-11,67.9000015258789,69.8499984741211,65.5,66.8499984741211,58.38518905639648,99277,0.0,0.0
2008-12-12,65.0,74.44999694824219,63.150001525878906,72.8499984741211,63.625450134277344,83832,0.0,0.0
2008-12-15,74.0,75.8499984741211,69.25,70.44999694824219,61.52934265136719,135758,0.0,0.0
2008-12-16,72.5,72.5,70.0999984741211,70.94999694824219,61.96603012084961,137811,0.0,0.0
2008-12-17,70.25,71.5,66.05000305175781,66.75,58.2978515625,62962,0.0,0.0
2008-12-18,67.0,71.4000015258789,65.94999694824219,70.0,61.136322021484375,108143,0.0,0.0
2008-12-19,67.9000015258789,70.5,67.5,69.80000305175781,60.96165466308594,61208,0.0,0.0
2008-12-22,70.4000015258789,70.5,68.30000305175781,68.8499984741211,60.13193893432617,40805,0.0,0.0
2008-12-23,69.8499984741211,70.5,67.25,68.0,59.38957977294922,46002,0.0,0.0
2008-12-24,67.5999984741211,69.5999984741211,66.05000305175781,66.9000015258789,58.42886734008789,26228,0.0,0.0
2008-12-26,67.0,68.1500015258789,65.9000015258789,66.1500015258789,57.773834228515625,16645,0.0,0.0
2008-12-29,66.30000305175781,67.94999694824219,65.0,66.5999984741211,58.16684722900391,16362,0.0,0.0
2008-12-30,66.0,68.4000015258789,66.0,67.3499984741211,58.8218879699707,22413,0.0,0.0
2008-12-31,67.0,70.5,67.0,69.75,60.9179916381836,41771,0.0,0.0
2009-01-02,69.80000305175781,70.5999984741211,69.44999694824219,70.4000015258789,61.48567962646485,366816,0.0,0.0
2009-01-05,73.75,73.75,69.6500015258789,69.94999694824219,61.09267044067383,78282,0.0,0.0
2009-01-06,70.0,76.9000015258789,69.5,74.5999984741211,65.15386962890625,1122862,0.0,0.0
2009-01-07,76.0,77.69999694824219,66.0,67.80000305175781,59.21491622924805,449554,0.0,0.0
2009-01-09,69.0,71.0,64.30000305175781,65.0999984741211,56.85678482055664,110627,0.0,0.0
2009-01-12,69.0,69.0,64.05000305175781,67.1500015258789,58.6472053527832,77509,0.0,0.0
2009-01-13,66.44999694824219,69.75,66.44999694824219,67.4000015258789,58.86554718017578,82114,0.0,0.0
2009-01-14,66.0,69.1500015258789,66.0,68.25,59.60792541503906,40251,0.0,0.0
2009-01-15,66.9000015258789,67.5,65.0,66.25,57.86116027832031,43680,0.0,0.0
2009-01-16,67.0,67.69999694824219,64.5,65.19999694824219,56.94411087036133,56359,0.0,0.0
2009-01-19,67.4000015258789,69.0,65.30000305175781,66.6500015258789,58.21052551269531,85831,0.0,0.0
2009-01-20,65.05000305175781,66.9000015258789,65.0,65.30000305175781,57.031471252441406,14290,0.0,0.0
2009-01-21,65.0,66.5,64.1500015258789,65.4000015258789,57.11880111694336,39741,0.0,0.0
2009-01-22,64.25,66.0,62.0,62.400001525878906,54.49866485595703,48386,0.0,0.0
2009-01-23,63.09999847412109,64.19999694824219,61.400001525878906,63.20000076293945,55.1973762512207,46691,0.0,0.0
2009-01-27,64.0,64.9000015258789,61.34999847412109,62.25,54.367671966552734,18993,0.0,0.0
2009-01-28,64.0,66.0,62.09999847412109,65.05000305175781,56.81311798095703,55911,0.0,0.0
2009-01-29,66.5,66.5,61.0,63.650001525878906,55.59039306640625,194211,0.0,0.0
2009-01-30,64.19999694824219,65.0,61.09999847412109,64.0999984741211,55.9834098815918,22648,0.0,0.0
2009-02-02,64.0999984741211,65.5,63.09999847412109,63.900001525878906,55.80873107910156,54384,0.0,0.0
2009-02-03,64.94999694824219,66.5,63.59999847412109,64.75,56.55111312866211,53322,0.0,0.0
2009-02-04,65.0,65.94999694824219,64.0,64.4000015258789,57.12771224975586,18584,1.0,0.0
2009-02-05,67.0,67.0,62.5,63.400001525878906,56.240631103515625,20930,0.0,0.0
2009-02-06,64.0,66.0,62.5,64.6500015258789,57.3494758605957,59275,0.0,0.0
2009-02-09,64.80000305175781,66.5,64.80000305175781,66.0,58.54703903198242,529927,0.0,0.0
2009-02-10,66.4000015258789,67.4000015258789,65.25,66.0999984741211,58.63573455810547,75442,0.0,0.0
2009-02-11,63.09999847412109,66.75,63.09999847412109,66.1500015258789,58.68009567260742,16506,0.0,0.0
2009-02-12,64.1500015258789,67.44999694824219,64.1500015258789,66.19999694824219,58.72444534301758,17726,0.0,0.0
2009-02-13,67.4000015258789,67.5,65.19999694824219,66.9000015258789,59.345401763916016,58565,0.0,0.0
2009-02-16,67.0,69.4000015258789,64.80000305175781,66.0999984741211,58.63573455810547,90449,0.0,0.0
2009-02-17,64.80000305175781,65.5,63.150001525878906,65.05000305175781,57.70429992675781,29344,0.0,0.0
2009-02-18,65.0,65.05000305175781,63.04999923706055,64.05000305175781,56.81722640991211,39946,0.0,0.0
2009-02-19,65.0999984741211,65.5,62.0,62.70000076293945,55.61967468261719,37107,0.0,0.0
2009-02-20,63.5,63.5,61.29999923706055,61.84999847412109,54.865665435791016,20434,0.0,0.0
2009-02-24,60.5,62.0,58.0,59.150001525878906,52.47055816650391,102842,0.0,0.0
2009-02-25,60.400001525878906,61.70000076293945,59.0,59.79999923706055,53.04715347290039,41919,0.0,0.0
2009-02-26,60.0,60.59999847412109,59.0,60.09999847412109,53.31327438354492,27522,0.0,0.0
2009-02-27,60.0,60.0,58.09999847412109,59.650001525878906,52.914100646972656,23267,0.0,0.0
2009-03-02,59.95000076293945,60.95000076293945,58.09999847412109,59.650001525878906,52.914100646972656,35500,0.0,0.0
2009-03-03,59.95000076293945,59.95000076293945,58.0,58.34999847412109,51.76089477539063,26904,0.0,0.0
2009-03-04,59.0,60.900001525878906,58.900001525878906,59.650001525878906,52.914100646972656,35774,0.0,0.0
2009-03-05,59.650001525878906,60.900001525878906,59.0,59.650001525878906,52.914100646972656,39090,0.0,0.0
2009-03-06,59.0,59.84999847412109,58.20000076293945,59.04999923706055,52.38185501098633,21014,0.0,0.0
2009-03-09,57.59999847412109,59.79999923706055,57.59999847412109,59.29999923706055,52.60361099243164,18194,0.0,0.0
2009-03-12,59.0,61.0,58.95000076293945,59.900001525878906,53.1358642578125,26990,0.0,0.0
2009-03-13,61.0,61.09999847412109,59.04999923706055,59.5,52.781036376953125,84145,0.0,0.0
2009-03-16,59.5,64.5,59.5,61.0,54.11164474487305,1193376,0.0,0.0
2009-03-17,61.75,68.80000305175781,61.34999847412109,65.19999694824219,57.837364196777344,343891,0.0,0.0
2009-03-18,67.9000015258789,67.9000015258789,64.55000305175781,65.25,57.8817253112793,82720,0.0,0.0
2009-03-19,66.0,66.9000015258789,62.5,64.0999984741211,56.86158752441406,37936,0.0,0.0
2009-03-20,61.5,64.69999694824219,61.5,62.900001525878906,55.797096252441406,44500,0.0,0.0
2009-03-23,63.0,72.0,62.20000076293945,69.3499984741211,61.51872634887695,95595,0.0,0.0
2009-03-24,70.0,73.0,65.0999984741211,65.5,58.103492736816406,95101,0.0,0.0
2009-03-25,65.0,67.9000015258789,64.5,65.5,58.103492736816406,74092,0.0,0.0
2009-03-26,66.94999694824219,67.69999694824219,65.05000305175781,66.94999694824219,59.38974380493164,168915,0.0,0.0
2009-03-27,66.94999694824219,70.5,65.8499984741211,69.5999984741211,61.74052047729492,75934,0.0,0.0
2009-03-30,66.0,69.19999694824219,65.3499984741211,68.3499984741211,60.63166046142578,68190,0.0,0.0
2009-03-31,68.0,73.94999694824219,67.9000015258789,71.44999694824219,63.3816032409668,104388,0.0,0.0
2009-04-01,72.0,74.5,70.0,70.05000305175781,62.13969039916992,910671,0.0,0.0
2009-04-02,73.5,79.0,70.0,76.8499984741211,68.17181396484375,1160232,0.0,0.0
2009-04-06,78.94999694824219,84.4000015258789,76.0999984741211,78.5999984741211,69.72418212890625,786983,0.0,0.0
2009-04-08,79.0,81.5,76.0999984741211,78.3499984741211,69.50242614746094,374526,0.0,0.0
2009-04-09,80.5,80.5,74.19999694824219,77.05000305175781,68.3492202758789,295639,0.0,0.0
2009-04-13,78.0,81.0,75.0,75.5,66.97425842285156,424505,0.0,0.0
2009-04-15,76.0,83.19999694824219,75.9000015258789,81.55000305175781,72.34105682373047,1398873,0.0,0.0
2009-04-16,83.0,84.75,73.1500015258789,74.6500015258789,66.22024536132812,909462,0.0,0.0
2009-04-17,76.5,78.44999694824219,74.0,74.55000305175781,66.13153839111328,199274,0.0,0.0
2009-04-20,76.9000015258789,78.1500015258789,74.25,75.1500015258789,66.66377258300781,226123,0.0,0.0
2009-04-21,75.1500015258789,77.3499984741211,72.25,76.0999984741211,67.50650787353516,179611,0.0,0.0
2009-04-22,76.0999984741211,82.19999694824219,75.05000305175781,78.69999694824219,69.81289672851562,663286,0.0,0.0
2009-04-23,79.0,83.9000015258789,78.5,82.8499984741211,73.49424743652344,706351,0.0,0.0
2009-04-24,83.0,84.80000305175781,80.19999694824219,83.8499984741211,74.3813247680664,442064,0.0,0.0
2009-04-27,83.44999694824219,86.0,81.0,82.19999694824219,72.91764831542969,346755,0.0,0.0
2009-04-28,81.25,83.5,76.5,79.9000015258789,70.87738800048828,326670,0.0,0.0
2009-04-29,81.0,82.0,78.5,79.94999694824219,70.92173767089844,94643,0.0,0.0
2009-04-30,80.4000015258789,80.4000015258789,80.4000015258789,80.4000015258789,71.32093048095703,0,0.0,0.0
2009-05-04,80.0,83.0,80.0,81.5999984741211,72.38540649414062,111104,0.0,0.0
2009-05-05,82.0,83.25,81.5999984741211,82.44999694824219,73.13944244384766,115673,0.0,0.0
2009-05-06,83.0,88.5,82.0,83.5999984741211,74.15957641601562,424376,0.0,0.0
2009-05-07,85.0,91.4000015258789,81.55000305175781,89.8499984741211,79.70378875732422,492960,0.0,0.0
2009-05-08,89.75,92.9499969482422,85.0999984741211,87.55000305175781,77.66352081298828,387800,0.0,0.0
2009-05-11,87.0999984741211,89.0,81.69999694824219,85.44999694824219,75.80065155029297,330750,0.0,0.0
2009-05-12,84.6500015258789,84.6500015258789,82.5,83.5999984741211,74.15957641601562,273818,0.0,0.0
2009-05-13,83.8499984741211,85.5,81.5,82.4000015258789,73.09507751464844,211785,0.0,0.0
2009-05-14,82.4000015258789,84.5,80.5999984741211,82.94999694824219,73.58297729492188,177081,0.0,0.0
2009-05-15,83.5,84.80000305175781,80.30000305175781,81.3499984741211,72.16363525390625,176080,0.0,0.0
2009-05-18,89.5,97.0,89.5,95.8000030517578,84.98190307617188,5000,0.0,0.0
2009-05-19,97.0,97.0,86.0,88.9000015258789,78.86107635498047,957179,0.0,0.0
2009-05-20,88.9000015258789,106.6999969482422,88.9000015258789,103.1999969482422,91.54624938964844,1316167,0.0,0.0
2009-05-21,103.1999969482422,105.0,97.0,97.8499984741211,86.80040740966797,704177,0.0,0.0
2009-05-22,95.25,107.0,94.0999984741211,103.5500030517578,91.85675811767578,789141,0.0,0.0
2009-05-25,109.0,117.4000015258789,108.0,111.0999984741211,98.55416107177734,2081427,0.0,0.0
2009-05-26,113.75,113.75,100.0500030517578,104.9000015258789,93.05429077148438,651377,0.0,0.0
2009-05-27,110.75,112.0,103.5,106.5500030517578,94.5179672241211,524464,0.0,0.0
2009-05-28,106.0,110.5,105.0,106.9499969482422,94.872802734375,807372,0.0,0.0
2009-05-29,108.6500015258789,112.4000015258789,105.8000030517578,106.8000030517578,94.73971557617188,1547728,0.0,0.0
2009-06-01,108.0,109.8000030517578,105.5,108.25,96.0260009765625,931601,0.0,0.0
2009-06-02,110.25,116.1999969482422,109.0,113.9000015258789,101.03797912597656,2077268,0.0,0.0
2009-06-03,115.0,119.5999984741211,112.0,114.25,101.34844207763672,1265035,0.0,0.0
2009-06-04,115.0,116.8499984741211,111.0,113.5,100.6831283569336,449608,0.0,0.0
2009-06-05,114.8499984741211,118.5,112.25,116.0,102.90082550048828,1014522,0.0,0.0
2009-06-08,119.5,119.5,107.0,108.5,96.24774932861328,483536,0.0,0.0
2009-06-09,108.0,117.9000015258789,104.5500030517578,115.5,102.45730590820312,467815,0.0,0.0
2009-06-10,122.3499984741211,122.3499984741211,114.25,119.0,105.56207275390624,1277903,0.0,0.0
2009-06-11,120.0,120.6500015258789,113.5999984741211,115.6999969482422,102.63473510742188,484022,0.0,0.0
2009-06-12,117.0999984741211,118.0,108.1999969482422,109.25,96.91307830810548,468942,0.0,0.0
2009-06-15,109.4499969482422,112.4000015258789,104.1999969482422,106.3499984741211,94.3405532836914,469140,0.0,0.0
2009-06-16,104.8000030517578,106.5,102.3000030517578,105.0999984741211,93.23169708251952,518989,0.0,0.0
2009-06-17,106.0,106.9000015258789,98.3000030517578,99.8499984741211,88.57455444335938,249578,0.0,0.0
2009-06-18,100.0,100.9000015258789,93.0,97.6999969482422,86.66734313964844,278963,0.0,0.0
2009-06-19,100.0,104.0,96.1999969482422,97.1500015258789,86.17945098876953,575020,0.0,0.0
2009-06-22,99.9499969482422,101.8499984741211,97.5,99.5,88.26408386230469,166836,0.0,0.0
2009-06-23,98.0,101.0,95.0999984741211,100.1999969482422,88.88504028320312,391043,0.0,0.0
2009-06-24,102.0,109.9000015258789,98.5,103.0500030517578,91.41321563720705,331009,0.0,0.0
2009-06-25,107.4000015258789,107.4000015258789,100.5,101.3499984741211,89.90516662597656,142847,0.0,0.0
2009-06-26,102.0,105.9499969482422,102.0,102.8499984741211,91.23578643798828,291380,0.0,0.0
2009-06-29,103.9499969482422,103.9499969482422,99.5500030517578,102.6500015258789,91.058349609375,211608,0.0,0.0
2009-06-30,103.0,103.5,98.8499984741211,102.0,90.48176574707033,513464,0.0,0.0
2009-07-01,104.0,104.0,100.5,102.1999969482422,90.6591796875,113079,0.0,0.0
2009-07-02,103.8000030517578,104.8000030517578,99.6500015258789,102.0500030517578,90.52613067626952,153842,0.0,0.0
2009-07-03,100.0,103.25,100.0,102.1500015258789,90.61483764648438,199482,0.0,0.0
2009-07-06,102.5,105.1999969482422,99.5,101.5500030517578,90.08258819580078,187382,0.0,0.0
2009-07-07,100.1500015258789,107.4000015258789,97.5,105.6500015258789,93.71958923339844,293109,0.0,0.0
2009-07-08,104.0,109.9000015258789,100.5500030517578,104.0999984741211,92.34461975097656,570509,0.0,0.0
2009-07-09,104.75,108.0,102.0999984741211,104.6999969482422,92.87686157226562,209512,0.0,0.0
2009-07-10,107.9000015258789,107.9000015258789,100.0999984741211,101.0999984741211,89.68338775634766,197253,0.0,0.0
2009-07-13,100.5999984741211,101.0,95.0500030517578,97.9499969482422,86.88912200927734,248326,0.0,0.0
2009-07-14,100.0,103.5,98.1999969482422,102.6500015258789,91.058349609375,266386,0.0,0.0
2009-07-15,103.0,108.8000030517578,102.4499969482422,104.75,92.92121887207033,617662,0.0,0.0
2009-07-16,107.9000015258789,107.9000015258789,102.5,103.1999969482422,91.54624938964844,115899,0.0,0.0
2009-07-17,105.5,106.9000015258789,104.9000015258789,105.6999969482422,93.76394653320312,130934,0.0,0.0
2009-07-20,101.0,112.0,101.0,109.6999969482422,97.312255859375,254756,0.0,0.0
2009-07-21,111.0,119.3499984741211,109.0,117.6999969482422,104.40884399414062,841753,0.0,0.0
2009-07-22,117.0,119.3499984741211,110.5500030517578,112.0,99.35255432128906,564799,0.0,0.0
2009-07-23,113.0,117.3499984741211,111.3000030517578,115.5999984741211,102.5459976196289,678498,0.0,0.0
2009-07-24,117.0,119.9000015258789,111.25,112.3000030517578,99.61865234375,600381,0.0,0.0
2009-07-27,112.0,115.4000015258789,111.9000015258789,114.6500015258789,101.70327758789062,216589,0.0,0.0
2009-07-28,117.1999969482422,121.0,115.5,119.5999984741211,107.02782440185548,2442686,1.0,0.0
2009-07-29,121.0,121.9000015258789,112.5,115.5500030517578,103.40357208251952,2709070,0.0,0.0
2009-07-30,118.0,119.9000015258789,116.1999969482422,116.6999969482422,104.43265533447266,1555616,0.0,0.0
2009-07-31,118.8000030517578,120.25,116.9000015258789,117.1999969482422,104.8801040649414,895637,0.0,0.0
2009-08-03,118.0,118.4499969482422,115.25,115.9000015258789,103.71676635742188,367324,0.0,0.0
2009-08-04,116.1999969482422,119.0,114.6999969482422,116.25,104.02997589111328,611283,0.0,0.0
2009-08-05,117.0,117.9000015258789,115.3000030517578,116.9499969482422,104.65640258789062,441113,0.0,0.0
2009-08-06,117.5,118.5999984741211,112.5999984741211,113.4000015258789,101.47955322265624,436809,0.0,0.0
2009-08-07,112.4499969482422,114.8000030517578,109.1500015258789,110.1999969482422,98.61593627929688,529714,0.0,0.0
2009-08-10,112.0,113.8000030517578,101.6500015258789,102.9499969482422,92.12804412841795,531246,0.0,0.0
2009-08-11,103.0,106.0,101.1500015258789,103.75,92.8439712524414,243736,0.0,0.0
2009-08-12,102.0,103.0,97.3000030517578,100.8499984741211,90.24881744384766,540330,0.0,0.0
2009-08-13,103.0,108.3000030517578,102.75,106.75,95.52860260009766,513042,0.0,0.0
2009-08-14,107.4499969482422,109.9499969482422,105.6999969482422,108.1999969482422,96.82617950439452,414446,0.0,0.0
2009-08-17,107.0,107.0,102.0,106.0500030517578,94.90219116210938,251475,0.0,0.0
2009-08-18,106.0,106.5999984741211,103.1999969482422,105.9000015258789,94.76795959472656,319581,0.0,0.0
2009-08-19,106.0,107.5,103.0999984741211,104.9000015258789,93.87307739257812,408022,0.0,0.0
2009-08-20,107.0,107.0,104.0,105.0500030517578,94.0073013305664,176281,0.0,0.0
2009-08-21,105.0,105.9000015258789,101.9499969482422,104.75,93.73883819580078,268788,0.0,0.0
2009-08-24,106.5,108.6999969482422,105.0500030517578,105.6999969482422,94.5889663696289,776593,0.0,0.0
2009-08-25,104.0,108.8000030517578,104.0,105.9499969482422,94.81269073486328,393414,0.0,0.0
2009-08-26,107.0999984741211,109.8000030517578,106.5,107.0500030517578,95.79706573486328,844750,0.0,0.0
2009-08-27,106.1500015258789,108.6999969482422,106.1500015258789,107.25,95.9760284423828,162979,0.0,0.0
2009-08-28,106.5,114.4499969482422,104.0999984741211,110.25,98.66067504882812,825457,0.0,0.0
2009-08-31,108.9000015258789,110.0,106.0,108.1999969482422,96.82617950439452,231851,0.0,0.0
2009-09-01,109.8000030517578,113.9000015258789,106.0999984741211,106.5999984741211,95.39437103271484,568306,0.0,0.0
2009-09-02,105.0,107.6500015258789,103.5999984741211,104.0,93.06768798828124,469059,0.0,0.0
2009-09-03,105.0,106.4000015258789,104.3000030517578,104.75,93.73883819580078,115430,0.0,0.0
2009-09-04,104.8000030517578,108.6500015258789,104.8000030517578,108.0999984741211,96.73670959472656,470250,0.0,0.0
2009-09-07,109.4000015258789,110.9000015258789,108.25,110.1999969482422,98.61593627929688,490957,0.0,0.0
2009-09-08,111.9499969482422,114.0,109.5,110.3499984741211,98.75018310546876,1216832,0.0,0.0
2009-09-09,113.5,113.5,109.1500015258789,112.3499984741211,100.53992462158205,502892,0.0,0.0
2009-09-10,112.9000015258789,114.0,110.5,112.0500030517578,100.27146911621094,301618,0.0,0.0
2009-09-11,112.25,113.4499969482422,110.5,112.1999969482422,100.40569305419922,245277,0.0,0.0
2009-09-14,112.75,116.3000030517578,110.5,113.3000030517578,101.39007568359376,713786,0.0,0.0
2009-09-15,114.5999984741211,115.9000015258789,113.0,115.4000015258789,103.2693328857422,296819,0.0,0.0
2009-09-16,115.5999984741211,119.6999969482422,114.8499984741211,117.8499984741211,105.4617691040039,667996,0.0,0.0
2009-09-17,119.1999969482422,120.0,115.5,116.4000015258789,104.1642074584961,476244,0.0,0.0
2009-09-18,116.4000015258789,128.3000030517578,115.8000030517578,125.1500015258789,111.99441528320312,2716696,0.0,0.0
2009-09-22,125.0,128.6999969482422,122.3499984741211,122.8499984741211,109.9361801147461,673700,0.0,0.0
2009-09-23,121.0500030517578,123.9000015258789,121.0500030517578,121.6500015258789,108.86233520507812,290223,0.0,0.0
2009-09-24,118.0,125.0,118.0,122.0999984741211,109.26502990722656,265300,0.0,0.0
2009-09-25,120.0,124.0,120.0,121.25,108.5043716430664,178707,0.0,0.0
2009-09-29,121.25,123.9499969482422,120.5,121.1999969482422,108.45965576171876,356439,0.0,0.0
2009-09-30,119.1500015258789,122.9000015258789,119.1500015258789,121.1999969482422,108.45965576171876,695371,0.0,0.0
2009-10-01,120.0,127.9000015258789,120.0,124.3000030517578,111.23377227783205,466483,0.0,0.0
2009-10-05,122.8000030517578,127.5,121.5,122.1500015258789,109.30977630615234,225611,0.0,0.0
2009-10-06,125.0,125.0,116.0,117.5500030517578,105.1933364868164,754498,0.0,0.0
2009-10-07,119.4000015258789,119.9499969482422,117.3000030517578,118.1999969482422,105.7750015258789,673769,0.0,0.0
2009-10-08,119.0,119.75,116.5500030517578,117.8499984741211,105.4617691040039,265387,0.0,0.0
2009-10-09,119.4000015258789,119.4000015258789,114.1999969482422,115.6500015258789,103.49304962158205,499099,0.0,0.0
2009-10-12,118.6500015258789,119.0,115.1500015258789,116.1500015258789,103.94050598144533,387067,0.0,0.0
2009-10-13,115.9000015258789,115.9000015258789,115.9000015258789,115.9000015258789,103.71676635742188,0,0.0,0.0
2009-10-14,117.0,121.5,114.0500030517578,114.8000030517578,102.7323989868164,1066511,0.0,0.0
2009-10-15,118.0,118.0,113.8499984741211,114.5,102.4639129638672,177890,0.0,0.0
2009-10-16,114.5999984741211,116.3000030517578,113.3000030517578,113.8499984741211,101.88227081298828,126818,0.0,0.0
2009-10-20,114.5,117.4000015258789,113.0,114.8000030517578,102.7323989868164,103560,0.0,0.0
2009-10-21,114.25,116.1999969482422,113.8499984741211,115.0,102.91138458251952,190939,0.0,0.0
2009-10-22,114.0,114.9499969482422,106.1999969482422,108.3000030517578,96.91565704345705,193252,0.0,0.0
2009-10-23,109.5,113.5,109.0,111.6500015258789,99.91352081298828,320492,0.0,0.0
2009-10-26,112.3499984741211,113.0,109.8000030517578,110.9499969482422,99.287109375,492202,0.0,0.0
2009-10-27,110.8000030517578,113.8499984741211,105.25,109.8499984741211,98.30272674560548,632915,0.0,0.0
2009-10-28,110.6999969482422,113.5500030517578,108.25,112.8000030517578,100.9426498413086,333891,0.0,0.0
2009-10-29,111.9000015258789,112.4499969482422,108.0500030517578,108.6999969482422,97.27362060546876,185623,0.0,0.0
2009-10-30,110.4499969482422,112.0,106.8000030517578,107.8499984741211,97.8634262084961,145726,1.5,0.0
2009-11-03,106.0999984741211,109.3499984741211,99.3000030517578,100.5500030517578,91.2394027709961,301389,0.0,0.0
2009-11-04,104.0,104.0,100.6500015258789,102.5,93.00881958007812,103585,0.0,0.0
2009-11-05,103.0,103.0,99.75,100.4000015258789,91.10327911376952,170710,0.0,0.0
2009-11-06,103.4499969482422,104.0,101.5999984741211,103.4000015258789,93.8254852294922,389928,0.0,0.0
2009-11-09,102.25,105.6999969482422,102.25,104.0999984741211,94.46066284179688,1324211,0.0,0.0
2009-11-10,105.5,107.0,102.0999984741211,103.1999969482422,93.64400482177734,319365,0.0,0.0
2009-11-11,103.9499969482422,104.9499969482422,103.4000015258789,103.6999969482422,94.0977020263672,114295,0.0,0.0
2009-11-12,104.25,106.4499969482422,103.0999984741211,104.25,94.5967788696289,281907,0.0,0.0
2009-11-13,102.5999984741211,105.4000015258789,102.5999984741211,104.1500015258789,94.50605010986328,97830,0.0,0.0
2009-11-16,104.9000015258789,106.8000030517578,104.3000030517578,105.25,95.50418090820312,104259,0.0,0.0
2009-11-17,106.0,107.3000030517578,103.5999984741211,105.1500015258789,95.41343688964844,360280,0.0,0.0
2009-11-18,105.9000015258789,106.5,104.1999969482422,105.75,95.95789337158205,92275,0.0,0.0
2009-11-19,105.9000015258789,106.0,103.0,103.4000015258789,93.8254852294922,114970,0.0,0.0
2009-11-20,103.1500015258789,106.0,103.1500015258789,105.5,95.73103332519533,285938,0.0,0.0
2009-11-23,106.0,109.5,104.9000015258789,109.0,98.90695190429688,403532,0.0,0.0
2009-11-24,109.5,115.8499984741211,108.4000015258789,112.0500030517578,101.6745147705078,1430762,0.0,0.0
2009-11-25,112.5,114.3499984741211,111.6999969482422,113.0500030517578,102.5819320678711,171090,0.0,0.0
2009-11-26,115.0999984741211,117.4499969482422,112.1999969482422,112.75,102.30970764160156,336405,0.0,0.0
2009-11-27,110.0999984741211,113.0,108.1999969482422,112.3000030517578,101.9013671875,181301,0.0,0.0
2009-11-30,114.9499969482422,115.4499969482422,114.0,114.6500015258789,104.03376770019533,166984,0.0,0.0
2009-12-01,116.0,117.5,114.3000030517578,117.0,106.16615295410156,251219,0.0,0.0
2009-12-02,117.3000030517578,118.75,116.8000030517578,118.0500030517578,107.11893463134766,169894,0.0,0.0
2009-12-03,120.0,122.0,118.0,120.5500030517578,109.387451171875,335326,0.0,0.0
2009-12-04,121.0,121.6999969482422,118.5,119.3000030517578,108.25320434570312,92606,0.0,0.0
2009-12-07,121.9499969482422,121.9499969482422,118.5,119.5999984741211,108.5254135131836,177214,0.0,0.0
2009-12-08,119.1999969482422,121.0,117.1500015258789,118.9000015258789,107.89024353027344,108141,0.0,0.0
2009-12-09,118.0999984741211,118.6500015258789,115.25,115.8499984741211,105.12265014648438,63888,0.0,0.0
2009-12-10,116.3000030517578,117.3000030517578,115.25,116.1500015258789,105.39488983154295,76318,0.0,0.0
2009-12-11,117.4499969482422,117.4499969482422,112.0999984741211,113.4499969482422,102.9448699951172,429914,0.0,0.0
2009-12-14,116.4499969482422,119.5999984741211,116.1999969482422,117.0999984741211,106.25689697265624,344341,0.0,0.0
2009-12-15,117.1999969482422,118.8000030517578,114.1999969482422,114.8000030517578,104.16988372802734,123089,0.0,0.0
2009-12-16,115.0,115.5,112.3000030517578,114.8000030517578,104.16988372802734,57550,0.0,0.0
2009-12-17,115.8000030517578,116.9000015258789,114.25,114.4499969482422,103.85228729248048,27606,0.0,0.0
2009-12-18,112.0,115.0,112.0,113.8000030517578,103.26248931884766,31325,0.0,0.0
2009-12-21,114.0999984741211,115.8499984741211,112.0500030517578,112.5500030517578,102.12822723388672,46512,0.0,0.0
2009-12-22,114.75,114.75,112.0,112.3000030517578,101.9013671875,59909,0.0,0.0
2009-12-23,113.4499969482422,114.5,112.0999984741211,112.9000015258789,102.44581604003906,116856,0.0,0.0
2009-12-24,113.5,114.0,111.5500030517578,112.25,101.85599517822266,133725,0.0,0.0
2009-12-29,113.4000015258789,113.8499984741211,111.5999984741211,112.0,101.6291732788086,123689,0.0,0.0
2009-12-30,113.25,114.25,111.5,111.8000030517578,101.44769287109376,127022,0.0,0.0
2009-12-31,113.5,113.5,111.6500015258789,112.0500030517578,101.6745147705078,453868,0.0,0.0
2010-01-04,112.0,116.5,112.0,115.1999969482422,104.53284454345705,334491,0.0,0.0
2010-01-05,117.9000015258789,120.3000030517578,116.8000030517578,118.1500015258789,107.20968627929688,459468,0.0,0.0
2010-01-06,119.0,119.4000015258789,115.5500030517578,117.5999984741211,106.71061706542967,138351,0.0,0.0
2010-01-07,118.0999984741211,119.0,115.8000030517578,116.75,105.93931579589844,165265,0.0,0.0
2010-01-08,117.4000015258789,120.25,116.4499969482422,119.0999984741211,108.07170867919922,223950,0.0,0.0
2010-01-11,119.8000030517578,126.0,119.8000030517578,125.1500015258789,113.5615005493164,1047032,0.0,0.0
2010-01-12,126.8000030517578,134.0,126.0,130.8000030517578,118.6883316040039,1420067,0.0,0.0
2010-01-13,127.1999969482422,137.39999389648438,126.5999984741211,135.85000610351562,123.27073669433594,916921,0.0,0.0
2010-01-14,139.0,139.60000610351562,131.5500030517578,133.39999389648438,121.04759216308594,621528,0.0,0.0
2010-01-15,134.0,136.6999969482422,132.0,132.5,120.23088073730467,464993,0.0,0.0
2010-01-18,133.60000610351562,133.60000610351562,126.5,126.9499969482422,115.19483184814452,356185,0.0,0.0
2010-01-19,127.9000015258789,129.0,124.5500030517578,125.1999969482422,113.60688018798828,257892,0.0,0.0
2010-01-20,123.0,128.0,115.5500030517578,125.0,113.42540740966795,191878,0.0,0.0
2010-01-21,124.0,124.9499969482422,118.25,120.9499969482422,109.75040435791016,361333,0.0,0.0
2010-01-22,117.0,122.4000015258789,116.25,119.9000015258789,108.7976303100586,208192,0.0,0.0
2010-01-25,118.5,119.6999969482422,113.0,113.8000030517578,103.26248931884766,259598,0.0,0.0
2010-01-27,112.5,114.8499984741211,107.8000030517578,111.0500030517578,100.76712036132812,241285,0.0,0.0
2010-01-28,111.0500030517578,114.9000015258789,109.1999969482422,111.5,101.17544555664062,207376,0.0,0.0
2010-01-29,104.5999984741211,108.9000015258789,103.5999984741211,107.4499969482422,97.5004653930664,507972,0.0,0.0
2010-02-01,107.0,114.3000030517578,105.5500030517578,112.9000015258789,102.44581604003906,284305,0.0,0.0
2010-02-02,114.8000030517578,115.8000030517578,108.0999984741211,108.9499969482422,98.86157989501952,298288,0.0,0.0
2010-02-03,110.4000015258789,113.5,110.1500015258789,112.4499969482422,102.03746795654295,117267,0.0,0.0
2010-02-04,113.0,113.6999969482422,108.0500030517578,108.3499984741211,98.31713104248048,107946,0.0,0.0
2010-02-05,106.0,107.0,105.0,105.1500015258789,95.41343688964844,266468,0.0,0.0
2010-02-08,110.0,110.0,105.0,107.0999984741211,97.18286895751952,177308,0.0,0.0
2010-02-09,108.0,111.1999969482422,105.0,110.4000015258789,100.17732238769533,372242,0.0,0.0
2010-02-10,112.0,132.4499969482422,112.0,113.25,102.7634048461914,340667,0.0,0.0
2010-02-11,115.9000015258789,118.0,112.1500015258789,113.1999969482422,102.71803283691406,298324,0.0,0.0
2010-02-15,114.5,114.9499969482422,112.5,113.8000030517578,103.26248931884766,126820,0.0,0.0
2010-02-16,113.8000030517578,118.0,113.0,117.3000030517578,106.43840026855467,356694,0.0,0.0
2010-02-17,119.5,121.0,116.1500015258789,117.3000030517578,106.43840026855467,270532,0.0,0.0
2010-02-18,118.9000015258789,118.9000015258789,114.5500030517578,115.0999984741211,104.4421157836914,62726,0.0,0.0
2010-02-19,115.0999984741211,115.0999984741211,110.5,111.9000015258789,101.53840637207033,95312,0.0,0.0
2010-02-22,112.6999969482422,113.5,108.5500030517578,109.4499969482422,99.31527709960938,103940,0.0,0.0
2010-02-23,108.5999984741211,110.0,105.5999984741211,106.1999969482422,96.36621856689452,92478,0.0,0.0
2010-02-24,105.0,108.75,105.0,106.0,96.18472290039062,162370,0.0,0.0
2010-02-25,109.5,109.9000015258789,105.0,108.3000030517578,98.2717514038086,129724,0.0,0.0
2010-02-26,108.3000030517578,112.4000015258789,107.0,111.0,100.7217254638672,175035,0.0,0.0
2010-03-02,114.9499969482422,114.9499969482422,111.0999984741211,112.9000015258789,102.44581604003906,104454,0.0,0.0
2010-03-03,115.0,118.0,113.5,114.1999969482422,103.62542724609376,134968,0.0,0.0
2010-03-04,114.0,115.9000015258789,113.0,115.0500030517578,104.39673614501952,391549,0.0,0.0
2010-03-05,116.0,120.25,115.5999984741211,119.25,108.20782470703124,339906,0.0,0.0
2010-03-08,120.5999984741211,125.9499969482422,120.0,125.25,113.65222930908205,372905,0.0,0.0
2010-03-09,126.3499984741211,126.3499984741211,120.5500030517578,125.0999984741211,113.5161361694336,363955,0.0,0.0
2010-03-10,126.0,126.1500015258789,123.0999984741211,125.3499984741211,113.74298095703124,177516,0.0,0.0
2010-03-11,125.3499984741211,126.9000015258789,123.6999969482422,126.0,114.3327865600586,132663,0.0,0.0
2010-03-12,125.5,126.6999969482422,124.5500030517578,124.9499969482422,113.38002014160156,95533,0.0,0.0
2010-03-15,122.0500030517578,125.6500015258789,121.6999969482422,125.25,113.65222930908205,320354,0.0,0.0
2010-03-16,125.6999969482422,125.6999969482422,122.5500030517578,124.9499969482422,113.38002014160156,74786,0.0,0.0
2010-03-17,125.0,126.25,123.0,124.3499984741211,112.8355941772461,606329,0.0,0.0
2010-03-18,123.0500030517578,125.1999969482422,120.4000015258789,121.75,110.4763412475586,95874,0.0,0.0
2010-03-19,123.0,125.0,121.5,122.5,111.15689849853516,834506,0.0,0.0
2010-03-22,121.0999984741211,124.0,119.1500015258789,121.0,109.7957763671875,94512,0.0,0.0
2010-03-23,121.3000030517578,124.5,118.5,119.5,108.43467712402344,89489,0.0,0.0
2010-03-25,121.0,121.9000015258789,117.5500030517578,118.0,107.07357025146484,363227,0.0,0.0
2010-03-26,118.0999984741211,119.3000030517578,116.3000030517578,116.8000030517578,105.98468017578124,236546,0.0,0.0
2010-03-29,116.25,120.9499969482422,115.0,116.6999969482422,105.89392852783205,218949,0.0,0.0
2010-03-30,117.25,120.8000030517578,117.0,120.1500015258789,109.02449035644533,115295,0.0,0.0
2010-03-31,121.0,123.5,119.5999984741211,121.75,110.4763412475586,201876,0.0,0.0
2010-04-01,123.0,124.8000030517578,120.0,120.5,109.3420867919922,125349,0.0,0.0
2010-04-05,122.0,128.5,120.5,125.3499984741211,113.74298095703124,310336,0.0,0.0
2010-04-06,125.0500030517578,126.4000015258789,123.1999969482422,125.0999984741211,113.5161361694336,315879,0.0,0.0
2010-04-07,124.6500015258789,126.0,123.0,124.6999969482422,113.15316772460938,95611,0.0,0.0
2010-04-08,121.5,127.0,121.5,125.25,113.65222930908205,139500,0.0,0.0
2010-04-09,125.0,126.3000030517578,124.0999984741211,124.3499984741211,112.8355941772461,64776,0.0,0.0
2010-04-12,125.0,125.4499969482422,122.1500015258789,122.6500015258789,111.29300689697266,72219,0.0,0.0
2010-04-13,124.5,124.5,120.5,120.75,109.56892395019533,69814,0.0,0.0
2010-04-15,121.0500030517578,123.3499984741211,119.4499969482422,121.0999984741211,109.8864974975586,181201,0.0,0.0
2010-04-16,120.0500030517578,128.85000610351562,120.0,127.6999969482422,115.8753890991211,341595,0.0,0.0
2010-04-19,123.8000030517578,126.3499984741211,122.0,125.75,114.10594177246094,131373,0.0,0.0
2010-04-20,125.75,131.0500030517578,124.6500015258789,129.5500030517578,117.55406951904295,311237,0.0,0.0
2010-04-21,129.60000610351562,129.9499969482422,128.3000030517578,128.60000610351562,116.69205474853516,110240,0.0,0.0
2010-04-22,128.10000610351562,129.89999389648438,124.5,124.9000015258789,113.33466339111328,193471,0.0,0.0
2010-04-23,126.0,126.9000015258789,123.0,123.3499984741211,111.9281768798828,90578,0.0,0.0
2010-04-26,124.8499984741211,125.0,122.1500015258789,123.3499984741211,111.9281768798828,77662,0.0,0.0
2010-04-27,123.0,123.8000030517578,121.3000030517578,122.1999969482422,110.88467407226562,70303,0.0,0.0
2010-04-28,122.0,122.5,118.1999969482422,120.9000015258789,109.70502471923828,57929,0.0,0.0
2010-04-29,121.0,122.0,120.0999984741211,120.8499984741211,109.65967559814452,140190,0.0,0.0
2010-04-30,122.0,122.8499984741211,116.4499969482422,116.9499969482422,106.1208038330078,407915,0.0,0.0
2010-05-03,117.4000015258789,117.4000015258789,114.8000030517578,115.1500015258789,104.48748779296876,64761,0.0,0.0
2010-05-04,115.1500015258789,118.0,111.8000030517578,112.4499969482422,102.03746795654295,82434,0.0,0.0
2010-05-05,112.0,115.9499969482422,108.4000015258789,115.4000015258789,104.7143325805664,167220,0.0,0.0
2010-05-06,114.1999969482422,115.9000015258789,111.5999984741211,113.6999969482422,103.17172241210938,57752,0.0,0.0
2010-05-07,112.0,113.9000015258789,109.3000030517578,110.0500030517578,99.8597183227539,87895,0.0,0.0
2010-05-10,113.8000030517578,113.8000030517578,109.0500030517578,109.5500030517578,99.40599822998048,110336,0.0,0.0
2010-05-11,113.0,113.0,108.4499969482422,109.0,98.90695190429688,76870,0.0,0.0
2010-05-12,110.0,110.6999969482422,106.3000030517578,106.9499969482422,97.0467758178711,61732,0.0,0.0
2010-05-13,107.0999984741211,110.3499984741211,107.0999984741211,109.75,99.58749389648438,83300,0.0,0.0
2010-05-14,109.0999984741211,110.0,108.0,109.0500030517578,98.95232391357422,157626,0.0,0.0
2010-05-17,100.0,108.4000015258789,100.0,105.0,95.27733612060548,60357,0.0,0.0
2010-05-18,106.5,107.1999969482422,104.3499984741211,106.9499969482422,97.0467758178711,90519,0.0,0.0
2010-05-19,105.0999984741211,107.5,105.0999984741211,106.3499984741211,96.50232696533205,69908,0.0,0.0
2010-05-20,105.0999984741211,107.6999969482422,102.5,103.0,93.4625244140625,114482,0.0,0.0
2010-05-21,98.0,103.0,98.0,101.0999984741211,91.73844146728516,105896,0.0,0.0
2010-05-24,103.25,104.5,98.6999969482422,99.4499969482422,90.24124145507812,144364,0.0,0.0
2010-05-25,98.0500030517578,105.8000030517578,96.5500030517578,100.4000015258789,91.10327911376952,118840,0.0,0.0
2010-05-26,101.0,103.9000015258789,97.0500030517578,101.5999984741211,92.19216918945312,367939,0.0,0.0
2010-05-27,102.5,102.5,99.5,100.3000030517578,91.01252746582033,69784,0.0,0.0
2010-05-28,101.9499969482422,102.9000015258789,99.5500030517578,99.9000015258789,90.64956665039062,78915,0.0,0.0
2010-05-31,99.9000015258789,100.8000030517578,95.5,100.0500030517578,90.7856903076172,192225,0.0,0.0
2010-06-01,100.0,102.5,99.0,102.0500030517578,92.60049438476562,185019,0.0,0.0
2010-06-02,103.6500015258789,103.6500015258789,101.5,102.25,92.7819595336914,88361,0.0,0.0
2010-06-03,106.0,106.0,102.0999984741211,103.3499984741211,93.78011322021484,102977,0.0,0.0
2010-06-04,103.1999969482422,104.0999984741211,101.25,101.5,92.10140991210938,63531,0.0,0.0
2010-06-07,100.4000015258789,103.9499969482422,99.0,102.0999984741211,92.6458740234375,128862,0.0,0.0
2010-06-08,102.0,104.5,101.0,101.6500015258789,92.23753356933594,57675,0.0,0.0
2010-06-09,102.9499969482422,103.9000015258789,99.75,101.0,91.64771270751952,93158,0.0,0.0
2010-06-10,100.0999984741211,102.8000030517578,100.0999984741211,102.0999984741211,92.6458740234375,70051,0.0,0.0
2010-06-11,103.0,103.0,101.1999969482422,101.4499969482422,92.05606079101562,37166,0.0,0.0
2010-06-14,103.4000015258789,103.5,100.3499984741211,102.0500030517578,92.60049438476562,92280,0.0,0.0
2010-06-15,100.3499984741211,102.3000030517578,100.0999984741211,101.6500015258789,92.23753356933594,58823,0.0,0.0
2010-06-16,101.5,103.0,101.5,102.1999969482422,92.7365951538086,60823,0.0,0.0
2010-06-17,102.8499984741211,102.8499984741211,100.8000030517578,101.1999969482422,91.8292007446289,62298,0.0,0.0
2010-06-18,101.0,102.4499969482422,100.0500030517578,100.4499969482422,91.14865112304688,37204,0.0,0.0
2010-06-21,102.8499984741211,103.9000015258789,101.25,103.0999984741211,93.55323791503906,93426,0.0,0.0
2010-06-22,101.5,103.0,100.8000030517578,101.3000030517578,91.9199447631836,65834,0.0,0.0
2010-06-23,101.0,101.5,99.6999969482422,100.3000030517578,91.01252746582033,124608,0.0,0.0
2010-06-24,100.6500015258789,101.6999969482422,100.0,100.25,90.96717071533205,54018,0.0,0.0
2010-06-25,101.0999984741211,101.1500015258789,98.5,99.3499984741211,90.15050506591795,90594,0.0,0.0
2010-06-28,99.5,100.3000030517578,98.0,99.8499984741211,90.60420989990234,219929,0.0,0.0
2010-06-29,100.9000015258789,100.9000015258789,98.3000030517578,98.6999969482422,89.56069946289062,120214,0.0,0.0
2010-06-30,98.0,99.9000015258789,97.1999969482422,99.8499984741211,90.60420989990234,103845,0.0,0.0
2010-07-01,100.5,100.5,97.6999969482422,98.25,89.15235137939453,97622,0.0,0.0
2010-07-02,98.0,100.0,98.0,99.3000030517578,90.10514831542967,46464,0.0,0.0
2010-07-05,99.9499969482422,100.0,98.8000030517578,99.3000030517578,90.10514831542967,12313,0.0,0.0
2010-07-06,99.3000030517578,100.5,98.8499984741211,100.1500015258789,90.87642669677734,41123,0.0,0.0
2010-07-07,99.0,100.4000015258789,99.0,99.9000015258789,90.64956665039062,31881,0.0,0.0
2010-07-08,101.0,101.0,99.6500015258789,100.25,90.96717071533205,245909,0.0,0.0
2010-07-09,100.5,101.1999969482422,99.6999969482422,100.4000015258789,91.10327911376952,37715,0.0,0.0
2010-07-12,101.8499984741211,101.8499984741211,100.0500030517578,100.5500030517578,91.2394027709961,46444,0.0,0.0
2010-07-13,101.4499969482422,104.9499969482422,99.0500030517578,103.9499969482422,94.32455444335938,198932,0.0,0.0
2010-07-14,105.0,106.5999984741211,101.5,103.4000015258789,93.8254852294922,190417,0.0,0.0
2010-07-15,103.4000015258789,103.4000015258789,101.1999969482422,101.9499969482422,92.5097427368164,75092,0.0,0.0
2010-07-16,101.0999984741211,103.5999984741211,100.5,101.9499969482422,92.5097427368164,915866,0.0,0.0
2010-07-19,102.6999969482422,103.8000030517578,101.5500030517578,102.6999969482422,93.1903076171875,316551,0.0,0.0
2010-07-20,103.0,108.4499969482422,101.5500030517578,107.25,97.31897735595705,658648,0.0,0.0
2010-07-21,108.3499984741211,108.3499984741211,104.4000015258789,105.1999969482422,95.45880889892578,187193,0.0,0.0
2010-07-22,106.5,106.5,102.4000015258789,102.8499984741211,93.32640838623048,269314,0.0,0.0
2010-07-23,103.9000015258789,103.9000015258789,102.0,103.0,93.91912078857422,73535,0.5,0.0
2010-07-26,102.0,103.6999969482422,99.0999984741211,100.4000015258789,91.54832458496094,288820,0.0,0.0
2010-07-27,100.0,102.4000015258789,99.0500030517578,101.8000030517578,92.82489776611328,73889,0.0,0.0
2010-07-28,101.0999984741211,102.5,100.5,100.75,91.86746978759766,26817,0.0,0.0
2010-07-29,100.25,101.75,100.25,100.4000015258789,91.54832458496094,33759,0.0,0.0
2010-07-30,100.0,103.8000030517578,100.0,102.8000030517578,93.73674011230467,92949,0.0,0.0
2010-08-02,103.9499969482422,104.0,99.25,99.8000030517578,91.001220703125,231862,0.0,0.0
2010-08-03,99.1999969482422,100.3499984741211,97.4000015258789,100.0999984741211,91.27479553222656,140557,0.0,0.0
2010-08-04,100.0999984741211,100.8499984741211,99.4000015258789,99.8000030517578,91.001220703125,104536,0.0,0.0
2010-08-05,99.8499984741211,101.6999969482422,99.0999984741211,100.5999984741211,91.73070526123048,77134,0.0,0.0
2010-08-06,100.0999984741211,101.5,99.8499984741211,101.1999969482422,92.27781677246094,90150,0.0,0.0
2010-08-09,101.5,103.25,100.0,101.9499969482422,92.96166229248048,109490,0.0,0.0
2010-08-10,102.0,103.9000015258789,101.5999984741211,102.75,93.69115447998048,147841,0.0,0.0
2010-08-11,102.25,102.75,100.75,101.3499984741211,92.41456604003906,72232,0.0,0.0
2010-08-12,100.3000030517578,105.25,100.1500015258789,101.5999984741211,92.6425323486328,279856,0.0,0.0
2010-08-13,101.3000030517578,103.0,100.0999984741211,100.5,91.63953399658205,146270,0.0,0.0
2010-08-16,100.0999984741211,102.0,100.0999984741211,100.5999984741211,91.73070526123048,100529,0.0,0.0
2010-08-17,100.8499984741211,101.5500030517578,99.5,99.9499969482422,91.13800048828124,132064,0.0,0.0
2010-08-18,99.9000015258789,101.8499984741211,98.5,99.6999969482422,90.91006469726562,276106,0.0,0.0
2010-08-19,100.0,105.0,100.0,104.5500030517578,95.33245086669922,334871,0.0,0.0
2010-08-20,104.9499969482422,107.25,104.9000015258789,106.6999969482422,97.29290771484376,477476,0.0,0.0
2010-08-23,107.0,107.75,105.1999969482422,105.8499984741211,96.51783752441406,92837,0.0,0.0
2010-08-24,106.0,106.9000015258789,105.0500030517578,106.3000030517578,96.92816925048828,111271,0.0,0.0
2010-08-25,105.1999969482422,105.5500030517578,103.5,103.9499969482422,94.7853546142578,141656,0.0,0.0
2010-08-26,103.9499969482422,104.6999969482422,103.0,103.4499969482422,94.3294448852539,36413,0.0,0.0
2010-08-27,103.9000015258789,108.4000015258789,101.75,104.5500030517578,95.33245086669922,440770,0.0,0.0
2010-08-30,104.8000030517578,106.75,102.3000030517578,102.9000015258789,93.8279266357422,90253,0.0,0.0
2010-08-31,103.3000030517578,106.0,102.0,102.1999969482422,93.18964385986328,99602,0.0,0.0
2010-09-01,103.0,103.75,101.5,101.9499969482422,92.96166229248048,90884,0.0,0.0
2010-09-02,102.0,104.3000030517578,101.5,102.9000015258789,93.8279266357422,57194,0.0,0.0
2010-09-03,102.9000015258789,104.4000015258789,102.0,103.4000015258789,94.28385925292967,97212,0.0,0.0
2010-09-06,104.9000015258789,105.5,103.5999984741211,104.5999984741211,95.37803649902344,70398,0.0,0.0
2010-09-07,104.6500015258789,125.5500030517578,104.0,119.25,108.7364501953125,4454602,0.0,0.0
2010-09-08,120.0,120.6999969482422,113.3499984741211,114.8000030517578,104.67877197265624,1822516,0.0,0.0
2010-09-09,115.5999984741211,117.0,112.3000030517578,113.25,103.26541900634766,344678,0.0,0.0
2010-09-13,115.8000030517578,115.8000030517578,112.0,114.1500015258789,104.08609008789062,353695,0.0,0.0
2010-09-14,114.8000030517578,114.8000030517578,112.5500030517578,113.4499969482422,103.44779205322266,329279,0.0,0.0
2010-09-15,112.5999984741211,114.8000030517578,110.0,114.25,104.1772689819336,163314,0.0,0.0
2010-09-16,111.0,114.5,111.0,112.6500015258789,102.71832275390624,98441,0.0,0.0
2010-09-17,114.0,119.5999984741211,111.5,114.6500015258789,104.5419921875,1353083,0.0,0.0
2010-09-20,116.3000030517578,119.1999969482422,115.5,117.6500015258789,107.27750396728516,1165786,0.0,0.0
2010-09-21,118.4000015258789,122.4000015258789,116.0,120.0500030517578,109.46591186523438,868517,0.0,0.0
2010-09-22,120.0,121.0,117.5,119.6999969482422,109.1467514038086,240715,0.0,0.0
2010-09-23,116.0,119.6999969482422,116.0,117.4499969482422,107.09513092041016,87660,0.0,0.0
2010-09-24,117.9499969482422,119.6999969482422,117.1500015258789,118.4000015258789,107.9613800048828,96771,0.0,0.0
2010-09-27,119.5999984741211,119.9000015258789,116.1500015258789,116.8000030517578,106.50243377685548,199531,0.0,0.0
2010-09-28,117.4000015258789,122.4000015258789,117.0,117.8499984741211,107.45986938476562,382396,0.0,0.0
2010-09-29,118.0,119.0999984741211,115.5,116.0,105.7729721069336,130013,0.0,0.0
2010-09-30,116.0999984741211,116.75,114.0500030517578,115.5999984741211,105.40824127197266,79194,0.0,0.0
2010-10-01,116.0999984741211,118.4000015258789,114.5,115.25,105.0890884399414,144338,0.0,0.0
2010-10-04,116.8000030517578,118.0,113.5999984741211,114.0999984741211,104.04048919677734,104391,0.0,0.0
2010-10-05,114.8499984741211,120.25,114.0,119.25,108.7364501953125,289399,0.0,0.0
2010-10-06,120.9499969482422,125.0,119.5999984741211,121.3499984741211,110.65128326416016,340234,0.0,0.0
2010-10-07,122.0,122.5999984741211,118.0,118.3000030517578,107.87019348144533,100254,0.0,0.0
2010-10-08,118.3499984741211,119.5,117.0,117.9499969482422,107.55106353759766,57480,0.0,0.0
2010-10-11,119.9499969482422,119.9499969482422,117.0,117.75,107.36869049072266,85701,0.0,0.0
2010-10-12,118.3000030517578,118.9000015258789,116.4000015258789,116.9499969482422,106.63922119140624,75057,0.0,0.0
2010-10-13,117.0,118.1999969482422,116.25,117.0500030517578,106.73040771484376,58263,0.0,0.0
2010-10-14,118.0500030517578,118.5,115.0999984741211,115.6999969482422,105.49942779541016,99915,0.0,0.0
2010-10-15,116.9000015258789,117.1999969482422,113.0500030517578,113.6500015258789,103.6301727294922,67073,0.0,0.0
2010-10-18,114.0,114.0,110.5,113.4000015258789,103.40220642089844,98875,0.0,0.0
2010-10-19,114.0999984741211,115.6999969482422,111.5999984741211,112.6500015258789,102.71832275390624,79496,0.0,0.0
2010-10-20,111.9499969482422,112.4000015258789,110.3499984741211,110.9000015258789,101.12261962890624,76047,0.0,0.0
2010-10-21,112.0,121.5,111.4499969482422,113.4000015258789,103.40220642089844,1040681,0.0,0.0
2010-10-22,114.4499969482422,114.4499969482422,111.9000015258789,112.4499969482422,102.53596496582033,58411,0.0,0.0
2010-10-25,112.6999969482422,113.9499969482422,111.5,113.25,103.26541900634766,126125,0.0,0.0
2010-10-26,112.0,113.0,110.0999984741211,111.25,101.4417724609375,171688,0.0,0.0
2010-10-27,109.6500015258789,115.0,109.1999969482422,111.0500030517578,101.2593994140625,261756,0.0,0.0
2010-10-28,111.75,112.5999984741211,108.25,109.0500030517578,99.43572998046876,153021,0.0,0.0
2010-10-29,109.0,116.9000015258789,108.0,116.0500030517578,105.81856536865234,488041,0.0,0.0
2010-11-01,118.0,120.0,113.3000030517578,119.3000030517578,108.78203582763672,440915,0.0,0.0
2010-11-02,117.5,125.5500030517578,116.1999969482422,125.0,113.9794921875,666144,0.0,0.0
2010-11-03,128.6999969482422,134.0,125.5,126.3000030517578,115.16488647460938,805037,0.0,0.0
2010-11-04,127.1999969482422,128.39999389648438,122.1999969482422,127.0,115.80316162109376,218139,0.0,0.0
2010-11-08,126.1999969482422,128.5,123.3499984741211,124.4000015258789,113.43241119384766,240997,0.0,0.0
2010-11-09,125.0,127.8499984741211,123.6500015258789,125.25,114.20745849609376,140756,0.0,0.0
2010-11-10,124.3000030517578,128.8000030517578,123.5999984741211,127.9000015258789,116.62384033203124,209536,0.0,0.0
2010-11-11,129.89999389648438,130.0,124.4000015258789,125.0999984741211,114.0706787109375,112041,0.0,0.0
2010-11-12,123.4000015258789,126.9499969482422,117.4000015258789,118.6500015258789,108.18933868408205,107978,0.0,0.0
2010-11-15,115.3000030517578,119.0,115.0999984741211,117.6500015258789,107.27750396728516,113615,0.0,0.0
2010-11-16,116.3000030517578,119.0,112.5500030517578,114.0500030517578,103.99488830566406,99996,0.0,0.0
2010-11-18,114.0,116.4499969482422,111.0,113.75,103.72135162353516,91891,0.0,0.0
2010-11-19,114.0,117.3499984741211,112.4000015258789,113.6500015258789,103.6301727294922,93579,0.0,0.0
2010-11-22,114.6999969482422,116.0,112.5500030517578,114.6999969482422,104.58759307861328,311251,0.0,0.0
2010-11-23,114.75,114.75,110.1999969482422,112.8499984741211,102.90069580078124,342038,0.0,0.0
2010-11-24,112.3000030517578,114.5,110.75,111.1999969482422,101.39616394042967,124651,0.0,0.0
2010-11-25,111.6999969482422,113.8499984741211,110.0,110.4000015258789,100.6667022705078,35484,0.0,0.0
2010-11-26,110.5,111.5,102.0999984741211,103.9499969482422,94.7853546142578,69485,0.0,0.0
2010-11-29,104.6500015258789,105.9000015258789,100.4000015258789,104.5,95.28685760498048,87468,0.0,0.0
2010-11-30,104.5,105.8499984741211,103.0,105.0,95.74278259277344,34605,0.0,0.0
2010-12-01,105.0,109.9499969482422,105.0,108.0,98.47828674316406,82025,0.0,0.0
2010-12-02,110.8000030517578,112.0,106.3000030517578,109.0999984741211,99.48130798339844,94773,0.0,0.0
2010-12-03,110.5,110.5,104.5500030517578,105.3000030517578,96.01632690429688,53205,0.0,0.0
2010-12-06,105.5999984741211,107.8000030517578,105.3000030517578,105.75,96.4266586303711,51517,0.0,0.0
2010-12-07,106.4000015258789,106.4000015258789,104.75,105.3499984741211,96.06193542480467,41122,0.0,0.0
2010-12-08,104.5500030517578,105.8499984741211,102.25,103.25,94.1470718383789,37514,0.0,0.0
2010-12-09,103.0999984741211,104.5,101.1999969482422,102.1500015258789,93.14405822753906,58974,0.0,0.0
2010-12-10,102.0,106.4000015258789,100.0,105.1999969482422,95.9251480102539,93501,0.0,0.0
2010-12-13,106.5,106.5,104.5,105.5,96.19871520996094,48313,0.0,0.0
2010-12-14,105.5,107.9000015258789,105.5,106.9499969482422,97.5208511352539,28341,0.0,0.0
2010-12-15,108.5,108.5,105.0999984741211,106.3499984741211,96.97376251220705,34234,0.0,0.0
2010-12-16,106.5999984741211,110.4000015258789,103.6999969482422,108.6999969482422,99.1165771484375,117600,0.0,0.0
2010-12-20,109.5999984741211,109.5999984741211,106.0,107.9499969482422,98.43268585205078,29213,0.0,0.0
2010-12-21,106.5,108.8000030517578,105.75,107.75,98.2503433227539,61782,0.0,0.0
2010-12-22,107.0,109.4000015258789,105.5999984741211,106.8499984741211,97.42967987060548,111571,0.0,0.0
2010-12-23,106.9499969482422,108.0,105.5,105.8000030517578,96.47223663330078,17805,0.0,0.0
2010-12-24,105.5999984741211,106.5,104.5,105.1500015258789,95.87957000732422,13451,0.0,0.0
2010-12-27,105.5999984741211,107.6999969482422,104.8499984741211,105.0999984741211,95.83395385742188,31862,0.0,0.0
2010-12-28,105.1999969482422,106.9000015258789,105.0999984741211,105.6999969482422,96.3810577392578,18309,0.0,0.0
2010-12-29,106.0,107.3499984741211,105.1999969482422,105.5,96.19871520996094,25507,0.0,0.0
2010-12-30,105.5,106.5,104.3000030517578,105.8499984741211,96.51783752441406,71035,0.0,0.0
2010-12-31,106.6999969482422,107.4000015258789,105.0,106.1500015258789,96.7914047241211,115660,0.0,0.0
2011-01-03,106.0,108.0500030517578,106.0,106.5999984741211,97.20173645019533,34117,0.0,0.0
2011-01-04,107.9499969482422,111.5,107.0,108.5500030517578,98.97980499267578,137035,0.0,0.0
2011-01-05,109.8000030517578,110.5,107.25,107.6999969482422,98.20472717285156,47959,0.0,0.0
2011-01-06,111.0,111.0,105.0999984741211,105.5,96.19871520996094,24410,0.0,0.0
2011-01-07,105.0999984741211,105.6999969482422,102.3000030517578,103.1500015258789,94.05589294433594,25653,0.0,0.0
2011-01-10,103.0,104.4499969482422,99.5,100.4000015258789,91.54832458496094,82044,0.0,0.0
2011-01-11,101.0,102.5999984741211,100.3000030517578,101.6500015258789,92.68814086914062,30716,0.0,0.0
2011-01-12,101.6500015258789,103.6999969482422,99.0,100.8499984741211,91.95865631103516,65070,0.0,0.0
2011-01-13,102.0500030517578,102.6500015258789,100.0,100.1999969482422,91.365966796875,36793,0.0,0.0
2011-01-14,99.6500015258789,102.0999984741211,99.0,99.3000030517578,90.54532623291016,30878,0.0,0.0
2011-01-17,92.9499969482422,100.9000015258789,92.9499969482422,96.3499984741211,87.85540008544922,37071,0.0,0.0
2011-01-18,94.0999984741211,99.9000015258789,94.0999984741211,98.9000015258789,90.18058776855467,35070,0.0,0.0
2011-01-19,98.75,100.25,96.5500030517578,97.25,88.67603302001953,108086,0.0,0.0
2011-01-20,97.0,97.6500015258789,96.3000030517578,97.0,88.44808959960938,29142,0.0,0.0
2011-01-21,97.8000030517578,97.8000030517578,94.9000015258789,95.25,86.85236358642578,51137,0.0,0.0
2011-01-24,95.25,96.4000015258789,95.0500030517578,96.0999984741211,87.62744140625,34869,0.0,0.0
2011-01-25,96.75,97.1999969482422,96.0,96.1500015258789,87.67304229736328,26631,0.0,0.0
2011-01-27,96.1500015258789,98.0,95.0,95.1500015258789,86.76119995117188,19414,0.0,0.0
2011-01-28,96.0,96.0,91.3499984741211,91.9499969482422,83.84331512451172,38999,0.0,0.0
2011-01-31,91.9499969482422,95.5,90.0999984741211,94.0500030517578,85.75818634033203,95209,0.0,0.0
2011-02-01,93.5,94.4499969482422,92.0999984741211,94.0500030517578,85.75818634033203,37467,0.0,0.0
2011-02-02,94.1999969482422,95.0,91.0500030517578,91.75,83.66096496582031,33272,0.0,0.0
2011-02-03,92.0,93.8499984741211,92.0,93.3499984741211,85.119873046875,13763,0.0,0.0
2011-02-04,94.5,97.0999984741211,92.25,95.5,87.08032989501953,51593,0.0,0.0
2011-02-07,96.0,96.9499969482422,93.1999969482422,93.9000015258789,85.62141418457031,13507,0.0,0.0
2011-02-08,93.9000015258789,95.9000015258789,91.4000015258789,91.9000015258789,83.79772186279297,117969,0.0,0.0
2011-02-09,91.5,93.5999984741211,85.25,86.05000305175781,78.46349334716797,74647,0.0,0.0
2011-02-10,87.0,89.19999694824219,85.25,88.0,80.24158477783203,248821,0.0,0.0
2011-02-11,90.0,94.9000015258789,90.0,94.1999969482422,85.89494323730469,78673,0.0,0.0
2011-02-14,94.0,97.0,94.0,94.3499984741211,86.03173065185547,41902,0.0,0.0
2011-02-15,95.9000015258789,96.1999969482422,93.3499984741211,95.75,87.30827331542969,70572,0.0,0.0
2011-02-16,95.75,97.75,94.75,96.5999984741211,88.08335876464844,48648,0.0,0.0
2011-02-17,96.9000015258789,99.5,94.25,98.0,89.35991668701172,74305,0.0,0.0
2011-02-18,99.8499984741211,100.4499969482422,97.1999969482422,97.8000030517578,89.17755889892578,50271,0.0,0.0
2011-02-21,97.8000030517578,98.9499969482422,95.5,97.3000030517578,88.72163391113281,32495,0.0,0.0
2011-02-22,97.3000030517578,98.9000015258789,95.5,98.6999969482422,89.99822998046875,18841,0.0,0.0
2011-02-23,98.0,99.5,97.3000030517578,99.0,90.2717742919922,33535,0.0,0.0
2011-02-24,99.0,99.0,96.8000030517578,97.9499969482422,89.3143310546875,47591,0.0,0.0
2011-02-25,99.6999969482422,99.6999969482422,92.5,93.9000015258789,85.62141418457031,209408,0.0,0.0
2011-02-28,94.6999969482422,96.5,91.1999969482422,91.75,83.66096496582031,49866,0.0,0.0
2011-03-01,93.8499984741211,95.5999984741211,90.0,95.0500030517578,86.6700210571289,29305,0.0,0.0
2011-03-03,94.0,95.9499969482422,93.5,94.1999969482422,85.89494323730469,27358,0.0,0.0
2011-03-04,91.1999969482422,95.6999969482422,91.1999969482422,94.0,85.71259307861328,30600,0.0,0.0
2011-03-07,93.9499969482422,94.0999984741211,92.3000030517578,92.75,84.5727767944336,14803,0.0,0.0
2011-03-08,92.5500030517578,94.9499969482422,92.0,92.75,84.5727767944336,17907,0.0,0.0
2011-03-09,94.0,94.6500015258789,92.75,93.25,85.02870178222656,18942,0.0,0.0
2011-03-10,94.4499969482422,94.5,93.0,93.1999969482422,84.98311614990234,11271,0.0,0.0
2011-03-11,93.9499969482422,93.9499969482422,90.5,91.0,82.97706604003906,30159,0.0,0.0
2011-03-14,90.5,93.5,89.5999984741211,92.4499969482422,84.29924011230469,43705,0.0,0.0
2011-03-15,91.0,92.8499984741211,88.0999984741211,92.1500015258789,84.02568817138672,20882,0.0,0.0
2011-03-16,93.5,93.8499984741211,91.5,93.1500015258789,84.93753051757812,12495,0.0,0.0
2011-03-17,93.0,95.0,92.0,94.3499984741211,86.03173065185547,19673,0.0,0.0
2011-03-18,93.3000030517578,94.8499984741211,92.3000030517578,93.4000015258789,85.16547393798828,118967,0.0,0.0
2011-03-21,93.5,98.8000030517578,92.0999984741211,97.3000030517578,88.72163391113281,137729,0.0,0.0
2011-03-22,97.3000030517578,98.4000015258789,95.4000015258789,97.3499984741211,88.76725006103516,38376,0.0,0.0
2011-03-23,97.9499969482422,97.9499969482422,96.0999984741211,96.6999969482422,88.1745376586914,7653,0.0,0.0
2011-03-24,95.0999984741211,98.3499984741211,95.0999984741211,97.1999969482422,88.63044738769531,15519,0.0,0.0
2011-03-25,99.9000015258789,99.9000015258789,97.1999969482422,97.4499969482422,88.85841369628906,86682,0.0,0.0
2011-03-28,97.4499969482422,98.6999969482422,97.0500030517578,97.9499969482422,89.3143310546875,26922,0.0,0.0
2011-03-29,99.0,99.0,96.25,98.0,89.35991668701172,23640,0.0,0.0
2011-03-30,98.4000015258789,105.0,98.0999984741211,103.5999984741211,94.4662094116211,240474,0.0,0.0
2011-03-31,105.0,105.9000015258789,101.1999969482422,101.9499969482422,92.96166229248048,38941,0.0,0.0
2011-04-01,101.9499969482422,106.5999984741211,101.0,106.0500030517578,96.7002182006836,220717,0.0,0.0
2011-04-04,105.9499969482422,107.8000030517578,105.5999984741211,106.6500015258789,97.247314453125,42343,0.0,0.0
2011-04-05,106.0999984741211,108.0,105.5999984741211,106.6999969482422,97.29290771484376,31847,0.0,0.0
2011-04-06,107.9000015258789,108.4000015258789,105.25,107.0500030517578,97.61205291748048,317911,0.0,0.0
2011-04-07,107.5,111.4499969482422,106.3499984741211,107.0,97.56645965576172,223437,0.0,0.0
2011-04-08,107.6999969482422,107.75,104.5,104.9499969482422,95.69717407226562,43742,0.0,0.0
2011-04-11,104.9499969482422,107.4000015258789,104.3000030517578,106.9499969482422,97.5208511352539,41500,0.0,0.0
2011-04-13,107.0,110.0,105.0,107.5500030517578,98.06797790527344,122438,0.0,0.0
2011-04-15,107.0,108.0,106.0,106.5999984741211,97.20173645019533,14748,0.0,0.0
2011-04-18,106.5500030517578,109.0500030517578,105.5500030517578,106.3000030517578,96.92816925048828,61837,0.0,0.0
2011-04-19,105.0999984741211,107.8000030517578,105.0999984741211,106.3499984741211,96.97376251220705,25206,0.0,0.0
2011-04-20,107.1500015258789,108.3000030517578,106.0,106.1999969482422,96.83697509765624,30132,0.0,0.0
2011-04-21,107.9000015258789,108.0,104.1500015258789,105.8000030517578,96.47223663330078,22630,0.0,0.0
2011-04-25,106.0,106.9499969482422,104.5500030517578,104.6500015258789,95.42366027832033,16755,0.0,0.0
2011-04-26,103.5999984741211,106.5,102.1500015258789,105.0500030517578,95.78839111328124,46407,0.0,0.0
2011-04-27,104.0999984741211,107.0,101.5500030517578,101.9499969482422,92.96166229248048,48703,0.0,0.0
2011-04-28,102.0,103.8499984741211,99.0,100.0999984741211,91.27479553222656,20656,0.0,0.0
2011-04-29,101.25,102.4000015258789,98.3000030517578,99.0,90.2717742919922,50894,0.0,0.0
2011-05-02,99.5,99.5,96.5,97.25,88.67603302001953,25333,0.0,0.0
2011-05-03,96.4000015258789,97.5,95.3000030517578,95.75,87.30827331542969,17233,0.0,0.0
2011-05-04,95.75,97.0999984741211,94.3499984741211,96.6999969482422,88.1745376586914,105664,0.0,0.0
2011-05-05,97.3000030517578,97.6999969482422,94.75,94.8499984741211,86.4876480102539,8819,0.0,0.0
2011-05-06,95.6500015258789,96.0,93.5,94.3000030517578,85.98612976074219,20438,0.0,0.0
2011-05-09,96.0,96.3000030517578,93.6500015258789,95.5999984741211,87.17153930664062,22379,0.0,0.0
2011-05-10,96.0,96.5,94.4000015258789,94.6999969482422,86.35088348388672,12049,0.0,0.0
2011-05-11,94.0999984741211,95.5,93.0,94.5500030517578,86.21410369873047,7810,0.0,0.0
2011-05-12,95.0,95.4499969482422,92.1999969482422,92.6500015258789,84.48159790039062,22252,0.0,0.0
2011-05-13,94.1999969482422,94.8000030517578,91.5999984741211,91.9499969482422,83.84331512451172,277976,0.0,0.0
2011-05-16,92.4499969482422,92.75,90.25,91.25,83.20502471923828,16460,0.0,0.0
2011-05-17,91.0,92.0,88.19999694824219,89.30000305175781,81.42695617675781,121251,0.0,0.0
2011-05-18,89.8499984741211,89.8499984741211,88.5999984741211,88.9000015258789,81.06221771240234,12402,0.0,0.0
2011-05-19,88.94999694824219,89.94999694824219,88.55000305175781,88.8499984741211,81.01663208007812,11886,0.0,0.0
2011-05-20,89.0,92.9499969482422,88.0999984741211,91.9499969482422,83.84331512451172,77895,0.0,0.0
2011-05-23,92.9000015258789,92.9000015258789,88.0999984741211,90.6500015258789,82.65795135498047,621214,0.0,0.0
2011-05-24,91.9000015258789,91.9000015258789,88.5,89.05000305175781,81.19898986816406,47796,0.0,0.0
2011-05-25,90.0,96.4000015258789,86.55000305175781,93.1999969482422,84.98311614990234,435151,0.0,0.0
2011-05-26,94.4000015258789,94.5,90.05000305175781,92.5,84.3448257446289,33609,0.0,0.0
2011-05-27,91.0,92.1500015258789,89.05000305175781,90.05000305175781,82.11084747314453,47286,0.0,0.0
2011-05-30,91.9499969482422,91.9499969482422,89.19999694824219,90.0999984741211,82.15644073486328,41388,0.0,0.0
2011-05-31,89.5,92.0,89.5,91.0,82.97706604003906,102131,0.0,0.0
2011-06-01,90.4000015258789,92.5,90.1500015258789,92.0999984741211,83.98008728027344,33200,0.0,0.0
2011-06-02,90.1999969482422,91.9499969482422,90.05000305175781,90.9499969482422,82.93148040771484,18559,0.0,0.0
2011-06-03,90.25,92.0,90.0,90.3000030517578,82.33880615234375,17371,0.0,0.0
2011-06-06,90.0,90.6500015258789,87.4000015258789,87.69999694824219,79.96800231933594,233683,0.0,0.0
2011-06-07,88.5,89.75,87.9000015258789,89.1500015258789,81.2901840209961,22542,0.0,0.0
2011-06-08,88.19999694824219,89.5,87.25,87.5,79.78563690185547,35731,0.0,0.0
2011-06-09,87.55000305175781,88.4000015258789,87.05000305175781,87.6500015258789,79.92242431640625,17189,0.0,0.0
2011-06-10,87.25,88.30000305175781,86.80000305175781,87.5,79.78563690185547,17074,0.0,0.0
2011-06-13,88.30000305175781,89.5,86.1500015258789,88.25,80.46952819824219,19464,0.0,0.0
2011-06-14,89.44999694824219,90.25,88.30000305175781,88.80000305175781,80.97103881835938,31774,0.0,0.0
2011-06-15,88.0999984741211,89.5999984741211,87.3499984741211,88.94999694824219,81.10780334472656,411778,0.0,0.0
2011-06-16,87.55000305175781,88.3499984741211,86.5,86.6500015258789,79.01060485839844,17905,0.0,0.0
2011-06-17,86.0999984741211,87.80000305175781,85.0,85.5,77.96198272705078,27269,0.0,0.0
2011-06-20,85.5,85.9000015258789,82.0,82.55000305175781,75.27206420898438,24489,0.0,0.0
2011-06-21,83.0,84.05000305175781,83.0,83.0999984741211,75.77357482910156,19755,0.0,0.0
2011-06-22,83.44999694824219,83.80000305175781,81.0,81.0999984741211,73.94990539550781,49825,0.0,0.0
2011-06-23,81.5,81.5,80.0,80.55000305175781,73.44837951660156,19680,0.0,0.0
2011-06-24,80.30000305175781,82.0,80.25,81.75,74.54258728027344,43379,0.0,0.0
2011-06-27,81.0,82.25,80.44999694824219,81.9000015258789,74.67935943603516,22668,0.0,0.0
2011-06-28,81.19999694824219,82.3499984741211,80.25,81.1500015258789,73.99547576904297,13850,0.0,0.0
2011-06-29,81.0,82.0,80.0,80.94999694824219,73.81312561035156,160556,0.0,0.0
2011-06-30,81.94999694824219,82.0,81.5,81.55000305175781,74.36023712158203,12544,0.0,0.0
2011-07-01,76.0,83.25,76.0,81.94999694824219,74.72494506835938,26789,0.0,0.0
2011-07-04,83.80000305175781,83.80000305175781,80.80000305175781,81.0,73.85872650146484,90824,0.0,0.0
2011-07-05,82.44999694824219,85.55000305175781,81.30000305175781,84.44999694824219,77.00454711914062,80447,0.0,0.0
2011-07-06,84.94999694824219,85.44999694824219,82.8499984741211,83.75,76.36627197265625,50475,0.0,0.0
2011-07-07,82.55000305175781,84.4000015258789,82.55000305175781,83.55000305175781,76.18389129638672,33816,0.0,0.0
2011-07-08,83.55000305175781,84.5999984741211,82.0,82.5,75.22647857666016,28964,0.0,0.0
2011-07-11,83.0,83.0,81.9000015258789,82.25,74.9985122680664,6424,0.0,0.0
2011-07-12,84.94999694824219,86.25,82.8499984741211,83.8499984741211,76.45744323730469,247761,0.0,0.0
2011-07-13,84.9000015258789,85.9000015258789,83.5999984741211,85.0,77.50607299804688,71462,0.0,0.0
2011-07-14,84.30000305175781,85.8499984741211,83.5999984741211,85.0,77.50607299804688,49356,0.0,0.0
2011-07-15,84.0999984741211,86.0,84.0999984741211,84.94999694824219,77.46045684814453,30225,0.0,0.0
2011-07-18,84.80000305175781,85.0,82.5,83.5999984741211,76.2294921875,42512,0.0,0.0
2011-07-19,90.05000305175781,90.05000305175781,83.0,85.0,77.50607299804688,27359,0.0,0.0
2011-07-20,84.25,85.4000015258789,84.0,84.6500015258789,77.18692016601562,15288,0.0,0.0
2011-07-21,84.0999984741211,84.9000015258789,83.6500015258789,83.9000015258789,76.5030288696289,12110,0.0,0.0
2011-07-22,83.55000305175781,85.4000015258789,83.55000305175781,84.19999694824219,76.7765884399414,20527,0.0,0.0
2011-07-25,84.0,85.25,83.69999694824219,85.0999984741211,77.59723663330078,17600,0.0,0.0
2011-07-26,85.0999984741211,86.0,84.25,84.5,77.05014038085938,26594,0.0,0.0
2011-07-27,85.0,89.5,83.69999694824219,88.6500015258789,80.83426666259766,987473,0.0,0.0
2011-07-28,87.55000305175781,95.9000015258789,87.0999984741211,89.55000305175781,81.6549301147461,573134,0.0,0.0
2011-07-29,88.30000305175781,92.75,88.30000305175781,92.3000030517578,84.16246795654297,80181,0.0,0.0
2011-08-01,92.0,95.0999984741211,91.4000015258789,92.1999969482422,84.0712890625,84972,0.0,0.0
2011-08-02,91.5,91.5,89.05000305175781,89.5999984741211,82.82337951660156,34055,1.25,0.0
2011-08-03,88.1500015258789,90.4000015258789,88.1500015258789,89.5999984741211,82.82337951660156,22230,0.0,0.0
2011-08-04,89.94999694824219,90.4000015258789,89.3499984741211,89.69999694824219,82.91580200195312,26277,0.0,0.0
2011-08-05,87.0,87.05000305175781,84.0999984741211,86.80000305175781,80.23513793945312,72563,0.0,0.0
2011-08-08,86.94999694824219,86.94999694824219,81.30000305175781,84.30000305175781,77.92424011230469,38883,0.0,0.0
2011-08-09,80.5,85.0,80.5,83.1500015258789,76.8612060546875,100840,0.0,0.0
2011-08-10,86.0,88.8499984741211,86.0,87.0,80.4200210571289,129101,0.0,0.0
2011-08-11,86.0,89.0999984741211,86.0,87.75,81.11331939697266,50707,0.0,0.0
2011-08-12,88.0,89.0,85.0,85.69999694824219,79.21832275390625,40363,0.0,0.0
2011-08-16,86.1500015258789,87.9000015258789,85.5,86.25,79.72674560546875,16328,0.0,0.0
2011-08-17,85.25,89.44999694824219,85.05000305175781,86.94999694824219,80.3738021850586,95293,0.0,0.0
2011-08-18,86.6500015258789,87.8499984741211,83.3499984741211,84.4000015258789,78.01667022705078,19150,0.0,0.0
2011-08-19,82.05000305175781,85.25,82.05000305175781,84.44999694824219,78.06287384033203,45490,0.0,0.0
2011-08-22,84.5,88.94999694824219,83.0,83.94999694824219,77.60070037841797,28341,0.0,0.0
2011-08-23,85.44999694824219,85.44999694824219,83.0,83.19999694824219,76.90742492675781,26912,0.0,0.0
2011-08-24,83.75,85.19999694824219,83.05000305175781,83.80000305175781,77.46204376220703,59549,0.0,0.0
2011-08-25,84.0,84.30000305175781,83.55000305175781,83.8499984741211,77.50825500488281,10795,0.0,0.0
2011-08-26,83.25,83.94999694824219,80.1500015258789,80.6500015258789,74.55028533935547,17558,0.0,0.0
2011-08-29,81.0,83.0,81.0,82.4000015258789,76.16793823242188,13695,0.0,0.0
2011-08-30,83.0,88.0,82.80000305175781,87.5999984741211,80.97465515136719,382834,0.0,0.0
2011-09-02,87.25,87.6500015258789,85.5,86.0,79.49566650390625,11984,0.0,0.0
2011-09-05,86.55000305175781,87.0,85.05000305175781,85.75,79.26456451416016,10754,0.0,0.0
2011-09-06,85.44999694824219,91.0,84.69999694824219,89.19999694824219,82.45361328125,86567,0.0,0.0
2011-09-07,89.55000305175781,92.3499984741211,89.1500015258789,91.1999969482422,84.30237579345703,792266,0.0,0.0
2011-09-08,92.9499969482422,100.75,92.0,99.4000015258789,91.8821792602539,591054,0.0,0.0
2011-09-09,100.5,100.75,92.3000030517578,93.1999969482422,86.15110778808594,279699,0.0,0.0
2011-09-12,93.9000015258789,93.9000015258789,90.25,92.0,85.0418701171875,67814,0.0,0.0
2011-09-13,93.9000015258789,97.4499969482422,91.6999969482422,97.0500030517578,89.70992279052734,142706,0.0,0.0
2011-09-14,97.5,104.9000015258789,95.8000030517578,103.5500030517578,95.71829986572266,327849,0.0,0.0
2011-09-15,103.5500030517578,105.5,101.25,101.9000015258789,94.19312286376952,123155,0.0,0.0
2011-09-16,101.0500030517578,102.6999969482422,100.0,101.4000015258789,93.7309341430664,32991,0.0,0.0
2011-09-19,100.0999984741211,102.8499984741211,99.1500015258789,101.3000030517578,93.63848876953124,58068,0.0,0.0
2011-09-20,102.4000015258789,105.4000015258789,101.0999984741211,102.5999984741211,94.84017944335938,68063,0.0,0.0
2011-09-21,102.1999969482422,105.5,102.1999969482422,105.0,97.05865478515624,150065,0.0,0.0
2011-09-22,105.0,105.0,100.5,101.6999969482422,94.00823974609376,140322,0.0,0.0
2011-09-23,100.0,102.0,98.0,100.0999984741211,92.5292510986328,142033,0.0,0.0
2011-09-26,99.0,101.0,97.6500015258789,100.0999984741211,92.5292510986328,106319,0.0,0.0
2011-09-27,102.5,102.5,99.5,100.0,92.4368133544922,48888,0.0,0.0
2011-09-28,100.0,101.5500030517578,98.8000030517578,100.0,92.4368133544922,88894,0.0,0.0
2011-09-29,99.6999969482422,100.5999984741211,99.3000030517578,100.0,92.4368133544922,36137,0.0,0.0
2011-09-30,99.1500015258789,101.8499984741211,98.5500030517578,100.25,92.6679229736328,59589,0.0,0.0
2011-10-03,99.5,100.1999969482422,97.75,100.0500030517578,92.48302459716795,25152,0.0,0.0
2011-10-04,99.0,100.5,97.5,98.1500015258789,90.72673034667967,41472,0.0,0.0
2011-10-05,99.1500015258789,100.9000015258789,96.5500030517578,97.9499969482422,90.54183959960938,38015,0.0,0.0
2011-10-07,99.0,100.9000015258789,96.5500030517578,98.5500030517578,91.0964813232422,17002,0.0,0.0
2011-10-10,97.5,101.75,96.5999984741211,100.4000015258789,92.80655670166016,28306,0.0,0.0
2011-10-11,101.0,101.8499984741211,98.1500015258789,99.3000030517578,91.78975677490234,45078,0.0,0.0
2011-10-12,99.3000030517578,100.0,97.0,97.4000015258789,90.03345489501953,62818,0.0,0.0
2011-10-13,97.1500015258789,98.5,96.6999969482422,97.0,89.66370391845703,52194,0.0,0.0
2011-10-14,96.5,99.5,96.5,98.0,90.58805847167967,26686,0.0,0.0
2011-10-17,97.5999984741211,100.0,97.5,97.9499969482422,90.54183959960938,15659,0.0,0.0
2011-10-18,97.5999984741211,97.6500015258789,96.5999984741211,96.8499984741211,89.52503967285156,11174,0.0,0.0
2011-10-19,97.0,99.1500015258789,97.0,98.5,91.0502471923828,23172,0.0,0.0
2011-10-20,98.0,101.0,97.5999984741211,99.9499969482422,92.3905792236328,47774,0.0,0.0
2011-10-21,100.5,100.5,98.3000030517578,98.5500030517578,91.0964813232422,7963,0.0,0.0
2011-10-24,99.5500030517578,99.9499969482422,98.0,98.4000015258789,90.95783233642578,3971,0.0,0.0
2011-10-25,99.0,99.4000015258789,97.75,98.6999969482422,91.23513793945312,7230,0.0,0.0
2011-10-28,102.0,107.0,101.0,105.0500030517578,97.10487365722656,208436,0.0,0.0
2011-10-31,105.0500030517578,110.4499969482422,100.0,101.6500015258789,93.96202087402344,310309,0.0,0.0
2011-11-01,101.0,105.0,101.0,103.9499969482422,96.08806610107422,75279,0.0,0.0
2011-11-02,103.0,105.8499984741211,103.0,105.1500015258789,97.19730377197266,76687,0.0,0.0
2011-11-03,105.9000015258789,107.0999984741211,104.5,106.8000030517578,98.72251892089844,42653,0.0,0.0
2011-11-04,109.0,111.5999984741211,108.0,109.8000030517578,101.4956283569336,304419,0.0,0.0
2011-11-08,120.0,120.0,112.0,116.25,107.45779418945312,480396,0.0,0.0
2011-11-09,115.0,118.0,111.6999969482422,115.0,106.30233001708984,190589,0.0,0.0
2011-11-11,116.25,119.6999969482422,112.0,119.0500030517578,110.04601287841795,184682,0.0,0.0
2011-11-14,119.1999969482422,121.5,116.25,117.75,108.84434509277344,132226,0.0,0.0
2011-11-15,121.5999984741211,122.4000015258789,111.3000030517578,117.0500030517578,108.19729614257812,318647,0.0,0.0
2011-11-16,114.0,117.5500030517578,111.1500015258789,116.9000015258789,108.05863189697266,91428,0.0,0.0
2011-11-17,115.0,117.0,113.5500030517578,114.1999969482422,105.56282043457033,101908,0.0,0.0
2011-11-18,113.0,113.0999984741211,111.0,111.4499969482422,103.02082824707033,68235,0.0,0.0
2011-11-21,111.0,113.5,108.5500030517578,109.0500030517578,100.80236053466795,38497,0.0,0.0
2011-11-22,108.0,110.9499969482422,106.5500030517578,107.5,99.3695831298828,36114,0.0,0.0
2011-11-23,102.1999969482422,109.0500030517578,102.1999969482422,106.6500015258789,98.58386993408205,103099,0.0,0.0
2011-11-24,105.0500030517578,109.4499969482422,104.0500030517578,108.5999984741211,100.38636779785156,21758,0.0,0.0
2011-11-25,107.0999984741211,109.75,104.5500030517578,105.5500030517578,97.56707763671876,13533,0.0,0.0
2011-11-28,105.6999969482422,111.0,104.6999969482422,109.3000030517578,101.033447265625,37162,0.0,0.0
2011-11-29,105.3000030517578,109.9000015258789,105.3000030517578,108.1500015258789,99.97040557861328,14508,0.0,0.0
2011-11-30,107.0,112.8000030517578,106.0500030517578,111.5999984741211,103.1594696044922,43343,0.0,0.0
2011-12-01,113.1999969482422,116.5,110.6999969482422,111.4499969482422,103.02082824707033,51111,0.0,0.0
2011-12-02,110.0,116.4499969482422,110.0,115.5500030517578,106.8107452392578,56508,0.0,0.0
2011-12-05,115.5500030517578,119.9000015258789,115.25,116.4499969482422,107.64266204833984,86187,0.0,0.0
2011-12-07,118.8000030517578,119.9000015258789,115.0,116.6999969482422,107.8737564086914,78768,0.0,0.0
2011-12-08,115.1999969482422,116.4000015258789,112.3000030517578,113.6500015258789,105.05443572998048,21335,0.0,0.0
2011-12-09,112.0,116.25,111.5999984741211,115.75,106.99560546875,30040,0.0,0.0
2011-12-12,113.6999969482422,115.0,110.3000030517578,112.9499969482422,104.40737915039062,63455,0.0,0.0
2011-12-13,111.0,112.25,108.3000030517578,110.75,102.37376403808594,13897,0.0,0.0
2011-12-14,109.6999969482422,112.3499984741211,106.1500015258789,107.5500030517578,99.4157943725586,12865,0.0,0.0
2011-12-15,103.25,108.0,103.25,107.3000030517578,99.18470001220705,100028,0.0,0.0
2011-12-16,107.5,110.1500015258789,106.3499984741211,107.6999969482422,99.55443572998048,60885,0.0,0.0
2011-12-19,106.5,106.5,100.5500030517578,104.1500015258789,96.27294921875,64001,0.0,0.0
2011-12-20,103.25,105.9000015258789,100.0500030517578,100.5,92.89900207519533,132824,0.0,0.0
2011-12-21,93.0,106.0,93.0,105.0500030517578,97.10487365722656,77917,0.0,0.0
2011-12-22,104.0,106.5999984741211,101.0999984741211,103.5,95.67211151123048,109684,0.0,0.0
2011-12-23,106.5,108.0,102.6999969482422,103.3499984741211,95.533447265625,132388,0.0,0.0
2011-12-26,102.5,105.75,102.5,104.9499969482422,97.0124282836914,31688,0.0,0.0
2011-12-27,105.9000015258789,106.8499984741211,104.3000030517578,104.9499969482422,97.0124282836914,30468,0.0,0.0
2011-12-28,102.5,104.8499984741211,102.5,104.0500030517578,96.18049621582033,8202,0.0,0.0
2011-12-29,100.5999984741211,105.6999969482422,100.5999984741211,102.75,94.97882843017578,25199,0.0,0.0
2011-12-30,103.0,105.0,102.5,102.6999969482422,94.9326171875,14511,0.0,0.0
2012-01-02,102.0,105.8499984741211,102.0,102.4499969482422,94.70152282714844,60358,0.0,0.0
2012-01-03,102.5,108.4000015258789,102.5,107.4499969482422,99.3233413696289,164450,0.0,0.0
2012-01-04,110.4000015258789,112.6999969482422,105.0,106.3499984741211,98.3065414428711,137962,0.0,0.0
2012-01-05,107.0,108.4499969482422,106.25,106.9499969482422,98.86115264892578,554803,0.0,0.0
2012-01-06,104.6999969482422,107.0,102.5500030517578,102.8499984741211,95.0712661743164,69247,0.0,0.0
2012-01-09,106.6500015258789,106.6500015258789,102.25,102.5999984741211,94.84017944335938,81865,0.0,0.0
2012-01-10,98.1999969482422,105.6999969482422,98.1999969482422,104.8499984741211,96.91999816894533,89013,0.0,0.0
2012-01-11,103.9000015258789,106.0,103.6999969482422,103.9499969482422,96.08806610107422,20094,0.0,0.0
2012-01-12,102.0,105.6999969482422,102.0,103.9000015258789,96.0418472290039,20915,0.0,0.0
2012-01-13,102.5,106.0,102.5,104.5,96.5964584350586,155622,0.0,0.0
2012-01-16,102.5,105.9499969482422,102.5,105.0500030517578,97.10487365722656,72268,0.0,0.0
2012-01-17,104.3000030517578,108.4000015258789,104.3000030517578,106.8499984741211,98.76873779296876,218397,0.0,0.0
2012-01-18,103.0,108.0,103.0,107.1500015258789,99.04605102539062,271073,0.0,0.0
2012-01-19,103.0,110.4000015258789,103.0,107.5500030517578,99.4157943725586,419028,0.0,0.0
2012-01-20,103.0,110.1999969482422,103.0,107.5999984741211,99.46199798583984,88405,0.0,0.0
2012-01-23,107.6500015258789,109.8000030517578,107.5500030517578,108.1500015258789,99.97040557861328,73611,0.0,0.0
2012-01-24,105.0999984741211,114.9000015258789,105.0999984741211,113.6500015258789,105.05443572998048,190973,0.0,0.0
2012-01-25,111.1999969482422,117.4000015258789,111.1999969482422,116.5,107.68889617919922,167447,0.0,0.0
2012-01-27,112.1999969482422,117.3000030517578,112.1999969482422,114.5500030517578,105.8863754272461,84346,0.0,0.0
2012-01-30,112.5,115.0,112.5,114.0500030517578,105.4241714477539,949958,0.0,0.0
2012-01-31,112.5,117.5,112.5,116.9499969482422,108.10485076904295,575928,0.0,0.0
2012-02-01,110.0500030517578,120.0,110.0500030517578,119.1999969482422,110.1846694946289,138722,0.0,0.0
2012-02-02,120.0,128.6999969482422,117.75,125.1999969482422,115.73088836669922,511972,0.0,0.0
2012-02-03,125.5,131.39999389648438,122.0,129.6999969482422,119.89054870605467,1275366,0.0,0.0
2012-02-06,133.10000610351562,136.60000610351562,130.6999969482422,132.8000030517578,122.756103515625,482632,0.0,0.0
2012-02-07,133.39999389648438,147.0,130.0500030517578,136.9499969482422,126.59221649169922,900606,0.0,0.0
2012-02-08,136.60000610351562,144.75,136.60000610351562,140.25,129.6426544189453,415317,0.0,0.0
2012-02-09,139.0,141.25,135.64999389648438,139.0500030517578,128.5334014892578,103224,0.0,0.0
2012-02-10,140.9499969482422,140.9499969482422,132.25,137.25,126.8695297241211,805395,0.0,0.0
2012-02-13,137.0,143.60000610351562,135.0,141.0500030517578,130.38211059570312,634871,0.0,0.0
2012-02-14,141.0,142.75,140.0,142.10000610351562,131.3527374267578,932224,0.0,0.0
2012-02-15,143.0,152.89999389648438,142.10000610351562,150.1999969482422,138.84010314941406,1309436,0.0,0.0
2012-02-16,153.35000610351562,155.1999969482422,150.1999969482422,153.1999969482422,141.61318969726562,841290,0.0,0.0
2012-02-17,152.0,152.0,146.1999969482422,151.35000610351562,139.9031524658203,202102,0.0,0.0
2012-02-21,151.0,151.0,148.6999969482422,150.0,138.65521240234375,163011,0.0,0.0
2012-02-22,150.10000610351562,150.39999389648438,137.14999389648438,139.4499969482422,128.90313720703125,205655,0.0,0.0
2012-02-23,139.5500030517578,143.0,134.25,136.75,126.4073715209961,117176,0.0,0.0
2012-02-24,135.1999969482422,139.3000030517578,135.1999969482422,138.14999389648438,127.7014617919922,40204,0.0,0.0
2012-02-27,137.5500030517578,139.9499969482422,135.5500030517578,138.35000610351562,127.8863296508789,99605,0.0,0.0
2012-02-28,139.89999389648438,143.0500030517578,136.0,140.75,130.1048126220703,169941,0.0,0.0
2012-02-29,149.9499969482422,168.89999389648438,139.0,141.0,130.3358917236328,96150,0.0,0.0
2012-03-01,143.89999389648438,143.89999389648438,138.35000610351562,141.14999389648438,130.4745635986328,77888,0.0,0.0
2012-03-02,142.25,143.4499969482422,140.0,141.89999389648438,131.1678466796875,85948,0.0,0.0
2012-03-05,139.10000610351562,141.5,138.0,139.5,128.9493408203125,64805,0.0,0.0
2012-03-06,138.60000610351562,141.39999389648438,136.0500030517578,138.0500030517578,127.60903930664062,390943,0.0,0.0
2012-03-07,138.0,140.0,136.0500030517578,139.1999969482422,128.67201232910156,106824,0.0,0.0
2012-03-09,138.0,143.0,137.9499969482422,141.85000610351562,131.1216583251953,87285,0.0,0.0
2012-03-12,141.9499969482422,142.8000030517578,139.60000610351562,140.0,129.41152954101562,58197,0.0,0.0
2012-03-13,141.5,142.25,139.89999389648438,141.64999389648438,130.936767578125,293307,0.0,0.0
2012-03-14,142.0,143.5,140.0,142.89999389648438,132.09217834472656,85181,0.0,0.0
2012-03-15,146.0,155.0,140.1999969482422,142.1999969482422,131.44515991210938,295381,0.0,0.0
2012-03-16,141.0,147.0,138.0500030517578,146.35000610351562,135.28128051757812,662302,0.0,0.0
2012-03-19,147.5,149.89999389648438,145.25,149.10000610351562,137.82330322265625,446431,0.0,0.0
2012-03-20,150.89999389648438,153.5,148.10000610351562,150.60000610351562,139.2098388671875,184161,0.0,0.0
2012-03-21,151.5,153.0,149.0,150.85000610351562,139.44093322753906,275959,0.0,0.0
2012-03-22,150.85000610351562,153.5,148.8000030517578,150.14999389648438,138.7938690185547,204532,0.0,0.0
2012-03-23,150.0,155.39999389648438,149.0,153.60000610351562,141.98294067382812,258758,0.0,0.0
2012-03-26,154.1999969482422,157.0,152.1999969482422,152.85000610351562,141.28964233398438,1294127,0.0,0.0
2012-03-27,153.0,155.4499969482422,149.5,154.35000610351562,144.56784057617188,347886,2.0,0.0
2012-03-28,154.35000610351562,157.25,153.0500030517578,156.35000610351562,146.4410858154297,431818,0.0,0.0
2012-03-29,155.0,157.0,151.6999969482422,155.35000610351562,145.5044708251953,86010,0.0,0.0
2012-03-30,156.5,158.5,152.25,153.75,144.005859375,137784,0.0,0.0
2012-04-02,155.0,156.4499969482422,152.25,155.14999389648438,145.31715393066406,130650,0.0,0.0
2012-04-03,150.0500030517578,156.0,150.0,153.0,143.30340576171875,35818,0.0,0.0
2012-04-04,152.0,155.0,151.10000610351562,153.25,143.53756713867188,52723,0.0,0.0
2012-04-09,153.25,153.64999389648438,151.75,151.85000610351562,142.2262725830078,74559,0.0,0.0
2012-04-10,151.0,154.5,147.0,149.5,140.02520751953125,236062,0.0,0.0
2012-04-11,150.0,151.5,142.0,144.10000610351562,134.9674835205078,383536,0.0,0.0
2012-04-12,145.0,147.60000610351562,144.10000610351562,145.10000610351562,135.9041290283203,93163,0.0,0.0
2012-04-13,147.0,151.75,146.0,150.8000030517578,141.2428436279297,85936,0.0,0.0
2012-04-16,149.0,153.0,148.0,152.39999389648438,142.74142456054688,31985,0.0,0.0
2012-04-17,150.1999969482422,155.89999389648438,150.1999969482422,155.25,145.4108123779297,127375,0.0,0.0
2012-04-18,153.25,158.5,152.5500030517578,155.3000030517578,145.45761108398438,49384,0.0,0.0
2012-04-19,154.0,156.5,149.5,151.6999969482422,142.0857696533203,160679,0.0,0.0
2012-04-20,152.0500030517578,153.60000610351562,149.14999389648438,150.4499969482422,140.9149932861328,32065,0.0,0.0
2012-04-23,151.0,153.5,145.5,150.89999389648438,141.33651733398438,108085,0.0,0.0
2012-04-24,150.8000030517578,152.8000030517578,144.5500030517578,147.0,137.6836700439453,27066,0.0,0.0
2012-04-25,144.0500030517578,148.89999389648438,139.89999389648438,146.25,136.98117065429688,72171,0.0,0.0
2012-04-26,149.8000030517578,149.8000030517578,143.60000610351562,146.8000030517578,137.49635314941406,48311,0.0,0.0
2012-04-27,150.5,150.5,140.39999389648438,143.9499969482422,134.8269500732422,76609,0.0,0.0
2012-04-30,144.0,149.5,142.0,148.35000610351562,138.9481201171875,194553,0.0,0.0
2012-05-02,152.75,153.39999389648438,147.0500030517578,149.9499969482422,140.44671630859375,244928,0.0,0.0
2012-05-03,147.0,150.0,144.0500030517578,145.14999389648438,135.95091247558594,46854,0.0,0.0
2012-05-04,145.14999389648438,145.1999969482422,137.0500030517578,140.4499969482422,131.54879760742188,180959,0.0,0.0
2012-05-07,141.0,147.89999389648438,135.60000610351562,146.5,137.21536254882812,154676,0.0,0.0
2012-05-08,149.9499969482422,164.5,141.25,144.4499969482422,135.29527282714844,104134,0.0,0.0
2012-05-09,143.0,145.10000610351562,141.25,145.0,135.81040954589844,93193,0.0,0.0
2012-05-10,145.0,145.10000610351562,142.39999389648438,144.75,135.57623291015625,47900,0.0,0.0
2012-05-11,140.75,145.10000610351562,138.0,144.60000610351562,135.435791015625,72394,0.0,0.0
2012-05-14,144.0,145.0500030517578,141.9499969482422,144.89999389648438,135.71673583984375,53792,0.0,0.0
2012-05-15,142.10000610351562,145.0500030517578,141.0,143.35000610351562,134.26499938964844,26296,0.0,0.0
2012-05-16,143.0,144.75,140.0,144.0,134.873779296875,64525,0.0,0.0
2012-05-17,145.10000610351562,145.10000610351562,138.5500030517578,139.3000030517578,130.4716796875,57021,0.0,0.0
2012-05-18,140.0,141.39999389648438,138.10000610351562,138.89999389648438,130.0970001220703,30220,0.0,0.0
2012-05-21,139.0,143.0,138.1999969482422,138.60000610351562,129.8160400390625,39675,0.0,0.0
2012-05-22,138.5,141.0,137.25,137.6999969482422,128.9730682373047,23555,0.0,0.0
2012-05-23,135.10000610351562,139.9499969482422,135.10000610351562,138.89999389648438,130.0970001220703,51105,0.0,0.0
2012-05-24,140.5,141.5,135.25,136.0,127.38079833984376,338566,0.0,0.0
2012-05-25,138.0,139.10000610351562,134.10000610351562,134.89999389648438,126.35051727294922,54228,0.0,0.0
2012-05-28,137.8000030517578,142.0,135.1999969482422,140.8000030517578,131.87657165527344,52119,0.0,0.0
2012-05-29,139.10000610351562,141.8000030517578,137.0,138.9499969482422,130.14385986328125,195124,0.0,0.0
2012-05-30,138.0,139.3000030517578,136.6999969482422,137.0,128.3174285888672,15481,0.0,0.0
2012-05-31,136.10000610351562,139.8000030517578,135.5,136.8000030517578,128.13011169433594,75460,0.0,0.0
2012-06-01,138.3000030517578,139.89999389648438,134.5,137.85000610351562,129.1135711669922,45648,0.0,0.0
2012-06-04,136.25,137.9499969482422,134.5500030517578,135.75,127.14665222167967,68156,0.0,0.0
2012-06-05,135.0,138.0,134.10000610351562,137.5,128.7857208251953,21534,0.0,0.0
2012-06-06,137.1999969482422,139.0,136.1999969482422,138.3000030517578,129.53506469726562,25521,0.0,0.0
2012-06-07,138.60000610351562,144.75,136.14999389648438,144.0,134.873779296875,117491,0.0,0.0
2012-06-08,143.5,145.5,140.60000610351562,145.0,135.81040954589844,98365,0.0,0.0
2012-06-11,145.89999389648438,147.0,139.5500030517578,140.8000030517578,131.87657165527344,124851,0.0,0.0
2012-06-12,140.5500030517578,146.8000030517578,139.39999389648438,145.0,135.81040954589844,139129,0.0,0.0
2012-06-13,147.0,151.1999969482422,145.1999969482422,150.0500030517578,140.54037475585938,227699,0.0,0.0
2012-06-14,151.0,151.0,148.0,150.14999389648438,140.634033203125,154734,0.0,0.0
2012-06-15,152.0,155.0,148.1999969482422,151.75,142.1326141357422,190089,0.0,0.0
2012-06-18,152.5,154.5,146.5,151.89999389648438,142.27310180664062,115290,0.0,0.0
2012-06-19,153.0,153.9499969482422,146.5,152.1999969482422,142.55406188964844,163536,0.0,0.0
2012-06-20,147.35000610351562,156.5,141.10000610351562,153.35000610351562,143.63124084472656,453663,0.0,0.0
2012-06-21,150.5500030517578,157.0,148.60000610351562,156.1999969482422,146.30062866210938,181277,0.0,0.0
2012-06-22,149.5,152.89999389648438,145.5500030517578,150.0,140.49351501464844,587339,0.0,0.0
2012-06-25,150.39999389648438,156.0,147.0500030517578,148.0500030517578,138.66712951660156,54852,0.0,0.0
2012-06-26,149.0500030517578,150.5,146.1999969482422,146.64999389648438,137.35581970214844,119708,0.0,0.0
2012-06-27,148.39999389648438,150.0,144.5,147.14999389648438,137.8241424560547,90191,0.0,0.0
2012-06-28,149.9499969482422,151.85000610351562,144.5,149.1999969482422,139.74424743652344,119715,0.0,0.0
2012-06-29,150.0,161.35000610351562,147.5,159.8000030517578,149.67247009277344,340746,0.0,0.0
2012-07-02,160.6999969482422,162.0,157.25,158.3000030517578,148.2675323486328,127679,0.0,0.0
2012-07-03,159.9499969482422,159.9499969482422,155.25,155.8000030517578,145.92591857910156,42425,0.0,0.0
2012-07-04,157.0500030517578,158.0,156.10000610351562,156.64999389648438,146.72210693359375,282505,0.0,0.0
2012-07-05,156.10000610351562,162.64999389648438,155.0500030517578,159.14999389648438,149.06362915039062,106973,0.0,0.0
2012-07-06,159.0500030517578,160.0,155.14999389648438,156.10000610351562,146.20693969726562,707088,0.0,0.0
2012-07-09,156.5,157.85000610351562,151.5,155.25,145.4108123779297,48340,0.0,0.0
2012-07-10,154.60000610351562,157.0,153.5500030517578,156.14999389648438,146.25376892089844,61947,0.0,0.0
2012-07-11,157.39999389648438,157.5,151.64999389648438,154.9499969482422,145.1298370361328,64510,0.0,0.0
2012-07-12,154.0,156.85000610351562,153.3000030517578,154.9499969482422,145.1298370361328,19620,0.0,0.0
2012-07-13,155.0500030517578,156.4499969482422,154.0,155.14999389648438,145.31715393066406,38314,0.0,0.0
2012-07-16,155.89999389648438,157.85000610351562,153.0500030517578,156.0500030517578,146.16012573242188,39896,0.0,0.0
2012-07-17,154.60000610351562,156.9499969482422,152.35000610351562,156.0,146.11326599121094,66291,0.0,0.0
2012-07-18,155.0,156.8000030517578,152.8000030517578,154.89999389648438,145.08299255371094,59370,0.0,0.0
2012-07-19,155.0,156.35000610351562,153.60000610351562,155.39999389648438,145.5513153076172,232485,0.0,0.0
2012-07-20,154.9499969482422,156.5,154.0,155.0500030517578,145.22349548339844,56023,0.0,0.0
2012-07-23,153.0500030517578,160.39999389648438,153.0500030517578,156.6999969482422,146.7689208984375,143603,0.0,0.0
2012-07-24,158.10000610351562,158.5,155.0,157.0,147.04991149902344,41945,0.0,0.0
2012-07-25,156.0500030517578,158.60000610351562,155.5,157.60000610351562,147.61187744140625,52994,0.0,0.0
2012-07-26,158.89999389648438,158.89999389648438,155.0,155.1999969482422,145.8266143798828,47378,0.5,0.0
2012-07-27,157.8000030517578,159.89999389648438,155.1999969482422,158.75,149.1621856689453,87758,0.0,0.0
2012-07-30,160.75,162.39999389648438,158.0,158.64999389648438,149.06825256347656,44495,0.0,0.0
2012-07-31,158.14999389648438,166.5,158.0,165.3000030517578,155.31663513183594,135276,0.0,0.0
2012-08-01,165.5,171.0,163.14999389648438,169.8000030517578,159.5447998046875,130690,0.0,0.0
2012-08-02,171.0,182.0,168.25,178.75,167.95431518554688,551774,0.0,0.0
2012-08-03,179.0,179.0,169.0500030517578,173.10000610351562,162.64556884765625,133627,0.0,0.0
2012-08-06,173.0,179.35000610351562,172.3000030517578,175.25,164.6657257080078,135222,0.0,0.0
2012-08-07,177.4499969482422,177.4499969482422,166.6999969482422,173.5,163.02142333984375,161245,0.0,0.0
2012-08-08,171.9499969482422,176.89999389648438,170.0500030517578,171.3000030517578,160.95425415039062,822871,0.0,0.0
2012-08-09,173.1999969482422,174.25,166.5500030517578,171.5,161.14218139648438,135617,0.0,0.0
2012-08-10,170.64999389648438,173.0,168.0,171.10000610351562,160.76634216308594,43475,0.0,0.0
2012-08-13,173.89999389648438,174.3000030517578,169.3000030517578,173.10000610351562,162.64556884765625,58654,0.0,0.0
2012-08-14,174.6999969482422,176.35000610351562,172.14999389648438,174.9499969482422,164.38380432128906,59296,0.0,0.0
2012-08-16,175.0,177.8000030517578,174.10000610351562,176.8000030517578,166.1221160888672,562109,0.0,0.0
2012-08-17,179.8000030517578,179.8000030517578,174.5500030517578,177.5500030517578,166.8267822265625,66932,0.0,0.0
2012-08-21,183.0,183.0,177.0,180.10000610351562,169.22279357910156,67483,0.0,0.0
2012-08-22,180.4499969482422,182.3000030517578,171.25,180.1499938964844,169.26974487304688,78337,0.0,0.0
2012-08-23,181.9499969482422,186.8500061035156,180.1499938964844,185.8999938964844,174.67247009277344,88426,0.0,0.0
2012-08-24,186.8999938964844,190.6000061035156,182.0500030517578,189.1499938964844,177.7261962890625,1591618,0.0,0.0
2012-08-27,191.75,191.9499969482422,183.5,185.4499969482422,174.24964904785156,234828,0.0,0.0
2012-08-28,187.9499969482422,187.9499969482422,180.6999969482422,182.25,171.24295043945312,955081,0.0,0.0
2012-08-29,184.0,184.0,177.60000610351562,179.9499969482422,169.08181762695312,379339,0.0,0.0
2012-08-30,180.9499969482422,181.0,178.60000610351562,180.10000610351562,169.22279357910156,67695,0.0,0.0
2012-08-31,180.3000030517578,183.25,177.25,179.89999389648438,169.03488159179688,392329,0.0,0.0
2012-09-03,180.10000610351562,185.0,180.10000610351562,183.0,171.94764709472656,622082,0.0,0.0
2012-09-04,182.1000061035156,185.0,181.0,182.5,171.47781372070312,361090,0.0,0.0
2012-09-05,181.1999969482422,183.6999969482422,181.1999969482422,183.0,171.94764709472656,78592,0.0,0.0
2012-09-06,181.1999969482422,185.0,181.1999969482422,182.0500030517578,171.05502319335938,70700,0.0,0.0
2012-09-07,184.9499969482422,185.4499969482422,183.3500061035156,184.75,173.59194946289062,185287,0.0,0.0
2012-09-10,188.0,188.25,183.5500030517578,185.3999938964844,174.20266723632812,87207,0.0,0.0
2012-09-11,184.0,185.0,179.0,182.3500061035156,171.3368682861328,840609,0.0,0.0
2012-09-12,183.6000061035156,186.0,181.0500030517578,181.3000030517578,170.3502960205078,142209,0.0,0.0
2012-09-13,184.8000030517578,184.8000030517578,181.3000030517578,184.0500030517578,172.93421936035156,907935,0.0,0.0
2012-09-14,188.9499969482422,188.9499969482422,180.25,182.8999938964844,171.85365295410156,81760,0.0,0.0
2012-09-17,187.0,187.0,181.5500030517578,182.5,171.47781372070312,83734,0.0,0.0
2012-09-18,182.8500061035156,183.3999938964844,179.64999389648438,180.6499938964844,169.7395477294922,97528,0.0,0.0
2012-09-20,179.9499969482422,179.9499969482422,175.5,177.5500030517578,166.8267822265625,47264,0.0,0.0
2012-09-21,181.0,187.5,177.10000610351562,182.5,171.47781372070312,381750,0.0,0.0
2012-09-24,183.8000030517578,183.8000030517578,180.0500030517578,183.0,171.94764709472656,412624,0.0,0.0
2012-09-25,183.6499938964844,184.5,181.5,182.5,171.47781372070312,20917,0.0,0.0
2012-09-26,182.0500030517578,187.3999938964844,182.0,186.0,174.7664337158203,205273,0.0,0.0
2012-09-27,188.8000030517578,196.5,186.6000061035156,190.3999938964844,178.90069580078125,444755,0.0,0.0
2012-09-28,192.0,195.8000030517578,190.3000030517578,192.6499938964844,181.01480102539065,152069,0.0,0.0
2012-10-01,195.0,197.8999938964844,186.0500030517578,192.4499969482422,180.826904296875,196956,0.0,0.0
2012-10-03,193.6000061035156,197.3999938964844,191.5,192.6000061035156,180.96783447265625,77296,0.0,0.0
2012-10-04,195.9499969482422,196.9499969482422,193.5500030517578,196.0,184.1625213623047,201958,0.0,0.0
2012-10-05,196.1499938964844,196.8999938964844,192.5,193.6000061035156,181.9074249267578,52504,0.0,0.0
2012-10-08,193.0,196.3999938964844,189.0,190.0500030517578,178.57183837890625,82452,0.0,0.0
2012-10-09,191.5,191.8999938964844,185.1999969482422,186.3000030517578,175.04833984375,71319,0.0,0.0
2012-10-10,194.8999938964844,199.0,181.1999969482422,182.8500061035156,171.80670166015625,209826,0.0,0.0
2012-10-11,183.0,184.8000030517578,180.10000610351562,181.8000030517578,170.82012939453125,213781,0.0,0.0
2012-10-12,181.25,188.8000030517578,180.5500030517578,185.6499938964844,174.4375762939453,210245,0.0,0.0
2012-10-15,188.0,194.1999969482422,186.5,187.6999969482422,176.36373901367188,219287,0.0,0.0
2012-10-16,189.3500061035156,190.0,183.1499938964844,185.1999969482422,174.01475524902344,128873,0.0,0.0
2012-10-17,186.8500061035156,189.8999938964844,184.0,185.3000030517578,174.10870361328125,70897,0.0,0.0
2012-10-18,186.0,189.8999938964844,183.1000061035156,188.9499969482422,177.53826904296875,129245,0.0,0.0
2012-10-19,185.0,189.8999938964844,185.0,188.0500030517578,176.69264221191406,167689,0.0,0.0
2012-10-22,187.1999969482422,188.0,184.3999938964844,185.3999938964844,174.20266723632812,44902,0.0,0.0
2012-10-23,185.1000061035156,188.3999938964844,185.0,186.6999969482422,175.42413330078125,48509,0.0,0.0
2012-10-25,188.8999938964844,194.0,182.3500061035156,192.4499969482422,180.826904296875,146022,0.0,0.0
2012-10-29,192.3500061035156,199.8999938964844,192.1499938964844,195.9499969482422,184.11550903320312,524879,0.0,0.0
2012-10-30,196.3000030517578,201.9499969482422,195.0,199.0500030517578,187.02825927734372,268525,0.0,0.0
2012-10-31,200.0,204.8999938964844,200.0,203.8500061035156,191.5384063720703,174447,0.0,0.0
2012-11-01,203.1999969482422,205.0,201.5,204.6000061035156,192.24310302734372,88232,0.0,0.0
2012-11-02,204.9499969482422,207.3999938964844,204.3000030517578,206.0500030517578,193.60549926757807,165274,0.0,0.0
2012-11-05,206.0,209.8000030517578,202.0,203.8000030517578,191.4914093017578,690466,0.0,0.0
2012-11-06,202.6499938964844,214.8999938964844,202.6000061035156,212.1000061035156,199.2901763916016,820320,0.0,0.0
2012-11-07,212.6999969482422,219.6000061035156,212.6999969482422,217.5,204.36399841308597,870111,0.0,0.0
2012-11-08,214.0,218.0,212.5,213.8999938964844,200.98141479492188,213741,0.0,0.0
2012-11-09,213.0,218.5500030517578,208.5,211.8500061035156,199.99020385742188,415621,1.0,0.0
2012-11-12,213.0500030517578,215.1000061035156,211.3000030517578,214.1000061035156,202.11422729492188,258868,0.0,0.0
2012-11-15,215.9499969482422,216.5,212.3000030517578,215.4499969482422,203.3886566162109,41708,0.0,0.0
2012-11-16,218.0,221.25,214.3999938964844,215.3999938964844,203.3414459228516,167093,0.0,0.0
2012-11-19,214.9499969482422,218.1499938964844,211.5500030517578,212.9499969482422,201.02862548828125,80907,0.0,0.0
2012-11-20,214.0,215.9499969482422,199.9499969482422,208.9499969482422,197.2525329589844,181450,0.0,0.0
2012-11-21,209.3000030517578,212.8000030517578,203.3500061035156,205.6999969482422,194.18446350097656,80103,0.0,0.0
2012-11-22,207.3000030517578,208.8000030517578,201.0500030517578,202.4499969482422,191.1164093017578,121622,0.0,0.0
2012-11-23,204.25,205.0,201.5,203.3000030517578,191.9188537597656,30627,0.0,0.0
2012-11-26,204.75,206.6499938964844,202.25,203.75,192.3436584472656,58492,0.0,0.0
2012-11-27,203.25,206.0,203.25,204.0,192.5796661376953,66451,0.0,0.0
2012-11-29,206.0,206.0,202.8999938964844,203.75,192.3436584472656,81336,0.0,0.0
2012-11-30,205.9499969482422,207.5,202.0,202.8999938964844,191.54122924804688,117771,0.0,0.0
2012-12-03,204.8000030517578,206.8000030517578,200.0,202.8000030517578,191.44683837890625,60060,0.0,0.0
2012-12-04,204.8000030517578,205.75,202.25,204.3999938964844,192.9572296142578,59699,0.0,0.0
2012-12-05,204.75,209.1000061035156,202.0,207.9499969482422,196.3085021972656,100145,0.0,0.0
2012-12-06,210.0,210.0,204.1000061035156,204.9499969482422,193.4764404296875,82491,0.0,0.0
2012-12-07,209.6499938964844,209.6499938964844,204.5500030517578,206.3000030517578,194.7509307861328,62465,0.0,0.0
2012-12-10,205.3500061035156,207.6000061035156,202.0,205.8999938964844,194.373291015625,88998,0.0,0.0
2012-12-11,206.3000030517578,219.4499969482422,206.25,214.5500030517578,202.5390472412109,318896,0.0,0.0
2012-12-12,216.8500061035156,218.0,206.6000061035156,211.8000030517578,199.9430084228516,146095,0.0,0.0
2012-12-13,212.75,214.9499969482422,207.1000061035156,211.3999938964844,199.5653533935547,44732,0.0,0.0
2012-12-14,214.6999969482422,218.0,208.8500061035156,215.1499938964844,203.10543823242188,403774,0.0,0.0
2012-12-17,218.6000061035156,223.5,212.0,218.3500061035156,206.1263427734375,138093,0.0,0.0
2012-12-18,219.8000030517578,226.3000030517578,215.6499938964844,220.3999938964844,208.0615692138672,182577,0.0,0.0
2012-12-19,220.8500061035156,227.3000030517578,217.3000030517578,224.8000030517578,212.2152404785156,132946,0.0,0.0
2012-12-20,223.0500030517578,229.6999969482422,223.0,227.9499969482422,215.1888732910156,113079,0.0,0.0
2012-12-21,226.3500061035156,233.0,225.0,230.0,217.12408447265625,128738,0.0,0.0
2012-12-24,231.9499969482422,241.0,229.0,234.1999969482422,221.08897399902344,166408,0.0,0.0
2012-12-26,236.0500030517578,239.5,234.6499938964844,238.0500030517578,224.7234344482422,166243,0.0,0.0
2012-12-27,240.1999969482422,248.6499938964844,237.0,244.75,231.04837036132807,370515,0.0,0.0
2012-12-28,245.8999938964844,250.8999938964844,242.3500061035156,249.1999969482422,235.249267578125,505979,0.0,0.0
2012-12-31,249.0,249.1000061035156,243.1999969482422,245.8999938964844,232.13401794433597,168841,0.0,0.0
2013-01-01,245.0,247.9499969482422,236.1499938964844,238.25,224.9122772216797,166113,0.0,0.0
2013-01-02,239.1000061035156,240.75,235.5,236.8999938964844,223.63784790039065,355267,0.0,0.0
2013-01-03,237.6000061035156,244.6000061035156,235.0,239.6000061035156,226.18667602539065,1324177,0.0,0.0
2013-01-04,240.4499969482422,243.9499969482422,236.1499938964844,240.8500061035156,227.36672973632807,1211106,0.0,0.0
2013-01-07,243.8999938964844,243.9499969482422,240.5,241.0,227.50831604003903,653104,0.0,0.0
2013-01-08,240.9499969482422,242.75,237.6000061035156,239.8000030517578,226.37548828125,1064727,0.0,0.0
2013-01-09,241.6000061035156,241.6000061035156,239.0,241.0,227.50831604003903,395896,0.0,0.0
2013-01-10,237.1000061035156,242.0,237.1000061035156,239.0,225.6203155517578,986632,0.0,0.0
2013-01-11,246.0,246.0,225.5,226.6999969482422,214.0088806152344,1317870,0.0,0.0
2013-01-14,226.6000061035156,228.6499938964844,222.8999938964844,225.4499969482422,212.82882690429688,87310,0.0,0.0
2013-01-15,226.8500061035156,234.6999969482422,226.8500061035156,232.1999969482422,219.20098876953125,307458,0.0,0.0
2013-01-16,233.0500030517578,234.0,227.0,230.8000030517578,217.8793182373047,561162,0.0,0.0
2013-01-17,230.0,232.0,223.75,229.1000061035156,216.27452087402344,194914,0.0,0.0
2013-01-18,231.8999938964844,241.5500030517578,231.5,235.6000061035156,222.4106292724609,687085,0.0,0.0
2013-01-21,236.1000061035156,236.1000061035156,230.1000061035156,231.6999969482422,218.7289276123047,396687,0.0,0.0
2013-01-22,230.6499938964844,232.6000061035156,229.5,230.0500030517578,217.17132568359372,172394,0.0,0.0
2013-01-23,230.5500030517578,235.0,229.0,233.3999938964844,220.33380126953125,192008,0.0,0.0
2013-01-24,234.9499969482422,235.0500030517578,230.0,234.0,220.90020751953125,461218,0.0,0.0
2013-01-25,234.5500030517578,236.0,228.0,234.8000030517578,221.65542602539065,289823,0.0,0.0
2013-01-28,238.8500061035156,238.8500061035156,232.0,234.0,220.90020751953125,154424,0.0,0.0
2013-01-29,236.6000061035156,236.6499938964844,232.8999938964844,234.3000030517578,221.1833953857422,145537,0.0,0.0
2013-01-30,233.8999938964844,238.8999938964844,232.8999938964844,235.1000061035156,221.93862915039065,191142,0.0,0.0
2013-01-31,233.0500030517578,243.5,233.0500030517578,240.9499969482422,227.46112060546875,304058,0.0,0.0
2013-02-01,239.0500030517578,244.8999938964844,235.0,243.3999938964844,229.77392578125,112972,0.0,0.0
2013-02-04,241.25,243.5,239.5,239.8999938964844,226.4698638916016,281013,0.0,0.0
2013-02-05,239.8999938964844,239.9499969482422,233.1000061035156,234.8000030517578,221.65542602539065,448234,0.0,0.0
2013-02-06,237.8999938964844,239.0,235.6499938964844,237.0500030517578,223.77944946289065,670117,0.0,0.0
2013-02-07,234.8000030517578,239.5,216.6000061035156,238.5500030517578,225.1954803466797,297501,0.0,0.0
2013-02-08,235.25,238.5,235.25,236.9499969482422,223.6850433349609,427611,0.0,0.0
2013-02-11,238.1499938964844,239.8000030517578,233.25,237.1499938964844,223.87384033203125,574627,0.0,0.0
2013-02-12,235.6499938964844,236.3999938964844,234.0,234.8999938964844,221.7498016357422,336631,0.0,0.0
2013-02-13,237.8500061035156,243.0,235.6999969482422,241.3000030517578,227.7914886474609,1108513,0.0,0.0
2013-02-14,245.0,245.0,240.6999969482422,242.5,228.9243621826172,171665,0.0,0.0
2013-02-15,243.3000030517578,244.5,241.3000030517578,243.0,230.3462371826172,758147,1.0,0.0
2013-02-18,243.8000030517578,247.4499969482422,238.8000030517578,239.1999969482422,226.7441253662109,191172,0.0,0.0
2013-02-19,241.8500061035156,245.0,239.3000030517578,244.6999969482422,231.9576873779297,70712,0.0,0.0
2013-02-20,245.8999938964844,252.6499938964844,245.3000030517578,250.5500030517578,237.50308227539065,261478,0.0,0.0
2013-02-21,251.0,254.25,248.4499969482422,250.9499969482422,237.8822479248047,136651,0.0,0.0
2013-02-22,250.6999969482422,251.0,244.0500030517578,246.3000030517578,233.47439575195312,385479,0.0,0.0
2013-02-25,245.1999969482422,248.1000061035156,240.1499938964844,245.8000030517578,233.00042724609372,97512,0.0,0.0
2013-02-26,244.0500030517578,249.8999938964844,243.8500061035156,244.5500030517578,231.8155212402344,288334,0.0,0.0
2013-02-27,241.0,244.6499938964844,240.0,243.0500030517578,230.3936309814453,46258,0.0,0.0
2013-02-28,242.9499969482422,247.25,242.1000061035156,243.1000061035156,230.4410095214844,755134,0.0,0.0
2013-03-01,244.1499938964844,247.8999938964844,243.8000030517578,245.8999938964844,233.09523010253903,53430,0.0,0.0
2013-03-04,245.0,247.75,241.1499938964844,244.25,231.53114318847656,78162,0.0,0.0
2013-03-05,245.6999969482422,247.9499969482422,236.1999969482422,243.6499938964844,230.96234130859372,457698,0.0,0.0
2013-03-06,244.8500061035156,249.8000030517578,243.8500061035156,245.9499969482422,233.14263916015625,554576,0.0,0.0
2013-03-07,245.9499969482422,249.4499969482422,239.0500030517578,242.8500061035156,230.20404052734372,59263,0.0,0.0
2013-03-08,249.0,253.3999938964844,239.0,251.1000061035156,238.02444458007807,117507,0.0,0.0
2013-03-11,251.1000061035156,259.95001220703125,249.0,257.20001220703125,243.80679321289065,120186,0.0,0.0
2013-03-12,258.6499938964844,268.0,258.6499938964844,264.29998779296875,250.5370330810547,412790,0.0,0.0
2013-03-13,262.20001220703125,267.75,259.0,261.6000061035156,247.9776611328125,136080,0.0,0.0
2013-03-14,261.6000061035156,261.6000061035156,252.0500030517578,257.0,243.6171875,63710,0.0,0.0
2013-03-15,257.04998779296875,273.5,254.1000061035156,263.6499938964844,249.92091369628903,357892,0.0,0.0
2013-03-18,261.0,263.0,258.6000061035156,261.0,247.4089508056641,354373,0.0,0.0
2013-03-19,260.95001220703125,263.0,242.75,248.3000030517578,235.37026977539065,819153,0.0,0.0
2013-03-20,244.0500030517578,249.75,244.0500030517578,246.1000061035156,233.2848052978516,103280,0.0,0.0
2013-03-21,246.5,248.8999938964844,244.0500030517578,246.1499938964844,233.33218383789065,65484,0.0,0.0
2013-03-22,243.0500030517578,246.8999938964844,238.0,241.6000061035156,229.01914978027344,1008841,0.0,0.0
2013-03-25,239.0,247.5,239.0,240.8999938964844,228.3555908203125,1376663,0.0,0.0
2013-03-26,242.6000061035156,246.0,240.1499938964844,244.5,231.76809692382807,61164,0.0,0.0
2013-03-28,243.4499969482422,259.0,239.5,254.0,240.7734375,1342246,0.0,0.0
2013-04-01,256.6499938964844,256.6499938964844,245.6000061035156,247.75,234.8488922119141,29651,0.0,0.0
2013-04-02,241.3000030517578,247.8999938964844,241.3000030517578,245.5,232.716064453125,334352,0.0,0.0
2013-04-03,243.0,245.6000061035156,242.5500030517578,244.4499969482422,231.72071838378903,141529,0.0,0.0
2013-04-04,242.8000030517578,246.9499969482422,240.3000030517578,241.0500030517578,228.49778747558597,403710,0.0,0.0
2013-04-05,238.5,243.3000030517578,233.6000061035156,235.3999938964844,223.14198303222656,72923,0.0,0.0
2013-04-08,234.5,238.1999969482422,234.5,236.3500061035156,224.04254150390625,9682,0.0,0.0
2013-04-09,236.5,238.6000061035156,231.0,233.8999938964844,221.7200927734375,124788,0.0,0.0
2013-04-10,235.5500030517578,238.5,232.0,234.9499969482422,222.7154083251953,196750,0.0,0.0
2013-04-11,235.8500061035156,239.6999969482422,232.1000061035156,237.5500030517578,225.1800079345703,275289,0.0,0.0
2013-04-12,236.0,236.8500061035156,230.6000061035156,235.1499938964844,222.90499877929688,14436,0.0,0.0
2013-04-15,235.0,235.0,230.5,233.6499938964844,221.48309326171875,16269,0.0,0.0
2013-04-16,231.6000061035156,233.25,230.0500030517578,232.1999969482422,220.108642578125,119412,0.0,0.0
2013-04-17,230.3000030517578,235.0,230.3000030517578,231.6000061035156,219.53988647460935,16854,0.0,0.0
2013-04-18,229.0,234.25,226.8000030517578,229.3999938964844,217.45443725585935,22170,0.0,0.0
2013-04-22,225.6000061035156,235.0,225.6000061035156,230.9499969482422,218.9237365722656,311265,0.0,0.0
2013-04-23,228.5500030517578,234.5,228.5500030517578,232.5500030517578,220.44039916992188,60490,0.0,0.0
2013-04-25,230.0,236.5,230.0,234.0500030517578,221.86227416992188,25203,0.0,0.0
2013-04-26,233.8000030517578,244.8999938964844,233.0,241.1000061035156,228.5451812744141,235359,0.0,0.0
2013-04-29,236.0,243.6499938964844,236.0,241.1499938964844,228.59255981445312,537133,0.0,0.0
2013-04-30,242.8999938964844,249.3999938964844,242.0500030517578,248.5500030517578,235.60720825195312,58065,0.0,0.0
2013-05-02,246.8999938964844,249.8000030517578,241.0,247.8999938964844,234.9910888671875,330155,0.0,0.0
2013-05-03,247.8999938964844,248.6499938964844,242.0,242.5,229.87228393554688,16499,0.0,0.0
2013-05-06,244.3000030517578,254.0,242.6000061035156,249.8000030517578,236.7921142578125,157286,0.0,0.0
2013-05-07,247.5,247.9499969482422,243.0500030517578,245.75,232.9530334472656,56416,0.0,0.0
2013-05-08,244.1000061035156,261.0,244.0,259.1000061035156,245.6078338623047,914758,0.0,0.0
2013-05-09,259.0,259.8999938964844,252.3000030517578,253.6000061035156,240.39425659179688,47557,0.0,0.0
2013-05-10,254.9499969482422,257.04998779296875,250.0,250.75,237.69265747070312,27961,0.0,0.0
2013-05-13,248.0500030517578,257.5,248.0500030517578,249.9499969482422,236.934326171875,58242,0.0,0.0
2013-05-14,250.0,254.0,245.25,246.5,233.6639709472656,25892,0.0,0.0
2013-05-15,246.1000061035156,254.75,246.1000061035156,253.8500061035156,240.63124084472656,371811,0.0,0.0
2013-05-16,250.0,255.0,247.4499969482422,247.8500061035156,234.94369506835935,56867,0.0,0.0
2013-05-17,247.8500061035156,255.6499938964844,245.0,246.0,233.1900177001953,174188,0.0,0.0
2013-05-20,246.5500030517578,252.4499969482422,245.0500030517578,247.8999938964844,234.9910888671875,233846,0.0,0.0
2013-05-21,245.8500061035156,253.0500030517578,245.8500061035156,251.6499938964844,238.54579162597656,145804,0.0,0.0
2013-05-22,250.1000061035156,253.5,247.6999969482422,251.0500030517578,237.97702026367188,145338,0.0,0.0
2013-05-23,248.0500030517578,249.6000061035156,242.5500030517578,244.8999938964844,232.1472930908203,174355,0.0,0.0
2013-05-24,243.25,249.3999938964844,243.0500030517578,247.75,234.8488922119141,144496,0.0,0.0
2013-05-27,249.4499969482422,251.75,247.3999938964844,249.0,236.0337829589844,1655276,0.0,0.0
2013-05-28,250.0,252.9499969482422,244.0,245.1000061035156,232.33685302734372,239738,0.0,0.0
2013-05-29,243.5500030517578,248.75,243.0,245.0,232.2421112060547,111394,0.0,0.0
2013-05-30,245.0,245.0,230.9499969482422,231.6499938964844,219.58726501464844,223482,0.0,0.0
2013-05-31,227.25,231.6499938964844,221.0,222.4499969482422,210.86631774902344,680729,0.0,0.0
2013-06-03,228.3000030517578,228.3000030517578,217.0,220.6499938964844,209.1600341796875,52006,0.0,0.0
2013-06-04,221.8999938964844,227.8999938964844,218.6000061035156,224.6499938964844,212.95176696777344,173263,0.0,0.0
2013-06-05,226.8500061035156,231.9499969482422,224.0,230.1499938964844,218.16534423828125,45104,0.0,0.0
2013-06-06,231.0,237.0,230.0,235.1000061035156,222.8576202392578,79980,0.0,0.0
2013-06-07,235.5,242.8999938964844,232.75,239.0500030517578,226.60191345214844,51224,0.0,0.0
2013-06-10,240.6000061035156,246.0,237.0,240.5500030517578,228.0238037109375,46058,0.0,0.0
2013-06-11,237.25,240.0500030517578,230.0,237.6000061035156,225.2274169921875,154409,0.0,0.0
2013-06-12,236.0500030517578,243.8000030517578,233.3999938964844,235.0,222.7627868652344,231829,0.0,0.0
2013-06-13,232.1000061035156,239.8999938964844,228.5500030517578,235.8999938964844,223.61593627929688,716438,0.0,0.0
2013-06-14,234.0,240.0,233.5500030517578,234.3999938964844,222.19407653808597,98187,0.0,0.0
2013-06-17,232.0,239.6999969482422,230.5,236.5500030517578,224.2320709228516,76226,0.0,0.0
2013-06-18,236.0,252.8999938964844,235.0,236.6499938964844,224.3268585205078,974466,0.0,0.0
2013-06-19,236.3500061035156,239.5,231.5,232.75,220.6299591064453,34006,0.0,0.0
2013-06-20,230.0,230.0,218.25,225.0,213.28355407714844,164293,0.0,0.0
2013-06-21,219.8000030517578,227.1000061035156,206.9499969482422,214.5500030517578,203.37771606445312,249040,0.0,0.0
2013-06-24,213.6999969482422,216.8999938964844,212.5500030517578,213.0,201.90843200683597,70961,0.0,0.0
2013-06-25,213.25,219.0,207.0,217.1499938964844,205.84231567382807,24478,0.0,0.0
2013-06-26,219.8000030517578,230.8999938964844,210.0,221.6999969482422,210.1553649902344,173983,0.0,0.0
2013-06-27,216.0500030517578,228.4499969482422,208.3500061035156,224.8000030517578,213.09397888183597,209284,0.0,0.0
2013-06-28,223.0,230.0,222.0500030517578,227.9499969482422,216.07992553710935,186282,0.0,0.0
2013-07-01,226.0500030517578,226.0500030517578,219.1000061035156,223.9499969482422,212.2882232666016,115069,0.0,0.0
2013-07-02,223.0,223.9499969482422,214.5,216.3999938964844,205.13136291503903,482385,0.0,0.0
2013-07-03,213.0,215.0,209.25,212.9499969482422,201.8610382080078,193898,0.0,0.0
2013-07-04,211.6499938964844,217.0,211.5,213.1999969482422,202.0980224609375,1091767,0.0,0.0
2013-07-05,213.0,218.0,213.0,214.1000061035156,202.95114135742188,100986,0.0,0.0
2013-07-08,216.0,219.0,211.1000061035156,216.3999938964844,205.13136291503903,96585,0.0,0.0
2013-07-09,216.8999938964844,220.5,214.1499938964844,217.9499969482422,206.6006774902344,38904,0.0,0.0
2013-07-10,219.1999969482422,219.8999938964844,209.5,213.9499969482422,202.80892944335935,290918,0.0,0.0
2013-07-11,213.0,220.0500030517578,212.0,218.1000061035156,206.7428436279297,44132,0.0,0.0
2013-07-12,216.0,219.3500061035156,213.5,214.0,202.85633850097656,24321,0.0,0.0
2013-07-15,213.0,214.1999969482422,210.6000061035156,212.6999969482422,201.62403869628903,19719,0.0,0.0
2013-07-16,211.3000030517578,212.1000061035156,207.9499969482422,209.25,198.35366821289065,365392,0.0,0.0
2013-07-17,210.4499969482422,212.0,202.0,202.5500030517578,192.00259399414065,149543,0.0,0.0
2013-07-18,200.0500030517578,209.9499969482422,200.0500030517578,206.0,195.2729034423828,42053,0.0,0.0
2013-07-19,206.0,209.0,198.5500030517578,199.75,190.2720489501953,1060256,1.0,0.0
2013-07-22,199.0,199.9499969482422,194.0,195.6999969482422,186.4142303466797,389447,0.0,0.0
2013-07-23,195.0,196.75,189.9499969482422,191.0,181.93722534179688,102760,0.0,0.0
2013-07-24,190.0,191.0,182.6499938964844,189.5500030517578,180.5560302734375,37279,0.0,0.0
2013-07-25,188.0,188.9499969482422,182.1499938964844,182.3500061035156,173.69764709472656,111436,0.0,0.0
2013-07-26,183.5,187.25,173.9499969482422,174.60000610351562,166.31536865234375,68933,0.0,0.0
2013-07-29,174.60000610351562,174.60000610351562,167.25,169.10000610351562,161.07635498046875,488812,0.0,0.0
2013-07-30,166.0500030517578,169.89999389648438,163.9499969482422,168.4499969482422,160.45718383789062,26060,0.0,0.0
2013-07-31,163.5,166.60000610351562,159.0,159.60000610351562,152.02711486816406,375173,0.0,0.0
2013-08-01,157.0500030517578,163.89999389648438,144.5500030517578,154.8000030517578,147.45489501953125,609457,0.0,0.0
2013-08-02,150.5,155.89999389648438,146.0,152.0,144.78773498535156,420906,0.0,0.0
2013-08-05,150.1999969482422,159.0,148.35000610351562,157.5,150.0267791748047,13520,0.0,0.0
2013-08-06,156.0,158.9499969482422,151.0,157.64999389648438,150.1696319580078,9021,0.0,0.0
2013-08-07,152.6999969482422,158.0,149.0500030517578,154.3000030517578,146.97860717773438,38471,0.0,0.0
2013-08-08,153.0,167.39999389648438,151.1999969482422,162.64999389648438,154.93238830566406,36682,0.0,0.0
2013-08-12,162.64999389648438,175.6999969482422,162.64999389648438,173.35000610351562,165.12469482421875,43859,0.0,0.0
2013-08-13,175.0,177.6999969482422,163.25,170.0500030517578,161.98130798339844,110669,0.0,0.0
2013-08-14,177.8000030517578,178.0500030517578,166.0,170.0,161.9336395263672,50326,0.0,0.0
2013-08-16,169.9499969482422,173.8000030517578,158.0,158.8000030517578,151.26507568359375,29840,0.0,0.0
2013-08-19,157.1999969482422,162.0,152.1999969482422,159.85000610351562,152.2652587890625,96110,0.0,0.0
2013-08-20,157.0,159.0,135.14999389648438,152.14999389648438,144.93063354492188,137146,0.0,0.0
2013-08-21,154.0,159.1999969482422,148.0,149.5500030517578,142.45399475097656,98383,0.0,0.0
2013-08-22,148.0,148.0,143.10000610351562,145.0,138.11990356445312,93290,0.0,0.0
2013-08-23,145.6999969482422,147.85000610351562,143.39999389648438,144.85000610351562,137.9770050048828,41613,0.0,0.0
2013-08-26,147.0,152.1999969482422,141.64999389648438,146.1999969482422,139.26292419433594,129407,0.0,0.0
2013-08-27,144.0500030517578,144.64999389648438,139.0,140.3000030517578,133.6428680419922,570169,0.0,0.0
2013-08-28,140.0,140.0,135.5500030517578,138.0,131.45201110839844,77953,0.0,0.0
2013-08-29,136.1999969482422,144.9499969482422,136.1999969482422,143.0,136.2147979736328,112460,0.0,0.0
2013-08-30,142.0,155.85000610351562,139.0,152.1999969482422,144.97824096679688,143009,0.0,0.0
2013-09-02,152.0,164.0,151.89999389648438,156.75,149.31234741210938,49128,0.0,0.0
2013-09-03,158.9499969482422,163.5,153.25,155.0500030517578,147.69300842285156,93664,0.0,0.0
2013-09-04,155.14999389648438,159.3000030517578,154.0,155.75,148.35980224609375,26020,0.0,0.0
2013-09-05,158.75,162.1999969482422,156.25,157.5500030517578,150.0743865966797,82775,0.0,0.0
2013-09-06,157.60000610351562,165.39999389648438,156.5500030517578,164.39999389648438,156.59934997558594,133733,0.0,0.0
2013-09-10,163.0,171.75,163.0,166.10000610351562,158.21868896484375,63378,0.0,0.0
2013-09-11,164.0500030517578,169.85000610351562,163.8000030517578,166.85000610351562,158.93312072753906,77189,0.0,0.0
2013-09-12,167.0,171.10000610351562,166.0500030517578,166.6999969482422,158.79022216796875,112512,0.0,0.0
2013-09-13,166.8000030517578,168.75,164.14999389648438,166.3000030517578,158.40921020507812,42242,0.0,0.0
2013-09-16,171.0,171.0,162.0500030517578,163.0,155.26580810546875,143436,0.0,0.0
2013-09-17,157.14999389648438,166.0,157.14999389648438,165.0500030517578,157.21852111816406,14444,0.0,0.0
2013-09-18,166.39999389648438,170.8000030517578,164.10000610351562,169.64999389648438,161.60028076171875,35845,0.0,0.0
2013-09-19,175.0,176.0,171.89999389648438,173.35000610351562,165.12469482421875,106848,0.0,0.0
2013-09-20,172.0500030517578,188.8500061035156,172.0,184.5,175.74560546875,173506,0.0,0.0
2013-09-23,185.5500030517578,190.0,182.0,182.8500061035156,174.1739501953125,106935,0.0,0.0
2013-09-24,183.1499938964844,189.75,180.0,182.0,173.3642578125,145002,0.0,0.0
2013-09-25,182.5500030517578,187.1000061035156,182.5500030517578,185.3999938964844,176.60293579101562,36912,0.0,0.0
2013-09-26,185.5,186.8500061035156,180.25,180.6000061035156,172.03070068359375,44568,0.0,0.0
2013-09-27,183.0,184.8999938964844,178.60000610351562,180.25,171.6973114013672,82119,0.0,0.0
2013-09-30,183.0,184.8999938964844,174.64999389648438,178.35000610351562,169.88748168945312,211629,0.0,0.0
2013-10-01,179.0,180.0,173.3000030517578,173.85000610351562,165.6009979248047,8507,0.0,0.0
2013-10-03,172.0500030517578,182.0500030517578,172.0500030517578,180.25,171.6973114013672,64510,0.0,0.0
2013-10-04,179.0500030517578,183.75,178.60000610351562,181.3000030517578,172.69749450683594,265544,0.0,0.0
2013-10-07,182.0,182.0,180.0,181.25,172.6498565673828,640701,0.0,0.0
2013-10-08,181.3500061035156,185.8999938964844,180.8000030517578,184.3500061035156,175.602783203125,423597,0.0,0.0
2013-10-09,183.0,186.3000030517578,181.3500061035156,184.9499969482422,176.17428588867188,251326,0.0,0.0
2013-10-10,186.0,189.6000061035156,185.0,186.25,177.41258239746094,271145,0.0,0.0
2013-10-11,185.1999969482422,188.8500061035156,181.3999938964844,187.1999969482422,178.31752014160156,437693,0.0,0.0
2013-10-14,181.1000061035156,189.0,181.1000061035156,185.8500061035156,177.03158569335938,152073,0.0,0.0
2013-10-15,184.1999969482422,187.8500061035156,182.0,184.6999969482422,175.93614196777344,23487,0.0,0.0
2013-10-17,184.0,186.8999938964844,176.39999389648438,179.14999389648438,170.6494903564453,627010,0.0,0.0
2013-10-18,179.39999389648438,182.8999938964844,177.89999389648438,180.25,171.6973114013672,14080,0.0,0.0
2013-10-21,180.0,180.0,176.25,178.9499969482422,170.458984375,24682,0.0,0.0
2013-10-22,179.89999389648438,179.89999389648438,173.39999389648438,177.85000610351562,169.41119384765625,1237747,0.0,0.0
2013-10-23,178.0,181.9499969482422,165.5,172.39999389648438,164.21975708007812,823730,0.0,0.0
2013-10-24,171.0,173.75,163.60000610351562,172.10000610351562,163.9340362548828,46961,0.0,0.0
2013-10-25,171.5,179.0,171.0,174.39999389648438,166.1248779296875,65582,0.0,0.0
2013-10-28,173.0,174.85000610351562,167.25,170.5500030517578,162.4575653076172,135536,0.0,0.0
2013-10-29,170.0,171.5,167.4499969482422,168.8000030517578,160.7906036376953,482212,0.0,0.0
2013-10-30,168.8000030517578,176.5,164.64999389648438,173.1999969482422,164.9818115234375,75157,0.0,0.0
2013-10-31,177.35000610351562,180.10000610351562,167.5,178.64999389648438,170.1732177734375,262007,0.0,0.0
2013-11-01,181.25,181.25,175.25,176.14999389648438,167.7918243408203,10871,0.0,0.0
2013-11-05,178.0,178.89999389648438,172.60000610351562,177.0,168.60153198242188,20994,0.0,0.0
2013-11-06,179.89999389648438,180.0,177.5,179.85000610351562,171.31626892089844,23668,0.0,0.0
2013-11-07,180.0,180.0,178.0,178.75,170.26849365234375,11560,0.0,0.0
2013-11-08,178.0,179.0,173.0,173.9499969482422,165.69622802734375,31986,0.0,0.0
2013-11-11,168.6999969482422,177.0,168.6999969482422,173.25,165.02944946289062,71326,0.0,0.0
2013-11-12,173.25,175.89999389648438,167.60000610351562,170.89999389648438,162.7909393310547,36636,0.0,0.0
2013-11-13,169.0,175.0,164.64999389648438,170.5500030517578,162.4575653076172,203987,0.0,0.0
2013-11-14,170.3000030517578,173.6999969482422,166.5,168.39999389648438,160.4095458984375,39344,0.0,0.0
2013-11-18,166.10000610351562,170.85000610351562,165.10000610351562,166.1999969482422,158.31396484375,57424,0.0,0.0
2013-11-19,166.0500030517578,168.0,164.0,164.85000610351562,157.02804565429688,114136,0.0,0.0
2013-11-20,164.10000610351562,168.4499969482422,164.10000610351562,167.10000610351562,159.17127990722656,77490,0.0,0.0
2013-11-21,166.0,169.0500030517578,157.25,164.14999389648438,156.36122131347656,73799,0.0,0.0
2013-11-22,162.0,163.89999389648438,159.39999389648438,161.1999969482422,153.5511932373047,230820,0.0,0.0
2013-11-25,161.0,164.8000030517578,161.0,164.4499969482422,156.64698791503906,152195,0.0,0.0
2013-11-26,163.0,168.9499969482422,162.0,166.39999389648438,158.50445556640625,25906,0.0,0.0
2013-11-27,165.0,169.35000610351562,165.0,168.4499969482422,160.45718383789062,31849,0.0,0.0
2013-11-28,169.89999389648438,171.0,167.5,169.39999389648438,161.36212158203125,23628,0.0,0.0
2013-11-29,170.0,171.89999389648438,168.10000610351562,169.0500030517578,161.02871704101562,38225,0.0,0.0
2013-12-02,171.8000030517578,176.0,167.0,171.9499969482422,163.7911376953125,35028,0.0,0.0
2013-12-03,172.5,177.6999969482422,171.14999389648438,175.5,167.17269897460938,32000,0.0,0.0
2013-12-04,174.5,176.4499969482422,168.3000030517578,170.8000030517578,162.69570922851562,135107,0.0,0.0
2013-12-05,174.5,177.8000030517578,170.0500030517578,171.0,162.88624572753906,198640,0.0,0.0
2013-12-06,172.9499969482422,177.0,170.60000610351562,175.0,166.69642639160156,32957,0.0,0.0
2013-12-09,170.64999389648438,178.8000030517578,170.64999389648438,177.89999389648438,169.4587860107422,52088,0.0,0.0
2013-12-10,188.0,188.0,170.14999389648438,172.4499969482422,164.26742553710938,274907,0.0,0.0
2013-12-11,175.0,175.0,169.35000610351562,173.85000610351562,165.6009979248047,37243,0.0,0.0
2013-12-12,173.89999389648438,174.0,168.10000610351562,169.5500030517578,161.5050048828125,40037,0.0,0.0
2013-12-13,169.85000610351562,171.4499969482422,168.10000610351562,170.10000610351562,162.0289306640625,30922,0.0,0.0
2013-12-16,169.0,174.5,167.6999969482422,173.10000610351562,164.88656616210938,44828,0.0,0.0
2013-12-17,177.0,177.0,170.0,172.1999969482422,164.02926635742188,37830,0.0,0.0
2013-12-18,172.0,176.0,171.1999969482422,174.6999969482422,166.41061401367188,69619,0.0,0.0
2013-12-19,173.0,182.8000030517578,172.1999969482422,173.64999389648438,165.4104461669922,341383,0.0,0.0
2013-12-20,172.0,182.0,172.0,180.10000610351562,171.55442810058594,673528,0.0,0.0
2013-12-23,179.0,179.9499969482422,175.3000030517578,179.0,170.50660705566406,87420,0.0,0.0
2013-12-24,179.5,185.1000061035156,177.0,183.25,174.55494689941406,213431,0.0,0.0
2013-12-26,185.9499969482422,186.8000030517578,183.0,185.0,176.221923828125,81899,0.0,0.0
2013-12-27,186.5,192.0,182.25,190.4499969482422,181.413330078125,485661,0.0,0.0
2013-12-30,189.0500030517578,197.5,189.0,194.5,185.2711334228516,153318,0.0,0.0
2013-12-31,195.8000030517578,195.8000030517578,190.1499938964844,191.5500030517578,182.4611358642578,134072,0.0,0.0
2014-01-01,191.5500030517578,193.75,186.0500030517578,188.0500030517578,179.12721252441406,146630,0.0,0.0
2014-01-02,187.0,189.9499969482422,180.0500030517578,181.8000030517578,173.1737823486328,34767,0.0,0.0
2014-01-03,176.14999389648438,186.1499938964844,176.14999389648438,184.1999969482422,175.4598846435547,40208,0.0,0.0
2014-01-06,183.0,188.3500061035156,181.6999969482422,183.6999969482422,174.9835968017578,56133,0.0,0.0
2014-01-07,183.75,185.6000061035156,181.0500030517578,182.3000030517578,173.65003967285156,28992,0.0,0.0
2014-01-08,184.3999938964844,185.0,175.5,176.75,168.36337280273438,184036,0.0,0.0
2014-01-09,176.25,179.1999969482422,176.25,177.14999389648438,168.74436950683594,51043,0.0,0.0
2014-01-10,177.0,180.6999969482422,174.6999969482422,178.60000610351562,170.12559509277344,229262,0.0,0.0
2014-01-13,179.9499969482422,180.4499969482422,171.1999969482422,174.60000610351562,166.31536865234375,54589,0.0,0.0
2014-01-14,175.0,175.0,170.8000030517578,173.5,165.26759338378906,27867,0.0,0.0
2014-01-15,174.89999389648438,174.89999389648438,171.10000610351562,172.0500030517578,163.8863983154297,23177,0.0,0.0
2014-01-16,173.89999389648438,176.0,171.0500030517578,172.35000610351562,164.1721649169922,32373,0.0,0.0
2014-01-17,171.0,174.89999389648438,170.0500030517578,172.60000610351562,164.41030883789062,20952,0.0,0.0
2014-01-20,171.3000030517578,172.75,170.14999389648438,171.1999969482422,163.07672119140625,45102,0.0,0.0
2014-01-21,171.0500030517578,174.60000610351562,171.0500030517578,172.35000610351562,164.1721649169922,24276,0.0,0.0
2014-01-22,174.0,174.8000030517578,171.60000610351562,173.75,165.5056915283203,14336,0.0,0.0
2014-01-23,173.0,173.39999389648438,168.0500030517578,169.5500030517578,161.5050048828125,94814,0.0,0.0
2014-01-24,169.0,169.75,165.1999969482422,167.9499969482422,159.98092651367188,165053,0.0,0.0
2014-01-27,167.0,172.89999389648438,161.9499969482422,169.5,161.45738220214844,31591,0.0,0.0
2014-01-28,171.0,171.0,165.0500030517578,167.10000610351562,159.17127990722656,16352,0.0,0.0
2014-01-29,166.89999389648438,166.89999389648438,163.25,163.5,155.7420654296875,77774,0.0,0.0
2014-01-30,163.5,163.5,160.0500030517578,161.35000610351562,153.69407653808594,54713,0.0,0.0
2014-01-31,160.1999969482422,163.0,159.0,161.9499969482422,154.26564025878906,17751,0.0,0.0
2014-02-03,161.9499969482422,162.9499969482422,160.0,160.3000030517578,152.6939239501953,12106,0.0,0.0
2014-02-04,160.9499969482422,161.6999969482422,156.1999969482422,160.0500030517578,152.455810546875,48884,0.0,0.0
2014-02-05,160.0500030517578,165.9499969482422,157.39999389648438,163.75,155.98020935058594,36496,0.0,0.0
2014-02-06,161.39999389648438,165.39999389648438,159.10000610351562,160.6999969482422,153.07493591308594,94014,0.0,0.0
2014-02-07,162.4499969482422,170.0,162.4499969482422,167.9499969482422,159.98092651367188,139120,0.0,0.0
2014-02-10,169.89999389648438,173.39999389648438,168.25,170.5,162.40994262695312,32628,0.0,0.0
2014-02-11,168.0,171.0,164.0,165.0500030517578,157.21852111816406,10315,0.0,0.0
2014-02-12,167.6999969482422,167.6999969482422,162.39999389648438,164.0,156.2183380126953,52339,0.0,0.0
2014-02-13,164.0,167.1999969482422,160.5,163.6999969482422,155.9325714111328,24202,0.0,0.0
2014-02-14,164.0,171.0,160.64999389648438,168.39999389648438,160.4095458984375,38919,0.0,0.0
2014-02-17,169.9499969482422,171.0,161.0,163.0500030517578,155.31341552734375,10687,0.0,0.0
2014-02-18,163.4499969482422,166.9499969482422,159.64999389648438,165.14999389648438,157.3137664794922,9998,0.0,0.0
2014-02-19,167.9499969482422,168.0,163.5,167.3000030517578,159.36178588867188,258413,0.0,0.0
2014-02-20,166.0,168.10000610351562,163.10000610351562,166.10000610351562,158.21868896484375,12868,0.0,0.0
2014-02-21,166.0,173.4499969482422,164.0,171.85000610351562,163.69590759277344,493594,0.0,0.0
2014-02-24,173.3000030517578,176.6999969482422,171.5500030517578,172.10000610351562,163.9340362548828,18948,0.0,0.0
2014-02-25,171.10000610351562,175.0,171.10000610351562,172.0500030517578,163.8863983154297,21004,0.0,0.0
2014-02-26,173.0,181.5,171.10000610351562,177.89999389648438,169.4587860107422,231198,0.0,0.0
2014-02-28,180.0,180.0,175.3000030517578,177.75,169.31590270996094,13824,0.0,0.0
2014-03-03,179.5500030517578,181.5,173.14999389648438,175.35000610351562,167.02978515625,42981,0.0,0.0
2014-03-04,178.0,180.0,174.25,179.14999389648438,170.6494903564453,17495,0.0,0.0
2014-03-05,180.0,180.8999938964844,176.5,178.39999389648438,169.93508911132812,57157,0.0,0.0
2014-03-06,178.64999389648438,190.0,175.1999969482422,186.5500030517578,177.69837951660156,163674,0.0,0.0
2014-03-07,187.8000030517578,189.8000030517578,183.0,187.1999969482422,178.31752014160156,518225,0.0,0.0
2014-03-10,189.8500061035156,202.9499969482422,184.6499938964844,197.1499938964844,187.79541015625,350926,0.0,0.0
2014-03-11,199.5,206.9499969482422,191.5,198.5,189.08135986328125,134297,0.0,0.0
2014-03-12,199.8000030517578,200.0,195.1000061035156,197.0500030517578,187.7001800537109,26471,0.0,0.0
2014-03-13,199.8500061035156,200.0,195.0,197.6000061035156,188.22406005859372,237862,0.0,0.0
2014-03-14,196.8000030517578,199.0,195.0,196.8500061035156,187.50961303710935,35056,0.0,0.0
2014-03-18,197.0500030517578,200.0,195.6000061035156,197.5,188.1287841796875,134426,0.0,0.0
2014-03-19,197.0,198.0,191.1499938964844,192.4499969482422,183.3184051513672,166900,0.0,0.0
2014-03-20,192.0,194.0,188.25,189.3000030517578,180.31788635253903,20930,0.0,0.0
2014-03-21,188.5,194.8999938964844,187.0,190.25,181.22283935546875,132277,0.0,0.0
2014-03-24,196.0,196.9499969482422,190.1999969482422,191.8999938964844,182.79454040527344,72671,0.0,0.0
2014-03-25,191.0500030517578,199.5,191.0500030517578,195.75,186.4617919921875,301258,0.0,0.0
2014-03-26,196.0,205.0,193.8000030517578,202.3000030517578,192.70103454589844,219284,0.0,0.0
2014-03-27,202.3000030517578,202.3000030517578,198.9499969482422,200.1499938964844,190.65304565429688,376998,0.0,0.0
2014-03-28,207.9499969482422,225.0,206.5,213.6000061035156,203.4648895263672,381202,0.0,0.0
2014-03-31,214.0,219.5,213.0500030517578,215.3000030517578,205.084228515625,1118681,0.0,0.0
2014-04-01,212.6499938964844,216.1000061035156,211.5,215.0,204.79844665527344,257545,0.0,0.0
2014-04-02,216.5,220.0,213.0,218.8999938964844,208.51336669921875,318608,0.0,0.0
2014-04-03,221.0,221.0,210.8000030517578,211.9499969482422,201.89317321777344,1236998,0.0,0.0
2014-04-04,211.25,216.0,205.3999938964844,205.9499969482422,196.1778717041016,161180,0.0,0.0
2014-04-07,208.0,209.6000061035156,205.0,205.8999938964844,196.13023376464844,99776,0.0,0.0
2014-04-09,210.6999969482422,216.6000061035156,209.0500030517578,213.8500061035156,203.70301818847656,401457,0.0,0.0
2014-04-10,214.8999938964844,215.0,211.1499938964844,214.1000061035156,203.9411773681641,71390,0.0,0.0
2014-04-11,214.0,217.8000030517578,208.1999969482422,216.1000061035156,205.8462829589844,119114,0.0,0.0
2014-04-15,218.0,226.6499938964844,213.0,222.0,211.4662933349609,712159,0.0,0.0
2014-04-16,222.5,228.75,222.0,226.8500061035156,216.08615112304688,487398,0.0,0.0
2014-04-17,228.0,229.3500061035156,218.0500030517578,227.9499969482422,217.1339569091797,107088,0.0,0.0
2014-04-21,222.6000061035156,228.0,222.0,222.9499969482422,212.3712310791016,123798,0.0,0.0
2014-04-22,223.0500030517578,223.9499969482422,215.8500061035156,218.4499969482422,208.08474731445312,40370,0.0,0.0
2014-04-23,215.1999969482422,221.25,213.25,217.9499969482422,207.60845947265625,280201,0.0,0.0
2014-04-24,217.9499969482422,217.9499969482422,217.9499969482422,217.9499969482422,207.60845947265625,0,0.0,0.0
2014-04-25,214.1000061035156,217.75,208.5500030517578,213.1999969482422,203.08384704589844,676434,0.0,0.0
2014-04-28,212.0500030517578,216.5,206.3000030517578,207.0500030517578,197.2256622314453,142361,0.0,0.0
2014-04-29,212.5,216.6000061035156,210.5,213.9499969482422,203.7982635498047,598267,0.0,0.0
2014-04-30,213.9499969482422,227.0,211.3000030517578,216.6000061035156,206.322509765625,114208,0.0,0.0
2014-05-02,217.0500030517578,220.0,208.0,215.8500061035156,205.6081085205078,187369,0.0,0.0
2014-05-05,213.8000030517578,216.0,209.0,210.3500061035156,200.36911010742188,54730,0.0,0.0
2014-05-06,208.1999969482422,215.0,207.5,209.9499969482422,199.9880523681641,147129,0.0,0.0
2014-05-07,211.8500061035156,219.0,206.1499938964844,216.1000061035156,205.8462829589844,94465,0.0,0.0
2014-05-08,211.6000061035156,224.8999938964844,211.6000061035156,219.9499969482422,209.5135955810547,173768,0.0,0.0
2014-05-09,220.0,220.8999938964844,216.25,219.8999938964844,209.4659423828125,431497,0.0,0.0
2014-05-12,219.9499969482422,228.0,217.3500061035156,225.8500061035156,215.13365173339844,246385,0.0,0.0
2014-05-13,234.6999969482422,250.0,227.0,239.1000061035156,227.7549285888672,338846,0.0,0.0
2014-05-14,240.8000030517578,245.5500030517578,236.0,237.5,226.23081970214844,172218,0.0,0.0
2014-05-15,235.0,240.0500030517578,218.9499969482422,234.3999938964844,223.27793884277344,68630,0.0,0.0
2014-05-16,238.0,244.3999938964844,236.0,240.1000061035156,228.7074737548828,121114,0.0,0.0
2014-05-19,250.0,275.0,245.5,270.25,257.42694091796875,538723,0.0,0.0
2014-05-20,275.0,288.0,263.70001220703125,269.8500061035156,257.0458068847656,900452,0.0,0.0
2014-05-21,270.25,284.0,263.29998779296875,274.20001220703125,261.18951416015625,287391,0.0,0.0
2014-05-22,274.25,279.6499938964844,251.1499938964844,274.54998779296875,261.5228271484375,369502,0.0,0.0
2014-05-23,275.0,282.0,267.70001220703125,280.8500061035156,267.5239562988281,187294,0.0,0.0
2014-05-26,282.0,283.5,259.04998779296875,262.54998779296875,250.0922393798828,115044,0.0,0.0
2014-05-27,262.6000061035156,266.8999938964844,259.5,260.75,248.37762451171875,29780,0.0,0.0
2014-05-28,260.0,263.0,252.0,254.6999969482422,242.61474609375,180634,0.0,0.0
2014-05-29,254.75,268.0,254.0,264.70001220703125,252.1402130126953,75765,0.0,0.0
2014-05-30,265.0,270.0,260.0,265.1000061035156,252.52122497558597,210010,0.0,0.0
2014-06-02,265.0,271.8500061035156,264.04998779296875,266.29998779296875,253.66429138183597,255930,0.0,0.0
2014-06-03,266.8999938964844,281.04998779296875,264.25,279.5,266.2380065917969,536598,0.0,0.0
2014-06-04,278.8999938964844,299.29998779296875,278.8500061035156,294.1499938964844,280.1928100585937,258647,0.0,0.0
2014-06-05,297.95001220703125,308.75,291.1499938964844,292.95001220703125,279.0497741699219,1036736,0.0,0.0
2014-06-06,292.1499938964844,301.0,292.0,294.45001220703125,280.4786376953125,1078466,0.0,0.0
2014-06-09,304.8999938964844,308.8999938964844,298.1499938964844,301.8999938964844,287.5750427246094,599590,0.0,0.0
2014-06-10,304.75,307.0,301.0,304.25,289.8135986328125,247647,0.0,0.0
2014-06-11,307.0,307.0,291.3999938964844,296.8500061035156,282.76470947265625,62415,0.0,0.0
2014-06-12,291.25,310.0,291.20001220703125,308.1000061035156,293.48095703125,626130,0.0,0.0
2014-06-13,307.8999938964844,315.0,294.0,301.0,286.7177734375,152180,0.0,0.0
2014-06-16,302.0,302.0,288.29998779296875,291.8500061035156,278.0019836425781,484715,0.0,0.0
2014-06-17,293.8999938964844,297.8999938964844,287.0,292.8999938964844,279.0021667480469,845815,0.0,0.0
2014-06-18,291.8999938964844,296.0,273.0,279.70001220703125,266.428466796875,376123,0.0,0.0
2014-06-19,280.6499938964844,289.6499938964844,269.75,276.3999938964844,263.2850646972656,438869,0.0,0.0
2014-06-20,279.5,280.0,243.5,269.3999938964844,256.6172180175781,1662122,0.0,0.0
2014-06-23,270.1499938964844,298.79998779296875,270.1499938964844,283.1000061035156,269.6672058105469,308182,0.0,0.0
2014-06-24,280.29998779296875,288.0,280.29998779296875,286.0,272.4295959472656,471669,0.0,0.0
2014-06-25,283.20001220703125,293.5,283.20001220703125,289.75,276.0015869140625,245268,0.0,0.0
2014-06-26,294.95001220703125,296.0,288.0,289.70001220703125,275.9540100097656,297726,0.0,0.0
2014-06-27,288.29998779296875,294.25,285.54998779296875,288.8999938964844,275.19195556640625,120321,0.0,0.0
2014-06-30,292.5,294.0,288.8999938964844,290.45001220703125,276.6684875488281,284409,0.0,0.0
2014-07-01,289.0,295.0,289.0,292.0,278.1448669433594,330808,0.0,0.0
2014-07-02,292.3999938964844,297.79998779296875,288.45001220703125,296.5,282.4313049316406,571145,0.0,0.0
2014-07-03,299.8500061035156,299.8500061035156,294.25,297.8999938964844,283.7649230957031,545144,0.0,0.0
2014-07-04,302.0,311.0,294.75,304.3500061035156,289.9089050292969,811014,0.0,0.0
2014-07-07,307.0,307.70001220703125,295.6499938964844,297.04998779296875,282.95526123046875,394627,0.0,0.0
2014-07-08,302.79998779296875,302.79998779296875,288.25,291.70001220703125,277.859130859375,448457,0.0,0.0
2014-07-09,291.0,292.0,286.0,288.1000061035156,274.4299621582031,255420,0.0,0.0
2014-07-10,286.0,289.45001220703125,282.1000061035156,289.0,275.2872314453125,791998,0.0,0.0
2014-07-11,289.3999938964844,292.3999938964844,275.3999938964844,277.20001220703125,264.0470886230469,418564,0.0,0.0
2014-07-14,279.25,286.70001220703125,265.04998779296875,278.0,264.8091735839844,160779,0.0,0.0
2014-07-15,281.20001220703125,288.04998779296875,278.0,284.25,270.7626037597656,234098,0.0,0.0
2014-07-16,281.6000061035156,292.5,276.1000061035156,279.8500061035156,266.57135009765625,125699,0.0,0.0
2014-07-17,279.8500061035156,285.0,277.0,279.8999938964844,266.6189880371094,236690,0.0,0.0
2014-07-18,283.70001220703125,284.95001220703125,275.25,277.0,264.8026428222656,44712,1.0,0.0
2014-07-21,278.1000061035156,282.8500061035156,275.0,278.79998779296875,266.5234069824219,746711,0.0,0.0
2014-07-22,281.0,287.3999938964844,278.1499938964844,285.04998779296875,272.4981689453125,67975,0.0,0.0
2014-07-23,286.0,288.8999938964844,281.25,287.3999938964844,274.7447204589844,95465,0.0,0.0
2014-07-24,286.8500061035156,286.8500061035156,280.29998779296875,282.8999938964844,270.4428405761719,20772,0.0,0.0
2014-07-25,280.1000061035156,288.04998779296875,266.1000061035156,284.20001220703125,271.68560791015625,184753,0.0,0.0
2014-07-28,280.3999938964844,281.95001220703125,274.5,280.04998779296875,267.7183837890625,298275,0.0,0.0
2014-07-30,276.29998779296875,276.29998779296875,268.45001220703125,273.54998779296875,261.5045166015625,98615,0.0,0.0
2014-07-31,270.0,289.79998779296875,270.0,284.3500061035156,271.8290405273437,125234,0.0,0.0
2014-08-01,281.5,287.8999938964844,275.5,280.20001220703125,267.86181640625,62305,0.0,0.0
2014-08-04,278.5,283.45001220703125,273.25,275.75,263.6076965332031,53700,0.0,0.0
2014-08-05,281.3999938964844,283.75,276.04998779296875,279.95001220703125,267.622802734375,181004,0.0,0.0
2014-08-06,279.95001220703125,285.5,274.0,276.45001220703125,264.2768249511719,102980,0.0,0.0
2014-08-07,279.0,288.54998779296875,271.5,282.95001220703125,270.4906921386719,95756,0.0,0.0
2014-08-08,284.8999938964844,284.8999938964844,272.54998779296875,275.1499938964844,263.0341491699219,90394,0.0,0.0
2014-08-11,275.1499938964844,278.5,270.25,273.8999938964844,261.8391418457031,110260,0.0,0.0
2014-08-12,274.1000061035156,299.3999938964844,274.1000061035156,294.79998779296875,281.81884765625,216795,0.0,0.0
2014-08-13,297.79998779296875,299.3999938964844,293.0,296.20001220703125,283.1571960449219,222818,0.0,0.0
2014-08-14,291.3999938964844,299.8500061035156,291.3999938964844,298.6000061035156,285.4515380859375,83873,0.0,0.0
2014-08-18,299.70001220703125,301.8999938964844,290.6499938964844,299.3500061035156,286.16851806640625,61687,0.0,0.0
2014-08-19,297.5,311.6000061035156,297.5,306.8500061035156,293.3383178710937,172753,0.0,0.0
2014-08-20,309.8999938964844,314.3999938964844,304.04998779296875,306.79998779296875,293.2904663085937,114987,0.0,0.0
2014-08-21,303.75,313.8999938964844,303.75,312.04998779296875,298.3092346191406,155560,0.0,0.0
2014-08-22,315.0,320.0,309.25,315.3500061035156,301.46392822265625,124749,0.0,0.0
2014-08-25,314.79998779296875,323.0,310.20001220703125,319.79998779296875,305.7180480957031,135784,0.0,0.0
2014-08-26,320.6000061035156,322.79998779296875,312.29998779296875,319.04998779296875,305.0009765625,120878,0.0,0.0
2014-08-27,319.04998779296875,329.95001220703125,319.04998779296875,328.20001220703125,313.7481384277344,167915,0.0,0.0
2014-08-28,335.0,340.0,323.1499938964844,334.1000061035156,319.3883361816406,157648,0.0,0.0
2014-09-01,338.0,338.0,325.04998779296875,328.95001220703125,314.46514892578125,120843,0.0,0.0
2014-09-02,328.3500061035156,350.0,326.04998779296875,338.8999938964844,323.9769287109375,224347,0.0,0.0
2014-09-03,340.0,347.5,338.0,341.3500061035156,326.319091796875,159445,0.0,0.0
2014-09-04,344.0,348.0,338.25,342.8500061035156,327.7530517578125,904185,0.0,0.0
2014-09-05,344.0,352.0,337.5,340.3999938964844,325.4109191894531,299171,0.0,0.0
2014-09-08,342.8999938964844,345.0,330.5,342.04998779296875,326.98828125,171544,0.0,0.0
2014-09-09,344.8999938964844,347.0,341.6499938964844,345.3500061035156,330.1429443359375,70251,0.0,0.0
2014-09-10,341.1000061035156,362.0,341.1000061035156,349.8500061035156,334.4447937011719,884419,0.0,0.0
2014-09-11,348.5,355.8500061035156,339.20001220703125,342.20001220703125,327.1316833496094,708156,0.0,0.0
2014-09-12,341.20001220703125,348.79998779296875,337.0,339.20001220703125,324.2637939453125,607744,0.0,0.0
2014-09-15,337.0,337.0,329.0,331.79998779296875,317.1895446777344,120375,0.0,0.0
2014-09-16,330.0,336.1499938964844,314.0,322.95001220703125,308.72930908203125,186021,0.0,0.0
2014-09-17,320.29998779296875,349.0,307.6499938964844,317.1000061035156,303.13690185546875,313377,0.0,0.0
2014-09-18,313.8999938964844,328.5,304.29998779296875,318.1000061035156,304.0928649902344,573383,0.0,0.0
2014-09-19,315.54998779296875,321.95001220703125,308.75,316.95001220703125,302.9935302734375,815956,0.0,0.0
2014-09-22,316.75,328.70001220703125,310.95001220703125,325.1499938964844,310.8324279785156,84680,0.0,0.0
2014-09-23,320.0,332.8500061035156,320.0,325.3999938964844,311.0714416503906,116837,0.0,0.0
2014-09-24,325.8500061035156,327.54998779296875,321.04998779296875,324.8999938964844,310.5934143066406,110213,0.0,0.0
2014-09-25,321.70001220703125,327.0,306.0,323.75,309.4941101074219,187670,0.0,0.0
2014-09-26,320.5,322.3500061035156,310.45001220703125,319.45001220703125,305.3834533691406,41468,0.0,0.0
2014-09-29,316.5,328.0,312.45001220703125,322.3999938964844,308.2035217285156,186778,0.0,0.0
2014-09-30,319.20001220703125,325.0,315.04998779296875,322.04998779296875,307.86895751953125,186931,0.0,0.0
2014-10-01,322.0,322.0,312.04998779296875,314.04998779296875,300.22119140625,48937,0.0,0.0
2014-10-07,312.0,315.75,305.0,306.6000061035156,293.0993347167969,510906,0.0,0.0
2014-10-08,303.6000061035156,310.0,303.6000061035156,305.5,292.0476989746094,24369,0.0,0.0
2014-10-09,307.0,314.3999938964844,307.0,309.6000061035156,295.9671630859375,33754,0.0,0.0
2014-10-10,307.0,314.0,301.25,310.0,296.3495483398437,50763,0.0,0.0
2014-10-13,314.8999938964844,314.8999938964844,306.25,309.79998779296875,296.1583557128906,27176,0.0,0.0
2014-10-14,307.70001220703125,313.8999938964844,305.95001220703125,308.25,294.6766052246094,41000,0.0,0.0
2014-10-15,308.25,308.25,308.25,308.25,294.6766052246094,0,0.0,0.0
2014-10-16,306.0,313.79998779296875,305.04998779296875,310.0,296.3495483398437,37711,0.0,0.0
2014-10-17,307.8999938964844,310.5,301.5,304.0,290.61376953125,45219,0.0,0.0
2014-10-20,305.0,315.1000061035156,302.54998779296875,308.3999938964844,294.82000732421875,47644,0.0,0.0
2014-10-21,305.5,314.79998779296875,305.5,312.25,298.5004577636719,46191,0.0,0.0
2014-10-22,312.75,317.3999938964844,311.0,316.5,302.56329345703125,27950,0.0,0.0
2014-10-27,314.1000061035156,324.8999938964844,313.0,314.29998779296875,300.460205078125,29407,0.0,0.0
2014-10-28,311.6000061035156,338.6000061035156,311.6000061035156,332.79998779296875,318.14556884765625,142774,0.0,0.0
2014-10-29,331.0,345.0,327.20001220703125,338.25,323.3556213378906,145166,0.0,0.0
2014-10-30,342.0,345.70001220703125,333.54998779296875,337.04998779296875,322.2084045410156,67500,0.0,0.0
2014-10-31,341.5,349.5,338.6000061035156,344.75,329.56939697265625,91716,0.0,0.0
2014-11-03,344.75,349.8999938964844,331.5,339.6499938964844,324.6939697265625,41105,0.0,0.0
2014-11-05,332.25,354.8999938964844,332.25,348.25,332.91522216796875,567831,0.0,0.0
2014-11-07,365.0,380.0,350.1000061035156,354.04998779296875,338.4598388671875,458258,0.0,0.0
2014-11-10,359.8999938964844,359.8999938964844,347.0,351.5,336.02215576171875,100838,0.0,0.0
2014-11-11,350.45001220703125,357.79998779296875,345.0,349.6000061035156,334.205810546875,98644,0.0,0.0
2014-11-12,342.20001220703125,355.8999938964844,341.0,342.70001220703125,327.6096496582031,82804,0.0,0.0
2014-11-13,347.8500061035156,354.8999938964844,336.1000061035156,339.1000061035156,324.168212890625,73379,0.0,0.0
2014-11-14,335.70001220703125,351.8999938964844,335.70001220703125,348.8999938964844,333.5366516113281,394359,0.0,0.0
2014-11-17,352.0,355.0,346.0,353.95001220703125,338.3642883300781,596157,0.0,0.0
2014-11-18,351.1499938964844,359.6499938964844,349.25,354.20001220703125,338.603271484375,49927,0.0,0.0
2014-11-19,354.79998779296875,365.0,350.0,352.25,336.7391357421875,172475,0.0,0.0
2014-11-20,349.04998779296875,353.8500061035156,337.1499938964844,341.54998779296875,326.5102844238281,331201,0.0,0.0
2014-11-21,339.04998779296875,349.8999938964844,338.5,344.0,328.8524169921875,156032,0.0,0.0
2014-11-24,343.1000061035156,350.8500061035156,339.1000061035156,341.8500061035156,326.797119140625,60287,0.0,0.0
2014-11-25,346.70001220703125,346.8500061035156,333.5,341.3500061035156,326.319091796875,108886,0.0,0.0
2014-11-26,338.04998779296875,344.0,338.04998779296875,340.54998779296875,325.5543212890625,301220,0.0,0.0
2014-11-27,340.54998779296875,348.5,338.0,339.95001220703125,324.9807434082031,139232,0.0,0.0
2014-11-28,338.0,347.3500061035156,335.04998779296875,339.75,324.78955078125,204786,0.0,0.0
2014-12-01,336.5,354.0,336.5,340.29998779296875,325.3153076171875,972870,0.0,0.0
2014-12-02,339.3999938964844,342.95001220703125,332.6000061035156,334.5,319.7707214355469,88385,0.0,0.0
2014-12-03,333.0,338.75,324.8500061035156,328.20001220703125,313.7481384277344,150676,0.0,0.0
2014-12-04,328.25,333.3500061035156,321.25,324.8999938964844,310.5934143066406,228406,0.0,0.0
2014-12-05,324.5,332.79998779296875,324.5,331.3500061035156,316.7593994140625,66893,0.0,0.0
2014-12-08,334.8999938964844,339.8999938964844,324.1000061035156,325.3500061035156,311.0236511230469,52087,0.0,0.0
2014-12-09,321.04998779296875,330.95001220703125,321.04998779296875,328.75,314.27392578125,86866,0.0,0.0
2014-12-10,326.45001220703125,332.70001220703125,320.5,328.8999938964844,314.4172668457031,466221,0.0,0.0
2014-12-11,328.0,330.8500061035156,321.1000061035156,324.45001220703125,310.1632995605469,74640,0.0,0.0
2014-12-12,324.45001220703125,326.0,311.95001220703125,313.8500061035156,300.030029296875,74050,0.0,0.0
2014-12-15,314.04998779296875,315.5,305.70001220703125,308.8500061035156,295.2502136230469,181023,0.0,0.0
2014-12-16,304.8500061035156,311.95001220703125,302.20001220703125,305.0,291.5697021484375,308076,0.0,0.0
2014-12-17,306.3999938964844,310.0,300.25,304.20001220703125,290.804931640625,310751,0.0,0.0
2014-12-18,306.20001220703125,312.45001220703125,300.1000061035156,302.3999938964844,289.0841979980469,196279,0.0,0.0
2014-12-19,304.1000061035156,324.0,304.0,315.3500061035156,301.46392822265625,462810,0.0,0.0
2014-12-22,320.0,328.0,316.0,321.1499938964844,307.00860595703125,48820,0.0,0.0
2014-12-23,318.6000061035156,326.95001220703125,313.0,315.6000061035156,301.7029113769531,61652,0.0,0.0
2014-12-24,314.0,325.70001220703125,314.0,323.75,309.4941101074219,35073,0.0,0.0
2014-12-26,323.0,333.8999938964844,318.1000061035156,331.70001220703125,317.0940856933594,60076,0.0,0.0
2014-12-29,333.0,339.95001220703125,333.0,335.79998779296875,321.0134582519531,34724,0.0,0.0
2014-12-30,335.0,335.0,329.5,333.1000061035156,318.43231201171875,19210,0.0,0.0
2014-12-31,337.8999938964844,348.5,332.3500061035156,344.95001220703125,329.7605895996094,166854,0.0,0.0
2015-01-01,345.0,348.0,341.25,345.5,330.286376953125,41712,0.0,0.0
2015-01-02,344.8999938964844,348.75,343.0,344.75,329.56939697265625,45471,0.0,0.0
2015-01-05,344.0,348.0,326.3999938964844,332.75,318.0977478027344,114239,0.0,0.0
2015-01-06,332.45001220703125,345.3999938964844,318.0,321.79998779296875,307.62994384765625,289469,0.0,0.0
2015-01-07,329.70001220703125,329.70001220703125,309.8999938964844,318.1000061035156,304.0928649902344,168980,0.0,0.0
2015-01-08,328.0,328.0,313.29998779296875,324.20001220703125,309.9242858886719,99700,0.0,0.0
2015-01-09,330.8500061035156,334.5,312.1000061035156,320.6000061035156,306.4827880859375,169613,0.0,0.0
2015-01-12,325.0,325.0,314.79998779296875,320.3999938964844,306.2916564941406,151928,0.0,0.0
2015-01-13,317.1499938964844,333.5,317.1499938964844,325.6499938964844,311.3104553222656,215520,0.0,0.0
2015-01-14,329.3999938964844,345.0,320.1499938964844,325.95001220703125,311.5971984863281,366691,0.0,0.0
2015-01-15,328.1499938964844,342.79998779296875,328.1499938964844,340.3500061035156,325.3631591796875,126704,0.0,0.0
2015-01-16,338.6000061035156,346.0,338.6000061035156,341.8500061035156,326.797119140625,131453,0.0,0.0
2015-01-19,344.8999938964844,347.70001220703125,339.0,339.75,324.78955078125,121198,0.0,0.0
2015-01-20,339.75,354.0,339.75,351.04998779296875,335.5918884277344,99444,0.0,0.0
2015-01-21,355.0,365.0,355.0,359.04998779296875,343.2396850585937,242945,0.0,0.0
2015-01-22,359.70001220703125,362.4500122070313,340.0,347.45001220703125,332.1504821777344,257262,0.0,0.0
2015-01-23,353.8999938964844,354.8999938964844,333.29998779296875,339.8500061035156,324.8851623535156,196902,0.0,0.0
2015-01-27,346.0,350.79998779296875,340.79998779296875,344.3999938964844,329.2347717285156,84242,0.0,0.0
2015-01-28,346.0,357.0,341.0,350.5,335.0661926269531,316070,0.0,0.0
2015-01-29,350.0,368.0,346.5,362.75,346.7767639160156,161960,0.0,0.0
2015-01-30,364.0,371.5,356.25,363.6000061035156,347.58941650390625,71937,0.0,0.0
2015-02-02,363.0,369.8999938964844,358.0,366.1000061035156,349.979248046875,150915,0.0,0.0
2015-02-03,364.9500122070313,368.4500122070313,353.8999938964844,355.75,340.08502197265625,47119,0.0,0.0
2015-02-04,358.79998779296875,359.0,350.29998779296875,352.3500061035156,336.8346862792969,46920,0.0,0.0
2015-02-05,359.70001220703125,362.7999877929688,329.29998779296875,338.29998779296875,323.4033508300781,404330,0.0,0.0
2015-02-06,339.0,342.29998779296875,323.0,339.1000061035156,324.168212890625,211412,0.0,0.0
2015-02-09,339.0,341.25,322.25,329.1499938964844,314.6562805175781,176460,0.0,0.0
2015-02-10,337.0,339.8999938964844,329.1000061035156,336.5,321.6826477050781,76569,0.0,0.0
2015-02-11,339.95001220703125,341.04998779296875,324.1499938964844,329.95001220703125,315.42108154296875,184686,0.0,0.0
2015-02-12,334.8500061035156,335.20001220703125,321.5,323.70001220703125,309.4462890625,72381,0.0,0.0
2015-02-13,329.0,339.0,319.1000061035156,326.3500061035156,311.9796447753906,237925,0.0,0.0
2015-02-16,327.0,333.20001220703125,323.5,326.8500061035156,312.4576110839844,91084,0.0,0.0
2015-02-18,327.3999938964844,334.5,327.04998779296875,331.1499938964844,316.5682678222656,63942,0.0,0.0
2015-02-19,331.79998779296875,338.8999938964844,331.25,337.5,322.6385803222656,77107,0.0,0.0
2015-02-20,337.54998779296875,347.0,335.45001220703125,342.8500061035156,327.7530517578125,190033,0.0,0.0
2015-02-23,339.0,355.0,337.0,346.04998779296875,330.81207275390625,91077,0.0,0.0
2015-02-24,351.95001220703125,351.95001220703125,334.04998779296875,339.3999938964844,324.4549560546875,48482,0.0,0.0
2015-02-25,340.79998779296875,341.25,331.54998779296875,333.8999938964844,319.1971130371094,133769,0.0,0.0
2015-02-26,334.75,335.8500061035156,325.5,327.70001220703125,313.27020263671875,43678,0.0,0.0
2015-02-27,327.0,332.0,326.1499938964844,329.95001220703125,315.42108154296875,123447,0.0,0.0
2015-03-02,337.3999938964844,356.79998779296875,330.5,349.1000061035156,333.72784423828125,922487,0.0,0.0
2015-03-03,344.3500061035156,352.0,338.5,339.8999938964844,324.93292236328125,176907,0.0,0.0
2015-03-04,343.5,350.8999938964844,335.0,337.25,322.39959716796875,105698,0.0,0.0
2015-03-05,339.8500061035156,347.95001220703125,337.79998779296875,338.8999938964844,323.9769287109375,59207,0.0,0.0
2015-03-09,332.0,340.0,329.5,333.75,319.05377197265625,65428,0.0,0.0
2015-03-10,338.3500061035156,339.79998779296875,325.3999938964844,327.45001220703125,313.0311889648437,38909,0.0,0.0
2015-03-11,326.0,331.0,324.04998779296875,326.8500061035156,312.4576110839844,105004,0.0,0.0
2015-03-12,331.45001220703125,334.8999938964844,318.3999938964844,321.8500061035156,307.67779541015625,102548,0.0,0.0
2015-03-13,323.20001220703125,327.0,315.1000061035156,318.79998779296875,304.7620544433594,317187,0.0,0.0
2015-03-16,317.0,321.95001220703125,309.0,313.6499938964844,299.8388671875,42021,0.0,0.0
2015-03-17,315.1000061035156,324.95001220703125,311.3500061035156,314.79998779296875,300.9382019042969,658205,0.0,0.0
2015-03-18,315.95001220703125,317.5,312.3999938964844,313.79998779296875,299.9822082519531,47194,0.0,0.0
2015-03-19,315.3500061035156,318.5,303.1000061035156,304.8500061035156,291.4263610839844,377463,0.0,0.0
2015-03-20,305.0,313.0,298.5,306.8999938964844,293.3860168457031,123671,0.0,0.0
2015-03-23,306.8999938964844,311.45001220703125,298.5,301.6499938964844,288.3671875,119354,0.0,0.0
2015-03-24,300.0,300.3500061035156,283.0,287.3999938964844,274.7447204589844,187549,0.0,0.0
2015-03-25,288.0,299.0,287.79998779296875,295.1499938964844,282.1534118652344,166154,0.0,0.0
2015-03-26,294.0,294.04998779296875,282.0,284.3500061035156,271.8290405273437,102010,0.0,0.0
2015-03-27,286.0,288.6000061035156,277.0,280.3500061035156,268.00506591796875,157042,0.0,0.0
2015-03-30,280.79998779296875,299.70001220703125,280.79998779296875,293.8500061035156,280.9106750488281,125890,0.0,0.0
2015-03-31,296.8999938964844,308.70001220703125,296.0,305.1499938964844,291.71307373046875,368220,0.0,0.0
2015-04-01,304.0,312.3500061035156,299.20001220703125,310.6499938964844,296.970947265625,35462,0.0,0.0
2015-04-06,308.0,329.5,308.0,324.3500061035156,310.0677185058594,423987,0.0,0.0
2015-04-07,326.0,326.0,313.3999938964844,316.3999938964844,302.4677429199219,54308,0.0,0.0
2015-04-08,316.3999938964844,326.79998779296875,316.3999938964844,321.95001220703125,307.7733154296875,25253,0.0,0.0
2015-04-09,323.0,337.0,323.0,327.3500061035156,312.93560791015625,140094,0.0,0.0
2015-04-10,325.0,331.0,320.3999938964844,324.79998779296875,310.4978942871094,140100,0.0,0.0
2015-04-13,327.0,328.0,323.04998779296875,326.0,311.64501953125,137812,0.0,0.0
2015-04-15,328.0,328.0,318.1499938964844,322.6000061035156,308.394775390625,158146,0.0,0.0
2015-04-16,323.1499938964844,323.3999938964844,312.5,315.75,301.8464050292969,36472,0.0,0.0
2015-04-17,317.29998779296875,317.29998779296875,302.25,310.8999938964844,297.2099304199219,130125,0.0,0.0
2015-04-20,313.0,313.0,301.20001220703125,307.29998779296875,293.7684631347656,73927,0.0,0.0
2015-04-21,307.29998779296875,309.20001220703125,304.0,307.0,293.48162841796875,48494,0.0,0.0
2015-04-22,306.04998779296875,313.79998779296875,302.5,308.6499938964844,295.0589904785156,184095,0.0,0.0
2015-04-23,309.0,309.79998779296875,302.6499938964844,305.79998779296875,292.3345031738281,34682,0.0,0.0
2015-04-24,305.25,307.0,298.29998779296875,305.25,291.8087463378906,58822,0.0,0.0
2015-04-27,305.25,305.25,294.1000061035156,301.8500061035156,288.5585021972656,127643,0.0,0.0
2015-04-28,301.29998779296875,311.3500061035156,301.25,308.95001220703125,295.3458251953125,164859,0.0,0.0
2015-04-29,307.0,311.0,302.25,309.04998779296875,295.4413757324219,33463,0.0,0.0
2015-04-30,305.0,310.0,301.20001220703125,306.3500061035156,292.8603210449219,48729,0.0,0.0
2015-05-04,307.8500061035156,320.0,305.1000061035156,316.0,302.0853881835937,25330,0.0,0.0
2015-05-05,318.3500061035156,318.3500061035156,308.04998779296875,310.79998779296875,297.1143493652344,6631,0.0,0.0
2015-05-06,303.6000061035156,309.0,291.20001220703125,294.3500061035156,281.38873291015625,109685,0.0,0.0
2015-05-07,297.29998779296875,305.3500061035156,279.04998779296875,280.95001220703125,268.5787658691406,78521,0.0,0.0
2015-05-08,286.0,297.79998779296875,285.95001220703125,294.25,281.2930603027344,75630,0.0,0.0
2015-05-11,300.8999938964844,300.8999938964844,292.8500061035156,294.6499938964844,281.6754455566406,49562,0.0,0.0
2015-05-12,294.6499938964844,295.0,288.0,290.0,277.2302551269531,48617,0.0,0.0
2015-05-13,290.1499938964844,294.6499938964844,287.8999938964844,289.6499938964844,276.8956604003906,25510,0.0,0.0
2015-05-14,289.6499938964844,294.6499938964844,288.5,289.95001220703125,277.1824645996094,108003,0.0,0.0
2015-05-15,292.54998779296875,295.0,290.0,291.3999938964844,278.5685729980469,133034,0.0,0.0
2015-05-18,291.0,293.8999938964844,288.1499938964844,290.95001220703125,278.138427734375,33046,0.0,0.0
2015-05-19,290.25,299.70001220703125,290.0,298.3500061035156,285.2125549316406,24506,0.0,0.0
2015-05-20,298.75,300.0,293.1000061035156,294.20001220703125,281.24530029296875,8332,0.0,0.0
2015-05-21,295.0,300.0,292.1499938964844,299.04998779296875,285.88165283203125,12764,0.0,0.0
2015-05-22,297.0,313.8999938964844,297.0,303.20001220703125,289.84893798828125,70336,0.0,0.0
2015-05-25,304.70001220703125,307.20001220703125,302.0,304.6499938964844,291.2351379394531,15026,0.0,0.0
2015-05-26,303.20001220703125,309.0,302.0,307.95001220703125,294.3898010253906,23624,0.0,0.0
2015-05-27,308.8500061035156,319.8999938964844,302.45001220703125,318.29998779296875,304.2840576171875,34809,0.0,0.0
2015-05-28,319.8999938964844,319.8999938964844,307.5,312.54998779296875,298.78729248046875,27165,0.0,0.0
2015-05-29,308.54998779296875,359.0,308.54998779296875,323.04998779296875,308.8249206542969,899610,0.0,0.0
2015-06-01,342.0,342.0,318.29998779296875,319.8999938964844,305.8136291503906,125317,0.0,0.0
2015-06-02,320.0,329.04998779296875,311.1000061035156,327.1000061035156,312.6965637207031,125629,0.0,0.0
2015-06-03,326.5,334.0,316.0,326.79998779296875,312.4098205566406,149793,0.0,0.0
2015-06-04,325.0,328.25,321.79998779296875,325.5,311.16705322265625,85343,0.0,0.0
2015-06-05,322.1000061035156,327.6000061035156,320.0,325.1499938964844,310.8324279785156,53375,0.0,0.0
2015-06-08,327.0,329.20001220703125,318.5,322.04998779296875,307.86895751953125,374580,0.0,0.0
2015-06-09,324.0,324.0,305.54998779296875,317.1499938964844,303.1846923828125,466611,0.0,0.0
2015-06-10,325.0,325.0,313.0,316.5,302.56329345703125,159814,0.0,0.0
2015-06-11,317.0,321.70001220703125,306.5,312.8999938964844,299.1219177246094,299471,0.0,0.0
2015-06-12,316.75,318.0,309.04998779296875,314.3999938964844,300.5557861328125,80354,0.0,0.0
2015-06-15,320.75,320.75,310.54998779296875,314.45001220703125,300.6036071777344,21182,0.0,0.0
2015-06-16,318.8500061035156,318.8500061035156,312.0,313.79998779296875,299.9822082519531,53078,0.0,0.0
2015-06-17,313.95001220703125,317.95001220703125,311.20001220703125,314.20001220703125,300.3646240234375,153221,0.0,0.0
2015-06-18,313.3500061035156,333.0,313.3500061035156,326.0,311.64501953125,394160,0.0,0.0
2015-06-19,331.79998779296875,331.79998779296875,322.5,324.8500061035156,310.5456237792969,69757,0.0,0.0
2015-06-22,322.0,344.0,319.8500061035156,340.54998779296875,325.5543212890625,122296,0.0,0.0
2015-06-23,344.6499938964844,346.1499938964844,340.5,345.0,329.808349609375,484258,0.0,0.0
2015-06-24,345.95001220703125,346.29998779296875,337.04998779296875,342.04998779296875,326.98828125,25557,0.0,0.0
2015-06-25,342.0,342.0,328.5,333.1499938964844,318.48016357421875,84203,0.0,0.0
2015-06-26,336.0,339.29998779296875,329.04998779296875,334.0,319.29266357421875,118550,0.0,0.0
2015-06-29,335.0,341.0,307.70001220703125,324.54998779296875,310.25885009765625,153489,0.0,0.0
2015-06-30,331.95001220703125,340.95001220703125,325.3999938964844,336.6000061035156,321.7782897949219,857196,0.0,0.0
2015-07-01,336.6000061035156,355.5,336.6000061035156,352.8999938964844,337.36053466796875,108379,0.0,0.0
2015-07-02,356.0,356.0,340.25,344.79998779296875,329.6171569824219,78168,0.0,0.0
2015-07-03,348.0,348.0,334.45001220703125,336.04998779296875,321.2524719238281,64494,0.0,0.0
2015-07-06,336.8999938964844,342.6000061035156,335.6000061035156,339.1499938964844,324.2159423828125,184682,0.0,0.0
2015-07-07,342.3500061035156,351.70001220703125,340.25,350.1000061035156,334.6838073730469,73141,0.0,0.0
2015-07-08,350.29998779296875,352.79998779296875,345.6000061035156,347.8999938964844,332.5806579589844,169701,0.0,0.0
2015-07-09,348.0,348.75,336.70001220703125,339.95001220703125,324.9807434082031,376772,0.0,0.0
2015-07-10,341.0,342.0,334.25,339.8999938964844,324.93292236328125,149051,0.0,0.0
2015-07-13,345.0,350.20001220703125,338.1000061035156,344.04998779296875,328.9001770019531,398003,0.0,0.0
2015-07-14,349.8999938964844,356.29998779296875,345.5,353.3999938964844,337.83843994140625,95418,0.0,0.0
2015-07-15,350.0,354.75,347.20001220703125,348.1000061035156,332.7718811035156,84903,0.0,0.0
2015-07-16,350.0,353.8999938964844,345.25,350.79998779296875,335.3529357910156,28815,0.0,0.0
2015-07-17,348.75,356.1499938964844,348.75,354.54998779296875,338.93780517578125,39288,0.0,0.0
2015-07-20,354.54998779296875,366.8999938964844,345.0,364.1499938964844,348.1150817871094,132856,0.0,0.0
2015-07-21,365.0,365.0,348.6000061035156,358.45001220703125,342.6661682128906,111490,0.0,0.0
2015-07-22,358.0,358.45001220703125,349.0,354.5,338.8900146484375,231682,0.0,0.0
2015-07-23,354.1000061035156,357.8999938964844,350.04998779296875,355.54998779296875,339.8937683105469,69132,0.0,0.0
2015-07-24,353.25,368.0,352.5,363.6000061035156,347.58941650390625,63224,0.0,0.0
2015-07-27,363.0,365.0,351.75,362.0499877929688,346.1075744628906,81910,0.0,0.0
2015-07-28,367.0,367.0,358.0,360.1000061035156,344.2434997558594,217417,0.0,0.0
2015-07-29,361.5,365.9500122070313,353.0,358.20001220703125,343.8594970703125,317875,1.5,0.0
2015-07-30,360.75,366.0,356.0,357.79998779296875,343.4754943847656,159354,0.0,0.0
2015-07-31,360.0,364.9500122070313,356.0,361.8999938964844,347.411376953125,184088,0.0,0.0
2015-08-03,364.9500122070313,364.9500122070313,355.1000061035156,357.3500061035156,343.04351806640625,150754,0.0,0.0
2015-08-04,357.3500061035156,363.7000122070313,357.3500061035156,358.54998779296875,344.19549560546875,85080,0.0,0.0
2015-08-05,359.0,366.75,356.6499938964844,360.0,345.5873718261719,123922,0.0,0.0
2015-08-06,378.0,379.7999877929688,359.79998779296875,364.1000061035156,349.5233154296875,385447,0.0,0.0
2015-08-07,369.75,369.75,362.0,364.6000061035156,350.0033264160156,193999,0.0,0.0
2015-08-10,369.8999938964844,369.8999938964844,351.0,356.75,342.4675598144531,187231,0.0,0.0
2015-08-11,357.0,357.0,345.04998779296875,349.5,335.5077819824219,90797,0.0,0.0
2015-08-12,353.0,359.0,335.0,337.79998779296875,324.2761535644531,1196745,0.0,0.0
2015-08-13,338.04998779296875,346.75,327.0,331.29998779296875,318.036376953125,1201591,0.0,0.0
2015-08-14,329.0,354.75,329.0,351.6499938964844,337.5716552734375,102897,0.0,0.0
2015-08-17,345.8999938964844,350.0,343.79998779296875,348.8500061035156,334.8837585449219,15906,0.0,0.0
2015-08-18,345.1499938964844,361.0,341.0,347.04998779296875,333.1558532714844,37980,0.0,0.0
2015-08-19,344.95001220703125,355.8999938964844,344.0,353.6499938964844,339.4916687011719,53061,0.0,0.0
2015-08-20,355.1499938964844,362.8500061035156,344.3500061035156,356.95001220703125,342.6595153808594,138267,0.0,0.0
2015-08-21,350.0,361.1000061035156,347.8999938964844,356.1000061035156,341.8435363769531,37032,0.0,0.0
2015-08-24,352.0,352.0,325.0,334.3999938964844,321.01226806640625,106574,0.0,0.0
2015-08-25,334.25,349.3999938964844,323.0,340.79998779296875,327.1561279296875,194900,0.0,0.0
2015-08-26,340.45001220703125,342.5,322.1000061035156,324.79998779296875,311.79669189453125,1267089,0.0,0.0
2015-08-27,328.29998779296875,334.0,321.29998779296875,326.45001220703125,313.3806457519531,1006822,0.0,0.0
2015-08-28,332.04998779296875,334.75,320.1000061035156,322.29998779296875,309.396728515625,146952,0.0,0.0
2015-08-31,320.5,330.0,320.5,324.95001220703125,311.9407043457031,93226,0.0,0.0
2015-09-01,322.0,323.8500061035156,313.79998779296875,319.75,306.9487609863281,382942,0.0,0.0
2015-09-02,318.8999938964844,318.8999938964844,291.0,313.70001220703125,301.1410217285156,162923,0.0,0.0
2015-09-03,314.0,323.6000061035156,314.0,320.70001220703125,307.8608093261719,187435,0.0,0.0
2015-09-04,319.8999938964844,321.6499938964844,318.0,318.6499938964844,305.8929138183594,36227,0.0,0.0
2015-09-07,318.6499938964844,322.5,316.3999938964844,317.6000061035156,304.8848876953125,177252,0.0,0.0
2015-09-08,317.0,328.8500061035156,307.95001220703125,319.04998779296875,306.2767944335937,46098,0.0,0.0
2015-09-09,319.25,334.95001220703125,319.25,332.75,319.4283447265625,110107,0.0,0.0
2015-09-10,330.0,330.0,320.5,325.70001220703125,312.66064453125,42444,0.0,0.0
2015-09-11,321.6000061035156,327.0,321.0,323.75,310.7886962890625,27404,0.0,0.0
2015-09-14,320.0,329.6499938964844,320.0,325.5,312.4686584472656,98151,0.0,0.0
2015-09-15,322.1000061035156,328.29998779296875,317.0,317.70001220703125,304.9809265136719,34419,0.0,0.0
2015-09-16,319.79998779296875,324.70001220703125,319.79998779296875,321.95001220703125,309.06072998046875,44127,0.0,0.0
2015-09-18,326.29998779296875,336.45001220703125,311.20001220703125,316.75,304.06890869140625,145461,0.0,0.0
2015-09-21,317.0,322.6499938964844,316.20001220703125,317.1499938964844,304.4529113769531,80574,0.0,0.0
2015-09-22,317.29998779296875,322.0,313.79998779296875,320.04998779296875,307.23681640625,95587,0.0,0.0
2015-09-23,320.04998779296875,322.0,316.04998779296875,319.95001220703125,307.1408386230469,35106,0.0,0.0
2015-09-24,320.0,325.0,316.25,319.0,306.22882080078125,45098,0.0,0.0
2015-09-28,325.95001220703125,326.3999938964844,314.1000061035156,316.8999938964844,304.2129211425781,172276,0.0,0.0
2015-09-29,316.3500061035156,319.5,312.20001220703125,318.04998779296875,305.3168640136719,38661,0.0,0.0
2015-09-30,321.25,329.3500061035156,318.20001220703125,327.1000061035156,314.0045471191406,76020,0.0,0.0
2015-10-01,328.0,339.0,325.0,335.70001220703125,322.2602844238281,47489,0.0,0.0
2015-10-05,340.0,344.3999938964844,334.04998779296875,336.3999938964844,322.9322509765625,30973,0.0,0.0
2015-10-06,339.1499938964844,345.79998779296875,337.1499938964844,342.0,328.3080444335937,84866,0.0,0.0
2015-10-07,344.0,345.95001220703125,338.0,343.25,329.5080261230469,18923,0.0,0.0
2015-10-08,341.0,345.04998779296875,336.6499938964844,341.3999938964844,327.7320861816406,22748,0.0,0.0
2015-10-09,342.0,344.0,331.0,335.0,321.5882568359375,19587,0.0,0.0
2015-10-12,330.04998779296875,343.95001220703125,330.04998779296875,333.0,319.6683654785156,84079,0.0,0.0
2015-10-13,339.0,339.0,330.1499938964844,333.95001220703125,320.58038330078125,125967,0.0,0.0
2015-10-14,337.20001220703125,342.54998779296875,330.5,333.04998779296875,319.7163391113281,1179104,0.0,0.0
2015-10-15,335.8500061035156,340.0,334.3999938964844,337.54998779296875,324.03619384765625,113594,0.0,0.0
2015-10-16,335.1499938964844,337.95001220703125,332.0,335.0,321.5882568359375,51678,0.0,0.0
2015-10-19,337.0,352.70001220703125,336.95001220703125,347.29998779296875,333.3958740234375,84661,0.0,0.0
2015-10-20,352.0,352.0,340.1499938964844,343.0,329.2680358886719,56875,0.0,0.0
2015-10-21,346.0,348.0,336.0,340.6000061035156,326.9640808105469,140474,0.0,0.0
2015-10-23,349.70001220703125,349.70001220703125,335.20001220703125,342.75,329.0281066894531,207060,0.0,0.0
2015-10-26,348.95001220703125,348.95001220703125,339.5,341.0,327.3480834960937,68480,0.0,0.0
2015-10-27,339.0,344.20001220703125,335.29998779296875,341.0,327.3480834960937,216767,0.0,0.0
2015-10-28,341.0,350.79998779296875,340.0,346.3999938964844,332.5318908691406,187872,0.0,0.0
2015-10-29,345.25,349.75,342.20001220703125,347.5,333.5878601074219,275966,0.0,0.0
2015-10-30,347.8999938964844,369.8999938964844,345.0,361.8500061035156,347.3633728027344,472821,0.0,0.0
2015-11-02,360.0,372.9500122070313,359.0,364.0,349.42724609375,181635,0.0,0.0
2015-11-03,364.0499877929688,376.8500061035156,364.0,370.5,355.6670227050781,179654,0.0,0.0
2015-11-04,371.0,374.9500122070313,364.0,373.0499877929688,358.1148986816406,100102,0.0,0.0
2015-11-05,371.0,374.0,364.0,367.2000122070313,352.4991760253906,82314,0.0,0.0
2015-11-06,365.1499938964844,379.0,364.7999877929688,373.1000061035156,358.1629638671875,243336,0.0,0.0
2015-11-09,357.1000061035156,374.0,357.1000061035156,367.1000061035156,352.4031982421875,55382,0.0,0.0
2015-11-10,365.1000061035156,375.0,363.0,365.1000061035156,350.48321533203125,54340,0.0,0.0
2015-11-13,367.6000061035156,382.0,367.6000061035156,379.8500061035156,364.6427307128906,88494,0.0,0.0
2015-11-16,379.8999938964844,379.8999938964844,373.9500122070313,376.3999938964844,361.330810546875,154191,0.0,0.0
2015-11-17,382.4500122070313,382.4500122070313,372.0,373.6499938964844,358.6909484863281,462712,0.0,0.0
2015-11-18,373.6499938964844,374.75,367.8500061035156,368.5499877929688,353.7950439453125,133789,0.0,0.0
2015-11-19,368.2000122070313,374.7999877929688,367.0,371.7000122070313,356.8190002441406,120422,0.0,0.0
2015-11-20,376.5,383.3999938964844,373.0,375.4500122070313,360.4189147949219,74172,0.0,0.0
2015-11-23,373.0,378.5,370.0499877929688,374.0,359.0268859863281,139118,0.0,0.0
2015-11-24,374.8999938964844,376.2000122070313,370.0,374.5499877929688,359.5549011230469,37157,0.0,0.0
2015-11-26,370.2000122070313,382.3500061035156,370.2000122070313,376.75,361.6668090820313,372343,0.0,0.0
2015-11-27,378.9500122070313,383.3999938964844,375.0,378.6000061035156,363.44281005859375,44834,0.0,0.0
2015-11-30,378.0,382.0,374.6000061035156,381.0,365.7467041015625,169259,0.0,0.0
2015-12-01,379.0,383.3999938964844,376.1000061035156,377.75,362.6268310546875,83449,0.0,0.0
2015-12-02,384.7999877929688,384.8500061035156,378.0,379.6000061035156,364.4027404785156,194594,0.0,0.0
2015-12-03,382.0,383.0,372.5,379.6499938964844,364.4507141113281,83009,0.0,0.0
2015-12-04,378.7999877929688,379.1000061035156,372.8500061035156,377.2000122070313,362.0988159179688,45803,0.0,0.0
2015-12-07,376.1499938964844,379.6499938964844,368.7999877929688,370.7000122070313,355.8590393066406,100428,0.0,0.0
2015-12-08,370.0,373.0,367.6499938964844,371.2000122070313,356.3390197753906,38809,0.0,0.0
2015-12-09,369.0,371.8999938964844,357.5,365.7999877929688,351.1551818847656,35179,0.0,0.0
2015-12-10,365.0,373.9500122070313,361.0499877929688,367.3999938964844,352.6911926269531,10189,0.0,0.0
2015-12-11,367.3999938964844,369.3500061035156,359.95001220703125,364.3999938964844,349.811279296875,168375,0.0,0.0
2015-12-14,369.0,374.0,361.2000122070313,371.7999877929688,356.9149475097656,40312,0.0,0.0
2015-12-15,370.7999877929688,374.7000122070313,366.0,369.8500061035156,355.0430603027344,31026,0.0,0.0
2015-12-16,369.0,377.7999877929688,356.25,373.3500061035156,358.4029846191406,1020695,0.0,0.0
2015-12-17,377.0,378.2999877929688,367.6000061035156,369.25,354.4670715332031,145356,0.0,0.0
2015-12-18,369.0499877929688,370.1499938964844,363.0,364.3999938964844,349.811279296875,41085,0.0,0.0
2015-12-21,369.0,370.0,363.0499877929688,365.3999938964844,350.771240234375,227200,0.0,0.0
2015-12-22,368.8999938964844,368.8999938964844,362.3500061035156,366.0499877929688,351.39520263671875,42587,0.0,0.0
2015-12-23,369.0,369.0,360.25,363.6000061035156,349.0433654785156,62807,0.0,0.0
2015-12-24,366.0,366.0,361.0,362.6499938964844,348.1313171386719,10250,0.0,0.0
2015-12-28,363.0,376.0,361.1000061035156,372.3500061035156,357.4429626464844,110173,0.0,0.0
2015-12-29,372.3500061035156,375.0,366.5499877929688,374.1499938964844,359.1708679199219,23239,0.0,0.0
2015-12-30,375.0,384.0,373.0,376.5499877929688,361.474853515625,68185,0.0,0.0
2015-12-31,380.8999938964844,404.7999877929688,378.0,389.1000061035156,373.5224304199219,1023723,0.0,0.0
2016-01-01,391.6499938964844,402.0,382.3500061035156,389.7999877929688,374.1943664550781,60581,0.0,0.0
2016-01-04,393.0,393.6000061035156,376.1000061035156,389.2000122070313,373.618408203125,79920,0.0,0.0
2016-01-05,383.25,400.0,383.25,398.3500061035156,382.4021301269531,118475,0.0,0.0
2016-01-06,399.9500122070313,404.0,388.3500061035156,391.0,375.3463134765625,525730,0.0,0.0
2016-01-07,389.0,392.1000061035156,386.0,390.0,374.3863525390625,410722,0.0,0.0
2016-01-08,390.0,393.8999938964844,385.0,390.3500061035156,374.7223510742188,45743,0.0,0.0
2016-01-11,397.0,397.0,380.25,391.2999877929688,375.6343383789063,669448,0.0,0.0
2016-01-12,392.0,394.5,386.5499877929688,388.2999877929688,372.75439453125,317391,0.0,0.0
2016-01-13,386.5,392.0,381.0499877929688,388.7999877929688,373.2344055175781,112487,0.0,0.0
2016-01-14,382.0,386.0,378.5,380.2000122070313,364.9786987304688,242040,0.0,0.0
2016-01-15,379.0,383.0,368.5,376.25,361.1868591308594,761905,0.0,0.0
2016-01-18,363.25,368.75,358.04998779296875,362.25,347.747314453125,75130,0.0,0.0
2016-01-19,363.0,370.25,363.0,365.6499938964844,351.01123046875,72401,0.0,0.0
2016-01-20,362.0,364.3999938964844,359.6000061035156,360.5499877929688,346.11541748046875,136402,0.0,0.0
2016-01-21,368.0,377.1000061035156,364.9500122070313,374.4500122070313,359.4589233398437,203523,0.0,0.0
2016-01-22,378.5,403.2000122070313,370.0499877929688,375.25,360.2268981933594,239547,0.0,0.0
2016-01-25,384.0,398.0,382.5499877929688,385.8999938964844,370.4504089355469,152600,0.0,0.0
2016-01-27,388.8999938964844,392.25,384.0,385.6499938964844,370.2105102539063,216328,0.0,0.0
2016-01-28,384.25,399.7999877929688,380.0,393.0499877929688,377.3142395019531,160236,0.0,0.0
2016-01-29,396.0,397.8500061035156,386.0,389.0,373.4263610839844,109418,0.0,0.0
2016-02-01,393.6499938964844,393.6499938964844,382.8999938964844,385.2999877929688,369.8745422363281,39293,0.0,0.0
2016-02-02,383.2000122070313,388.7999877929688,380.0499877929688,382.6499938964844,367.3306274414063,17452,0.0,0.0
2016-02-03,384.4500122070313,384.4500122070313,375.6000061035156,380.5,365.2667541503906,13407,0.0,0.0
2016-02-04,376.0,385.9500122070313,373.5,379.6499938964844,364.4507141113281,28021,0.0,0.0
2016-02-05,378.0499877929688,381.5,373.0,380.6499938964844,365.41064453125,258066,0.0,0.0
2016-02-08,377.0,381.5,376.0499877929688,380.3500061035156,365.1227416992188,21002,0.0,0.0
2016-02-09,384.0,394.0,366.2000122070313,374.0499877929688,359.0749206542969,349228,0.0,0.0
2016-02-10,374.6499938964844,380.0,371.2000122070313,375.3500061035156,360.3229675292969,641858,0.0,0.0
2016-02-11,373.2000122070313,376.6000061035156,363.2000122070313,368.0,353.2671203613281,101743,0.0,0.0
2016-02-12,371.0,372.0,352.6499938964844,367.7000122070313,352.9791259765625,116991,0.0,0.0
2016-02-15,379.0,383.7000122070313,374.0,375.8999938964844,360.850830078125,23670,0.0,0.0
2016-02-16,379.7999877929688,379.7999877929688,369.1499938964844,370.0,355.1870422363281,321580,0.0,0.0
2016-02-17,367.0,376.0,365.1499938964844,371.1499938964844,356.291015625,596961,0.0,0.0
2016-02-18,378.8999938964844,380.0,367.0,370.2999877929688,355.4750061035156,463474,0.0,0.0
2016-02-19,367.1000061035156,375.0,367.0,369.5499877929688,354.75506591796875,138911,0.0,0.0
2016-02-22,373.9500122070313,374.5,368.0,369.4500122070313,354.6590881347656,9801,0.0,0.0
2016-02-23,367.0,370.75,365.0,369.75,354.94708251953125,210650,0.0,0.0
2016-02-24,366.1000061035156,373.0,361.8999938964844,364.75,350.147216796875,117764,0.0,0.0
2016-02-25,362.0,369.9500122070313,359.25,362.7999877929688,348.2752685546875,96810,0.0,0.0
2016-02-26,361.25,366.0499877929688,355.0,356.8500061035156,342.5635070800781,197857,0.0,0.0
2016-02-29,359.0,371.7999877929688,355.25,359.8999938964844,345.4914245605469,54665,0.0,0.0
2016-03-01,359.79998779296875,367.0499877929688,359.79998779296875,366.0,351.34722900390625,152025,0.0,0.0
2016-03-02,370.0,395.0,367.0,372.5,357.5869445800781,504137,0.0,0.0
2016-03-03,387.8500061035156,387.8500061035156,372.2000122070313,374.1499938964844,359.1708679199219,68690,0.0,0.0
2016-03-04,373.0,379.9500122070313,363.6499938964844,365.3999938964844,350.771240234375,471146,0.0,0.0
2016-03-08,369.3999938964844,372.5,363.25,366.25,351.5871887207031,176213,0.0,0.0
2016-03-09,364.0499877929688,374.6000061035156,363.9500122070313,373.0,358.0669860839844,77494,0.0,0.0
2016-03-10,370.25,381.0,370.25,378.9500122070313,363.77874755859375,54827,0.0,0.0
2016-03-11,379.0,392.0,376.7000122070313,384.1000061035156,368.7225341796875,70812,0.0,0.0
2016-03-14,381.5,399.0,381.5,392.5,376.7862548828125,128677,0.0,0.0
2016-03-15,383.0499877929688,393.0,383.0499877929688,392.25,376.5462951660156,88732,0.0,0.0
2016-03-16,388.0,393.5,385.2000122070313,390.6499938964844,375.0103149414063,214092,0.0,0.0
2016-03-17,390.6000061035156,405.0,387.0,401.7000122070313,385.6179809570313,352948,0.0,0.0
2016-03-18,407.5,413.9500122070313,391.5,401.75,388.5679321289063,158351,3.0,0.0
2016-03-21,402.0,425.0,402.0,421.1000061035156,407.2829895019531,242900,0.0,0.0
2016-03-22,425.0,427.8999938964844,402.0,404.3500061035156,391.0826110839844,161482,0.0,0.0
2016-03-23,405.25,414.9500122070313,404.9500122070313,410.2999877929688,396.8373107910156,224679,0.0,0.0
2016-03-28,413.8999938964844,417.5,396.0,401.6499938964844,388.47119140625,64056,0.0,0.0
2016-03-29,402.0,410.75,396.3500061035156,399.1000061035156,386.0048828125,359295,0.0,0.0
2016-03-30,400.6000061035156,410.0,400.0,406.25,392.9202270507813,412291,0.0,0.0
2016-03-31,403.7000122070313,408.4500122070313,394.7000122070313,399.8500061035156,386.7302551269531,190060,0.0,0.0
2016-04-01,401.5499877929688,407.7000122070313,396.1000061035156,399.3999938964844,386.2950134277344,145778,0.0,0.0
2016-04-04,403.6499938964844,409.0,399.3999938964844,405.3999938964844,392.09808349609375,217167,0.0,0.0
2016-04-05,403.0499877929688,410.2999877929688,401.9500122070313,405.1000061035156,391.8080139160156,870371,0.0,0.0
2016-04-06,409.7000122070313,442.5,406.9500122070313,413.8500061035156,400.2708740234375,576027,0.0,0.0
2016-04-07,416.7000122070313,426.9500122070313,415.3999938964844,422.25,408.395263671875,204651,0.0,0.0
2016-04-08,424.8999938964844,449.8999938964844,423.1000061035156,443.1000061035156,428.5611267089844,634061,0.0,0.0
2016-04-11,444.0,447.0,432.5,435.3999938964844,421.1137390136719,145500,0.0,0.0
2016-04-12,438.9500122070313,441.25,424.0,431.7999877929688,417.63189697265625,105968,0.0,0.0
2016-04-13,436.75,444.0,429.0,439.4500122070313,425.0309143066406,223260,0.0,0.0
2016-04-18,436.0,474.0,434.0,463.7999877929688,448.5819091796875,539627,0.0,0.0
2016-04-20,460.0,485.8500061035156,460.0,468.1499938964844,452.7892456054688,729760,0.0,0.0
2016-04-21,471.0,477.0,447.75,453.7000122070313,438.8132934570313,214935,0.0,0.0
2016-04-22,453.7000122070313,454.2000122070313,444.0,448.5499877929688,433.8323059082031,83294,0.0,0.0
2016-04-25,446.2000122070313,449.7999877929688,437.0,439.4500122070313,425.0309143066406,164685,0.0,0.0
2016-04-26,440.3999938964844,454.3500061035156,440.3999938964844,450.8999938964844,436.1051635742188,72235,0.0,0.0
2016-04-27,450.5,460.0,450.5,454.3999938964844,439.4903564453125,41135,0.0,0.0
2016-04-28,454.0,458.3999938964844,449.9500122070313,452.5499877929688,437.7010192871094,34559,0.0,0.0
2016-04-29,452.5499877929688,458.9500122070313,445.0,450.1499938964844,435.37982177734375,29706,0.0,0.0
2016-05-02,457.5499877929688,457.5499877929688,450.0,454.5499877929688,439.6354370117188,99776,0.0,0.0
2016-05-03,452.6000061035156,497.7000122070313,452.6000061035156,471.9500122070313,456.4645385742188,1019969,0.0,0.0
2016-05-04,470.0499877929688,488.3999938964844,465.0499877929688,483.2999877929688,467.4420471191406,434139,0.0,0.0
2016-05-05,485.5,487.6499938964844,475.7999877929688,480.5,464.7340087890625,201231,0.0,0.0
2016-05-06,478.0,481.3999938964844,465.8500061035156,472.9500122070313,457.43170166015625,339823,0.0,0.0
2016-05-09,475.0,514.4000244140625,473.0499877929688,500.8999938964844,484.464599609375,629632,0.0,0.0
2016-05-10,495.5,505.1000061035156,489.0,500.3500061035156,483.9326171875,269945,0.0,0.0
2016-05-11,490.0,505.3500061035156,490.0,494.4500122070313,478.2262573242188,70826,0.0,0.0
2016-05-12,498.7999877929688,503.75,485.0,486.6000061035156,470.63385009765625,127248,0.0,0.0
2016-05-13,489.0,496.25,483.3999938964844,489.7000122070313,473.6321105957031,170279,0.0,0.0
2016-05-16,488.0,494.9500122070313,484.1499938964844,485.5,469.5699157714844,96855,0.0,0.0
2016-05-17,486.1000061035156,497.7999877929688,484.5,487.0,471.0207214355469,455492,0.0,0.0
2016-05-18,485.1000061035156,495.0,480.5,488.5,472.4714965820313,156219,0.0,0.0
2016-05-19,490.0,510.8999938964844,487.1000061035156,490.7999877929688,474.6959838867188,168285,0.0,0.0
2016-05-20,492.0,508.3999938964844,473.25,492.7000122070313,476.53369140625,1083838,0.0,0.0
2016-05-23,498.0,510.0,486.0,488.25,472.2296752929688,346615,0.0,0.0
2016-05-24,492.0,492.5499877929688,478.2000122070313,481.3500061035156,465.55609130859375,77054,0.0,0.0
2016-05-25,484.9500122070313,499.0,484.0499877929688,496.25,479.9671630859375,95866,0.0,0.0
2016-05-26,496.25,500.0,488.0,495.1499938964844,478.9032897949219,210242,0.0,0.0
2016-05-27,490.1499938964844,503.0,490.1499938964844,498.2999877929688,481.9498901367188,257041,0.0,0.0
2016-05-30,498.2999877929688,500.0,492.5499877929688,498.7000122070313,482.3368225097656,146882,0.0,0.0
2016-05-31,498.7000122070313,500.7999877929688,487.3999938964844,491.7000122070313,475.5664978027344,175380,0.0,0.0
2016-06-01,493.0,497.7000122070313,482.2999877929688,488.6000061035156,472.5682373046875,152517,0.0,0.0
2016-06-02,495.0,498.0,487.0499877929688,494.9500122070313,478.7098388671875,565819,0.0,0.0
2016-06-03,497.0,506.0,491.8500061035156,501.0,484.5613403320313,519055,0.0,0.0
2016-06-06,505.8999938964844,511.8999938964844,495.25,503.3999938964844,486.882568359375,274577,0.0,0.0
2016-06-07,509.5499877929688,549.4000244140625,505.5499877929688,535.0,517.4457397460938,965956,0.0,0.0
2016-06-08,535.5,541.7000122070312,523.4000244140625,535.9500122070312,518.3646240234375,230952,0.0,0.0
2016-06-09,535.0,544.7000122070312,530.25,537.75,520.1053466796875,223184,0.0,0.0
2016-06-10,539.9000244140625,543.4000244140625,521.25,522.6500244140625,505.5010681152344,166837,0.0,0.0
2016-06-13,520.0,534.25,518.1500244140625,531.4000244140625,513.9639282226562,221598,0.0,0.0
2016-06-14,531.0,541.8499755859375,530.1500244140625,533.9000244140625,516.3818359375,201098,0.0,0.0
2016-06-15,534.75,544.0499877929688,529.3499755859375,542.2999877929688,524.5062255859375,173086,0.0,0.0
2016-06-16,545.0,547.0,534.5,542.5499877929688,524.7479858398438,184418,0.0,0.0
2016-06-17,537.2000122070312,555.6500244140625,537.2000122070312,548.75,530.7446899414062,185331,0.0,0.0
2016-06-20,547.0,568.0499877929688,542.2000122070312,557.5999755859375,539.30419921875,201613,0.0,0.0
2016-06-21,561.9500122070312,563.0,542.4500122070312,554.9500122070312,536.7411499023438,166974,0.0,0.0
2016-06-22,559.0999755859375,559.0999755859375,538.5499877929688,548.1500244140625,530.1641845703125,174147,0.0,0.0
2016-06-23,548.0,554.3499755859375,539.8499755859375,548.9000244140625,530.8896484375,126050,0.0,0.0
2016-06-24,539.7999877929688,548.0,521.0,545.3499755859375,527.4560546875,74030,0.0,0.0
2016-06-27,548.0,568.9500122070312,543.3499755859375,562.25,543.8016357421875,491827,0.0,0.0
2016-06-28,566.9500122070312,580.4000244140625,558.8499755859375,569.2000122070312,550.5235595703125,316757,0.0,0.0
2016-06-29,574.4000244140625,577.7999877929688,561.5,564.4500122070312,545.929443359375,122065,0.0,0.0
2016-06-30,569.9500122070312,571.0,546.2000122070312,553.6500244140625,535.4838256835938,252600,0.0,0.0
2016-07-01,557.8499755859375,572.5,557.8499755859375,569.3499755859375,550.6686401367188,432352,0.0,0.0
2016-07-04,573.0,578.7999877929688,569.0,575.0999755859375,556.22998046875,178736,0.0,0.0
2016-07-05,579.9000244140625,579.9000244140625,568.25,570.0999755859375,551.39404296875,376657,0.0,0.0
2016-07-07,575.0,580.0,566.2000122070312,576.25,557.3422241210938,195348,0.0,0.0
2016-07-08,577.5999755859375,589.0,570.2000122070312,577.9500122070312,558.9864501953125,312373,0.0,0.0
2016-07-11,582.0,594.4000244140625,578.0,592.9000244140625,573.4458618164062,176188,0.0,0.0
2016-07-12,593.0,593.0,580.0,583.2999877929688,564.1609497070312,324357,0.0,0.0
2016-07-13,588.75,588.75,576.1500244140625,579.75,560.7273559570312,122062,0.0,0.0
2016-07-14,584.7000122070312,584.7000122070312,568.0,569.5499877929688,550.8619995117188,139237,0.0,0.0
2016-07-15,570.0,571.0,562.5,564.5,545.9777221679688,139519,0.0,0.0
2016-07-18,563.9500122070312,571.5,557.4000244140625,559.7000122070312,541.3352661132812,171919,0.0,0.0
2016-07-19,565.0999755859375,565.75,555.5,558.3499755859375,540.029541015625,49894,0.0,0.0
2016-07-20,562.0,571.0,558.6500244140625,563.75,545.2523803710938,150135,0.0,0.0
2016-07-21,569.8499755859375,569.8499755859375,562.1500244140625,563.8499755859375,545.34912109375,125666,0.0,0.0
2016-07-22,571.9000244140625,571.9000244140625,561.2000122070312,564.3499755859375,545.8326416015625,58093,0.0,0.0
2016-07-25,564.0,568.8499755859375,553.0,557.9500122070312,539.6426391601562,46771,0.0,0.0
2016-07-26,566.3499755859375,566.3499755859375,555.5,556.5,538.240234375,358922,0.0,0.0
2016-07-27,556.5,560.7999877929688,555.0,555.5499877929688,537.321533203125,93526,0.0,0.0
2016-07-28,555.5499877929688,561.5499877929688,552.6500244140625,555.25,537.0313720703125,277282,0.0,0.0
2016-07-29,555.25,563.9000244140625,545.0,549.7999877929688,531.7600708007812,456039,0.0,0.0
2016-08-01,555.0,563.5,549.7999877929688,560.9000244140625,542.4959106445312,102378,0.0,0.0
2016-08-02,561.9500122070312,561.9500122070312,549.0499877929688,553.3499755859375,535.193603515625,126978,0.0,0.0
2016-08-03,553.3499755859375,560.0,531.5,536.4000244140625,518.7997436523438,512349,0.0,0.0
2016-08-04,544.7999877929688,547.7999877929688,531.0,534.9000244140625,517.3490600585938,225905,0.0,0.0
2016-08-05,539.9500122070312,568.5,537.9500122070312,565.4000244140625,546.8482666015625,241501,0.0,0.0
2016-08-08,571.0,575.0,561.25,569.9000244140625,551.2007446289062,232192,0.0,0.0
2016-08-09,565.2000122070312,570.9000244140625,556.9500122070312,561.2000122070312,542.7860107421875,45129,0.0,0.0
2016-08-10,558.1500244140625,565.0,545.25,547.4000244140625,529.43896484375,41208,0.0,0.0
2016-08-11,549.0,551.9500122070312,536.75,539.2999877929688,521.6046752929688,83613,0.0,0.0
2016-08-12,545.0,545.4000244140625,532.7999877929688,536.3499755859375,518.75146484375,87230,0.0,0.0
2016-08-16,536.4000244140625,549.0,536.4000244140625,540.5499877929688,522.8135375976562,88289,0.0,0.0
2016-08-17,542.5499877929688,558.7000122070312,540.0,550.2000122070312,532.1470336914062,125251,0.0,0.0
2016-08-18,547.2999877929688,574.0,546.0999755859375,568.0999755859375,549.459716796875,214432,0.0,0.0
2016-08-19,568.0499877929688,573.5,562.0,564.8499755859375,546.3162841796875,63009,0.0,0.0
2016-08-22,566.0,571.0,552.5,553.5999755859375,535.4353637695312,43987,0.0,0.0
2016-08-23,558.6500244140625,558.6500244140625,545.5,549.9500122070312,531.9052734375,76661,0.0,0.0
2016-08-24,549.9500122070312,566.0,549.9500122070312,562.0499877929688,543.6082763671875,73869,0.0,0.0
2016-08-25,563.5,565.1500244140625,552.0,553.75,535.58056640625,67706,0.0,0.0
2016-08-26,552.0,563.5,552.0,559.6500244140625,541.2869873046875,68059,0.0,0.0
2016-08-29,559.6500244140625,569.9000244140625,553.5499877929688,562.9000244140625,544.4302978515625,93210,0.0,0.0
2016-08-30,560.5499877929688,579.7000122070312,560.5499877929688,574.9000244140625,556.0366821289062,131254,0.0,0.0
2016-08-31,574.9000244140625,581.0,563.2000122070312,577.5999755859375,558.6480102539062,143913,0.0,0.0
2016-09-01,565.0,573.1500244140625,550.0999755859375,564.1500244140625,545.6393432617188,241533,0.0,0.0
2016-09-02,560.0,570.75,555.0,557.5,539.2074584960938,152565,0.0,0.0
2016-09-06,558.0,570.7999877929688,558.0,568.6500244140625,549.9916381835938,101081,0.0,0.0
2016-09-07,570.0999755859375,581.0,560.5,563.2999877929688,544.817138671875,42080,0.0,0.0
2016-09-08,563.2999877929688,589.9000244140625,560.25,585.4500122070312,566.2404174804688,170434,0.0,0.0
2016-09-09,580.0499877929688,598.7999877929688,577.7999877929688,588.5999755859375,569.2869262695312,132343,0.0,0.0
2016-09-12,583.0,583.7000122070312,573.0,576.0499877929688,557.1487426757812,202893,0.0,0.0
2016-09-14,580.0,591.9000244140625,575.7000122070312,583.0,563.8707275390625,70462,0.0,0.0
2016-09-15,583.0499877929688,591.7999877929688,583.0499877929688,586.9500122070312,567.691162109375,55762,0.0,0.0
2016-09-16,585.2000122070312,595.0,580.4000244140625,587.4000244140625,568.1264038085938,113564,0.0,0.0
2016-09-19,587.4000244140625,592.0,574.0,581.7999877929688,562.7101440429688,131177,0.0,0.0
2016-09-20,581.7999877929688,588.7000122070312,575.1500244140625,582.75,563.6289672851562,26604,0.0,0.0
2016-09-21,585.0,591.4000244140625,577.0,579.7000122070312,560.6790161132812,23649,0.0,0.0
2016-09-22,582.0,618.7000122070312,575.9000244140625,609.5499877929688,589.549560546875,540414,0.0,0.0
2016-09-23,613.8499755859375,622.7999877929688,609.5,617.9500122070312,597.6740112304688,237982,0.0,0.0
2016-09-26,622.7999877929688,622.7999877929688,595.0,597.7999877929688,578.1851196289062,157555,0.0,0.0
2016-09-27,597.75,611.0499877929688,597.75,601.5,581.763671875,32225,0.0,0.0
2016-09-28,601.4500122070312,606.5,595.25,600.3499755859375,580.6514892578125,26803,0.0,0.0
2016-09-29,608.9000244140625,608.9000244140625,562.25,591.2999877929688,571.8983764648438,133621,0.0,0.0
2016-09-30,581.0999755859375,615.0,581.0999755859375,595.4000244140625,575.864013671875,146682,0.0,0.0
2016-10-03,605.0,619.0999755859375,592.0,615.4000244140625,595.2076416015625,93506,0.0,0.0
2016-10-04,615.4500122070312,641.7999877929688,615.4500122070312,634.6500244140625,613.8260498046875,223038,0.0,0.0
2016-10-05,639.0,640.7999877929688,619.0,626.25,605.7017822265625,141609,0.0,0.0
2016-10-06,630.0,632.3499755859375,617.2999877929688,622.0999755859375,601.6876831054688,163557,0.0,0.0
2016-10-07,622.0999755859375,626.0,615.0,618.8499755859375,598.54443359375,90839,0.0,0.0
2016-10-10,623.7999877929688,634.0,616.8499755859375,630.2999877929688,609.6187744140625,71026,0.0,0.0
2016-10-13,634.9000244140625,640.0,619.5999755859375,633.4000244140625,612.6171264648438,184821,0.0,0.0
2016-10-14,625.0499877929688,685.0,625.0499877929688,660.6500244140625,638.9730224609375,417504,0.0,0.0
2016-10-17,664.0,664.9500122070312,640.0,646.75,625.5289916992188,169002,0.0,0.0
2016-10-18,652.0,653.7000122070312,633.0,637.0,616.0989379882812,127726,0.0,0.0
2016-10-19,640.0,652.0,636.5499877929688,643.8499755859375,622.72412109375,98335,0.0,0.0
2016-10-20,647.0,650.0,633.0999755859375,635.5999755859375,614.744873046875,83737,0.0,0.0
2016-10-21,637.0,641.4000244140625,624.0,626.2000122070312,605.6532592773438,546916,0.0,0.0
2016-10-24,630.0,633.0,615.0999755859375,620.7000122070312,600.333740234375,56653,0.0,0.0
2016-10-25,621.2000122070312,635.0,618.25,630.2000122070312,609.5220947265625,34571,0.0,0.0
2016-10-26,634.7000122070312,634.7000122070312,614.9500122070312,622.0999755859375,601.6876831054688,185647,0.0,0.0
2016-10-27,614.1500244140625,626.75,614.1500244140625,618.9000244140625,598.5928955078125,93019,0.0,0.0
2016-10-28,622.9000244140625,626.2000122070312,606.5499877929688,615.0499877929688,594.8690795898438,88903,0.0,0.0
2016-11-01,639.5,639.5,623.0,628.4000244140625,607.7811889648438,54611,0.0,0.0
2016-11-02,625.0,625.0,608.25,610.25,590.2266235351562,112638,0.0,0.0
2016-11-03,614.5,615.2000122070312,600.7000122070312,602.7999877929688,583.0211181640625,314309,0.0,0.0
2016-11-04,597.0,610.0,595.25,601.2999877929688,581.5702514648438,176950,0.0,0.0
2016-11-07,607.0,622.9500122070312,606.9000244140625,613.8499755859375,593.70849609375,208165,0.0,0.0
2016-11-08,619.7999877929688,621.5,609.0,615.9000244140625,595.6912841796875,207199,0.0,0.0
2016-11-09,590.0,607.0,570.0499877929688,604.2999877929688,584.471923828125,244325,0.0,0.0
2016-11-10,613.5,624.9500122070312,611.0,616.4500122070312,596.2232666015625,497856,0.0,0.0
2016-11-11,605.0,610.9000244140625,578.75,587.3499755859375,568.0780029296875,237904,0.0,0.0
2016-11-15,589.9000244140625,589.9000244140625,472.7999877929688,547.7999877929688,529.8258056640625,730859,0.0,0.0
2016-11-16,567.7000122070312,572.8499755859375,527.0,566.6500244140625,548.0572509765625,289330,0.0,0.0
2016-11-17,564.9000244140625,569.0499877929688,541.0,554.0,535.8223266601562,114886,0.0,0.0
2016-11-18,550.0,552.3499755859375,518.2000122070312,525.0999755859375,507.87054443359375,280030,0.0,0.0
2016-11-21,528.0,542.75,506.25,523.25,506.081298828125,201312,0.0,0.0
2016-11-22,527.1500244140625,559.9000244140625,523.8499755859375,553.7999877929688,535.6288452148438,388092,0.0,0.0
2016-11-23,546.9500122070312,568.75,535.8499755859375,561.5999755859375,543.1729125976562,175022,0.0,0.0
2016-11-24,551.2999877929688,574.0,551.2999877929688,563.9500122070312,545.44580078125,148418,0.0,0.0
2016-11-25,572.6500244140625,585.0,541.25,575.4000244140625,556.5202026367188,376520,0.0,0.0
2016-11-28,574.9500122070312,590.9000244140625,570.0499877929688,582.1500244140625,563.0487060546875,307819,0.0,0.0
2016-11-29,582.1500244140625,597.7999877929688,573.25,583.3499755859375,564.2092895507812,403667,0.0,0.0
2016-11-30,590.5,623.9000244140625,585.1500244140625,610.2000122070312,590.1783447265625,217652,0.0,0.0
2016-12-01,605.2000122070312,619.25,593.0,599.0499877929688,579.3941040039062,672475,0.0,0.0
2016-12-02,595.0,595.0,575.25,582.4500122070312,563.3388671875,53567,0.0,0.0
2016-12-05,578.0,588.2999877929688,565.0999755859375,568.5999755859375,549.9432373046875,88867,0.0,0.0
2016-12-06,568.6500244140625,588.0,568.0,572.75,553.95703125,43622,0.0,0.0
2016-12-07,580.7000122070312,580.7000122070312,557.5499877929688,559.5999755859375,541.2384643554688,61364,0.0,0.0
2016-12-08,564.9500122070312,570.2000122070312,556.1500244140625,561.7999877929688,543.366455078125,310877,0.0,0.0
2016-12-09,566.9500122070312,566.9500122070312,556.7999877929688,560.4000244140625,542.0123901367188,25779,0.0,0.0
2016-12-12,560.4000244140625,570.0,556.5,559.75,541.3836669921875,25076,0.0,0.0
2016-12-13,559.75,560.0,528.0,532.4000244140625,514.9310913085938,126733,0.0,0.0
2016-12-14,532.0,548.4000244140625,518.0,521.0499877929688,503.9534606933594,91407,0.0,0.0
2016-12-15,513.0,532.9000244140625,513.0,520.0999755859375,503.0345764160156,129670,0.0,0.0
2016-12-16,521.0,527.0,511.0,524.25,507.0484313964844,141721,0.0,0.0
2016-12-19,530.5,530.5,511.25,521.7000122070312,504.5821228027344,36889,0.0,0.0
2016-12-20,518.5,530.0,513.5499877929688,519.0,501.9706726074219,103882,0.0,0.0
2016-12-21,524.5499877929688,541.7999877929688,522.0,538.75,521.0726928710938,111488,0.0,0.0
2016-12-22,536.0,543.9000244140625,512.5499877929688,522.0499877929688,504.9206237792969,210472,0.0,0.0
2016-12-23,519.6500244140625,534.7999877929688,515.0,529.5,512.1261596679688,63940,0.0,0.0
2016-12-26,528.9000244140625,528.9000244140625,501.0,506.3999938964844,489.7841491699219,94669,0.0,0.0
2016-12-27,506.3999938964844,529.0,506.3999938964844,517.9500122070312,500.9552001953125,1657104,0.0,0.0
2016-12-28,520.0499877929688,529.0,517.7999877929688,526.0,508.7409973144531,124707,0.0,0.0
2016-12-29,528.8499755859375,543.0,516.25,539.2999877929688,521.6046752929688,100043,0.0,0.0
2016-12-30,539.2999877929688,559.7999877929688,536.2000122070312,548.0,530.0192260742188,162346,0.0,0.0
2017-01-02,549.9500122070312,563.0,544.5499877929688,558.25,539.9329223632812,78271,0.0,0.0
2017-01-03,562.2999877929688,577.5,560.0499877929688,569.2000122070312,550.5235595703125,161677,0.0,0.0
2017-01-04,570.0,580.5499877929688,569.9500122070312,575.2999877929688,556.42333984375,134482,0.0,0.0
2017-01-05,580.9000244140625,580.9000244140625,568.8499755859375,577.5,558.5513305664062,197231,0.0,0.0
2017-01-06,577.5,581.5,575.0,577.75,558.7930297851562,147545,0.0,0.0
2017-01-09,582.9000244140625,582.9000244140625,572.25,574.75,555.8914794921875,75558,0.0,0.0
2017-01-10,574.0,607.0,573.9500122070312,604.1500244140625,584.326904296875,466027,0.0,0.0
2017-01-11,603.8499755859375,627.0,594.3499755859375,617.5499877929688,597.2870483398438,309311,0.0,0.0
2017-01-12,624.7000122070312,625.6500244140625,607.7000122070312,612.5499877929688,592.451171875,138319,0.0,0.0
2017-01-13,612.5999755859375,618.75,591.5,604.0499877929688,584.2301025390625,113025,0.0,0.0
2017-01-16,608.7000122070312,611.4000244140625,595.2000122070312,604.4000244140625,584.568603515625,80498,0.0,0.0
2017-01-17,608.0999755859375,613.0,605.5499877929688,610.9000244140625,590.8552856445312,50626,0.0,0.0
2017-01-18,608.5499877929688,628.7999877929688,606.5499877929688,623.4500122070312,602.9935302734375,284166,0.0,0.0
2017-01-19,623.0,630.0,611.75,618.5,598.2058715820312,243601,0.0,0.0
2017-01-20,615.0,626.9500122070312,611.4500122070312,619.3499755859375,599.0279541015625,136802,0.0,0.0
2017-01-23,620.0,632.0,619.3499755859375,624.9500122070312,604.4442749023438,171790,0.0,0.0
2017-01-24,627.8499755859375,644.0,622.75,640.6500244140625,619.6292114257812,183267,0.0,0.0
2017-01-25,645.0,662.5999755859375,640.0,659.2000122070312,637.570556640625,254027,0.0,0.0
2017-01-27,655.0,667.75,655.0,662.6500244140625,640.9073486328125,182085,0.0,0.0
2017-01-30,667.9500122070312,675.1500244140625,646.0,668.2999877929688,646.3718872070312,182660,0.0,0.0
2017-01-31,670.0,728.0,665.0,702.75,679.6915893554688,563610,0.0,0.0
2017-02-01,698.75,720.0,697.9000244140625,714.5999755859375,691.1527709960938,406034,0.0,0.0
2017-02-02,718.9000244140625,724.4000244140625,700.1500244140625,703.4000244140625,680.3203125,123534,0.0,0.0
2017-02-03,700.0,712.0,692.0499877929688,702.8499755859375,679.7882080078125,248283,0.0,0.0
2017-02-06,703.0499877929688,722.7999877929688,703.0499877929688,715.1500244140625,691.6846923828125,169124,0.0,0.0
2017-02-07,719.7000122070312,722.0,672.0,681.2999877929688,658.9454345703125,842410,0.0,0.0
2017-02-08,689.75,689.75,673.25,680.5999755859375,658.2683715820312,450489,0.0,0.0
2017-02-09,685.5,689.4500122070312,675.5499877929688,680.0499877929688,657.7364501953125,121800,0.0,0.0
2017-02-10,684.7999877929688,694.0,682.3499755859375,688.7999877929688,666.19921875,286303,0.0,0.0
2017-02-13,691.8499755859375,695.0,677.0,679.9500122070312,657.6397094726562,191467,0.0,0.0
2017-02-14,686.0,689.75,665.3499755859375,667.75,645.8400268554688,113534,0.0,0.0
2017-02-15,668.0,669.5499877929688,655.0,656.9000244140625,635.3460083007812,142761,0.0,0.0
2017-02-16,658.0,681.7999877929688,652.1500244140625,678.2999877929688,656.043701171875,297700,0.0,0.0
2017-02-17,679.9000244140625,684.7999877929688,669.0499877929688,674.4000244140625,652.2717895507812,40206,0.0,0.0
2017-02-20,674.4000244140625,684.0,672.2999877929688,677.0499877929688,654.8347778320312,38105,0.0,0.0
2017-02-21,677.0,682.0,669.0999755859375,677.9000244140625,655.6570434570312,157374,0.0,0.0
2017-02-22,677.0,677.0,663.0999755859375,666.8499755859375,644.9694213867188,71464,0.0,0.0
2017-02-23,666.9000244140625,675.5,645.0999755859375,652.0,630.6067504882812,153686,0.0,0.0
2017-02-27,657.5499877929688,657.9500122070312,650.9000244140625,653.5999755859375,632.1543579101562,75958,0.0,0.0
2017-02-28,652.0,674.7999877929688,650.4000244140625,665.6500244140625,643.8089599609375,307002,0.0,0.0
2017-03-01,672.7000122070312,677.7000122070312,663.0,668.3499755859375,646.4202270507812,102166,0.0,0.0
2017-03-02,664.5499877929688,674.4000244140625,652.8499755859375,659.2000122070312,637.570556640625,150937,0.0,0.0
2017-03-03,656.2999877929688,674.9000244140625,655.7999877929688,657.9500122070312,636.361572265625,127513,0.0,0.0
2017-03-06,658.0,664.5499877929688,652.0,654.1500244140625,632.6863403320312,169406,0.0,0.0
2017-03-07,654.7999877929688,659.25,649.4000244140625,654.5499877929688,633.0729370117188,83840,0.0,0.0
2017-03-08,650.2000122070312,656.9500122070312,635.0,641.5499877929688,620.4996948242188,146817,0.0,0.0
2017-03-09,641.5499877929688,648.9500122070312,617.75,630.5,609.8121948242188,183695,0.0,0.0
2017-03-10,640.0999755859375,640.6500244140625,624.0,626.4500122070312,605.8951416015625,293967,0.0,0.0
2017-03-14,636.0,649.8499755859375,632.8499755859375,646.2000122070312,624.9969482421875,1179661,0.0,0.0
2017-03-15,644.0499877929688,649.4500122070312,635.0,638.0499877929688,617.114501953125,244899,0.0,0.0
2017-03-16,640.5,647.0,638.5499877929688,643.5,622.3856811523438,249757,0.0,0.0
2017-03-17,643.0,646.7999877929688,625.25,634.7000122070312,613.8743896484375,320681,0.0,0.0
2017-03-20,639.4000244140625,658.2999877929688,632.5499877929688,655.3499755859375,633.8468017578125,397609,0.0,0.0
2017-03-21,660.0,668.7000122070312,648.5,655.0999755859375,633.6050415039062,301433,0.0,0.0
2017-03-22,655.0,662.0,643.1500244140625,656.9500122070312,635.3943481445312,109075,0.0,0.0
2017-03-23,652.5,663.9500122070312,649.0,655.4500122070312,633.9434814453125,221048,0.0,0.0
2017-03-24,651.5,659.0,648.3499755859375,651.1500244140625,629.7846069335938,49070,0.0,0.0
2017-03-27,650.0,655.0,639.0,641.8499755859375,620.789794921875,87035,0.0,0.0
2017-03-28,644.4500122070312,668.5999755859375,643.75,662.9000244140625,641.1491088867188,162860,0.0,0.0
2017-03-29,668.9000244140625,671.0999755859375,654.25,657.6500244140625,636.0713500976562,205095,0.0,0.0
2017-03-30,657.7000122070312,666.9000244140625,646.0,664.9500122070312,643.1318359375,284303,0.0,0.0
2017-03-31,660.0,680.0,660.0,672.6500244140625,650.579345703125,192984,0.0,0.0
2017-04-03,678.0,705.0,670.25,674.6500244140625,652.513671875,448972,0.0,0.0
2017-04-05,681.0,685.0,665.2000122070312,671.7000122070312,649.6604614257812,301056,0.0,0.0
2017-04-06,674.9500122070312,681.0,665.0,671.9500122070312,649.9021606445312,97647,0.0,0.0
2017-04-07,676.0,679.8499755859375,660.9500122070312,674.0999755859375,651.9815063476562,148398,0.0,0.0
2017-04-10,675.0,677.9500122070312,670.9500122070312,676.9000244140625,654.6898193359375,87023,0.0,0.0
2017-04-11,675.0,681.0,663.8499755859375,671.7999877929688,649.7570190429688,137875,0.0,0.0
2017-04-12,670.0,671.9500122070312,663.6500244140625,666.5999755859375,644.7276000976562,574755,0.0,0.0
2017-04-13,666.0,677.9500122070312,666.0,674.0999755859375,651.9815063476562,604004,0.0,0.0
2017-04-17,670.0,674.2999877929688,660.2000122070312,663.75,641.9712524414062,141880,0.0,0.0
2017-04-18,670.0,678.0,664.4000244140625,671.2000122070312,649.1768798828125,289814,0.0,0.0
2017-04-19,670.0,675.0,664.5,670.75,648.7415771484375,136270,0.0,0.0
2017-04-20,675.0,696.0,671.2999877929688,686.0499877929688,663.53955078125,265028,0.0,0.0
2017-04-21,686.0499877929688,691.9500122070312,670.0,670.9000244140625,648.8866577148438,138380,0.0,0.0
2017-04-24,677.0,697.0,674.5,692.0,669.2943725585938,180780,0.0,0.0
2017-04-25,696.9000244140625,703.0,690.0,699.6500244140625,676.693359375,431911,0.0,0.0
2017-04-26,699.5,704.7999877929688,693.0999755859375,700.7999877929688,677.8055419921875,233659,0.0,0.0
2017-04-27,698.7000122070312,703.9500122070312,681.8499755859375,688.8499755859375,666.2476196289062,93826,0.0,0.0
2017-04-28,687.0,694.7000122070312,676.2999877929688,687.2999877929688,664.74853515625,97116,0.0,0.0
2017-05-02,692.5,693.9000244140625,678.0,687.75,665.1837768554688,209512,0.0,0.0
2017-05-03,695.0,695.0,676.0,688.0999755859375,665.5221557617188,88771,0.0,0.0
2017-05-04,686.0,688.1500244140625,678.0,681.1500244140625,658.80029296875,161796,0.0,0.0
2017-05-05,691.0,691.0,673.7000122070312,679.0499877929688,656.7691650390625,249435,0.0,0.0
2017-05-08,679.0499877929688,689.8499755859375,679.0499877929688,686.5499877929688,664.0231323242188,93617,0.0,0.0
2017-05-09,689.0,709.9500122070312,683.5499877929688,705.0999755859375,681.9644165039062,300850,0.0,0.0
2017-05-10,705.0999755859375,721.3499755859375,705.0999755859375,716.5499877929688,693.038818359375,232833,0.0,0.0
2017-05-11,719.9500122070312,725.0,714.0,721.0,697.3428344726562,188122,0.0,0.0
2017-05-12,718.0,720.0,703.0,708.0999755859375,684.8660278320312,62290,0.0,0.0
2017-05-15,715.0,716.3499755859375,696.7000122070312,702.2000122070312,679.1596069335938,165862,0.0,0.0
2017-05-16,703.0999755859375,729.75,700.0,722.9500122070312,699.228759765625,155031,0.0,0.0
2017-05-17,718.0999755859375,722.0,707.0,709.75,686.4618530273438,112033,0.0,0.0
2017-05-18,705.0,710.9000244140625,695.5,699.7999877929688,676.8384399414062,58378,0.0,0.0
2017-05-19,709.0499877929688,709.2999877929688,680.0,691.0999755859375,668.4238891601562,112570,0.0,0.0
2017-05-22,692.5,697.0,667.0499877929688,673.4500122070312,651.3529663085938,248981,0.0,0.0
2017-05-23,676.0,686.7999877929688,663.9000244140625,682.5,660.1060180664062,125895,0.0,0.0
2017-05-24,686.7000122070312,686.7000122070312,670.0,677.9500122070312,655.705322265625,99122,0.0,0.0
2017-05-25,677.2999877929688,703.0,667.7999877929688,698.8499755859375,675.9195556640625,290852,0.0,0.0
2017-05-26,701.25,704.0,675.2999877929688,696.3499755859375,673.5015869140625,174654,0.0,0.0
2017-05-29,691.5,697.0,678.1500244140625,681.3499755859375,658.9937133789062,148903,0.0,0.0
2017-05-30,678.0999755859375,697.2000122070312,668.2000122070312,690.9000244140625,668.2304077148438,349955,0.0,0.0
2017-05-31,677.0,743.5,674.4500122070312,724.1500244140625,700.3894653320312,763583,0.0,0.0
2017-06-01,728.0,749.9500122070312,715.0,722.3499755859375,698.6484375,484998,0.0,0.0
2017-06-02,722.3499755859375,734.9500122070312,708.0,719.75,696.1337890625,278886,0.0,0.0
2017-06-05,719.75,721.7999877929688,689.4000244140625,713.5999755859375,690.1856079101562,256390,0.0,0.0
2017-06-06,717.7999877929688,717.7999877929688,688.2999877929688,697.4000244140625,674.5171508789062,278759,0.0,0.0
2017-06-07,695.1500244140625,698.2999877929688,678.4000244140625,680.4000244140625,658.074951171875,233731,0.0,0.0
2017-06-08,681.0,716.25,675.3499755859375,709.4500122070312,686.1717529296875,357575,0.0,0.0
2017-06-09,707.25,722.3499755859375,698.0,713.0499877929688,689.6536254882812,293712,0.0,0.0
2017-06-12,714.9500122070312,714.9500122070312,700.0999755859375,702.7999877929688,679.7398681640625,91810,0.0,0.0
2017-06-13,706.0,721.0,690.0,694.1500244140625,671.3738403320312,259358,0.0,0.0
2017-06-14,698.9500122070312,709.0,690.0499877929688,699.0999755859375,676.1613159179688,163085,0.0,0.0
2017-06-15,699.9000244140625,705.0,688.0499877929688,701.7999877929688,678.772705078125,110174,0.0,0.0
2017-06-16,705.0,707.4500122070312,691.3499755859375,693.75,670.98681640625,110995,0.0,0.0
2017-06-19,698.7999877929688,704.0,689.9500122070312,696.5,673.6466064453125,65954,0.0,0.0
2017-06-20,695.9000244140625,706.5,691.2999877929688,694.0,671.2286376953125,146791,0.0,0.0
2017-06-21,693.0,699.4000244140625,682.6500244140625,697.2999877929688,674.4204711914062,157100,0.0,0.0
2017-06-22,698.0,699.2000122070312,684.1500244140625,687.5,664.9420776367188,102381,0.0,0.0
2017-06-23,689.0499877929688,691.4500122070312,679.5499877929688,683.75,661.31494140625,540730,0.0,0.0
2017-06-27,680.0999755859375,689.0999755859375,665.7000122070312,680.7000122070312,658.3651733398438,357703,0.0,0.0
2017-06-28,680.4500122070312,692.4500122070312,670.7000122070312,682.6500244140625,660.2510986328125,164679,0.0,0.0
2017-06-29,684.9000244140625,689.25,673.3499755859375,675.9500122070312,653.77099609375,283634,0.0,0.0
2017-06-30,666.3499755859375,709.5,666.3499755859375,694.9500122070312,672.1474609375,378557,0.0,0.0
2017-07-03,702.9500122070312,702.9500122070312,691.0,696.9000244140625,674.0335693359375,122276,0.0,0.0
2017-07-04,691.0499877929688,719.5,691.0,696.3499755859375,673.5015869140625,207096,0.0,0.0
2017-07-05,697.6500244140625,714.4500122070312,697.5999755859375,709.75,686.4618530273438,100365,0.0,0.0
2017-07-06,709.75,717.9000244140625,701.6500244140625,705.0999755859375,681.9644165039062,164502,0.0,0.0
2017-07-07,706.2000122070312,712.4000244140625,699.6500244140625,705.8499755859375,682.6898193359375,139335,0.0,0.0
2017-07-10,746.0,770.0,697.0,708.7000122070312,685.4463500976562,23217,0.0,0.0
2017-07-11,715.0,719.0,700.0,708.7000122070312,685.4463500976562,177832,0.0,0.0
2017-07-12,710.4000244140625,713.4500122070312,702.7999877929688,707.0,683.8021240234375,118754,0.0,0.0
2017-07-13,707.0999755859375,717.6500244140625,707.0999755859375,712.3499755859375,688.9765625,202310,0.0,0.0
2017-07-14,715.0499877929688,715.0999755859375,702.0499877929688,710.75,687.4290161132812,151331,0.0,0.0
2017-07-17,710.75,710.75,697.0,700.0499877929688,677.0802612304688,263552,0.0,0.0
2017-07-18,700.0,705.4000244140625,697.0,698.75,675.8228149414062,132307,0.0,0.0
2017-07-19,699.9500122070312,701.0999755859375,691.5,696.1500244140625,673.3081665039062,352630,0.0,0.0
2017-07-20,693.5,700.0,671.5999755859375,680.25,657.9298706054688,341971,0.0,0.0
2017-07-21,685.0499877929688,690.0999755859375,674.4000244140625,678.5499877929688,656.2857055664062,166927,0.0,0.0
2017-07-24,674.0999755859375,687.0999755859375,670.0,675.5,653.335693359375,373238,0.0,0.0
2017-07-25,675.0,681.9000244140625,665.0,667.0,645.1146240234375,567822,0.0,0.0
2017-07-26,667.0,674.75,665.25,669.6500244140625,647.6776733398438,135620,0.0,0.0
2017-07-27,669.4000244140625,682.3499755859375,655.0,658.1500244140625,639.4194946289062,217738,3.0,0.0
2017-07-28,663.5,673.9000244140625,656.2000122070312,668.9000244140625,649.8636474609375,285463,0.0,0.0
2017-07-31,677.0,683.5,670.0,678.7000122070312,659.3848266601562,214546,0.0,0.0
2017-08-01,678.6500244140625,691.5,678.25,687.0,667.448486328125,76888,0.0,0.0
2017-08-02,689.0499877929688,713.3499755859375,684.0999755859375,699.0999755859375,679.2041015625,347347,0.0,0.0
2017-08-03,700.0,702.6500244140625,680.5499877929688,688.25,668.6629638671875,343710,0.0,0.0
2017-08-04,680.0,696.25,679.5,688.5499877929688,668.9542846679688,109252,0.0,0.0
2017-08-07,695.0,702.4500122070312,683.0,692.0,672.3062744140625,137188,0.0,0.0
2017-08-08,694.7000122070312,699.4500122070312,681.5,687.2999877929688,667.739990234375,133540,0.0,0.0
2017-08-09,688.0,688.0,670.0,672.6500244140625,653.5070190429688,243408,0.0,0.0
2017-08-10,676.75,676.75,654.0,666.9000244140625,647.9205322265625,221683,0.0,0.0
2017-08-11,654.0499877929688,669.25,647.5999755859375,661.4000244140625,642.5770874023438,129347,0.0,0.0
2017-08-14,674.9500122070312,681.2999877929688,663.25,673.7999877929688,654.6240844726562,179445,0.0,0.0
2017-08-16,672.3499755859375,702.0,672.3499755859375,693.5,673.7634887695312,174530,0.0,0.0
2017-08-17,695.5999755859375,700.0,688.4500122070312,694.5,674.7349853515625,102895,0.0,0.0
2017-08-18,691.7000122070312,693.5999755859375,680.9500122070312,684.2999877929688,664.8253784179688,97357,0.0,0.0
2017-08-21,692.0,692.0,659.0,662.2999877929688,643.451416015625,368276,0.0,0.0
2017-08-22,656.0,669.9000244140625,656.0,660.8499755859375,642.0426025390625,344550,0.0,0.0
2017-08-23,664.0,669.4000244140625,660.25,666.2000122070312,647.2404174804688,196714,0.0,0.0
2017-08-24,667.0,673.7000122070312,663.0,667.4000244140625,648.40625,237260,0.0,0.0
2017-08-28,666.0,684.5499877929688,663.0,678.9000244140625,659.5789794921875,374288,0.0,0.0
2017-08-29,679.8499755859375,692.9500122070312,675.9500122070312,685.6500244140625,666.136962890625,237247,0.0,0.0
2017-08-30,691.0,714.6500244140625,689.0,693.9000244140625,674.1522216796875,329377,0.0,0.0
2017-08-31,687.2000122070312,698.1500244140625,682.0999755859375,690.7999877929688,671.1403198242188,339380,0.0,0.0
2017-09-01,694.5,698.75,689.0999755859375,692.5999755859375,672.8890991210938,128310,0.0,0.0
2017-09-04,687.0499877929688,701.0,682.2000122070312,696.6500244140625,676.8237915039062,107070,0.0,0.0
2017-09-05,697.3499755859375,729.9500122070312,696.75,727.0999755859375,706.4073486328125,857122,0.0,0.0
2017-09-06,734.9000244140625,737.9500122070312,716.2999877929688,721.4500122070312,700.9181518554688,407054,0.0,0.0
2017-09-07,726.4500122070312,732.2999877929688,722.7000122070312,730.4500122070312,709.6619262695312,288279,0.0,0.0
2017-09-08,738.0,738.0,715.2999877929688,724.7999877929688,704.1727905273438,398198,0.0,0.0
2017-09-11,730.0,743.5,725.1500244140625,739.2000122070312,718.1629028320312,201014,0.0,0.0
2017-09-12,739.2000122070312,749.0,734.7999877929688,742.75,721.6119995117188,413707,0.0,0.0
2017-09-13,742.9000244140625,764.3499755859375,741.25,747.2999877929688,726.0324096679688,485304,0.0,0.0
2017-09-14,747.5499877929688,755.2999877929688,738.0999755859375,752.4000244140625,730.9873657226562,258793,0.0,0.0
2017-09-15,733.0,765.0499877929688,733.0,749.5499877929688,728.2184448242188,272683,0.0,0.0
2017-09-18,751.0999755859375,758.2000122070312,748.0,749.4500122070312,728.1212158203125,114032,0.0,0.0
2017-09-19,750.0,754.4000244140625,730.5,737.25,716.2684936523438,249431,0.0,0.0
2017-09-20,738.7000122070312,740.0,725.0,733.2000122070312,712.3336791992188,246384,0.0,0.0
2017-09-21,738.5499877929688,738.8499755859375,716.4000244140625,719.7999877929688,699.3150634765625,176627,0.0,0.0
2017-09-22,719.9000244140625,728.25,701.0999755859375,708.0,687.850830078125,153814,0.0,0.0
2017-09-25,709.9000244140625,714.4000244140625,686.0,707.8499755859375,687.7051391601562,105440,0.0,0.0
2017-09-26,713.9500122070312,713.9500122070312,691.0999755859375,695.0,675.2208251953125,390878,0.0,0.0
2017-09-27,701.8499755859375,704.7999877929688,688.0,690.7999877929688,671.1403198242188,153257,0.0,0.0
2017-09-28,690.7999877929688,697.7999877929688,673.0499877929688,678.5499877929688,659.2388305664062,447917,0.0,0.0
2017-09-29,681.0,697.75,680.0,692.4000244140625,672.6948852539062,311956,0.0,0.0
2017-10-03,694.0999755859375,708.0,691.5999755859375,693.9500122070312,674.20068359375,257000,0.0,0.0
2017-10-04,697.9500122070312,709.4500122070312,688.2999877929688,695.4000244140625,675.6094970703125,258594,0.0,0.0
2017-10-05,699.25,707.0,681.2999877929688,704.4500122070312,684.4017944335938,196943,0.0,0.0
2017-10-06,704.5999755859375,715.0,700.2999877929688,705.2999877929688,685.2276000976562,119149,0.0,0.0
2017-10-09,697.0,715.4000244140625,695.1500244140625,701.25,681.2930297851562,136635,0.0,0.0
2017-10-10,698.0,707.0,692.2000122070312,694.7000122070312,674.9293212890625,132579,0.0,0.0
2017-10-11,699.0,699.7000122070312,686.7000122070312,692.5,672.7919921875,113977,0.0,0.0
2017-10-12,697.9500122070312,697.9500122070312,687.0,690.0499877929688,670.41162109375,289782,0.0,0.0
2017-10-13,694.0,694.0,682.0,684.5,665.0196533203125,774808,0.0,0.0
2017-10-16,685.0999755859375,692.0,675.3499755859375,687.5,667.9341430664062,764492,0.0,0.0
2017-10-17,687.5,696.9000244140625,687.0499877929688,692.6500244140625,672.937744140625,173367,0.0,0.0
2017-10-18,692.2999877929688,698.75,682.0,695.2999877929688,675.5122680664062,94819,0.0,0.0
2017-10-19,688.5,699.8499755859375,681.0999755859375,688.6500244140625,669.051513671875,20581,0.0,0.0
2017-10-23,685.0999755859375,705.0,683.9500122070312,699.5499877929688,679.6412353515625,243781,0.0,0.0
2017-10-24,704.0,716.9000244140625,700.0,704.9000244140625,684.8390502929688,179937,0.0,0.0
2017-10-25,712.0999755859375,729.9000244140625,705.5499877929688,719.2999877929688,698.8292236328125,240029,0.0,0.0
2017-10-26,712.0999755859375,728.2000122070312,711.0,723.0999755859375,702.52099609375,163562,0.0,0.0
2017-10-27,720.5,727.9000244140625,715.5,717.5499877929688,697.1290283203125,100556,0.0,0.0
2017-10-30,722.0,734.0,717.0,729.1500244140625,708.39892578125,137880,0.0,0.0
2017-10-31,738.0,740.75,717.5,720.8499755859375,700.3350830078125,111729,0.0,0.0
2017-11-01,728.0,729.9500122070312,711.4000244140625,721.2999877929688,700.7723999023438,85582,0.0,0.0
2017-11-02,724.0,726.5,694.4000244140625,717.75,697.3233642578125,458708,0.0,0.0
2017-11-03,707.0499877929688,725.0,700.0999755859375,721.5999755859375,701.0637817382812,356656,0.0,0.0
2017-11-06,727.0,735.0,713.0999755859375,733.5499877929688,712.673583984375,235806,0.0,0.0
2017-11-07,733.0,733.0,708.5999755859375,713.1500244140625,692.854248046875,251037,0.0,0.0
2017-11-08,713.0,717.3499755859375,696.0,702.75,682.750244140625,136859,0.0,0.0
2017-11-09,702.0,712.0,694.7999877929688,704.5499877929688,684.4990844726562,114530,0.0,0.0
2017-11-10,704.5499877929688,707.2000122070312,694.0,697.9000244140625,678.0382690429688,144051,0.0,0.0
2017-11-13,689.2000122070312,699.0,689.2000122070312,694.7000122070312,674.9293212890625,97700,0.0,0.0
2017-11-14,690.0499877929688,696.5499877929688,680.0,686.7999877929688,667.254150390625,237599,0.0,0.0
2017-11-15,689.9500122070312,709.0,683.25,700.8499755859375,680.9042358398438,306703,0.0,0.0
2017-11-16,705.0499877929688,716.9000244140625,696.0,715.0999755859375,694.7486572265625,188917,0.0,0.0
2017-11-17,727.9500122070312,745.0,718.0499877929688,727.1500244140625,706.455810546875,345605,0.0,0.0
2017-11-20,722.0,735.0,693.0999755859375,700.0,680.0785522460938,330942,0.0,0.0
2017-11-21,700.0,714.4500122070312,699.0499877929688,711.7999877929688,691.5426635742188,179854,0.0,0.0
2017-11-22,714.9500122070312,714.9500122070312,704.2999877929688,707.9500122070312,687.8023681640625,95514,0.0,0.0
2017-11-23,709.0,717.9500122070312,705.0,710.4000244140625,690.1826171875,145548,0.0,0.0
2017-11-24,709.0,718.1500244140625,705.0,709.7000122070312,689.5025024414062,251757,0.0,0.0
2017-11-27,711.7000122070312,711.7000122070312,702.0,704.2999877929688,684.256103515625,552678,0.0,0.0
2017-11-28,704.0499877929688,718.0,700.2000122070312,713.0999755859375,692.8056640625,143034,0.0,0.0
2017-11-29,713.0999755859375,717.5,708.5999755859375,710.6500244140625,690.4254760742188,214173,0.0,0.0
2017-11-30,710.6500244140625,710.6500244140625,699.0,700.0499877929688,680.1270751953125,265744,0.0,0.0
2017-12-01,700.0499877929688,709.4500122070312,688.4500122070312,693.8499755859375,674.103515625,722122,0.0,0.0
2017-12-04,695.2000122070312,700.0,684.0,692.9500122070312,673.2291259765625,539265,0.0,0.0
2017-12-05,691.7999877929688,695.0,681.4000244140625,689.0999755859375,669.4887084960938,194933,0.0,0.0
2017-12-06,689.0,709.75,672.6500244140625,687.75,668.1771240234375,189110,0.0,0.0
2017-12-07,693.0,695.2000122070312,682.9500122070312,688.2999877929688,668.71142578125,550838,0.0,0.0
2017-12-08,693.0,697.0,686.0,694.0499877929688,674.2977905273438,286486,0.0,0.0
2017-12-11,693.0,707.25,692.0,701.4500122070312,681.4873046875,181196,0.0,0.0
2017-12-12,702.7999877929688,709.5999755859375,695.7999877929688,700.5,680.5642700195312,100443,0.0,0.0
2017-12-13,705.0,715.25,695.5999755859375,700.5499877929688,680.6128540039062,180341,0.0,0.0
2017-12-14,705.0,712.0,700.0,704.8499755859375,684.7904663085938,276395,0.0,0.0
2017-12-15,706.0,714.9000244140625,703.5,706.0499877929688,685.956298828125,184633,0.0,0.0
2017-12-18,703.0,721.0,694.0499877929688,714.9000244140625,694.5545043945312,129744,0.0,0.0
2017-12-19,715.9500122070312,719.9000244140625,712.7999877929688,714.0999755859375,693.7772827148438,66891,0.0,0.0
2017-12-20,712.5499877929688,827.8499755859375,711.4500122070312,809.25,786.2193603515625,2810881,0.0,0.0
2017-12-21,812.5,831.0,791.0,793.5499877929688,770.966064453125,1712769,0.0,0.0
2017-12-22,800.0,811.5999755859375,768.1500244140625,778.0499877929688,755.9072875976562,425261,0.0,0.0
2017-12-26,783.9000244140625,805.0,779.6500244140625,798.0499877929688,775.3380126953125,380319,0.0,0.0
2017-12-27,797.0,805.0,781.0,791.9500122070312,769.4116821289062,246656,0.0,0.0
2017-12-28,790.75,808.0,777.7000122070312,796.4500122070312,773.7836303710938,680841,0.0,0.0
2017-12-29,795.0,815.9500122070312,781.3499755859375,785.5999755859375,763.2424926757812,414409,0.0,0.0
2018-01-01,783.0,791.5,776.0,780.25,758.0446166992188,94919,0.0,0.0
2018-01-02,783.9500122070312,789.7999877929688,766.0,775.5,753.4298095703125,150960,0.0,0.0
2018-01-03,781.0,803.0,773.5999755859375,793.7999877929688,771.2090454101562,296293,0.0,0.0
2018-01-04,795.0,803.6500244140625,795.0,801.3499755859375,778.5441284179688,216658,0.0,0.0
2018-01-05,801.0,810.9500122070312,799.6500244140625,800.25,777.4755249023438,248081,0.0,0.0
2018-01-08,806.3499755859375,808.4500122070312,790.7000122070312,794.7000122070312,772.0834350585938,129940,0.0,0.0
2018-01-09,795.4500122070312,814.9000244140625,795.4500122070312,802.4500122070312,779.6129760742188,236202,0.0,0.0
2018-01-10,800.0,822.0,800.0,809.5,786.4622192382812,416429,0.0,0.0
2018-01-11,809.5,824.75,787.6500244140625,797.4500122070312,774.7552490234375,262606,0.0,0.0
2018-01-12,800.0,806.2999877929688,785.5999755859375,791.0499877929688,768.5372314453125,159828,0.0,0.0
2018-01-15,791.0499877929688,801.0,780.0999755859375,784.7000122070312,762.3680419921875,96289,0.0,0.0
2018-01-16,786.4000244140625,808.0,782.5,786.0,763.6310424804688,282691,0.0,0.0
2018-01-17,790.7999877929688,796.9500122070312,769.4000244140625,787.0999755859375,764.6997680664062,150117,0.0,0.0
2018-01-18,787.5999755859375,809.0,782.0,789.6500244140625,767.1771240234375,257663,0.0,0.0
2018-01-19,786.0999755859375,800.0,771.5499877929688,785.5499877929688,763.1937866210938,139688,0.0,0.0
2018-01-22,785.5499877929688,795.2999877929688,778.0499877929688,781.2000122070312,758.9677124023438,84295,0.0,0.0
2018-01-23,789.0,796.9000244140625,778.5499877929688,789.9500122070312,767.4685668945312,150271,0.0,0.0
2018-01-24,794.7999877929688,794.7999877929688,773.0499877929688,781.0,758.7732543945312,106506,0.0,0.0
2018-01-25,789.0,792.2999877929688,776.1500244140625,784.2000122070312,761.8822631835938,168148,0.0,0.0
2018-01-29,790.0,805.0,773.4000244140625,781.7999877929688,759.550537109375,90879,0.0,0.0
2018-01-30,784.0,788.4500122070312,750.0,767.5499877929688,745.7061157226562,308560,0.0,0.0
2018-01-31,759.7999877929688,773.2999877929688,755.1500244140625,758.25,736.6707153320312,138456,0.0,0.0
2018-02-01,762.9500122070312,768.5999755859375,736.0,758.7000122070312,737.1080322265625,330450,0.0,0.0
2018-02-02,760.0,760.0,733.0499877929688,736.4000244140625,715.4426879882812,206710,0.0,0.0
2018-02-05,725.0,735.9500122070312,710.0,719.5499877929688,699.0722045898438,315454,0.0,0.0
2018-02-06,701.0,742.5,682.7999877929688,732.8499755859375,711.99365234375,995888,0.0,0.0
2018-02-07,736.4000244140625,751.0,717.0499877929688,730.4500122070312,709.6619262695312,403373,0.0,0.0
2018-02-08,739.0,739.0,720.0,725.1500244140625,704.5127563476562,240384,0.0,0.0
2018-02-09,701.7000122070312,721.5999755859375,701.7000122070312,710.9000244140625,690.66845703125,170452,0.0,0.0
2018-02-12,714.9500122070312,745.0,714.9500122070312,739.9000244140625,718.8429565429688,224367,0.0,0.0
2018-02-14,740.0,746.9500122070312,732.2000122070312,736.8499755859375,715.8798217773438,102966,0.0,0.0
2018-02-15,739.0,744.7999877929688,735.25,740.25,719.1829833984375,188683,0.0,0.0
2018-02-16,742.25,756.4500122070312,719.5,724.7000122070312,704.07568359375,146203,0.0,0.0
2018-02-19,736.9000244140625,736.9000244140625,708.0,714.2000122070312,693.8743896484375,271969,0.0,0.0
2018-02-20,718.5,739.0,692.8499755859375,732.0999755859375,711.2650146484375,222496,0.0,0.0
2018-02-21,727.0,739.0,718.2000122070312,730.7000122070312,709.9049072265625,137390,0.0,0.0
2018-02-22,729.0999755859375,739.0,705.0499877929688,714.0999755859375,693.7772827148438,241272,0.0,0.0
2018-02-23,720.9000244140625,728.9500122070312,714.0,718.2999877929688,697.857666015625,236097,0.0,0.0
2018-02-26,718.5,733.8499755859375,714.0,731.5499877929688,710.7305908203125,331592,0.0,0.0
2018-02-27,730.0,753.0,725.0499877929688,749.7999877929688,728.4612426757812,263450,0.0,0.0
2018-02-28,743.0,754.8499755859375,729.5,752.5999755859375,731.1815795898438,268420,0.0,0.0
2018-03-01,751.0,753.9000244140625,740.0,742.3499755859375,721.2232666015625,215752,0.0,0.0
2018-03-05,740.0,753.0,727.1500244140625,734.75,713.8394775390625,191494,0.0,0.0
2018-03-06,737.9500122070312,748.4000244140625,737.0,742.25,721.1260986328125,132169,0.0,0.0
2018-03-07,743.9500122070312,743.9500122070312,720.0,727.5,706.7958374023438,298624,0.0,0.0
2018-03-08,727.5499877929688,738.4000244140625,722.0,729.4000244140625,708.6417846679688,423758,0.0,0.0
2018-03-09,732.4500122070312,732.4500122070312,725.0,725.9000244140625,705.2413940429688,257237,0.0,0.0
2018-03-12,730.0,754.0,725.7999877929688,736.6500244140625,715.685546875,289071,0.0,0.0
2018-03-13,736.5499877929688,744.2000122070312,727.7999877929688,737.1500244140625,716.17138671875,145199,0.0,0.0
2018-03-14,736.1500244140625,758.5,731.0999755859375,751.0,729.6270751953125,914422,0.0,0.0
2018-03-15,750.0499877929688,761.9000244140625,750.0,750.25,728.8983764648438,297680,0.0,0.0
2018-03-16,750.0,756.0,740.0,740.7999877929688,719.7173461914062,349278,0.0,0.0
2018-03-19,765.0,765.0,739.2999877929688,746.3499755859375,725.109375,293973,0.0,0.0
2018-03-20,747.0,750.0,736.6500244140625,744.9500122070312,723.7492065429688,269176,0.0,0.0
2018-03-21,747.0,750.0,730.0999755859375,734.2999877929688,713.40234375,340972,0.0,0.0
2018-03-22,735.0,742.0,724.7999877929688,736.0499877929688,715.1026000976562,348303,0.0,0.0
2018-03-23,720.0499877929688,744.0499877929688,718.0,734.4000244140625,713.49951171875,266260,0.0,0.0
2018-03-26,734.5,742.8499755859375,734.5,740.0,718.940185546875,316448,0.0,0.0
2018-03-27,743.0,751.6500244140625,732.8499755859375,742.7999877929688,721.660400390625,564421,0.0,0.0
2018-03-28,740.0499877929688,744.0,718.1500244140625,723.75,703.152587890625,897303,0.0,0.0
2018-04-02,726.0,745.0,726.0,741.2000122070312,720.1060180664062,154627,0.0,0.0
2018-04-03,743.75,756.4000244140625,738.5,752.4000244140625,730.9873657226562,187223,0.0,0.0
2018-04-04,753.0,768.0,753.0,760.2000122070312,738.5652465820312,242617,0.0,0.0
2018-04-05,762.0499877929688,811.0,762.0499877929688,794.7999877929688,772.1804809570312,787540,0.0,0.0
2018-04-06,795.9000244140625,797.0,780.5499877929688,786.25,763.8739624023438,481857,0.0,0.0
2018-04-09,789.25,793.0,777.75,788.6500244140625,766.2056884765625,107124,0.0,0.0
2018-04-10,786.0,822.2000122070312,786.0,813.1500244140625,790.0084228515625,617689,0.0,0.0
2018-04-11,812.0,815.6500244140625,791.2999877929688,809.6500244140625,786.6080322265625,300505,0.0,0.0
2018-04-12,805.0,828.9000244140625,803.2000122070312,826.5999755859375,803.0755615234375,394750,0.0,0.0
2018-04-13,827.6500244140625,839.0,824.2000122070312,831.4000244140625,807.739013671875,277001,0.0,0.0
2018-04-16,827.1500244140625,840.2000122070312,818.5499877929688,835.5499877929688,811.7708740234375,445621,0.0,0.0
2018-04-17,840.0,849.4000244140625,825.2000122070312,829.9000244140625,806.2816162109375,751695,0.0,0.0
2018-04-18,832.5999755859375,835.5,825.0,827.2000122070312,803.658447265625,162233,0.0,0.0
2018-04-19,825.0,839.2000122070312,825.0,831.6500244140625,807.98193359375,138232,0.0,0.0
2018-04-20,830.0,848.5499877929688,820.2999877929688,844.75,820.7090454101562,270794,0.0,0.0
2018-04-23,855.0,879.0999755859375,847.7000122070312,855.7999877929688,831.4446411132812,698457,0.0,0.0
2018-04-24,863.0,869.9000244140625,851.0499877929688,860.9500122070312,836.4480590820312,247608,0.0,0.0
2018-04-25,856.0,861.7999877929688,828.25,832.3499755859375,808.661865234375,108994,0.0,0.0
2018-04-26,835.0,835.0,805.4000244140625,810.1500244140625,787.0938110351562,367539,0.0,0.0
2018-04-27,810.5,827.0499877929688,806.1500244140625,814.5,791.3198852539062,206332,0.0,0.0
2018-04-30,815.5499877929688,833.9500122070312,814.5999755859375,823.7000122070312,800.2581176757812,195387,0.0,0.0
2018-05-02,830.0,835.9500122070312,808.0,823.5999755859375,800.1609497070312,247755,0.0,0.0
2018-05-03,820.0,829.9000244140625,804.8499755859375,813.5499877929688,790.39697265625,177757,0.0,0.0
2018-05-04,805.0,834.9000244140625,805.0,814.7000122070312,791.5143432617188,251382,0.0,0.0
2018-05-07,810.0,833.9500122070312,810.0,824.5499877929688,801.0838012695312,131210,0.0,0.0
2018-05-08,824.5499877929688,847.0,824.5499877929688,834.4500122070312,810.7022094726562,169283,0.0,0.0
2018-05-09,826.2000122070312,834.6500244140625,820.25,823.75,800.306640625,50040,0.0,0.0
2018-05-10,823.7999877929688,826.2999877929688,811.5999755859375,815.5499877929688,792.3400268554688,77433,0.0,0.0
2018-05-11,811.0,846.4500122070312,811.0,840.2000122070312,816.2884521484375,418249,0.0,0.0
2018-05-14,831.5,839.5,818.4500122070312,829.4500122070312,805.8444213867188,121439,0.0,0.0
2018-05-15,828.4500122070312,851.7999877929688,824.75,840.5999755859375,816.6770629882812,185761,0.0,0.0
2018-05-16,840.0499877929688,840.0499877929688,825.0999755859375,832.0999755859375,808.4190063476562,82672,0.0,0.0
2018-05-17,830.0,842.7000122070312,820.3499755859375,837.8499755859375,814.0054321289062,186338,0.0,0.0
2018-05-18,836.5,850.0,833.75,842.5999755859375,818.6201782226562,308369,0.0,0.0
2018-05-21,845.9500122070312,851.5999755859375,800.0,814.1500244140625,790.9799194335938,270449,0.0,0.0
2018-05-22,819.4000244140625,829.2000122070312,790.0,791.75,769.2174072265625,349580,0.0,0.0
2018-05-23,782.0,805.7999877929688,756.4000244140625,798.2999877929688,775.5808715820312,773011,0.0,0.0
2018-05-24,794.0,806.7999877929688,780.0,791.6500244140625,769.120361328125,292141,0.0,0.0
2018-05-25,784.0499877929688,796.0,780.0999755859375,785.3499755859375,762.99951171875,274022,0.0,0.0
2018-05-28,776.0999755859375,797.5999755859375,773.0,792.0499877929688,769.5089111328125,525616,0.0,0.0
2018-05-29,790.0,797.7999877929688,775.0,789.6500244140625,767.1771240234375,445027,0.0,0.0
2018-05-30,779.2999877929688,786.4000244140625,778.25,780.2000122070312,757.9961547851562,264523,0.0,0.0
2018-05-31,786.0,786.0,766.0,773.5499877929688,751.5353393554688,429334,0.0,0.0
2018-06-01,780.0,783.5,756.25,766.4000244140625,744.5888061523438,373017,0.0,0.0
2018-06-04,758.0,767.0,753.5,761.2000122070312,739.536865234375,367697,0.0,0.0
2018-06-05,762.0,768.2000122070312,735.0,746.2000122070312,724.9636840820312,461952,0.0,0.0
2018-06-06,736.0499877929688,758.5,733.0499877929688,748.4000244140625,727.1011352539062,305031,0.0,0.0
2018-06-07,742.0,772.5,742.0,752.7000122070312,731.2787475585938,204927,0.0,0.0
2018-06-08,753.0,755.7000122070312,739.2000122070312,748.1500244140625,726.858154296875,142021,0.0,0.0
2018-06-11,744.2000122070312,759.7000122070312,740.2000122070312,747.3499755859375,726.0809326171875,270285,0.0,0.0
2018-06-12,746.0,750.7999877929688,742.0,748.9500122070312,727.6353759765625,126036,0.0,0.0
2018-06-13,751.7000122070312,754.8499755859375,734.2000122070312,738.0499877929688,717.045654296875,292459,0.0,0.0
2018-06-14,734.25,736.9000244140625,720.5999755859375,729.4000244140625,708.6417846679688,180648,0.0,0.0
2018-06-15,729.0999755859375,740.0,723.5999755859375,730.9000244140625,710.09912109375,195870,0.0,0.0
2018-06-18,737.0,738.5,716.2999877929688,719.7999877929688,699.3150634765625,399782,0.0,0.0
2018-06-19,716.0999755859375,716.75,701.25,707.3499755859375,687.2192993164062,322082,0.0,0.0
2018-06-20,707.3499755859375,713.25,684.5,696.7999877929688,676.9696655273438,466207,0.0,0.0
2018-06-21,696.8499755859375,701.0,685.0,689.0499877929688,669.4401245117188,130508,0.0,0.0
2018-06-22,693.0,702.7000122070312,676.9000244140625,699.2999877929688,679.3983764648438,348750,0.0,0.0
2018-06-25,698.7999877929688,710.0,698.7999877929688,700.2999877929688,680.3700561523438,159698,0.0,0.0
2018-06-26,700.7999877929688,719.7999877929688,692.0,704.4500122070312,684.4017944335938,213068,0.0,0.0
2018-06-27,710.0,713.0,700.0,704.2999877929688,684.256103515625,167791,0.0,0.0
2018-06-28,704.0,711.9000244140625,683.5499877929688,687.2999877929688,667.739990234375,547768,0.0,0.0
2018-06-29,687.5,704.0499877929688,686.0499877929688,702.4000244140625,682.4102172851562,309077,0.0,0.0
2018-07-02,700.0,708.0,694.2999877929688,701.4500122070312,681.4873046875,209162,0.0,0.0
2018-07-03,696.0,707.5999755859375,696.0,704.0,683.9647216796875,69822,0.0,0.0
2018-07-04,700.0,703.8499755859375,688.5,701.9000244140625,681.9244384765625,79619,0.0,0.0
2018-07-05,706.9500122070312,706.9500122070312,692.3499755859375,697.8499755859375,677.98974609375,649931,0.0,0.0
2018-07-06,693.0,711.9000244140625,693.0,699.9000244140625,679.9813842773438,103986,0.0,0.0
2018-07-09,704.9000244140625,715.0,692.6500244140625,699.0,679.10693359375,607152,0.0,0.0
2018-07-10,703.9500122070312,709.5999755859375,694.25,696.3499755859375,676.5322875976562,188739,0.0,0.0
2018-07-11,698.0,698.0,657.8499755859375,661.0999755859375,642.2855224609375,1171319,0.0,0.0
2018-07-12,662.5,674.0,662.5,669.4000244140625,650.3494873046875,588910,0.0,0.0
2018-07-13,669.4000244140625,670.4500122070312,655.0,657.6500244140625,638.9337158203125,832602,0.0,0.0
2018-07-16,657.6500244140625,660.0,629.0999755859375,638.2000122070312,620.0372314453125,414028,0.0,0.0
2018-07-17,632.0,664.2999877929688,632.0,662.1500244140625,643.3056640625,198598,0.0,0.0
2018-07-18,658.0,673.0499877929688,631.0999755859375,643.8499755859375,625.5264282226562,532709,0.0,0.0
2018-07-19,643.0,648.7000122070312,623.0499877929688,629.3499755859375,611.4391479492188,311777,0.0,0.0
2018-07-20,628.0,646.4000244140625,620.0999755859375,630.9000244140625,612.9451904296875,207520,0.0,0.0
2018-07-23,633.0,662.0,627.0499877929688,658.1500244140625,639.4194946289062,172966,0.0,0.0
2018-07-24,665.0,708.75,660.0,688.8499755859375,669.245849609375,1001600,0.0,0.0
2018-07-25,692.2999877929688,700.3499755859375,685.8499755859375,694.2999877929688,674.5405883789062,240404,0.0,0.0
2018-07-26,699.4500122070312,724.5,665.7999877929688,721.0,703.5206909179688,478605,3.0,0.0
2018-07-27,724.9000244140625,735.0,705.7999877929688,722.2999877929688,704.7891845703125,476792,0.0,0.0
2018-07-30,719.9000244140625,725.5499877929688,705.0,716.0499877929688,698.690673828125,227478,0.0,0.0
2018-07-31,725.0,725.0,699.9500122070312,718.0,700.5934448242188,188854,0.0,0.0
2018-08-01,715.0,728.0,708.0,712.9000244140625,695.6171264648438,166351,0.0,0.0
2018-08-02,714.6500244140625,747.4500122070312,684.0,692.9500122070312,676.1506958007812,1201842,0.0,0.0
2018-08-03,692.0,698.0999755859375,673.0,679.4000244140625,662.9293212890625,474746,0.0,0.0
2018-08-06,680.0,685.5,666.7999877929688,673.5499877929688,657.2210083007812,391186,0.0,0.0
2018-08-07,675.7999877929688,684.5,660.2999877929688,664.7000122070312,648.5856323242188,255106,0.0,0.0
2018-08-08,664.7999877929688,669.2000122070312,657.0,662.4000244140625,646.3414306640625,332516,0.0,0.0
2018-08-09,669.0,669.0,651.6500244140625,660.4000244140625,644.389892578125,104146,0.0,0.0
2018-08-10,660.0,672.4500122070312,657.0499877929688,661.75,645.7072143554688,101199,0.0,0.0
2018-08-13,664.0,664.0,643.2999877929688,650.2000122070312,634.4371948242188,150140,0.0,0.0
2018-08-14,650.0,674.5,650.0,667.9000244140625,651.7081298828125,405232,0.0,0.0
2018-08-16,671.0,671.0,656.0999755859375,659.75,643.755615234375,135762,0.0,0.0
2018-08-17,661.25,684.5499877929688,651.0,681.75,665.2222900390625,411902,0.0,0.0
2018-08-20,682.0,694.7999877929688,674.0,680.8499755859375,664.3440551757812,444859,0.0,0.0
2018-08-21,680.5,684.75,675.0,680.0999755859375,663.6122436523438,438415,0.0,0.0
2018-08-23,682.0,693.4000244140625,671.7000122070312,683.7000122070312,667.125,275658,0.0,0.0
2018-08-24,676.5499877929688,687.0,666.6500244140625,680.7000122070312,664.1976928710938,297243,0.0,0.0
2018-08-27,684.7999877929688,687.9000244140625,675.0,676.0999755859375,659.709228515625,90817,0.0,0.0
2018-08-28,676.0,701.9500122070312,675.1500244140625,679.5999755859375,663.124267578125,470537,0.0,0.0
2018-08-29,676.0,698.8499755859375,676.0,690.4000244140625,673.6625366210938,326561,0.0,0.0
2018-08-30,696.0,698.5,686.75,692.7999877929688,676.00439453125,407283,0.0,0.0
2018-08-31,697.7999877929688,701.7999877929688,680.0999755859375,689.3499755859375,672.637939453125,260741,0.0,0.0
2018-09-03,691.75,691.7999877929688,675.5,679.5499877929688,663.0756225585938,131963,0.0,0.0
2018-09-04,679.0,679.0,659.0999755859375,665.25,649.122314453125,251755,0.0,0.0
2018-09-05,661.9000244140625,661.9000244140625,640.0,648.5999755859375,632.8759155273438,599930,0.0,0.0
2018-09-06,646.0499877929688,671.2999877929688,646.0499877929688,663.5999755859375,647.5123291015625,554318,0.0,0.0
2018-09-07,666.0,674.5999755859375,657.5,664.1500244140625,648.0490112304688,368492,0.0,0.0
2018-09-10,660.0,662.4500122070312,645.5,649.2999877929688,633.558837890625,220894,0.0,0.0
2018-09-11,656.0,656.0,635.0,641.4500122070312,625.8992919921875,160638,0.0,0.0
2018-09-12,636.0,645.9500122070312,628.7999877929688,641.7999877929688,626.2408447265625,186047,0.0,0.0
2018-09-14,641.9000244140625,654.7000122070312,641.9000244140625,651.3499755859375,635.5592651367188,211598,0.0,0.0
2018-09-17,645.0499877929688,649.5,639.0,644.0499877929688,628.4362182617188,157807,0.0,0.0
2018-09-18,645.0,646.5,631.25,642.0499877929688,626.4848022460938,183056,0.0,0.0
2018-09-19,642.1500244140625,651.4500122070312,637.5,640.7000122070312,625.1674194335938,211807,0.0,0.0
2018-09-21,642.0,651.0,626.0,644.6500244140625,629.0216674804688,267504,0.0,0.0
2018-09-24,651.0,661.7000122070312,621.2000122070312,635.5499877929688,620.1422729492188,287194,0.0,0.0
2018-09-25,633.0,657.2999877929688,627.2999877929688,649.5,633.754150390625,192162,0.0,0.0
2018-09-26,655.9500122070312,662.0,639.5999755859375,654.3499755859375,638.4865112304688,201591,0.0,0.0
2018-09-27,660.2000122070312,666.4500122070312,640.0999755859375,650.5,634.7299194335938,354023,0.0,0.0
2018-09-28,653.0,659.0,632.0499877929688,643.1500244140625,627.5581665039062,364797,0.0,0.0
2018-10-01,645.0,659.9000244140625,618.4500122070312,652.7999877929688,636.9741821289062,200362,0.0,0.0
2018-10-03,650.0,651.75,630.0,637.3499755859375,621.8986206054688,249575,0.0,0.0
2018-10-04,630.0,647.0,616.0999755859375,638.0499877929688,622.5816040039062,342796,0.0,0.0
2018-10-05,640.0,640.0,620.0,625.25,610.092041015625,277391,0.0,0.0
2018-10-08,615.0,625.3499755859375,610.0,617.7999877929688,602.8226318359375,173588,0.0,0.0
2018-10-09,612.0499877929688,618.0,590.7999877929688,602.5499877929688,587.9423828125,251038,0.0,0.0
2018-10-10,597.0499877929688,606.8499755859375,589.0,601.9500122070312,587.3568725585938,256333,0.0,0.0
2018-10-11,588.0,591.6500244140625,572.4000244140625,579.5499877929688,565.4999389648438,403983,0.0,0.0
2018-10-12,585.0,592.2000122070312,580.4000244140625,585.25,571.061767578125,182671,0.0,0.0
2018-10-15,585.25,589.9000244140625,575.0999755859375,585.0499877929688,570.8665771484375,203048,0.0,0.0
2018-10-16,585.25,599.0,583.5,588.6500244140625,574.3792114257812,171572,0.0,0.0
2018-10-17,596.0,596.0,575.0499877929688,577.5499877929688,563.54833984375,100594,0.0,0.0
2018-10-19,580.0,582.4500122070312,562.9000244140625,577.2999877929688,563.3043823242188,231576,0.0,0.0
2018-10-22,579.0499877929688,582.0,562.5999755859375,572.0,558.1329345703125,170138,0.0,0.0
2018-10-23,565.0,569.9500122070312,546.9000244140625,561.3499755859375,547.7410888671875,465525,0.0,0.0
2018-10-24,568.5,575.2999877929688,551.0,570.8499755859375,557.0108032226562,150408,0.0,0.0
2018-10-25,565.0,577.75,548.0,571.0999755859375,557.2547607421875,352230,0.0,0.0
2018-10-26,561.4000244140625,578.2000122070312,556.0,561.2999877929688,547.6923828125,275502,0.0,0.0
2018-10-29,564.7999877929688,578.0,562.0999755859375,564.9500122070312,551.25390625,207804,0.0,0.0
2018-10-30,565.0499877929688,609.7999877929688,560.1500244140625,602.0,587.4057006835938,1522098,0.0,0.0
2018-10-31,600.0,608.4000244140625,584.4500122070312,599.6500244140625,585.1127319335938,295270,0.0,0.0
2018-11-01,599.6500244140625,609.0,592.7000122070312,599.5999755859375,585.0637817382812,186731,0.0,0.0
2018-11-02,608.0,620.0,594.0,603.3499755859375,588.7229614257812,278645,0.0,0.0
2018-11-05,606.0,637.9500122070312,602.0999755859375,634.75,619.3616943359375,252910,0.0,0.0
2018-11-06,637.0,637.5999755859375,620.0,627.5499877929688,612.336181640625,110222,0.0,0.0
2018-11-07,624.2999877929688,630.4500122070312,615.2000122070312,627.5499877929688,612.336181640625,17631,0.0,0.0
2018-11-09,625.0,630.2000122070312,619.9500122070312,623.6500244140625,608.53076171875,88129,0.0,0.0
2018-11-12,625.0,628.5,605.2000122070312,606.3499755859375,591.6502075195312,122402,0.0,0.0
2018-11-13,597.0,609.0,592.3499755859375,605.1500244140625,590.4793701171875,240507,0.0,0.0
2018-11-14,614.25,617.5,610.0,611.2999877929688,596.4801635742188,306506,0.0,0.0
2018-11-15,611.2999877929688,634.4500122070312,602.5,628.7000122070312,613.4584350585938,191114,0.0,0.0
2018-11-16,628.0,648.5999755859375,616.0499877929688,619.3499755859375,604.3348999023438,564772,0.0,0.0
2018-11-19,626.2000122070312,630.6500244140625,620.0,624.75,609.6041259765625,215548,0.0,0.0
2018-11-20,622.2000122070312,635.0,622.0,627.0,611.7996215820312,233080,0.0,0.0
2018-11-21,631.9500122070312,632.7000122070312,614.5499877929688,627.8499755859375,612.6290283203125,237172,0.0,0.0
2018-11-22,631.0,634.0999755859375,618.0999755859375,619.9500122070312,604.9207153320312,106503,0.0,0.0
2018-11-26,620.0,626.5,597.5,600.1500244140625,585.6005249023438,449756,0.0,0.0
2018-11-27,594.5,605.0,594.0,599.9000244140625,585.3565673828125,183262,0.0,0.0
2018-11-28,604.0,608.0,595.1500244140625,599.7999877929688,585.259033203125,191677,0.0,0.0
2018-11-29,600.0499877929688,608.4500122070312,595.4500122070312,601.7000122070312,587.1129760742188,242376,0.0,0.0
2018-11-30,602.0,619.4500122070312,600.9500122070312,603.2000122070312,588.5765380859375,344857,0.0,0.0
2018-12-03,606.0499877929688,613.9500122070312,599.1500244140625,609.9500122070312,595.1629028320312,209536,0.0,0.0
2018-12-04,613.7000122070312,616.7999877929688,592.0,596.0499877929688,581.599853515625,257149,0.0,0.0
2018-12-05,594.0499877929688,599.4000244140625,578.0,597.5,583.0146484375,213833,0.0,0.0
2018-12-06,594.7000122070312,602.0,582.7000122070312,587.0999755859375,572.8668823242188,666396,0.0,0.0
2018-12-07,587.0999755859375,596.0,586.0999755859375,594.5499877929688,580.1362915039062,91454,0.0,0.0
2018-12-10,577.2000122070312,594.5,577.2000122070312,582.2000122070312,568.085693359375,160836,0.0,0.0
2018-12-11,582.0,604.9000244140625,572.9500122070312,600.6500244140625,586.0884399414062,110367,0.0,0.0
2018-12-12,597.5,623.0,596.0499877929688,616.4500122070312,601.50537109375,164823,0.0,0.0
2018-12-13,624.0,629.2999877929688,610.8499755859375,624.5999755859375,609.4578247070312,125826,0.0,0.0
2018-12-14,636.0,640.0,621.0999755859375,628.9000244140625,613.6536254882812,276662,0.0,0.0
2018-12-17,637.0,648.9000244140625,624.4000244140625,646.4000244140625,630.7293090820312,133923,0.0,0.0
2018-12-18,640.1500244140625,648.0,634.2999877929688,642.6500244140625,627.0702514648438,178256,0.0,0.0
2018-12-19,644.1500244140625,669.9500122070312,643.9500122070312,660.5499877929688,644.5362548828125,299196,0.0,0.0
2018-12-20,663.0,671.7000122070312,653.0499877929688,656.1500244140625,640.2428588867188,175194,0.0,0.0
2018-12-21,656.2000122070312,661.4500122070312,625.0,629.1500244140625,613.8975219726562,226728,0.0,0.0
2018-12-24,623.5999755859375,635.4500122070312,615.1500244140625,622.0499877929688,606.9695434570312,135290,0.0,0.0
2018-12-26,622.0,626.0,608.2999877929688,620.5,605.4571533203125,172105,0.0,0.0
2018-12-27,630.0,645.0,617.7000122070312,640.3499755859375,624.8258666992188,341581,0.0,0.0
2018-12-28,640.0,645.8499755859375,620.0,637.9000244140625,622.4353637695312,693860,0.0,0.0
2018-12-31,643.9000244140625,649.0,632.7000122070312,639.9000244140625,624.3869018554688,304260,0.0,0.0
2019-01-01,643.7000122070312,646.5,636.0,641.25,625.7041015625,55468,0.0,0.0
2019-01-02,639.1500244140625,642.2999877929688,633.0,638.0999755859375,622.6304931640625,98006,0.0,0.0
2019-01-03,638.0999755859375,641.5,626.25,628.1500244140625,612.9216918945312,255679,0.0,0.0
2019-01-04,634.0,634.0,621.4500122070312,627.0999755859375,611.8970947265625,208730,0.0,0.0
2019-01-07,630.0499877929688,632.7999877929688,625.6500244140625,628.5999755859375,613.3607177734375,117473,0.0,0.0
2019-01-08,632.0,638.6500244140625,608.0,631.7999877929688,616.4832763671875,568638,0.0,0.0
2019-01-09,631.9000244140625,634.0,615.5499877929688,625.7000122070312,610.5311279296875,481641,0.0,0.0
2019-01-10,620.2999877929688,632.4500122070312,618.1500244140625,630.0499877929688,614.7756958007812,207259,0.0,0.0
2019-01-11,628.0,634.7999877929688,622.25,628.3499755859375,613.1168212890625,178282,0.0,0.0
2019-01-14,632.0,634.0,612.6500244140625,626.0999755859375,610.9213256835938,376033,0.0,0.0
2019-01-15,628.7000122070312,634.0,622.25,630.0499877929688,614.7756958007812,184356,0.0,0.0
2019-01-16,631.0999755859375,639.75,629.25,633.9000244140625,618.5322875976562,350313,0.0,0.0
2019-01-17,638.9500122070312,640.0,624.0999755859375,627.0999755859375,611.8970947265625,955867,0.0,0.0
2019-01-18,631.9000244140625,631.9000244140625,620.0,622.8499755859375,607.7501831054688,114646,0.0,0.0
2019-01-21,624.0,624.0,605.2000122070312,609.75,594.9677734375,334427,0.0,0.0
2019-01-22,610.5,610.5,597.0999755859375,602.0999755859375,587.503173828125,193843,0.0,0.0
2019-01-23,595.0,606.3499755859375,590.2000122070312,600.9500122070312,586.3811645507812,547065,0.0,0.0
2019-01-24,601.0,609.7999877929688,592.75,599.7000122070312,585.1613159179688,302930,0.0,0.0
2019-01-25,599.7000122070312,600.0,573.2000122070312,579.25,565.2071533203125,407804,0.0,0.0
2019-01-28,582.0,582.4000244140625,561.1500244140625,569.9500122070312,556.1326293945312,348896,0.0,0.0
2019-01-29,563.0,592.75,555.75,573.5999755859375,559.6941528320312,1109326,0.0,0.0
2019-01-30,573.7000122070312,599.0,564.25,592.5499877929688,578.1847534179688,525738,0.0,0.0
2019-01-31,592.7999877929688,604.7999877929688,583.3499755859375,600.7000122070312,586.13720703125,272963,0.0,0.0
2019-02-01,601.0,609.9000244140625,590.5499877929688,602.2999877929688,587.6983642578125,192840,0.0,0.0
2019-02-04,601.4000244140625,604.7000122070312,586.0,597.5999755859375,583.1123046875,142380,0.0,0.0
2019-02-05,593.5,600.25,584.0499877929688,596.5499877929688,582.0878295898438,198322,0.0,0.0
2019-02-06,601.0,612.2000122070312,589.0,605.2999877929688,590.6256103515625,230271,0.0,0.0
2019-02-07,600.1500244140625,635.1500244140625,600.1500244140625,616.8499755859375,601.8956909179688,492919,0.0,0.0
2019-02-08,611.0999755859375,624.0,607.0,611.25,596.4314575195312,253202,0.0,0.0
2019-02-11,611.2999877929688,613.0,592.0,600.5,585.9420166015625,266526,0.0,0.0
2019-02-12,593.0,609.0,593.0,605.25,590.576904296875,117564,0.0,0.0
2019-02-14,610.0,613.0,596.5499877929688,609.0,594.2360229492188,471752,0.0,0.0
2019-02-15,609.0,613.3499755859375,596.25,610.4000244140625,595.6019897460938,348872,0.0,0.0
2019-02-18,608.7999877929688,612.7000122070312,593.8499755859375,599.4000244140625,584.8687744140625,121278,0.0,0.0
2019-02-19,600.0,609.5999755859375,599.2000122070312,606.3499755859375,591.6502075195312,130199,0.0,0.0
2019-02-20,606.3499755859375,626.0999755859375,602.7999877929688,622.75,607.652587890625,257911,0.0,0.0
2019-02-21,618.0,649.9000244140625,618.0,642.3499755859375,626.7774658203125,343596,0.0,0.0
2019-02-22,636.25,649.5,633.0,637.3499755859375,621.8986206054688,144883,0.0,0.0
2019-02-25,643.7999877929688,653.0499877929688,624.9500122070312,645.3499755859375,629.7047119140625,398858,0.0,0.0
2019-02-26,640.0,652.8499755859375,628.0,647.2999877929688,631.607421875,314076,0.0,0.0
2019-02-27,667.7000122070312,695.0,656.25,675.7000122070312,659.3189086914062,1991442,0.0,0.0
2019-02-28,680.0,685.0,662.5999755859375,670.9000244140625,654.6353759765625,533012,0.0,0.0
2019-03-01,672.0,691.0999755859375,665.4000244140625,687.7999877929688,671.1256103515625,701843,0.0,0.0
2019-03-05,695.4000244140625,720.0,690.0,718.0499877929688,700.6421508789062,934468,0.0,0.0
2019-03-06,717.0,728.0,714.25,723.8499755859375,706.3016967773438,599455,0.0,0.0
2019-03-07,720.0,729.9000244140625,707.4000244140625,721.2999877929688,703.8133544921875,436638,0.0,0.0
2019-03-08,720.0,727.3499755859375,704.0,724.1500244140625,706.5943603515625,355767,0.0,0.0
2019-03-11,729.0,739.0,716.9000244140625,735.0499877929688,717.2301025390625,700954,0.0,0.0
2019-03-12,740.0,749.4000244140625,733.0,737.9000244140625,720.0110473632812,598673,0.0,0.0
2019-03-13,726.0,737.5,720.0,726.1500244140625,708.5458374023438,316127,0.0,0.0
2019-03-14,729.0,729.7999877929688,710.5499877929688,717.7000122070312,700.3007202148438,282322,0.0,0.0
2019-03-15,708.0,719.4000244140625,700.5499877929688,703.6500244140625,686.5914306640625,356646,0.0,0.0
2019-03-18,705.7999877929688,716.9500122070312,703.6500244140625,709.5499877929688,692.3483276367188,208137,0.0,0.0
2019-03-19,710.7000122070312,720.5999755859375,709.0499877929688,718.2000122070312,700.7886352539062,493660,0.0,0.0
2019-03-20,718.5499877929688,725.5499877929688,704.2999877929688,707.5999755859375,690.4456176757812,156636,0.0,0.0
2019-03-22,705.75,715.0499877929688,704.0999755859375,708.7000122070312,691.5189208984375,320621,0.0,0.0
2019-03-25,705.0,710.2000122070312,697.0999755859375,708.7999877929688,691.6165161132812,248829,0.0,0.0
2019-03-26,709.8499755859375,712.7999877929688,701.5,710.5999755859375,693.3728637695312,206465,0.0,0.0
2019-03-27,708.0,722.3499755859375,705.0,711.1500244140625,693.9095458984375,731431,0.0,0.0
2019-03-28,712.0,715.0,703.5999755859375,708.4500122070312,691.2749633789062,439716,0.0,0.0
2019-04-01,745.2999877929688,769.9000244140625,740.0499877929688,744.5,726.4510498046875,607809,0.0,0.0
2019-04-02,745.9000244140625,749.1500244140625,737.0999755859375,741.2999877929688,723.32861328125,323088,0.0,0.0
2019-04-03,740.0,750.2000122070312,737.0,743.3499755859375,725.328857421875,220253,0.0,0.0
2019-04-04,747.0,758.6500244140625,738.5,751.7000122070312,733.4764404296875,361351,0.0,0.0
2019-04-05,752.0,764.9000244140625,751.7000122070312,759.4500122070312,741.03857421875,389606,0.0,0.0
2019-04-08,766.1500244140625,769.0,755.6500244140625,760.0999755859375,741.6728515625,312917,0.0,0.0
2019-04-09,763.8499755859375,763.8499755859375,743.5499877929688,751.7000122070312,733.4764404296875,299874,0.0,0.0
2019-04-10,744.0,761.7000122070312,744.0,756.7000122070312,738.355224609375,147126,0.0,0.0
2019-04-11,756.75,761.0,746.2999877929688,753.5499877929688,735.2816162109375,144796,0.0,0.0
2019-04-12,756.9000244140625,775.2999877929688,748.7999877929688,770.7000122070312,752.015869140625,313843,0.0,0.0
2019-04-15,775.5,783.75,757.0999755859375,764.2999877929688,745.77099609375,346875,0.0,0.0
2019-04-16,763.0,787.0,762.7999877929688,785.0499877929688,766.0179443359375,309462,0.0,0.0
2019-04-18,788.7000122070312,793.7000122070312,772.25,777.9500122070312,759.0901489257812,681797,0.0,0.0
2019-04-22,776.7999877929688,776.7999877929688,756.0,761.2999877929688,742.84375,228060,0.0,0.0
2019-04-23,763.9000244140625,769.0,752.0,760.5499877929688,742.1118774414062,95926,0.0,0.0
2019-04-24,758.0,778.7999877929688,744.5999755859375,772.0,753.2843627929688,462974,0.0,0.0
2019-04-25,772.0,807.7999877929688,768.3499755859375,793.2000122070312,773.970458984375,701874,0.0,0.0
2019-04-26,798.1500244140625,801.5,767.0499877929688,783.8499755859375,764.8469848632812,275696,0.0,0.0
2019-04-30,784.0,788.0499877929688,768.3499755859375,774.4000244140625,755.6260986328125,279222,0.0,0.0
2019-05-02,772.0,784.4500122070312,767.9000244140625,777.5499877929688,758.6997680664062,290948,0.0,0.0
2019-05-03,773.0,787.7000122070312,773.0,781.1500244140625,762.2125854492188,174686,0.0,0.0
2019-05-06,774.9000244140625,781.9500122070312,768.9500122070312,770.9000244140625,752.2109985351562,103544,0.0,0.0
2019-05-07,773.25,778.5999755859375,750.2000122070312,752.5,734.2570190429688,337066,0.0,0.0
2019-05-08,751.0499877929688,764.7999877929688,738.0,749.6500244140625,731.4761962890625,251148,0.0,0.0
2019-05-09,748.0,757.0,740.25,748.5,730.3540649414062,205819,0.0,0.0
2019-05-10,748.0,751.0499877929688,741.4500122070312,744.3499755859375,726.3045654296875,76117,0.0,0.0
2019-05-13,738.4000244140625,743.4500122070312,723.4000244140625,730.9000244140625,713.1807861328125,372348,0.0,0.0
2019-05-14,732.0,740.4500122070312,720.5,736.6500244140625,718.7913208007812,111329,0.0,0.0
2019-05-15,736.5,748.5,724.7000122070312,730.3499755859375,712.6441040039062,72729,0.0,0.0
2019-05-16,728.0,742.1500244140625,718.0,733.6500244140625,715.8641357421875,128524,0.0,0.0
2019-05-17,731.4000244140625,749.0,722.7999877929688,746.1500244140625,728.0610961914062,302395,0.0,0.0
2019-05-20,780.0,791.8499755859375,761.0999755859375,783.4000244140625,764.4080200195312,255493,0.0,0.0
2019-05-21,787.0,794.25,762.0,768.4500122070312,749.8203735351562,357772,0.0,0.0
2019-05-22,771.0,785.0,752.2999877929688,766.8499755859375,748.2590942382812,641296,0.0,0.0
2019-05-23,780.0,820.3499755859375,770.0999755859375,790.7000122070312,771.531005859375,601338,0.0,0.0
2019-05-24,799.0,820.0,792.4500122070312,814.4000244140625,794.656494140625,351612,0.0,0.0
2019-05-27,817.0,845.0,812.0499877929688,837.75,817.4404296875,394031,0.0,0.0
2019-05-28,839.7999877929688,839.7999877929688,816.0999755859375,820.2999877929688,800.4133911132812,535720,0.0,0.0
2019-05-29,805.0,828.8499755859375,805.0,820.9000244140625,800.9989013671875,263148,0.0,0.0
2019-05-30,820.0,835.0,820.0,826.75,806.70703125,358639,0.0,0.0
2019-05-31,827.7000122070312,831.2999877929688,801.7999877929688,816.0999755859375,796.3151245117188,274134,0.0,0.0
2019-06-03,816.4000244140625,826.2999877929688,808.2999877929688,824.0499877929688,804.072509765625,141428,0.0,0.0
2019-06-04,822.2999877929688,826.5,800.0499877929688,808.0499877929688,788.4603881835938,465376,0.0,0.0
2019-06-06,807.0,811.4000244140625,790.0499877929688,792.5999755859375,773.3848876953125,208069,0.0,0.0
2019-06-07,786.7000122070312,805.9500122070312,779.2999877929688,792.7999877929688,773.5801391601562,242930,0.0,0.0
2019-06-10,795.75,805.0,783.75,801.0,781.5812377929688,244913,0.0,0.0
2019-06-11,803.0,803.0,791.4000244140625,796.7000122070312,777.385498046875,167350,0.0,0.0
2019-06-12,797.0,797.0999755859375,783.75,790.3499755859375,771.189453125,117334,0.0,0.0
2019-06-13,786.0,794.2000122070312,782.2999877929688,791.75,772.5556030273438,210581,0.0,0.0
2019-06-14,787.0,791.2999877929688,780.2999877929688,782.9500122070312,763.9688110351562,185397,0.0,0.0
2019-06-17,782.9500122070312,784.5499877929688,771.0,772.2999877929688,753.5770263671875,336814,0.0,0.0
2019-06-18,776.0,796.5,772.3499755859375,790.1500244140625,770.994384765625,445938,0.0,0.0
2019-06-19,790.2000122070312,801.3499755859375,782.0,789.8499755859375,770.7015991210938,448881,0.0,0.0
2019-06-20,795.5999755859375,803.8499755859375,782.2999877929688,800.6500244140625,781.23974609375,153616,0.0,0.0
2019-06-21,804.9500122070312,807.2000122070312,791.6500244140625,804.75,785.2402954101562,199836,0.0,0.0
2019-06-24,805.0999755859375,808.0,791.5499877929688,794.6500244140625,775.38525390625,277366,0.0,0.0
2019-06-25,790.0499877929688,804.3499755859375,790.0,800.1500244140625,780.7518920898438,221986,0.0,0.0
2019-06-26,800.0999755859375,814.0,800.0999755859375,806.5499877929688,786.9967041015625,242187,0.0,0.0
2019-06-27,807.9000244140625,811.9500122070312,793.5,797.75,778.4100952148438,464001,0.0,0.0
2019-06-28,793.75,798.9500122070312,773.1500244140625,783.9500122070312,764.944580078125,363801,0.0,0.0
2019-07-01,789.0,792.7000122070312,780.0499877929688,783.7000122070312,764.7007446289062,136695,0.0,0.0
2019-07-02,788.0,794.9000244140625,782.9500122070312,787.0499877929688,767.9694213867188,147444,0.0,0.0
2019-07-03,792.0,794.4000244140625,786.0999755859375,790.9000244140625,771.7261962890625,52663,0.0,0.0
2019-07-04,791.0,800.5499877929688,783.0999755859375,787.5499877929688,768.4572143554688,150095,0.0,0.0
2019-07-05,792.0,801.8499755859375,772.7999877929688,777.25,758.4071044921875,475758,0.0,0.0
2019-07-08,775.0,775.0499877929688,750.6500244140625,759.3499755859375,740.9409790039062,319911,0.0,0.0
2019-07-09,754.7999877929688,791.5999755859375,754.3499755859375,778.9000244140625,760.01708984375,309799,0.0,0.0
2019-07-10,773.0999755859375,791.25,773.0999755859375,787.0999755859375,768.0182495117188,286137,0.0,0.0
2019-07-11,789.0,794.0,770.9500122070312,776.25,757.4312744140625,132248,0.0,0.0
2019-07-12,782.5,783.3499755859375,770.4000244140625,772.0999755859375,753.3818969726562,211408,0.0,0.0
2019-07-15,773.0,782.0,761.0499877929688,777.0499877929688,758.2118530273438,151877,0.0,0.0
2019-07-16,774.0,778.25,767.4000244140625,774.3499755859375,755.5773315429688,107157,0.0,0.0
2019-07-17,781.7000122070312,782.75,768.9000244140625,777.4000244140625,758.5534057617188,82841,0.0,0.0
2019-07-18,775.0,783.9500122070312,768.9500122070312,770.1500244140625,751.479248046875,124212,0.0,0.0
2019-07-19,784.9500122070312,786.4000244140625,758.6500244140625,762.3499755859375,743.8682861328125,408655,0.0,0.0
2019-07-22,762.3499755859375,775.2000122070312,750.0,759.5999755859375,741.1849365234375,115898,0.0,0.0
2019-07-23,760.0,766.4500122070312,753.5499877929688,761.2000122070312,742.7461547851562,212174,0.0,0.0
2019-07-24,761.25,765.0,750.0,750.6500244140625,732.4518432617188,353276,0.0,0.0
2019-07-25,745.0,759.6500244140625,736.5999755859375,743.4500122070312,725.426513671875,209194,0.0,0.0
2019-07-26,743.0,754.0,733.5999755859375,750.7000122070312,732.5007934570312,201531,0.0,0.0
2019-07-29,751.0,755.2999877929688,741.2999877929688,750.2000122070312,732.0128173828125,527591,0.0,0.0
2019-07-30,755.4500122070312,760.7999877929688,733.75,746.8499755859375,728.7440185546875,463189,0.0,0.0
2019-07-31,740.0,746.0,727.2999877929688,736.4000244140625,721.4453125,294660,3.0,0.0
2019-08-01,740.0,740.0,699.2000122070312,717.9000244140625,703.3211669921875,440152,0.0,0.0
2019-08-02,711.0999755859375,730.9500122070312,705.5999755859375,723.5499877929688,708.8563232421875,329781,0.0,0.0
2019-08-05,723.7000122070312,723.7000122070312,705.25,711.5499877929688,697.0999755859375,184027,0.0,0.0
2019-08-06,704.25,741.5,704.25,735.6500244140625,720.7106323242188,369708,0.0,0.0
2019-08-07,740.2000122070312,750.8499755859375,732.2999877929688,737.8499755859375,722.8657836914062,629101,0.0,0.0
2019-08-08,745.0,748.9000244140625,718.0,734.3499755859375,719.4369506835938,291372,0.0,0.0
2019-08-09,739.0,766.7999877929688,735.4000244140625,754.0499877929688,738.7368774414062,512830,0.0,0.0
2019-08-13,758.0,763.7000122070312,730.0,732.7000122070312,717.8204345703125,262435,0.0,0.0
2019-08-14,740.5,743.0,720.2999877929688,738.7000122070312,723.6986694335938,324500,0.0,0.0
2019-08-16,738.0,738.0,720.25,729.6500244140625,714.8323974609375,184445,0.0,0.0
2019-08-19,733.5,739.7000122070312,729.6500244140625,733.75,718.8492431640625,173828,0.0,0.0
2019-08-20,735.0,741.9500122070312,713.8499755859375,720.0,705.3783569335938,270423,0.0,0.0
2019-08-21,720.0,723.4000244140625,705.5999755859375,710.9000244140625,696.4633178710938,306945,0.0,0.0
2019-08-22,710.9000244140625,717.0,683.5499877929688,705.0,690.6829833984375,515756,0.0,0.0
2019-08-23,702.4500122070312,725.7999877929688,698.4000244140625,721.0999755859375,706.4559936523438,193413,0.0,0.0
2019-08-26,736.9000244140625,757.0,710.5499877929688,736.1500244140625,721.2003784179688,353941,0.0,0.0
2019-08-27,739.0,766.0,738.1500244140625,760.8499755859375,745.3987426757812,321610,0.0,0.0
2019-08-28,765.0,766.4500122070312,743.0,751.75,736.483642578125,170410,0.0,0.0
2019-08-29,750.0,752.0,735.0499877929688,743.2999877929688,728.2051391601562,236253,0.0,0.0
2019-08-30,740.0,745.5999755859375,723.75,728.0999755859375,713.3138427734375,704480,0.0,0.0
2019-09-03,725.0,725.9000244140625,702.5,705.9000244140625,691.564697265625,229956,0.0,0.0
2019-09-04,705.9000244140625,712.7000122070312,692.0,704.75,690.4380493164062,145457,0.0,0.0
2019-09-05,707.2000122070312,709.9500122070312,695.25,701.9000244140625,687.6459350585938,190621,0.0,0.0
2019-09-06,699.0,711.0999755859375,699.0,705.0,690.6829833984375,353166,0.0,0.0
2019-09-09,703.5499877929688,723.0,698.0499877929688,721.25,706.60302734375,296097,0.0,0.0
2019-09-11,721.9000244140625,726.2999877929688,718.3499755859375,724.4000244140625,709.6891479492188,181442,0.0,0.0
2019-09-12,726.2999877929688,730.0,721.5,725.4500122070312,710.7176513671875,785241,0.0,0.0
2019-09-13,728.5499877929688,747.2999877929688,718.75,741.8499755859375,726.78466796875,264418,0.0,0.0
2019-09-16,737.0,747.7999877929688,730.1500244140625,737.2000122070312,722.2291259765625,176162,0.0,0.0
2019-09-17,742.5999755859375,744.9500122070312,716.0,718.4500122070312,703.85986328125,254515,0.0,0.0
2019-09-18,723.8499755859375,727.5999755859375,708.8499755859375,723.2000122070312,708.5133666992188,337274,0.0,0.0
2019-09-19,719.0499877929688,727.0,703.8499755859375,707.4500122070312,693.083251953125,385964,0.0,0.0
2019-09-20,712.5,763.75,700.0,757.0999755859375,741.7249145507812,605090,0.0,0.0
2019-09-23,763.9000244140625,788.0,744.5,775.8499755859375,760.09423828125,552909,0.0,0.0
2019-09-24,783.0,786.0,759.0999755859375,764.8499755859375,749.3175659179688,198038,0.0,0.0
2019-09-25,760.0,766.5999755859375,747.6500244140625,754.6500244140625,739.3248291015625,162749,0.0,0.0
2019-09-26,758.4500122070312,774.6500244140625,752.7999877929688,770.5499877929688,754.9017944335938,206686,0.0,0.0
2019-09-27,774.5999755859375,774.5999755859375,753.0,757.75,742.36181640625,423796,0.0,0.0
2019-09-30,761.0999755859375,761.0999755859375,744.2000122070312,751.9000244140625,736.6304931640625,278254,0.0,0.0
2019-10-01,755.4500122070312,755.4500122070312,729.9500122070312,734.75,719.828857421875,518198,0.0,0.0
2019-10-03,734.2999877929688,734.2999877929688,716.4000244140625,719.0499877929688,704.4476928710938,230978,0.0,0.0
2019-10-04,722.4500122070312,736.4500122070312,711.5,722.2999877929688,707.6316528320312,549953,0.0,0.0
2019-10-07,721.0,721.0,692.8499755859375,700.1500244140625,685.9315185546875,567055,0.0,0.0
2019-10-09,702.9000244140625,710.0,695.6500244140625,705.7999877929688,691.466796875,446568,0.0,0.0
2019-10-10,704.5,709.4000244140625,697.9000244140625,705.8499755859375,691.5156860351562,168969,0.0,0.0
2019-10-11,709.0,723.0,704.0,719.9000244140625,705.2803955078125,184670,0.0,0.0
2019-10-14,718.2000122070312,733.9000244140625,716.0,720.5999755859375,705.966064453125,181884,0.0,0.0
2019-10-15,722.0,726.0,716.0499877929688,724.5999755859375,709.8849487304688,166269,0.0,0.0
2019-10-16,727.25,732.0,720.0,730.0999755859375,715.273193359375,313243,0.0,0.0
2019-10-17,732.0,748.0,727.5,743.7999877929688,728.6951293945312,379505,0.0,0.0
2019-10-18,739.0,758.8499755859375,739.0,754.5999755859375,739.2756958007812,202729,0.0,0.0
2019-10-22,747.0999755859375,762.0,745.75,751.5999755859375,736.3366088867188,190999,0.0,0.0
2019-10-23,751.0,766.4000244140625,748.3499755859375,751.7999877929688,736.5325927734375,222370,0.0,0.0
2019-10-24,752.0,759.6500244140625,739.5,756.1500244140625,740.794189453125,118019,0.0,0.0
2019-10-25,758.0999755859375,758.0999755859375,740.5999755859375,755.3499755859375,740.010498046875,235224,0.0,0.0
2019-10-27,758.0,758.0,751.0,753.8499755859375,738.5409545898438,12580,0.0,0.0
2019-10-29,749.5,758.9000244140625,734.0,749.0,733.7894287109375,201535,0.0,0.0
2019-10-30,755.0,796.5,747.5,776.0499877929688,760.2900390625,1473994,0.0,0.0
2019-10-31,790.0,798.9000244140625,779.0999755859375,784.7999877929688,768.8624267578125,967078,0.0,0.0
2019-11-01,786.3499755859375,816.0,785.75,800.7999877929688,784.53759765625,464708,0.0,0.0
2019-11-04,800.7999877929688,824.0,800.5499877929688,803.75,787.4276123046875,619180,0.0,0.0
2019-11-05,805.0,811.5499877929688,787.0999755859375,791.0499877929688,774.985595703125,237942,0.0,0.0
2019-11-06,791.7999877929688,807.0,786.1500244140625,802.6500244140625,786.3499755859375,720969,0.0,0.0
2019-11-07,807.5999755859375,814.7999877929688,800.25,802.2000122070312,785.9090576171875,475774,0.0,0.0
2019-11-08,803.0,812.5999755859375,789.2999877929688,796.2000122070312,780.0309448242188,169654,0.0,0.0
2019-11-11,795.7000122070312,802.9500122070312,790.9500122070312,795.9000244140625,779.7369995117188,943671,0.0,0.0
2019-11-13,795.9000244140625,798.8499755859375,784.9000244140625,789.75,773.7119750976562,241237,0.0,0.0
2019-11-14,793.4500122070312,795.0,770.7999877929688,781.9000244140625,766.0214233398438,136136,0.0,0.0
2019-11-15,784.0,794.7999877929688,780.75,784.5999755859375,768.6665649414062,100788,0.0,0.0
2019-11-18,788.2999877929688,801.5499877929688,782.0499877929688,793.9000244140625,777.7776489257812,154429,0.0,0.0
2019-11-19,797.0,797.8499755859375,785.2000122070312,793.3499755859375,777.2388305664062,100260,0.0,0.0
2019-11-20,797.2999877929688,815.3499755859375,793.7999877929688,803.4500122070312,787.1337280273438,348221,0.0,0.0
2019-11-21,808.4500122070312,808.4500122070312,788.0,791.3499755859375,775.2794189453125,152771,0.0,0.0
2019-11-22,791.3499755859375,796.5499877929688,782.3499755859375,793.0499877929688,776.94482421875,148260,0.0,0.0
2019-11-25,793.0499877929688,802.2999877929688,787.6500244140625,796.0,779.8350219726562,183037,0.0,0.0
2019-11-26,795.0,802.9500122070312,776.0999755859375,781.5499877929688,765.6785278320312,371901,0.0,0.0
2019-11-27,785.4500122070312,801.0,783.0499877929688,798.1500244140625,781.9412841796875,251377,0.0,0.0
2019-11-28,803.0999755859375,809.0,791.0999755859375,804.6500244140625,788.3093872070312,289530,0.0,0.0
2019-11-29,804.6500244140625,821.5,794.5,800.7000122070312,784.4395751953125,556608,0.0,0.0
2019-12-02,800.7000122070312,806.3499755859375,791.0,795.3499755859375,779.1982421875,125173,0.0,0.0
2019-12-03,796.0,798.25,782.75,785.25,769.3033447265625,162864,0.0,0.0
2019-12-04,782.5999755859375,792.0,775.2000122070312,788.5999755859375,772.5852661132812,191588,0.0,0.0
2019-12-05,791.75,798.2000122070312,781.4000244140625,789.0,772.9771118164062,160117,0.0,0.0
2019-12-06,789.0,791.9000244140625,776.0,783.0499877929688,767.14794921875,109875,0.0,0.0
2019-12-09,781.2000122070312,798.0499877929688,778.0,780.8499755859375,764.9925537109375,196389,0.0,0.0
2019-12-10,781.2999877929688,786.9000244140625,765.0499877929688,769.3499755859375,753.7261962890625,116049,0.0,0.0
2019-12-11,770.0,776.2000122070312,767.2999877929688,772.9000244140625,757.2041015625,232370,0.0,0.0
2019-12-12,774.0,782.8499755859375,768.0499877929688,775.1500244140625,759.4083862304688,164036,0.0,0.0
2019-12-13,778.9500122070312,782.4500122070312,771.8499755859375,775.5499877929688,759.8002319335938,269378,0.0,0.0
2019-12-16,779.0499877929688,780.0,768.3499755859375,770.9000244140625,755.24462890625,127110,0.0,0.0
2019-12-17,769.0999755859375,776.9000244140625,767.0,771.5,755.83251953125,221773,0.0,0.0
2019-12-18,774.9500122070312,774.9500122070312,762.4000244140625,771.0,755.3427124023438,535236,0.0,0.0
2019-12-19,774.0,775.0,760.0,764.7000122070312,749.170654296875,85299,0.0,0.0
2019-12-20,760.0,764.6500244140625,750.0,758.7000122070312,743.29248046875,258389,0.0,0.0
2019-12-23,754.5999755859375,764.9000244140625,748.8499755859375,752.0,736.7285766601562,232156,0.0,0.0
2019-12-24,751.4500122070312,755.7999877929688,746.0999755859375,751.0,735.7488403320312,318035,0.0,0.0
2019-12-26,751.7999877929688,757.2000122070312,748.0,749.7000122070312,734.4752807617188,122170,0.0,0.0
2019-12-27,754.0,755.7000122070312,747.2000122070312,750.5,735.2589721679688,168018,0.0,0.0
2019-12-30,753.9500122070312,762.9500122070312,745.3499755859375,756.25,740.8922729492188,172883,0.0,0.0
2019-12-31,759.7000122070312,764.7999877929688,751.5499877929688,754.6500244140625,739.3248291015625,134068,0.0,0.0
2020-01-01,757.0,759.5,748.7000122070312,753.4000244140625,738.1001586914062,92492,0.0,0.0
2020-01-02,753.9000244140625,780.4500122070312,752.2999877929688,769.0999755859375,753.4812622070312,851564,0.0,0.0
2020-01-03,772.7000122070312,773.8499755859375,756.2000122070312,761.1500244140625,745.6927490234375,301227,0.0,0.0
2020-01-06,762.5,763.0499877929688,742.0,751.0499877929688,735.7978515625,489966,0.0,0.0
2020-01-07,755.0,793.0,753.0499877929688,788.7000122070312,772.6832885742188,1962483,0.0,0.0
2020-01-08,787.2999877929688,812.5,777.0,806.9000244140625,790.5137329101562,2038027,0.0,0.0
2020-01-09,810.25,818.3499755859375,792.5499877929688,803.0,786.6928100585938,943986,0.0,0.0
2020-01-10,801.0,821.4000244140625,798.8499755859375,817.7999877929688,801.1922607421875,603453,0.0,0.0
2020-01-13,820.0,845.0,820.0,828.0499877929688,811.234130859375,791477,0.0,0.0
2020-01-14,827.7000122070312,834.4000244140625,818.4000244140625,823.9500122070312,807.2174072265625,447273,0.0,0.0
2020-01-15,825.9500122070312,830.0,817.0499877929688,825.4500122070312,808.6869506835938,426304,0.0,0.0
2020-01-16,827.75,830.5499877929688,806.9000244140625,814.5999755859375,798.0573120117188,301259,0.0,0.0
2020-01-17,818.5999755859375,830.7000122070312,810.9000244140625,819.6500244140625,803.0047607421875,427717,0.0,0.0
2020-01-20,824.75,824.75,812.5,819.25,802.6129760742188,303092,0.0,0.0
2020-01-21,815.0,830.8499755859375,814.25,819.5999755859375,802.9557495117188,335449,0.0,0.0
2020-01-22,830.0,840.0,820.0999755859375,831.3499755859375,814.4671020507812,634366,0.0,0.0
2020-01-23,830.0,869.0,825.8499755859375,858.4500122070312,841.0167846679688,1320613,0.0,0.0
2020-01-24,858.3499755859375,871.7000122070312,854.0,868.4000244140625,850.7648315429688,593172,0.0,0.0
2020-01-27,859.8499755859375,884.25,855.0,858.2999877929688,840.8698120117188,416216,0.0,0.0
2020-01-28,857.25,870.6500244140625,845.8499755859375,850.75,833.4730224609375,356827,0.0,0.0
2020-01-29,855.0,859.5,801.1500244140625,810.3499755859375,793.8934936523438,2707380,0.0,0.0
2020-01-30,808.0,808.0,782.0,788.9000244140625,772.8792114257812,1206597,0.0,0.0
2020-01-31,788.9000244140625,790.6500244140625,773.2000122070312,781.3499755859375,765.4825439453125,586700,0.0,0.0
2020-02-03,768.5,796.9500122070312,748.25,790.7999877929688,774.7405395507812,759143,0.0,0.0
2020-02-04,792.5,808.9000244140625,788.0499877929688,803.6500244140625,787.3296508789062,430280,0.0,0.0
2020-02-05,804.0,816.9000244140625,791.25,795.9000244140625,779.7369995117188,321931,0.0,0.0
2020-02-06,794.0,799.5,782.5499877929688,795.2000122070312,779.0512084960938,337719,0.0,0.0
2020-02-07,796.0,804.9000244140625,789.25,793.8499755859375,777.7285766601562,162687,0.0,0.0
2020-02-10,793.8499755859375,796.0999755859375,777.7000122070312,788.6500244140625,772.6342163085938,208485,0.0,0.0
2020-02-11,788.6500244140625,798.0,776.5999755859375,780.2000122070312,764.3558959960938,259058,0.0,0.0
2020-02-12,776.2000122070312,787.9500122070312,775.0999755859375,778.9000244140625,763.0821533203125,285032,0.0,0.0
2020-02-13,778.5,792.25,778.5,790.5,774.4466552734375,562279,0.0,0.0
2020-02-14,788.0,798.7999877929688,781.0,794.2999877929688,778.1695556640625,347802,0.0,0.0
2020-02-17,796.0,797.6500244140625,781.25,789.2000122070312,773.173095703125,237157,0.0,0.0
2020-02-18,786.1500244140625,790.0999755859375,776.5,788.5499877929688,772.5362548828125,149529,0.0,0.0
2020-02-19,788.5499877929688,802.6500244140625,786.0499877929688,799.9000244140625,783.6558227539062,239518,0.0,0.0
2020-02-20,799.0,819.0,799.0,804.25,787.9175415039062,455417,0.0,0.0
2020-02-24,801.5,801.5,786.0499877929688,793.5,777.3857421875,193204,0.0,0.0
2020-02-25,794.0,805.9500122070312,789.4000244140625,791.25,775.181396484375,211147,0.0,0.0
2020-02-26,790.0,799.7000122070312,778.8499755859375,790.5999755859375,774.544677734375,217458,0.0,0.0
2020-02-27,788.0999755859375,792.0,763.7999877929688,780.5,764.6497802734375,230021,0.0,0.0
2020-02-28,775.0,783.4500122070312,752.0499877929688,770.0999755859375,754.4609375,591640,0.0,0.0
2020-03-02,770.0999755859375,784.5499877929688,750.4500122070312,757.25,741.8719482421875,320808,0.0,0.0
2020-03-03,762.0,792.2999877929688,745.2000122070312,776.2999877929688,760.5350341796875,377172,0.0,0.0
2020-03-04,776.2999877929688,779.75,746.0,750.2999877929688,735.0630493164062,671313,0.0,0.0
2020-03-05,753.0,757.0,722.2999877929688,737.0999755859375,722.1310424804688,1597824,0.0,0.0
2020-03-06,720.0,734.6500244140625,706.0,727.5499877929688,712.7750854492188,540570,0.0,0.0
2020-03-09,719.0,721.0999755859375,702.0499877929688,715.3499755859375,700.82275390625,408695,0.0,0.0
2020-03-11,715.2999877929688,715.2999877929688,692.0499877929688,697.2999877929688,685.53515625,1715281,2.5,0.0
2020-03-12,670.6500244140625,689.75,646.4500122070312,655.0999755859375,644.0471801757812,794298,0.0,0.0
2020-03-13,590.1500244140625,670.2000122070312,590.1500244140625,655.1500244140625,644.0963745117188,935057,0.0,0.0
2020-03-16,645.0,645.0,616.5499877929688,624.0,613.4718627929688,496800,0.0,0.0
2020-03-17,638.0,648.0,598.3499755859375,603.7000122070312,593.514404296875,555407,0.0,0.0
2020-03-18,618.7000122070312,618.7000122070312,574.9000244140625,581.1500244140625,571.3449096679688,524423,0.0,0.0
2020-03-19,560.0,597.3499755859375,531.2999877929688,562.1500244140625,552.6654663085938,687518,0.0,0.0
2020-03-20,562.1500244140625,597.0,549.25,593.5499877929688,583.53564453125,612969,0.0,0.0
2020-03-23,550.0,580.0,475.1000061035156,499.6499938964844,491.2199096679688,588896,0.0,0.0
2020-03-24,502.1000061035156,535.1500244140625,474.3500061035156,488.2000122070313,479.9631652832031,878920,0.0,0.0
2020-03-25,475.0,513.4000244140625,465.6499938964844,502.6499938964844,494.1693115234375,864131,0.0,0.0
2020-03-26,506.5,539.0,490.5,518.5499877929688,509.801025390625,633121,0.0,0.0
2020-03-27,530.0,546.9000244140625,482.8500061035156,506.25,497.7085266113281,403933,0.0,0.0
2020-03-30,502.0,502.0,477.6499938964844,495.25,486.8941650390625,603848,0.0,0.0
2020-03-31,500.1000061035156,529.0,484.5,512.8499755859375,504.1971740722656,883740,0.0,0.0
2020-04-01,512.8499755859375,512.8499755859375,488.2000122070313,496.7999877929688,488.41796875,320603,0.0,0.0
2020-04-03,490.0,507.7000122070313,470.0,473.8500061035156,465.855224609375,620718,0.0,0.0
2020-04-07,485.0,496.0,470.0499877929688,485.75,477.5544738769531,1077242,0.0,0.0
2020-04-08,476.2000122070313,505.0,455.0,464.0,456.1714477539063,1088656,0.0,0.0
2020-04-09,473.0499877929688,507.6000061035156,465.0499877929688,495.0499877929688,486.697509765625,882606,0.0,0.0
2020-04-13,497.5499877929688,521.7999877929688,471.2999877929688,505.2000122070313,496.6763305664063,1395704,0.0,0.0
2020-04-15,509.7999877929688,545.3499755859375,507.25,516.75,508.0314025878906,1621621,0.0,0.0
2020-04-16,505.1000061035156,529.5,505.1000061035156,525.0999755859375,516.2405395507812,1410534,0.0,0.0
2020-04-17,535.0,561.75,529.3499755859375,542.0999755859375,532.9537353515625,1039999,0.0,0.0
2020-04-20,552.0,561.1500244140625,540.5999755859375,553.2000122070312,543.8665161132812,520108,0.0,0.0
2020-04-21,548.0,553.9000244140625,526.0,549.9500122070312,540.6713256835938,508348,0.0,0.0
2020-04-22,549.9500122070312,564.0499877929688,540.3499755859375,560.2999877929688,550.8466186523438,561877,0.0,0.0
2020-04-23,559.9500122070312,578.5,554.0,567.7000122070312,558.121826171875,410970,0.0,0.0
2020-04-24,569.5,584.4000244140625,534.0,538.0499877929688,528.9721069335938,722354,0.0,0.0
2020-04-27,538.0499877929688,554.0,520.25,524.4000244140625,515.5523681640625,814138,0.0,0.0
2020-04-28,525.0,540.0,525.0,538.0,528.9227905273438,540573,0.0,0.0
2020-04-29,547.4000244140625,553.2999877929688,536.0,547.8499755859375,538.606689453125,610787,0.0,0.0
2020-04-30,555.0,577.2999877929688,546.75,552.7000122070312,543.3748779296875,604208,0.0,0.0
2020-05-04,549.7000122070312,549.7000122070312,504.4500122070313,514.0499877929688,505.3769836425781,1013997,0.0,0.0
2020-05-05,514.7000122070312,533.9000244140625,503.1000061035156,505.9500122070313,497.4136352539063,1035069,0.0,0.0
2020-05-06,515.0,536.2999877929688,502.1000061035156,530.0,521.057861328125,1095416,0.0,0.0
2020-05-07,529.0,540.2000122070312,520.5499877929688,526.5499877929688,517.6660766601562,402998,0.0,0.0
2020-05-08,530.9000244140625,538.9000244140625,514.25,518.2000122070312,509.4570007324219,712212,0.0,0.0
2020-05-11,525.0,541.7000122070312,525.0,530.25,521.3036499023438,577169,0.0,0.0
2020-05-12,528.0499877929688,528.8499755859375,509.8500061035156,521.25,512.4555053710938,1210435,0.0,0.0
2020-05-13,544.7999877929688,560.0,532.4500122070312,555.2000122070312,545.832763671875,1352845,0.0,0.0
2020-05-14,555.0,567.0,543.0,549.0,539.7373046875,1385467,0.0,0.0
2020-05-15,554.0,580.0,551.5,575.25,565.5443725585938,1570584,0.0,0.0
2020-05-18,578.0,585.8499755859375,531.5,537.25,528.1856079101562,1166972,0.0,0.0
2020-05-19,540.0,555.7000122070312,539.0,543.5,534.330078125,748203,0.0,0.0
2020-05-20,538.9000244140625,565.9000244140625,538.9000244140625,561.8499755859375,552.3704223632812,791742,0.0,0.0
2020-05-21,565.0,573.0,556.3499755859375,561.9500122070312,552.46875,337205,0.0,0.0
2020-05-22,558.0,575.0,541.0999755859375,571.1500244140625,561.5136108398438,439430,0.0,0.0
2020-05-26,577.9000244140625,617.5,572.0,612.4500122070312,602.1168212890625,1855637,0.0,0.0
2020-05-27,614.9500122070312,622.25,605.5499877929688,609.0499877929688,598.7741088867188,1044581,0.0,0.0
2020-05-28,609.0499877929688,623.7000122070312,609.0499877929688,616.7999877929688,606.3933715820312,656440,0.0,0.0
2020-05-29,618.0,629.0,599.0,603.5999755859375,593.4160766601562,780538,0.0,0.0
2020-06-01,603.5999755859375,623.9500122070312,595.5999755859375,617.4000244140625,606.9832763671875,1184171,0.0,0.0
2020-06-02,623.5,653.7000122070312,620.5,648.0,637.0670166015625,926870,0.0,0.0
2020-06-03,667.0,667.0,626.0,630.9500122070312,620.3047485351562,1481687,0.0,0.0
2020-06-04,633.0,638.0999755859375,613.0,620.0,609.5393676757812,483835,0.0,0.0
2020-06-05,624.7000122070312,639.9500122070312,620.0999755859375,632.1500244140625,621.484375,576227,0.0,0.0
2020-06-08,639.0,641.5,612.5,616.7000122070312,606.2950439453125,465299,0.0,0.0
2020-06-09,625.5999755859375,627.8499755859375,606.6500244140625,612.8499755859375,602.5099487304688,342138,0.0,0.0
2020-06-10,614.7999877929688,625.9500122070312,612.25,616.4000244140625,606.0001220703125,529767,0.0,0.0
2020-06-11,619.0,627.7999877929688,610.0499877929688,613.5999755859375,603.2473754882812,562683,0.0,0.0
2020-06-12,600.9000244140625,628.0,599.9000244140625,625.0999755859375,614.5532836914062,451709,0.0,0.0
2020-06-15,630.0,630.0,595.9000244140625,603.3499755859375,593.1702880859375,561093,0.0,0.0
2020-06-16,608.0999755859375,619.3499755859375,600.3499755859375,611.5499877929688,601.23193359375,442645,0.0,0.0
2020-06-17,612.0,619.5,605.75,616.4000244140625,606.0001220703125,291031,0.0,0.0
2020-06-18,611.75,623.8499755859375,610.0,620.7999877929688,610.3258666992188,605590,0.0,0.0
2020-06-19,626.0,659.9000244140625,621.25,644.75,633.8718872070312,2592984,0.0,0.0
2020-06-22,646.9000244140625,648.0,623.2000122070312,634.0,623.30322265625,1098624,0.0,0.0
2020-06-23,637.6500244140625,655.4000244140625,625.75,645.75,634.8548583984375,801074,0.0,0.0
2020-06-24,649.0,655.3499755859375,613.0499877929688,618.4000244140625,607.9664306640625,697289,0.0,0.0
2020-06-25,620.7000122070312,636.5,600.0,632.5999755859375,621.9266967773438,577417,0.0,0.0
2020-06-26,635.0,649.5,633.0,643.2000122070312,632.3479614257812,817472,0.0,0.0
2020-06-29,643.7000122070312,643.7000122070312,622.0,635.4000244140625,624.6796264648438,380189,0.0,0.0
2020-06-30,633.0,642.0999755859375,629.0,635.0999755859375,624.384521484375,311849,0.0,0.0
2020-07-01,640.0,653.0,633.4000244140625,650.0999755859375,639.131591796875,695375,0.0,0.0
2020-07-02,656.0,668.0,645.0,649.4500122070312,638.4925537109375,794893,0.0,0.0
2020-07-03,649.5,654.0,639.0499877929688,640.6500244140625,629.8410034179688,598591,0.0,0.0
2020-07-06,647.3499755859375,658.4500122070312,636.75,656.2000122070312,645.1287231445312,1055314,0.0,0.0
2020-07-07,658.9500122070312,667.75,643.0499877929688,661.0999755859375,649.9458618164062,881835,0.0,0.0
2020-07-08,663.3499755859375,663.3499755859375,642.5,645.9500122070312,635.0515747070312,560028,0.0,0.0
2020-07-09,649.8499755859375,657.4000244140625,643.1500244140625,655.2000122070312,644.1455078125,504584,0.0,0.0
2020-07-10,650.0,663.0,644.0,647.25,636.3297119140625,458482,0.0,0.0
2020-07-13,647.25,672.0,640.25,667.25,655.9922485351562,886687,0.0,0.0
2020-07-14,668.0,676.5,655.0499877929688,659.2999877929688,648.1763305664062,1518115,0.0,0.0
2020-07-15,663.2000122070312,663.2999877929688,646.2999877929688,656.5,645.423583984375,527604,0.0,0.0
2020-07-16,655.0,656.4000244140625,632.0,650.2999877929688,639.328125,1054237,0.0,0.0
2020-07-17,651.9000244140625,665.0,643.9500122070312,661.8499755859375,650.6832885742188,362726,0.0,0.0
2020-07-20,658.7999877929688,676.8499755859375,646.5,674.5,663.1199340820312,662781,0.0,0.0
2020-07-21,677.2000122070312,695.9000244140625,674.5999755859375,678.0999755859375,666.6591186523438,1888872,0.0,0.0
2020-07-22,675.5,698.0,667.0499877929688,686.9000244140625,675.3107299804688,2223841,0.0,0.0
2020-07-23,687.0,698.9500122070312,682.7999877929688,693.4000244140625,681.7010498046875,411275,0.0,0.0
2020-07-24,690.0,696.9000244140625,678.5499877929688,689.0999755859375,677.4735107421875,689935,0.0,0.0
2020-07-27,688.0,696.0,679.5,686.75,675.1631469726562,787884,0.0,0.0
2020-07-28,686.2000122070312,721.1500244140625,683.0,714.4500122070312,702.3958740234375,1216229,0.0,0.0
2020-07-29,718.0499877929688,728.75,708.25,718.0499877929688,705.93505859375,861458,0.0,0.0
2020-07-30,720.0,727.0,693.25,697.9500122070312,686.1742553710938,1193524,0.0,0.0
2020-07-31,701.9500122070312,702.7999877929688,683.0999755859375,691.9500122070312,680.2754516601562,693556,0.0,0.0
2020-08-03,696.2000122070312,696.4500122070312,674.1500244140625,676.0,664.5946044921875,790825,0.0,0.0
2020-08-04,676.0499877929688,692.0499877929688,676.0499877929688,685.8499755859375,674.2783203125,642623,0.0,0.0
2020-08-05,686.9500122070312,692.0,678.2999877929688,684.8499755859375,673.2952270507812,1026383,0.0,0.0
2020-08-06,688.2999877929688,694.9500122070312,669.5,685.4500122070312,673.8851928710938,1259867,0.0,0.0
2020-08-07,688.9000244140625,697.9500122070312,676.9500122070312,688.2000122070312,676.5887451171875,797319,0.0,0.0
2020-08-10,690.0,690.0,678.5,685.5499877929688,673.9833984375,892467,0.0,0.0
2020-08-11,689.0,706.0,679.25,698.9500122070312,687.1574096679688,1659040,0.0,0.0
2020-08-12,704.0,708.1500244140625,691.0999755859375,702.4500122070312,690.5983276367188,1174265,0.0,0.0
2020-08-13,705.9500122070312,709.5499877929688,698.0,702.9000244140625,691.0407104492188,879642,0.0,0.0
2020-08-14,709.0,718.9000244140625,674.4500122070312,678.4500122070312,667.0032958984375,3473627,0.0,0.0
2020-08-17,679.0,689.5499877929688,666.0,669.7999877929688,658.4991455078125,1384797,0.0,0.0
2020-08-18,670.0,699.4500122070312,666.0,695.75,684.0113525390625,1336996,0.0,0.0
2020-08-19,699.0,709.5999755859375,695.0,701.5,689.6643676757812,946989,0.0,0.0
2020-08-20,694.0,722.7999877929688,690.0,718.7000122070312,706.5741577148438,1548380,0.0,0.0
2020-08-21,722.2999877929688,738.6500244140625,718.7000122070312,730.25,717.9293212890625,1060132,0.0,0.0
2020-08-24,735.7000122070312,741.0999755859375,716.0,720.4000244140625,708.2454833984375,531494,0.0,0.0
2020-08-25,724.0499877929688,734.5499877929688,714.0,730.7000122070312,718.3716430664062,519805,0.0,0.0
2020-08-26,734.4000244140625,739.4500122070312,721.5999755859375,725.5999755859375,713.3577270507812,728225,0.0,0.0
2020-08-27,729.4500122070312,734.6500244140625,705.0499877929688,713.6500244140625,701.6093139648438,529955,0.0,0.0
2020-08-28,715.0,725.0,713.75,719.6500244140625,707.508056640625,1332769,0.0,0.0
2020-08-31,726.1500244140625,758.5999755859375,682.0,693.0499877929688,681.35693359375,1392792,0.0,0.0
2020-09-01,693.0499877929688,711.3499755859375,682.2999877929688,702.5999755859375,690.7457275390625,1032012,0.0,0.0
2020-09-02,701.0,720.0,698.0,715.7000122070312,703.6246948242188,492470,0.0,0.0
2020-09-03,719.2999877929688,728.0,710.0,720.0999755859375,707.9505004882812,694745,0.0,0.0
2020-09-04,710.0,722.5499877929688,697.3499755859375,716.0,703.919677734375,423814,0.0,0.0
2020-09-07,716.0999755859375,724.9500122070312,703.5,721.3499755859375,709.1793823242188,511331,0.0,0.0
2020-09-08,726.0,727.9500122070312,690.5999755859375,698.1500244140625,686.3709106445312,819550,0.0,0.0
2020-09-09,693.0,697.7999877929688,664.0499877929688,689.8499755859375,678.2109375,821976,0.0,0.0
2020-09-10,693.2999877929688,706.0,683.5,698.8499755859375,687.0589599609375,619037,0.0,0.0
2020-09-11,702.3499755859375,713.0,691.0,703.0,691.1389770507812,675741,0.0,0.0
2020-09-14,706.0,726.4000244140625,705.0,722.4500122070312,710.2609252929688,838299,0.0,0.0
2020-09-15,728.0,734.9000244140625,724.0,730.3499755859375,718.0275268554688,638913,0.0,0.0
2020-09-16,735.1500244140625,773.1500244140625,732.5499877929688,768.1500244140625,755.1898193359375,2812256,0.0,0.0
2020-09-17,759.2000122070312,767.9500122070312,748.75,750.5,737.8375854492188,723196,0.0,0.0
2020-09-18,754.2999877929688,765.0,738.5499877929688,745.5,732.9219970703125,843997,0.0,0.0
2020-09-21,745.5,754.5,709.4500122070312,719.6500244140625,707.508056640625,971234,0.0,0.0
2020-09-22,719.0,730.8499755859375,692.9500122070312,706.9500122070312,695.0223999023438,1206934,0.0,0.0
2020-09-23,711.9000244140625,730.0,701.0999755859375,724.0999755859375,711.8829956054688,811860,0.0,0.0
2020-09-24,720.9500122070312,720.9500122070312,690.0,694.75,683.0281982421875,674375,0.0,0.0
2020-09-25,703.5499877929688,711.5999755859375,687.7999877929688,709.3499755859375,697.3818969726562,725450,0.0,0.0
2020-09-28,713.3499755859375,745.0,707.7999877929688,740.75,728.2521362304688,752132,0.0,0.0
2020-09-29,747.0,747.0,723.0,739.5,727.023193359375,1638757,0.0,0.0
2020-09-30,743.9000244140625,759.0,736.2000122070312,753.5,740.7869873046875,669030,0.0,0.0
2020-10-01,764.0,764.0,742.5999755859375,746.0,733.4135131835938,656513,0.0,0.0
2020-10-05,746.0499877929688,755.0,742.0499877929688,748.2999877929688,735.6746826171875,492376,0.0,0.0
2020-10-06,751.75,756.8499755859375,745.2999877929688,753.4000244140625,740.6886596679688,549817,0.0,0.0
2020-10-07,756.0,769.8499755859375,746.6500244140625,764.4500122070312,751.55224609375,1232763,0.0,0.0
2020-10-08,770.9500122070312,777.0,762.75,769.3499755859375,756.3695068359375,1039951,0.0,0.0
2020-10-09,768.9000244140625,774.5,765.7999877929688,770.9500122070312,757.942626953125,519870,0.0,0.0
2020-10-12,771.4000244140625,784.4000244140625,752.8499755859375,757.0499877929688,744.2771606445312,1036603,0.0,0.0
2020-10-13,760.0,798.5999755859375,760.0,768.1500244140625,755.1898193359375,3334852,0.0,0.0
2020-10-14,765.0,774.7999877929688,750.5499877929688,769.5,756.5170288085938,1077012,0.0,0.0
2020-10-15,774.0,781.7999877929688,755.5999755859375,759.5999755859375,746.7839965820312,756420,0.0,0.0
2020-10-16,764.9000244140625,785.0,757.6500244140625,780.3499755859375,767.1839599609375,612143,0.0,0.0
2020-10-19,788.0,788.0,772.0,784.75,771.509765625,477296,0.0,0.0
2020-10-20,785.0,794.9000244140625,772.0,781.4000244140625,768.2161865234375,811545,0.0,0.0
2020-10-21,782.4000244140625,799.0,772.4000244140625,793.6500244140625,780.2595825195312,618466,0.0,0.0
2020-10-22,796.0,801.9500122070312,782.0999755859375,788.7999877929688,775.4913940429688,635053,0.0,0.0
2020-10-23,791.5,791.5,775.0,784.1500244140625,770.9199829101562,446010,0.0,0.0
2020-10-26,783.3499755859375,783.3499755859375,752.5499877929688,755.3499755859375,742.605712890625,738827,0.0,0.0
2020-10-27,759.9500122070312,783.3499755859375,752.7999877929688,780.9500122070312,767.77392578125,1214439,0.0,0.0
2020-10-28,785.5499877929688,788.0,768.3499755859375,770.75,757.7459106445312,650737,0.0,0.0
2020-10-29,768.0,795.6500244140625,762.9500122070312,788.75,775.4422607421875,491520,0.0,0.0
2020-10-30,793.9000244140625,811.2000122070312,780.5,796.9500122070312,783.50390625,1001132,0.0,0.0
2020-11-02,798.0,805.0,790.7999877929688,802.4500122070312,788.9110717773438,432654,0.0,0.0
2020-11-03,818.0,840.9500122070312,806.0,827.0499877929688,813.095947265625,2217705,0.0,0.0
2020-11-04,827.0,839.75,821.0,835.8499755859375,821.74755859375,748255,0.0,0.0
2020-11-05,839.9000244140625,856.0,832.7999877929688,839.0499877929688,824.8936157226562,894516,0.0,0.0
2020-11-06,845.0,847.4500122070312,833.5499877929688,837.0499877929688,822.9273071289062,460403,0.0,0.0
2020-11-09,840.0999755859375,845.9500122070312,837.1500244140625,840.75,826.56494140625,304499,0.0,0.0
2020-11-10,842.5499877929688,853.0,830.0499877929688,836.7000122070312,822.5831909179688,712503,0.0,0.0
2020-11-11,837.0,850.0,836.0,845.7999877929688,831.5297241210938,452491,0.0,0.0
2020-11-12,842.0,857.9000244140625,840.9000244140625,852.2000122070312,837.8217163085938,779445,0.0,0.0
2020-11-13,853.1500244140625,861.7000122070312,844.5,854.75,840.3287353515625,426213,0.0,0.0
2020-11-14,859.5,859.5,845.3499755859375,852.1500244140625,837.7725219726562,57962,0.0,0.0
2020-11-17,852.25,868.4500122070312,852.25,864.4500122070312,849.8651123046875,609182,0.0,0.0
2020-11-18,864.0,876.4500122070312,858.5499877929688,870.7000122070312,856.0095825195312,424105,0.0,0.0
2020-11-19,870.0,881.6500244140625,857.1500244140625,860.9000244140625,846.3749389648438,344354,0.0,0.0
2020-11-20,858.0,874.2000122070312,846.2999877929688,852.1500244140625,837.7725219726562,430950,0.0,0.0
2020-11-23,855.0,870.0,854.8499755859375,862.2999877929688,847.7514038085938,414400,0.0,0.0
2020-11-24,865.0,872.5,855.6500244140625,869.8499755859375,855.1738891601562,398844,0.0,0.0
2020-11-25,880.0,883.0,850.7999877929688,854.1500244140625,839.7388305664062,487594,0.0,0.0
2020-11-26,854.0499877929688,865.0,849.7000122070312,860.9500122070312,846.424072265625,364063,0.0,0.0
2020-11-27,860.9500122070312,897.7000122070312,855.0,892.1500244140625,877.0977172851562,1692375,0.0,0.0
2020-12-01,899.7999877929688,900.0,878.7999877929688,889.5499877929688,874.5415649414062,996428,0.0,0.0
2020-12-02,892.0,898.0499877929688,868.0499877929688,881.2000122070312,866.3323974609375,492872,0.0,0.0
2020-12-03,882.0499877929688,890.7999877929688,872.6500244140625,885.5499877929688,870.6090087890625,372960,0.0,0.0
2020-12-04,886.0,891.5,872.2999877929688,889.4000244140625,874.39404296875,765306,0.0,0.0
2020-12-07,892.9500122070312,898.7999877929688,886.0,888.7000122070312,873.7058715820312,552049,0.0,0.0
2020-12-08,890.0,903.2999877929688,879.25,887.2999877929688,872.3295288085938,464568,0.0,0.0
2020-12-09,889.0,890.25,867.7999877929688,870.9000244140625,856.206298828125,672628,0.0,0.0
2020-12-10,870.0,870.9000244140625,828.25,832.5499877929688,818.5032958984375,1125250,0.0,0.0
2020-12-11,839.5499877929688,847.6500244140625,825.2999877929688,845.2000122070312,830.9398193359375,787201,0.0,0.0
2020-12-14,848.0999755859375,856.0,833.0,837.4500122070312,823.320556640625,604242,0.0,0.0
2020-12-15,841.5999755859375,851.2000122070312,835.0,848.7000122070312,834.3807983398438,420300,0.0,0.0
2020-12-16,849.0,858.0,842.5999755859375,855.7999877929688,841.3609008789062,450020,0.0,0.0
2020-12-17,855.0,868.0,836.5499877929688,840.25,826.0733642578125,747094,0.0,0.0
2020-12-18,845.0,848.0999755859375,835.0999755859375,842.4500122070312,828.2362060546875,589642,0.0,0.0
2020-12-21,842.0,842.0,777.9500122070312,789.8499755859375,776.5236206054688,753926,0.0,0.0
2020-12-22,790.0,803.9500122070312,767.1500244140625,786.4000244140625,773.1318359375,598213,0.0,0.0
2020-12-23,786.4000244140625,796.2000122070312,781.4000244140625,789.7000122070312,776.3762817382812,553605,0.0,0.0
2020-12-24,803.0,815.6500244140625,775.0,777.1500244140625,764.0380249023438,644379,0.0,0.0
2020-12-28,781.0,788.7000122070312,774.7000122070312,779.7999877929688,766.643310546875,543566,0.0,0.0
2020-12-29,790.5,791.0,770.6500244140625,779.2000122070312,766.0534057617188,595109,0.0,0.0
2020-12-30,781.0,819.9000244140625,773.0999755859375,813.9000244140625,800.1680297851562,1648249,0.0,0.0
2020-12-31,817.0,820.0,792.3499755859375,796.4000244140625,782.9631958007812,1682261,0.0,0.0
2021-01-01,800.7000122070312,807.0,793.0999755859375,795.0,781.5867309570312,476679,0.0,0.0
2021-01-04,798.9000244140625,804.6500244140625,789.2000122070312,798.3499755859375,784.8802490234375,984147,0.0,0.0
2021-01-05,795.0,805.9500122070312,790.0,793.9000244140625,780.50537109375,706858,0.0,0.0
2021-01-06,796.0,805.0,786.1500244140625,802.4500122070312,788.9110717773438,972642,0.0,0.0
2021-01-07,807.0,835.0,806.1500244140625,832.2000122070312,818.1591796875,2295347,0.0,0.0
2021-01-08,841.0499877929688,856.0,836.1500244140625,851.8499755859375,837.4776000976562,1682275,0.0,0.0
2021-01-11,855.0,871.5999755859375,844.0,862.7999877929688,848.2428588867188,978433,0.0,0.0
2021-01-12,862.5,874.9000244140625,854.4000244140625,859.0999755859375,844.6052856445312,457444,0.0,0.0
2021-01-13,863.2999877929688,867.7000122070312,838.5499877929688,847.5,833.2010498046875,449902,0.0,0.0
2021-01-14,849.0,854.5,830.7000122070312,835.5,821.4035034179688,490719,0.0,0.0
2021-01-15,830.0,833.4500122070312,807.0499877929688,822.4500122070312,808.5736694335938,646422,0.0,0.0
2021-01-18,814.3499755859375,821.5,783.1500244140625,789.0499877929688,775.7371826171875,610598,0.0,0.0
2021-01-19,792.9500122070312,810.7999877929688,791.0499877929688,803.0499877929688,789.5010375976562,649089,0.0,0.0
2021-01-20,803.0,817.75,799.0999755859375,814.5499877929688,800.8069458007812,401588,0.0,0.0
2021-01-21,824.5999755859375,832.0,792.5499877929688,800.5499877929688,787.0431518554688,721835,0.0,0.0
2021-01-22,804.9000244140625,816.6500244140625,793.9500122070312,809.2999877929688,795.6455688476562,795633,0.0,0.0
2021-01-25,815.2999877929688,818.0499877929688,779.1500244140625,786.4000244140625,773.1318359375,1012754,0.0,0.0
2021-01-27,790.2000122070312,792.9500122070312,772.0,774.9500122070312,761.8751220703125,391551,0.0,0.0
2021-01-28,773.0,789.5,766.0499877929688,785.2999877929688,772.0504760742188,505252,0.0,0.0
2021-01-29,792.2000122070312,792.2000122070312,775.5999755859375,781.0,767.822998046875,424451,0.0,0.0
2021-02-01,783.6500244140625,838.7999877929688,768.2999877929688,836.4500122070312,822.33740234375,889893,0.0,0.0
2021-02-02,848.0,885.0,841.0499877929688,877.2999877929688,862.498291015625,1447847,0.0,0.0
2021-02-03,889.4500122070312,889.4500122070312,851.0,860.7000122070312,846.1782836914062,2128033,0.0,0.0
2021-02-04,870.0,879.0,853.2000122070312,867.4000244140625,852.7652587890625,953916,0.0,0.0
2021-02-05,873.4000244140625,898.0,861.0,871.5499877929688,856.84521484375,1073429,0.0,0.0
2021-02-08,880.0,938.25,875.2000122070312,931.4500122070312,915.734619140625,2513091,0.0,0.0
2021-02-09,938.4500122070312,941.5,922.5,929.9500122070312,914.2599487304688,1329531,0.0,0.0
2021-02-10,933.7999877929688,946.0499877929688,914.9500122070312,928.0999755859376,912.4411010742188,1024413,0.0,0.0
2021-02-11,925.0,949.0,920.25,941.6500244140624,925.7625732421876,586738,0.0,0.0
2021-02-12,940.0,965.2999877929688,933.5,956.7999877929688,940.6569213867188,721064,0.0,0.0
2021-02-15,969.0,980.75,959.7000122070312,976.6500244140624,960.1720581054688,1060131,0.0,0.0
2021-02-16,979.0,1001.7000122070312,974.0499877929688,989.9500122070312,973.2476806640624,1210065,0.0,0.0
2021-02-17,985.0,997.5,975.4000244140624,978.8499755859376,962.3348388671876,451592,0.0,0.0
2021-02-18,990.0,990.0,963.6500244140624,968.1500244140624,951.8154296875,475869,0.0,0.0
2021-02-19,972.0,972.0,943.6500244140624,962.2000122070312,945.9657592773438,407966,0.0,0.0
2021-02-22,963.0999755859376,975.9000244140624,932.4000244140624,944.4500122070312,928.5153198242188,402365,0.0,0.0
2021-02-23,942.4000244140624,966.4500122070312,931.5,960.2000122070312,943.9996337890624,705725,0.0,0.0
2021-02-24,961.7000122070312,1008.0,942.5,962.9000244140624,946.654052734375,239385,0.0,0.0
2021-02-25,974.9000244140624,990.0,962.1500244140624,983.7999877929688,967.2013549804688,513364,0.0,0.0
2021-02-26,984.75,1013.5999755859376,957.0499877929688,968.3499755859376,952.0120239257812,1572079,0.0,0.0
2021-03-01,974.2000122070312,1000.0,968.0,995.9500122070312,979.1463623046876,557690,0.0,0.0
2021-03-02,1005.0,1012.0499877929688,982.1500244140624,994.0499877929688,977.2784423828124,745680,0.0,0.0
2021-03-03,1010.0,1021.0,1000.4000244140624,1013.75,996.64599609375,751296,0.0,0.0
2021-03-04,1004.5,1038.550048828125,962.5,1026.0999755859375,1008.7876586914062,515587,0.0,0.0
2021-03-05,1020.0,1043.199951171875,1001.7999877929688,1010.0499877929688,993.008544921875,539852,0.0,0.0
2021-03-08,1010.0,1027.199951171875,1004.0,1012.5999755859376,995.515380859375,212987,0.0,0.0
2021-03-09,1013.0499877929688,1028.5,993.0,1017.9000244140624,1000.72607421875,320169,0.0,0.0
2021-03-10,1020.0,1035.9000244140625,1008.9000244140624,1019.0999755859376,1001.9058227539062,173683,0.0,0.0
2021-03-12,1024.699951171875,1031.75,1002.3499755859376,1005.5999755859376,988.6334838867188,252515,0.0,0.0
2021-03-15,1013.75,1016.1500244140624,985.0,1012.1500244140624,995.0730590820312,728696,0.0,0.0
2021-03-16,1005.0,1013.3499755859376,990.6500244140624,999.0,982.1448974609376,512568,0.0,0.0
2021-03-17,1004.2999877929688,1005.3499755859376,945.0999755859376,950.9500122070312,934.9057006835938,514082,0.0,0.0
2021-03-18,965.0,978.9000244140624,934.0499877929688,946.5,930.5307006835938,461606,0.0,0.0
2021-03-19,934.0,965.2000122070312,920.75,952.7000122070312,936.6261596679688,709783,0.0,0.0
2021-03-22,950.9000244140624,980.6500244140624,921.25,974.5999755859376,961.1832885742188,529188,3.0,0.0
2021-03-23,982.0,988.3499755859376,968.3499755859376,984.2000122070312,970.6511840820312,353348,0.0,0.0
2021-03-24,980.0,992.2000122070312,966.2000122070312,968.75,955.4138793945312,276865,0.0,0.0
2021-03-25,965.5,971.2000122070312,935.2999877929688,949.5,936.428955078125,480089,0.0,0.0
2021-03-26,949.5,972.1500244140624,942.0999755859376,958.5,945.3049926757812,337432,0.0,0.0
2021-03-30,959.0,992.0,958.7999877929688,985.7000122070312,972.130615234375,431068,0.0,0.0
2021-03-31,994.0,1007.0,986.0999755859376,1002.5499877929688,988.7485961914062,550108,0.0,0.0
2021-04-01,1010.0,1029.75,1002.25,1027.050048828125,1012.911376953125,348159,0.0,0.0
2021-04-05,1020.0,1027.0,982.5499877929688,1009.9000244140624,995.9973754882812,454203,0.0,0.0
2021-04-06,1012.0,1046.5,1004.7999877929688,1042.1500244140625,1027.803466796875,678461,0.0,0.0
2021-04-07,1047.5999755859375,1059.0,1034.050048828125,1040.1500244140625,1025.8309326171875,477718,0.0,0.0
2021-04-08,1040.0,1077.0,1037.25,1067.0,1052.3111572265625,464926,0.0,0.0
2021-04-09,1085.0,1110.0,1061.75,1078.550048828125,1063.7022705078125,1436077,0.0,0.0
2021-04-12,1063.0,1064.8499755859375,1015.0,1053.5,1038.997314453125,489870,0.0,0.0
2021-04-13,1050.25,1076.0,1040.550048828125,1056.800048828125,1042.2518310546875,436475,0.0,0.0
2021-04-15,1060.0,1065.949951171875,978.2999877929688,1006.25,992.3976440429688,1285908,0.0,0.0
2021-04-16,1004.25,1030.3499755859375,993.9500122070312,1012.9000244140624,998.9561157226562,1044385,0.0,0.0
2021-04-19,989.0,996.25,968.5,980.5999755859376,967.1007690429688,578439,0.0,0.0
2021-04-20,1008.0,1011.5499877929688,957.4500122070312,966.7000122070312,953.39208984375,661599,0.0,0.0
2021-04-22,966.0,983.5499877929688,952.6500244140624,975.0499877929688,961.6270751953124,410546,0.0,0.0
2021-04-23,1040.0,1040.0,952.0,958.6500244140624,945.4529418945312,774515,0.0,0.0
2021-04-26,960.0,994.7999877929688,957.9500122070312,959.8499755859376,946.6362915039062,462200,0.0,0.0
2021-04-27,965.0,971.3499755859376,954.4500122070312,959.5499877929688,946.340576171875,448079,0.0,0.0
2021-04-28,963.0,982.8499755859376,960.0499877929688,979.4000244140624,965.9172973632812,593061,0.0,0.0
2021-04-29,985.0,998.75,966.2000122070312,989.6500244140624,976.026123046875,741642,0.0,0.0
2021-04-30,987.0,1003.5499877929688,955.75,985.5,971.9332885742188,918768,0.0,0.0
2021-05-03,980.0,986.0499877929688,964.25,982.8499755859376,969.3197021484376,273425,0.0,0.0
2021-05-04,990.0,995.7999877929688,956.7000122070312,961.5999755859376,948.3623046875,422153,0.0,0.0
2021-05-05,966.4000244140624,981.75,965.7999877929688,974.2000122070312,960.7888793945312,303809,0.0,0.0
2021-05-06,977.4500122070312,985.4500122070312,966.5999755859376,976.8499755859376,963.40234375,242685,0.0,0.0
2021-05-07,978.0,981.7000122070312,958.0,963.4000244140624,950.137451171875,692892,0.0,0.0
2021-05-10,969.5,973.0,950.0,951.9000244140624,938.7958374023438,338055,0.0,0.0
2021-05-11,946.5,957.5999755859376,935.7999877929688,937.9000244140624,924.9885864257812,977833,0.0,0.0
2021-05-12,939.0,951.0,928.0499877929688,934.4000244140624,921.5367431640624,724184,0.0,0.0
2021-05-14,939.4500122070312,939.4500122070312,925.0,931.8499755859376,919.0217895507812,352471,0.0,0.0
2021-05-17,935.0,958.5,928.0,950.0499877929688,936.9712524414062,922911,0.0,0.0
2021-05-18,956.9000244140624,982.0,953.0,965.1500244140624,951.8634033203124,679240,0.0,0.0
2021-05-19,969.0,989.7000122070312,955.0,977.9500122070312,964.4872436523438,559337,0.0,0.0
2021-05-20,985.0,1005.0,970.0999755859376,997.4000244140624,983.66943359375,647692,0.0,0.0
2021-05-21,1007.5,1012.9000244140624,988.1500244140624,991.1500244140624,977.5055541992188,999725,0.0,0.0
2021-05-24,999.8499755859376,999.8499755859376,958.0,973.1500244140624,959.7532958984376,2196487,0.0,0.0
2021-05-25,972.5999755859376,975.0,944.0,946.0999755859376,933.07568359375,1129237,0.0,0.0
2021-05-26,952.0,957.4000244140624,935.0,946.2999877929688,933.2728881835938,691013,0.0,0.0
2021-05-27,951.0,964.0999755859376,938.0499877929688,959.6500244140624,946.4391479492188,800332,0.0,0.0
2021-05-28,960.0,968.0,957.0,961.0499877929688,947.8198852539062,525572,0.0,0.0
2021-05-31,964.8499755859376,974.9500122070312,955.0499877929688,966.25,952.9483032226562,487314,0.0,0.0
2021-06-01,971.0,972.0,948.25,950.2999877929688,937.2178344726562,293894,0.0,0.0
2021-06-02,954.0,972.0,949.0,968.7999877929688,955.463134765625,433860,0.0,0.0
2021-06-03,973.9000244140624,988.2000122070312,968.2000122070312,985.8499755859376,972.2783813476562,453571,0.0,0.0
2021-06-04,992.0,998.5499877929688,975.0,987.2000122070312,973.60986328125,735343,0.0,0.0
2021-06-07,992.0,1004.5,986.5499877929688,988.6500244140624,975.0398559570312,742456,0.0,0.0
2021-06-08,993.2000122070312,1000.0,981.2000122070312,997.4000244140624,983.66943359375,453088,0.0,0.0
2021-06-09,1002.5999755859376,1006.7999877929688,969.5,973.3499755859376,959.9505615234376,567296,0.0,0.0
2021-06-10,981.2000122070312,1003.2999877929688,978.7999877929688,998.9500122070312,985.1981201171876,413712,0.0,0.0
2021-06-11,1004.0,1005.0,983.0499877929688,987.4000244140624,973.8071899414062,541617,0.0,0.0
2021-06-14,994.25,996.5499877929688,978.0499877929688,993.0999755859376,979.4285888671876,240922,0.0,0.0
2021-06-15,996.0,1029.199951171875,990.0,1024.300048828125,1010.1991577148438,1018849,0.0,0.0
2021-06-16,1034.550048828125,1034.6500244140625,1015.75,1022.4500122070312,1008.3746337890624,693739,0.0,0.0
2021-06-17,1016.0,1045.0,1007.7000122070312,1034.3499755859375,1020.1106567382812,608632,0.0,0.0
2021-06-18,1036.199951171875,1044.0,998.5,1021.2000122070312,1007.141845703125,729282,0.0,0.0
2021-06-21,1017.0,1045.0,1006.5499877929688,1027.949951171875,1013.7988891601562,523930,0.0,0.0
2021-06-22,1036.699951171875,1038.5,1022.0,1023.2999877929688,1009.212890625,333007,0.0,0.0
2021-06-23,1025.0,1032.0,1009.0,1024.800048828125,1010.6923217773438,296987,0.0,0.0
2021-06-24,1025.699951171875,1039.050048828125,1018.7999877929688,1034.4000244140625,1020.16015625,352944,0.0,0.0
2021-06-25,1043.0,1058.0,1033.550048828125,1037.699951171875,1023.41455078125,475838,0.0,0.0
2021-06-28,1044.5,1049.0,1035.0,1037.550048828125,1023.266845703125,142461,0.0,0.0
2021-06-29,1037.0,1042.0,1028.0,1035.9000244140625,1021.6394653320312,185312,0.0,0.0
2021-06-30,1039.0999755859375,1040.0,1023.5499877929688,1025.75,1011.6292724609376,175581,0.0,0.0
2021-07-01,1021.0,1026.449951171875,1004.7999877929688,1007.8499755859376,993.9755249023438,338558,0.0,0.0
2021-07-02,1008.5,1014.3499755859376,990.5,1009.4500122070312,995.5535278320312,296971,0.0,0.0
2021-07-05,1009.0,1039.0,1005.2999877929688,1033.1500244140625,1018.9274291992188,316829,0.0,0.0
2021-07-06,1032.0,1094.0,1032.0,1083.4000244140625,1068.4857177734375,1522879,0.0,0.0
2021-07-07,1088.0,1092.8499755859375,1065.8499755859375,1080.6500244140625,1065.7734375,1172898,0.0,0.0
2021-07-08,1085.949951171875,1114.8499755859375,1066.0,1077.300048828125,1062.4696044921875,781195,0.0,0.0
2021-07-09,1072.800048828125,1102.199951171875,1060.9000244140625,1089.75,1074.7481689453125,730668,0.0,0.0
2021-07-12,1093.699951171875,1119.0,1088.25,1103.4000244140625,1088.210205078125,498143,0.0,0.0
2021-07-13,1106.699951171875,1114.449951171875,1100.0,1110.550048828125,1095.2618408203125,298130,0.0,0.0
2021-07-14,1110.0,1114.699951171875,1097.8499755859375,1109.0999755859375,1093.8316650390625,216319,0.0,0.0
2021-07-15,1110.699951171875,1119.949951171875,1101.0,1113.8499755859375,1098.516357421875,214231,0.0,0.0
2021-07-16,1113.9000244140625,1128.9000244140625,1110.050048828125,1126.0,1110.499267578125,257797,0.0,0.0
2021-07-19,1122.949951171875,1122.949951171875,1105.0,1110.6500244140625,1095.3603515625,214598,0.0,0.0
2021-07-20,1111.0,1132.0,1086.050048828125,1104.050048828125,1088.851318359375,951591,0.0,0.0
2021-07-22,1116.75,1116.75,1092.6500244140625,1106.949951171875,1091.711181640625,217477,0.0,0.0
2021-07-23,1110.9000244140625,1115.25,1091.25,1094.699951171875,1079.6298828125,247356,0.0,0.0
2021-07-26,1096.5,1126.6500244140625,1089.550048828125,1123.1500244140625,1107.6885986328125,487973,0.0,0.0
2021-07-27,1132.699951171875,1132.699951171875,1027.0,1060.3499755859375,1045.7529296875,1691159,0.0,0.0
2021-07-28,1060.9000244140625,1060.9000244140625,1018.0499877929688,1040.6500244140625,1026.3240966796875,1113251,0.0,0.0
2021-07-29,1051.75,1070.0,1032.0,1067.050048828125,1052.36083984375,672552,0.0,0.0
2021-07-30,1072.0,1099.949951171875,1057.300048828125,1093.199951171875,1078.1505126953125,752421,0.0,0.0
2021-08-02,1098.6500244140625,1099.449951171875,1079.800048828125,1094.550048828125,1079.482177734375,378772,0.0,0.0
2021-08-03,1098.0,1114.949951171875,1091.75,1107.449951171875,1092.2044677734375,503432,0.0,0.0
2021-08-04,1108.9000244140625,1120.0,1071.6500244140625,1073.8499755859375,1059.067138671875,429661,0.0,0.0
2021-08-05,1073.9000244140625,1081.9000244140625,1061.25,1072.199951171875,1057.4398193359375,651731,0.0,0.0
2021-08-06,1073.199951171875,1076.949951171875,1046.800048828125,1049.4000244140625,1034.9537353515625,157590,0.0,0.0
2021-08-09,1050.3499755859375,1059.449951171875,1020.5,1026.449951171875,1012.3195190429688,222998,0.0,0.0
2021-08-10,1027.4000244140625,1034.699951171875,992.3499755859376,1007.0,993.1373291015624,282416,0.0,0.0
2021-08-11,1007.0,1019.6500244140624,983.2000122070312,1006.9500122070312,993.0879516601562,357738,0.0,0.0
2021-08-12,1006.9500122070312,1022.5999755859376,987.0,989.25,975.6317138671876,455786,0.0,0.0
2021-08-13,989.7000122070312,999.0,977.4500122070312,980.0499877929688,966.5582885742188,241725,0.0,0.0
2021-08-16,987.6500244140624,990.3499755859376,963.9500122070312,968.5499877929688,955.2166137695312,285641,0.0,0.0
2021-08-17,967.0,979.6500244140624,952.7999877929688,974.2000122070312,960.7888793945312,221451,0.0,0.0
2021-08-18,985.0,1004.9500122070312,975.1500244140624,989.2999877929688,975.680908203125,1359630,0.0,0.0
2021-08-20,981.2999877929688,991.9500122070312,953.0,958.1500244140624,944.9598388671876,515861,0.0,0.0
2021-08-23,964.0,974.0,933.4500122070312,946.7999877929688,933.7659912109376,388737,0.0,0.0
2021-08-24,946.7999877929688,968.5499877929688,936.0499877929688,960.2000122070312,946.9815063476562,320595,0.0,0.0
2021-08-25,960.2000122070312,977.3499755859376,960.2000122070312,970.9000244140624,957.5342407226562,431361,0.0,0.0
2021-08-26,976.9000244140624,980.6500244140624,956.5999755859376,968.5999755859376,955.265869140625,511724,0.0,0.0
2021-08-27,971.9500122070312,990.2000122070312,958.5,986.6500244140624,973.0675048828124,396547,0.0,0.0
2021-08-30,989.25,1002.5999755859376,983.8499755859376,994.2000122070312,980.5136108398438,342323,0.0,0.0
2021-08-31,997.0,1011.9000244140624,990.9500122070312,1008.7999877929688,994.9124145507812,325284,0.0,0.0
2021-09-01,1015.8499755859376,1017.7000122070312,991.5,1014.1500244140624,1000.1889038085938,376607,0.0,0.0
2021-09-02,1016.9000244140624,1056.5,1015.2999877929688,1038.300048828125,1024.00634765625,412103,0.0,0.0
2021-09-03,1043.699951171875,1049.0,1026.0,1046.699951171875,1032.2906494140625,298120,0.0,0.0
2021-09-06,1053.0,1069.0,1043.0,1047.699951171875,1033.2769775390625,255948,0.0,0.0
2021-09-07,1053.0,1060.300048828125,1037.050048828125,1050.9000244140625,1036.43310546875,166644,0.0,0.0
2021-09-08,1050.0,1060.0,1033.050048828125,1044.3499755859375,1029.97314453125,110899,0.0,0.0
2021-09-09,1033.0,1058.5,1030.0,1056.199951171875,1041.6600341796875,167024,0.0,0.0
2021-09-13,1055.0,1065.8499755859375,1044.1500244140625,1056.0999755859375,1041.5614013671875,163311,0.0,0.0
2021-09-14,1059.800048828125,1060.949951171875,1044.75,1047.800048828125,1033.375732421875,225945,0.0,0.0
2021-09-15,1046.0,1055.25,1038.300048828125,1048.5999755859375,1034.1646728515625,326648,0.0,0.0
2021-09-16,1048.5999755859375,1065.0,1028.0,1032.699951171875,1018.4833984375,658039,0.0,0.0
2021-09-17,1036.4000244140625,1037.3499755859375,998.8499755859376,1011.5,997.5753784179688,563114,0.0,0.0
2021-09-20,1002.2999877929688,1012.5999755859376,972.9500122070312,980.8499755859376,967.3473510742188,297729,0.0,0.0
2021-09-21,985.7999877929688,986.9500122070312,962.9000244140624,979.5499877929688,966.0651245117188,323160,0.0,0.0
2021-09-22,981.0,994.9500122070312,967.2999877929688,977.9000244140624,964.4379272460938,346288,0.0,0.0
2021-09-23,980.5,986.7000122070312,969.0,971.9000244140624,958.5205078125,339095,0.0,0.0
2021-09-24,973.5999755859376,978.6500244140624,953.5499877929688,969.5,956.1535034179688,397605,0.0,0.0
2021-09-27,970.4000244140624,987.2000122070312,963.7999877929688,978.5499877929688,965.0789184570312,323341,0.0,0.0
2021-09-28,983.7000122070312,997.0,970.75,983.9000244140624,970.3554077148438,665330,0.0,0.0
2021-09-29,982.0,997.0,974.4000244140624,992.4500122070312,978.78759765625,409438,0.0,0.0
2021-09-30,999.8499755859376,1003.4500122070312,978.2999877929688,984.6500244140624,971.0950317382812,394003,0.0,0.0
2021-10-01,984.75,999.0,976.75,990.75,977.1110229492188,281564,0.0,0.0
2021-10-04,995.5,1010.5,990.6500244140624,1006.8499755859376,992.9893798828124,444163,0.0,0.0
2021-10-05,1006.8499755859376,1026.9000244140625,1004.5,1012.0,998.0684204101562,561147,0.0,0.0
2021-10-06,1015.0,1027.0,996.0999755859376,1000.25,986.480224609375,267144,0.0,0.0
2021-10-07,1012.5,1024.050048828125,1003.0,1014.5499877929688,1000.5833740234376,287540,0.0,0.0
2021-10-08,1019.0,1020.0,990.0,994.7000122070312,981.0066528320312,197560,0.0,0.0
2021-10-11,994.4000244140624,1012.0,991.0999755859376,998.8499755859376,985.0995483398438,170009,0.0,0.0
2021-10-12,1000.5999755859376,1004.5999755859376,976.25,983.5,969.9608154296876,135656,0.0,0.0
2021-10-13,986.1500244140624,995.7000122070312,980.7000122070312,982.7000122070312,969.171875,256737,0.0,0.0
2021-10-14,983.1500244140624,1020.0,983.1500244140624,994.4000244140624,980.7107543945312,747634,0.0,0.0
2021-10-18,1000.0999755859376,1025.5,997.5999755859376,1022.0,1007.9308471679688,492399,0.0,0.0
2021-10-19,1029.4000244140625,1031.699951171875,978.5,983.4500122070312,969.9114379882812,551634,0.0,0.0
2021-10-20,978.0,999.9500122070312,966.0999755859376,985.7000122070312,972.130615234375,517071,0.0,0.0
2021-10-21,986.5499877929688,992.0999755859376,965.0999755859376,976.8499755859376,963.40234375,324310,0.0,0.0
2021-10-22,976.8499755859376,996.9500122070312,959.2000122070312,963.9000244140624,950.6306762695312,265646,0.0,0.0
2021-10-25,970.0,992.5999755859376,928.0999755859376,942.75,929.7717895507812,2558613,0.0,0.0
2021-10-26,950.0,1021.0,936.5499877929688,1014.8499755859376,1000.8792114257812,1490695,0.0,0.0
2021-10-27,1014.8499755859376,1048.0,1004.7999877929688,1032.050048828125,1017.8424072265624,1116988,0.0,0.0
2021-10-28,1032.0,1048.5,1013.0999755859376,1020.4500122070312,1006.4021606445312,677996,0.0,0.0
2021-10-29,1020.2999877929688,1070.0,994.7999877929688,1066.5,1051.8182373046875,970306,0.0,0.0
2021-11-01,1077.1500244140625,1083.75,1054.0999755859375,1070.1500244140625,1055.41796875,871837,0.0,0.0
2021-11-02,1070.1500244140625,1086.0,1061.0,1067.3499755859375,1052.656494140625,212770,0.0,0.0
2021-11-03,1071.449951171875,1083.5,1063.550048828125,1079.6500244140625,1064.7872314453125,232008,0.0,0.0
2021-11-04,1080.0,1094.800048828125,1075.449951171875,1086.5999755859375,1071.6416015625,98864,0.0,0.0
2021-11-08,1098.0,1119.5999755859375,1085.0999755859375,1095.9000244140625,1080.8134765625,620157,0.0,0.0
2021-11-09,1099.0,1106.0,1076.550048828125,1080.0,1065.1324462890625,410762,0.0,0.0
2021-11-10,1079.9000244140625,1086.0,1059.800048828125,1069.5,1054.7769775390625,210682,0.0,0.0
2021-11-11,1070.0,1074.25,1051.0,1065.25,1050.58544921875,221594,0.0,0.0
2021-11-12,1066.199951171875,1071.0,1055.0,1067.0,1052.3111572265625,210199,0.0,0.0
2021-11-15,1065.4000244140625,1075.550048828125,1049.1500244140625,1060.199951171875,1045.6048583984375,292905,0.0,0.0
2021-11-16,1064.449951171875,1064.5,1024.4000244140625,1034.0,1019.765625,277084,0.0,0.0
2021-11-17,1031.0,1033.949951171875,1015.0,1021.9000244140624,1007.8321533203124,180725,0.0,0.0
2021-11-18,1022.7999877929688,1026.0999755859375,997.7999877929688,1005.1500244140624,991.3128051757812,573042,0.0,0.0
2021-11-22,993.0,1003.4000244140624,976.0,989.2999877929688,975.680908203125,430141,0.0,0.0
2021-11-23,985.0,1006.6500244140624,978.1500244140624,1001.3499755859376,987.5650634765624,260968,0.0,0.0
2021-11-24,1004.7000122070312,1009.5499877929688,984.3499755859376,992.5999755859376,978.9354858398438,332266,0.0,0.0
2021-11-25,992.4000244140624,995.9500122070312,984.4500122070312,990.5999755859376,976.9630737304688,304536,0.0,0.0
2021-11-26,980.0,986.9500122070312,944.0,952.5499877929688,939.4368896484376,412079,0.0,0.0
2021-11-29,952.0,961.0,915.0,934.4500122070312,921.5860595703124,250587,0.0,0.0
2021-11-30,934.4500122070312,955.0,925.0999755859376,941.0499877929688,928.0951538085938,409462,0.0,0.0
2021-12-01,944.5,951.3499755859376,928.0,944.75,931.7442016601562,341796,0.0,0.0
2021-12-02,947.4500122070312,955.0,938.75,950.9500122070312,937.85888671875,230742,0.0,0.0
2021-12-03,950.9500122070312,970.75,944.25,950.8499755859376,937.76025390625,382325,0.0,0.0
2021-12-06,952.9000244140624,963.0,932.5499877929688,941.8499755859376,928.8841552734376,334982,0.0,0.0
2021-12-07,942.5499877929688,966.7000122070312,939.5999755859376,959.1500244140624,945.946044921875,221080,0.0,0.0
2021-12-08,959.1500244140624,987.7000122070312,959.1500244140624,979.0,965.5227661132812,299952,0.0,0.0
2021-12-09,985.0999755859376,989.5,938.0499877929688,983.6500244140624,970.1088256835938,173707,0.0,0.0
2021-12-10,983.6500244140624,995.5,982.75,992.7000122070312,979.0341796875,132126,0.0,0.0
2021-12-13,996.2999877929688,1004.7000122070312,982.0999755859376,985.0999755859376,971.5387573242188,281100,0.0,0.0
2021-12-14,982.7999877929688,994.7000122070312,976.4000244140624,992.5999755859376,978.9354858398438,65299,0.0,0.0
2021-12-15,995.7999877929688,1002.0,984.5,998.75,985.0008544921876,264201,0.0,0.0
2021-12-16,1001.5499877929688,1004.0,982.7999877929688,989.6500244140624,976.026123046875,351141,0.0,0.0
2021-12-17,988.9000244140624,989.3499755859376,972.9000244140624,979.75,966.2623901367188,245835,0.0,0.0
2021-12-20,966.4000244140624,966.7000122070312,929.0499877929688,950.4000244140624,937.3165283203124,282540,0.0,0.0
2021-12-21,950.5499877929688,975.6500244140624,950.5499877929688,971.1500244140624,957.7808837890624,194512,0.0,0.0
2021-12-22,976.25,1000.0,955.0,995.2000122070312,981.499755859375,190636,0.0,0.0
2021-12-23,998.7000122070312,1007.2000122070312,988.5,998.0,984.26123046875,170028,0.0,0.0
2021-12-24,1000.0,1000.0,979.7999877929688,991.0999755859376,977.4561767578124,162077,0.0,0.0
2021-12-27,993.5,993.5,979.5,981.6500244140624,968.1362915039062,57827,0.0,0.0
2021-12-28,986.9000244140624,995.2000122070312,981.75,992.8499755859376,979.1820678710938,101363,0.0,0.0
2021-12-29,993.0,997.9500122070312,982.9000244140624,988.8499755859376,975.2371215820312,121076,0.0,0.0
2021-12-30,993.0,999.25,975.5,984.7000122070312,971.1442260742188,262067,0.0,0.0
2021-12-31,988.0,1023.0,982.0999755859376,1004.0999755859376,990.2772216796876,365120,0.0,0.0
2022-01-03,1008.7999877929688,1028.800048828125,1000.0,1026.75,1012.6153564453124,140739,0.0,0.0
2022-01-04,1026.8499755859375,1030.75,1016.5,1024.4000244140625,1010.2977905273438,302302,0.0,0.0
2022-01-05,1024.4000244140625,1045.0,1017.0,1029.3499755859375,1015.1796264648438,437962,0.0,0.0
2022-01-06,1024.800048828125,1028.449951171875,983.0499877929688,1007.6500244140624,993.7783813476562,324837,0.0,0.0
2022-01-07,1003.5499877929688,1037.0999755859375,1003.5499877929688,1028.3499755859375,1014.1932983398438,309655,0.0,0.0
2022-01-10,1034.0,1050.0,1022.9000244140624,1046.8499755859375,1032.4385986328125,617919,0.0,0.0
2022-01-11,1050.0,1054.800048828125,1013.0,1018.5999755859376,1004.5775756835938,299205,0.0,0.0
2022-01-12,1022.0,1045.0999755859375,1000.0999755859376,1041.9000244140625,1027.5567626953125,568486,0.0,0.0
2022-01-13,1046.9000244140625,1046.9000244140625,1015.0,1020.1500244140624,1006.1063232421876,281708,0.0,0.0
2022-01-14,1021.9500122070312,1030.199951171875,1005.0,1011.9000244140624,997.9698486328124,400151,0.0,0.0
2022-01-17,1010.8499755859376,1034.1500244140625,992.0,1021.5999755859376,1007.5363159179688,524332,0.0,0.0
2022-01-18,1024.800048828125,1030.0,965.0,971.3499755859376,957.9780883789062,455239,0.0,0.0
2022-01-19,968.0,979.0,960.0499877929688,962.6500244140624,949.3978271484376,267647,0.0,0.0
2022-01-20,962.0,968.8499755859376,945.5499877929688,951.6500244140624,938.5492553710938,200169,0.0,0.0
2022-01-21,952.0,954.0,932.75,940.4000244140624,927.4541625976562,151847,0.0,0.0
2022-01-24,933.0,938.5999755859376,888.0,896.9000244140625,884.5529174804688,570217,0.0,0.0
2022-01-25,857.0,877.5,825.2999877929688,860.7999877929688,848.949951171875,2679672,0.0,0.0
2022-01-27,860.0,860.0,823.9500122070312,845.7999877929688,834.1564331054688,482875,0.0,0.0
2022-01-28,852.0,871.0,847.0999755859375,851.0499877929688,839.3341674804688,188079,0.0,0.0
2022-01-31,865.0,878.0,850.5,869.0999755859375,857.1355590820312,322476,0.0,0.0
2022-02-01,880.0,903.0,869.3499755859375,895.5,883.1722412109375,621426,0.0,0.0
2022-02-02,900.0,909.9500122070312,886.0499877929688,888.9500122070312,876.71240234375,182039,0.0,0.0
2022-02-03,888.9500122070312,894.9000244140625,869.5499877929688,873.0,860.9819946289062,134348,0.0,0.0
2022-02-04,874.8499755859375,894.9500122070312,861.0,882.5,870.3511962890625,271556,0.0,0.0
2022-02-07,882.5,888.0999755859375,863.0499877929688,876.0999755859375,864.0392456054688,115045,0.0,0.0
2022-02-08,880.4500122070312,890.0,860.0,877.3499755859375,865.2720336914062,210219,0.0,0.0
2022-02-09,880.0,897.2000122070312,878.1500244140625,890.0999755859375,877.8465576171875,218765,0.0,0.0
2022-02-10,890.2000122070312,898.2000122070312,885.9500122070312,890.4500122070312,878.1917724609375,168295,0.0,0.0
2022-02-11,885.0,886.9000244140625,868.25,872.9000244140625,860.8834228515625,107865,0.0,0.0
2022-02-14,855.0,862.3499755859375,833.0499877929688,836.5,824.9844970703125,155690,0.0,0.0
2022-02-15,840.0,888.0,827.0,881.25,869.118408203125,393474,0.0,0.0
2022-02-16,881.0,882.2999877929688,855.0999755859375,861.3499755859375,849.4923706054688,662795,0.0,0.0
2022-02-17,865.9000244140625,868.0,851.4000244140625,859.6500244140625,847.8157958984375,261514,0.0,0.0
2022-02-18,854.0,857.4000244140625,834.0999755859375,836.7000122070312,825.1817626953125,167278,0.0,0.0
2022-02-21,835.8499755859375,839.2000122070312,805.4000244140625,823.9500122070312,812.607177734375,912848,0.0,0.0
2022-02-22,801.0,825.0,799.0,822.6500244140625,811.3251953125,215417,0.0,0.0
2022-02-23,825.8499755859375,838.75,804.1500244140625,811.3499755859375,800.1806640625,455560,0.0,0.0
2022-02-24,794.0,794.75,763.0,769.2999877929688,758.7095336914062,358361,0.0,0.0
2022-02-25,777.75,803.75,766.25,778.0499877929688,767.3390502929688,762131,0.0,0.0
2022-02-28,775.0,789.5499877929688,752.0499877929688,786.9000244140625,776.0673217773438,399937,0.0,0.0
2022-03-02,779.7000122070312,788.2000122070312,768.4000244140625,776.4000244140625,765.7118530273438,282992,0.0,0.0
2022-03-03,784.75,788.0,725.2000122070312,730.25,720.1971435546875,458080,0.0,0.0
2022-03-04,722.9500122070312,756.7000122070312,706.0499877929688,733.5999755859375,723.5009155273438,1297719,0.0,0.0
2022-03-07,719.7999877929688,720.9000244140625,692.2000122070312,699.2999877929688,689.6732177734375,882093,0.0,0.0
2022-03-08,699.5,712.9000244140625,690.4500122070312,710.1500244140625,700.3738403320312,397196,0.0,0.0
2022-03-09,715.5999755859375,729.9000244140625,710.0,726.5499877929688,716.548095703125,202346,0.0,0.0
2022-03-10,748.5499877929688,752.0,725.5499877929688,732.7999877929688,722.7120971679688,417203,0.0,0.0
2022-03-11,735.0,742.7000122070312,722.0,737.1500244140625,727.0021362304688,308683,0.0,0.0
2022-03-14,739.8499755859375,742.5499877929688,722.0,726.8499755859375,716.8439331054688,255478,0.0,0.0
2022-03-15,732.0,741.75,720.0,725.9000244140625,715.9070434570312,282435,0.0,0.0
2022-03-16,731.5,754.0,730.9000244140625,749.8499755859375,739.5272827148438,915408,0.0,0.0
2022-03-17,760.0,775.2000122070312,752.0999755859375,759.2000122070312,748.7485961914062,1360031,0.0,0.0
2022-03-21,760.0,760.0,730.7000122070312,742.0,731.7853393554688,649408,0.0,0.0
2022-03-22,735.0,750.2000122070312,720.8499755859375,739.0499877929688,728.8759155273438,686338,0.0,0.0
2022-03-23,746.5999755859375,746.5999755859375,725.2000122070312,730.4000244140625,720.3451538085938,270946,0.0,0.0
2022-03-24,725.3499755859375,733.9500122070312,721.6500244140625,729.5499877929688,719.5067749023438,332492,0.0,0.0
2022-03-25,730.0,732.0,720.0,727.9000244140625,717.8795166015625,573023,0.0,0.0
2022-03-28,730.9000244140625,732.0,714.0,728.5,718.4713134765625,362172,0.0,0.0
2022-03-29,729.9500122070312,753.5999755859375,726.0,739.7000122070312,729.5170288085938,723009,0.0,0.0
2022-03-30,744.0,776.0,739.75,772.0499877929688,761.4216918945312,1220301,0.0,0.0
2022-03-31,778.0,779.0999755859375,750.4000244140625,768.0499877929688,757.4767456054688,1163434,0.0,0.0
2022-04-01,771.7000122070312,775.0,761.5,773.4500122070312,762.8024291992188,416555,0.0,0.0
2022-04-04,775.0499877929688,790.0,775.0,786.5499877929688,775.7221069335938,285739,0.0,0.0
2022-04-05,792.7999877929688,809.4000244140625,780.7999877929688,802.1500244140625,791.1072998046875,473253,0.0,0.0
2022-04-06,800.0,815.0,794.1500244140625,805.9500122070312,794.85498046875,376680,0.0,0.0
2022-04-07,810.0,812.8499755859375,800.0,809.8499755859375,798.7012329101562,377819,0.0,0.0
2022-04-08,812.5,816.1500244140625,804.0499877929688,812.3499755859375,801.1669311523438,243478,0.0,0.0
2022-04-11,815.25,823.7999877929688,806.5,815.0999755859375,803.8790283203125,465920,0.0,0.0
2022-04-12,814.0,814.0,791.0,799.75,788.7403564453125,466652,0.0,0.0
2022-04-13,800.0,817.0,793.0,812.0499877929688,800.8709716796875,508329,0.0,0.0
2022-04-18,812.0499877929688,812.3499755859375,791.3499755859375,804.0999755859375,793.0304565429688,393444,0.0,0.0
2022-04-19,805.0,808.0,771.0499877929688,787.5499877929688,776.7083129882812,529198,0.0,0.0
2022-04-20,787.2999877929688,811.0,777.5999755859375,805.4000244140625,794.3126220703125,436204,0.0,0.0
2022-04-21,809.4000244140625,814.2999877929688,804.3499755859375,808.9500122070312,797.813720703125,543587,0.0,0.0
2022-04-22,807.0,814.0,796.75,810.4500122070312,799.2930908203125,237013,0.0,0.0
2022-04-25,807.0,807.0,792.2000122070312,804.9000244140625,793.8195190429688,273141,0.0,0.0
2022-04-26,810.0,812.0,790.9000244140625,793.7000122070312,782.7737426757812,510000,0.0,0.0
2022-04-27,788.7999877929688,789.1500244140625,763.0499877929688,779.3499755859375,768.6212158203125,604547,0.0,0.0
2022-04-28,786.0,796.2000122070312,777.5499877929688,793.4500122070312,782.5271606445312,150881,0.0,0.0
2022-04-29,808.0,808.0,783.5499877929688,794.7000122070312,783.7598876953125,755297,0.0,0.0
2022-05-02,792.9500122070312,793.25,774.2999877929688,787.0499877929688,776.2151489257812,202478,0.0,0.0
2022-05-04,790.0499877929688,790.0499877929688,742.2000122070312,751.7999877929688,741.4505004882812,650056,0.0,0.0
2022-05-05,755.5499877929688,759.3499755859375,734.0499877929688,740.0999755859375,729.9115600585938,419549,0.0,0.0
2022-05-06,734.0,734.0,715.2999877929688,724.0999755859375,714.1317138671875,356993,0.0,0.0
2022-05-09,715.0,727.5,706.2999877929688,721.7000122070312,711.7648315429688,235356,0.0,0.0
2022-05-10,721.7999877929688,732.4500122070312,701.0999755859375,721.7999877929688,711.8634643554688,511873,0.0,0.0
2022-05-11,723.0,723.2999877929688,697.4500122070312,705.5499877929688,695.8370971679688,527096,0.0,0.0
2022-05-12,700.5,709.9500122070312,685.0999755859375,703.25,693.56884765625,502039,0.0,0.0
2022-05-13,709.9000244140625,709.9000244140625,681.0,684.0999755859375,674.682373046875,493443,0.0,0.0
2022-05-16,680.0999755859375,698.4500122070312,671.0499877929688,690.1500244140625,680.6492309570312,210654,0.0,0.0
2022-05-17,693.5999755859375,700.5,684.0,698.6500244140625,689.0321655273438,188548,0.0,0.0
2022-05-18,700.5,707.0499877929688,688.0,700.9500122070312,691.3004760742188,447972,0.0,0.0
2022-05-19,680.5,693.0,680.25,689.0999755859375,679.6135864257812,361767,0.0,0.0
2022-05-20,692.0999755859375,697.5,685.0999755859375,691.7000122070312,682.1778564453125,368717,0.0,0.0
2022-05-23,697.0,700.0,672.3499755859375,679.5,670.1458129882812,362966,0.0,0.0
2022-05-24,661.0,679.1500244140625,651.75,659.25,650.1744995117188,1245375,0.0,0.0
2022-05-25,660.0,665.5499877929688,638.0,639.6500244140625,630.8443603515625,460710,0.0,0.0
2022-05-26,644.5,670.0,633.0,666.0,656.8316040039062,405647,0.0,0.0
2022-05-27,670.9000244140625,678.4500122070312,661.5,674.9500122070312,665.658447265625,330356,0.0,0.0
2022-05-30,679.2000122070312,698.0,677.9500122070312,686.6500244140625,677.1973266601562,273302,0.0,0.0
2022-05-31,687.5999755859375,702.1500244140625,687.4000244140625,698.75,689.1307373046875,452311,0.0,0.0
2022-06-01,700.7999877929688,708.9000244140625,688.75,692.4000244140625,682.8682250976562,434116,0.0,0.0
2022-06-02,695.9000244140625,698.1500244140625,678.0,695.1500244140625,685.580322265625,259796,0.0,0.0
2022-06-03,696.4000244140625,696.5,627.0,630.7999877929688,622.1162109375,2542587,0.0,0.0
2022-06-06,633.5999755859375,638.5499877929688,628.0,632.4500122070312,623.7435913085938,697724,0.0,0.0
2022-06-07,633.5499877929688,633.5499877929688,603.9000244140625,609.9000244140625,601.50390625,1310003,0.0,0.0
2022-06-08,610.0,622.0,602.5,611.9000244140625,603.4763793945312,508973,0.0,0.0
2022-06-09,610.7999877929688,617.1500244140625,608.0499877929688,616.0,607.5199584960938,291742,0.0,0.0
2022-06-10,611.0,614.75,606.0,611.0499877929688,602.6380615234375,331362,0.0,0.0
2022-06-13,606.0,608.0,588.8499755859375,596.5,588.288330078125,673778,0.0,0.0
2022-06-14,591.0,607.5,589.8499755859375,591.6500244140625,583.505126953125,271533,0.0,0.0
2022-06-15,593.3499755859375,610.0,589.5,606.4000244140625,598.0520629882812,307271,0.0,0.0
2022-06-16,606.0,614.7000122070312,576.5999755859375,585.4000244140625,577.3412475585938,1042050,0.0,0.0
2022-06-17,586.25,590.5,577.7000122070312,582.9000244140625,574.8756103515625,437592,0.0,0.0
2022-06-20,582.0,602.5499877929688,575.6500244140625,597.3499755859375,589.126708984375,477688,0.0,0.0
2022-06-21,599.9000244140625,610.7999877929688,597.4000244140625,602.25,593.959228515625,376418,0.0,0.0
2022-06-22,600.0,604.6500244140625,593.25,602.2000122070312,593.9099731445312,265461,0.0,0.0
2022-06-23,604.5999755859375,610.0,580.0,606.4500122070312,598.1014404296875,244575,0.0,0.0
2022-06-24,600.0,614.0999755859375,600.0,610.9000244140625,602.4901123046875,197043,0.0,0.0
2022-06-27,615.0,629.0,611.0,625.9500122070312,617.3330078125,381629,0.0,0.0
2022-06-28,619.2999877929688,632.0,617.2000122070312,627.8499755859375,619.206787109375,347444,0.0,0.0
2022-06-29,623.8499755859375,634.7000122070312,617.4000244140625,630.25,621.5737915039062,238430,0.0,0.0
2022-06-30,632.0,639.6500244140625,622.5499877929688,636.7999877929688,628.0335693359375,508755,0.0,0.0
2022-07-01,634.0,648.9500122070312,613.75,646.6500244140625,637.748046875,327788,0.0,0.0
2022-07-04,650.0,655.7999877929688,641.0499877929688,645.4000244140625,636.51513671875,488166,0.0,0.0
2022-07-05,648.4000244140625,650.4000244140625,630.0999755859375,637.5,628.7239379882812,181202,0.0,0.0
2022-07-06,640.4000244140625,667.3499755859375,634.3499755859375,663.3499755859375,654.2180786132812,751093,0.0,0.0
2022-07-07,667.0,669.2999877929688,648.5,654.0999755859375,645.095458984375,320344,0.0,0.0
2022-07-08,659.9500122070312,664.9500122070312,649.0,652.5499877929688,643.5667724609375,176933,0.0,0.0
2022-07-11,650.0,652.5499877929688,641.6500244140625,648.0999755859375,639.177978515625,138689,0.0,0.0
2022-07-12,646.0999755859375,651.5499877929688,640.25,643.4000244140625,634.5427856445312,86211,0.0,0.0
2022-07-13,646.0999755859375,668.2000122070312,643.5,659.0499877929688,649.977294921875,495614,0.0,0.0
2022-07-14,659.0,665.75,642.1500244140625,650.7000122070312,641.7423095703125,235108,0.0,0.0
2022-07-15,648.0999755859375,654.75,634.0,643.2999877929688,634.444091796875,144257,0.0,0.0
2022-07-18,648.0,660.5499877929688,647.7000122070312,657.0,647.9555053710938,264975,0.0,0.0
2022-07-19,655.0,672.6500244140625,648.5,668.9000244140625,659.6917114257812,475362,0.0,0.0
2022-07-20,685.7999877929688,685.7999877929688,658.25,666.25,657.0781860351562,936346,0.0,0.0
2022-07-21,667.0,674.5,662.6500244140625,672.8499755859375,663.5872802734375,221454,0.0,0.0
2022-07-22,675.0,699.7999877929688,665.0,695.75,686.1720581054688,957378,0.0,0.0
2022-07-25,700.0,700.0,671.25,680.8499755859375,671.4771728515625,613819,0.0,0.0
2022-07-26,680.0,699.2000122070312,671.4000244140625,697.3499755859375,687.7499389648438,505410,0.0,0.0
2022-07-27,697.0,727.9000244140625,688.1500244140625,723.7999877929688,713.8359375,1205792,0.0,0.0
2022-07-28,725.0,728.25,710.0,720.0,710.0883178710938,585894,0.0,0.0
2022-07-29,728.2000122070312,737.0999755859375,720.0,733.8499755859375,723.7474975585938,255925,0.0,0.0
2022-08-01,733.8499755859375,761.7999877929688,730.5499877929688,752.0999755859375,741.746337890625,1144583,0.0,0.0
2022-08-02,737.0,740.0499877929688,710.0,732.75,725.5568237304688,778345,3.0,0.0
2022-08-03,734.5,736.3499755859375,721.6500244140625,726.3499755859375,719.2196655273438,597054,0.0,0.0
2022-08-04,729.8499755859375,739.4500122070312,718.0499877929688,735.9500122070312,728.7254638671875,371663,0.0,0.0
2022-08-05,736.2000122070312,760.0,731.2000122070312,756.7999877929688,749.3707275390625,563504,0.0,0.0
2022-08-08,756.7999877929688,759.0,745.9000244140625,755.0999755859375,747.6874389648438,567789,0.0,0.0
2022-08-10,757.0,758.0,742.0999755859375,755.25,747.8359375,311893,0.0,0.0
2022-08-11,759.0,765.9000244140625,745.0499877929688,749.0999755859375,741.746337890625,231118,0.0,0.0
2022-08-12,753.5499877929688,756.0,735.5,749.9000244140625,742.5384521484375,419061,0.0,0.0
2022-08-16,755.3499755859375,769.7999877929688,749.8499755859375,758.0499877929688,750.6083984375,513078,0.0,0.0
2022-08-17,759.25,766.5499877929688,755.0,761.2000122070312,753.7275390625,416944,0.0,0.0
2022-08-18,760.7999877929688,776.4000244140625,745.0,774.0499877929688,766.4513549804688,958381,0.0,0.0
2022-08-19,777.0,778.5,755.0,758.5,751.053955078125,565100,0.0,0.0
2022-08-22,738.7999877929688,756.0,723.2999877929688,730.7000122070312,723.5269775390625,830863,0.0,0.0
2022-08-23,722.0,749.9500122070312,718.0,744.0999755859375,736.79541015625,410901,0.0,0.0
2022-08-24,745.9000244140625,753.9500122070312,736.0499877929688,750.0499877929688,742.68701171875,281248,0.0,0.0
2022-08-25,754.0,769.4000244140625,749.0,761.0499877929688,753.5789794921875,562735,0.0,0.0
2022-08-26,759.7000122070312,761.4000244140625,742.0,746.4000244140625,739.0728149414062,501409,0.0,0.0
2022-08-29,735.0,741.2999877929688,725.0,732.7000122070312,725.50732421875,502089,0.0,0.0
2022-08-30,738.0999755859375,758.7999877929688,736.1500244140625,757.0,749.5687255859375,535045,0.0,0.0
2022-09-01,755.0,772.9000244140625,752.1500244140625,759.9000244140625,752.4403076171875,262979,0.0,0.0
2022-09-02,761.0,765.4000244140625,743.9500122070312,748.25,740.9046020507812,274036,0.0,0.0
2022-09-05,748.25,758.6500244140625,744.2999877929688,755.4000244140625,747.9844970703125,219105,0.0,0.0
2022-09-06,758.0,761.7999877929688,745.2999877929688,759.0999755859375,751.6481323242188,172059,0.0,0.0
2022-09-07,755.0,786.7999877929688,753.0,772.1500244140625,764.570068359375,1646540,0.0,0.0
2022-09-08,777.0,789.9500122070312,773.0,784.2999877929688,776.6007690429688,1142517,0.0,0.0
2022-09-09,788.0,796.9500122070312,772.0,776.6500244140625,769.02587890625,1721443,0.0,0.0
2022-09-12,778.4500122070312,801.5,772.2000122070312,798.5,790.661376953125,1223536,0.0,0.0
2022-09-13,801.0,809.7999877929688,791.2999877929688,798.6500244140625,790.8099975585938,663741,0.0,0.0
2022-09-14,785.0,806.5,783.4000244140625,798.25,790.4138793945312,1130815,0.0,0.0
2022-09-15,799.0,806.2999877929688,783.5499877929688,790.75,782.9874877929688,746232,0.0,0.0
2022-09-16,789.7999877929688,794.6500244140625,750.5,763.4000244140625,755.906005859375,911987,0.0,0.0
2022-09-19,762.7999877929688,779.0,753.0499877929688,765.0999755859375,757.5892333984375,626585,0.0,0.0
2022-09-20,772.0,783.8499755859375,765.7999877929688,776.5,768.8773803710938,435798,0.0,0.0
2022-09-21,776.4000244140625,779.4000244140625,746.0,750.4500122070312,743.0830688476562,386121,0.0,0.0
2022-09-22,744.7999877929688,763.5,737.0999755859375,755.0,747.58837890625,453897,0.0,0.0
2022-09-23,754.2000122070312,755.9000244140625,729.3499755859375,731.4000244140625,724.2200927734375,413234,0.0,0.0
2022-09-26,730.0,733.75,701.4000244140625,713.75,706.7433471679688,264135,0.0,0.0
2022-09-27,714.9500122070312,733.0,708.0,716.8499755859375,709.8128662109375,209354,0.0,0.0
2022-09-28,710.7000122070312,749.7999877929688,700.0,742.2999877929688,735.0131225585938,552844,0.0,0.0
2022-09-29,753.7999877929688,760.75,741.5499877929688,749.0999755859375,741.746337890625,556512,0.0,0.0
2022-09-30,749.0999755859375,764.9000244140625,746.5,754.5,747.09326171875,321194,0.0,0.0
2022-10-03,753.8499755859375,764.4000244140625,736.4000244140625,741.2999877929688,734.0228881835938,205155,0.0,0.0
2022-10-04,755.0,759.5999755859375,744.2999877929688,757.1500244140625,749.71728515625,176647,0.0,0.0
2022-10-06,760.2999877929688,769.9000244140625,757.0999755859375,763.0,755.509765625,295262,0.0,0.0
2022-10-07,763.0,764.6500244140625,720.25,737.2000122070312,729.9631958007812,625971,0.0,0.0
2022-10-10,727.0,734.7000122070312,718.7999877929688,724.25,717.1402587890625,254858,0.0,0.0
2022-10-11,725.4500122070312,729.75,703.25,707.1500244140625,700.2081909179688,1070851,0.0,0.0
2022-10-12,707.1500244140625,712.8499755859375,694.0999755859375,709.1500244140625,702.1885375976562,436997,0.0,0.0
2022-10-13,707.2999877929688,711.9500122070312,699.8499755859375,702.2999877929688,695.40576171875,217458,0.0,0.0
2022-10-14,711.9000244140625,714.9500122070312,696.0,697.75,690.900390625,238974,0.0,0.0
2022-10-17,695.0,710.0,686.7999877929688,707.2000122070312,700.2576293945312,205085,0.0,0.0
2022-10-18,709.5999755859375,712.2999877929688,700.0,706.0999755859375,699.1683959960938,147005,0.0,0.0
2022-10-19,708.9000244140625,712.2000122070312,696.0,697.1500244140625,690.3063354492188,355152,0.0,0.0
2022-10-20,690.0,709.5499877929688,689.0499877929688,708.0999755859375,701.1488037109375,392924,0.0,0.0
2022-10-21,710.0,719.7999877929688,700.0999755859375,703.4000244140625,696.4949951171875,261094,0.0,0.0
2022-10-24,708.2000122070312,720.9000244140625,702.0,703.9000244140625,696.9900512695312,37884,0.0,0.0
2022-10-25,703.9000244140625,711.9500122070312,702.0,709.4500122070312,702.4855346679688,534584,0.0,0.0
2022-10-27,711.4000244140625,712.75,700.7000122070312,703.9000244140625,696.9900512695312,238001,0.0,0.0
2022-10-28,704.0,709.4000244140625,694.2000122070312,698.5,691.6431274414062,98075,0.0,0.0
2022-10-31,702.0,724.0,699.0499877929688,721.7999877929688,714.7142944335938,442230,0.0,0.0
2022-11-01,726.0,732.8499755859375,719.6500244140625,729.5,722.3387451171875,476275,0.0,0.0
2022-11-02,728.2999877929688,737.0,720.0,725.75,718.6255493164062,408126,0.0,0.0
2022-11-03,720.0,727.0499877929688,708.7999877929688,716.0499877929688,709.0206909179688,198048,0.0,0.0
2022-11-04,718.4500122070312,730.0,716.2000122070312,726.75,719.61572265625,742520,0.0,0.0
2022-11-07,730.9500122070312,744.5,730.0,739.0999755859375,731.844482421875,572911,0.0,0.0
2022-11-09,744.0,746.0999755859375,699.4000244140625,704.4500122070312,697.5346069335938,1039790,0.0,0.0
2022-11-10,689.0,689.0,634.0499877929688,646.3499755859375,640.0049438476562,3903914,0.0,0.0
2022-11-11,650.0999755859375,658.6500244140625,634.2999877929688,641.7000122070312,635.400634765625,1306411,0.0,0.0
2022-11-14,644.8499755859375,670.0,640.5999755859375,663.1500244140625,656.64013671875,686983,0.0,0.0
2022-11-15,668.0,672.7999877929688,659.7999877929688,664.75,658.224365234375,588702,0.0,0.0
2022-11-16,666.0,672.0,652.6500244140625,656.7999877929688,650.3523559570312,461537,0.0,0.0
2022-11-17,656.7999877929688,659.9500122070312,645.25,647.0499877929688,640.6980590820312,280482,0.0,0.0
2022-11-18,648.6500244140625,655.0,641.2999877929688,653.25,646.8372802734375,346494,0.0,0.0
2022-11-21,651.0,666.0,648.9000244140625,662.5,655.9964599609375,310560,0.0,0.0
2022-11-22,665.0,681.5,662.5999755859375,666.1500244140625,659.6106567382812,627317,0.0,0.0
2022-11-23,666.5,673.8499755859375,657.0,671.0,664.4129638671875,407891,0.0,0.0
2022-11-24,673.6500244140625,678.25,657.1500244140625,659.3499755859375,652.8773803710938,1001919,0.0,0.0
2022-11-25,660.2000122070312,664.5499877929688,654.4000244140625,656.75,650.3029174804688,678414,0.0,0.0
2022-11-28,658.0,661.5999755859375,654.0999755859375,658.0499877929688,651.5901489257812,761250,0.0,0.0
2022-11-29,658.0999755859375,669.8499755859375,656.0999755859375,659.0499877929688,652.5802612304688,848714,0.0,0.0
2022-11-30,660.2000122070312,677.7000122070312,657.4000244140625,674.7999877929688,668.1756591796875,1042278,0.0,0.0
2022-12-01,677.0,689.0,669.2999877929688,679.7000122070312,673.027587890625,922165,0.0,0.0
2022-12-02,680.0,694.5499877929688,676.25,691.1500244140625,684.365234375,955293,0.0,0.0
2022-12-05,694.0,699.0,685.2999877929688,691.7999877929688,685.0088500976562,323965,0.0,0.0
2022-12-06,688.7000122070312,701.7999877929688,688.3499755859375,699.7000122070312,692.8312377929688,721845,0.0,0.0
2022-12-07,704.3499755859375,707.9500122070312,694.25,706.2999877929688,699.3665161132812,686847,0.0,0.0
2022-12-08,706.2999877929688,730.7000122070312,703.0999755859375,729.7999877929688,722.6358032226562,1328956,0.0,0.0
2022-12-09,734.2000122070312,735.4500122070312,718.25,730.1500244140625,722.982421875,1693319,0.0,0.0
2022-12-12,732.7999877929688,733.4000244140625,721.0999755859375,732.5999755859375,725.4082641601562,551511,0.0,0.0
2022-12-13,735.6500244140625,738.5,723.7000122070312,725.1500244140625,718.0314331054688,624661,0.0,0.0
2022-12-14,728.7999877929688,734.0,720.4500122070312,722.4500122070312,715.3580322265625,163741,0.0,0.0
2022-12-15,722.8499755859375,733.0,717.1500244140625,721.75,714.664794921875,306417,0.0,0.0
2022-12-16,717.5,724.0,708.7999877929688,714.4500122070312,707.4365234375,216106,0.0,0.0
2022-12-19,714.5,721.0,709.2999877929688,719.4500122070312,712.3873901367188,489293,0.0,0.0
2022-12-20,717.9500122070312,718.0,703.0499877929688,707.4500122070312,700.5051879882812,147164,0.0,0.0
2022-12-21,711.0,717.1500244140625,693.7000122070312,699.9500122070312,693.0787963867188,192138,0.0,0.0
2022-12-22,700.9000244140625,705.0499877929688,688.1500244140625,701.9500122070312,695.0591430664062,515120,0.0,0.0
2022-12-23,697.0999755859375,698.5499877929688,679.1500244140625,684.9500122070312,678.22607421875,338069,0.0,0.0
2022-12-26,683.0,703.9000244140625,666.0,699.8499755859375,692.9797973632812,210346,0.0,0.0
2022-12-27,700.0,714.75,700.0,705.5499877929688,698.6238403320312,366277,0.0,0.0
2022-12-28,705.5499877929688,711.25,700.8499755859375,709.5999755859375,702.634033203125,348292,0.0,0.0
2022-12-29,707.0,710.0,690.0,700.0,693.1282958984375,370942,0.0,0.0
2022-12-30,701.5,704.9500122070312,692.9500122070312,700.25,693.3758544921875,354622,0.0,0.0
2023-01-02,700.0,709.0,696.0499877929688,706.1500244140625,699.2179565429688,158224,0.0,0.0
2023-01-03,705.9500122070312,718.7000122070312,698.2999877929688,713.25,706.248291015625,787994,0.0,0.0
2023-01-04,716.9500122070312,722.25,705.5,708.4500122070312,701.495361328125,528497,0.0,0.0
2023-01-05,710.0,712.0,702.0999755859375,710.0499877929688,703.0796508789062,153672,0.0,0.0
2023-01-06,710.0499877929688,720.0,707.0999755859375,713.8499755859375,706.8423461914062,433110,0.0,0.0
2023-01-09,719.0,724.25,708.2999877929688,712.9000244140625,705.9017333984375,255695,0.0,0.0
2023-01-10,714.1500244140625,719.6500244140625,697.2000122070312,700.0999755859375,693.227294921875,268735,0.0,0.0
2023-01-11,700.5,707.7999877929688,697.5999755859375,704.5499877929688,697.6336669921875,117092,0.0,0.0
2023-01-12,705.7999877929688,711.7000122070312,702.25,704.2999877929688,697.3861694335938,108626,0.0,0.0
2023-01-13,705.9000244140625,711.5499877929688,701.5999755859375,709.75,702.7825927734375,164073,0.0,0.0
2023-01-16,710.9000244140625,716.4000244140625,707.7999877929688,712.0499877929688,705.0599975585938,142034,0.0,0.0
2023-01-17,711.7999877929688,715.7999877929688,707.25,712.2000122070312,705.2085571289062,77842,0.0,0.0
2023-01-18,709.0,715.5,705.0999755859375,714.1500244140625,707.1394653320312,338853,0.0,0.0
2023-01-19,717.0,717.9000244140625,705.6500244140625,712.2999877929688,705.3076171875,178379,0.0,0.0
2023-01-20,712.2999877929688,715.4000244140625,703.0,704.75,697.8317260742188,92233,0.0,0.0
2023-01-23,706.9500122070312,707.25,685.0,689.9000244140625,683.1275634765625,293754,0.0,0.0
2023-01-24,689.9000244140625,690.9500122070312,675.0,678.7999877929688,672.1364135742188,417997,0.0,0.0
2023-01-25,676.6500244140625,678.7000122070312,665.7999877929688,670.2999877929688,663.7197875976562,305396,0.0,0.0
2023-01-27,670.2999877929688,674.9000244140625,642.0499877929688,651.7999877929688,645.4014282226562,235402,0.0,0.0
2023-01-30,651.0499877929688,675.75,646.8499755859375,655.0,648.570068359375,267002,0.0,0.0
2023-01-31,655.0,679.9500122070312,654.9000244140625,675.7000122070312,669.0668334960938,226524,0.0,0.0
2023-02-01,676.0,699.9500122070312,666.0999755859375,677.1500244140625,670.5027465820312,354607,0.0,0.0
2023-02-02,677.1500244140625,694.9000244140625,668.8499755859375,681.7999877929688,675.10693359375,191139,0.0,0.0
2023-02-03,683.7999877929688,688.9000244140625,669.0999755859375,683.2000122070312,676.4932861328125,221276,0.0,0.0
2023-02-06,683.2000122070312,693.5,679.2999877929688,683.5,676.790283203125,204570,0.0,0.0
2023-02-07,684.0,734.7000122070312,670.7999877929688,701.2000122070312,694.3165283203125,1234940,0.0,0.0
2023-02-08,704.6500244140625,735.7000122070312,701.1500244140625,730.3499755859375,723.1803588867188,760772,0.0,0.0
2023-02-09,726.0499877929688,738.7000122070312,721.0,724.0499877929688,716.9422607421875,373232,0.0,0.0
2023-02-10,720.0,737.0,707.5999755859375,734.2000122070312,726.9926147460938,310663,0.0,0.0
2023-02-13,737.0,743.3499755859375,720.1500244140625,730.4000244140625,723.2299194335938,523378,0.0,0.0
2023-02-14,723.7999877929688,732.5499877929688,721.0,723.4500122070312,716.3482055664062,128518,0.0,0.0
2023-02-15,719.0,743.9000244140625,718.0,740.4000244140625,733.1317749023438,269691,0.0,0.0
2023-02-16,745.0,745.7999877929688,722.5499877929688,725.0,717.8828735351562,507442,0.0,0.0
2023-02-17,725.9500122070312,751.5999755859375,725.9500122070312,733.4500122070312,726.25,1145667,0.0,0.0
2023-02-20,737.1500244140625,742.7999877929688,716.75,738.0499877929688,730.8048095703125,516579,0.0,0.0
2023-02-21,741.5,748.6500244140625,717.7999877929688,735.0,727.7847290039062,613569,0.0,0.0
2023-02-22,726.5999755859375,733.0,708.75,723.5,716.3975830078125,966440,0.0,0.0
2023-02-23,721.0,731.0,719.1500244140625,724.25,717.1402587890625,528776,0.0,0.0
2023-02-24,724.25,737.4500122070312,716.8499755859375,720.5,713.4270629882812,384414,0.0,0.0
2023-02-27,720.0,724.1500244140625,701.6500244140625,706.8499755859375,699.9110107421875,377141,0.0,0.0
2023-02-28,709.7999877929688,718.75,703.0999755859375,714.5,707.4859619140625,150319,0.0,0.0
2023-03-01,715.9500122070312,732.5499877929688,710.8499755859375,730.2999877929688,723.130859375,317663,0.0,0.0
2023-03-02,732.0,737.3499755859375,719.0499877929688,725.5,718.3779296875,257391,0.0,0.0
2023-03-03,729.1500244140625,737.8499755859375,715.0,734.2999877929688,727.0916137695312,450446,0.0,0.0
2023-03-06,738.2000122070312,742.0,719.5499877929688,728.2000122070312,721.051513671875,421168,0.0,0.0
2023-03-08,725.0,747.0,722.5499877929688,742.3499755859375,735.0625610351562,416748,0.0,0.0
2023-03-09,745.4000244140625,750.5,724.0,729.9000244140625,722.73486328125,528417,0.0,0.0
2023-03-10,728.0,731.9000244140625,717.7999877929688,729.5499877929688,722.3882446289062,206648,0.0,0.0
2023-03-13,729.5499877929688,731.7000122070312,703.7999877929688,716.0999755859375,709.0702514648438,769995,0.0,0.0
2023-03-14,716.0,719.9500122070312,706.2000122070312,711.5,704.5154418945312,288472,0.0,0.0
2023-03-15,714.2000122070312,737.0,711.5,715.75,708.7237548828125,283993,0.0,0.0
2023-03-16,715.75,721.0,708.9000244140625,717.0999755859375,710.0604248046875,221157,0.0,0.0
2023-03-17,721.8499755859375,725.0,715.4000244140625,718.5999755859375,711.545654296875,309107,0.0,0.0
2023-03-20,715.0,725.25,712.0499877929688,719.0999755859375,712.040771484375,471056,0.0,0.0
2023-03-21,720.0,728.9500122070312,717.0499877929688,725.5499877929688,718.427490234375,251028,0.0,0.0
2023-03-22,730.5499877929688,735.9500122070312,725.0999755859375,732.5999755859375,725.4082641601562,182917,0.0,0.0
2023-03-23,729.7999877929688,743.7999877929688,726.1500244140625,740.5,733.2307739257812,511163,0.0,0.0
2023-03-24,740.0,746.7999877929688,728.0,744.5,737.1915283203125,650793,0.0,0.0
2023-03-27,745.0,759.9500122070312,736.8499755859375,743.75,736.4487915039062,625795,0.0,0.0
2023-03-28,746.0,746.25,735.2999877929688,738.9000244140625,731.646484375,179341,0.0,0.0
2023-03-29,744.0,755.7999877929688,740.0,749.6500244140625,742.2909545898438,749652,0.0,0.0
2023-03-31,752.0,759.4000244140625,743.0,756.6500244140625,749.2222900390625,370013,0.0,0.0
2023-04-03,760.0,770.0,747.7000122070312,755.0499877929688,747.637939453125,423326,0.0,0.0
2023-04-05,759.0,762.0,745.0499877929688,761.0,753.5294189453125,361575,0.0,0.0
2023-04-06,761.0,762.25,752.8499755859375,755.0999755859375,747.6874389648438,192190,0.0,0.0
2023-04-10,758.5499877929688,762.0,748.4000244140625,759.75,752.291748046875,239220,0.0,0.0
2023-04-11,759.75,761.7999877929688,755.0,756.7999877929688,749.3707275390625,193522,0.0,0.0
2023-04-12,755.5,768.4500122070312,754.0,757.5,750.0638427734375,332852,0.0,0.0
2023-04-13,759.9500122070312,759.9500122070312,743.0,746.5,739.1718139648438,260904,0.0,0.0
2023-04-17,745.0,765.9000244140625,737.0,763.0,755.509765625,581873,0.0,0.0
2023-04-18,765.75,768.3499755859375,750.5499877929688,755.5999755859375,748.1824951171875,205980,0.0,0.0
2023-04-19,758.0,758.0,740.2000122070312,742.8499755859375,735.5576782226562,321854,0.0,0.0
2023-04-20,743.0,747.4000244140625,738.0999755859375,740.1500244140625,732.8842163085938,83664,0.0,0.0
2023-04-21,749.0,753.4500122070312,721.8499755859375,725.5499877929688,718.427490234375,733993,0.0,0.0
2023-04-24,725.9500122070312,734.0,716.0499877929688,727.9500122070312,720.803955078125,145274,0.0,0.0
2023-04-25,729.7999877929688,731.7999877929688,722.5,725.4000244140625,718.279052734375,128204,0.0,0.0
2023-04-26,725.0,732.5999755859375,720.5499877929688,730.1500244140625,722.982421875,151462,0.0,0.0
2023-04-27,730.1500244140625,732.5499877929688,725.0,728.25,721.1010131835938,117499,0.0,0.0
2023-04-28,730.0,742.5,726.0999755859375,736.2000122070312,728.9730224609375,424722,0.0,0.0
2023-05-02,741.0999755859375,746.4500122070312,735.0,742.0999755859375,734.8150024414062,128667,0.0,0.0
2023-05-03,743.0,752.6500244140625,738.25,747.9000244140625,740.55810546875,136488,0.0,0.0
2023-05-04,750.0,756.5,744.7000122070312,754.3499755859375,746.9447631835938,140033,0.0,0.0
2023-05-05,754.9000244140625,763.9500122070312,749.5499877929688,761.25,753.7770385742188,250588,0.0,0.0
2023-05-08,764.0,779.9500122070312,760.1500244140625,773.75,766.1543579101562,398542,0.0,0.0
2023-05-09,773.75,782.5999755859375,768.75,770.7999877929688,763.2332763671875,263548,0.0,0.0
2023-05-10,773.7999877929688,781.3499755859375,765.0,767.0,759.4705810546875,160702,0.0,0.0
2023-05-11,769.9500122070312,779.9500122070312,767.5499877929688,776.5,768.8773803710938,182923,0.0,0.0
2023-05-12,780.0,782.2999877929688,765.9500122070312,768.7999877929688,761.2529907226562,263637,0.0,0.0
2023-05-15,765.7000122070312,775.3499755859375,764.25,770.25,762.688720703125,223516,0.0,0.0
2023-05-16,770.0,776.7000122070312,758.5999755859375,771.0499877929688,763.4808959960938,256577,0.0,0.0
2023-05-17,771.0499877929688,792.7000122070312,771.0499877929688,789.0,781.2546997070312,535744,0.0,0.0
2023-05-18,798.0,799.25,763.2999877929688,781.5999755859375,773.9273071289062,936356,0.0,0.0
2023-05-19,798.9000244140625,850.0,798.0,843.9000244140625,835.61572265625,6819595,0.0,0.0
2023-05-22,842.0,884.6500244140625,836.2999877929688,879.9000244140625,871.2622680664062,1684588,0.0,0.0
2023-05-23,877.0,891.0999755859375,871.9000244140625,884.4000244140625,875.7181396484375,805192,0.0,0.0
2023-05-24,880.0,893.5999755859375,877.2000122070312,883.0499877929688,874.38134765625,487934,0.0,0.0
2023-05-25,877.0499877929688,888.0,874.1500244140625,882.5499877929688,873.8862915039062,633274,0.0,0.0
2023-05-26,882.5999755859375,885.0999755859375,869.2999877929688,875.4000244140625,866.8064575195312,232319,0.0,0.0
2023-05-29,880.0,889.0,872.2000122070312,886.9000244140625,878.193603515625,228720,0.0,0.0
2023-05-30,888.1500244140625,922.7999877929688,885.0,919.2999877929688,910.2755126953124,1164477,0.0,0.0
2023-05-31,921.5,925.5,898.75,904.0999755859376,895.2247314453125,704655,0.0,0.0
2023-06-01,904.4500122070312,916.4000244140624,901.0999755859376,908.2999877929688,899.3834838867188,290889,0.0,0.0
2023-06-02,910.4000244140624,919.0,905.0499877929688,914.9500122070312,905.96826171875,422482,0.0,0.0
2023-06-05,915.5499877929688,921.9500122070312,907.1500244140624,911.75,902.7996215820312,150261,0.0,0.0
2023-06-06,915.0,934.7000122070312,912.75,922.0499877929688,912.9984741210938,930863,0.0,0.0
2023-06-07,925.0,926.0499877929688,913.4000244140624,921.2000122070312,912.1569213867188,349145,0.0,0.0
2023-06-08,919.75,922.75,896.7000122070312,916.5499877929688,907.552490234375,408187,0.0,0.0
2023-06-09,920.0,937.2999877929688,910.0499877929688,932.5499877929688,923.3954467773438,685237,0.0,0.0
2023-06-12,936.0,939.5,928.7999877929688,937.75,928.54443359375,220816,0.0,0.0
2023-06-13,938.9500122070312,946.0,931.25,933.8499755859376,924.6826782226562,393076,0.0,0.0
2023-06-14,934.5,944.0499877929688,931.8499755859376,939.25,930.0297241210938,233242,0.0,0.0
2023-06-15,940.25,951.7000122070312,932.7999877929688,939.5499877929688,930.3267211914062,490555,0.0,0.0
2023-06-16,942.0,950.4000244140624,939.5,943.8499755859376,934.5845336914062,184309,0.0,0.0
2023-06-19,939.0499877929688,949.9500122070312,931.7999877929688,934.7999877929688,925.6233520507812,338919,0.0,0.0
2023-06-20,934.9500122070312,939.5999755859376,925.0,927.5,918.39501953125,362938,0.0,0.0
2023-06-21,928.9000244140624,951.5,927.4500122070312,949.3499755859376,940.030517578125,635614,0.0,0.0
2023-06-22,949.0,949.0,924.1500244140624,932.7999877929688,923.6430053710938,482154,0.0,0.0
2023-06-23,929.0,937.6500244140624,917.5999755859376,930.2000122070312,921.0685424804688,380440,0.0,0.0
2023-06-26,921.7999877929688,938.0,908.2999877929688,934.25,925.0787963867188,324920,0.0,0.0
2023-06-27,934.9000244140624,948.4500122070312,924.5,929.4500122070312,920.3258056640624,679072,0.0,0.0
2023-06-28,937.9000244140624,942.0499877929688,930.9500122070312,933.6500244140624,924.4846801757812,1226964,0.0,0.0
2023-06-30,938.0,939.9000244140624,920.8499755859376,924.25,915.1769409179688,416769,0.0,0.0
2023-07-03,930.0,942.9000244140624,927.0,940.5,931.2673950195312,268182,0.0,0.0
2023-07-04,940.0,947.0,934.9500122070312,936.0499877929688,926.8610229492188,446403,0.0,0.0
2023-07-05,937.0,945.0,929.9500122070312,940.8499755859376,931.6139526367188,218648,0.0,0.0
2023-07-06,940.9500122070312,953.0,933.9000244140624,935.0499877929688,925.8709106445312,381284,0.0,0.0
2023-07-07,935.0499877929688,937.6500244140624,924.25,926.4500122070312,917.3553466796876,501029,0.0,0.0
2023-07-10,934.0,938.75,917.9500122070312,921.2000122070312,912.1569213867188,309824,0.0,0.0
2023-07-11,925.0499877929688,937.9500122070312,923.5999755859376,934.4500122070312,925.2767944335938,235443,0.0,0.0
2023-07-12,934.7000122070312,939.4000244140624,920.5499877929688,925.3499755859376,916.2661743164062,442706,0.0,0.0
2023-07-13,930.2000122070312,945.0,924.5,928.7999877929688,919.6821899414062,799131,0.0,0.0
2023-07-14,936.2000122070312,941.8499755859376,920.2000122070312,926.1500244140624,917.0582275390624,373226,0.0,0.0
2023-07-17,926.1500244140624,933.0999755859376,913.0,921.0499877929688,912.00830078125,463860,0.0,0.0
2023-07-18,925.0,929.9500122070312,915.4500122070312,920.2999877929688,911.2656860351562,326604,0.0,0.0
2023-07-19,921.5499877929688,927.5499877929688,917.2000122070312,922.75,913.6917114257812,280757,0.0,0.0
2023-07-20,921.0999755859376,925.0,905.1500244140624,909.3499755859376,900.4232177734375,431743,0.0,0.0
2023-07-21,908.4500122070312,908.9000244140624,873.0,887.3499755859375,878.6392211914062,843389,0.0,0.0
2023-07-24,890.0,915.0,879.5,882.0999755859375,873.440673828125,156072,0.0,0.0
2023-07-25,886.7000122070312,900.0999755859375,883.5499877929688,897.5999755859375,888.7885131835938,330236,0.0,0.0
2023-07-26,900.0,902.2999877929688,886.2999877929688,891.5499877929688,882.7979125976562,83521,0.0,0.0
2023-07-27,896.2000122070312,897.5,874.0999755859375,879.75,871.11376953125,217944,0.0,0.0
2023-07-28,880.0999755859375,886.25,871.0999755859375,880.5499877929688,871.9058837890625,349181,0.0,0.0
2023-07-31,880.5499877929688,913.75,880.5499877929688,886.2000122070312,877.50048828125,145284,0.0,0.0
2023-08-01,887.7000122070312,894.9000244140625,879.5499877929688,883.2000122070312,874.5299072265625,358600,0.0,0.0
2023-08-02,883.2000122070312,897.5999755859375,872.9000244140625,883.5499877929688,874.87646484375,847623,0.0,0.0
2023-08-03,877.0,884.5499877929688,865.0,871.0999755859375,864.5055541992188,272167,2.0,0.0
2023-08-04,870.0,882.0,855.2999877929688,876.5999755859375,869.9639282226562,692816,0.0,0.0
2023-08-07,876.5999755859375,881.7999877929688,841.0,874.1500244140625,867.5325927734375,2159122,0.0,0.0
2023-08-08,850.0,866.9000244140625,827.7000122070312,847.8499755859375,841.4315795898438,1979102,0.0,0.0
2023-08-09,849.9500122070312,867.7000122070312,839.7999877929688,864.4000244140625,857.8563232421875,311739,0.0,0.0
2023-08-10,865.0,873.4000244140625,853.0999755859375,856.0,849.5198974609375,394889,0.0,0.0
2023-08-11,856.0,860.7000122070312,846.5999755859375,854.7999877929688,848.3289794921875,306684,0.0,0.0
2023-08-14,854.7999877929688,857.4000244140625,836.2999877929688,840.5,834.13720703125,171652,0.0,0.0
2023-08-16,840.2999877929688,847.4500122070312,831.5999755859375,842.75,836.3701782226562,267991,0.0,0.0
2023-08-17,842.0,846.1500244140625,834.8499755859375,841.25,834.881591796875,291836,0.0,0.0
2023-08-18,841.2000122070312,858.0,831.75,852.0999755859375,845.6494140625,507414,0.0,0.0
2023-08-21,852.0999755859375,862.0,845.4500122070312,856.6500244140625,850.1650390625,171713,0.0,0.0
2023-08-22,865.0,871.2000122070312,850.0,858.3499755859375,851.8521118164062,386486,0.0,0.0
2023-08-23,860.0,862.4000244140625,843.7999877929688,849.9500122070312,843.515625,293364,0.0,0.0
2023-08-24,851.4500122070312,866.9000244140625,851.4500122070312,859.0499877929688,852.5468139648438,389328,0.0,0.0
2023-08-25,860.0,862.9500122070312,850.0999755859375,854.8499755859375,848.3786010742188,199823,0.0,0.0
2023-08-28,856.0,870.9500122070312,850.2999877929688,868.9000244140625,862.322265625,236041,0.0,0.0
2023-08-29,872.7999877929688,885.0,866.9500122070312,869.6500244140625,863.0665893554688,411142,0.0,0.0
2023-08-30,873.4000244140625,876.0,862.3499755859375,869.5999755859375,863.0169067382812,284650,0.0,0.0
2023-08-31,869.5999755859375,877.9500122070312,863.0,867.7000122070312,861.1312866210938,198221,0.0,0.0
2023-09-01,869.0,892.2000122070312,863.0499877929688,888.2999877929688,881.575439453125,386966,0.0,0.0
2023-09-04,895.25,925.9000244140624,889.0,921.9000244140624,914.9210205078124,916870,0.0,0.0
2023-09-05,928.9500122070312,929.4500122070312,915.1500244140624,920.9500122070312,913.9781494140624,249377,0.0,0.0
2023-09-06,921.0,922.4500122070312,909.2999877929688,913.2000122070312,906.2869262695312,188203,0.0,0.0
2023-09-07,909.9500122070312,914.2000122070312,894.2999877929688,901.6500244140624,894.8243408203125,485728,0.0,0.0
2023-09-08,906.0,906.0,889.5999755859375,902.5,895.6678466796875,244365,0.0,0.0
2023-09-11,907.3499755859376,912.6500244140624,896.2000122070312,899.5999755859375,892.7897338867188,190602,0.0,0.0
2023-09-12,899.5999755859375,907.2000122070312,885.0,899.0999755859375,892.2936401367188,529410,0.0,0.0
2023-09-13,899.0999755859375,905.8499755859376,888.75,897.1500244140625,890.3583984375,104852,0.0,0.0
2023-09-14,902.0,909.7000122070312,887.0,894.75,887.9765625,199432,0.0,0.0
2023-09-15,895.0,900.7000122070312,892.0,894.8499755859375,888.0758056640625,96483,0.0,0.0
2023-09-18,896.5,899.5499877929688,881.0499877929688,886.4000244140625,879.6897583007812,131091,0.0,0.0
2023-09-20,884.2999877929688,887.7000122070312,866.5999755859375,874.5,867.8798828125,500228,0.0,0.0
2023-09-21,874.0,878.75,863.7999877929688,866.8499755859375,860.2877197265625,160808,0.0,0.0
2023-09-22,867.5999755859375,871.5,856.4500122070312,858.7000122070312,852.199462890625,115405,0.0,0.0
2023-09-25,860.5499877929688,910.4000244140624,860.5499877929688,904.7999877929688,897.950439453125,1271511,0.0,0.0
2023-09-26,909.9000244140624,935.0,904.9500122070312,929.7000122070312,922.6619873046876,1385187,0.0,0.0
2023-09-27,940.0,940.9500122070312,916.0499877929688,923.5999755859376,916.608154296875,836431,0.0,0.0
2023-09-28,920.6500244140624,925.2999877929688,897.7000122070312,909.0999755859376,902.2178955078124,638779,0.0,0.0
2023-09-29,916.0,927.0,907.6500244140624,910.2000122070312,903.3095703125,345047,0.0,0.0
2023-10-03,915.0,925.0,912.7000122070312,916.9000244140624,909.9588623046876,462949,0.0,0.0
2023-10-04,916.9000244140624,956.5,910.4000244140624,951.5999755859376,944.3961791992188,2181162,0.0,0.0
2023-10-05,959.0,963.7999877929688,935.4000244140624,939.5,932.3878173828124,1214662,0.0,0.0
2023-10-06,940.0,957.8499755859376,939.5,949.7000122070312,942.5105590820312,1018851,0.0,0.0
2023-10-09,940.0999755859376,954.2000122070312,926.2000122070312,949.7000122070312,942.5105590820312,473866,0.0,0.0
2023-10-10,949.9000244140624,957.0,939.0,947.2999877929688,940.1287231445312,426847,0.0,0.0
2023-10-11,950.0499877929688,994.7999877929688,948.2000122070312,983.4000244140624,975.9554443359376,1911654,0.0,0.0
2023-10-12,988.9000244140624,1002.0,979.5499877929688,998.9500122070312,991.3877563476562,590749,0.0,0.0
2023-10-13,998.9000244140624,1004.5999755859376,990.9500122070312,996.0999755859376,988.5592651367188,267415,0.0,0.0
2023-10-16,998.3499755859376,1015.0,988.1500244140624,1000.4000244140624,992.8267822265624,523283,0.0,0.0
2023-10-17,1007.9000244140624,1007.9000244140624,987.0,992.6500244140624,985.1354370117188,293519,0.0,0.0
2023-10-18,992.0999755859376,994.6500244140624,982.2999877929688,987.1500244140624,979.6771240234376,182240,0.0,0.0
2023-10-19,985.0,1003.2000122070312,969.5,992.8499755859376,985.3338623046876,358888,0.0,0.0
2023-10-20,991.8499755859376,1016.2000122070312,989.2000122070312,994.2999877929688,986.77294921875,659496,0.0,0.0
2023-10-23,996.9500122070312,1009.7999877929688,970.2999877929688,975.3499755859376,967.9663696289062,431256,0.0,0.0
2023-10-25,975.0,996.7000122070312,966.5999755859376,982.0,974.5661010742188,310034,0.0,0.0
2023-10-26,982.0,983.7000122070312,961.0,977.3499755859376,969.9512329101562,232004,0.0,0.0
2023-10-27,983.2000122070312,990.0,969.7999877929688,972.6500244140624,965.286865234375,203280,0.0,0.0
2023-10-30,972.0,987.0,960.75,984.0499877929688,976.6004638671876,145683,0.0,0.0
2023-10-31,989.2000122070312,994.6500244140624,981.0499877929688,991.7000122070312,984.192626953125,155209,0.0,0.0
2023-11-01,999.4000244140624,999.4000244140624,981.0499877929688,984.2999877929688,976.8485717773438,212776,0.0,0.0
2023-11-02,989.5,999.0,985.2999877929688,992.5,984.986572265625,136480,0.0,0.0
2023-11-03,998.0,998.5,980.2999877929688,983.5999755859376,976.1539306640624,181569,0.0,0.0
2023-11-06,989.6500244140624,1013.9000244140624,983.6500244140624,1005.6500244140624,998.0369873046876,563962,0.0,0.0
2023-11-07,1009.0,1013.5499877929688,997.5999755859376,1001.2999877929688,993.719970703125,414838,0.0,0.0
2023-11-08,1003.4000244140624,1011.5999755859376,999.1500244140624,1009.9500122070312,1002.304443359375,331428,0.0,0.0
2023-11-09,1012.3499755859376,1040.0,995.7999877929688,1022.2000122070312,1014.4617919921876,1807675,0.0,0.0
2023-11-10,1020.0,1024.6500244140625,970.5499877929688,986.2000122070312,978.7343139648438,1736004,0.0,0.0
2023-11-13,987.7999877929688,1016.0,983.25,995.0,987.4676513671876,530744,0.0,0.0
2023-11-15,1000.0999755859376,1009.7000122070312,992.7999877929688,994.7999877929688,987.2691650390624,522596,0.0,0.0
2023-11-16,997.9500122070312,1005.8499755859376,979.4000244140624,1003.1500244140624,995.555908203125,398368,0.0,0.0
2023-11-17,1003.9000244140624,1017.7000122070312,1003.0999755859376,1006.5499877929688,998.93017578125,201111,0.0,0.0
2023-11-20,1009.9500122070312,1010.5,982.0,984.5,977.047119140625,316855,0.0,0.0
2023-11-21,985.3499755859376,992.7999877929688,980.0499877929688,981.8499755859376,974.4171752929688,433252,0.0,0.0
2023-11-22,981.8499755859376,988.5,966.3499755859376,972.9500122070312,965.5845947265624,413704,0.0,0.0
2023-11-23,974.4500122070312,979.9500122070312,960.0,966.6500244140624,959.332275390625,211786,0.0,0.0
2023-11-24,966.7000122070312,974.4500122070312,959.0999755859376,961.8499755859376,954.5685424804688,144669,0.0,0.0
2023-11-28,962.5,975.9500122070312,960.0499877929688,971.5499877929688,964.1951293945312,301132,0.0,0.0
2023-11-29,976.5999755859376,997.0499877929688,975.0,993.25,985.7308349609376,651708,0.0,0.0
2023-11-30,1000.8499755859376,1001.5499877929688,985.9000244140624,993.9000244140624,986.3760375976562,473612,0.0,0.0
2023-12-01,1003.1500244140624,1009.9500122070312,991.2999877929688,1005.7000122070312,998.086669921875,303877,0.0,0.0
2023-12-04,1015.0,1038.1500244140625,1002.25,1032.4000244140625,1024.58447265625,692925,0.0,0.0
2023-12-05,1033.0,1049.699951171875,1017.8499755859376,1023.75,1016.0,591746,0.0,0.0
2023-12-06,1025.9000244140625,1036.0999755859375,1015.75,1018.9000244140624,1011.1867065429688,235629,0.0,0.0
2023-12-07,1022.0,1038.0,1012.4000244140624,1022.2999877929688,1014.5609741210938,461494,0.0,0.0
2023-12-08,1025.0,1033.0,1003.2000122070312,1019.0,1011.2860107421876,441145,0.0,0.0
2023-12-11,1021.0,1035.0,1019.8499755859376,1031.449951171875,1023.6416625976562,187137,0.0,0.0
2023-12-12,1036.800048828125,1045.0,1028.699951171875,1039.75,1031.87890625,426127,0.0,0.0
2023-12-13,1049.800048828125,1056.199951171875,1035.0999755859375,1048.75,1040.810791015625,646039,0.0,0.0
2023-12-14,1056.699951171875,1058.199951171875,1036.800048828125,1041.449951171875,1033.56591796875,440892,0.0,0.0
2023-12-15,1044.050048828125,1048.75,1029.75,1035.050048828125,1027.2144775390625,356694,0.0,0.0
2023-12-18,1038.800048828125,1038.800048828125,1003.0,1012.6500244140624,1004.9840698242188,840226,0.0,0.0
2023-12-19,1016.5499877929688,1034.5,1010.0,1026.3499755859375,1018.5802612304688,459226,0.0,0.0
2023-12-20,1029.949951171875,1034.0,990.0499877929688,996.5,988.956298828125,719452,0.0,0.0
2023-12-21,992.0,996.5,970.2999877929688,990.0999755859376,982.604736328125,418323,0.0,0.0
2023-12-22,997.5499877929688,1002.9500122070312,974.3499755859376,979.75,972.3331298828124,255974,0.0,0.0
2023-12-26,979.7999877929688,996.5,977.25,987.7999877929688,980.3221435546876,318005,0.0,0.0
2023-12-27,1002.0,1037.4000244140625,1002.0,1016.0,1008.3086547851562,1923581,0.0,0.0
2023-12-28,1015.0,1028.0,1009.25,1015.9000244140624,1008.20947265625,536429,0.0,0.0
2023-12-29,1018.2000122070312,1023.2999877929688,1006.0,1020.3499755859376,1012.625732421875,186571,0.0,0.0
2024-01-01,1022.0,1031.0,1010.0,1014.3499755859376,1006.671142578125,373757,0.0,0.0
2024-01-02,1010.0,1020.7999877929688,991.4500122070312,1018.75,1011.037841796875,464522,0.0,0.0
2024-01-03,1018.9500122070312,1023.7000122070312,1002.4500122070312,1005.6500244140624,998.0369873046876,439029,0.0,0.0
2024-01-04,1008.5499877929688,1016.9000244140624,1001.1500244140624,1012.9000244140624,1005.232177734375,622387,0.0,0.0
2024-01-05,1019.9000244140624,1030.699951171875,1011.5,1028.0999755859375,1020.3170166015624,381271,0.0,0.0
2024-01-08,1030.25,1035.949951171875,993.2000122070312,996.9000244140624,989.353271484375,423858,0.0,0.0
2024-01-09,1005.7999877929688,1006.4000244140624,987.0,993.0999755859376,985.5819702148438,325969,0.0,0.0
2024-01-10,986.9000244140624,990.3499755859376,971.5,974.0999755859376,966.725830078125,534291,0.0,0.0
2024-01-11,977.0499877929688,995.2999877929688,971.5,988.7999877929688,981.3145751953124,823485,0.0,0.0
2024-01-12,989.5,997.7999877929688,982.5499877929688,993.6500244140624,986.1279296875,388409,0.0,0.0
2024-01-15,999.7999877929688,999.7999877929688,979.5,981.1500244140624,973.7224731445312,730778,0.0,0.0
2024-01-16,981.5,993.8499755859376,978.8499755859376,989.25,981.7611083984376,323198,0.0,0.0
2024-01-17,985.0,986.8499755859376,949.0,951.6500244140624,944.4458618164062,567514,0.0,0.0
2024-01-18,956.2000122070312,957.8499755859376,936.0,950.8499755859376,943.65185546875,355459,0.0,0.0
2024-01-19,957.0,965.25,952.2000122070312,957.5999755859376,950.3507080078124,135034,0.0,0.0
2024-01-23,956.8499755859376,966.9000244140624,937.5999755859376,940.6500244140624,933.5291137695312,334434,0.0,0.0
2024-01-24,940.8499755859376,965.75,930.6500244140624,962.9500122070312,955.6602172851562,192399,0.0,0.0
2024-01-25,967.0,975.0,952.2000122070312,968.8499755859376,961.5155639648438,272987,0.0,0.0
2024-01-29,976.5999755859376,990.0,971.4000244140624,985.5499877929688,978.0891723632812,373303,0.0,0.0
2024-01-30,993.0,995.0,980.0999755859376,985.1500244140624,977.6922607421876,399357,0.0,0.0
2024-01-31,985.1500244140624,1020.0,980.1500244140624,1018.2000122070312,1010.4920043945312,460907,0.0,0.0
2024-02-01,1021.0,1024.949951171875,982.25,987.0499877929688,979.5778198242188,259628,0.0,0.0
2024-02-02,992.5,997.1500244140624,986.5,993.0499877929688,985.5324096679688,136174,0.0,0.0
2024-02-05,984.5,997.2999877929688,975.4000244140624,979.25,971.8369140625,135632,0.0,0.0
2024-02-06,987.0999755859376,1001.0499877929688,983.5,989.7000122070312,982.207763671875,233434,0.0,0.0
2024-02-07,997.5,1007.0,989.0,995.0,987.4676513671876,306796,0.0,0.0
2024-02-08,1001.0499877929688,1003.0,964.5,974.3499755859376,966.9739379882812,292582,0.0,0.0
2024-02-09,938.0999755859376,938.0999755859376,893.5499877929688,901.75,894.923583984375,3078842,0.0,0.0
2024-02-12,901.75,911.5499877929688,877.1500244140625,882.0499877929688,875.3726806640625,1170750,0.0,0.0
2024-02-13,882.0999755859375,883.8499755859375,859.4500122070312,868.2999877929688,861.726806640625,612727,0.0,0.0
2024-02-14,860.7000122070312,873.5499877929688,848.0,859.3499755859375,852.8445434570312,545969,0.0,0.0
2024-02-15,865.9500122070312,869.9000244140625,857.5499877929688,866.0,859.4442138671875,535822,0.0,0.0
2024-02-16,872.9500122070312,879.0,863.4000244140625,868.6500244140625,862.0741577148438,321741,0.0,0.0
2024-02-19,875.0,885.0,870.0499877929688,880.5,873.8343505859375,356581,0.0,0.0
2024-02-20,884.9000244140625,896.7999877929688,875.0999755859375,883.2000122070312,876.5139770507812,424738,0.0,0.0
2024-02-21,889.9500122070312,889.9500122070312,865.0,869.0499877929688,862.4710693359375,341049,0.0,0.0
2024-02-22,876.0,876.0999755859375,861.75,869.5999755859375,863.0169067382812,232070,0.0,0.0
2024-02-23,873.8499755859375,880.1500244140625,865.7999877929688,867.3499755859375,860.783935546875,284027,0.0,0.0
2024-02-26,869.9500122070312,878.6500244140625,869.0499877929688,872.0499877929688,865.4483642578125,211041,0.0,0.0
2024-02-27,873.2000122070312,876.8499755859375,865.0999755859375,869.9000244140625,863.3147583007812,727546,0.0,0.0
2024-02-28,869.9000244140625,870.0,835.5,840.6500244140625,834.2861328125,444020,0.0,0.0
2024-02-29,845.8499755859375,845.8499755859375,828.2000122070312,835.25,828.927001953125,1401342,0.0,0.0
2024-03-01,841.6500244140625,852.2999877929688,835.0,840.9500122070312,834.5838012695312,401744,0.0,0.0
2024-03-04,848.3499755859375,850.8499755859375,837.9500122070312,848.2000122070312,841.7789916992188,387280,0.0,0.0
2024-03-05,853.9000244140625,853.9000244140625,818.25,823.7999877929688,817.5636596679688,1104181,0.0,0.0
2024-03-06,824.0,831.3499755859375,796.6500244140625,802.0999755859375,796.0278930664062,1845179,0.0,0.0
2024-03-07,809.3499755859375,813.4000244140625,803.75,810.7999877929688,804.662109375,261078,0.0,0.0
2024-03-11,812.0499877929688,818.7000122070312,801.3499755859375,810.5499877929688,804.4139404296875,936556,0.0,0.0
2024-03-12,816.9500122070312,816.9500122070312,804.0999755859375,808.5,802.3794555664062,533139,0.0,0.0
2024-03-13,810.0,810.0,781.8499755859375,790.25,784.267578125,487473,0.0,0.0
2024-03-14,790.0,809.0,782.2999877929688,798.75,792.7032470703125,329634,0.0,0.0
2024-03-15,802.5,809.0,792.7000122070312,806.75,800.6427612304688,261313,0.0,0.0
2024-03-18,806.75,808.8499755859375,798.0999755859375,803.7999877929688,797.7150268554688,151464,0.0,0.0
2024-03-19,803.5,803.7999877929688,787.0999755859375,797.3499755859375,791.3139038085938,237346,0.0,0.0
2024-03-20,798.0,801.0,789.2999877929688,799.5,793.4476318359375,165646,0.0,0.0
2024-03-21,804.0,815.9500122070312,801.7000122070312,813.8499755859375,807.6889038085938,589901,0.0,0.0
2024-03-22,813.8499755859375,821.5999755859375,798.2999877929688,806.4500122070312,800.3450317382812,2114154,0.0,0.0
2024-03-26,805.0,811.5499877929688,800.2999877929688,808.9000244140625,802.7764282226562,1107288,0.0,0.0
2024-03-27,809.0,823.5499877929688,806.2999877929688,815.7000122070312,809.5249633789062,1122492,0.0,0.0
2024-03-28,821.9500122070312,821.9500122070312,805.0,810.5499877929688,804.4139404296875,1545414,0.0,0.0
2024-04-01,830.0,848.0,821.4000244140625,845.9500122070312,839.5460205078125,2033953,0.0,0.0
2024-04-02,853.0,868.0,831.0,860.5,853.98583984375,2390351,0.0,0.0
2024-04-03,866.0,866.0,847.0,855.6500244140625,849.172607421875,875270,0.0,0.0
2024-04-04,855.75,860.5499877929688,837.0,839.8499755859375,833.4921264648438,640002,0.0,0.0
2024-04-05,844.9000244140625,846.9500122070312,828.0499877929688,839.5499877929688,833.1943969726562,850132,0.0,0.0
2024-04-08,844.9000244140625,854.7000122070312,834.5499877929688,848.9000244140625,842.4736938476562,604026,0.0,0.0
2024-04-09,854.7000122070312,855.0,837.1500244140625,840.3499755859375,833.9883422851562,484261,0.0,0.0
2024-04-10,843.1500244140625,851.9500122070312,838.25,848.5499877929688,842.1263427734375,252971,0.0,0.0
2024-04-12,848.5499877929688,852.0,835.0,837.25,830.911865234375,360093,0.0,0.0
2024-04-15,820.0999755859375,830.0,807.4500122070312,809.2000122070312,803.07421875,439518,0.0,0.0
2024-04-16,807.0499877929688,814.4000244140625,799.7000122070312,807.2999877929688,801.1885375976562,618095,0.0,0.0
2024-04-18,810.0,815.0,794.4000244140625,799.4500122070312,793.39794921875,482316,0.0,0.0
2024-04-19,795.5999755859375,802.0999755859375,780.0,800.1500244140625,794.0927124023438,360405,0.0,0.0
2024-04-22,809.9500122070312,809.9500122070312,794.4000244140625,796.1500244140625,790.1229858398438,430484,0.0,0.0
2024-04-23,802.0,816.9000244140625,792.0499877929688,809.1500244140625,803.0245971679688,638612,0.0,0.0
2024-04-24,814.0,816.4000244140625,808.9500122070312,810.9500122070312,804.8109741210938,239658,0.0,0.0
2024-04-25,807.0,809.4000244140625,778.0999755859375,789.2000122070312,783.2255859375,1032067,0.0,0.0
2024-04-26,795.0,804.4000244140625,790.75,797.5999755859375,791.5619506835938,316854,0.0,0.0
2024-04-29,800.0,806.0,794.9500122070312,796.9000244140625,790.8673706054688,398195,0.0,0.0
2024-04-30,800.0499877929688,804.0,792.0,794.5999755859375,788.5846557617188,266972,0.0,0.0
2024-05-02,799.9500122070312,799.9500122070312,770.0,771.3499755859375,765.5106811523438,1005128,0.0,0.0
2024-05-03,778.1500244140625,789.9500122070312,770.6500244140625,772.2999877929688,766.4534912109375,621411,0.0,0.0
2024-05-06,778.0,779.9500122070312,765.25,767.75,761.93798828125,271895,0.0,0.0
2024-05-07,767.75,771.4500122070312,755.0,756.8499755859375,751.1204833984375,879592,0.0,0.0
2024-05-08,757.0,770.9000244140625,752.0,764.25,758.4644775390625,654063,0.0,0.0
2024-05-09,764.0,764.8499755859375,745.7999877929688,748.5999755859375,742.9329223632812,301268,0.0,0.0
2024-05-10,750.0,762.5499877929688,742.75,760.2000122070312,754.4451904296875,389425,0.0,0.0
2024-05-13,762.1500244140625,764.4500122070312,748.2000122070312,762.4000244140625,756.6284790039062,310979,0.0,0.0
2024-05-14,765.9500122070312,772.0,760.25,769.6500244140625,763.8236083984375,313275,0.0,0.0
2024-05-15,772.9500122070312,774.1500244140625,760.0,763.4000244140625,757.6209716796875,428039,0.0,0.0
2024-05-16,761.7999877929688,772.0,761.7999877929688,769.3499755859375,763.5258178710938,165022,0.0,0.0
2024-05-17,771.9000244140625,779.0,767.75,777.0999755859375,771.2171630859375,323380,0.0,0.0
2024-05-21,781.1500244140625,784.1500244140625,770.5,771.75,765.90771484375,999060,0.0,0.0
2024-05-22,777.0,780.0,766.7999877929688,774.1500244140625,768.28955078125,554298,0.0,0.0
2024-05-23,790.0,799.7000122070312,772.0499877929688,788.4000244140625,782.431640625,2072123,0.0,0.0
2024-05-24,785.0,798.0499877929688,774.0999755859375,778.0999755859375,772.2095336914062,1697769,0.0,0.0
2024-05-27,784.5999755859375,784.5999755859375,766.5499877929688,769.0499877929688,763.2281494140625,869010,0.0,0.0
2024-05-28,770.5499877929688,774.0,760.2999877929688,762.8499755859375,757.0750122070312,282283,0.0,0.0
2024-05-29,762.9000244140625,763.7999877929688,748.25,752.3499755859375,746.654541015625,488802,0.0,0.0
2024-05-30,752.4000244140625,753.9000244140625,742.7999877929688,745.4500122070312,739.8068237304688,435189,0.0,0.0
2024-05-31,748.9500122070312,750.0,738.1500244140625,741.8499755859375,736.2340087890625,1297510,0.0,0.0
2024-06-03,775.4000244140625,782.4000244140625,756.0999755859375,773.3499755859375,767.4955444335938,1118819,0.0,0.0
2024-06-04,775.0,781.0,700.0,730.9000244140625,725.366943359375,1520153,0.0,0.0
2024-06-05,725.0499877929688,768.2999877929688,725.0499877929688,761.5499877929688,755.784912109375,510343,0.0,0.0
2024-06-06,764.0,800.5,760.0,786.7000122070312,780.7445068359375,2293421,0.0,0.0
2024-06-07,792.8499755859375,834.7000122070312,783.7999877929688,831.7999877929688,825.5031127929688,3558873,0.0,0.0
2024-06-10,837.0,879.9000244140625,830.5499877929688,876.75,870.1128540039062,4673073,0.0,0.0
2024-06-11,886.4500122070312,887.5999755859375,845.75,857.4000244140625,850.9093017578125,3145688,0.0,0.0
2024-06-12,858.9000244140625,868.3499755859375,849.0499877929688,859.75,853.2415771484375,749087,0.0,0.0
2024-06-13,862.0,875.0,846.0,866.25,859.6923217773438,2282389,0.0,0.0
2024-06-14,858.0,878.2999877929688,848.0,869.3499755859375,862.768798828125,1186767,0.0,0.0
2024-06-18,874.0,880.3499755859375,858.5499877929688,875.2999877929688,868.6737670898438,743587,0.0,0.0
2024-06-19,876.0,880.0499877929688,856.5499877929688,859.7999877929688,853.2911376953125,658760,0.0,0.0
2024-06-20,862.0,875.0,852.0,867.9000244140625,861.329833984375,545610,0.0,0.0
2024-06-21,868.0499877929688,874.1500244140625,841.0,845.5,839.099365234375,710220,0.0,0.0
2024-06-24,844.0,860.9500122070312,831.0,855.2000122070312,848.7259521484375,637143,0.0,0.0
2024-06-25,857.0,858.9000244140625,842.0999755859375,851.25,844.805908203125,640092,0.0,0.0
2024-06-26,852.2000122070312,892.0,849.9500122070312,865.4500122070312,858.8983764648438,4577235,0.0,0.0
2024-06-27,875.0,893.8499755859375,835.0,838.0,831.6561889648438,5641889,0.0,0.0
2024-06-28,847.0,850.9000244140625,833.25,836.4500122070312,830.1178588867188,1768915,0.0,0.0
2024-07-01,840.0,860.0,837.8499755859375,857.25,850.7604370117188,1359729,0.0,0.0
2024-07-02,858.1500244140625,869.6500244140625,838.2999877929688,845.2000122070312,838.8016967773438,868982,0.0,0.0
2024-07-03,846.9500122070312,850.4000244140625,835.0,840.0999755859375,833.740234375,1081829,0.0,0.0
2024-07-04,839.0,839.0,816.2000122070312,819.2999877929688,813.0977172851562,1439295,0.0,0.0
2024-07-05,810.5,817.7000122070312,801.0,808.1500244140625,802.0321044921875,2659493,0.0,0.0
2024-07-08,809.0,811.9500122070312,790.5,794.7999877929688,788.783203125,1636310,0.0,0.0
2024-07-09,801.0,810.0,787.9500122070312,807.25,801.138916015625,1571146,0.0,0.0
2024-07-10,812.4500122070312,812.4500122070312,781.0,801.75,795.6806030273438,690821,0.0,0.0
2024-07-11,808.0,810.5999755859375,795.2999877929688,796.7999877929688,790.76806640625,481386,0.0,0.0
2024-07-12,797.9000244140625,809.0,784.8499755859375,793.9000244140625,787.8900146484375,1201612,0.0,0.0
2024-07-15,796.9500122070312,801.9500122070312,790.6500244140625,795.5499877929688,789.5275268554688,1592604,0.0,0.0
2024-07-16,797.0,809.3499755859375,791.0999755859375,794.4500122070312,788.4358520507812,1111488,0.0,0.0
2024-07-18,797.8499755859375,797.8499755859375,776.3499755859375,782.8499755859375,776.9236450195312,1128003,0.0,0.0
2024-07-19,782.8499755859375,785.0,767.0,777.7999877929688,771.9119262695312,1199841,0.0,0.0
2024-07-22,777.0,784.7999877929688,765.0,780.1500244140625,774.244140625,678885,0.0,0.0
2024-07-23,781.0,798.9500122070312,765.4000244140625,795.1500244140625,789.1305541992188,2043929,0.0,0.0
2024-07-24,794.9500122070312,794.9500122070312,785.0,788.4000244140625,782.431640625,696697,0.0,0.0
2024-07-25,788.0,810.0,775.2999877929688,800.8499755859375,794.787353515625,952357,0.0,0.0
2024-07-26,788.0499877929688,830.4500122070312,785.0,828.1500244140625,821.8807373046875,3530408,0.0,0.0
2024-07-29,835.5999755859375,835.5999755859375,815.5499877929688,818.4500122070312,812.254150390625,559418,0.0,0.0
2024-07-30,816.0,827.5,814.0499877929688,823.7000122070312,817.4644165039062,1232735,0.0,0.0
2024-07-31,825.0,833.9500122070312,822.7999877929688,826.0499877929688,819.796630859375,668598,0.0,0.0
2024-08-01,829.0,830.7999877929688,818.7999877929688,825.0999755859375,818.8538208007812,742587,0.0,0.0
2024-08-02,813.0,840.9000244140625,810.4000244140625,827.75,821.4837036132812,1755087,0.0,0.0
2024-08-05,811.2000122070312,823.5999755859375,800.0,806.6500244140625,800.54345703125,662469,0.0,0.0
2024-08-06,807.9500122070312,826.1500244140625,804.75,808.7999877929688,802.67724609375,509148,0.0,0.0
2024-08-07,814.9500122070312,827.25,814.9500122070312,821.4500122070312,815.2314453125,358622,0.0,0.0
2024-08-08,815.0,820.0,792.1500244140625,795.0,788.981689453125,555076,0.0,0.0
2024-08-09,795.9500122070312,804.7999877929688,795.2999877929688,799.75,796.1995239257812,207552,2.5,0.0
2024-08-12,791.0,804.7999877929688,791.0,801.25,797.69287109375,222982,0.0,0.0
2024-08-13,795.5499877929688,803.8499755859375,786.4500122070312,789.25,785.7461547851562,322963,0.0,0.0
2024-08-14,786.25,792.7000122070312,777.7999877929688,784.0499877929688,780.5692138671875,210704,0.0,0.0
2024-08-16,782.0,806.5,782.0,804.9500122070312,801.37646484375,257509,0.0,0.0
2024-08-19,806.5,828.5999755859375,806.5,812.9500122070312,809.3409423828125,929419,0.0,0.0
2024-08-20,821.5,824.0,805.5499877929688,809.7999877929688,806.2048950195312,805790,0.0,0.0
2024-08-21,810.0,816.0,807.0499877929688,813.0499877929688,809.4404907226562,478311,0.0,0.0
2024-08-22,813.0999755859375,838.5,812.2000122070312,832.2999877929688,828.60498046875,2262459,0.0,0.0
2024-08-23,834.4000244140625,838.25,817.0499877929688,819.7999877929688,816.1605224609375,3791278,0.0,0.0
2024-08-26,819.7999877929688,823.5,814.3499755859375,822.2000122070312,818.5498657226562,1089283,0.0,0.0
2024-08-27,826.0,829.2000122070312,816.0,821.75,818.1018676757812,352159,0.0,0.0
2024-08-28,822.7999877929688,833.4000244140625,818.4500122070312,821.9000244140625,818.251220703125,378897,0.0,0.0
2024-08-29,821.9000244140625,825.9500122070312,815.4000244140625,820.75,817.1062622070312,504577,0.0,0.0
2024-08-30,821.0,840.0499877929688,820.5499877929688,831.25,827.5596923828125,619316,0.0,0.0
2024-09-02,831.9000244140625,844.4000244140625,827.1500244140625,831.7999877929688,828.1072387695312,669142,0.0,0.0
2024-09-03,830.4000244140625,838.6500244140625,830.4000244140625,833.2000122070312,829.5010375976562,258431,0.0,0.0
2024-09-04,827.4000244140625,842.9000244140625,826.7000122070312,839.25,835.5241088867188,521205,0.0,0.0
2024-09-05,847.0,852.75,839.0499877929688,848.2999877929688,844.5339965820312,1467926,0.0,0.0
2024-09-06,848.9000244140625,851.1500244140625,824.3499755859375,829.9000244140625,826.2156982421875,573579,0.0,0.0
2024-09-09,829.0,837.75,817.7999877929688,835.7000122070312,831.9899291992188,383435,0.0,0.0
2024-09-10,831.7000122070312,846.9500122070312,831.7000122070312,842.7000122070312,838.9588012695312,279638,0.0,0.0
2024-09-11,842.9500122070312,850.0,833.8499755859375,837.4500122070312,833.732177734375,573275,0.0,0.0
2024-09-12,844.5,844.5,832.5499877929688,841.1500244140625,837.415771484375,649344,0.0,0.0
2024-09-13,844.5,855.5499877929688,842.0999755859375,850.2000122070312,846.425537109375,437354,0.0,0.0
2024-09-16,854.5,857.0999755859375,846.0999755859375,851.0999755859375,847.321533203125,1222604,0.0,0.0
2024-09-17,854.5,855.5499877929688,845.1500244140625,850.75,846.97314453125,234001,0.0,0.0
2024-09-18,852.4500122070312,852.4500122070312,836.5,840.75,837.0174560546875,246375,0.0,0.0
2024-09-19,835.0,845.5999755859375,817.0,828.9500122070312,825.2698974609375,370095,0.0,0.0
2024-09-20,828.9500122070312,841.4500122070312,827.5499877929688,835.3499755859375,831.6414184570312,401773,0.0,0.0
2024-09-23,840.0,854.1500244140625,837.0,851.4500122070312,847.6699829101562,359706,0.0,0.0
2024-09-24,849.0,857.75,842.25,851.0499877929688,847.271728515625,476939,0.0,0.0
2024-09-25,848.0,868.5,845.25,855.5499877929688,851.7517700195312,1132803,0.0,0.0
2024-09-26,858.0,864.8499755859375,844.1500244140625,861.0,857.1775512695312,514998,0.0,0.0
2024-09-27,856.0,877.0,853.5499877929688,863.3499755859375,859.5171508789062,1229146,0.0,0.0
2024-09-30,861.3499755859375,869.0,855.0,867.0,863.1509399414062,328919,0.0,0.0
2024-10-01,867.0,884.0,866.2999877929688,877.9000244140625,874.0026245117188,480399,0.0,0.0
2024-10-03,876.7999877929688,886.7999877929688,869.7999877929688,872.9500122070312,869.0745849609375,843832,0.0,0.0
2024-10-04,866.0,879.4000244140625,857.2000122070312,868.4500122070312,864.5945434570312,279450,0.0,0.0
2024-10-07,869.2000122070312,876.5499877929688,849.7000122070312,855.4000244140625,851.6024780273438,367182,0.0,0.0
2024-10-08,851.0,871.25,850.0,857.25,853.4442749023438,328727,0.0,0.0
2024-10-09,859.0,862.8499755859375,845.0999755859375,855.2000122070312,851.4033813476562,216960,0.0,0.0
2024-10-10,861.5999755859375,872.4500122070312,857.0,862.0499877929688,858.2229614257812,220995,0.0,0.0
2024-10-11,866.0,870.2000122070312,855.5,861.5499877929688,857.7251586914062,248513,0.0,0.0
2024-10-14,861.5499877929688,871.5499877929688,854.0499877929688,869.8499755859375,865.98828125,1335019,0.0,0.0
2024-10-15,873.3499755859375,875.0,860.7999877929688,870.0999755859375,866.2371826171875,312361,0.0,0.0
2024-10-16,880.0,880.0499877929688,864.7000122070312,870.75,866.8843383789062,329245,0.0,0.0
2024-10-17,877.75,877.7999877929688,845.0,848.9000244140625,845.13134765625,609357,0.0,0.0
2024-10-18,848.9000244140625,861.7999877929688,839.0499877929688,851.2999877929688,847.5206298828125,623598,0.0,0.0
2024-10-21,845.0,851.75,831.0999755859375,834.9500122070312,831.2432250976562,484051,0.0,0.0
2024-10-22,832.0,841.0499877929688,825.5999755859375,826.8499755859375,823.1791381835938,621692,0.0,0.0
2024-10-23,826.7999877929688,848.7999877929688,823.9000244140625,838.8499755859375,835.1259155273438,261741,0.0,0.0
2024-10-24,837.0,854.0,831.5,844.7999877929688,841.0494995117188,249452,0.0,0.0
2024-10-25,851.5,856.0,833.9000244140625,853.0499877929688,849.2628784179688,410967,0.0,0.0
2024-10-28,859.5,867.75,840.25,856.9500122070312,853.1455688476562,391295,0.0,0.0
2024-10-29,860.1500244140625,871.0999755859375,844.5999755859375,864.9000244140625,861.0603637695312,2046350,0.0,0.0
2024-10-30,868.0,888.0,864.2000122070312,882.6500244140625,878.7315063476562,801761,0.0,0.0
2024-10-31,884.5499877929688,891.9000244140625,872.5,886.5499877929688,882.6141357421875,556923,0.0,0.0
2024-11-01,890.0,895.5,884.0,892.4000244140625,888.438232421875,122577,0.0,0.0
2024-11-04,896.9500122070312,899.0,870.6500244140625,877.7000122070312,873.803466796875,359564,0.0,0.0
2024-11-05,874.0999755859375,884.8499755859375,871.0999755859375,874.7999877929688,870.9163208007812,209092,0.0,0.0
2024-11-06,879.9500122070312,884.1500244140625,871.2999877929688,881.5,877.5865478515625,254647,0.0,0.0
2024-11-07,882.2000122070312,884.9500122070312,868.2999877929688,876.4000244140625,872.50927734375,206556,0.0,0.0
2024-11-08,875.0,878.9500122070312,855.5499877929688,865.7999877929688,861.9562377929688,741295,0.0,0.0
2024-11-11,865.7999877929688,874.6500244140625,857.3499755859375,870.4500122070312,866.5856323242188,340804,0.0,0.0
2024-11-12,888.4500122070312,927.0,880.75,910.0,905.9600219726562,5320024,0.0,0.0
2024-11-13,915.0,916.75,877.0,883.9000244140625,879.9759521484375,901771,0.0,0.0
2024-11-14,883.9000244140625,911.0,878.75,902.3499755859376,898.343994140625,698690,0.0,0.0
2024-11-18,901.0999755859376,903.6500244140624,889.9000244140625,894.1500244140625,890.180419921875,1207564,0.0,0.0
2024-11-19,905.3499755859376,925.0,897.8499755859375,903.5499877929688,899.5386962890625,930468,0.0,0.0
2024-11-21,905.0,921.1500244140624,897.0499877929688,914.9500122070312,910.8881225585938,1002682,0.0,0.0
2024-11-22,924.8499755859376,952.2999877929688,916.0,944.9500122070312,940.7549438476562,2237416,0.0,0.0
2024-11-25,952.7999877929688,977.4500122070312,952.5999755859376,969.6500244140624,965.3452758789062,1547652,0.0,0.0
2024-11-26,972.8499755859376,973.0,954.4000244140624,959.8499755859376,955.5887451171876,492085,0.0,0.0
2024-11-27,959.8499755859376,989.6500244140624,953.4500122070312,978.0999755859376,973.7577514648438,1088089,0.0,0.0
2024-11-28,980.9000244140624,980.9000244140624,969.2999877929688,974.9000244140624,970.5719604492188,658379,0.0,0.0
2024-11-29,971.25,1022.25,970.9500122070312,1014.7999877929688,1010.2947998046876,1753634,0.0,0.0
2024-12-02,1019.4000244140624,1045.75,1010.1500244140624,1035.25,1030.654052734375,1872697,0.0,0.0
2024-12-03,1032.0999755859375,1048.550048828125,1029.0,1040.0999755859375,1035.482421875,799659,0.0,0.0
2024-12-04,1040.0999755859375,1046.0,1033.449951171875,1040.6500244140625,1036.0301513671875,683074,0.0,0.0
2024-12-05,1034.0,1046.199951171875,1014.0999755859376,1022.0499877929688,1017.5126342773438,438161,0.0,0.0
2024-12-06,1019.0,1022.5499877929688,1010.0499877929688,1013.0499877929688,1008.5525512695312,302042,0.0,0.0
2024-12-09,1012.0499877929688,1018.0999755859376,1005.25,1014.4500122070312,1009.9463500976562,417069,0.0,0.0
2024-12-10,1015.25,1025.0,1003.0999755859376,1013.9500122070312,1009.4486083984376,581619,0.0,0.0
2024-12-11,1021.0,1037.0,1015.5499877929688,1020.4500122070312,1015.9197387695312,682866,0.0,0.0
2024-12-12,1021.5,1024.949951171875,990.2999877929688,998.0999755859376,993.6689453125,441622,0.0,0.0
2024-12-13,995.0,1043.25,985.3499755859376,1040.699951171875,1036.079833984375,1699660,0.0,0.0
2024-12-16,1040.699951171875,1060.0,1039.3499755859375,1047.6500244140625,1042.9990234375,993183,0.0,0.0
2024-12-17,1047.0,1053.6500244140625,1032.0,1035.0999755859375,1030.5047607421875,358022,0.0,0.0
2024-12-18,1039.300048828125,1043.5,1023.1500244140624,1031.050048828125,1026.4727783203125,267868,0.0,0.0
2024-12-19,1015.2000122070312,1037.25,1009.4000244140624,1027.8499755859375,1023.2868041992188,226258,0.0,0.0
2024-12-20,1027.5999755859375,1031.1500244140625,981.5999755859376,986.0999755859376,981.72216796875,445898,0.0,0.0
2024-12-23,986.4500122070312,1010.2999877929688,986.4500122070312,1000.0499877929688,995.6102905273438,490850,0.0,0.0
2024-12-24,999.0,1005.4500122070312,983.7999877929688,991.4500122070312,987.0484619140624,418875,0.0,0.0
2024-12-26,990.0,992.7000122070312,971.5999755859376,976.5499877929688,972.214599609375,246374,0.0,0.0
2024-12-27,978.0,981.9000244140624,962.8499755859376,965.75,961.4625244140624,220542,0.0,0.0
2024-12-30,970.0,977.5999755859376,951.4000244140624,955.1500244140624,950.9096069335938,178775,0.0,0.0
2024-12-31,955.0,973.3499755859376,950.0,965.6500244140624,961.363037109375,267404,0.0,0.0
2025-01-01,968.5,970.8499755859376,954.2999877929688,966.0499877929688,961.76123046875,92295,0.0,0.0
2025-01-02,973.4000244140624,988.0,962.5999755859376,985.7999877929688,981.4235229492188,257327,0.0,0.0
2025-01-03,988.0,994.9500122070312,981.5,985.7000122070312,981.3240356445312,366014,0.0,0.0
2025-01-06,985.5999755859376,986.4000244140624,949.3499755859376,952.1500244140624,947.9229736328124,424219,0.0,0.0
2025-01-07,956.9500122070312,964.5999755859376,947.2000122070312,956.7999877929688,952.5523071289062,179910,0.0,0.0
2025-01-08,955.0,963.5,929.4000244140624,943.5,939.3113403320312,440544,0.0,0.0
2025-01-09,943.6500244140624,947.9500122070312,922.0999755859376,934.6500244140624,930.5006103515624,137821,0.0,0.0
2025-01-10,932.4500122070312,940.2000122070312,910.5999755859376,916.25,912.1823120117188,429514,0.0,0.0
2025-01-13,892.0,911.5999755859376,876.5,881.75,877.83544921875,621282,0.0,0.0
2025-01-14,881.7999877929688,895.5499877929688,861.2000122070312,884.0999755859375,880.1749877929688,268838,0.0,0.0
2025-01-15,891.3499755859375,894.1500244140625,874.0499877929688,879.1500244140625,875.2470092773438,140795,0.0,0.0
2025-01-16,885.7000122070312,905.8499755859376,882.6500244140625,887.9000244140625,883.9581909179688,344378,0.0,0.0
2025-01-17,891.5499877929688,894.5499877929688,868.7000122070312,883.9500122070312,880.0256958007812,301814,0.0,0.0
2025-01-20,888.0,891.1500244140625,867.7999877929688,884.0499877929688,880.1253051757812,174999,0.0,0.0
2025-01-21,884.0,895.0,868.7999877929688,871.0499877929688,867.1829223632812,572948,0.0,0.0
2025-01-22,883.5999755859375,883.5999755859375,853.5999755859375,868.9000244140625,865.0425415039062,658795,0.0,0.0
2025-01-23,868.9000244140625,920.0,868.7999877929688,908.5499877929688,904.5164794921876,1310460,0.0,0.0
2025-01-24,910.8499755859376,918.4500122070312,884.7999877929688,888.75,884.8043823242188,422152,0.0,0.0
2025-01-27,888.0,895.0,874.0999755859375,884.7999877929688,880.8718872070312,530068,0.0,0.0
2025-01-28,895.0,918.4000244140624,877.0,907.0999755859376,903.0729370117188,624450,0.0,0.0
2025-01-29,907.0999755859376,932.8499755859376,902.0999755859376,926.2000122070312,922.088134765625,227226,0.0,0.0
2025-01-30,930.7000122070312,936.0,911.1500244140624,925.4000244140624,921.291748046875,278411,0.0,0.0
2025-01-31,927.2000122070312,934.0,910.75,917.5,913.4267578125,225454,0.0,0.0
2025-02-01,920.0,923.5999755859376,875.1500244140625,896.7999877929688,892.8186645507812,375203,0.0,0.0
2025-02-03,896.0,906.0,870.9000244140625,879.75,875.8443603515625,441748,0.0,0.0
2025-02-04,886.7999877929688,913.5499877929688,879.1500244140625,907.7999877929688,903.7698364257812,196214,0.0,0.0
2025-02-05,907.7999877929688,914.75,893.0,900.0,896.0044555664062,614423,0.0,0.0
2025-02-06,906.5999755859376,906.5999755859376,873.5,890.25,886.2977294921875,784780,0.0,0.0
2025-02-07,864.0,906.0499877929688,856.0,894.7999877929688,890.8275146484375,1851664,0.0,0.0
2025-02-10,891.0,900.9500122070312,879.0,893.6500244140625,889.6826782226562,269390,0.0,0.0
2025-02-11,890.9500122070312,896.0,869.5499877929688,876.8499755859375,872.9572143554688,368981,0.0,0.0
2025-02-12,876.5,876.8499755859375,856.0499877929688,867.2000122070312,863.35009765625,518907,0.0,0.0
2025-02-13,867.9500122070312,879.7000122070312,854.2000122070312,861.7999877929688,857.9740600585938,430724,0.0,0.0
2025-02-14,866.0499877929688,866.0499877929688,827.9500122070312,844.6500244140625,840.9002075195312,265730,0.0,0.0
2025-02-17,844.6500244140625,863.9000244140625,829.5499877929688,860.75,856.9287109375,317481,0.0,0.0
2025-02-18,860.7000122070312,860.75,838.0499877929688,850.2000122070312,846.425537109375,458186,0.0,0.0
2025-02-19,844.2999877929688,873.8499755859375,844.2999877929688,862.0499877929688,858.2229614257812,326431,0.0,0.0
2025-02-20,855.0,869.9000244140625,850.0,860.0999755859375,856.2816162109375,119350,0.0,0.0
2025-02-21,859.25,872.2999877929688,845.0,852.3499755859375,848.5659790039062,350844,0.0,0.0
2025-02-24,841.9000244140625,852.7000122070312,835.0,849.9500122070312,846.1766357421875,189858,0.0,0.0
2025-02-25,847.9500122070312,862.7000122070312,847.2000122070312,850.3499755859375,846.5748291015625,296631,0.0,0.0
2025-02-27,847.2000122070312,855.0,834.7000122070312,842.8499755859375,839.108154296875,428608,0.0,0.0
2025-02-28,834.7000122070312,840.4500122070312,811.8499755859375,829.0,825.3196411132812,497208,0.0,0.0
2025-03-03,834.0,844.5499877929688,817.3499755859375,841.5999755859375,837.8637084960938,268281,0.0,0.0
2025-03-04,831.0,852.6500244140625,827.2999877929688,846.5,842.741943359375,306414,0.0,0.0
2025-03-05,846.0499877929688,862.75,843.0,860.7999877929688,856.9784545898438,481892,0.0,0.0
2025-03-06,867.7000122070312,890.0,860.6500244140625,876.2999877929688,872.40966796875,552230,0.0,0.0
2025-03-07,876.2999877929688,888.3499755859375,867.4500122070312,871.6500244140625,867.7803955078125,172462,0.0,0.0
2025-03-10,874.9500122070312,880.6500244140625,859.5999755859375,863.1500244140625,859.318115234375,189843,0.0,0.0
2025-03-11,855.5,867.0,851.0499877929688,854.6500244140625,850.8558349609375,136092,0.0,0.0
2025-03-12,858.3499755859375,860.9500122070312,788.2000122070312,820.0999755859375,816.4591064453125,3195218,0.0,0.0
2025-03-13,809.0,818.2999877929688,795.0,801.5499877929688,797.991455078125,811034,0.0,0.0
2025-03-17,802.0,835.8499755859375,800.5999755859375,831.2999877929688,827.6094360351562,823750,0.0,0.0
2025-03-18,831.2999877929688,831.2999877929688,831.2999877929688,831.2999877929688,827.6094360351562,0,0.0,0.0
2025-03-19,844.9000244140625,867.6500244140625,840.7999877929688,855.9500122070312,852.1500244140625,339770,0.0,0.0
2025-03-20,862.5,862.5,846.4500122070312,848.9500122070312,845.1810913085938,237815,0.0,0.0
2025-03-21,848.9500122070312,866.2000122070312,841.2000122070312,855.8499755859375,852.0504150390625,739933,0.0,0.0
2025-03-24,856.3499755859375,869.9000244140625,851.6500244140625,861.0999755859375,857.277099609375,431587,0.0,0.0
2025-03-25,868.5,888.5499877929688,858.4000244140625,862.5,858.6709594726562,952187,0.0,0.0
2025-03-26,866.7999877929688,870.0,848.0,852.1500244140625,848.3668823242188,911807,0.0,0.0
2025-03-27,850.0,888.4500122070312,844.75,882.75,878.8310546875,1256229,0.0,0.0
2025-03-28,885.0499877929688,912.0,884.8499755859375,896.75,892.7688598632812,1159977,0.0,0.0
2025-04-01,897.9000244140625,906.0999755859376,885.5,901.1500244140624,897.1493530273438,390760,0.0,0.0
2025-04-02,901.7000122070312,927.2000122070312,893.5,916.6500244140624,912.58056640625,647706,0.0,0.0
2025-04-03,916.6500244140624,953.0,900.0,941.4000244140624,937.2206420898438,1982214,0.0,0.0
2025-04-04,938.0,958.25,933.2000122070312,941.5499877929688,937.3699951171876,899957,0.0,0.0
2025-04-07,900.0,936.4000244140624,896.5999755859375,921.1500244140624,917.060546875,1095444,0.0,0.0
2025-04-08,928.0499877929688,944.4000244140624,927.7999877929688,933.9000244140624,929.7540283203124,453881,0.0,0.0
2025-04-09,933.9000244140624,950.0,924.2000122070312,941.0999755859376,936.9219970703124,453074,0.0,0.0
2025-04-11,948.7000122070312,957.7000122070312,931.5999755859376,936.8499755859376,932.6907958984376,418488,0.0,0.0
2025-04-15,936.8499755859376,971.75,936.7999877929688,969.2999877929688,964.9967651367188,753582,0.0,0.0
2025-04-16,973.0,981.5,958.0499877929688,962.2000122070312,957.9283447265624,436030,0.0,0.0
2025-04-17,963.0,972.0999755859376,954.4500122070312,967.3499755859376,963.055419921875,218856,0.0,0.0
2025-04-21,967.3499755859376,989.9500122070312,965.5999755859376,982.0,977.6404418945312,494833,0.0,0.0
2025-04-22,977.0,993.5,975.1500244140624,978.5499877929688,974.2057495117188,509738,0.0,0.0
2025-04-23,981.0,990.9500122070312,970.0,976.7000122070312,972.3639526367188,538445,0.0,0.0
2025-04-24,990.0,1011.0,978.4000244140624,987.5499877929688,983.165771484375,1245410,0.0,0.0
2025-04-25,984.6500244140624,985.0,947.0499877929688,968.6500244140624,964.3496704101562,660141,0.0,0.0
2025-04-28,974.9500122070312,974.9500122070312,961.7999877929688,966.7999877929688,962.5079345703124,635441,0.0,0.0
2025-04-29,970.0,974.5,947.2999877929688,956.8499755859376,952.60205078125,576207,0.0,0.0
2025-04-30,947.0499877929688,957.3499755859376,941.9000244140624,943.5999755859376,939.410888671875,409493,0.0,0.0
2025-05-02,950.7999877929688,950.7999877929688,936.0,939.7999877929688,935.6277465820312,205827,0.0,0.0
2025-05-05,945.9500122070312,959.25,939.25,946.6500244140624,942.4473876953124,494431,0.0,0.0
2025-05-06,948.9000244140624,952.6500244140624,940.0,949.5,945.28466796875,231524,0.0,0.0
2025-05-07,920.0,957.8499755859376,920.0,949.0,944.7869262695312,597512,0.0,0.0
2025-05-08,949.0,969.0,941.0999755859376,951.0499877929688,946.8278198242188,1061405,0.0,0.0
2025-05-09,922.0,941.0499877929688,922.0,939.4500122070312,935.279296875,165135,0.0,0.0
2025-05-12,952.4000244140624,965.9000244140624,942.9000244140624,952.2999877929688,948.072265625,4711125,0.0,0.0
2025-05-13,960.0,982.9000244140624,960.0,975.75,971.418212890625,493278,0.0,0.0
2025-05-14,977.9500122070312,1000.0,972.2999877929688,994.2999877929688,989.8858032226562,687124,0.0,0.0
2025-05-15,990.0,1007.7999877929688,986.8499755859376,1002.75,998.29833984375,579114,0.0,0.0
2025-05-16,1003.0,1013.5,996.0,1004.1500244140624,999.6920776367188,350822,0.0,0.0
2025-05-19,1010.0,1011.75,997.1500244140624,998.9500122070312,994.5151977539062,201544,0.0,0.0
2025-05-20,1007.0,1007.0,979.0,981.1500244140624,976.7942504882812,202433,0.0,0.0
2025-05-21,980.0,989.0,974.8499755859376,978.7999877929688,974.4546508789062,365922,0.0,0.0
2025-05-22,978.0,993.9500122070312,974.0,987.7999877929688,983.4146118164062,280741,0.0,0.0
2025-05-23,968.0,1010.0,958.5499877929688,1006.0999755859376,1001.6333618164062,5090134,0.0,0.0
2025-05-26,1005.0,1009.9500122070312,978.8499755859376,982.75,978.3870849609376,794849,0.0,0.0
2025-05-27,980.0,987.9500122070312,964.0,973.5999755859376,969.2776489257812,976271,0.0,0.0
2025-05-28,975.0,980.2999877929688,954.2999877929688,956.7000122070312,952.4527587890624,796305,0.0,0.0
2025-05-29,962.0,974.4000244140624,949.0,952.5999755859376,948.3709106445312,1430522,0.0,0.0
2025-05-30,960.0,980.25,944.5499877929688,975.9500122070312,971.6173095703124,476732,0.0,0.0
2025-06-02,975.9500122070312,994.7999877929688,964.0,986.9500122070312,982.5684204101562,650649,0.0,0.0
2025-06-03,993.0,1005.0,980.0499877929688,987.6500244140624,983.265380859375,571709,0.0,0.0
2025-06-04,995.0,1005.0,976.0,999.4000244140624,994.9631958007812,451969,0.0,0.0
2025-06-05,999.2000122070312,1010.0,993.9500122070312,1005.2999877929688,1000.8369750976562,392850,0.0,0.0
2025-06-06,1005.0499877929688,1009.0,994.2000122070312,1005.0499877929688,1000.5880737304688,274739,0.0,0.0
2025-06-09,1008.5,1042.0,1005.0,1039.1500244140625,1034.5367431640625,772456,0.0,0.0
2025-06-10,1044.300048828125,1073.0,1033.8499755859375,1067.75,1063.009765625,1026424,0.0,0.0
2025-06-11,1064.5,1080.0,1056.050048828125,1071.1500244140625,1066.3946533203125,400829,0.0,0.0
2025-06-12,1067.699951171875,1076.550048828125,1048.5,1054.800048828125,1050.1171875,200684,0.0,0.0
2025-06-13,1040.0,1067.449951171875,1035.550048828125,1062.550048828125,1057.832763671875,207839,0.0,0.0
2025-06-16,1066.0,1082.5,1058.300048828125,1070.8499755859375,1066.095947265625,357046,0.0,0.0
2025-06-17,1074.0,1081.75,1051.0,1069.300048828125,1064.5528564453125,300972,0.0,0.0
2025-06-18,1075.3499755859375,1075.3499755859375,1027.199951171875,1032.3499755859375,1027.766845703125,950635,0.0,0.0
2025-06-19,1024.9000244140625,1042.050048828125,1015.5999755859376,1017.1500244140624,1012.6343383789062,178697,0.0,0.0
2025-06-20,1018.1500244140624,1034.550048828125,1007.7000122070312,1012.0999755859376,1007.6068115234376,436402,0.0,0.0
2025-06-23,999.0,1025.0,995.0499877929688,1015.8499755859376,1011.340087890625,456606,0.0,0.0
2025-06-24,1015.9500122070312,1029.800048828125,1002.9500122070312,1020.8499755859376,1016.31787109375,477433,0.0,0.0
2025-06-25,1027.1500244140625,1048.3499755859375,1010.0,1042.8499755859375,1038.2203369140625,1255112,0.0,0.0
2025-06-26,1049.0,1063.550048828125,1040.0,1050.4000244140625,1045.7366943359375,670207,0.0,0.0
2025-06-27,1054.4000244140625,1062.9000244140625,1040.199951171875,1055.0,1050.31640625,402829,0.0,0.0
2025-06-30,1054.9000244140625,1082.0,1052.699951171875,1075.199951171875,1070.426513671875,374321,0.0,0.0
2025-07-01,1079.0,1089.5,1065.800048828125,1077.199951171875,1072.417724609375,461616,0.0,0.0
2025-07-02,1080.9000244140625,1101.9000244140625,1069.5,1088.4000244140625,1083.568115234375,598384,0.0,0.0
2025-07-03,1088.9000244140625,1095.0,1067.5,1075.699951171875,1070.92431640625,176045,0.0,0.0
2025-07-04,1079.0,1095.9000244140625,1072.9000244140625,1092.4000244140625,1087.55029296875,521693,0.0,0.0
2025-07-07,1094.0,1095.0,1065.5,1085.5999755859375,1080.780517578125,235124,0.0,0.0
2025-07-08,1085.5999755859375,1102.0,1072.5,1099.4000244140625,1094.519287109375,464336,0.0,0.0
2025-07-09,1100.9000244140625,1113.300048828125,1061.300048828125,1102.199951171875,1097.306640625,633041,0.0,0.0
2025-07-10,1099.5999755859375,1107.0,1080.9000244140625,1105.300048828125,1100.39306640625,366453,0.0,0.0
2025-07-11,1103.0,1152.5999755859375,1101.9000244140625,1140.5999755859375,1135.5362548828125,1565700,0.0,0.0
2025-07-14,1146.0,1169.800048828125,1123.0,1133.800048828125,1128.7666015625,1181988,0.0,0.0
2025-07-15,1124.300048828125,1156.0999755859375,1124.199951171875,1151.300048828125,1146.1888427734375,318543,0.0,0.0
2025-07-16,1151.0,1169.800048828125,1137.5999755859375,1166.9000244140625,1161.7196044921875,269888,0.0,0.0
2025-07-17,1166.0,1189.5999755859375,1148.9000244140625,1177.199951171875,1171.9737548828125,318176,0.0,0.0
2025-07-18,1175.0999755859375,1179.699951171875,1150.0,1154.5999755859375,1149.47412109375,332962,0.0,0.0
2025-07-21,1160.0,1169.5,1143.0,1149.5999755859375,1144.496337890625,110042,0.0,0.0
2025-07-22,1149.5999755859375,1196.0,1149.199951171875,1190.0,1184.717041015625,1167477,0.0,0.0
2025-07-23,1190.0,1195.9000244140625,1163.4000244140625,1189.0999755859375,1183.8209228515625,333717,0.0,0.0
2025-07-24,1189.0999755859375,1194.9000244140625,1167.300048828125,1178.199951171875,1172.9693603515625,261906,0.0,0.0
2025-07-25,1178.9000244140625,1180.0999755859375,1135.0999755859375,1144.0999755859375,1139.020751953125,223804,0.0,0.0
2025-07-28,1144.0999755859375,1177.300048828125,1142.0,1170.0999755859375,1164.9053955078125,395216,0.0,0.0
2025-07-29,1167.9000244140625,1195.0,1150.5999755859375,1193.300048828125,1188.0023193359375,372439,0.0,0.0
2025-07-30,1193.0,1206.9000244140625,1174.800048828125,1201.4000244140625,1196.06640625,558285,0.0,0.0
2025-07-31,1192.0,1209.0,1170.0999755859375,1177.199951171875,1171.9737548828125,310445,0.0,0.0
2025-08-01,1184.800048828125,1185.0,1134.0,1151.0999755859375,1145.9896240234375,165814,0.0,0.0
2025-08-04,1161.5999755859375,1182.800048828125,1145.9000244140625,1171.4000244140625,1166.19970703125,174103,0.0,0.0
2025-08-05,1174.9000244140625,1178.0,1145.0,1161.0999755859375,1155.9451904296875,158611,0.0,0.0
2025-08-06,1160.0,1165.9000244140625,1140.300048828125,1149.300048828125,1146.1719970703125,111614,2.0,0.0
2025-08-07,1149.300048828125,1160.4000244140625,1128.800048828125,1136.9000244140625,1133.8057861328125,177197,0.0,0.0
2025-08-08,1120.0,1120.0,1055.0,1071.800048828125,1068.8829345703125,841228,0.0,0.0
2025-08-11,1051.0,1086.0,1032.5,1070.4000244140625,1067.4866943359375,352402,0.0,0.0
2025-08-12,1080.0,1086.9000244140625,1047.199951171875,1059.300048828125,1056.4169921875,293297,0.0,0.0
2025-08-13,1058.4000244140625,1093.199951171875,1053.4000244140625,1065.9000244140625,1062.9990234375,302509,0.0,0.0
2025-08-14,1063.0,1077.0,1056.4000244140625,1066.699951171875,1063.7967529296875,59928,0.0,0.0
2025-08-18,1100.0,1100.0,1071.199951171875,1087.300048828125,1084.3408203125,149127,0.0,0.0
2025-08-19,1089.9000244140625,1091.0,1068.5999755859375,1086.5,1083.54296875,104397,0.0,0.0
2025-08-20,1093.0,1120.0,1078.5999755859375,1114.5999755859375,1111.56640625,157272,0.0,0.0
2025-08-21,1124.0,1124.0,1100.0,1111.4000244140625,1108.3751220703125,106718,0.0,0.0
2025-08-22,1113.800048828125,1113.800048828125,1064.0999755859375,1073.300048828125,1070.37890625,353569,0.0,0.0
2025-08-25,1081.9000244140625,1086.5,1058.0,1063.5999755859375,1060.7052001953125,223045,0.0,0.0
2025-08-26,1064.0,1065.199951171875,1038.5999755859375,1043.5,1040.659912109375,175899,0.0,0.0
2025-08-28,1050.9000244140625,1051.0,1020.2999877929688,1034.300048828125,1031.4849853515625,250906,0.0,0.0
2025-08-29,1037.9000244140625,1051.0,1025.0,1046.800048828125,1043.9510498046875,177144,0.0,0.0
2025-09-01,1038.5,1068.0,1038.5,1058.5,1055.619140625,107144,0.0,0.0
2025-09-02,1067.0,1084.0,1061.5999755859375,1080.5999755859375,1077.658935546875,122087,0.0,0.0
2025-09-03,1080.5999755859375,1093.0,1066.300048828125,1084.4000244140625,1081.4486083984375,143266,0.0,0.0
2025-09-04,1098.0,1098.0,1069.199951171875,1090.300048828125,1087.3326416015625,247648,0.0,0.0
2025-09-05,1096.0,1097.4000244140625,1065.5,1069.800048828125,1066.888427734375,210895,0.0,0.0
2025-09-08,1069.800048828125,1080.4000244140625,1046.5,1049.800048828125,1046.94287109375,250169,0.0,0.0
2025-09-09,1058.0,1064.199951171875,1041.9000244140625,1055.300048828125,1052.4278564453125,141142,0.0,0.0
2025-09-10,1058.9000244140625,1066.0999755859375,1043.5,1045.9000244140625,1043.053466796875,133347,0.0,0.0
2025-09-11,1050.0,1052.5,1027.0,1031.0,1028.1939697265625,105881,0.0,0.0
2025-09-12,1035.199951171875,1052.9000244140625,1026.5,1030.9000244140625,1028.09423828125,348243,0.0,0.0
2025-09-15,1038.9000244140625,1055.0,1030.9000244140625,1046.0,1043.153076171875,414010,0.0,0.0
2025-09-16,1049.9000244140625,1056.5,1035.300048828125,1040.0,1037.16943359375,244104,0.0,0.0
2025-09-17,1043.9000244140625,1087.300048828125,1043.9000244140625,1062.199951171875,1059.3089599609375,521691,0.0,0.0
2025-09-18,1067.800048828125,1069.4000244140625,1052.0,1062.4000244140625,1059.508544921875,129030,0.0,0.0
2025-09-19,1060.0,1066.9000244140625,1049.699951171875,1054.199951171875,1051.330810546875,162433,0.0,0.0
2025-09-22,1055.0,1062.699951171875,1041.0999755859375,1044.4000244140625,1041.5574951171875,324231,0.0,0.0
2025-09-23,1051.0,1069.5,1044.0,1045.0,1042.1558837890625,282944,0.0,0.0
2025-09-24,1045.0,1052.9000244140625,1031.300048828125,1040.0,1037.16943359375,100645,0.0,0.0
2025-09-25,1040.0,1047.0999755859375,1020.5999755859376,1028.0,1025.2021484375,242245,0.0,0.0
2025-09-26,1028.0,1032.300048828125,997.0,1001.5999755859376,998.8739624023438,361303,0.0,0.0
2025-09-29,1010.0,1024.800048828125,990.0,996.9000244140624,994.186767578125,428654,0.0,0.0
2025-09-30,1004.7000122070312,1010.9000244140624,980.0,985.4000244140624,982.7180786132812,280594,0.0,0.0
2025-10-01,989.9500122070312,995.25,963.0499877929688,992.7000122070312,989.9982299804688,491164,0.0,0.0
2025-10-03,993.0,1004.7999877929688,977.3499755859376,989.75,987.0562133789062,476896,0.0,0.0
2025-10-06,982.0,997.0,972.0,979.5,976.8341064453124,623663,0.0,0.0
2025-10-07,990.5,1025.0,987.75,1005.7000122070312,1002.9628295898438,1829634,0.0,0.0
2025-10-08,1005.7000122070312,1010.4500122070312,996.5999755859376,998.5999755859376,995.8821411132812,230988,0.0,0.0
2025-10-09,998.0,1011.75,989.6500244140624,1008.2000122070312,1005.4560546875,181802,0.0,0.0
2025-10-10,1012.5,1026.300048828125,1003.5999755859376,1018.6500244140624,1015.8776245117188,271305,0.0,0.0
2025-10-13,1012.4000244140624,1019.1500244140624,1006.5,1010.9000244140624,1008.148681640625,226724,0.0,0.0
2025-10-14,1010.9000244140624,1016.0,999.2999877929688,1002.3499755859376,999.6218872070312,170063,0.0,0.0
2025-10-15,1005.0,1019.7000122070312,1001.7999877929688,1015.75,1012.9854736328124,190377,0.0,0.0
2025-10-16,1021.0,1037.300048828125,1020.0,1029.0999755859375,1026.299072265625,679785,0.0,0.0
2025-10-17,1024.050048828125,1029.9000244140625,1012.5499877929688,1023.5999755859376,1020.8140869140624,102266,0.0,0.0
2025-10-20,1035.0,1035.0,1007.0,1028.6500244140625,1025.850341796875,253324,0.0,0.0
2025-10-21,1038.5,1053.5,1030.949951171875,1038.9000244140625,1036.072509765625,56474,0.0,0.0
2025-10-23,1035.0,1052.0,1030.0999755859375,1046.6500244140625,1043.8013916015625,227254,0.0,0.0
2025-10-24,1048.0,1050.75,1033.199951171875,1046.800048828125,1043.9510498046875,199191,0.0,0.0
2025-10-27,1052.0,1062.0,1036.1500244140625,1058.4000244140625,1055.5194091796875,343034,0.0,0.0
2025-10-28,1058.4000244140625,1062.0,1048.0,1059.0999755859375,1056.2174072265625,263432,0.0,0.0
2025-10-29,1063.0,1064.0,1039.25,1057.6500244140625,1054.771484375,158292,0.0,0.0
2025-10-30,1057.6500244140625,1062.3499755859375,1036.4000244140625,1055.3499755859375,1052.4776611328125,131619,0.0,0.0
2025-10-31,1055.3499755859375,1056.949951171875,1035.199951171875,1044.449951171875,1041.6072998046875,64417,0.0,0.0
2025-11-03,1049.0,1049.0,1020.0,1025.5,1022.7089233398438,258845,0.0,0.0
2025-11-04,1025.5,1039.199951171875,1015.7000122070312,1027.0,1024.204833984375,152251,0.0,0.0
2025-11-06,1054.0,1054.0,1011.9000244140624,1033.199951171875,1030.387939453125,523522,0.0,0.0
2025-11-07,1022.0,1038.199951171875,1013.7000122070312,1033.5,1030.6871337890625,128539,0.0,0.0
2025-11-10,1036.0999755859375,1036.9000244140625,1024.5,1032.800048828125,1029.9891357421875,455663,0.0,0.0
2025-11-11,1033.5,1037.9000244140625,992.7000122070312,998.7999877929688,996.0816040039062,591788,0.0,0.0
2025-11-12,1000.2999877929688,1010.0,993.2999877929688,1005.7000122070312,1002.9628295898438,211086,0.0,0.0
2025-11-13,1005.7000122070312,1010.0,981.0,987.5999755859376,984.9120483398438,281711,0.0,0.0
2025-11-14,978.5999755859376,989.4000244140624,965.5,980.2999877929688,977.6319580078124,280309,0.0,0.0
2025-11-17,986.9000244140624,1002.0,980.7000122070312,994.7999877929688,992.0924682617188,142645,0.0,0.0
2025-11-18,998.9000244140624,998.9000244140624,983.0,984.0,981.3218994140624,162043,0.0,0.0
2025-11-19,989.2000122070312,995.5,979.0,991.4000244140624,988.7017822265624,135654,0.0,0.0
2025-11-20,996.0,1001.9000244140624,988.5,996.7999877929688,994.0870361328124,130379,0.0,0.0
2025-11-21,1000.5,1032.699951171875,992.0999755859376,1010.5,1007.749755859375,1135358,0.0,0.0
2025-11-24,1014.5999755859376,1020.9000244140624,1006.0,1011.0,1008.2484130859376,248278,0.0,0.0
2025-11-25,1015.7999877929688,1015.7999877929688,995.7999877929688,1006.5999755859376,1003.8603515625,126694,0.0,0.0
2025-11-26,1013.5999755859376,1019.0,1001.2999877929688,1016.9000244140624,1014.1323852539062,341496,0.0,0.0
2025-11-27,1014.2000122070312,1023.2999877929688,1008.0999755859376,1019.5999755859376,1016.824951171875,178276,0.0,0.0
2025-11-28,1022.0,1040.0,1005.0999755859376,1037.5,1034.67626953125,295428,0.0,0.0
2025-12-01,1040.0,1042.800048828125,1018.2000122070312,1023.2000122070312,1020.4152221679688,151102,0.0,0.0
2025-12-02,1020.0,1028.199951171875,1014.0,1022.5,1019.7171020507812,76154,0.0,0.0
2025-12-03,1020.5,1032.300048828125,1009.5999755859376,1027.5,1024.7034912109375,139335,0.0,0.0
2025-12-04,1017.0,1027.300048828125,1010.0,1015.4000244140624,1012.6364135742188,133997,0.0,0.0
2025-12-05,1007.2000122070312,1020.0,1004.5999755859376,1011.0,1008.2484130859376,143862,0.0,0.0
2025-12-08,1011.0,1018.0,992.0,995.9000244140624,993.1895141601562,121368,0.0,0.0
2025-12-09,995.9000244140624,1004.9000244140624,980.9000244140624,999.5,996.7796630859376,88320,0.0,0.0
2025-12-10,1006.0,1033.0,1005.9000244140624,1020.7999877929688,1018.021728515625,495003,0.0,0.0
2025-12-11,1021.0,1034.800048828125,1012.0,1028.0,1025.2021484375,195546,0.0,0.0
2025-12-12,1037.0,1067.0,1029.199951171875,1055.0,1052.128662109375,693660,0.0,0.0
2025-12-15,1062.0,1068.0,1055.5,1063.300048828125,1060.4061279296875,436691,0.0,0.0
2025-12-16,1062.0,1062.0,1036.0,1049.9000244140625,1047.0426025390625,389878,0.0,0.0
2025-12-17,1052.0,1055.0,1039.0999755859375,1053.300048828125,1050.433349609375,83910,0.0,0.0
2025-12-18,1053.300048828125,1065.300048828125,1043.5,1064.0,1061.1041259765625,119378,0.0,0.0
2025-12-19,1067.0,1067.0,1048.300048828125,1050.300048828125,1047.4415283203125,213087,0.0,0.0
2025-12-22,1059.0,1075.0,1050.0999755859375,1060.199951171875,1057.314453125,255461,0.0,0.0
2025-12-23,1066.0,1066.0,1036.5,1048.5,1045.6463623046875,264391,0.0,0.0
2025-12-24,1048.5,1067.0,1048.5,1060.4000244140625,1057.513916015625,552811,0.0,0.0
2025-12-26,1060.4000244140625,1087.0,1055.5999755859375,1063.199951171875,1060.3062744140625,353435,0.0,0.0
2025-12-29,1063.199951171875,1077.300048828125,1052.0999755859375,1057.0,1054.1231689453125,264929,0.0,0.0
2025-12-30,1047.4000244140625,1064.9000244140625,1041.9000244140625,1048.0,1045.147705078125,210129,0.0,0.0
2025-12-31,1049.0,1062.4000244140625,1045.0,1056.5999755859375,1053.7242431640625,180420,0.0,0.0
2026-01-01,1060.0,1065.0,1047.0999755859375,1058.300048828125,1055.419677734375,114521,0.0,0.0
2026-01-02,1059.300048828125,1063.5,1049.5,1056.699951171875,1053.823974609375,242569,0.0,0.0
2026-01-05,1065.199951171875,1102.5,1065.199951171875,1078.199951171875,1075.2655029296875,530746,0.0,0.0
2026-01-06,1083.199951171875,1085.0,1069.9000244140625,1076.0999755859375,1073.171142578125,229031,0.0,0.0
2026-01-07,1078.0,1082.300048828125,1053.9000244140625,1078.300048828125,1075.365234375,787911,0.0,0.0
2026-01-08,1080.9000244140625,1089.0,1067.0,1082.5,1079.5538330078125,395019,0.0,0.0
2026-01-09,1086.699951171875,1104.4000244140625,1076.0,1093.800048828125,1090.8231201171875,993714,0.0,0.0
2026-01-12,1093.800048828125,1104.9000244140625,1073.0,1083.5,1080.551025390625,258473,0.0,0.0
2026-01-13,1080.199951171875,1095.0,1069.199951171875,1084.9000244140625,1081.947265625,135874,0.0,0.0
2026-01-14,1086.9000244140625,1088.300048828125,1061.5,1064.4000244140625,1061.5030517578125,218897,0.0,0.0
2026-01-16,1068.5,1076.0,1060.0,1071.9000244140625,1068.982666015625,139765,0.0,0.0
2026-01-19,1062.199951171875,1069.9000244140625,1053.0,1065.4000244140625,1062.5003662109375,71466,0.0,0.0
2026-01-20,1065.4000244140625,1075.5,1046.5,1062.4000244140625,1059.508544921875,485561,0.0,0.0
2026-01-21,1063.0,1087.9000244140625,1054.0999755859375,1083.300048828125,1080.3516845703125,351479,0.0,0.0
2026-01-22,1087.0,1087.0,1069.199951171875,1082.5999755859375,1079.6534423828125,166351,0.0,0.0
2026-01-23,1087.0,1087.0,1042.199951171875,1055.0,1052.128662109375,321463,0.0,0.0
2026-01-27,1050.0999755859375,1077.199951171875,1029.300048828125,1071.300048828125,1068.38427734375,170148,0.0,0.0
2026-01-28,1055.0,1073.199951171875,1055.0,1066.800048828125,1063.8966064453125,100800,0.0,0.0
2026-01-29,1060.0,1112.5,1060.0,1102.0,1099.000732421875,628085,0.0,0.0
2026-01-30,1108.0,1127.0,1093.5999755859375,1121.0,1117.948974609375,737932,0.0,0.0
2026-02-02,1087.699951171875,1129.0,1080.0999755859375,1112.4000244140625,1109.3724365234375,433332,0.0,0.0
2026-02-03,1129.0,1151.9000244140625,1120.0999755859375,1134.4000244140625,1131.3126220703125,245352,0.0,0.0
2026-02-04,1115.0,1157.0,1115.0,1154.0,1150.8592529296875,131537,0.0,0.0
2026-02-05,1160.0,1171.5999755859375,1142.5,1161.4000244140625,1158.2391357421875,87661,0.0,0.0
2026-02-06,1165.5,1171.9000244140625,1154.199951171875,1160.9000244140625,1157.740478515625,48922,0.0,0.0
2026-02-09,1175.0,1214.5,1129.5,1204.9000244140625,1201.6207275390625,386962,0.0,0.0
2026-02-10,1173.9000244140625,1188.9000244140625,1134.0999755859375,1168.5,1165.3197021484375,1039444,0.0,0.0
2026-02-11,1161.5,1180.0,1145.0,1151.4000244140625,1148.266357421875,278110,0.0,0.0
2026-02-12,1145.0,1157.0,1122.5,1145.0,1141.8836669921875,495487,0.0,0.0
2026-02-13,1135.199951171875,1148.699951171875,1128.699951171875,1144.699951171875,1141.58447265625,91192,0.0,0.0
2026-02-16,1130.0,1160.0,1124.0999755859375,1151.0999755859375,1147.967041015625,108292,0.0,0.0
2026-02-17,1140.0,1170.9000244140625,1131.800048828125,1164.300048828125,1161.1312255859375,109057,0.0,0.0
2026-02-18,1168.0,1168.0,1136.800048828125,1142.9000244140625,1139.7894287109375,278231,0.0,0.0
2026-02-19,1149.699951171875,1151.0,1110.0,1127.199951171875,1124.132080078125,93317,0.0,0.0
2026-02-20,1124.0,1127.9000244140625,1094.0999755859375,1113.699951171875,1110.6688232421875,94886,0.0,0.0
2026-02-23,1121.0,1151.0,1114.5,1143.300048828125,1140.1883544921875,173692,0.0,0.0
2026-02-24,1143.300048828125,1152.0,1128.4000244140625,1147.0999755859375,1143.9779052734375,59370,0.0,0.0
2026-02-25,1147.0,1160.699951171875,1140.199951171875,1151.4000244140625,1148.266357421875,78302,0.0,0.0
2026-02-26,1151.4000244140625,1154.9000244140625,1118.699951171875,1140.199951171875,1137.0966796875,87112,0.0,0.0
2026-02-27,1149.0,1149.0,1117.0999755859375,1129.800048828125,1126.72509765625,142406,0.0,0.0
2026-03-02,1085.0,1111.0,1084.0999755859375,1099.9000244140625,1096.906494140625,111788,0.0,0.0
2026-03-04,1075.9000244140625,1094.0,1058.0,1085.199951171875,1082.246337890625,119004,0.0,0.0
2026-03-05,1081.0,1111.5999755859375,1036.4000244140625,1103.5999755859375,1100.5963134765625,187407,0.0,0.0
2026-03-06,1092.5999755859375,1105.0,1076.5999755859375,1090.199951171875,1087.2327880859375,60691,0.0,0.0
2026-03-09,1061.0,1079.0,1012.0,1025.4000244140625,1022.6092529296876,223429,0.0,0.0
2026-03-10,1031.0,1039.4000244140625,998.5,1003.5999755859376,1000.8685302734376,180103,0.0,0.0
2026-03-11,1012.0,1012.0,984.0,995.0999755859376,992.3916625976562,213975,0.0,0.0
2026-03-12,980.2000122070312,1011.0,975.0999755859376,995.7000122070312,992.9900512695312,308889,0.0,0.0
2026-03-13,994.0999755859376,996.0,963.0,977.0,974.3409423828124,270185,0.0,0.0
2026-03-16,965.0,995.0,940.0,981.0,978.3300170898438,264678,0.0,0.0
2026-03-17,970.0,976.4000244140624,955.5999755859376,969.7000122070312,967.060791015625,115578,0.0,0.0
2026-03-18,972.9000244140624,989.0,963.2999877929688,982.4000244140624,979.7262573242188,134729,0.0,0.0
2026-03-19,974.5,974.5,940.0,946.0,943.42529296875,80123,0.0,0.0
2026-03-20,950.5999755859376,977.0,918.7999877929688,925.2000122070312,922.6819458007812,385853,0.0,0.0
2026-03-23,920.0,924.9000244140624,860.0999755859375,867.4000244140625,865.0392456054688,393809,0.0,0.0
2026-03-24,891.0,904.0,860.9000244140625,897.5,895.0573120117188,205878,0.0,0.0
2026-03-25,909.0,937.7000122070312,901.0999755859376,928.2999877929688,925.7734375,344920,0.0,0.0
2026-03-27,926.9000244140624,950.0,895.0,910.5,908.0219116210938,609864,0.0,0.0
2026-03-30,906.2999877929688,958.5999755859376,888.0,920.0999755859376,917.5957641601562,428482,0.0,0.0
2026-04-01,932.6500244140624,953.25,927.0,943.5,940.93212890625,183752,0.0,0.0
2026-04-02,928.7000122070312,934.6500244140624,904.1500244140624,925.1500244140624,922.632080078125,111008,0.0,0.0
2026-04-06,918.0,945.0,918.0,937.0,934.4497680664062,84472,0.0,0.0
2026-04-07,930.0,954.4000244140624,925.5,944.5999755859376,942.0291137695312,91962,0.0,0.0
2026-04-08,959.0,997.0,959.0,993.25,990.5466918945312,430754,0.0,0.0
2026-04-09,999.0,999.0,967.8499755859376,980.2999877929688,977.6319580078124,121012,0.0,0.0
2026-04-10,987.0,1003.6500244140624,982.0499877929688,991.2000122070312,988.5023193359376,289528,0.0,0.0
2026-04-13,991.9000244140624,1000.0,968.2999877929688,995.25,992.541259765625,110236,0.0,0.0
2026-04-15,997.0,1010.0999755859376,990.0,1003.4000244140624,1000.6691284179688,163954,0.0,0.0
2026-04-16,1015.0,1019.0,995.3499755859376,1001.9000244140624,999.1731567382812,118473,0.0,0.0
2026-04-17,1000.2000122070312,1023.0,996.4500122070312,1011.0499877929688,1008.2982177734376,539512,0.0,0.0
2026-04-20,1015.9000244140624,1024.449951171875,1000.6500244140624,1010.4500122070312,1007.6998901367188,271110,0.0,0.0
2026-04-21,1015.4500122070312,1020.0,998.0,1003.5999755859376,1000.8685302734376,89927,0.0,0.0
2026-04-22,1003.0,1005.1500244140624,987.4500122070312,991.9000244140624,989.2003784179688,126300,0.0,0.0
2026-04-23,991.9500122070312,991.9500122070312,950.0,958.5,955.8912963867188,281448,0.0,0.0
2026-04-24,951.0499877929688,969.0,951.0499877929688,965.9000244140624,963.2711791992188,190318,0.0,0.0
2026-04-27,965.9000244140624,975.0,952.2000122070312,966.4000244140624,963.769775390625,125867,0.0,0.0
2026-04-28,966.4000244140624,985.8499755859376,945.0499877929688,956.7999877929688,954.1959228515624,238011,0.0,0.0
2026-04-29,966.0,977.0,938.7000122070312,944.25,941.6800537109376,238284,0.0,0.0
2026-04-30,947.0,954.9500122070312,923.3499755859376,935.0999755859376,932.554931640625,321353,0.0,0.0
2026-05-01,935.0999755859376,935.0999755859376,935.0999755859376,935.0999755859376,932.554931640625,0,0.0,0.0
2026-05-04,935.0999755859376,945.0,922.25,926.8499755859376,924.327392578125,144928,0.0,0.0
2026-05-05,926.8499755859376,930.0,906.6500244140624,914.5499877929688,912.0609130859376,567409,0.0,0.0
2026-05-06,919.0,945.2999877929688,919.0,934.9000244140624,932.3555297851562,749259,0.0,0.0
2026-05-07,945.5999755859376,961.75,935.1500244140624,959.9500122070312,957.3373413085938,617576,0.0,0.0
2026-05-08,964.2000122070312,970.0,949.5,959.5,956.8885498046876,485039,0.0,0.0
2026-05-11,958.0499877929688,959.2000122070312,934.5499877929688,950.5,947.9130249023438,381543,0.0,0.0
2026-05-12,967.7999877929688,967.7999877929688,930.0999755859376,943.25,940.6828002929688,179464,0.0,0.0
2026-05-13,943.25,948.4000244140624,927.0499877929688,929.8499755859376,927.3192138671876,781596,0.0,0.0
2026-05-14,938.0,947.1500244140624,927.0999755859376,933.4000244140624,930.859619140625,66602,0.0,0.0
2026-05-15,933.4000244140624,937.75,912.0499877929688,916.25,913.7562866210938,142202,0.0,0.0
2026-05-18,915.0,915.0,882.2000122070312,891.8499755859375,889.4226684570312,122351,0.0,0.0
2026-05-19,895.0,910.2999877929688,891.8499755859375,906.6500244140624,904.1824340820312,79486,0.0,0.0
2026-05-20,912.0,913.0,875.0,879.9500122070312,877.5550537109375,266786,0.0,0.0
2026-05-21,887.9000244140625,913.3499755859376,884.0,906.5999755859376,904.1325073242188,179559,0.0,0.0
2026-05-22,916.0,930.5999755859376,903.5999755859376,914.5499877929688,912.0609130859376,218732,0.0,0.0
2026-05-25,929.0,949.0,902.1500244140624,906.4500122070312,903.9829711914062,386591,0.0,0.0
2026-05-26,910.0,913.5,879.7000122070312,891.5999755859375,889.17333984375,526480,0.0,0.0
2026-05-27,896.0999755859375,905.5499877929688,883.0,886.7999877929688,884.3864135742188,153390,0.0,0.0
2026-05-28,886.7999877929688,886.7999877929688,886.7999877929688,886.7999877929688,884.3864135742188,0,0.0,0.0
2026-05-29,890.4000244140625,894.9500122070312,866.0,871.2000122070312,868.8289184570312,223216,0.0,0.0
2026-06-01,877.5,877.5,859.0,865.0499877929688,862.6956176757812,173360,0.0,0.0
2026-06-02,861.0,879.0,847.2999877929688,871.4000244140625,869.0283813476562,171281,0.0,0.0
2026-06-03,871.4000244140625,875.9500122070312,852.0,859.8499755859375,857.509765625,103844,0.0,0.0
2026-06-04,853.5,891.0,853.5,877.4000244140625,875.0120239257812,119700,0.0,0.0
2026-06-05,879.8499755859375,887.9500122070312,870.9500122070312,880.7000122070312,878.3030395507812,120719,0.0,0.0
2026-06-08,874.0499877929688,874.0499877929688,850.6500244140625,855.0,852.6729736328125,63169,0.0,0.0
2026-06-09,860.0,864.0,847.0,851.6500244140625,849.3320922851562,146674,0.0,0.0
2026-06-10,852.0,855.4500122070312,838.2999877929688,851.4500122070312,849.1326293945312,208224,0.0,0.0
2026-06-11,845.0499877929688,854.0,841.0,851.0,848.683837890625,171286,0.0,0.0
2026-06-12,856.5,886.5,846.2000122070312,880.5999755859375,878.2032470703125,312755,0.0,0.0
2026-06-15,887.0,920.0,880.0,911.25,908.7698974609376,262463,0.0,0.0
2026-06-16,909.0,910.5499877929688,877.4000244140625,882.1500244140625,879.7490844726562,217951,0.0,0.0
2026-06-17,880.0499877929688,909.0,877.5,893.8499755859375,891.417236328125,241067,0.0,0.0
2026-06-18,906.9500122070312,906.9500122070312,885.0,890.3499755859375,887.9267578125,118351,0.0,0.0
2026-06-19,893.7999877929688,893.7999877929688,882.0499877929688,885.2999877929688,882.8905029296875,60903,0.0,0.0
2026-06-22,892.0,901.6500244140624,879.0,886.3499755859375,883.9376220703125,113082,0.0,0.0
2026-06-23,895.75,895.75,871.4000244140625,876.1500244140625,873.7654418945312,158431,0.0,0.0
2026-06-24,879.9500122070312,920.0,875.0999755859375,913.75,911.2630615234376,326312,0.0,0.0
2026-06-25,920.0,938.0,913.9000244140624,919.0999755859376,916.5985107421876,562383,0.0,0.0
2026-06-26,919.0999755859376,919.0999755859376,919.0999755859376,919.0999755859376,916.5985107421876,0,0.0,0.0
2026-06-29,914.5,933.3499755859376,912.8499755859376,929.7000122070312,927.169677734375,623589,0.0,0.0
2026-06-30,929.7000122070312,936.5,915.9500122070312,929.9500122070312,927.4190063476562,510393,0.0,0.0
2026-07-01,931.0,944.4500122070312,923.0499877929688,931.75,929.214111328125,905200,0.0,0.0
2026-07-02,938.0,947.5499877929688,929.5499877929688,943.1500244140624,940.5830688476562,410962,0.0,0.0
2026-07-03,945.0,962.3499755859376,942.5,947.5499877929688,944.9710693359376,129912,0.0,0.0
2026-07-06,947.5499877929688,959.7999877929688,930.0499877929688,938.4500122070312,935.8958740234376,103582,0.0,0.0
2026-07-07,933.5,949.5999755859376,928.7999877929688,936.9500122070312,934.3999633789062,71516,0.0,0.0
2026-07-08,932.0,939.5,904.0499877929688,908.5999755859376,906.1270751953124,96756,0.0,0.0
2026-07-09,908.5999755859376,926.4500122070312,908.5999755859376,922.0999755859376,919.59033203125,24085,0.0,0.0
2026-07-10,925.0999755859376,945.9500122070312,924.0,942.0999755859376,939.535888671875,83812,0.0,0.0
2026-07-13,943.5499877929688,946.75,931.0,938.2000122070312,935.6465454101562,73808,0.0,0.0
2026-07-14,938.2000122070312,939.7999877929688,923.0,928.4500122070312,925.923095703125,36574,0.0,0.0
2026-07-15,931.0999755859376,953.0,923.0,933.2999877929688,930.7598266601562,204767,0.0,0.0
2026-07-16,935.9000244140624,946.0,926.0,933.3499755859376,930.8096923828124,93305,0.0,0.0
2026-07-17,931.0,938.9500122070312,916.0,919.7999877929688,917.2965698242188,53810,0.0,0.0
2026-07-20,920.0,934.2000122070312,913.1500244140624,925.7999877929688,923.2802734375,60093,0.0,0.0
2026-07-21,927.0999755859376,940.0,914.4000244140624,917.7999877929688,915.3020629882812,122655,0.0,0.0
2026-07-22,924.9500122070312,924.9500122070312,903.0999755859376,907.0,904.5314331054688,85725,0.0,0.0
2026-07-23,907.0499877929688,918.2000122070312,902.7999877929688,915.0999755859376,912.609375,73275,0.0,0.0
2026-07-24,914.2000122070312,918.0,902.0,914.7999877929688,912.3101806640624,34800,0.0,0.0
2026-07-27,907.0,926.0,907.0,919.75,917.2467651367188,58579,0.0,0.0
2026-07-28,913.0499877929688,920.9000244140624,901.6500244140624,908.5,906.02734375,169091,0.0,0.0
2026-07-29,912.0,927.7999877929688,912.0,921.5,918.9920043945312,51340,0.0,0.0
2026-07-30,918.0,921.5,908.4000244140624,915.0,912.5097045898438,588768,0.0,0.0
2026-08-03,920.1500244140624,950.0,920.1500244140624,945.25,942.6773681640624,128262,0.0,0.0
2026-08-04,950.0,950.0,935.75,945.9000244140624,943.3256225585938,44356,0.0,0.0
2026-08-05,953.25,953.25,905.4000244140624,922.1500244140624,919.6402587890624,128913,0.0,0.0
2026-08-06,924.0,945.8499755859376,919.0499877929688,937.0999755859376,934.5494995117188,80023,0.0,0.0
2026-08-07,940.0,944.0,914.8499755859376,933.7999877929688,931.2584838867188,221192,0.0,0.0
2026-08-10,920.0,989.2999877929688,920.0,953.75,951.1542358398438,1690958,0.0,0.0
2026-08-11,953.75,957.0,930.0999755859376,934.0499877929688,931.5078125,226890,0.0,0.0
2026-08-12,938.4000244140624,940.0,914.0,918.5499877929688,916.0499877929688,210443,0.0,0.0
2026-08-13,924.0499877929688,925.0499877929688,906.75,908.7999877929688,908.7999877929688,219296,2.5,0.0
2026-08-14,911.7999877929688,937.7999877929688,902.25,907.2000122070312,907.2000122070312,446272,0.0,0.0
2026-08-17,917.0,926.2000122070312,905.0499877929688,922.5999755859375,922.5999755859375,242347,0.0,0.0
2026-08-18,922.5999755859375,924.25,897.1500244140625,909.7999877929688,909.7999877929688,232980,0.0,0.0
2026-08-19,910.0999755859375,916.25,892.3499755859375,902.2000122070312,902.2000122070312,250361,0.0,0.0
2026-08-20,907.0,915.0,901.2000122070312,906.9500122070312,906.9500122070312,202421,0.0,0.0
2026-08-21,907.0,913.5,895.0,899.0499877929688,899.0499877929688,239794,0.0,0.0
2026-08-24,908.0999755859375,925.0,896.5,903.9000244140625,903.9000244140625,386326,0.0,0.0
2026-08-25,915.0,939.0499877929688,902.0,909.1500244140625,909.1500244140625,629363,0.0,0.0
2026-08-26,915.4000244140625,944.0,911.1500244140625,940.6500244140625,940.6500244140625,269778,0.0,0.0
2026-08-27,943.0,943.0,890.3499755859375,892.5499877929688,892.5499877929688,706106,0.0,0.0
2026-08-28,892.7999877929688,899.4500122070312,883.4000244140625,,,243570,0.0,0.0
