Date,Open,High,Low,Close,Adj Close,Volume,Dividends,Stock Splits
2017-12-15,239.6999969482422,254.8000030517578,236.4499969482422,239.6000061035156,231.2875061035156,10353180,0.0,0.0
2017-12-18,237.0500030517578,237.8999938964844,220.0,221.8000030517578,214.1050567626953,1007116,0.0,0.0
2017-12-19,222.1999969482422,224.4499969482422,213.1000061035156,216.3000030517578,208.79586791992188,864940,0.0,0.0
2017-12-20,216.9499969482422,225.5,214.4499969482422,219.1499938964844,211.54698181152344,783452,0.0,0.0
2017-12-21,220.0,223.9499969482422,220.0,221.9499969482422,214.2498321533203,331141,0.0,0.0
2017-12-22,221.6999969482422,223.3000030517578,217.8999938964844,219.0,211.40219116210932,542966,0.0,0.0
2017-12-26,219.5,220.0,216.3000030517578,218.1000061035156,210.533432006836,514021,0.0,0.0
2017-12-27,218.3999938964844,218.8000030517578,212.3500061035156,213.75,206.33433532714844,532979,0.0,0.0
2017-12-28,213.6499938964844,215.6999969482422,209.8999938964844,214.3500061035156,206.9135284423828,615519,0.0,0.0
2017-12-29,215.0,219.6999969482422,214.3500061035156,215.25,207.78228759765625,522673,0.0,0.0
2018-01-01,217.0,236.8999938964844,217.0,228.1999969482422,220.2830047607422,1687684,0.0,0.0
2018-01-02,230.1499938964844,240.8500061035156,230.1499938964844,235.75,227.5710906982422,937581,0.0,0.0
2018-01-03,236.5,243.6999969482422,235.0,238.8000030517578,230.5152587890625,497297,0.0,0.0
2018-01-04,241.6000061035156,245.0,239.3500061035156,243.5,235.0522003173828,515306,0.0,0.0
2018-01-05,245.0,252.0,244.5500030517578,247.25,238.672103881836,858014,0.0,0.0
2018-01-08,250.0,269.79998779296875,250.0,266.75,257.4955749511719,3573394,0.0,0.0
2018-01-09,271.0,274.3999938964844,260.29998779296875,266.25,257.012939453125,2184124,0.0,0.0
2018-01-10,261.0,263.3500061035156,250.0,251.3500061035156,242.6298675537109,1888976,0.0,0.0
2018-01-11,252.8000030517578,255.0,241.0500030517578,245.3500061035156,236.8380584716797,927972,0.0,0.0
2018-01-12,246.5500030517578,248.5,236.1000061035156,237.6499938964844,229.40516662597656,651372,0.0,0.0
2018-01-15,239.0,242.75,236.8500061035156,239.1499938964844,230.8531188964844,415710,0.0,0.0
2018-01-16,238.5,240.25,227.8000030517578,229.5500030517578,221.586181640625,584154,0.0,0.0
2018-01-17,229.9499969482422,240.8999938964844,225.1000061035156,239.75,231.43231201171875,748559,0.0,0.0
2018-01-18,240.75,244.0,229.3999938964844,230.25,222.2618865966797,650130,0.0,0.0
2018-01-19,230.4499969482422,244.1999969482422,228.6999969482422,240.0500030517578,231.72189331054688,1473430,0.0,0.0
2018-01-22,241.6000061035156,256.0,240.3500061035156,253.6499938964844,244.85006713867188,1309489,0.0,0.0
2018-01-23,253.6499938964844,254.8000030517578,241.0500030517578,244.0,235.53485107421875,496020,0.0,0.0
2018-01-24,242.8500061035156,247.3999938964844,236.8999938964844,238.8999938964844,230.61178588867188,581618,0.0,0.0
2018-01-25,240.0,244.8999938964844,237.0500030517578,239.1499938964844,230.8531188964844,171215,0.0,0.0
2018-01-29,240.6999969482422,243.8999938964844,236.0,240.8500061035156,232.4941253662109,639454,0.0,0.0
2018-01-30,240.0,243.0,235.0,240.6999969482422,232.349349975586,272685,0.0,0.0
2018-01-31,241.0,242.0,234.1499938964844,236.4499969482422,228.2467803955078,975586,0.0,0.0
2018-02-01,237.0,244.8999938964844,234.0,236.6999969482422,228.48812866210932,247859,0.0,0.0
2018-02-02,234.8500061035156,236.0,223.3000030517578,235.1000061035156,226.94363403320312,489404,0.0,0.0
2018-02-05,228.0,236.6999969482422,228.0,235.25,227.08843994140625,169840,0.0,0.0
2018-02-06,224.0,235.9499969482422,224.0,233.1999969482422,225.10952758789065,213009,0.0,0.0
2018-02-07,236.0,238.8500061035156,234.75,235.3500061035156,227.18495178222656,135288,0.0,0.0
2018-02-08,238.0,239.0,235.25,237.0,228.7777099609375,142978,0.0,0.0
2018-02-09,235.0,238.5,231.5500030517578,233.75,225.64047241210932,265756,0.0,0.0
2018-02-12,235.25,238.0,233.25,234.8000030517578,226.654052734375,298665,0.0,0.0
2018-02-14,234.0,236.75,232.9499969482422,234.25,226.1231231689453,484275,0.0,0.0
2018-02-15,236.4499969482422,236.8999938964844,232.25,234.6499938964844,226.5092163085937,186830,0.0,0.0
2018-02-16,235.0,235.6999969482422,231.1999969482422,232.8500061035156,224.77169799804688,127704,0.0,0.0
2018-02-19,233.0,234.0,221.0,223.0,215.26339721679688,219977,0.0,0.0
2018-02-20,223.0,233.6000061035156,221.3500061035156,231.9499969482422,223.9029083251953,259588,0.0,0.0
2018-02-21,230.0,235.0,227.3000030517578,233.3999938964844,225.30259704589844,127259,0.0,0.0
2018-02-22,232.0500030517578,232.8000030517578,222.6499938964844,223.8999938964844,216.13218688964844,159982,0.0,0.0
2018-02-23,225.0,228.8999938964844,223.6999969482422,224.5,216.7113800048828,187001,0.0,0.0
2018-02-26,225.0,228.1499938964844,223.0500030517578,223.6999969482422,215.9391326904297,263051,0.0,0.0
2018-02-27,224.5,227.3000030517578,221.1999969482422,221.8000030517578,214.1050567626953,271545,0.0,0.0
2018-02-28,220.3000030517578,222.8000030517578,219.0,219.75,212.12615966796875,120984,0.0,0.0
2018-03-01,219.0,222.3500061035156,218.1000061035156,218.8999938964844,211.3056488037109,176962,0.0,0.0
2018-03-05,218.5,220.4499969482422,204.0,206.9499969482422,199.77023315429688,293782,0.0,0.0
2018-03-06,207.9499969482422,208.0,195.0500030517578,203.75,196.68125915527344,1011305,0.0,0.0
2018-03-07,203.3999938964844,208.3000030517578,198.25,200.1000061035156,193.1578826904297,91281,0.0,0.0
2018-03-08,201.4499969482422,205.8999938964844,197.25,203.5500030517578,196.4881896972656,117336,0.0,0.0
2018-03-09,204.0500030517578,204.6999969482422,192.0500030517578,193.6499938964844,186.93165588378903,325274,0.0,0.0
2018-03-12,196.0,210.6999969482422,196.0,209.0,201.74913024902344,358409,0.0,0.0
2018-03-13,206.5,217.5,206.5,216.3500061035156,208.84413146972656,269804,0.0,0.0
2018-03-14,212.0,229.6999969482422,212.0,219.4499969482422,211.83657836914065,395340,0.0,0.0
2018-03-15,216.1000061035156,223.1000061035156,216.1000061035156,218.9499969482422,211.3539276123047,180239,0.0,0.0
2018-03-16,218.9499969482422,222.6499938964844,213.0,216.75,209.23025512695312,315162,0.0,0.0
2018-03-19,213.25,214.9499969482422,207.0500030517578,209.6499938964844,202.3765563964844,254864,0.0,0.0
2018-03-20,208.8000030517578,210.0,206.0,207.8500061035156,200.63900756835932,70968,0.0,0.0
2018-03-21,207.8999938964844,212.1999969482422,205.8500061035156,206.6000061035156,199.4323883056641,225106,0.0,0.0
2018-03-22,207.1999969482422,209.0,201.0,202.5500030517578,195.5229034423828,207912,0.0,0.0
2018-03-23,195.0,201.75,190.0,198.3000030517578,191.4203338623047,195557,0.0,0.0
2018-03-26,197.3999938964844,200.9499969482422,195.0,197.25,190.40676879882807,280963,0.0,0.0
2018-03-27,198.0500030517578,208.8000030517578,198.0500030517578,203.5,196.43994140625,161988,0.0,0.0
2018-03-28,200.0,211.8999938964844,198.0,206.8999938964844,199.7219390869141,180844,0.0,0.0
2018-04-02,208.1499938964844,213.8999938964844,207.5,213.3500061035156,205.9481964111328,103360,0.0,0.0
2018-04-03,209.0500030517578,214.5500030517578,209.0500030517578,213.1000061035156,205.7068634033203,66972,0.0,0.0
2018-04-04,213.0500030517578,217.6999969482422,211.0,212.1999969482422,204.83807373046875,98194,0.0,0.0
2018-04-05,213.5,217.3500061035156,213.5,216.3999938964844,208.8923797607422,90800,0.0,0.0
2018-04-06,215.6999969482422,216.6000061035156,212.0,213.4499969482422,206.04473876953125,93866,0.0,0.0
2018-04-09,213.5,219.6999969482422,213.5,217.3999938964844,209.85769653320312,88336,0.0,0.0
2018-04-10,218.6999969482422,223.8999938964844,216.25,217.6000061035156,210.0507659912109,239048,0.0,0.0
2018-04-11,217.6000061035156,219.1499938964844,216.3999938964844,217.0500030517578,209.51983642578125,130845,0.0,0.0
2018-04-12,217.0,217.4499969482422,212.5500030517578,213.5500030517578,206.1412506103516,72777,0.0,0.0
2018-04-13,212.8500061035156,220.3999938964844,212.8500061035156,215.1499938964844,207.6857452392578,152008,0.0,0.0
2018-04-16,213.0,220.3000030517578,212.3000030517578,219.1499938964844,211.54698181152344,255765,0.0,0.0
2018-04-17,216.0500030517578,224.3999938964844,214.1999969482422,219.0,211.40219116210932,301777,0.0,0.0
2018-04-18,219.5,229.3999938964844,219.5,225.1000061035156,217.2905731201172,509927,0.0,0.0
2018-04-19,230.0,232.0,226.0,227.4499969482422,219.5590209960937,461827,0.0,0.0
2018-04-20,232.0,232.0,226.25,227.4499969482422,219.5590209960937,130396,0.0,0.0
2018-04-23,226.8000030517578,227.5,221.0,223.4499969482422,215.6977996826172,166716,0.0,0.0
2018-04-24,225.25,226.6999969482422,220.0,220.8999938964844,213.2362670898437,97880,0.0,0.0
2018-04-25,219.5500030517578,222.25,213.1999969482422,214.1499938964844,206.720443725586,194431,0.0,0.0
2018-04-26,214.6000061035156,218.8500061035156,213.5,217.4499969482422,209.9059600830078,139042,0.0,0.0
2018-04-27,217.1499938964844,220.1000061035156,215.5500030517578,217.5500030517578,210.0024871826172,93176,0.0,0.0
2018-04-30,216.1000061035156,220.4499969482422,215.5,219.75,212.12615966796875,106811,0.0,0.0
2018-05-02,219.1000061035156,222.1000061035156,216.6000061035156,217.75,210.195541381836,75891,0.0,0.0
2018-05-03,216.9499969482422,218.5,213.0,216.8999938964844,209.37503051757807,47048,0.0,0.0
2018-05-04,216.1499938964844,218.1999969482422,212.6499938964844,217.1499938964844,209.61636352539065,74745,0.0,0.0
2018-05-07,217.1999969482422,222.3999938964844,215.1999969482422,221.25,213.5741271972656,95171,0.0,0.0
2018-05-08,221.3999938964844,221.4499969482422,213.8000030517578,214.4499969482422,207.0100250244141,100717,0.0,0.0
2018-05-09,214.3000030517578,215.8500061035156,207.0,207.75,200.54248046875,77391,0.0,0.0
2018-05-10,209.25,210.5,200.1000061035156,200.1999969482422,193.25442504882807,124515,0.0,0.0
2018-05-11,201.0,204.4499969482422,198.0500030517578,199.9499969482422,193.01307678222656,97820,0.0,0.0
2018-05-14,198.0,203.1499938964844,196.0,202.0500030517578,195.0402374267578,144491,0.0,0.0
2018-05-15,197.1499938964844,203.8000030517578,197.1499938964844,202.0500030517578,195.0402374267578,120326,0.0,0.0
2018-05-16,201.0,202.1000061035156,195.6000061035156,198.8999938964844,191.99954223632807,65202,0.0,0.0
2018-05-17,199.1000061035156,201.3000030517578,192.8000030517578,194.1499938964844,187.414306640625,143392,0.0,0.0
2018-05-18,194.1499938964844,197.6999969482422,193.0,195.5500030517578,188.7657623291016,51282,0.0,0.0
2018-05-21,193.3000030517578,196.1999969482422,191.3999938964844,192.0500030517578,185.3871612548828,80664,0.0,0.0
2018-05-22,192.25,193.6499938964844,187.5,189.8000030517578,183.2152099609375,118393,0.0,0.0
2018-05-23,188.9499969482422,196.0,188.0,188.5500030517578,182.00860595703125,76675,0.0,0.0
2018-05-24,188.75,190.1999969482422,187.6499938964844,188.1000061035156,181.57421875,40066,0.0,0.0
2018-05-25,187.75,190.0,187.0500030517578,188.75,182.2016448974609,54221,0.0,0.0
2018-05-28,189.6499938964844,190.0500030517578,185.1000061035156,186.0500030517578,179.5953369140625,141772,0.0,0.0
2018-05-29,185.1999969482422,190.1000061035156,185.1999969482422,187.8500061035156,181.33290100097656,61478,0.0,0.0
2018-05-30,187.0,189.3999938964844,186.5,187.3500061035156,180.8502349853516,29787,0.0,0.0
2018-05-31,187.6000061035156,187.9499969482422,182.6000061035156,183.25,176.89247131347656,92571,0.0,0.0
2018-06-01,183.1000061035156,183.8999938964844,176.64999389648438,177.4499969482422,171.29368591308594,59195,0.0,0.0
2018-06-04,177.25,183.5,174.60000610351562,179.75,173.51390075683594,213596,0.0,0.0
2018-06-05,176.5,178.6999969482422,170.0,171.89999389648438,165.93621826171875,39638,0.0,0.0
2018-06-06,172.89999389648438,179.85000610351562,170.0500030517578,175.10000610351562,169.0252227783203,39589,0.0,0.0
2018-06-07,174.8000030517578,178.0,174.0,175.14999389648438,169.07347106933594,35127,0.0,0.0
2018-06-08,174.60000610351562,177.89999389648438,172.0,176.89999389648438,170.7627716064453,71628,0.0,0.0
2018-06-11,175.14999389648438,186.8000030517578,175.14999389648438,178.64999389648438,172.45205688476562,70189,0.0,0.0
2018-06-12,180.10000610351562,181.8999938964844,176.10000610351562,177.3000030517578,171.14891052246094,49830,0.0,0.0
2018-06-13,177.4499969482422,178.6999969482422,175.0,175.35000610351562,169.2665557861328,58651,0.0,0.0
2018-06-14,175.0,175.0,166.3000030517578,169.89999389648438,164.005615234375,56106,0.0,0.0
2018-06-15,170.5500030517578,176.6999969482422,169.25,173.3000030517578,167.2876739501953,89726,0.0,0.0
2018-06-18,173.10000610351562,173.10000610351562,169.3000030517578,170.35000610351562,164.44003295898438,23749,0.0,0.0
2018-06-19,170.14999389648438,170.39999389648438,165.25,165.89999389648438,160.14437866210938,37455,0.0,0.0
2018-06-20,165.89999389648438,169.9499969482422,165.0,168.89999389648438,163.04031372070312,29183,0.0,0.0
2018-06-21,168.60000610351562,169.3000030517578,162.3000030517578,164.10000610351562,158.40684509277344,22196,0.0,0.0
2018-06-22,164.89999389648438,165.75,161.3000030517578,163.0500030517578,157.3932647705078,48741,0.0,0.0
2018-06-25,163.0,184.6999969482422,160.8000030517578,176.5500030517578,170.42491149902344,310610,0.0,0.0
2018-06-26,175.5,183.4499969482422,170.5500030517578,178.0500030517578,171.8728790283203,210696,0.0,0.0
2018-06-27,178.25,180.10000610351562,173.14999389648438,174.89999389648438,168.83216857910156,62153,0.0,0.0
2018-06-28,174.89999389648438,174.89999389648438,167.64999389648438,168.39999389648438,162.55764770507812,43752,0.0,0.0
2018-06-29,169.0,173.1999969482422,166.5500030517578,168.25,162.41287231445312,37789,0.0,0.0
2018-07-02,168.1999969482422,170.4499969482422,161.0500030517578,162.3000030517578,156.66928100585938,74581,0.0,0.0
2018-07-03,163.0,166.0,161.8000030517578,164.14999389648438,158.4551239013672,55477,0.0,0.0
2018-07-04,165.0,165.0,161.4499969482422,163.25,157.58633422851562,60121,0.0,0.0
2018-07-05,163.25,164.6999969482422,161.0,162.0500030517578,156.427978515625,46456,0.0,0.0
2018-07-06,161.10000610351562,164.9499969482422,161.10000610351562,162.89999389648438,157.24844360351562,25222,0.0,0.0
2018-07-09,163.0,167.6999969482422,163.0,166.1999969482422,160.43397521972656,48576,0.0,0.0
2018-07-10,166.3000030517578,167.85000610351562,163.25,164.89999389648438,159.17909240722656,46742,0.0,0.0
2018-07-11,161.8000030517578,166.89999389648438,161.8000030517578,162.9499969482422,157.2967529296875,38014,0.0,0.0
2018-07-12,163.5,164.6999969482422,160.0500030517578,161.14999389648438,155.55917358398438,51408,0.0,0.0
2018-07-13,160.8000030517578,162.0,155.35000610351562,156.60000610351562,151.16705322265625,61342,0.0,0.0
2018-07-16,156.1999969482422,157.8000030517578,150.0500030517578,154.14999389648438,148.8020477294922,46863,0.0,0.0
2018-07-17,153.75,164.89999389648438,153.10000610351562,160.5500030517578,154.9800262451172,92286,0.0,0.0
2018-07-18,159.0500030517578,160.89999389648438,149.8000030517578,155.6999969482422,150.29827880859375,163229,0.0,0.0
2018-07-19,157.0,157.0,152.0,153.5,148.17459106445312,40972,0.0,0.0
2018-07-20,151.0,153.0500030517578,149.0500030517578,150.39999389648438,145.18214416503906,45766,0.0,0.0
2018-07-23,153.8000030517578,153.8000030517578,146.0,147.89999389648438,142.76885986328125,37009,0.0,0.0
2018-07-24,148.0,152.5500030517578,148.0,149.9499969482422,144.7477569580078,42947,0.0,0.0
2018-07-25,150.35000610351562,151.9499969482422,146.5500030517578,149.35000610351562,144.16859436035156,34444,0.0,0.0
2018-07-26,148.0,150.5,148.0,148.25,143.1067352294922,19065,0.0,0.0
2018-07-27,149.5500030517578,156.75,147.25,149.35000610351562,144.16859436035156,97561,0.0,0.0
2018-07-30,150.1999969482422,154.9499969482422,149.0,152.4499969482422,147.16102600097656,41298,0.0,0.0
2018-07-31,151.25,153.9499969482422,144.0,148.60000610351562,143.44461059570312,168928,0.0,0.0
2018-08-01,149.1999969482422,151.5500030517578,145.0,146.1999969482422,141.1278533935547,97729,0.0,0.0
2018-08-02,148.9499969482422,148.9499969482422,138.10000610351562,139.14999389648438,134.3224334716797,181791,0.0,0.0
2018-08-03,140.9499969482422,150.5500030517578,139.1999969482422,148.6999969482422,143.5411376953125,573909,0.0,0.0
2018-08-06,150.25,165.8000030517578,150.25,164.5,158.79296875,478415,0.0,0.0
2018-08-07,165.8000030517578,171.39999389648438,164.10000610351562,167.10000610351562,161.30276489257812,229455,0.0,0.0
2018-08-08,168.64999389648438,168.64999389648438,158.0,160.64999389648438,155.0765380859375,89035,0.0,0.0
2018-08-09,162.0,164.1999969482422,161.3000030517578,161.8000030517578,156.1866455078125,57785,0.0,0.0
2018-08-10,161.8000030517578,162.60000610351562,156.75,157.4499969482422,151.987548828125,45221,0.0,0.0
2018-08-13,157.0,160.9499969482422,155.14999389648438,158.25,152.75979614257812,36487,0.0,0.0
2018-08-14,162.1999969482422,163.6999969482422,160.0500030517578,161.3000030517578,155.70399475097656,122625,0.0,0.0
2018-08-16,162.8000030517578,162.8000030517578,159.64999389648438,160.4499969482422,154.88345336914062,25245,0.0,0.0
2018-08-17,161.0,168.8000030517578,159.25,161.9499969482422,156.33140563964844,98946,0.0,0.0
2018-08-20,161.9499969482422,162.5,158.25,159.75,154.207763671875,34066,0.0,0.0
2018-08-21,160.0,160.0500030517578,156.89999389648438,158.1999969482422,152.71153259277344,31069,0.0,0.0
2018-08-23,156.0,159.0,154.89999389648438,155.10000610351562,149.71908569335938,25371,0.0,0.0
2018-08-24,155.35000610351562,157.5,153.0,153.5,148.17459106445312,32909,0.0,0.0
2018-08-27,157.6999969482422,157.6999969482422,152.0500030517578,152.75,147.45059204101562,37890,0.0,0.0
2018-08-28,153.39999389648438,153.39999389648438,150.0,151.60000610351562,146.34051513671875,67816,0.0,0.0
2018-08-29,150.5,152.0,148.14999389648438,148.6999969482422,143.5411376953125,41013,0.0,0.0
2018-08-30,148.0,165.5,148.0,157.4499969482422,151.987548828125,597359,0.0,0.0
2018-08-31,156.85000610351562,164.0,156.0,158.4499969482422,152.95286560058594,295152,0.0,0.0
2018-09-03,158.4499969482422,166.9499969482422,157.0,162.4499969482422,156.81407165527344,186275,0.0,0.0
2018-09-04,162.39999389648438,162.9499969482422,157.0,158.0500030517578,152.56671142578125,97484,0.0,0.0
2018-09-05,157.8000030517578,165.0,156.3000030517578,163.0500030517578,157.3932647705078,78533,0.0,0.0
2018-09-06,163.25,168.0,163.10000610351562,166.14999389648438,160.38571166992188,91432,0.0,0.0
2018-09-07,167.0,176.14999389648438,166.39999389648438,174.85000610351562,168.7838897705078,190111,0.0,0.0
2018-09-10,173.0,177.6999969482422,168.10000610351562,173.0,166.99807739257812,133526,0.0,0.0
2018-09-11,174.85000610351562,175.9499969482422,166.25,167.0,161.2062530517578,35247,0.0,0.0
2018-09-12,167.64999389648438,172.60000610351562,163.1999969482422,169.5,163.61949157714844,40776,0.0,0.0
2018-09-14,170.0500030517578,174.0,166.60000610351562,172.14999389648438,166.17755126953125,60297,0.0,0.0
2018-09-17,172.4499969482422,172.4499969482422,165.5500030517578,168.25,162.41287231445312,39467,0.0,0.0
2018-09-18,167.25,169.89999389648438,158.0,160.8000030517578,155.22134399414062,67609,0.0,0.0
2018-09-19,161.89999389648438,162.10000610351562,157.1999969482422,158.8000030517578,153.2907257080078,73484,0.0,0.0
2018-09-21,160.10000610351562,164.0,149.9499969482422,155.8000030517578,150.39479064941406,151095,0.0,0.0
2018-09-24,155.8000030517578,160.5500030517578,150.0,152.85000610351562,147.54714965820312,72031,0.0,0.0
2018-09-25,155.89999389648438,156.6999969482422,150.0,153.25,147.93328857421875,49984,0.0,0.0
2018-09-26,154.0500030517578,156.4499969482422,151.0,152.6999969482422,147.40232849121094,38171,0.0,0.0
2018-09-27,153.4499969482422,153.64999389648438,143.0,144.1999969482422,139.1972198486328,40886,0.0,0.0
2018-09-28,144.9499969482422,148.8000030517578,130.5500030517578,132.60000610351562,127.99967956542967,113657,0.0,0.0
2018-10-01,130.5,135.1999969482422,130.0500030517578,134.6999969482422,130.02682495117188,42525,0.0,0.0
2018-10-03,134.6999969482422,144.75,132.5,141.4499969482422,136.5426483154297,117831,0.0,0.0
2018-10-04,140.0,140.0,135.0500030517578,137.8000030517578,133.01927185058594,66844,0.0,0.0
2018-10-05,135.0,141.0,134.89999389648438,139.89999389648438,135.04640197753906,105909,0.0,0.0
2018-10-08,143.5,143.5,135.9499969482422,139.25,134.41897583007812,80343,0.0,0.0
2018-10-09,139.5500030517578,143.3000030517578,136.14999389648438,140.1999969482422,135.33599853515625,47558,0.0,0.0
2018-10-10,140.64999389648438,144.39999389648438,139.0,142.39999389648438,137.45968627929688,41738,0.0,0.0
2018-10-11,138.0500030517578,143.5500030517578,136.64999389648438,142.85000610351562,137.8940887451172,34684,0.0,0.0
2018-10-12,144.9499969482422,150.5,140.14999389648438,148.9499969482422,143.7824249267578,47438,0.0,0.0
2018-10-15,148.0500030517578,154.75,148.0500030517578,153.10000610351562,147.78848266601562,22041,0.0,0.0
2018-10-16,154.85000610351562,160.0500030517578,153.25,159.5500030517578,154.0146942138672,37418,0.0,0.0
2018-10-17,161.0,161.0,153.60000610351562,154.75,149.3812255859375,30547,0.0,0.0
2018-10-19,159.85000610351562,159.85000610351562,149.75,152.75,147.45059204101562,29683,0.0,0.0
2018-10-22,153.14999389648438,158.75,152.75,154.4499969482422,149.0916290283203,20960,0.0,0.0
2018-10-23,153.0500030517578,155.9499969482422,152.25,154.60000610351562,149.2364501953125,17587,0.0,0.0
2018-10-24,156.0,157.9499969482422,150.6999969482422,153.60000610351562,148.2711181640625,24467,0.0,0.0
2018-10-25,151.3000030517578,156.0,147.0500030517578,154.5,149.139892578125,31026,0.0,0.0
2018-10-26,156.25,156.25,147.5,149.39999389648438,144.21682739257812,52964,0.0,0.0
2018-10-29,149.64999389648438,154.6999969482422,149.60000610351562,152.85000610351562,147.54714965820312,18663,0.0,0.0
2018-10-30,152.89999389648438,153.3000030517578,150.14999389648438,152.5500030517578,147.25755310058594,14583,0.0,0.0
2018-10-31,152.5,153.89999389648438,145.35000610351562,152.14999389648438,146.8714141845703,28145,0.0,0.0
2018-11-01,153.25,160.6999969482422,150.64999389648438,158.8000030517578,153.2907257080078,33333,0.0,0.0
2018-11-02,159.0,161.10000610351562,157.0,157.89999389648438,152.4219512939453,33674,0.0,0.0
2018-11-05,158.25,163.6999969482422,155.5500030517578,162.60000610351562,156.95889282226562,33004,0.0,0.0
2018-11-06,163.8000030517578,163.8000030517578,159.0,160.85000610351562,155.2696075439453,27047,0.0,0.0
2018-11-07,161.14999389648438,165.5,160.0,164.35000610351562,158.64816284179688,51662,0.0,0.0
2018-11-09,160.0,163.5500030517578,159.10000610351562,160.9499969482422,155.36611938476562,29007,0.0,0.0
2018-11-12,164.0,164.0,160.0,160.64999389648438,155.0765380859375,9932,0.0,0.0
2018-11-13,161.0,161.6999969482422,158.0,159.0500030517578,153.53204345703125,11392,0.0,0.0
2018-11-14,160.0500030517578,160.0500030517578,156.0,158.4499969482422,152.95286560058594,13069,0.0,0.0
2018-11-15,158.5500030517578,160.6999969482422,156.85000610351562,158.39999389648438,152.9045867919922,15183,0.0,0.0
2018-11-16,158.3000030517578,159.60000610351562,157.39999389648438,159.10000610351562,153.58029174804688,17304,0.0,0.0
2018-11-19,165.0,165.0,157.0,159.5500030517578,154.0146942138672,63126,0.0,0.0
2018-11-20,158.0,159.5,156.10000610351562,157.0,151.55316162109375,10120,0.0,0.0
2018-11-21,156.0,158.6999969482422,153.60000610351562,155.1999969482422,149.81558227539062,32673,0.0,0.0
2018-11-22,155.10000610351562,158.89999389648438,155.10000610351562,158.25,152.75979614257812,13587,0.0,0.0
2018-11-26,158.0,158.25,155.0500030517578,157.89999389648438,152.4219512939453,14990,0.0,0.0
2018-11-27,158.9499969482422,159.5,156.1999969482422,158.8000030517578,153.2907257080078,9711,0.0,0.0
2018-11-28,155.60000610351562,158.25,155.60000610351562,156.6999969482422,151.2635498046875,12433,0.0,0.0
2018-11-29,157.0500030517578,158.0,154.25,155.9499969482422,150.53958129882812,48072,0.0,0.0
2018-11-30,155.0,158.5,155.0,157.14999389648438,151.6979522705078,11260,0.0,0.0
2018-12-03,151.10000610351562,157.85000610351562,151.10000610351562,154.60000610351562,149.2364501953125,26427,0.0,0.0
2018-12-04,158.1999969482422,158.3000030517578,151.25,153.3000030517578,147.98153686523438,28125,0.0,0.0
2018-12-05,153.75,155.10000610351562,151.64999389648438,153.0,147.6919403076172,28944,0.0,0.0
2018-12-06,150.10000610351562,152.6999969482422,147.0,149.4499969482422,144.2650909423828,25615,0.0,0.0
2018-12-07,149.3000030517578,150.6999969482422,146.3000030517578,148.39999389648438,143.2515411376953,22112,0.0,0.0
2018-12-10,148.25,150.0,146.0500030517578,146.85000610351562,141.7552947998047,19241,0.0,0.0
2018-12-11,145.0,148.85000610351562,141.14999389648438,148.14999389648438,143.01019287109375,9417,0.0,0.0
2018-12-12,149.10000610351562,153.0500030517578,148.14999389648438,151.85000610351562,146.5818328857422,44520,0.0,0.0
2018-12-13,152.9499969482422,152.9499969482422,148.64999389648438,149.14999389648438,143.9755096435547,11784,0.0,0.0
2018-12-14,148.4499969482422,150.25,146.75,147.10000610351562,141.99664306640625,11328,0.0,0.0
2018-12-17,146.1999969482422,149.14999389648438,141.4499969482422,144.4499969482422,139.43856811523438,40532,0.0,0.0
2018-12-18,144.9499969482422,148.75,135.8000030517578,144.89999389648438,139.87295532226562,51048,0.0,0.0
2018-12-19,145.6999969482422,147.35000610351562,144.10000610351562,144.85000610351562,139.82469177246094,13922,0.0,0.0
2018-12-20,144.1999969482422,154.89999389648438,144.14999389648438,152.75,147.45059204101562,66986,0.0,0.0
2018-12-21,154.0,154.0,148.25,150.1999969482422,144.9890899658203,63631,0.0,0.0
2018-12-24,149.10000610351562,150.8000030517578,147.0,147.64999389648438,142.52755737304688,16938,0.0,0.0
2018-12-26,149.0,149.0,142.0,145.10000610351562,140.06602478027344,22093,0.0,0.0
2018-12-27,148.0,148.0,144.0,145.5500030517578,140.50042724609375,13351,0.0,0.0
2018-12-28,145.10000610351562,146.64999389648438,141.64999389648438,144.14999389648438,139.14895629882812,32070,0.0,0.0
2018-12-31,144.10000610351562,147.0500030517578,142.0,146.0500030517578,140.98306274414062,9650,0.0,0.0
2019-01-01,144.75,146.9499969482422,144.0,146.0,140.93479919433594,8207,0.0,0.0
2019-01-02,146.0,147.35000610351562,144.64999389648438,145.60000610351562,140.54867553710938,10141,0.0,0.0
2019-01-03,145.89999389648438,146.6999969482422,143.0500030517578,143.8000030517578,138.81112670898438,9409,0.0,0.0
2019-01-04,143.0,145.75,143.0,144.3000030517578,139.29376220703125,6343,0.0,0.0
2019-01-07,143.8000030517578,146.89999389648438,143.8000030517578,144.1999969482422,139.1972198486328,9207,0.0,0.0
2019-01-08,145.0,149.0500030517578,143.4499969482422,146.39999389648438,141.32090759277344,17385,0.0,0.0
2019-01-09,146.0,148.8000030517578,144.10000610351562,145.10000610351562,140.06602478027344,8100,0.0,0.0
2019-01-10,145.8000030517578,148.60000610351562,144.85000610351562,147.0500030517578,141.9483642578125,14698,0.0,0.0
2019-01-11,147.75,147.85000610351562,144.85000610351562,146.9499969482422,141.85182189941406,10080,0.0,0.0
2019-01-14,146.9499969482422,146.9499969482422,144.0,144.85000610351562,139.82469177246094,6112,0.0,0.0
2019-01-15,145.1999969482422,147.14999389648438,143.9499969482422,144.4499969482422,139.43856811523438,11876,0.0,0.0
2019-01-16,145.10000610351562,148.0,144.0,145.89999389648438,140.83824157714844,16282,0.0,0.0
2019-01-17,147.0,148.4499969482422,145.0,146.6999969482422,141.61050415039062,11558,0.0,0.0
2019-01-18,145.10000610351562,146.3000030517578,144.0500030517578,145.89999389648438,140.83824157714844,13395,0.0,0.0
2019-01-21,146.0,146.1999969482422,143.5,145.10000610351562,140.06602478027344,9416,0.0,0.0
2019-01-22,145.0,147.0,142.5,144.25,139.24549865722656,14688,0.0,0.0
2019-01-23,144.85000610351562,147.89999389648438,143.0,143.60000610351562,138.61805725097656,18264,0.0,0.0
2019-01-24,144.85000610351562,145.89999389648438,143.0,143.64999389648438,138.66632080078125,14235,0.0,0.0
2019-01-25,144.60000610351562,145.0500030517578,141.6999969482422,142.10000610351562,137.17010498046875,9543,0.0,0.0
2019-01-28,143.0,143.85000610351562,136.0500030517578,137.75,132.97100830078125,35366,0.0,0.0
2019-01-29,137.0,138.5,132.64999389648438,134.5500030517578,129.88204956054688,78868,0.0,0.0
2019-01-30,135.0500030517578,137.6999969482422,133.5,134.85000610351562,130.17164611816406,19507,0.0,0.0
2019-01-31,134.89999389648438,136.39999389648438,133.0,134.0500030517578,129.39938354492188,12652,0.0,0.0
2019-02-01,134.89999389648438,137.1999969482422,134.25,135.85000610351562,131.13694763183594,12786,0.0,0.0
2019-02-04,136.0,138.75,133.3000030517578,135.64999389648438,130.94384765625,19124,0.0,0.0
2019-02-05,137.0,137.0,133.75,135.0500030517578,130.3646697998047,19339,0.0,0.0
2019-02-06,136.0,136.9499969482422,132.10000610351562,135.3000030517578,130.6060028076172,18992,0.0,0.0
2019-02-07,136.0,136.0,134.0,134.1999969482422,129.54415893554688,11437,0.0,0.0
2019-02-08,135.0,135.0500030517578,127.6500015258789,131.85000610351562,127.27569580078124,27236,0.0,0.0
2019-02-11,133.9499969482422,134.5500030517578,130.89999389648438,132.10000610351562,127.5170440673828,7209,0.0,0.0
2019-02-12,132.0,133.0,131.0,132.0500030517578,127.46875,25947,0.0,0.0
2019-02-14,132.10000610351562,133.0,131.0,132.0,127.42049407958984,14368,0.0,0.0
2019-02-15,132.1999969482422,137.1999969482422,130.0,132.25,127.66181182861328,20041,0.0,0.0
2019-02-18,133.0,134.0,130.6999969482422,133.10000610351562,128.48233032226562,10204,0.0,0.0
2019-02-19,133.5500030517578,133.5500030517578,131.5,132.5,127.90314483642578,10115,0.0,0.0
2019-02-20,133.0,134.5,131.3000030517578,132.35000610351562,127.75836181640624,8130,0.0,0.0
2019-02-21,133.0,134.1999969482422,132.0,132.89999389648438,128.2892608642578,11309,0.0,0.0
2019-02-22,133.35000610351562,135.0,132.4499969482422,134.10000610351562,129.44764709472656,14351,0.0,0.0
2019-02-25,134.60000610351562,135.0,133.8000030517578,134.14999389648438,129.49588012695312,9859,0.0,0.0
2019-02-26,134.0,134.14999389648438,131.89999389648438,132.60000610351562,127.99967956542967,10172,0.0,0.0
2019-02-27,134.75,137.9499969482422,133.0,136.14999389648438,131.426513671875,41783,0.0,0.0
2019-02-28,137.35000610351562,137.35000610351562,134.0,134.5500030517578,129.88204956054688,6434,0.0,0.0
2019-03-01,136.5,142.9499969482422,134.64999389648438,138.39999389648438,133.5984344482422,25431,0.0,0.0
2019-03-05,145.0,146.1999969482422,140.1999969482422,143.5,138.52151489257812,24882,0.0,0.0
2019-03-06,145.6999969482422,147.64999389648438,140.64999389648438,142.3000030517578,137.36314392089844,18852,0.0,0.0
2019-03-07,144.39999389648438,144.39999389648438,138.35000610351562,139.6999969482422,134.8533477783203,15547,0.0,0.0
2019-03-08,140.0,140.9499969482422,138.25,139.9499969482422,135.0946807861328,8462,0.0,0.0
2019-03-11,139.3000030517578,143.89999389648438,139.10000610351562,141.14999389648438,136.2530517578125,12030,0.0,0.0
2019-03-12,139.0,144.0,139.0,140.85000610351562,135.96347045898438,18584,0.0,0.0
2019-03-13,142.0500030517578,142.0500030517578,138.0,138.4499969482422,133.646728515625,10442,0.0,0.0
2019-03-14,139.0,139.5500030517578,136.1999969482422,137.0500030517578,132.2952880859375,22186,0.0,0.0
2019-03-15,142.0,142.0,130.10000610351562,131.0,126.45519256591795,217071,0.0,0.0
2019-03-18,132.25,134.64999389648438,131.10000610351562,133.0500030517578,128.43408203125,10832,0.0,0.0
2019-03-19,131.25,132.9499969482422,131.0500030517578,132.1999969482422,127.6135482788086,12582,0.0,0.0
2019-03-20,131.5,133.1999969482422,131.25,131.6999969482422,127.1309051513672,13897,0.0,0.0
2019-03-22,133.6999969482422,133.6999969482422,128.5,129.10000610351562,124.6211166381836,75610,0.0,0.0
2019-03-25,130.8000030517578,130.8000030517578,127.5,128.8000030517578,124.3315200805664,69915,0.0,0.0
2019-03-26,130.0,131.5,126.6500015258789,129.75,125.24855041503906,322302,0.0,0.0
2019-03-27,130.6999969482422,130.89999389648438,127.0,127.5500030517578,123.12488555908205,37944,0.0,0.0
2019-03-28,128.9499969482422,130.5500030517578,127.6999969482422,129.39999389648438,124.9106903076172,18461,0.0,0.0
2019-04-01,130.0,140.1999969482422,129.0,138.85000610351562,134.0328369140625,173512,0.0,0.0
2019-04-02,138.4499969482422,145.39999389648438,136.25,143.89999389648438,138.90765380859375,122080,0.0,0.0
2019-04-03,144.89999389648438,148.10000610351562,141.39999389648438,146.39999389648438,141.32090759277344,44948,0.0,0.0
2019-04-04,146.0,146.0500030517578,140.25,141.1999969482422,136.3013153076172,13829,0.0,0.0
2019-04-05,140.8000030517578,147.14999389648438,140.75,144.0500030517578,139.05245971679688,61339,0.0,0.0
2019-04-08,145.0,146.8000030517578,138.14999389648438,139.3000030517578,134.4672393798828,61855,0.0,0.0
2019-04-09,140.9499969482422,140.9499969482422,137.9499969482422,138.5500030517578,133.74327087402344,9765,0.0,0.0
2019-04-10,137.0500030517578,139.85000610351562,134.64999389648438,136.8000030517578,132.05397033691406,13863,0.0,0.0
2019-04-11,138.5,138.5,134.3000030517578,135.14999389648438,130.46119689941406,9159,0.0,0.0
2019-04-12,135.3000030517578,137.1999969482422,135.0,135.35000610351562,130.65428161621094,11044,0.0,0.0
2019-04-15,136.0500030517578,138.9499969482422,135.14999389648438,137.60000610351562,132.8262176513672,32077,0.0,0.0
2019-04-16,137.3000030517578,138.3000030517578,135.3000030517578,137.89999389648438,133.1157989501953,9998,0.0,0.0
2019-04-18,141.6999969482422,141.6999969482422,135.25,136.10000610351562,131.37826538085938,32035,0.0,0.0
2019-04-22,137.0,137.0,133.39999389648438,134.0500030517578,129.39938354492188,7364,0.0,0.0
2019-04-23,136.0,136.0,131.25,132.10000610351562,127.5170440673828,8348,0.0,0.0
2019-04-24,131.0,135.1999969482422,130.89999389648438,132.75,128.14447021484375,14443,0.0,0.0
2019-04-25,134.64999389648438,134.64999389648438,132.5500030517578,133.0,128.3858184814453,7226,0.0,0.0
2019-04-26,134.9499969482422,134.9499969482422,130.0500030517578,130.64999389648438,126.11732482910156,12785,0.0,0.0
2019-04-30,132.60000610351562,132.60000610351562,129.9499969482422,130.5500030517578,126.02080535888672,9963,0.0,0.0
2019-05-02,131.8000030517578,131.8000030517578,129.0,129.1999969482422,124.71763610839844,10153,0.0,0.0
2019-05-03,129.10000610351562,130.35000610351562,128.6999969482422,129.0500030517578,124.57284545898438,6568,0.0,0.0
2019-05-06,129.0500030517578,130.9499969482422,128.0,128.1999969482422,123.75232696533205,8079,0.0,0.0
2019-05-07,128.0,129.75,124.25,125.0999984741211,120.75988006591795,28228,0.0,0.0
2019-05-08,125.0,126.5999984741211,124.0,124.75,120.4220199584961,32037,0.0,0.0
2019-05-09,125.0,127.1999969482422,125.0,126.9000015258789,122.4974365234375,4126,0.0,0.0
2019-05-10,126.9000015258789,127.1999969482422,125.0,125.4000015258789,121.04946899414062,5328,0.0,0.0
2019-05-13,126.3499984741211,126.6500015258789,123.0,126.0,121.628662109375,15043,0.0,0.0
2019-05-14,125.3499984741211,127.1500015258789,124.0,126.4499969482422,122.06304931640624,6418,0.0,0.0
2019-05-15,126.0500030517578,127.0,125.0,126.3000030517578,121.91824340820312,10313,0.0,0.0
2019-05-16,126.0500030517578,132.0,124.0,128.10000610351562,123.65579986572266,14989,0.0,0.0
2019-05-17,127.0500030517578,131.5500030517578,126.25,130.8000030517578,126.26213073730467,11334,0.0,0.0
2019-05-20,129.64999389648438,132.39999389648438,126.25,129.39999389648438,124.9106903076172,11318,0.0,0.0
2019-05-21,128.14999389648438,130.0,127.0500030517578,128.75,124.2832489013672,8945,0.0,0.0
2019-05-22,127.25,129.14999389648438,127.0,127.9000015258789,123.4627456665039,32311,0.0,0.0
2019-05-23,127.25,128.75,125.0,125.5500030517578,121.19427490234376,13581,0.0,0.0
2019-05-24,129.85000610351562,129.85000610351562,125.1500015258789,128.4499969482422,123.99365997314452,16078,0.0,0.0
2019-05-27,131.0,133.89999389648438,129.10000610351562,130.5500030517578,126.02080535888672,66697,0.0,0.0
2019-05-28,130.8000030517578,131.64999389648438,128.0500030517578,128.85000610351562,124.3797836303711,18360,0.0,0.0
2019-05-29,129.5,129.5,126.0,126.6999969482422,122.30437469482422,15872,0.0,0.0
2019-05-30,126.0999984741211,127.9499969482422,125.6999969482422,126.3499984741211,121.9665069580078,60094,0.0,0.0
2019-05-31,126.0500030517578,127.0999984741211,123.0,123.4000015258789,119.11885833740234,19838,0.0,0.0
2019-06-03,124.8499984741211,124.9000015258789,122.5,123.0999984741211,118.82926177978516,16658,0.0,0.0
2019-06-04,124.8499984741211,125.5500030517578,123.0,123.4499969482422,119.16712951660156,10672,0.0,0.0
2019-06-06,126.8000030517578,126.8000030517578,120.3499984741211,121.0,116.8021240234375,18900,0.0,0.0
2019-06-07,122.5,125.8000030517578,119.0,124.9000015258789,120.56682586669922,26671,0.0,0.0
2019-06-10,125.0,125.25,121.0,123.9000015258789,119.6015167236328,19037,0.0,0.0
2019-06-11,124.0,124.5500030517578,121.5500030517578,121.6500015258789,117.4295654296875,40449,0.0,0.0
2019-06-12,122.0,124.5,120.6500015258789,123.4000015258789,119.11885833740234,10140,0.0,0.0
2019-06-13,123.5,123.5500030517578,120.5,121.75,117.5261001586914,8648,0.0,0.0
2019-06-14,123.4000015258789,123.4000015258789,120.1500015258789,120.3499984741211,116.17467498779295,9330,0.0,0.0
2019-06-17,120.9499969482422,122.8000030517578,118.4499969482422,119.75,115.59548950195312,16702,0.0,0.0
2019-06-18,120.0,120.75,117.5,118.6500015258789,114.53366088867188,31699,0.0,0.0
2019-06-19,119.0,123.75,110.5,111.1500015258789,107.29385375976562,36123,0.0,0.0
2019-06-20,111.0,114.9000015258789,108.0,113.4000015258789,109.46578979492188,30336,0.0,0.0
2019-06-21,114.0,114.9000015258789,111.0,112.0500030517578,108.16262817382812,16374,0.0,0.0
2019-06-24,116.75,116.75,111.0,113.0999984741211,109.17620086669922,9358,0.0,0.0
2019-06-25,113.5500030517578,113.5999984741211,109.5,110.3000030517578,106.4733428955078,10581,0.0,0.0
2019-06-26,110.3000030517578,112.75,109.3000030517578,111.6500015258789,107.77650451660156,7466,0.0,0.0
2019-06-27,111.6500015258789,114.5999984741211,110.5,111.3499984741211,107.48690795898438,171887,0.0,0.0
2019-06-28,111.0,112.5,110.5999984741211,111.5,107.63169860839844,10247,0.0,0.0
2019-07-01,111.5,112.5,109.5999984741211,110.0999984741211,106.2802734375,7900,0.0,0.0
2019-07-02,110.0,111.1500015258789,108.0,109.0,105.21843719482422,9868,0.0,0.0
2019-07-03,109.5,110.4499969482422,108.0,108.1500015258789,104.39793395996094,11178,0.0,0.0
2019-07-04,108.25,109.6999969482422,108.0,108.9499969482422,105.170166015625,10075,0.0,0.0
2019-07-05,108.0999984741211,109.9499969482422,105.0999984741211,106.6999969482422,102.99822998046876,16618,0.0,0.0
2019-07-08,107.0,107.0500030517578,102.0,102.4499969482422,98.89567565917967,21250,0.0,0.0
2019-07-09,101.0,104.5999984741211,98.8499984741211,100.0500030517578,96.57894134521484,57722,0.0,0.0
2019-07-10,99.4000015258789,101.5999984741211,98.9000015258789,100.5500030517578,97.06159973144533,24762,0.0,0.0
2019-07-11,100.5999984741211,100.5999984741211,98.0999984741211,98.5500030517578,95.13099670410156,7135,0.0,0.0
2019-07-12,98.75,100.0,95.0,97.1500015258789,93.7795639038086,69082,0.0,0.0
2019-07-15,97.1500015258789,100.6999969482422,93.0,94.9000015258789,91.60760498046876,154976,0.0,0.0
2019-07-16,94.0,95.0500030517578,92.5,93.0,89.77352905273438,65179,0.0,0.0
2019-07-17,93.5999984741211,99.9000015258789,89.0,97.5,94.11741638183594,231896,0.0,0.0
2019-07-18,98.0,102.0999984741211,93.0,94.9000015258789,91.60760498046876,67902,0.0,0.0
2019-07-19,94.0,95.6999969482422,90.0,90.3499984741211,87.21546173095703,7730,0.0,0.0
2019-07-22,90.0,94.9499969482422,88.0,89.1500015258789,86.05709838867188,37761,0.0,0.0
2019-07-23,88.0999984741211,91.1999969482422,87.25,88.4000015258789,85.3331069946289,10355,0.0,0.0
2019-07-24,88.0,88.94999694824219,84.5999984741211,86.5,83.49903869628906,13382,0.0,0.0
2019-07-25,85.69999694824219,89.0,83.4000015258789,87.5999984741211,84.56086730957031,27854,0.0,0.0
2019-07-26,86.25,87.5999984741211,83.0,84.0,81.08576202392578,20397,0.0,0.0
2019-07-29,84.0,87.5,79.0999984741211,83.69999694824219,80.79617309570312,35631,0.0,0.0
2019-07-30,95.0,100.4000015258789,87.0999984741211,88.75,85.67097473144531,1280640,0.0,0.0
2019-07-31,88.0999984741211,90.9000015258789,85.5999984741211,87.80000305175781,84.75393676757812,225856,0.0,0.0
2019-08-01,86.5,88.30000305175781,85.05000305175781,86.0,83.0163803100586,50702,0.0,0.0
2019-08-02,86.0,86.19999694824219,81.44999694824219,83.30000305175781,80.41004943847656,49751,0.0,0.0
2019-08-05,82.5999984741211,82.5999984741211,75.25,79.44999694824219,76.69361114501953,70235,0.0,0.0
2019-08-06,79.5,89.44999694824219,79.5,83.94999694824219,81.0374984741211,92675,0.0,0.0
2019-08-07,83.0999984741211,88.0,82.25,84.55000305175781,81.61668395996094,51216,0.0,0.0
2019-08-08,83.5,85.94999694824219,80.0999984741211,82.1500015258789,79.2999496459961,22457,0.0,0.0
2019-08-09,84.5999984741211,88.75,82.55000305175781,84.69999694824219,81.76148223876953,103265,0.0,0.0
2019-08-13,85.69999694824219,86.0,81.25,82.1500015258789,79.2999496459961,18730,0.0,0.0
2019-08-14,84.0,84.9000015258789,81.1500015258789,82.3499984741211,79.49300384521484,17553,0.0,0.0
2019-08-16,84.69999694824219,84.69999694824219,79.05000305175781,80.3499984741211,78.03620910644531,62413,0.5,0.0
2019-08-19,80.55000305175781,84.80000305175781,80.0999984741211,82.8499984741211,80.4642105102539,43112,0.0,0.0
2019-08-20,82.5,82.5,80.94999694824219,81.5,79.15308380126953,22432,0.0,0.0
2019-08-21,83.0,83.0,80.05000305175781,82.1500015258789,79.78437042236328,27078,0.0,0.0
2019-08-22,80.75,81.8499984741211,77.0999984741211,77.9000015258789,75.6567611694336,37503,0.0,0.0
2019-08-23,76.25,81.0,76.25,79.55000305175781,77.25923919677734,22306,0.0,0.0
2019-08-26,82.6500015258789,82.6500015258789,79.5,80.9000015258789,78.57036590576172,19018,0.0,0.0
2019-08-27,81.0,83.9000015258789,81.0,82.94999694824219,80.56134033203125,41308,0.0,0.0
2019-08-28,82.0999984741211,83.5,80.05000305175781,80.5,78.181884765625,14279,0.0,0.0
2019-08-29,80.9000015258789,81.94999694824219,79.4000015258789,80.94999694824219,78.61892700195312,22391,0.0,0.0
2019-08-30,82.0,82.75,79.4000015258789,80.1500015258789,77.84197235107422,15320,0.0,0.0
2019-09-03,81.94999694824219,81.94999694824219,78.0,78.75,76.48228454589844,6351,0.0,0.0
2019-09-04,78.9000015258789,82.75,78.19999694824219,82.0,79.6386947631836,23005,0.0,0.0
2019-09-05,82.1500015258789,83.0,81.0,81.4000015258789,79.05597686767578,16528,0.0,0.0
2019-09-06,81.44999694824219,82.3499984741211,80.5,80.69999694824219,78.37613677978516,22153,0.0,0.0
2019-09-09,82.9000015258789,82.9000015258789,79.0,80.75,78.42469024658203,13412,0.0,0.0
2019-09-11,80.80000305175781,92.4000015258789,80.80000305175781,88.4000015258789,85.85438537597656,152186,0.0,0.0
2019-09-12,87.55000305175781,89.75,84.1500015258789,84.9000015258789,82.45518493652344,46653,0.0,0.0
2019-09-13,87.0,89.80000305175781,84.30000305175781,87.55000305175781,85.02887725830078,34495,0.0,0.0
2019-09-16,87.0,94.4499969482422,86.4000015258789,93.5500030517578,90.85609436035156,116622,0.0,0.0
2019-09-17,94.75,95.9000015258789,88.55000305175781,89.5999984741211,87.01984405517578,47579,0.0,0.0
2019-09-18,90.1999969482422,92.6500015258789,88.55000305175781,91.75,89.10792541503906,30981,0.0,0.0
2019-09-19,90.0,93.1500015258789,86.75,87.8499984741211,85.32022857666016,27984,0.0,0.0
2019-09-20,86.3499984741211,97.8000030517578,86.3499984741211,93.8499984741211,91.14744567871094,77950,0.0,0.0
2019-09-23,96.8499984741211,97.4499969482422,91.0,92.6500015258789,89.98200988769531,36158,0.0,0.0
2019-09-24,91.0999984741211,94.0,90.5,92.5500030517578,89.8848876953125,39272,0.0,0.0
2019-09-25,92.6500015258789,92.6500015258789,89.5,90.8499984741211,88.23384094238281,15641,0.0,0.0
2019-09-26,92.5500030517578,92.5500030517578,90.0999984741211,90.1999969482422,87.6025619506836,8312,0.0,0.0
2019-09-27,92.25,92.75,88.05000305175781,88.55000305175781,86.00008392333984,8565,0.0,0.0
2019-09-30,89.94999694824219,89.94999694824219,85.5999984741211,86.8499984741211,84.34902954101562,13955,0.0,0.0
2019-10-01,89.8499984741211,89.8499984741211,81.44999694824219,83.5,81.09549713134766,23768,0.0,0.0
2019-10-03,85.80000305175781,87.80000305175781,82.8499984741211,85.0999984741211,82.64942169189453,21662,0.0,0.0
2019-10-04,87.6500015258789,87.6500015258789,86.0,86.8499984741211,84.34902954101562,7344,0.0,0.0
2019-10-07,88.0,88.0,84.94999694824219,85.80000305175781,83.32926940917969,8416,0.0,0.0
2019-10-09,86.0,87.25,83.0999984741211,83.8499984741211,81.43541717529297,13146,0.0,0.0
2019-10-10,84.69999694824219,86.0,82.9000015258789,84.9000015258789,82.45518493652344,11982,0.0,0.0
2019-10-11,84.55000305175781,85.9000015258789,83.25,83.5999984741211,81.19261169433594,8349,0.0,0.0
2019-10-14,83.0,86.8499984741211,83.0,83.94999694824219,81.53253173828125,6663,0.0,0.0
2019-10-15,84.9000015258789,89.80000305175781,83.5999984741211,85.5,83.03790283203125,66643,0.0,0.0
2019-10-16,86.0,87.9000015258789,85.6500015258789,86.4000015258789,83.9119873046875,15924,0.0,0.0
2019-10-17,86.4000015258789,89.69999694824219,86.0,88.5,85.9515151977539,22190,0.0,0.0
2019-10-18,90.0,90.0,87.55000305175781,87.8499984741211,85.32022857666016,13267,0.0,0.0
2019-10-22,87.0,89.9000015258789,87.0,87.1500015258789,84.64039611816406,19963,0.0,0.0
2019-10-23,88.0,88.1500015258789,84.0,85.3499984741211,82.89221954345703,20487,0.0,0.0
2019-10-24,87.0,87.0,85.0,85.1500015258789,82.69798278808594,8910,0.0,0.0
2019-10-25,88.69999694824219,88.69999694824219,83.94999694824219,85.3499984741211,82.89221954345703,19453,0.0,0.0
2019-10-27,85.55000305175781,92.5,85.4000015258789,89.80000305175781,87.21408081054688,24388,0.0,0.0
2019-10-29,89.80000305175781,100.25,86.0,94.1999969482422,91.48736572265624,99889,0.0,0.0
2019-10-30,96.0,106.8499984741211,96.0,103.9499969482422,100.95660400390624,155486,0.0,0.0
2019-10-31,105.0,112.0,105.0,106.0500030517578,102.99614715576172,103072,0.0,0.0
2019-11-01,104.1999969482422,112.8499984741211,104.1999969482422,111.5,108.28919982910156,72335,0.0,0.0
2019-11-04,110.5500030517578,123.0,109.9499969482422,119.0500030517578,115.62179565429688,215781,0.0,0.0
2019-11-05,118.6999969482422,122.0,112.0,113.9499969482422,110.66864776611328,70256,0.0,0.0
2019-11-06,115.0,117.3499984741211,112.6500015258789,114.4000015258789,111.10568237304688,29384,0.0,0.0
2019-11-07,112.5,114.4499969482422,108.6500015258789,110.25,107.0751953125,50063,0.0,0.0
2019-11-08,107.0500030517578,112.0,105.5,106.5,103.43317413330078,27403,0.0,0.0
2019-11-11,108.9499969482422,121.4000015258789,107.0500030517578,114.75,111.4456024169922,367565,0.0,0.0
2019-11-13,112.0,115.0,103.5,104.9499969482422,101.92781066894533,82897,0.0,0.0
2019-11-14,104.0500030517578,108.6500015258789,102.1500015258789,103.8499984741211,100.8594970703125,46344,0.0,0.0
2019-11-15,104.8499984741211,106.5999984741211,94.5,98.1500015258789,95.32363891601562,52109,0.0,0.0
2019-11-18,98.0,104.8000030517578,96.1999969482422,99.1500015258789,96.29483032226562,31951,0.0,0.0
2019-11-19,102.5999984741211,104.0,100.1999969482422,102.6999969482422,99.74260711669922,28085,0.0,0.0
2019-11-20,103.0999984741211,112.5,101.6999969482422,105.8499984741211,102.80189514160156,93690,0.0,0.0
2019-11-21,106.0999984741211,107.25,103.9499969482422,105.3000030517578,102.26773071289062,18836,0.0,0.0
2019-11-22,108.8000030517578,111.0,104.6500015258789,109.8000030517578,106.63815307617188,50857,0.0,0.0
2019-11-25,109.0,110.6500015258789,104.5500030517578,105.9499969482422,102.89901733398438,51363,0.0,0.0
2019-11-26,104.0,120.8000030517578,104.0,113.0999984741211,109.84312438964844,966661,0.0,0.0
2019-11-27,112.9499969482422,115.9499969482422,111.5500030517578,115.1500015258789,111.83409881591795,96463,0.0,0.0
2019-11-28,114.4499969482422,116.4499969482422,112.0,113.25,109.98880767822266,75005,0.0,0.0
2019-11-29,113.8000030517578,113.8000030517578,109.0500030517578,109.6500015258789,106.49246215820312,46127,0.0,0.0
2019-12-02,106.5,109.0,103.1999969482422,105.4000015258789,102.36486053466795,40494,0.0,0.0
2019-12-03,104.75,107.6999969482422,103.25,103.8000030517578,100.8109359741211,41622,0.0,0.0
2019-12-04,103.75,107.0999984741211,101.6999969482422,103.4499969482422,100.47100830078124,30326,0.0,0.0
2019-12-05,103.4499969482422,104.5500030517578,100.5999984741211,101.25,98.33436584472656,30004,0.0,0.0
2019-12-06,101.0999984741211,105.6999969482422,100.9000015258789,101.5500030517578,98.62572479248048,76187,0.0,0.0
2019-12-09,102.5,103.1999969482422,97.5,97.75,94.93514251708984,44977,0.0,0.0
2019-12-10,97.5500030517578,98.8499984741211,95.0,95.6999969482422,92.9441909790039,45471,0.0,0.0
2019-12-11,95.9499969482422,97.8000030517578,93.6500015258789,94.5999984741211,91.87586212158205,39952,0.0,0.0
2019-12-12,95.0,97.5999984741211,94.6999969482422,95.9499969482422,93.18698120117188,60491,0.0,0.0
2019-12-13,96.0500030517578,97.3499984741211,94.0,94.5999984741211,91.87586212158205,58528,0.0,0.0
2019-12-16,96.0,96.0500030517578,93.6999969482422,94.5,91.77873992919922,38214,0.0,0.0
2019-12-17,95.9000015258789,97.0,94.0,96.3499984741211,93.57545471191406,37485,0.0,0.0
2019-12-18,97.1999969482422,105.4000015258789,95.0500030517578,98.3499984741211,95.5178680419922,275334,0.0,0.0
2019-12-19,99.4000015258789,99.4499969482422,97.3499984741211,98.0,95.17794799804688,62026,0.0,0.0
2019-12-20,98.6999969482422,98.75,94.25,95.3000030517578,92.55570220947266,67505,0.0,0.0
2019-12-23,96.0500030517578,100.5,95.1500015258789,99.0999984741211,96.24627685546876,71103,0.0,0.0
2019-12-24,99.0999984741211,99.9000015258789,96.25,96.8499984741211,94.06106567382812,21994,0.0,0.0
2019-12-26,97.9000015258789,97.9000015258789,94.25,94.5999984741211,91.87586212158205,30715,0.0,0.0
2019-12-27,95.8000030517578,95.8000030517578,92.8000030517578,94.3000030517578,91.58450317382812,46709,0.0,0.0
2019-12-30,94.6999969482422,96.4000015258789,93.25,93.5,90.80753326416016,47556,0.0,0.0
2019-12-31,95.0500030517578,95.8000030517578,92.1500015258789,92.6999969482422,90.03057098388672,47975,0.0,0.0
2020-01-01,94.75,94.75,90.6500015258789,92.4499969482422,89.78777313232422,125500,0.0,0.0
2020-01-02,94.0,94.0,91.1999969482422,92.4000015258789,89.73921966552734,76709,0.0,0.0
2020-01-03,93.1999969482422,93.1999969482422,90.0,90.6500015258789,88.03959655761719,75275,0.0,0.0
2020-01-06,93.4000015258789,93.4000015258789,86.55000305175781,88.0,85.4659194946289,49505,0.0,0.0
2020-01-07,90.0,90.8000030517578,86.55000305175781,87.5,84.98031616210938,50008,0.0,0.0
2020-01-08,88.94999694824219,92.9000015258789,85.25,92.4000015258789,89.73921966552734,144166,0.0,0.0
2020-01-09,95.5,104.8000030517578,94.0,95.6500015258789,92.89562225341795,2438940,0.0,0.0
2020-01-10,96.5500030517578,97.8000030517578,93.0500030517578,94.8000030517578,92.0700912475586,274909,0.0,0.0
2020-01-13,95.3000030517578,98.3499984741211,95.0,97.4499969482422,94.64379119873048,190909,0.0,0.0
2020-01-14,98.0,98.0,95.6999969482422,96.0999984741211,93.33265686035156,56103,0.0,0.0
2020-01-15,96.0999984741211,97.4499969482422,95.1500015258789,95.6999969482422,92.9441909790039,71121,0.0,0.0
2020-01-16,97.0,103.8000030517578,96.0,100.9499969482422,98.04299926757812,342838,0.0,0.0
2020-01-17,101.0,102.9499969482422,99.8000030517578,101.4499969482422,98.52859497070312,351311,0.0,0.0
2020-01-20,103.5,103.5999984741211,100.0999984741211,100.8499984741211,97.94587707519533,83578,0.0,0.0
2020-01-21,101.9000015258789,101.9000015258789,97.9499969482422,99.1999969482422,96.34339141845705,70625,0.0,0.0
2020-01-22,101.4499969482422,102.9000015258789,99.9000015258789,100.6500015258789,97.75164031982422,90714,0.0,0.0
2020-01-23,101.3000030517578,102.0,100.0500030517578,101.4499969482422,98.52859497070312,52522,0.0,0.0
2020-01-24,102.4000015258789,103.0999984741211,101.0,101.4499969482422,98.52859497070312,88025,0.0,0.0
2020-01-27,100.0500030517578,102.9000015258789,99.8499984741211,100.4000015258789,97.50884246826172,59127,0.0,0.0
2020-01-28,101.4499969482422,102.0,100.0999984741211,101.1999969482422,98.2857894897461,58147,0.0,0.0
2020-01-29,101.3000030517578,120.8000030517578,101.3000030517578,116.3000030517578,112.9509735107422,2762957,0.0,0.0
2020-01-30,114.8000030517578,114.8000030517578,108.1500015258789,109.4499969482422,106.29822540283205,308496,0.0,0.0
2020-01-31,107.6500015258789,110.5999984741211,106.0500030517578,107.5,104.40438079833984,118264,0.0,0.0
2020-02-03,107.9000015258789,112.25,107.1500015258789,109.5500030517578,106.39535522460938,215409,0.0,0.0
2020-02-04,102.5500030517578,102.5500030517578,96.8499984741211,98.0999984741211,95.27506256103516,386257,0.0,0.0
2020-02-05,98.0999984741211,101.5,98.0999984741211,100.1999969482422,97.3145980834961,118955,0.0,0.0
2020-02-06,99.4000015258789,106.0,99.4000015258789,100.5,97.60595703125,93728,0.0,0.0
2020-02-07,100.9499969482422,104.6999969482422,99.25,103.3000030517578,100.32533264160156,104415,0.0,0.0
2020-02-10,101.0500030517578,103.1999969482422,100.5500030517578,100.9499969482422,98.04299926757812,37073,0.0,0.0
2020-02-11,101.0,104.0,100.0500030517578,100.6500015258789,97.75164031982422,89379,0.0,0.0
2020-02-12,101.8499984741211,103.3000030517578,99.5500030517578,100.0500030517578,97.1689224243164,57671,0.0,0.0
2020-02-13,99.3499984741211,100.9499969482422,98.4000015258789,98.8499984741211,96.00347900390624,44650,0.0,0.0
2020-02-14,98.8000030517578,101.25,98.0,99.4499969482422,96.58619689941406,64494,0.0,0.0
2020-02-17,100.6999969482422,101.3000030517578,99.0,99.4499969482422,96.58619689941406,32923,0.0,0.0
2020-02-18,98.25,99.8499984741211,96.25,97.4499969482422,94.64379119873048,27285,0.0,0.0
2020-02-19,99.4499969482422,99.5,97.0999984741211,97.5999984741211,94.78946685791016,25199,0.0,0.0
2020-02-20,98.5,99.0,94.3000030517578,94.8000030517578,92.0700912475586,38519,0.0,0.0
2020-02-24,94.0999984741211,95.0,77.69999694824219,93.0999984741211,90.41905212402344,54259,0.0,0.0
2020-02-25,92.6500015258789,95.3000030517578,90.9000015258789,91.6999969482422,89.05935668945312,33080,0.0,0.0
2020-02-26,91.0,92.0,89.0999984741211,89.94999694824219,87.3597640991211,37149,0.0,0.0
2020-02-27,89.05000305175781,90.0,87.30000305175781,87.8499984741211,85.32022857666016,30929,0.0,0.0
2020-02-28,85.1500015258789,87.5,80.0,80.9000015258789,78.57036590576172,104500,0.0,0.0
2020-03-02,83.19999694824219,83.55000305175781,78.0,79.75,77.45348358154297,80754,0.0,0.0
2020-03-03,83.8499984741211,84.5,80.5999984741211,81.0999984741211,78.76460266113281,81924,0.0,0.0
2020-03-04,81.0,82.0,78.05000305175781,79.55000305175781,77.25923919677734,52650,0.0,0.0
2020-03-05,79.55000305175781,83.05000305175781,78.6500015258789,80.0,77.6962890625,581830,0.0,0.0
2020-03-06,77.94999694824219,79.94999694824219,75.0,79.30000305175781,77.01644897460938,108903,0.0,0.0
2020-03-09,78.0,78.5999984741211,74.9000015258789,77.3499984741211,75.12259674072266,74325,0.0,0.0
2020-03-11,77.25,79.5,77.0999984741211,77.30000305175781,75.07403564453125,31746,0.0,0.0
2020-03-12,74.9000015258789,74.9000015258789,65.5999984741211,66.94999694824219,65.0220718383789,82456,0.0,0.0
2020-03-13,62.5,70.25,54.04999923706055,67.5,65.55623626708984,158272,0.0,0.0
2020-03-16,66.9000015258789,66.9000015258789,57.650001525878906,58.54999923706055,56.86396789550781,150717,0.0,0.0
2020-03-17,57.95000076293945,60.84999847412109,53.0,54.45000076293945,52.88203430175781,80909,0.0,0.0
2020-03-18,54.59999847412109,56.45000076293945,45.09999847412109,46.34999847412109,45.01528549194336,190142,0.0,0.0
2020-03-19,44.45000076293945,48.900001525878906,43.150001525878906,46.84999847412109,45.500885009765625,95519,0.0,0.0
2020-03-20,47.04999923706055,50.0,47.0,49.29999923706055,47.880332946777344,214211,0.0,0.0
2020-03-23,45.95000076293945,50.0,44.400001525878906,44.400001525878906,43.12144088745117,56983,0.0,0.0
2020-03-24,46.20000076293945,46.900001525878906,40.09999847412109,42.54999923706055,41.32471084594727,40620,0.0,0.0
2020-03-25,41.5,46.79999923706055,41.5,43.59999847412109,42.34447479248047,191164,0.0,0.0
2020-03-26,44.900001525878906,47.70000076293945,43.59999847412109,45.900001525878906,44.5782470703125,68254,0.0,0.0
2020-03-27,47.84999847412109,47.900001525878906,45.0,46.5,45.16096496582031,39029,0.0,0.0
2020-03-30,46.0,46.0,43.59999847412109,44.75,43.46135711669922,36913,0.0,0.0
2020-03-31,47.400001525878906,47.400001525878906,43.04999923706055,46.150001525878906,44.82104110717773,21252,0.0,0.0
2020-04-01,46.25,46.900001525878906,44.25,45.900001525878906,44.5782470703125,23510,0.0,0.0
2020-04-03,46.70000076293945,48.0,42.79999923706055,43.20000076293945,41.95599365234375,1750798,0.0,0.0
2020-04-07,45.70000076293945,47.5,44.5,47.5,46.132171630859375,99695,0.0,0.0
2020-04-08,50.70000076293945,52.25,50.0,52.25,50.745384216308594,81954,0.0,0.0
2020-04-09,59.5,62.70000076293945,56.0,60.84999847412109,59.09773254394531,449967,0.0,0.0
2020-04-13,61.84999847412109,68.0,56.25,62.95000076293945,61.13726425170898,237677,0.0,0.0
2020-04-15,64.4000015258789,66.5999984741211,55.0,61.400001525878906,59.63189697265625,197605,0.0,0.0
2020-04-16,62.70000076293945,64.5,59.5,62.09999847412109,60.31173706054688,72130,0.0,0.0
2020-04-17,62.34999847412109,72.5,61.0,69.25,67.25585174560547,564068,0.0,0.0
2020-04-20,74.0,74.0,68.5,69.0,67.01304626464844,193701,0.0,0.0
2020-04-21,68.69999694824219,75.0,63.04999923706055,67.25,65.31343841552734,262133,0.0,0.0
2020-04-22,68.0,69.80000305175781,65.0999984741211,67.19999694824219,65.26487731933594,64712,0.0,0.0
2020-04-23,65.19999694824219,68.25,65.19999694824219,65.94999694824219,64.05087280273438,79129,0.0,0.0
2020-04-24,65.0,70.69999694824219,63.5,66.55000305175781,64.63359832763672,585968,0.0,0.0
2020-04-27,66.55000305175781,68.94999694824219,65.4000015258789,66.0,64.09944152832031,87531,0.0,0.0
2020-04-28,66.0,66.4000015258789,64.44999694824219,64.94999694824219,63.07966995239258,59812,0.0,0.0
2020-04-29,64.80000305175781,66.0,64.0,65.0999984741211,63.22534942626953,50966,0.0,0.0
2020-04-30,66.0,71.80000305175781,64.75,70.05000305175781,68.0328140258789,336754,0.0,0.0
2020-05-04,67.80000305175781,76.9000015258789,67.5,73.4000015258789,71.28633117675781,2292647,0.0,0.0
2020-05-05,75.8499984741211,75.8499984741211,68.5,68.9000015258789,66.91593170166016,228939,0.0,0.0
2020-05-06,68.80000305175781,69.9000015258789,66.5,67.05000305175781,65.11920166015625,106164,0.0,0.0
2020-05-07,67.05000305175781,68.3499984741211,65.55000305175781,65.94999694824219,64.05087280273438,72657,0.0,0.0
2020-05-08,65.80000305175781,67.0,63.5,63.95000076293945,62.10847091674805,83418,0.0,0.0
2020-05-11,64.0,65.4000015258789,61.0,61.75,59.97182083129883,179439,0.0,0.0
2020-05-12,60.54999923706055,63.79999923706055,58.54999923706055,62.95000076293945,61.13726425170898,227151,0.0,0.0
2020-05-13,63.5,65.8499984741211,61.54999923706055,63.0,61.18582534790039,81795,0.0,0.0
2020-05-14,60.45000076293945,62.79999923706055,60.45000076293945,61.54999923706055,59.77758026123047,36927,0.0,0.0
2020-05-15,63.0,66.94999694824219,60.150001525878906,64.4000015258789,62.545509338378906,155659,0.0,0.0
2020-05-18,63.900001525878906,63.900001525878906,59.59999847412109,60.20000076293945,58.46645736694336,79954,0.0,0.0
2020-05-19,62.0,62.45000076293945,60.04999923706055,60.54999923706055,58.80637741088867,40969,0.0,0.0
2020-05-20,62.400001525878906,62.5,59.0,60.5,58.75781631469727,31041,0.0,0.0
2020-05-21,60.95000076293945,62.150001525878906,60.150001525878906,60.45000076293945,58.70925521850586,38788,0.0,0.0
2020-05-22,61.59999847412109,61.59999847412109,58.54999923706055,59.70000076293945,57.98085784912109,57892,0.0,0.0
2020-05-26,60.54999923706055,61.150001525878906,58.95000076293945,59.59999847412109,57.883731842041016,50845,0.0,0.0
2020-05-27,60.29999923706055,60.84999847412109,59.0,59.79999923706055,58.077972412109375,52324,0.0,0.0
2020-05-28,59.79999923706055,68.69999694824219,59.79999923706055,65.55000305175781,63.662391662597656,1019556,0.0,0.0
2020-05-29,65.3499984741211,65.3499984741211,62.5,62.79999923706055,60.991580963134766,104399,0.0,0.0
2020-06-01,64.55000305175781,69.5,62.900001525878906,67.9000015258789,65.9447250366211,493754,0.0,0.0
2020-06-02,70.0,71.4000015258789,68.30000305175781,68.69999694824219,66.7216796875,1064178,0.0,0.0
2020-06-03,69.0,71.0,66.75,67.25,65.31343841552734,233272,0.0,0.0
2020-06-04,67.80000305175781,71.5,66.19999694824219,69.0,67.01304626464844,788366,0.0,0.0
2020-06-05,69.69999694824219,71.0,68.3499984741211,69.0,67.01304626464844,358251,0.0,0.0
2020-06-08,70.9000015258789,78.5,69.5999984741211,73.8499984741211,71.723388671875,867924,0.0,0.0
2020-06-09,74.25,75.80000305175781,70.0,71.75,69.68385314941406,221308,0.0,0.0
2020-06-10,72.4000015258789,73.80000305175781,70.5999984741211,72.0999984741211,70.02377319335938,135769,0.0,0.0
2020-06-11,72.0999984741211,72.30000305175781,69.69999694824219,70.0,67.9842529296875,96193,0.0,0.0
2020-06-12,67.25,69.5,65.0,69.1500015258789,67.15872192382812,105827,0.0,0.0
2020-06-15,68.1500015258789,73.05000305175781,67.1500015258789,70.0,67.9842529296875,193469,0.0,0.0
2020-06-16,69.0,69.8499984741211,66.0999984741211,67.0,65.07064056396484,346349,0.0,0.0
2020-06-17,66.94999694824219,66.94999694824219,64.94999694824219,65.69999694824219,63.80807113647461,83747,0.0,0.0
2020-06-18,65.19999694824219,74.9000015258789,65.0999984741211,71.30000305175781,69.24681091308594,821419,0.0,0.0
2020-06-19,71.4000015258789,72.0,68.19999694824219,68.94999694824219,66.96448516845703,218287,0.0,0.0
2020-06-22,70.05000305175781,74.19999694824219,69.55000305175781,70.6500015258789,68.61553955078125,403475,0.0,0.0
2020-06-23,71.5999984741211,76.80000305175781,70.94999694824219,72.9000015258789,70.80074310302734,384282,0.0,0.0
2020-06-24,73.5999984741211,76.25,70.30000305175781,70.94999694824219,68.9068832397461,253919,0.0,0.0
2020-06-25,69.5,72.0,69.5,70.6500015258789,68.61553955078125,237647,0.0,0.0
2020-06-26,73.5999984741211,75.9000015258789,71.0,71.30000305175781,69.24681091308594,244284,0.0,0.0
2020-06-29,71.44999694824219,71.44999694824219,69.5999984741211,70.44999694824219,68.42127990722656,75221,0.0,0.0
2020-06-30,71.80000305175781,72.5999984741211,68.55000305175781,69.0,67.01304626464844,266745,0.0,0.0
2020-07-01,69.44999694824219,71.75,68.9000015258789,69.75,67.74143981933594,187143,0.0,0.0
2020-07-02,68.80000305175781,71.25,68.80000305175781,70.1500015258789,68.12993621826172,128815,0.0,0.0
2020-07-03,70.25,70.69999694824219,69.19999694824219,69.44999694824219,67.45008850097656,64870,0.0,0.0
2020-07-06,70.19999694824219,71.0999984741211,69.1500015258789,69.9000015258789,67.88713073730469,142807,0.0,0.0
2020-07-07,69.55000305175781,81.0,69.55000305175781,78.55000305175781,76.28805541992188,1382022,0.0,0.0
2020-07-08,79.30000305175781,84.30000305175781,76.1500015258789,76.55000305175781,74.34564208984375,600303,0.0,0.0
2020-07-09,76.55000305175781,77.4000015258789,74.5,74.69999694824219,72.54890441894531,106087,0.0,0.0
2020-07-10,74.0,76.9000015258789,72.0,72.6500015258789,70.55794525146484,129237,0.0,0.0
2020-07-13,73.19999694824219,75.5,72.05000305175781,73.94999694824219,71.82049560546875,142770,0.0,0.0
2020-07-14,73.44999694824219,75.0999984741211,70.5,72.05000305175781,69.9752197265625,165272,0.0,0.0
2020-07-15,72.8499984741211,74.5999984741211,71.44999694824219,71.75,69.68385314941406,98842,0.0,0.0
2020-07-16,71.94999694824219,73.05000305175781,70.19999694824219,72.3499984741211,70.26657104492188,63050,0.0,0.0
2020-07-17,72.94999694824219,73.5,71.30000305175781,72.0,69.92665100097656,72175,0.0,0.0
2020-07-20,71.9000015258789,75.4000015258789,71.5,73.94999694824219,71.82049560546875,195425,0.0,0.0
2020-07-21,73.3499984741211,74.44999694824219,72.55000305175781,72.69999694824219,70.60649108886719,77656,0.0,0.0
2020-07-22,72.80000305175781,73.6500015258789,71.9000015258789,72.0,69.92665100097656,46543,0.0,0.0
2020-07-23,72.0,73.80000305175781,71.94999694824219,72.94999694824219,70.84929656982422,71083,0.0,0.0
2020-07-24,72.5999984741211,73.19999694824219,71.05000305175781,71.80000305175781,69.732421875,52137,0.0,0.0
2020-07-27,71.75,72.3499984741211,70.5999984741211,71.0,68.95545959472656,34134,0.0,0.0
2020-07-28,71.0,78.0,70.3499984741211,77.0999984741211,74.87979125976562,826777,0.0,0.0
2020-07-29,79.30000305175781,79.30000305175781,75.0999984741211,76.80000305175781,74.58844757080078,1037978,0.0,0.0
2020-07-30,75.5999984741211,78.9000015258789,73.0,73.75,71.62625885009766,443696,0.0,0.0
2020-07-31,74.0,75.0,72.5,73.1500015258789,71.04354095458984,327892,0.0,0.0
2020-08-03,74.44999694824219,74.5999984741211,71.8499984741211,72.25,70.1694564819336,93970,0.0,0.0
2020-08-04,73.80000305175781,73.8499984741211,72.44999694824219,72.55000305175781,70.46082305908203,54935,0.0,0.0
2020-08-05,72.6500015258789,73.5999984741211,71.80000305175781,72.0999984741211,70.02377319335938,89041,0.0,0.0
2020-08-06,72.19999694824219,75.1500015258789,72.19999694824219,72.94999694824219,70.84929656982422,141908,0.0,0.0
2020-08-07,73.0,74.25,72.69999694824219,72.94999694824219,70.84929656982422,82779,0.0,0.0
2020-08-10,73.0,84.30000305175781,72.9000015258789,80.8499984741211,78.52180480957031,959484,0.0,0.0
2020-08-11,82.0999984741211,94.6999969482422,82.0,90.9000015258789,88.28240203857422,1514202,0.0,0.0
2020-08-12,89.69999694824219,98.8000030517578,87.0,93.3000030517578,90.61329650878906,905222,0.0,0.0
2020-08-13,91.8000030517578,94.6999969482422,89.6500015258789,90.0999984741211,87.50543975830078,353523,0.0,0.0
2020-08-14,90.1500015258789,90.9000015258789,84.9000015258789,86.05000305175781,83.57206726074219,129878,0.0,0.0
2020-08-17,85.05000305175781,89.44999694824219,84.80000305175781,85.80000305175781,83.32926940917969,99831,0.0,0.0
2020-08-18,85.19999694824219,86.6500015258789,84.1500015258789,84.69999694824219,82.26094055175781,98741,0.0,0.0
2020-08-19,84.80000305175781,88.0,84.80000305175781,85.8499984741211,83.37782287597656,150692,0.0,0.0
2020-08-20,85.0,89.4000015258789,85.0,86.6500015258789,84.15479278564453,153153,0.0,0.0
2020-08-21,87.0999984741211,90.4000015258789,87.0,87.4000015258789,84.88319396972656,114788,0.0,0.0
2020-08-24,87.4000015258789,89.5999984741211,85.94999694824219,86.4000015258789,83.9119873046875,159197,0.0,0.0
2020-08-25,87.19999694824219,87.19999694824219,83.5999984741211,84.19999694824219,81.77533721923828,121407,0.0,0.0
2020-08-26,84.6500015258789,89.5,83.0999984741211,88.5,85.9515151977539,316615,0.0,0.0
2020-08-27,89.94999694824219,94.0,88.5,88.9000015258789,86.34000396728516,445367,0.0,0.0
2020-08-28,89.6500015258789,89.80000305175781,87.05000305175781,87.69999694824219,85.17455291748047,132896,0.0,0.0
2020-08-31,87.0,89.0,80.44999694824219,82.19999694824219,79.83292388916016,241207,0.0,0.0
2020-09-01,80.0,82.94999694824219,78.0,81.8499984741211,79.49300384521484,112980,0.0,0.0
2020-09-02,82.30000305175781,84.5,80.9000015258789,81.5,79.15308380126953,66757,0.0,0.0
2020-09-03,84.44999694824219,84.44999694824219,81.5999984741211,82.1500015258789,79.78437042236328,74239,0.0,0.0
2020-09-04,81.55000305175781,82.0999984741211,80.30000305175781,80.69999694824219,78.8560791015625,58671,0.5,0.0
2020-09-07,80.0,82.8499984741211,78.5,81.5999984741211,79.73551177978516,117573,0.0,0.0
2020-09-08,81.9000015258789,82.5,77.4000015258789,77.8499984741211,76.07120513916016,69763,0.0,0.0
2020-09-09,77.1500015258789,80.0,75.5,79.5,77.68350219726562,115155,0.0,0.0
2020-09-10,79.5,80.30000305175781,77.55000305175781,78.4000015258789,76.60863494873047,60641,0.0,0.0
2020-09-11,79.05000305175781,79.69999694824219,77.0,77.44999694824219,75.68032836914062,58097,0.0,0.0
2020-09-14,78.9000015258789,80.8499984741211,78.8499984741211,79.44999694824219,77.63463592529297,94322,0.0,0.0
2020-09-15,79.8499984741211,80.5,78.5,78.94999694824219,77.14605712890625,31556,0.0,0.0
2020-09-16,79.05000305175781,80.80000305175781,78.5,78.80000305175781,76.99949645996094,58462,0.0,0.0
2020-09-17,79.94999694824219,85.9000015258789,77.5,83.8499984741211,81.9341049194336,301009,0.0,0.0
2020-09-18,84.19999694824219,84.8499984741211,80.0999984741211,80.9000015258789,79.05150604248047,145185,0.0,0.0
2020-09-21,80.9000015258789,82.8499984741211,75.0,75.5999984741211,73.87261199951172,99242,0.0,0.0
2020-09-22,75.05000305175781,76.5999984741211,72.0,73.9000015258789,72.2114486694336,66194,0.0,0.0
2020-09-23,75.55000305175781,76.0,72.1500015258789,73.75,72.06487274169922,57127,0.0,0.0
2020-09-24,73.55000305175781,77.9000015258789,72.25,74.8499984741211,73.13973999023438,218271,0.0,0.0
2020-09-25,74.8499984741211,84.5,74.8499984741211,80.5,78.66064453125,409739,0.0,0.0
2020-09-28,81.25,84.0,79.6500015258789,80.0999984741211,78.26979064941406,172384,0.0,0.0
2020-09-29,81.30000305175781,90.6500015258789,81.19999694824219,85.5999984741211,83.64411926269531,1769345,0.0,0.0
2020-09-30,85.5999984741211,88.9000015258789,84.30000305175781,87.69999694824219,85.69613647460938,613311,0.0,0.0
2020-10-01,88.69999694824219,91.4499969482422,86.25,86.8499984741211,84.86555480957031,381884,0.0,0.0
2020-10-05,86.8499984741211,88.05000305175781,85.0999984741211,85.5999984741211,83.64411926269531,106039,0.0,0.0
2020-10-06,86.30000305175781,87.19999694824219,83.3499984741211,83.75,81.83638763427734,143217,0.0,0.0
2020-10-07,84.25,89.80000305175781,84.0,87.0,85.01213073730469,395353,0.0,0.0
2020-10-08,86.9000015258789,91.1999969482422,86.25,87.4000015258789,85.40299224853516,649054,0.0,0.0
2020-10-09,88.8499984741211,99.0,88.4000015258789,95.75,93.56219482421876,2052505,0.0,0.0
2020-10-12,99.4499969482422,102.9000015258789,96.5,99.8000030517578,97.51966857910156,1303264,0.0,0.0
2020-10-13,105.0,108.8000030517578,101.0,102.1500015258789,99.8159637451172,4165998,0.0,0.0
2020-10-14,101.0999984741211,101.5,93.5999984741211,97.4000015258789,95.17449188232422,705429,0.0,0.0
2020-10-15,97.5,97.5500030517578,90.0,91.0500030517578,88.96959686279297,453063,0.0,0.0
2020-10-16,91.0500030517578,94.8499984741211,90.05000305175781,91.75,89.65359497070312,402309,0.0,0.0
2020-10-19,92.6999969482422,92.6999969482422,88.1500015258789,88.6500015258789,86.62442779541016,284681,0.0,0.0
2020-10-20,88.69999694824219,93.0,86.1500015258789,92.25,90.14217376708984,725057,0.0,0.0
2020-10-21,91.9000015258789,93.1999969482422,89.69999694824219,91.25,89.1650161743164,457196,0.0,0.0
2020-10-22,90.9000015258789,91.9000015258789,89.1500015258789,89.55000305175781,87.50386810302734,317415,0.0,0.0
2020-10-23,89.9000015258789,94.8000030517578,88.44999694824219,90.6999969482422,88.6275863647461,579635,0.0,0.0
2020-10-26,90.75,97.5,90.75,93.3000030517578,91.1681900024414,1343755,0.0,0.0
2020-10-27,94.5,96.5,92.25,92.8000030517578,90.67961120605467,599701,0.0,0.0
2020-10-28,93.0,93.9000015258789,90.05000305175781,90.9499969482422,88.87187194824219,315332,0.0,0.0
2020-10-29,90.0,92.5,88.3499984741211,91.1999969482422,89.11616516113281,293455,0.0,0.0
2020-10-30,90.75,92.5,89.55000305175781,90.6500015258789,88.57872772216797,302999,0.0,0.0
2020-11-02,91.0,93.25,91.0,91.4499969482422,89.3604507446289,269577,0.0,0.0
2020-11-03,91.5,95.25,91.0500030517578,91.4499969482422,89.3604507446289,321344,0.0,0.0
2020-11-04,91.0,92.25,89.05000305175781,89.4000015258789,87.3572998046875,107256,0.0,0.0
2020-11-05,90.5,92.6999969482422,89.5,92.3499984741211,90.23988342285156,227113,0.0,0.0
2020-11-06,93.9499969482422,94.0,91.0500030517578,91.6500015258789,89.55587768554688,296946,0.0,0.0
2020-11-09,92.0,98.4000015258789,90.4000015258789,94.0500030517578,91.90104675292967,604774,0.0,0.0
2020-11-10,92.9499969482422,93.8000030517578,91.0500030517578,91.5,89.40930938720703,138473,0.0,0.0
2020-11-11,91.9000015258789,94.3000030517578,91.1999969482422,92.0500030517578,89.94674682617188,297806,0.0,0.0
2020-11-12,92.0,93.3499984741211,91.0,91.3499984741211,89.26273345947266,258400,0.0,0.0
2020-11-13,91.5,92.8000030517578,91.0500030517578,91.6500015258789,89.55587768554688,177577,0.0,0.0
2020-11-14,92.5999984741211,92.5999984741211,91.9000015258789,92.1999969482422,90.0933074951172,26991,0.0,0.0
2020-11-17,92.4499969482422,93.4499969482422,90.8499984741211,91.6500015258789,89.55587768554688,149444,0.0,0.0
2020-11-18,92.0999984741211,92.9000015258789,89.94999694824219,90.5500030517578,88.48101806640625,185967,0.0,0.0
2020-11-19,90.0,92.5,90.0,90.5,88.43215942382812,329648,0.0,0.0
2020-11-20,90.9499969482422,99.0,90.5,97.75,95.51649475097656,1243781,0.0,0.0
2020-11-23,97.5999984741211,102.0,92.6999969482422,100.1500015258789,97.86166381835938,1234890,0.0,0.0
2020-11-24,99.6999969482422,116.6500015258789,97.8000030517578,111.6999969482422,109.14775848388672,2554353,0.0,0.0
2020-11-25,109.5500030517578,115.0999984741211,107.25,108.5,106.0208740234375,1257762,0.0,0.0
2020-11-26,108.0999984741211,110.0,105.4000015258789,106.9000015258789,104.45743560791016,401281,0.0,0.0
2020-11-27,107.4499969482422,108.75,105.0,105.25,102.84513092041016,294484,0.0,0.0
2020-12-01,105.5,114.75,101.3499984741211,110.0,107.4865951538086,1817579,0.0,0.0
2020-12-02,110.5,111.3000030517578,104.5,108.4499969482422,105.97200775146484,824209,0.0,0.0
2020-12-03,113.0,118.0,109.8499984741211,111.5999984741211,109.05004119873048,2998042,0.0,0.0
2020-12-04,110.9499969482422,112.6999969482422,107.8499984741211,108.5999984741211,106.11858367919922,585488,0.0,0.0
2020-12-07,109.4000015258789,113.0,107.0,107.8499984741211,105.38572692871094,699521,0.0,0.0
2020-12-08,108.4000015258789,109.0500030517578,104.9000015258789,106.1500015258789,103.72457122802734,348124,0.0,0.0
2020-12-09,106.6999969482422,111.5,106.1500015258789,106.75,104.31085968017578,780559,0.0,0.0
2020-12-10,106.75,107.5,105.0,105.8499984741211,103.43142700195312,201097,0.0,0.0
2020-12-11,105.9000015258789,108.5,105.5999984741211,106.5500030517578,104.1154327392578,360713,0.0,0.0
2020-12-14,106.0999984741211,108.5500030517578,103.9499969482422,104.4000015258789,102.01455688476562,250549,0.0,0.0
2020-12-15,104.8000030517578,106.5,103.0999984741211,105.3000030517578,102.89398956298828,378528,0.0,0.0
2020-12-16,105.6999969482422,106.8000030517578,104.3499984741211,104.75,102.35655212402344,155265,0.0,0.0
2020-12-17,105.5,106.6500015258789,103.0,103.5500030517578,101.18397521972656,284925,0.0,0.0
2020-12-18,103.9499969482422,104.5,99.5,102.4499969482422,100.1091079711914,242238,0.0,0.0
2020-12-21,102.5,102.9000015258789,93.9499969482422,95.1999969482422,93.02476501464844,1003921,0.0,0.0
2020-12-22,96.1999969482422,99.5,94.1500015258789,96.5999984741211,94.39278411865234,527171,0.0,0.0
2020-12-23,96.8000030517578,105.9499969482422,96.8000030517578,104.5999984741211,102.20997619628906,1043818,0.0,0.0
2020-12-24,105.5999984741211,116.0,104.4000015258789,113.6999969482422,111.10205078125,2748779,0.0,0.0
2020-12-28,115.0,121.6999969482422,112.5,115.3000030517578,112.66551208496094,2097647,0.0,0.0
2020-12-29,115.4000015258789,116.0,111.0999984741211,111.75,109.19661712646484,373878,0.0,0.0
2020-12-30,112.4000015258789,113.25,107.3000030517578,108.0500030517578,105.58116149902344,310606,0.0,0.0
2020-12-31,109.25,110.9499969482422,108.25,108.6500015258789,106.16744995117188,171722,0.0,0.0
2021-01-01,109.3499984741211,110.4000015258789,108.1500015258789,108.8499984741211,106.36287689208984,126332,0.0,0.0
2021-01-04,110.0999984741211,117.0,110.0999984741211,112.6500015258789,110.0760498046875,856600,0.0,0.0
2021-01-05,112.8000030517578,119.6999969482422,111.0,118.1999969482422,115.49922943115234,1612879,0.0,0.0
2021-01-06,118.0,129.0,118.0,127.5500030517578,124.63560485839844,4827549,0.0,0.0
2021-01-07,129.25,133.0,128.10000610351562,130.85000610351562,127.8602066040039,2100888,0.0,0.0
2021-01-08,132.39999389648438,134.60000610351562,120.5500030517578,122.0,119.21240997314452,4342877,0.0,0.0
2021-01-11,122.4499969482422,122.8499984741211,114.4499969482422,115.4499969482422,112.81206512451172,997861,0.0,0.0
2021-01-12,115.9000015258789,119.0,114.0,116.8000030517578,114.13123321533205,529657,0.0,0.0
2021-01-13,117.4000015258789,122.9499969482422,114.6500015258789,116.1500015258789,113.4960708618164,772839,0.0,0.0
2021-01-14,116.1500015258789,117.9499969482422,115.5500030517578,117.3000030517578,114.61981201171876,259969,0.0,0.0
2021-01-15,116.6500015258789,119.8000030517578,115.1999969482422,117.1500015258789,114.47323608398438,325802,0.0,0.0
2021-01-18,117.1500015258789,117.1500015258789,111.25,112.25,109.6851806640625,245663,0.0,0.0
2021-01-19,113.0,115.75,112.6500015258789,113.4499969482422,110.8577651977539,169807,0.0,0.0
2021-01-20,114.0500030517578,114.4499969482422,112.6999969482422,113.3000030517578,110.7112045288086,161684,0.0,0.0
2021-01-21,112.5999984741211,115.0,111.0999984741211,112.0999984741211,109.53861236572266,237591,0.0,0.0
2021-01-22,112.25,112.9499969482422,108.5,109.1999969482422,106.7048797607422,178549,0.0,0.0
2021-01-25,109.5999984741211,110.6500015258789,105.4000015258789,108.1500015258789,105.67887115478516,171951,0.0,0.0
2021-01-27,109.8000030517578,109.8000030517578,105.9499969482422,107.0999984741211,104.65286254882812,112555,0.0,0.0
2021-01-28,106.0,111.5,104.5999984741211,109.6999969482422,107.1934585571289,298019,0.0,0.0
2021-01-29,109.6999969482422,110.8499984741211,107.0999984741211,108.1999969482422,105.72772216796876,107211,0.0,0.0
2021-02-01,108.6999969482422,116.5,106.6999969482422,114.4499969482422,111.83492279052734,367653,0.0,0.0
2021-02-02,115.0,117.0999984741211,112.5,114.3499984741211,111.7372055053711,199736,0.0,0.0
2021-02-03,114.0,120.0,113.0999984741211,114.9000015258789,112.27464294433594,337033,0.0,0.0
2021-02-04,115.3499984741211,115.6500015258789,113.1999969482422,113.5500030517578,110.95549011230467,109887,0.0,0.0
2021-02-05,113.0,114.4000015258789,111.3000030517578,111.9499969482422,109.39203643798828,127362,0.0,0.0
2021-02-08,112.5,113.5,110.75,111.4499969482422,108.90347290039062,105769,0.0,0.0
2021-02-09,111.0,112.0,108.6500015258789,109.25,106.75373840332033,113313,0.0,0.0
2021-02-10,109.5,110.5500030517578,109.0999984741211,109.6999969482422,107.1934585571289,74281,0.0,0.0
2021-02-11,109.5,111.0,108.5500030517578,109.25,106.75373840332033,96143,0.0,0.0
2021-02-12,109.0500030517578,111.0,108.0999984741211,108.8000030517578,106.31401824951172,107549,0.0,0.0
2021-02-15,108.8499984741211,112.6999969482422,107.6500015258789,110.6999969482422,108.17060089111328,187308,0.0,0.0
2021-02-16,111.1999969482422,114.1500015258789,110.1500015258789,110.8000030517578,108.26832580566406,187626,0.0,0.0
2021-02-17,110.9000015258789,111.1999969482422,109.0500030517578,109.5,106.9980239868164,71765,0.0,0.0
2021-02-18,110.0,110.9499969482422,106.6999969482422,108.4499969482422,105.97200775146484,496631,0.0,0.0
2021-02-19,108.8499984741211,109.8000030517578,106.0,107.1999969482422,104.75057220458984,97715,0.0,0.0
2021-02-22,107.5,107.75,103.0,103.5999984741211,101.23284149169922,151827,0.0,0.0
2021-02-23,104.0500030517578,107.0,103.5999984741211,106.0,103.57799530029295,153076,0.0,0.0
2021-02-24,106.4499969482422,107.1999969482422,105.0,105.8000030517578,103.382568359375,47186,0.0,0.0
2021-02-25,107.9000015258789,110.1999969482422,107.1500015258789,109.8499984741211,107.34002685546876,197463,0.0,0.0
2021-02-26,108.0,108.25,106.0999984741211,106.4499969482422,104.01771545410156,158937,0.0,0.0
2021-03-01,107.0500030517578,108.25,106.0,106.4499969482422,104.01771545410156,101655,0.0,0.0
2021-03-02,106.9000015258789,108.8000030517578,106.9000015258789,107.8499984741211,105.38572692871094,90910,0.0,0.0
2021-03-03,107.5,109.6999969482422,107.0500030517578,108.0500030517578,105.58116149902344,194904,0.0,0.0
2021-03-04,107.1500015258789,114.5999984741211,107.0500030517578,110.8000030517578,108.26832580566406,490992,0.0,0.0
2021-03-05,110.8000030517578,111.6500015258789,107.5999984741211,108.4000015258789,105.92315673828124,145261,0.0,0.0
2021-03-08,108.9499969482422,109.5500030517578,107.1999969482422,107.5999984741211,105.14144134521484,199019,0.0,0.0
2021-03-09,108.0500030517578,108.4499969482422,106.1500015258789,106.4000015258789,103.96885681152344,108195,0.0,0.0
2021-03-10,106.5,107.5,106.1500015258789,106.5500030517578,104.1154327392578,58752,0.0,0.0
2021-03-12,106.5999984741211,110.3499984741211,106.4499969482422,106.6999969482422,104.26199340820312,206780,0.0,0.0
2021-03-15,107.0,107.0,104.0,104.8000030517578,102.40542602539062,99196,0.0,0.0
2021-03-16,105.3499984741211,108.1999969482422,104.9000015258789,106.1500015258789,103.72457122802734,159597,0.0,0.0
2021-03-17,106.6500015258789,108.1999969482422,102.25,102.9499969482422,100.5976791381836,131353,0.0,0.0
2021-03-18,104.4000015258789,105.1999969482422,98.0999984741211,100.5500030517578,98.25253295898438,149847,0.0,0.0
2021-03-19,99.9000015258789,100.9499969482422,96.0999984741211,100.0500030517578,97.76395416259766,215333,0.0,0.0
2021-03-22,99.0999984741211,103.0,98.9000015258789,100.0999984741211,97.81280517578124,225700,0.0,0.0
2021-03-23,101.0,101.8499984741211,99.4000015258789,100.1500015258789,97.86166381835938,211692,0.0,0.0
2021-03-24,100.0,101.9000015258789,99.1999969482422,100.0999984741211,97.81280517578124,194572,0.0,0.0
2021-03-25,100.0,100.8499984741211,97.25,98.4000015258789,96.1516571044922,276548,0.0,0.0
2021-03-26,99.0,100.75,97.8000030517578,98.5,96.24937438964844,317816,0.0,0.0
2021-03-30,99.6999969482422,106.3499984741211,98.0500030517578,102.9000015258789,100.54883575439452,559815,0.0,0.0
2021-03-31,102.5,103.3499984741211,100.3499984741211,100.8000030517578,98.49681091308594,86494,0.0,0.0
2021-04-01,101.3000030517578,107.1500015258789,101.1999969482422,106.3000030517578,103.8711395263672,319425,0.0,0.0
2021-04-05,105.0,113.9000015258789,104.9499969482422,109.1999969482422,106.7048797607422,1005945,0.0,0.0
2021-04-06,110.0,110.5500030517578,107.0999984741211,107.75,105.28800964355467,261947,0.0,0.0
2021-04-07,108.6999969482422,110.4499969482422,108.0,109.0999984741211,106.60716247558594,325637,0.0,0.0
2021-04-08,109.0999984741211,112.5,108.5999984741211,109.3000030517578,106.80259704589844,357358,0.0,0.0
2021-04-09,110.9499969482422,114.6999969482422,109.9000015258789,112.0999984741211,109.53861236572266,484451,0.0,0.0
2021-04-12,111.0,114.8000030517578,105.6500015258789,106.75,104.31085968017578,466738,0.0,0.0
2021-04-13,107.4499969482422,114.0,107.0,113.4499969482422,110.8577651977539,509141,0.0,0.0
2021-04-15,114.0999984741211,117.75,113.25,115.1999969482422,112.56777954101562,609120,0.0,0.0
2021-04-16,115.8000030517578,117.0,113.1500015258789,114.3000030517578,111.6883544921875,192638,0.0,0.0
2021-04-19,113.0,115.1500015258789,110.0999984741211,113.1500015258789,110.56462860107422,301975,0.0,0.0
2021-04-20,117.0,125.0,114.1999969482422,123.8000030517578,120.9712905883789,1407664,0.0,0.0
2021-04-22,125.3000030517578,128.39999389648438,118.75,119.5,116.76953125,1238837,0.0,0.0
2021-04-23,119.25,121.5500030517578,114.6500015258789,115.1500015258789,112.51893615722656,502950,0.0,0.0
2021-04-26,113.0500030517578,115.8499984741211,113.0500030517578,114.0,111.39520263671876,792529,0.0,0.0
2021-04-27,113.0,114.5,111.3000030517578,113.3000030517578,110.7112045288086,1087289,0.0,0.0
2021-04-28,112.8000030517578,123.0500030517578,111.9000015258789,121.0,118.23526000976562,2249155,0.0,0.0
2021-04-29,124.0,126.0500030517578,120.4000015258789,122.9000015258789,120.0918426513672,919722,0.0,0.0
2021-04-30,121.6999969482422,126.5999984741211,120.1999969482422,122.3000030517578,119.50556182861328,793108,0.0,0.0
2021-05-03,122.3000030517578,131.39999389648438,122.3000030517578,130.39999389648438,127.42046356201172,1724370,0.0,0.0
2021-05-04,131.4499969482422,138.5,129.25,133.0500030517578,130.0099334716797,1961008,0.0,0.0
2021-05-05,134.1999969482422,139.8000030517578,133.89999389648438,138.4499969482422,135.2865447998047,2548151,0.0,0.0
2021-05-06,134.0,139.0,130.64999389648438,134.85000610351562,131.76881408691406,1867008,0.0,0.0
2021-05-07,139.0,142.0,134.85000610351562,136.35000610351562,133.23452758789062,1344902,0.0,0.0
2021-05-10,137.3000030517578,150.8000030517578,137.3000030517578,146.10000610351562,142.76173400878906,3094282,0.0,0.0
2021-05-11,144.0,171.89999389648438,144.0,166.0,162.20704650878906,5421954,0.0,0.0
2021-05-12,168.0,173.9499969482422,151.0,154.39999389648438,150.87208557128906,1867555,0.0,0.0
2021-05-14,155.5,165.89999389648438,155.5,160.3000030517578,156.63729858398438,990892,0.0,0.0
2021-05-17,165.0,169.3000030517578,161.5500030517578,166.25,162.4513397216797,900967,0.0,0.0
2021-05-18,167.0,167.85000610351562,157.1999969482422,158.3000030517578,154.68299865722656,711456,0.0,0.0
2021-05-19,158.0,159.5,151.39999389648438,153.85000610351562,150.3346710205078,526652,0.0,0.0
2021-05-20,153.85000610351562,165.60000610351562,150.0,160.25,156.58843994140625,759068,0.0,0.0
2021-05-21,161.5,165.6999969482422,158.60000610351562,161.3000030517578,157.61444091796875,349013,0.0,0.0
2021-05-24,160.0,161.14999389648438,156.0,157.0500030517578,153.46156311035156,254241,0.0,0.0
2021-05-25,157.25,160.5,154.35000610351562,155.3000030517578,151.7515411376953,276908,0.0,0.0
2021-05-26,157.39999389648438,174.64999389648438,156.0,164.89999389648438,161.13217163085938,1862911,0.0,0.0
2021-05-27,164.89999389648438,174.0,164.89999389648438,167.1999969482422,163.37962341308594,578665,0.0,0.0
2021-05-28,168.10000610351562,180.8999938964844,167.5,172.0500030517578,168.11880493164062,2196434,0.0,0.0
2021-05-31,173.1999969482422,175.89999389648438,168.0,170.25,166.3599395751953,543424,0.0,0.0
2021-06-01,172.0,173.9499969482422,163.0,164.8000030517578,161.0344696044922,331441,0.0,0.0
2021-06-02,163.25,168.5,163.25,164.5,160.74131774902344,190266,0.0,0.0
2021-06-03,164.25,181.0,164.25,172.9499969482422,168.9982452392578,1192000,0.0,0.0
2021-06-04,173.39999389648438,179.89999389648438,171.0500030517578,172.89999389648438,168.9493865966797,518673,0.0,0.0
2021-06-07,176.0,180.10000610351562,172.4499969482422,173.3000030517578,169.3402557373047,553298,0.0,0.0
2021-06-08,175.0,175.10000610351562,170.0,171.60000610351562,167.67910766601562,344074,0.0,0.0
2021-06-09,172.0,176.0,163.64999389648438,167.25,163.42849731445312,361586,0.0,0.0
2021-06-10,169.89999389648438,172.35000610351562,167.10000610351562,167.75,163.9170684814453,168463,0.0,0.0
2021-06-11,169.75,170.25,164.0,166.3000030517578,162.5001983642578,205306,0.0,0.0
2021-06-14,168.0,168.0,157.10000610351562,161.10000610351562,157.41900634765625,329295,0.0,0.0
2021-06-15,161.8000030517578,168.4499969482422,161.8000030517578,165.1999969482422,161.4253387451172,380149,0.0,0.0
2021-06-16,166.35000610351562,166.35000610351562,160.0,160.8000030517578,157.1258544921875,215741,0.0,0.0
2021-06-17,160.0,164.0,157.5500030517578,158.5500030517578,154.9272918701172,160288,0.0,0.0
2021-06-18,160.1999969482422,162.0,153.10000610351562,160.10000610351562,156.44186401367188,254386,0.0,0.0
2021-06-21,157.0,166.89999389648438,157.0,162.6999969482422,158.98245239257812,258835,0.0,0.0
2021-06-22,160.3000030517578,168.0,160.3000030517578,163.39999389648438,159.6664581298828,285343,0.0,0.0
2021-06-23,164.3000030517578,166.89999389648438,160.3000030517578,161.64999389648438,157.95645141601562,228652,0.0,0.0
2021-06-24,159.1999969482422,163.5500030517578,159.1999969482422,160.35000610351562,156.6861572265625,94678,0.0,0.0
2021-06-25,161.39999389648438,172.14999389648438,159.25,166.6999969482422,162.89105224609375,1027636,0.0,0.0
2021-06-28,164.8000030517578,175.8000030517578,164.39999389648438,172.9499969482422,168.9982452392578,735599,0.0,0.0
2021-06-29,173.5,176.35000610351562,169.3000030517578,170.39999389648438,166.50653076171875,361819,0.0,0.0
2021-06-30,171.10000610351562,184.6999969482422,171.0500030517578,180.3500061035156,176.22915649414062,1861055,0.0,0.0
2021-07-01,181.5,182.6000061035156,175.1999969482422,178.0500030517578,173.98171997070312,521994,0.0,0.0
2021-07-02,177.8000030517578,187.4499969482422,177.8000030517578,183.1499938964844,178.96517944335938,1165051,0.0,0.0
2021-07-05,184.9499969482422,208.5,184.0500030517578,202.4499969482422,197.8242034912109,5266805,0.0,0.0
2021-07-06,201.5500030517578,211.4499969482422,198.1499938964844,202.25,197.6287841796875,2929792,0.0,0.0
2021-07-07,200.0,201.8500061035156,184.0,196.4499969482422,191.96128845214844,519872,0.0,0.0
2021-07-08,197.25,201.0,192.1000061035156,194.8999938964844,190.4467163085937,370562,0.0,0.0
2021-07-09,195.6999969482422,202.6999969482422,195.1000061035156,197.0,192.49874877929688,467668,0.0,0.0
2021-07-12,197.8500061035156,203.6999969482422,196.0,196.9499969482422,192.44985961914065,441851,0.0,0.0
2021-07-13,198.5,200.0,193.25,194.3500061035156,189.9092712402344,243341,0.0,0.0
2021-07-14,193.0,195.8999938964844,191.0,191.3000030517578,186.9289703369141,193964,0.0,0.0
2021-07-15,192.6499938964844,195.0,191.8999938964844,192.3000030517578,187.9061279296875,226181,0.0,0.0
2021-07-16,193.0,193.3000030517578,189.0,191.1499938964844,186.7823944091797,165380,0.0,0.0
2021-07-19,187.1499938964844,201.0,187.1499938964844,196.3500061035156,191.8636016845703,327748,0.0,0.0
2021-07-20,197.0500030517578,197.0500030517578,187.1999969482422,188.8500061035156,184.53494262695312,278962,0.0,0.0
2021-07-22,190.8500061035156,195.8500061035156,189.8000030517578,191.4499969482422,187.07553100585932,240158,0.0,0.0
2021-07-23,192.75,207.0,190.0500030517578,200.25,195.67446899414065,1137878,0.0,0.0
2021-07-26,198.8999938964844,202.6999969482422,195.1000061035156,195.4499969482422,190.984130859375,568953,0.0,0.0
2021-07-27,196.0,199.6999969482422,191.1499938964844,194.25,189.8115692138672,302516,0.0,0.0
2021-07-28,195.6499938964844,196.6499938964844,191.0500030517578,193.9499969482422,189.5184326171875,214655,0.0,0.0
2021-07-29,193.8999938964844,194.9499969482422,191.6000061035156,192.0500030517578,187.66183471679688,137665,0.0,0.0
2021-07-30,192.0500030517578,197.5,192.0500030517578,193.75,189.322998046875,186167,0.0,0.0
2021-08-02,195.5,206.5,194.75,200.5500030517578,195.96763610839844,1240499,0.0,0.0
2021-08-03,202.0,209.5,200.1999969482422,201.8000030517578,197.1890563964844,1227078,0.0,0.0
2021-08-04,202.9499969482422,208.8000030517578,201.1000061035156,202.3000030517578,197.67762756347656,749271,0.0,0.0
2021-08-05,203.4499969482422,203.8500061035156,198.0,198.3000030517578,193.76901245117188,263044,0.0,0.0
2021-08-06,199.0,202.8000030517578,198.5500030517578,199.8500061035156,195.2836303710937,245476,0.0,0.0
2021-08-09,200.8500061035156,213.5,200.8000030517578,210.75,205.9345550537109,1945054,0.0,0.0
2021-08-10,213.1000061035156,214.3999938964844,188.5,193.1000061035156,188.68783569335932,1603846,0.0,0.0
2021-08-11,193.1000061035156,194.3999938964844,177.0,186.1499938964844,181.8966522216797,1094225,0.0,0.0
2021-08-12,186.0500030517578,198.3500061035156,186.0500030517578,197.1499938964844,192.64529418945312,622868,0.0,0.0
2021-08-13,197.1499938964844,198.9499969482422,190.6999969482422,191.8500061035156,187.46641540527344,677596,0.0,0.0
2021-08-16,191.5,196.3500061035156,188.0,188.8999938964844,184.5837860107422,444064,0.0,0.0
2021-08-17,188.6999969482422,197.3999938964844,188.1999969482422,191.75,187.36868286132807,990071,0.0,0.0
2021-08-18,192.5,195.1000061035156,187.3000030517578,189.0500030517578,184.7303924560547,401107,0.0,0.0
2021-08-20,189.1000061035156,193.1999969482422,183.3500061035156,186.3000030517578,182.043212890625,349946,0.0,0.0
2021-08-23,188.0,190.0,179.60000610351562,183.8999938964844,179.69802856445312,416634,0.0,0.0
2021-08-24,184.8000030517578,190.9499969482422,184.25,188.5,184.1929473876953,216464,0.0,0.0
2021-08-25,189.0,191.6999969482422,188.1499938964844,189.5500030517578,185.2189483642578,138293,0.0,0.0
2021-08-26,189.8999938964844,193.0,185.0,187.0500030517578,182.7760772705078,225482,0.0,0.0
2021-08-27,188.1499938964844,189.8999938964844,187.6000061035156,188.8999938964844,184.5837860107422,123925,0.0,0.0
2021-08-30,189.8500061035156,195.0,189.8500061035156,192.0500030517578,187.66183471679688,420579,0.0,0.0
2021-08-31,190.1999969482422,200.0,190.1999969482422,195.8500061035156,191.37501525878903,648346,0.0,0.0
2021-09-01,195.8500061035156,202.6000061035156,194.3999938964844,196.8999938964844,192.4010009765625,380486,0.0,0.0
2021-09-02,196.8999938964844,211.1999969482422,196.1999969482422,203.8500061035156,199.1922149658203,861355,0.0,0.0
2021-09-03,202.8999938964844,205.0,196.5500030517578,198.25,193.7201690673828,295846,0.0,0.0
2021-09-06,198.25,199.6000061035156,192.25,193.8500061035156,189.42071533203125,244913,0.0,0.0
2021-09-07,194.9499969482422,195.0,189.5,190.4499969482422,186.098388671875,401360,0.0,0.0
2021-09-08,191.0,194.8500061035156,189.8500061035156,193.1000061035156,188.68783569335932,111644,0.0,0.0
2021-09-09,192.8500061035156,193.9499969482422,189.0500030517578,190.9499969482422,186.5869598388672,224563,0.0,0.0
2021-09-13,191.9499969482422,197.8999938964844,191.3500061035156,192.5500030517578,188.15042114257807,225899,0.0,0.0
2021-09-14,193.0,194.0,191.0,191.4499969482422,187.07553100585932,115973,0.0,0.0
2021-09-15,192.0,195.25,190.5,191.5,187.1243896484375,118136,0.0,0.0
2021-09-16,193.5,193.75,188.6499938964844,189.1999969482422,184.876953125,255547,0.0,0.0
2021-09-17,190.0,191.0,182.5500030517578,184.0,180.7511138916016,637505,1.0,0.0
2021-09-20,180.5500030517578,188.5,180.3500061035156,183.1000061035156,179.8670196533203,133397,0.0,0.0
2021-09-21,180.25,185.3999938964844,178.5,179.4499969482422,176.2814483642578,160637,0.0,0.0
2021-09-22,180.0,187.0500030517578,178.9499969482422,181.75,178.54083251953125,298050,0.0,0.0
2021-09-23,182.25,187.1999969482422,180.6000061035156,181.6000061035156,178.3935089111328,119014,0.0,0.0
2021-09-24,182.0,184.6999969482422,178.5500030517578,180.10000610351562,176.9199676513672,208971,0.0,0.0
2021-09-27,182.5500030517578,182.5500030517578,175.14999389648438,175.89999389648438,172.79412841796875,223653,0.0,0.0
2021-09-28,176.0,181.8000030517578,175.0,177.10000610351562,173.97296142578125,115321,0.0,0.0
2021-09-29,177.0,182.0,176.0500030517578,177.0500030517578,173.92384338378906,105505,0.0,0.0
2021-09-30,176.6999969482422,178.1999969482422,175.25,175.5,172.4011993408203,83968,0.0,0.0
2021-10-01,175.6999969482422,177.6999969482422,172.25,174.35000610351562,171.27151489257812,136295,0.0,0.0
2021-10-04,176.0,176.64999389648438,173.5,174.1999969482422,171.1241455078125,178744,0.0,0.0
2021-10-05,174.1999969482422,177.89999389648438,171.60000610351562,172.5500030517578,169.5032958984375,187731,0.0,0.0
2021-10-06,173.4499969482422,175.25,169.1999969482422,169.9499969482422,166.94918823242188,156066,0.0,0.0
2021-10-07,170.8000030517578,173.10000610351562,167.5,169.25,166.2615509033203,185441,0.0,0.0
2021-10-08,170.0,175.0,170.0,172.4499969482422,169.40504455566406,161512,0.0,0.0
2021-10-11,173.35000610351562,181.25,173.35000610351562,174.6999969482422,171.61532592773438,346755,0.0,0.0
2021-10-12,175.39999389648438,177.85000610351562,172.5500030517578,173.9499969482422,170.87855529785156,227626,0.0,0.0
2021-10-13,173.0,176.5500030517578,169.75,171.0,167.98065185546875,191590,0.0,0.0
2021-10-14,171.10000610351562,172.0500030517578,168.0,168.85000610351562,165.86862182617188,198118,0.0,0.0
2021-10-18,170.0,171.35000610351562,165.10000610351562,166.14999389648438,163.21629333496094,179468,0.0,0.0
2021-10-19,166.1999969482422,170.0,165.5,167.10000610351562,164.14952087402344,168093,0.0,0.0
2021-10-20,167.0,168.3000030517578,162.0,164.14999389648438,161.25160217285156,262136,0.0,0.0
2021-10-21,162.60000610351562,164.89999389648438,160.0,160.4499969482422,157.616943359375,129934,0.0,0.0
2021-10-22,163.9499969482422,169.10000610351562,162.89999389648438,167.6999969482422,164.73892211914062,274683,0.0,0.0
2021-10-25,169.0500030517578,173.5,163.5,164.0,161.10426330566406,287265,0.0,0.0
2021-10-26,165.0,168.89999389648438,153.9499969482422,161.89999389648438,159.0413360595703,716707,0.0,0.0
2021-10-27,161.89999389648438,162.6999969482422,156.14999389648438,157.4499969482422,154.66990661621094,162230,0.0,0.0
2021-10-28,160.39999389648438,160.39999389648438,149.0500030517578,149.5500030517578,146.90940856933594,231165,0.0,0.0
2021-10-29,152.39999389648438,153.0,145.0,147.5,144.8955841064453,251433,0.0,0.0
2021-11-01,149.0,159.39999389648438,148.9499969482422,149.9499969482422,147.3023223876953,156105,0.0,0.0
2021-11-02,150.9499969482422,152.6999969482422,146.8000030517578,149.85000610351562,147.20411682128906,138145,0.0,0.0
2021-11-03,149.85000610351562,157.4499969482422,149.0500030517578,153.6999969482422,150.98611450195312,364579,0.0,0.0
2021-11-04,154.75,155.8000030517578,153.6999969482422,155.10000610351562,152.3614044189453,39680,0.0,0.0
2021-11-08,157.8000030517578,157.8000030517578,150.25,150.89999389648438,148.2355499267578,95444,0.0,0.0
2021-11-09,151.6999969482422,153.85000610351562,148.25,149.6999969482422,147.05674743652344,180693,0.0,0.0
2021-11-10,149.9499969482422,152.5,148.0,148.75,146.12351989746094,131089,0.0,0.0
2021-11-11,154.4499969482422,154.4499969482422,146.9499969482422,148.25,145.63233947753906,148821,0.0,0.0
2021-11-12,149.0,149.89999389648438,146.8000030517578,147.60000610351562,144.9938507080078,80890,0.0,0.0
2021-11-15,148.35000610351562,151.4499969482422,144.39999389648438,145.0500030517578,142.48886108398438,449213,0.0,0.0
2021-11-16,145.5,153.0,144.25,147.35000610351562,144.7482452392578,267144,0.0,0.0
2021-11-17,146.60000610351562,159.89999389648438,146.5500030517578,155.25,152.50875854492188,1101340,0.0,0.0
2021-11-18,156.0,156.0,148.3000030517578,149.10000610351562,146.4673614501953,208600,0.0,0.0
2021-11-22,149.0500030517578,149.64999389648438,138.89999389648438,140.60000610351562,138.11744689941406,186736,0.0,0.0
2021-11-23,141.35000610351562,143.60000610351562,139.0,141.85000610351562,139.34535217285156,140106,0.0,0.0
2021-11-24,142.60000610351562,148.1999969482422,142.60000610351562,144.4499969482422,141.89944458007812,146867,0.0,0.0
2021-11-25,144.4499969482422,147.89999389648438,143.6999969482422,145.5500030517578,142.98004150390625,88403,0.0,0.0
2021-11-26,145.10000610351562,154.3000030517578,143.75,146.64999389648438,144.06060791015625,454741,0.0,0.0
2021-11-29,148.0,149.9499969482422,143.0,143.4499969482422,140.9171142578125,104872,0.0,0.0
2021-11-30,143.4499969482422,147.14999389648438,135.3000030517578,136.9499969482422,134.53187561035156,206355,0.0,0.0
2021-12-01,138.85000610351562,139.75,134.10000610351562,137.0,134.58099365234375,157889,0.0,0.0
2021-12-02,137.3000030517578,142.89999389648438,137.10000610351562,141.25,138.75595092773438,287736,0.0,0.0
2021-12-03,142.4499969482422,145.0,139.89999389648438,140.9499969482422,138.4612579345703,176458,0.0,0.0
2021-12-06,141.0,142.0,136.85000610351562,137.60000610351562,135.17039489746094,190506,0.0,0.0
2021-12-07,138.5,140.0,138.10000610351562,139.0,136.54566955566406,73088,0.0,0.0
2021-12-08,139.89999389648438,141.1999969482422,139.0,139.6999969482422,137.2333221435547,143315,0.0,0.0
2021-12-09,140.0,141.39999389648438,138.5,139.5500030517578,137.0859832763672,117260,0.0,0.0
2021-12-10,140.25,145.0,139.4499969482422,140.9499969482422,138.4612579345703,260358,0.0,0.0
2021-12-13,144.0,144.9499969482422,141.14999389648438,141.60000610351562,139.09976196289062,133447,0.0,0.0
2021-12-14,140.5,142.4499969482422,138.35000610351562,139.9499969482422,137.47889709472656,94110,0.0,0.0
2021-12-15,140.64999389648438,141.0500030517578,135.5500030517578,137.0,134.58099365234375,103809,0.0,0.0
2021-12-16,138.10000610351562,138.9499969482422,134.1999969482422,134.89999389648438,132.51806640625,95167,0.0,0.0
2021-12-17,135.60000610351562,135.60000610351562,130.85000610351562,132.0500030517578,129.71839904785156,137500,0.0,0.0
2021-12-20,131.10000610351562,131.10000610351562,125.0,127.5999984741211,125.3469696044922,189255,0.0,0.0
2021-12-21,128.14999389648438,135.5500030517578,128.14999389648438,131.9499969482422,129.6201629638672,204301,0.0,0.0
2021-12-22,130.14999389648438,134.9499969482422,130.14999389648438,133.89999389648438,131.5357208251953,74229,0.0,0.0
2021-12-23,134.60000610351562,136.35000610351562,133.14999389648438,134.8000030517578,132.4198455810547,118148,0.0,0.0
2021-12-24,135.5,135.5500030517578,133.0,133.9499969482422,131.58485412597656,69111,0.0,0.0
2021-12-27,134.64999389648438,135.0,133.0,134.35000610351562,131.97779846191406,162378,0.0,0.0
2021-12-28,135.0,135.9499969482422,134.25,134.85000610351562,132.46896362304688,97952,0.0,0.0
2021-12-29,135.0,144.0,134.5,142.1999969482422,139.68917846679688,483900,0.0,0.0
2021-12-30,141.89999389648438,146.5,140.85000610351562,142.64999389648438,140.1312255859375,201767,0.0,0.0
2021-12-31,142.0,144.5,140.14999389648438,140.9499969482422,138.4612579345703,136322,0.0,0.0
2022-01-03,141.1999969482422,145.39999389648438,141.1999969482422,143.0500030517578,140.524169921875,158548,0.0,0.0
2022-01-04,144.8000030517578,144.8000030517578,140.39999389648438,140.89999389648438,138.412109375,106407,0.0,0.0
2022-01-05,141.64999389648438,141.85000610351562,136.3000030517578,137.5,135.07217407226562,194332,0.0,0.0
2022-01-06,136.0,143.0,135.14999389648438,139.5500030517578,137.0859832763672,304795,0.0,0.0
2022-01-07,139.5500030517578,144.3000030517578,138.9499969482422,141.60000610351562,139.09976196289062,254959,0.0,0.0
2022-01-10,143.3000030517578,143.75,139.0,139.14999389648438,136.69302368164062,136674,0.0,0.0
2022-01-11,139.85000610351562,153.60000610351562,139.25,151.4499969482422,148.77586364746094,1379904,0.0,0.0
2022-01-12,152.39999389648438,152.5,146.0,146.64999389648438,144.06060791015625,305792,0.0,0.0
2022-01-13,148.0,148.3000030517578,145.4499969482422,146.5,143.9132537841797,118532,0.0,0.0
2022-01-14,147.0,148.89999389648438,145.6999969482422,147.0,144.40443420410156,146388,0.0,0.0
2022-01-17,147.1999969482422,152.89999389648438,147.1999969482422,151.60000610351562,148.92320251464844,286236,0.0,0.0
2022-01-18,154.6999969482422,154.6999969482422,146.0,146.8000030517578,144.20794677734375,230448,0.0,0.0
2022-01-19,146.6999969482422,147.8000030517578,144.5,145.5500030517578,142.98004150390625,108849,0.0,0.0
2022-01-20,145.0,148.39999389648438,145.0,146.60000610351562,144.01148986816406,100817,0.0,0.0
2022-01-21,146.60000610351562,147.3000030517578,142.1999969482422,143.1999969482422,140.67152404785156,166032,0.0,0.0
2022-01-24,142.85000610351562,143.89999389648438,134.85000610351562,136.89999389648438,134.4827423095703,151195,0.0,0.0
2022-01-25,136.60000610351562,140.25,134.1999969482422,138.3000030517578,135.8580322265625,109711,0.0,0.0
2022-01-27,137.64999389648438,139.0,135.0,137.39999389648438,134.9739227294922,72924,0.0,0.0
2022-01-28,138.1999969482422,142.5,138.1999969482422,140.75,138.26478576660156,87263,0.0,0.0
2022-01-31,140.8000030517578,143.4499969482422,140.75,141.5,139.0015411376953,58676,0.0,0.0
2022-02-01,144.0,144.8000030517578,141.5,143.0,140.4750518798828,96773,0.0,0.0
2022-02-02,143.5,144.8000030517578,136.1999969482422,140.0500030517578,137.5771484375,497021,0.0,0.0
2022-02-03,135.35000610351562,146.39999389648438,135.35000610351562,142.1999969482422,139.68917846679688,251271,0.0,0.0
2022-02-04,142.89999389648438,147.60000610351562,141.0500030517578,146.4499969482422,143.8641357421875,230176,0.0,0.0
2022-02-07,148.0,148.0,141.10000610351562,141.85000610351562,139.34535217285156,87967,0.0,0.0
2022-02-08,141.85000610351562,143.35000610351562,138.10000610351562,139.89999389648438,137.42979431152344,136727,0.0,0.0
2022-02-09,140.60000610351562,141.85000610351562,138.0,138.9499969482422,136.49656677246094,84776,0.0,0.0
2022-02-10,141.25,146.85000610351562,140.3000030517578,143.4499969482422,140.9171142578125,198645,0.0,0.0
2022-02-11,142.85000610351562,143.0,139.5500030517578,140.5500030517578,138.0683135986328,67915,0.0,0.0
2022-02-14,138.5500030517578,138.64999389648438,133.25,135.0,132.61630249023438,109050,0.0,0.0
2022-02-15,135.6999969482422,138.0500030517578,131.0,136.89999389648438,134.4827423095703,124991,0.0,0.0
2022-02-16,137.60000610351562,144.0,134.10000610351562,136.75,134.33541870117188,154763,0.0,0.0
2022-02-17,137.60000610351562,139.6999969482422,136.6999969482422,137.14999389648438,134.7283477783203,49780,0.0,0.0
2022-02-18,137.85000610351562,138.8000030517578,133.85000610351562,135.60000610351562,133.20571899414062,84887,0.0,0.0
2022-02-21,134.9499969482422,137.0500030517578,132.10000610351562,133.1999969482422,130.84808349609375,69882,0.0,0.0
2022-02-22,130.5,131.75,125.4499969482422,126.6500015258789,124.41374969482422,108806,0.0,0.0
2022-02-23,127.3000030517578,129.9499969482422,126.4499969482422,127.1999969482422,124.95403289794922,106003,0.0,0.0
2022-02-24,120.0,120.0,112.4000015258789,113.4000015258789,111.397705078125,295033,0.0,0.0
2022-02-25,115.5999984741211,124.9000015258789,115.5999984741211,123.0500030517578,120.87731170654295,110037,0.0,0.0
2022-02-28,121.0,128.5,118.8000030517578,123.75,121.56494903564452,77928,0.0,0.0
2022-03-02,123.75,132.0500030517578,122.5999984741211,125.1999969482422,122.98934173583984,99631,0.0,0.0
2022-03-03,126.25,130.25,125.5999984741211,126.5,124.26639556884766,61952,0.0,0.0
2022-03-04,125.0,127.0999984741211,123.1500015258789,124.25,122.05612182617188,92042,0.0,0.0
2022-03-07,119.0999984741211,122.8499984741211,118.1999969482422,121.9000015258789,119.74761962890624,64091,0.0,0.0
2022-03-08,121.9000015258789,124.5999984741211,120.0,122.9000015258789,120.7299575805664,64341,0.0,0.0
2022-03-09,122.5,129.60000610351562,122.1500015258789,126.5999984741211,124.3646240234375,226642,0.0,0.0
2022-03-10,130.5,131.35000610351562,128.0,129.25,126.96783447265624,74643,0.0,0.0
2022-03-11,129.89999389648438,132.39999389648438,126.4499969482422,130.3000030517578,127.99930572509766,78987,0.0,0.0
2022-03-14,130.39999389648438,132.89999389648438,128.14999389648438,128.89999389648438,126.62400817871094,209913,0.0,0.0
2022-03-15,130.89999389648438,131.0,124.3000030517578,125.3499984741211,123.13670349121094,129630,0.0,0.0
2022-03-16,126.0999984741211,127.1500015258789,122.3499984741211,123.3000030517578,121.12289428710938,116223,0.0,0.0
2022-03-17,124.5999984741211,125.4499969482422,123.0,124.0,121.81053161621094,205309,0.0,0.0
2022-03-21,124.0,128.25,123.8000030517578,126.6999969482422,124.46286010742188,149824,0.0,0.0
2022-03-22,124.9499969482422,127.0,123.0,124.0,121.81053161621094,108524,0.0,0.0
2022-03-23,124.6500015258789,125.3000030517578,122.5,123.1500015258789,120.9755401611328,103053,0.0,0.0
2022-03-24,123.5,129.9499969482422,123.3499984741211,127.3000030517578,125.0522689819336,256963,0.0,0.0
2022-03-25,128.0,128.5,124.1999969482422,124.9000015258789,122.69464111328124,128748,0.0,0.0
2022-03-28,124.5,125.3499984741211,120.0999984741211,120.5500030517578,118.42145538330078,172121,0.0,0.0
2022-03-29,121.1500015258789,122.0,112.8499984741211,114.0,111.9871063232422,551210,0.0,0.0
2022-03-30,115.5500030517578,120.8000030517578,115.25,119.1500015258789,117.04617309570312,273270,0.0,0.0
2022-03-31,119.1999969482422,119.8000030517578,116.6500015258789,117.0,114.9341278076172,167928,0.0,0.0
2022-04-01,117.0,121.4499969482422,117.0,120.9499969482422,118.81439208984376,101865,0.0,0.0
2022-04-04,121.5999984741211,135.0,121.5,130.60000610351562,128.29400634765625,498311,0.0,0.0
2022-04-05,131.64999389648438,131.6999969482422,128.0,129.64999389648438,127.36076354980467,105093,0.0,0.0
2022-04-06,129.64999389648438,136.85000610351562,128.8000030517578,132.35000610351562,130.0131072998047,261761,0.0,0.0
2022-04-07,132.35000610351562,134.0,129.10000610351562,130.0500030517578,127.75371551513672,95871,0.0,0.0
2022-04-08,130.0,133.64999389648438,129.75,132.85000610351562,130.5042724609375,59023,0.0,0.0
2022-04-11,133.5500030517578,136.0,131.1999969482422,132.4499969482422,130.111328125,99209,0.0,0.0
2022-04-12,132.3000030517578,136.0,130.0,133.1999969482422,130.84808349609375,129336,0.0,0.0
2022-04-13,133.89999389648438,138.0,133.39999389648438,135.35000610351562,132.96014404296875,150645,0.0,0.0
2022-04-18,134.0,134.89999389648438,130.6999969482422,131.89999389648438,129.571044921875,57227,0.0,0.0
2022-04-19,132.5,136.39999389648438,129.0500030517578,130.5500030517578,128.24488830566406,163294,0.0,0.0
2022-04-20,131.25,137.60000610351562,130.0,135.9499969482422,133.5495147705078,209260,0.0,0.0
2022-04-21,136.0,138.6999969482422,135.5,136.9499969482422,134.53187561035156,209650,0.0,0.0
2022-04-22,136.0,136.5500030517578,132.85000610351562,133.3000030517578,130.9463348388672,82443,0.0,0.0
2022-04-25,131.89999389648438,134.25,130.0,130.85000610351562,128.5395965576172,96015,0.0,0.0
2022-04-26,131.5500030517578,133.85000610351562,129.0500030517578,130.0,127.70458221435548,60344,0.0,0.0
2022-04-27,129.60000610351562,132.5,128.35000610351562,129.14999389648438,126.86959838867188,72847,0.0,0.0
2022-04-28,129.8000030517578,130.39999389648438,127.0500030517578,127.5,125.2487335205078,83336,0.0,0.0
2022-04-29,128.14999389648438,130.89999389648438,124.0500030517578,125.25,123.03845977783205,63700,0.0,0.0
2022-05-02,125.1999969482422,125.8499984741211,121.9499969482422,123.3499984741211,121.17201232910156,76687,0.0,0.0
2022-05-04,124.0,127.9499969482422,119.0,119.9000015258789,117.7829360961914,66330,0.0,0.0
2022-05-05,121.0,124.0,118.25,119.0999984741211,116.9970474243164,48520,0.0,0.0
2022-05-06,119.0999984741211,119.0999984741211,114.9499969482422,116.5,114.44295501708984,66628,0.0,0.0
2022-05-09,116.0999984741211,116.8499984741211,113.1500015258789,115.0999984741211,113.0676727294922,59542,0.0,0.0
2022-05-10,115.6500015258789,118.6999969482422,113.0500030517578,114.6999969482422,112.67474365234376,34961,0.0,0.0
2022-05-11,115.3000030517578,116.75,107.3000030517578,109.4499969482422,107.51744079589844,64347,0.0,0.0
2022-05-12,107.8000030517578,108.0500030517578,103.5500030517578,104.25,102.40925598144533,63248,0.0,0.0
2022-05-13,107.9000015258789,109.5,105.8499984741211,106.9499969482422,105.06158447265624,54340,0.0,0.0
2022-05-16,107.0,110.4000015258789,103.8000030517578,105.4000015258789,103.53895568847656,86439,0.0,0.0
2022-05-17,105.75,113.5500030517578,105.75,109.9499969482422,108.00861358642578,76693,0.0,0.0
2022-05-18,108.1500015258789,115.0,108.0999984741211,108.6500015258789,106.73157501220705,125182,0.0,0.0
2022-05-19,104.5500030517578,109.1999969482422,104.5500030517578,106.5500030517578,104.6686553955078,54886,0.0,0.0
2022-05-20,108.0,110.5,108.0,109.0,107.0753936767578,58329,0.0,0.0
2022-05-23,109.0,110.3000030517578,106.5,106.9499969482422,105.06158447265624,29205,0.0,0.0
2022-05-24,106.9499969482422,109.5500030517578,105.3499984741211,105.8000030517578,103.93189239501952,34167,0.0,0.0
2022-05-25,106.5,108.0500030517578,103.0,104.0,102.1636734008789,52639,0.0,0.0
2022-05-26,101.5999984741211,105.9000015258789,100.1999969482422,103.9000015258789,102.06543731689452,78523,0.0,0.0
2022-05-27,105.0,107.8499984741211,104.4000015258789,105.8000030517578,103.93189239501952,47678,0.0,0.0
2022-05-30,106.3499984741211,112.5,106.0,109.6500015258789,107.71390533447266,804000,0.0,0.0
2022-05-31,109.6500015258789,113.9000015258789,108.4000015258789,111.4000015258789,109.43301391601562,66988,0.0,0.0
2022-06-01,111.75,113.8000030517578,110.6500015258789,112.9000015258789,110.90653228759766,49310,0.0,0.0
2022-06-02,113.5,122.0,113.25,116.5500030517578,114.4920883178711,194275,0.0,0.0
2022-06-03,118.25,119.4000015258789,114.6999969482422,115.3000030517578,113.26416015625,36070,0.0,0.0
2022-06-06,115.0,117.9000015258789,115.0,116.5999984741211,114.54119873046876,51965,0.0,0.0
2022-06-07,116.0,116.8499984741211,114.0500030517578,115.0,112.96945190429688,20573,0.0,0.0
2022-06-08,115.5999984741211,116.0999984741211,112.1500015258789,112.8000030517578,110.80829620361328,37680,0.0,0.0
2022-06-09,113.4000015258789,114.5,110.1999969482422,113.6999969482422,111.69239807128906,47352,0.0,0.0
2022-06-10,114.0,114.0,108.8499984741211,110.8000030517578,108.84361267089844,42610,0.0,0.0
2022-06-13,111.0,112.6500015258789,108.4499969482422,109.8499984741211,107.9103775024414,77312,0.0,0.0
2022-06-14,108.3000030517578,110.3499984741211,106.0,107.0,105.11070251464844,61358,0.0,0.0
2022-06-15,108.0,109.9499969482422,107.5999984741211,108.4000015258789,106.4859848022461,31639,0.0,0.0
2022-06-16,109.4000015258789,110.25,101.5,102.4499969482422,100.64103698730467,45519,0.0,0.0
2022-06-17,100.0999984741211,104.75,100.0999984741211,103.5,101.6725082397461,33645,0.0,0.0
2022-06-20,104.0500030517578,104.0500030517578,97.75,98.6500015258789,96.90814208984376,64788,0.0,0.0
2022-06-21,99.4000015258789,107.9499969482422,99.4000015258789,102.3000030517578,100.4936981201172,110313,0.0,0.0
2022-06-22,102.5,102.5,96.25,96.8499984741211,95.13992309570312,81906,0.0,0.0
2022-06-23,97.3499984741211,100.9499969482422,94.9499969482422,96.0,94.30492401123048,125809,0.0,0.0
2022-06-24,98.6999969482422,99.75,96.0999984741211,99.0999984741211,97.3501968383789,32800,0.0,0.0
2022-06-27,100.0,103.9000015258789,100.0,102.25,100.44457244873048,63063,0.0,0.0
2022-06-28,102.8000030517578,106.5,101.5,103.9000015258789,102.06543731689452,67387,0.0,0.0
2022-06-29,103.9000015258789,104.0500030517578,101.8000030517578,102.5999984741211,100.78839111328124,39661,0.0,0.0
2022-06-30,103.1500015258789,104.0,100.0,101.8000030517578,100.00251770019533,35312,0.0,0.0
2022-07-01,102.75,103.5,101.0999984741211,102.0500030517578,100.24810791015624,46086,0.0,0.0
2022-07-04,102.5999984741211,104.25,100.9499969482422,103.9499969482422,102.11455535888672,33176,0.0,0.0
2022-07-05,104.4499969482422,106.75,102.6500015258789,103.6500015258789,101.81985473632812,36545,0.0,0.0
2022-07-06,103.6500015258789,104.1999969482422,101.9499969482422,102.9499969482422,101.13220977783205,28300,0.0,0.0
2022-07-07,103.5,106.25,102.4000015258789,105.0999984741211,103.24424743652344,30440,0.0,0.0
2022-07-08,105.6500015258789,106.9000015258789,104.1500015258789,106.0,104.12835693359376,35806,0.0,0.0
2022-07-11,106.3000030517578,110.0,104.1999969482422,109.0500030517578,107.12451171875,57958,0.0,0.0
2022-07-12,108.8499984741211,109.5,106.5999984741211,107.9000015258789,105.99481201171876,38212,0.0,0.0
2022-07-13,108.4499969482422,110.5,107.4000015258789,109.6500015258789,107.71390533447266,39795,0.0,0.0
2022-07-14,110.1500015258789,110.1500015258789,109.0,109.25,107.32097625732422,31224,0.0,0.0
2022-07-15,109.8000030517578,111.0500030517578,108.8000030517578,110.0,108.05773162841795,23548,0.0,0.0
2022-07-18,110.5500030517578,111.3000030517578,108.0999984741211,109.75,107.81214904785156,56435,0.0,0.0
2022-07-19,110.3000030517578,111.9499969482422,109.5,111.0500030517578,109.08919525146484,28904,0.0,0.0
2022-07-20,111.1500015258789,112.5999984741211,110.5500030517578,111.8000030517578,109.82595825195312,21478,0.0,0.0
2022-07-21,112.4000015258789,112.9499969482422,107.1999969482422,111.5,109.53125,58054,0.0,0.0
2022-07-22,112.0,112.5,110.6500015258789,111.4000015258789,109.43301391601562,18887,0.0,0.0
2022-07-25,110.75,117.75,110.4499969482422,115.5999984741211,113.55885314941406,107435,0.0,0.0
2022-07-26,117.6999969482422,118.75,114.1999969482422,115.5,113.46062469482422,171797,0.0,0.0
2022-07-27,117.9000015258789,119.0,114.0999984741211,115.0500030517578,113.01856994628906,72728,0.0,0.0
2022-07-28,115.4499969482422,117.8000030517578,115.1500015258789,116.1500015258789,114.09913635253906,28998,0.0,0.0
2022-07-29,116.0999984741211,116.6999969482422,113.6999969482422,114.8499984741211,112.82209014892578,34093,0.0,0.0
2022-08-01,114.6999969482422,116.8499984741211,112.5,115.25,113.21503448486328,35314,0.0,0.0
2022-08-02,115.3000030517578,117.0999984741211,114.5999984741211,116.1999969482422,114.14826202392578,50393,0.0,0.0
2022-08-03,116.4499969482422,116.8000030517578,114.1500015258789,115.8000030517578,113.75531768798828,22718,0.0,0.0
2022-08-04,116.1500015258789,116.9499969482422,114.3000030517578,116.5500030517578,114.4920883178711,45440,0.0,0.0
2022-08-05,116.0,121.4499969482422,115.1500015258789,120.6500015258789,118.51968383789062,112956,0.0,0.0
2022-08-08,121.3000030517578,123.0500030517578,120.8499984741211,122.5,120.33702850341795,71834,0.0,0.0
2022-08-10,123.9499969482422,123.9499969482422,115.8000030517578,118.0,115.9164810180664,81248,0.0,0.0
2022-08-11,118.5999984741211,120.9499969482422,116.8499984741211,118.25,116.1620635986328,48024,0.0,0.0
2022-08-12,117.75,118.5999984741211,116.5,117.4499969482422,115.37618255615234,47820,0.0,0.0
2022-08-16,118.0500030517578,126.75,118.0500030517578,125.9000015258789,123.67698669433594,172881,0.0,0.0
2022-08-17,127.25,131.4499969482422,126.25,128.1999969482422,125.93637084960938,181305,0.0,0.0
2022-08-18,128.8000030517578,130.9499969482422,125.3499984741211,130.1999969482422,127.90105438232422,101466,0.0,0.0
2022-08-19,130.89999389648438,130.89999389648438,125.1500015258789,126.8499984741211,124.61021423339844,167004,0.0,0.0
2022-08-22,125.0,126.0,122.5,123.0,120.82819366455078,63548,0.0,0.0
2022-08-23,120.1999969482422,125.0,120.0,122.5500030517578,120.38613891601562,42787,0.0,0.0
2022-08-24,122.0,125.0,121.3499984741211,122.4499969482422,120.28789520263672,122039,0.0,0.0
2022-08-25,123.0500030517578,126.4499969482422,121.9000015258789,122.5,120.33702850341795,98561,0.0,0.0
2022-08-26,122.5,124.9000015258789,122.5,122.9000015258789,120.7299575805664,34561,0.0,0.0
2022-08-29,121.9000015258789,123.6999969482422,120.1999969482422,123.4499969482422,121.27024841308594,47175,0.0,0.0
2022-08-30,124.0999984741211,127.4000015258789,123.0999984741211,125.1999969482422,122.98934173583984,61834,0.0,0.0
2022-09-01,124.75,129.5,124.25,129.0,126.72225189208984,87815,0.0,0.0
2022-09-02,129.64999389648438,129.9499969482422,125.0500030517578,128.35000610351562,126.08373260498048,53914,0.0,0.0
2022-09-05,129.0,142.0,126.0500030517578,138.60000610351562,136.1527557373047,536424,0.0,0.0
2022-09-06,140.3000030517578,142.14999389648438,136.0500030517578,138.0500030517578,135.61244201660156,225622,0.0,0.0
2022-09-07,137.0,141.75,136.0,138.9499969482422,136.49656677246094,148978,0.0,0.0
2022-09-08,139.5,140.3000030517578,135.0500030517578,135.5,133.10748291015625,92928,0.0,0.0
2022-09-09,136.8000030517578,139.0500030517578,131.0,133.0500030517578,130.70074462890625,161430,0.0,0.0
2022-09-12,134.9499969482422,134.9499969482422,131.35000610351562,133.0,130.65162658691406,71043,0.0,0.0
2022-09-13,133.60000610351562,133.60000610351562,129.0,129.60000610351562,127.3116683959961,228469,0.0,0.0
2022-09-14,128.60000610351562,134.35000610351562,127.5999984741211,132.85000610351562,130.5042724609375,230706,0.0,0.0
2022-09-15,135.14999389648438,142.25,135.0500030517578,139.1999969482422,136.74215698242188,500169,0.0,0.0
2022-09-16,139.1999969482422,140.0,132.0,133.9499969482422,131.58485412597656,143310,0.0,0.0
2022-09-19,133.9499969482422,138.5,132.4499969482422,134.75,133.36636352539062,76225,1.0,0.0
2022-09-20,136.75,145.5,134.85000610351562,141.9499969482422,140.492431640625,559479,0.0,0.0
2022-09-21,143.0,147.8000030517578,139.14999389648438,140.39999389648438,138.95834350585938,441182,0.0,0.0
2022-09-22,140.39999389648438,142.1999969482422,137.14999389648438,138.6999969482422,137.2758026123047,91967,0.0,0.0
2022-09-23,138.3000030517578,142.0,135.4499969482422,136.60000610351562,135.19737243652344,113758,0.0,0.0
2022-09-26,132.5,135.39999389648438,127.1500015258789,128.9499969482422,127.62592315673828,152979,0.0,0.0
2022-09-27,129.60000610351562,132.89999389648438,125.75,127.5999984741211,126.28978729248048,89235,0.0,0.0
2022-09-28,127.0999984741211,130.25,125.3000030517578,126.8499984741211,125.5474853515625,58824,0.0,0.0
2022-09-29,127.5500030517578,131.5,127.0500030517578,127.8000030517578,126.48773193359376,59070,0.0,0.0
2022-09-30,128.85000610351562,131.5500030517578,127.3000030517578,130.35000610351562,129.0115509033203,47332,0.0,0.0
2022-10-03,131.0500030517578,134.0,128.5500030517578,130.39999389648438,129.06101989746094,56497,0.0,0.0
2022-10-04,131.25,135.3000030517578,131.1999969482422,133.25,131.88177490234375,71137,0.0,0.0
2022-10-06,135.14999389648438,138.3000030517578,133.5500030517578,134.4499969482422,133.06944274902344,56013,0.0,0.0
2022-10-07,134.0500030517578,136.10000610351562,132.85000610351562,133.75,132.3766326904297,27582,0.0,0.0
2022-10-10,131.75,134.4499969482422,130.5,131.89999389648438,130.54562377929688,32288,0.0,0.0
2022-10-11,132.5,139.89999389648438,132.1999969482422,134.9499969482422,133.56430053710938,231259,0.0,0.0
2022-10-12,135.64999389648438,135.85000610351562,133.0500030517578,133.5500030517578,132.17868041992188,51799,0.0,0.0
2022-10-13,131.35000610351562,134.5500030517578,131.35000610351562,132.85000610351562,131.48587036132812,25517,0.0,0.0
2022-10-14,134.75,144.85000610351562,134.75,136.14999389648438,134.75198364257812,483531,0.0,0.0
2022-10-17,136.85000610351562,147.5500030517578,135.0,142.85000610351562,141.38320922851562,711862,0.0,0.0
2022-10-18,144.75,147.0,141.14999389648438,145.5,144.00599670410156,229729,0.0,0.0
2022-10-19,149.0,152.5,144.25,145.4499969482422,143.95648193359375,1432686,0.0,0.0
2022-10-20,146.1999969482422,152.75,143.10000610351562,146.64999389648438,145.14418029785156,375536,0.0,0.0
2022-10-21,146.5,148.5,142.5,143.35000610351562,141.87806701660156,110510,0.0,0.0
2022-10-24,147.5,147.8000030517578,145.0,145.35000610351562,143.85752868652344,61396,0.0,0.0
2022-10-25,145.5,147.0,141.0500030517578,144.25,142.76881408691406,70704,0.0,0.0
2022-10-27,145.0,146.0,137.60000610351562,142.6999969482422,141.2347412109375,129013,0.0,0.0
2022-10-28,143.6999969482422,144.89999389648438,141.75,142.9499969482422,141.48216247558594,70974,0.0,0.0
2022-10-31,144.39999389648438,144.5,137.4499969482422,138.5500030517578,137.12734985351562,93881,0.0,0.0
2022-11-01,139.25,142.0,136.75,138.10000610351562,136.68197631835938,142975,0.0,0.0
2022-11-02,138.3000030517578,142.1999969482422,138.1999969482422,141.14999389648438,139.7006378173828,114243,0.0,0.0
2022-11-03,141.14999389648438,146.60000610351562,138.60000610351562,143.14999389648438,141.68011474609375,172741,0.0,0.0
2022-11-04,143.14999389648438,145.14999389648438,141.0500030517578,141.64999389648438,140.1955108642578,55896,0.0,0.0
2022-11-07,143.0500030517578,144.4499969482422,141.64999389648438,143.39999389648438,141.92755126953125,98343,0.0,0.0
2022-11-09,144.14999389648438,146.5500030517578,141.85000610351562,143.10000610351562,141.63064575195312,95537,0.0,0.0
2022-11-10,143.10000610351562,148.35000610351562,142.1999969482422,143.75,142.27395629882812,323932,0.0,0.0
2022-11-11,146.0,147.0,144.8000030517578,146.0500030517578,144.5503387451172,126341,0.0,0.0
2022-11-14,144.8000030517578,147.3000030517578,143.35000610351562,144.75,143.26368713378906,66504,0.0,0.0
2022-11-15,145.4499969482422,145.4499969482422,140.14999389648438,143.1999969482422,141.72959899902344,91448,0.0,0.0
2022-11-16,142.9499969482422,147.8000030517578,141.39999389648438,142.35000610351562,140.88833618164062,163568,0.0,0.0
2022-11-17,140.9499969482422,144.5,140.9499969482422,143.25,141.77908325195312,74912,0.0,0.0
2022-11-18,144.0,149.39999389648438,143.14999389648438,145.0500030517578,143.56060791015625,178732,0.0,0.0
2022-11-21,145.5,147.4499969482422,143.0,143.6999969482422,142.22445678710938,54683,0.0,0.0
2022-11-22,144.4499969482422,145.8000030517578,142.0500030517578,143.0,141.53164672851562,51707,0.0,0.0
2022-11-23,143.10000610351562,144.9499969482422,143.10000610351562,143.75,142.27395629882812,34454,0.0,0.0
2022-11-24,144.5,145.0,141.60000610351562,142.3000030517578,140.83883666992188,39612,0.0,0.0
2022-11-25,142.85000610351562,144.0,142.35000610351562,143.6999969482422,142.22445678710938,46551,0.0,0.0
2022-11-28,142.0,152.3000030517578,142.0,148.64999389648438,147.12364196777344,352346,0.0,0.0
2022-11-29,149.0,156.0,146.14999389648438,148.0500030517578,146.52980041503906,316666,0.0,0.0
2022-11-30,148.8000030517578,151.35000610351562,148.14999389648438,149.60000610351562,148.0638885498047,118002,0.0,0.0
2022-12-01,151.39999389648438,152.9499969482422,147.35000610351562,151.5500030517578,149.99386596679688,198326,0.0,0.0
2022-12-02,152.89999389648438,154.0,148.75,149.5500030517578,148.014404296875,115618,0.0,0.0
2022-12-05,150.5500030517578,152.0,145.0500030517578,145.89999389648438,144.40187072753906,138933,0.0,0.0
2022-12-06,146.3000030517578,148.39999389648438,144.6999969482422,146.5,144.99571228027344,55610,0.0,0.0
2022-12-07,146.9499969482422,150.5500030517578,145.0,148.60000610351562,147.07415771484375,79138,0.0,0.0
2022-12-08,148.60000610351562,152.0,148.3000030517578,149.85000610351562,148.3113250732422,97537,0.0,0.0
2022-12-09,153.9499969482422,156.89999389648438,150.0,151.14999389648438,149.59796142578125,420687,0.0,0.0
2022-12-12,152.0,156.3000030517578,151.0,154.4499969482422,152.86407470703125,178994,0.0,0.0
2022-12-13,155.9499969482422,157.1999969482422,154.0500030517578,155.14999389648438,153.556884765625,153700,0.0,0.0
2022-12-14,156.8000030517578,156.8000030517578,152.0500030517578,152.5,150.93411254882812,90094,0.0,0.0
2022-12-15,153.0500030517578,154.1999969482422,147.0500030517578,147.75,146.23287963867188,102662,0.0,0.0
2022-12-16,146.9499969482422,147.60000610351562,140.39999389648438,142.8000030517578,141.33370971679688,209644,0.0,0.0
2022-12-19,142.8000030517578,144.85000610351562,142.3000030517578,143.60000610351562,142.12550354003906,122574,0.0,0.0
2022-12-20,143.9499969482422,145.75,141.8000030517578,144.3000030517578,142.8183135986328,58718,0.0,0.0
2022-12-21,144.9499969482422,152.39999389648438,143.89999389648438,145.85000610351562,144.35240173339844,311102,0.0,0.0
2022-12-22,146.89999389648438,147.9499969482422,138.0,138.60000610351562,137.17684936523438,178345,0.0,1.2
2022-12-23,139.1999969482422,140.6999969482422,128.1999969482422,130.35000610351562,129.0115509033203,186297,0.0,0.0
2022-12-26,131.0500030517578,136.39999389648438,131.0,134.3000030517578,132.92100524902344,104766,0.0,0.0
2022-12-27,135.3000030517578,139.5,135.10000610351562,135.5,134.10867309570312,151540,0.0,0.0
2022-12-28,135.0,149.0,134.14999389648438,143.85000610351562,142.37294006347656,376331,0.0,0.0
2022-12-29,142.89999389648438,149.0,142.10000610351562,147.6999969482422,146.1833953857422,255712,0.0,0.0
2022-12-30,147.6999969482422,152.9499969482422,147.60000610351562,150.75,149.20208740234375,214082,0.0,0.0
2023-01-02,152.0,154.8000030517578,151.39999389648438,152.4499969482422,150.88461303710938,151869,0.0,0.0
2023-01-03,152.4499969482422,163.4499969482422,150.35000610351562,157.5,155.8827667236328,1200917,0.0,0.0
2023-01-04,156.3000030517578,162.4499969482422,154.0500030517578,160.25,158.6045379638672,511475,0.0,0.0
2023-01-05,159.0,162.0,154.8000030517578,156.25,154.64559936523438,146502,0.0,0.0
2023-01-06,157.0500030517578,166.0,156.39999389648438,162.14999389648438,160.48501586914062,500560,0.0,0.0
2023-01-09,164.89999389648438,168.0,160.1999969482422,161.60000610351562,159.94065856933594,242253,0.0,0.0
2023-01-10,160.5,165.0,159.0500030517578,163.85000610351562,162.16757202148438,177659,0.0,0.0
2023-01-11,164.0,167.0,161.85000610351562,163.25,161.57371520996094,139362,0.0,0.0
2023-01-12,162.14999389648438,164.4499969482422,155.5,157.75,156.1302032470703,358833,0.0,0.0
2023-01-13,158.0,162.6999969482422,155.5,161.4499969482422,159.79220581054688,113776,0.0,0.0
2023-01-16,161.5,163.1999969482422,154.4499969482422,155.35000610351562,153.75485229492188,479000,0.0,0.0
2023-01-17,156.25,163.60000610351562,155.64999389648438,159.35000610351562,157.71377563476562,217195,0.0,0.0
2023-01-18,157.0,159.0,151.0500030517578,155.64999389648438,154.0517578125,612341,0.0,0.0
2023-01-19,155.64999389648438,157.8000030517578,152.0500030517578,153.5500030517578,151.9733428955078,135014,0.0,0.0
2023-01-20,152.0500030517578,156.0,152.0500030517578,154.5500030517578,152.9630584716797,97471,0.0,0.0
2023-01-23,155.35000610351562,158.89999389648438,154.14999389648438,157.10000610351562,155.4868927001953,105543,0.0,0.0
2023-01-24,157.4499969482422,159.1999969482422,152.39999389648438,154.25,152.66615295410156,111911,0.0,0.0
2023-01-25,155.0500030517578,155.5,145.60000610351562,149.10000610351562,147.56903076171875,231987,0.0,0.0
2023-01-27,149.4499969482422,151.0,141.35000610351562,142.89999389648438,141.43267822265625,179404,0.0,0.0
2023-01-30,143.5,148.5500030517578,142.35000610351562,145.89999389648438,144.40187072753906,147502,0.0,0.0
2023-01-31,144.1999969482422,150.0500030517578,144.1999969482422,148.60000610351562,147.07415771484375,163659,0.0,0.0
2023-02-01,149.0,151.89999389648438,140.5500030517578,141.9499969482422,140.492431640625,221688,0.0,0.0
2023-02-02,141.9499969482422,143.5,134.10000610351562,139.64999389648438,138.21604919433594,192088,0.0,0.0
2023-02-03,140.9499969482422,142.1999969482422,135.35000610351562,140.1999969482422,138.76039123535156,159959,0.0,0.0
2023-02-06,140.14999389648438,143.10000610351562,139.0500030517578,142.0500030517578,140.59141540527344,83123,0.0,0.0
2023-02-07,142.35000610351562,142.4499969482422,136.4499969482422,136.9499969482422,135.5437774658203,128012,0.0,0.0
2023-02-08,137.60000610351562,143.9499969482422,137.0500030517578,142.8000030517578,141.33370971679688,180506,0.0,0.0
2023-02-09,142.8000030517578,145.6999969482422,140.5500030517578,142.64999389648438,141.18524169921875,99056,0.0,0.0
2023-02-10,142.1999969482422,144.14999389648438,139.4499969482422,140.75,139.3047637939453,108611,0.0,0.0
2023-02-13,140.1999969482422,140.64999389648438,136.6999969482422,138.1999969482422,136.78094482421875,40382,0.0,0.0
2023-02-14,138.89999389648438,139.5,135.1999969482422,136.1999969482422,134.80148315429688,85565,0.0,0.0
2023-02-15,136.85000610351562,139.8000030517578,135.4499969482422,136.35000610351562,134.94993591308594,42707,0.0,0.0
2023-02-16,140.5,144.60000610351562,135.14999389648438,137.14999389648438,135.74172973632812,235711,0.0,0.0
2023-02-17,137.85000610351562,139.8000030517578,136.35000610351562,137.3000030517578,135.8901824951172,68002,0.0,0.0
2023-02-20,139.0,139.35000610351562,136.14999389648438,136.8000030517578,135.39532470703125,30533,0.0,0.0
2023-02-21,136.75,137.6999969482422,131.0500030517578,132.14999389648438,130.7930450439453,181412,0.0,0.0
2023-02-22,132.0,133.6999969482422,128.60000610351562,129.4499969482422,128.12078857421875,75607,0.0,0.0
2023-02-23,129.4499969482422,130.9499969482422,127.4499969482422,129.25,127.92283630371094,37833,0.0,0.0
2023-02-24,129.3000030517578,130.6999969482422,127.3499984741211,128.10000610351562,126.78466033935548,49085,0.0,0.0
2023-02-27,127.8000030517578,128.0,123.5,124.25,122.97418212890624,50295,0.0,0.0
2023-02-28,124.5,125.6500015258789,123.0,123.25,121.98445129394533,39107,0.0,0.0
2023-03-01,123.25,127.75,123.1999969482422,126.6500015258789,125.34954071044922,184148,0.0,0.0
2023-03-02,127.25,128.35000610351562,125.3499984741211,127.0500030517578,125.74543762207033,33910,0.0,0.0
2023-03-03,127.6999969482422,130.9499969482422,127.25,130.0500030517578,128.71463012695312,79918,0.0,0.0
2023-03-06,130.75,134.0,128.1999969482422,130.35000610351562,129.0115509033203,203384,0.0,0.0
2023-03-08,131.0500030517578,131.4499969482422,128.5500030517578,129.0,127.67540740966795,27067,0.0,0.0
2023-03-09,129.64999389648438,131.6999969482422,128.6999969482422,130.39999389648438,129.06101989746094,69453,0.0,0.0
2023-03-10,130.1999969482422,135.39999389648438,129.0,129.5,128.17027282714844,224710,0.0,0.0
2023-03-13,129.0,131.64999389648438,124.25,124.8000030517578,123.51853942871094,101951,0.0,0.0
2023-03-14,125.4000015258789,125.4000015258789,123.1999969482422,124.3499984741211,123.07315063476562,44928,0.0,0.0
2023-03-15,126.1999969482422,129.0,124.25,126.5500030517578,125.25057220458984,58358,0.0,0.0
2023-03-16,126.5500030517578,126.6500015258789,124.0,124.3000030517578,123.02367401123048,34974,0.0,0.0
2023-03-17,124.9499969482422,127.9499969482422,124.0,124.6500015258789,123.37007904052734,78807,0.0,0.0
2023-03-20,123.9499969482422,124.6999969482422,122.0,122.8499984741211,121.58856201171876,59320,0.0,0.0
2023-03-21,123.4499969482422,124.6500015258789,122.1999969482422,122.6500015258789,121.39061737060548,31544,0.0,0.0
2023-03-22,123.3000030517578,125.4499969482422,122.0500030517578,123.8499984741211,122.57828521728516,58645,0.0,0.0
2023-03-23,124.0,124.9499969482422,121.0500030517578,121.8000030517578,120.54934692382812,32397,0.0,0.0
2023-03-24,121.8000030517578,123.0500030517578,119.9499969482422,120.8499984741211,119.60909271240234,66090,0.0,0.0
2023-03-27,121.0,121.5,115.0,116.0500030517578,114.85838317871094,70844,0.0,0.0
2023-03-28,116.6500015258789,119.5999984741211,116.0,116.8499984741211,115.65016174316406,760847,0.0,0.0
2023-03-29,122.4000015258789,132.0,122.1500015258789,130.1999969482422,128.8630828857422,804315,0.0,0.0
2023-03-31,133.5,137.4499969482422,131.0,134.1999969482422,132.82200622558594,413326,0.0,0.0
2023-04-03,134.1999969482422,142.5,134.1999969482422,141.10000610351562,139.6511688232422,285438,0.0,0.0
2023-04-05,141.0,146.9499969482422,139.5,144.35000610351562,142.8677978515625,226146,0.0,0.0
2023-04-06,143.0,144.5,140.1999969482422,141.0,139.5522003173828,100005,0.0,0.0
2023-04-10,141.1999969482422,147.60000610351562,141.1999969482422,144.85000610351562,143.3626708984375,190124,0.0,0.0
2023-04-11,143.10000610351562,149.6999969482422,143.10000610351562,146.35000610351562,144.84725952148438,174051,0.0,0.0
2023-04-12,147.8000030517578,152.10000610351562,144.0500030517578,146.10000610351562,144.59982299804688,160895,0.0,0.0
2023-04-13,146.39999389648438,151.0,146.0500030517578,148.9499969482422,147.42054748535156,134128,0.0,0.0
2023-04-17,147.5,151.0,145.5,146.6999969482422,145.19366455078125,104452,0.0,0.0
2023-04-18,146.3000030517578,147.8000030517578,144.64999389648438,145.60000610351562,144.10496520996094,61975,0.0,0.0
2023-04-19,146.8000030517578,148.6999969482422,145.35000610351562,147.6999969482422,146.1833953857422,55974,0.0,0.0
2023-04-20,147.1999969482422,152.0,146.8000030517578,149.35000610351562,147.81646728515625,100503,0.0,0.0
2023-04-21,148.6999969482422,149.1999969482422,145.25,146.5500030517578,145.0452117919922,74257,0.0,0.0
2023-04-24,146.39999389648438,150.0,144.0,145.0500030517578,143.56060791015625,54976,0.0,0.0
2023-04-25,145.25,146.89999389648438,142.5500030517578,143.39999389648438,141.92755126953125,56756,0.0,0.0
2023-04-26,143.35000610351562,144.1999969482422,141.10000610351562,141.75,140.29449462890625,65314,0.0,0.0
2023-04-27,141.64999389648438,144.4499969482422,141.64999389648438,143.60000610351562,142.12550354003906,53133,0.0,0.0
2023-04-28,144.35000610351562,145.8000030517578,143.14999389648438,144.35000610351562,142.8677978515625,95969,0.0,0.0
2023-05-02,143.6999969482422,149.0,143.4499969482422,144.10000610351562,142.62037658691406,110262,0.0,0.0
2023-05-03,143.0,143.39999389648438,137.8000030517578,138.4499969482422,137.0283660888672,127040,0.0,0.0
2023-05-04,139.14999389648438,139.35000610351562,137.0,138.0,136.58299255371094,161999,0.0,0.0
2023-05-05,138.39999389648438,143.1999969482422,138.0,141.4499969482422,139.99757385253906,125182,0.0,0.0
2023-05-08,142.0,142.89999389648438,138.5500030517578,140.5500030517578,139.1068115234375,88336,0.0,0.0
2023-05-09,140.0,141.9499969482422,136.3000030517578,136.85000610351562,135.44480895996094,136525,0.0,0.0
2023-05-10,137.5500030517578,139.3000030517578,136.8000030517578,138.10000610351562,136.68197631835938,51264,0.0,0.0
2023-05-11,138.9499969482422,139.85000610351562,137.25,138.35000610351562,136.92941284179688,43787,0.0,0.0
2023-05-12,137.64999389648438,142.75,137.64999389648438,141.35000610351562,139.8986053466797,108162,0.0,0.0
2023-05-15,142.0,143.39999389648438,139.5500030517578,141.8000030517578,140.34397888183594,115253,0.0,0.0
2023-05-16,141.8000030517578,146.5,141.5500030517578,145.25,143.75856018066406,315556,0.0,0.0
2023-05-17,146.0,149.9499969482422,145.35000610351562,148.64999389648438,147.12364196777344,229828,0.0,0.0
2023-05-18,149.8000030517578,152.5,135.25,137.60000610351562,136.18710327148438,878711,0.0,0.0
2023-05-19,139.39999389648438,142.0500030517578,137.3000030517578,138.10000610351562,136.68197631835938,192526,0.0,0.0
2023-05-22,137.9499969482422,140.8000030517578,137.0,139.89999389648438,138.46348571777344,60813,0.0,0.0
2023-05-23,140.60000610351562,140.89999389648438,136.1999969482422,136.64999389648438,135.24684143066406,107469,0.0,0.0
2023-05-24,137.35000610351562,138.10000610351562,135.0,135.60000610351562,134.2076416015625,95280,0.0,0.0
2023-05-25,136.3000030517578,138.0,135.0500030517578,136.10000610351562,134.7025146484375,56869,0.0,0.0
2023-05-26,135.89999389648438,137.6999969482422,135.39999389648438,136.39999389648438,134.99942016601562,39751,0.0,0.0
2023-05-29,136.85000610351562,137.75,136.1999969482422,136.75,135.34584045410156,38423,0.0,0.0
2023-05-30,137.4499969482422,140.14999389648438,136.9499969482422,138.60000610351562,137.17684936523438,110005,0.0,0.0
2023-05-31,138.1999969482422,138.60000610351562,136.5,136.8000030517578,135.39532470703125,52393,0.0,0.0
2023-06-01,137.5,139.89999389648438,136.5500030517578,139.4499969482422,138.01809692382812,49370,0.0,0.0
2023-06-02,140.89999389648438,145.0,139.9499969482422,144.35000610351562,142.8677978515625,225984,0.0,0.0
2023-06-05,145.10000610351562,149.39999389648438,143.3000030517578,144.6999969482422,143.2141876220703,217791,0.0,0.0
2023-06-06,145.4499969482422,145.5,142.5500030517578,143.5500030517578,142.0760040283203,38107,0.0,0.0
2023-06-07,144.25,146.6999969482422,141.9499969482422,145.10000610351562,143.61009216308594,123537,0.0,0.0
2023-06-08,144.64999389648438,148.5,140.60000610351562,142.0500030517578,140.59141540527344,183721,0.0,0.0
2023-06-09,142.60000610351562,143.35000610351562,141.35000610351562,141.89999389648438,140.4429473876953,31612,0.0,0.0
2023-06-12,140.0500030517578,144.3000030517578,140.0500030517578,143.1999969482422,141.72959899902344,81761,0.0,0.0
2023-06-13,143.89999389648438,145.89999389648438,142.89999389648438,144.10000610351562,142.62037658691406,92306,0.0,0.0
2023-06-14,143.10000610351562,145.0,142.10000610351562,143.0500030517578,141.58114624023438,89960,0.0,0.0
2023-06-15,143.8000030517578,147.6999969482422,143.39999389648438,144.1999969482422,142.71932983398438,209276,0.0,0.0
2023-06-16,144.9499969482422,162.0,144.1999969482422,152.8000030517578,151.23101806640625,1778523,0.0,0.0
2023-06-19,153.85000610351562,164.0,151.89999389648438,160.39999389648438,158.7529754638672,1096722,0.0,0.0
2023-06-20,160.39999389648438,165.60000610351562,160.39999389648438,162.39999389648438,160.73245239257812,554512,0.0,0.0
2023-06-21,163.1999969482422,173.0,161.9499969482422,169.9499969482422,168.20492553710938,1356241,0.0,0.0
2023-06-22,171.0500030517578,174.0,163.6999969482422,166.75,165.03778076171875,515498,0.0,0.0
2023-06-23,167.4499969482422,172.8000030517578,162.39999389648438,167.89999389648438,166.17596435546875,419968,0.0,0.0
2023-06-26,168.9499969482422,175.25,168.0500030517578,171.4499969482422,169.6895294189453,461449,0.0,0.0
2023-06-27,172.39999389648438,174.0,166.39999389648438,167.5500030517578,165.82957458496094,394191,0.0,0.0
2023-06-28,170.60000610351562,181.0,170.14999389648438,172.14999389648438,170.38233947753906,1577747,0.0,0.0
2023-06-30,173.0,173.3000030517578,168.5,169.35000610351562,167.61109924316406,264915,0.0,0.0
2023-07-03,170.14999389648438,191.8999938964844,169.35000610351562,183.3500061035156,181.46734619140625,2865652,0.0,0.0
2023-07-04,184.0,187.6999969482422,178.10000610351562,179.6999969482422,177.8548126220703,874957,0.0,0.0
2023-07-05,180.5,180.9499969482422,173.5,175.85000610351562,174.04434204101562,599409,0.0,0.0
2023-07-06,177.5,186.6499938964844,175.9499969482422,183.3999938964844,181.51681518554688,764617,0.0,0.0
2023-07-07,183.5,186.3000030517578,180.0,181.1499938964844,179.2899169921875,264444,0.0,0.0
2023-07-10,181.6499938964844,182.0500030517578,176.14999389648438,177.5500030517578,175.72689819335938,151453,0.0,0.0
2023-07-11,178.39999389648438,180.1499938964844,176.39999389648438,177.0,175.18252563476562,115826,0.0,0.0
2023-07-12,178.5,185.9499969482422,177.75,179.85000610351562,178.00328063964844,410533,0.0,0.0
2023-07-13,181.3000030517578,185.3000030517578,178.39999389648438,178.85000610351562,177.0135498046875,337978,0.0,0.0
2023-07-14,181.4499969482422,192.5,181.1499938964844,188.6499938964844,186.71290588378903,1318032,0.0,0.0
2023-07-17,190.5,197.9499969482422,189.0,189.4499969482422,187.50469970703125,836283,0.0,0.0
2023-07-18,190.3500061035156,191.4499969482422,183.1000061035156,185.4499969482422,183.5457763671875,473901,0.0,0.0
2023-07-19,187.0,190.5,179.25,184.5,182.60552978515625,375480,0.0,0.0
2023-07-20,187.8999938964844,192.0,183.0,189.0,187.059326171875,888016,0.0,0.0
2023-07-21,189.0,196.0,187.0,188.8000030517578,186.8613739013672,814158,0.0,0.0
2023-07-24,189.75,190.3000030517578,184.5500030517578,185.3000030517578,183.39730834960932,173205,0.0,0.0
2023-07-25,185.3000030517578,187.8000030517578,183.75,185.5,183.5952606201172,193250,0.0,0.0
2023-07-26,185.6999969482422,194.3999938964844,185.3500061035156,192.9499969482422,190.96876525878903,583938,0.0,0.0
2023-07-27,193.9499969482422,200.6000061035156,190.8000030517578,196.3500061035156,194.3338623046875,787443,0.0,0.0
2023-07-28,197.3000030517578,202.0,194.3999938964844,195.9499969482422,193.93795776367188,367075,0.0,0.0
2023-07-31,196.9499969482422,200.8999938964844,196.0,197.3000030517578,195.2740936279297,249429,0.0,0.0
2023-08-01,197.4499969482422,199.3000030517578,195.3999938964844,197.8000030517578,195.7689666748047,215739,0.0,0.0
2023-08-02,197.8000030517578,197.8999938964844,186.0,189.1499938964844,187.2077789306641,343365,0.0,0.0
2023-08-03,191.8000030517578,197.6999969482422,191.6499938964844,195.5500030517578,193.54205322265625,366840,0.0,0.0
2023-08-04,197.0,204.8999938964844,194.75,196.6000061035156,194.581283569336,409204,0.0,0.0
2023-08-07,200.0,206.0,198.0,198.6999969482422,196.6597137451172,553361,0.0,0.0
2023-08-08,198.1499938964844,200.6999969482422,196.5,198.6999969482422,197.8546142578125,464627,1.2,0.0
2023-08-09,199.4499969482422,200.0,194.0,194.8000030517578,193.97120666503903,221697,0.0,0.0
2023-08-10,196.6999969482422,200.8000030517578,193.0500030517578,195.3000030517578,194.46908569335932,758296,0.0,0.0
2023-08-11,196.25,197.0500030517578,192.5,193.6999969482422,192.8758850097656,418451,0.0,0.0
2023-08-14,193.0,193.0,185.3000030517578,187.1999969482422,186.40353393554688,245168,0.0,0.0
2023-08-16,186.5,191.8500061035156,185.1000061035156,187.6000061035156,186.8018493652344,401174,0.0,0.0
2023-08-17,188.8000030517578,192.1999969482422,186.8000030517578,190.1499938964844,189.3409881591797,197447,0.0,0.0
2023-08-18,190.5500030517578,195.75,190.5500030517578,194.1499938964844,193.323974609375,271984,0.0,0.0
2023-08-21,196.0,199.5,194.3000030517578,197.0500030517578,196.21163940429688,1350307,0.0,0.0
2023-08-22,198.0,225.0,198.0,217.4499969482422,216.5248413085937,3670709,0.0,0.0
2023-08-23,219.6999969482422,226.6999969482422,215.1999969482422,216.5500030517578,215.6286773681641,1124989,0.0,0.0
2023-08-24,217.8500061035156,227.6999969482422,214.0,215.5500030517578,214.6329345703125,1229225,0.0,0.0
2023-08-25,215.5500030517578,225.0,214.1999969482422,222.3999938964844,221.4537811279297,1799030,0.0,0.0
2023-08-28,223.9499969482422,235.3500061035156,218.6499938964844,230.6000061035156,229.618896484375,1843007,0.0,0.0
2023-08-29,232.1000061035156,232.8000030517578,225.1999969482422,228.6000061035156,227.62741088867188,777575,0.0,0.0
2023-08-30,229.0500030517578,232.6499938964844,225.0,226.5,225.5363311767578,486464,0.0,0.0
2023-08-31,227.0,247.3000030517578,226.75,243.3999938964844,242.3644256591797,2690080,0.0,0.0
2023-09-01,243.8000030517578,251.3000030517578,241.1999969482422,244.8500061035156,243.8082733154297,1304261,0.0,0.0
2023-09-04,244.0,246.6999969482422,236.3500061035156,237.3999938964844,236.38995361328125,527032,0.0,0.0
2023-09-05,239.0,258.79998779296875,239.0,254.1499938964844,253.06869506835932,2646129,0.0,0.0
2023-09-06,256.0,258.0,247.25,252.9499969482422,251.8737945556641,829166,0.0,0.0
2023-09-07,250.5500030517578,261.5,250.5500030517578,257.0,255.9065704345703,1051084,0.0,0.0
2023-09-08,257.0,259.3500061035156,252.8500061035156,255.1499938964844,254.0644378662109,374016,0.0,0.0
2023-09-11,255.1000061035156,261.6499938964844,254.0500030517578,257.0,255.9065704345703,587924,0.0,0.0
2023-09-12,255.25,258.95001220703125,235.0,236.6000061035156,235.59336853027344,829722,0.0,0.0
2023-09-13,238.9499969482422,244.6999969482422,229.5,232.3000030517578,231.3116607666016,535161,0.0,0.0
2023-09-14,235.0,248.0,234.1000061035156,241.6000061035156,240.5720977783203,575907,0.0,0.0
2023-09-15,242.9499969482422,244.9499969482422,236.0,238.3000030517578,237.2861328125,297669,0.0,0.0
2023-09-18,237.9499969482422,240.8000030517578,233.0,235.0500030517578,234.04995727539065,193442,0.0,0.0
2023-09-20,233.0,237.25,231.1499938964844,233.8999938964844,232.90484619140625,191212,0.0,0.0
2023-09-21,233.5500030517578,237.3999938964844,228.1499938964844,229.8000030517578,228.82229614257807,194608,0.0,0.0
2023-09-22,229.0,234.0,225.8999938964844,227.8000030517578,226.830810546875,983523,0.0,0.0
2023-09-25,228.6000061035156,238.0500030517578,225.8000030517578,233.8000030517578,232.80528259277344,420377,0.0,0.0
2023-09-26,233.0,238.0,231.6000061035156,235.0,234.0001678466797,203810,0.0,0.0
2023-09-27,235.0,242.6999969482422,234.0,239.3999938964844,238.38145446777344,258535,0.0,0.0
2023-09-28,240.0,242.0,232.5500030517578,234.3000030517578,233.3031616210937,221689,0.0,0.0
2023-09-29,235.8000030517578,240.0,235.1999969482422,237.8500061035156,236.8380584716797,150189,0.0,0.0
2023-10-03,238.0,240.8000030517578,232.9499969482422,235.0500030517578,234.04995727539065,156342,0.0,0.0
2023-10-04,234.8999938964844,235.3999938964844,229.0,232.0500030517578,231.062728881836,143341,0.0,0.0
2023-10-05,232.0,241.3999938964844,231.1999969482422,235.8999938964844,234.89633178710932,278560,0.0,0.0
2023-10-06,235.9499969482422,254.3999938964844,235.8000030517578,249.0500030517578,247.9904022216797,1025885,0.0,0.0
2023-10-09,244.0,247.6999969482422,236.3999938964844,238.1499938964844,237.1367645263672,277610,0.0,0.0
2023-10-10,241.0,245.0,238.1000061035156,241.3500061035156,240.3231658935547,227290,0.0,0.0
2023-10-11,242.1999969482422,271.0,242.1999969482422,259.6499938964844,258.5452880859375,2608643,0.0,0.0
2023-10-12,262.45001220703125,288.8999938964844,260.20001220703125,282.3999938964844,281.198486328125,2322182,0.0,0.0
2023-10-13,285.0,292.8500061035156,271.0,275.54998779296875,274.37762451171875,2306509,0.0,0.0
2023-10-16,276.0,278.04998779296875,267.79998779296875,268.8500061035156,267.7061767578125,536466,0.0,0.0
2023-10-17,270.45001220703125,274.95001220703125,263.70001220703125,265.8500061035156,264.71893310546875,359258,0.0,0.0
2023-10-18,266.6000061035156,270.20001220703125,258.0,259.1000061035156,257.9976501464844,380044,0.0,0.0
2023-10-19,259.1000061035156,271.04998779296875,257.45001220703125,265.1000061035156,263.9721069335937,486265,0.0,0.0
2023-10-20,265.8999938964844,267.8999938964844,257.6499938964844,259.79998779296875,258.69464111328125,215461,0.0,0.0
2023-10-23,257.5,259.95001220703125,238.1999969482422,240.8000030517578,239.77549743652344,478647,0.0,0.0
2023-10-25,241.1000061035156,247.8000030517578,230.3000030517578,240.0,238.97889709472656,510049,0.0,0.0
2023-10-26,239.6999969482422,244.0,230.0,241.3999938964844,240.37294006347656,334894,0.0,0.0
2023-10-27,243.6000061035156,268.8999938964844,243.3999938964844,260.54998779296875,259.44146728515625,2020173,0.0,0.0
2023-10-30,262.3999938964844,265.8500061035156,256.6499938964844,263.3500061035156,262.22955322265625,567068,0.0,0.0
2023-10-31,264.79998779296875,288.45001220703125,261.54998779296875,285.8999938964844,284.6836242675781,2743801,0.0,0.0
2023-11-01,286.20001220703125,292.79998779296875,277.6000061035156,279.29998779296875,278.1116943359375,1128919,0.0,0.0
2023-11-02,282.0,290.0,279.3999938964844,285.3999938964844,284.18572998046875,1671641,0.0,0.0
2023-11-03,287.75,301.0,287.5,291.79998779296875,290.5585021972656,1384406,0.0,0.0
2023-11-06,295.0,298.29998779296875,288.25,290.70001220703125,289.46319580078125,640397,0.0,0.0
2023-11-07,292.0,293.8999938964844,288.29998779296875,290.29998779296875,289.0648803710937,487734,0.0,0.0
2023-11-08,291.8999938964844,295.54998779296875,285.5,288.6000061035156,287.37213134765625,331679,0.0,0.0
2023-11-09,289.04998779296875,291.0,283.29998779296875,286.6000061035156,285.3806457519531,208631,0.0,0.0
2023-11-10,286.70001220703125,293.95001220703125,286.0,288.6499938964844,287.4219055175781,404617,0.0,0.0
2023-11-13,288.6000061035156,294.3999938964844,285.6000061035156,287.1499938964844,285.92828369140625,361835,0.0,0.0
2023-11-15,287.6499938964844,301.8999938964844,286.6499938964844,293.95001220703125,292.6993713378906,945267,0.0,0.0
2023-11-16,294.5,295.70001220703125,287.04998779296875,292.6499938964844,291.4048767089844,478458,0.0,0.0
2023-11-17,291.8999938964844,295.75,287.29998779296875,289.8999938964844,288.6665954589844,275553,0.0,0.0
2023-11-20,290.8999938964844,304.1000061035156,289.1499938964844,293.1000061035156,291.8529968261719,1231445,0.0,0.0
2023-11-21,295.3999938964844,320.0,293.75,317.5,316.149169921875,2732009,0.0,0.0
2023-11-22,319.75,323.6000061035156,307.8999938964844,311.1499938964844,309.826171875,765211,0.0,0.0
2023-11-23,313.0,318.70001220703125,306.1000061035156,308.29998779296875,306.9883117675781,457361,0.0,0.0
2023-11-24,309.79998779296875,319.0,309.75,317.6000061035156,316.2487487792969,587266,0.0,0.0
2023-11-28,319.45001220703125,324.0,315.54998779296875,320.95001220703125,319.5845031738281,560342,0.0,0.0
2023-11-29,320.95001220703125,327.3500061035156,301.25,307.20001220703125,305.8930053710937,859518,0.0,0.0
2023-11-30,309.45001220703125,315.8500061035156,303.6000061035156,306.54998779296875,305.2457580566406,434548,0.0,0.0
2023-12-01,308.0,314.0,306.5,307.45001220703125,306.1419372558594,296928,0.0,0.0
2023-12-04,311.0,312.5,300.3500061035156,302.95001220703125,301.6611022949219,350957,0.0,0.0
2023-12-05,304.45001220703125,309.3999938964844,288.6499938964844,289.8500061035156,288.6168212890625,887847,0.0,0.0
2023-12-06,291.79998779296875,295.70001220703125,286.6000061035156,290.6000061035156,289.3636169433594,486038,0.0,0.0
2023-12-07,290.6499938964844,310.54998779296875,290.6499938964844,306.8999938964844,305.5942687988281,648417,0.0,0.0
2023-12-08,309.0,315.75,304.1000061035156,314.25,312.9129943847656,799976,0.0,0.0
2023-12-11,314.6000061035156,319.95001220703125,308.5,318.25,316.8959655761719,624069,0.0,0.0
2023-12-12,319.8999938964844,320.5,312.3999938964844,316.1499938964844,314.8049011230469,293367,0.0,0.0
2023-12-13,314.3500061035156,317.0,309.6499938964844,311.1000061035156,309.7763977050781,150163,0.0,0.0
2023-12-14,313.0,315.0,306.3500061035156,309.6499938964844,308.3325500488281,264741,0.0,0.0
2023-12-15,311.5,318.79998779296875,307.75,315.0,313.6598205566406,309578,0.0,0.0
2023-12-18,315.75,329.6000061035156,311.79998779296875,319.04998779296875,317.69256591796875,840220,0.0,0.0
2023-12-19,318.3999938964844,327.79998779296875,315.3500061035156,323.04998779296875,321.675537109375,347908,0.0,0.0
2023-12-20,324.70001220703125,326.04998779296875,292.29998779296875,299.8999938964844,298.6240539550781,496488,0.0,0.0
2023-12-21,289.04998779296875,312.3999938964844,289.04998779296875,309.79998779296875,308.48193359375,517341,0.0,0.0
2023-12-22,311.95001220703125,313.6000061035156,304.8500061035156,307.5,306.19171142578125,174196,0.0,0.0
2023-12-26,308.5,314.0,306.1000061035156,308.6000061035156,307.2870483398437,181474,0.0,0.0
2023-12-27,309.5,313.6499938964844,304.54998779296875,306.75,305.4449157714844,204704,0.0,0.0
2023-12-28,309.5,312.0,299.75,302.45001220703125,301.1632080078125,180809,0.0,0.0
2023-12-29,303.0,307.95001220703125,300.79998779296875,302.6000061035156,301.31256103515625,188700,0.0,0.0
2024-01-01,303.8999938964844,307.70001220703125,299.1000061035156,300.45001220703125,299.1717224121094,166482,0.0,0.0
2024-01-02,300.45001220703125,303.1000061035156,295.8500061035156,298.20001220703125,296.9313049316406,184853,0.0,0.0
2024-01-03,299.70001220703125,311.3999938964844,298.54998779296875,304.95001220703125,303.652587890625,316337,0.0,0.0
2024-01-04,305.0,308.29998779296875,304.04998779296875,306.29998779296875,304.9967956542969,100484,0.0,0.0
2024-01-05,307.0,310.6000061035156,300.3999938964844,303.29998779296875,302.00958251953125,284626,0.0,0.0
2024-01-08,304.29998779296875,304.70001220703125,295.0,297.79998779296875,296.532958984375,181452,0.0,0.0
2024-01-09,299.95001220703125,305.95001220703125,298.8500061035156,300.8999938964844,299.6197814941406,208248,0.0,0.0
2024-01-10,301.3999938964844,303.75,296.25,298.8999938964844,297.6282958984375,98479,0.0,0.0
2024-01-11,299.0,308.0,297.1499938964844,306.6000061035156,305.2955627441406,239272,0.0,0.0
2024-01-12,308.8999938964844,313.3500061035156,299.20001220703125,301.54998779296875,300.2670288085937,202908,0.0,0.0
2024-01-15,303.8999938964844,305.5,300.1000061035156,301.79998779296875,300.5159606933594,115633,0.0,0.0
2024-01-16,303.0,304.95001220703125,295.75,296.79998779296875,295.5372314453125,179671,0.0,0.0
2024-01-17,294.6000061035156,299.70001220703125,292.3500061035156,293.20001220703125,291.9525756835937,173325,0.0,0.0
2024-01-18,293.0,306.0,287.1499938964844,304.20001220703125,302.90576171875,319466,0.0,0.0
2024-01-19,314.0,321.95001220703125,306.1499938964844,315.54998779296875,314.2074584960937,1175873,0.0,0.0
2024-01-23,318.3999938964844,319.70001220703125,298.6499938964844,300.45001220703125,299.1717224121094,213983,0.0,0.0
2024-01-24,301.04998779296875,339.5,299.70001220703125,313.6499938964844,312.3155517578125,633687,0.0,0.0
2024-01-25,315.0,317.1499938964844,308.0,309.8999938964844,308.5815124511719,130334,0.0,0.0
2024-01-29,310.0,313.70001220703125,306.1000061035156,307.6000061035156,306.2912902832031,130749,0.0,0.0
2024-01-30,308.95001220703125,314.3999938964844,303.3500061035156,305.20001220703125,303.9015197753906,116758,0.0,0.0
2024-01-31,305.20001220703125,315.1000061035156,304.0,307.75,306.4406433105469,162210,0.0,0.0
2024-02-01,310.20001220703125,316.79998779296875,305.6000061035156,312.45001220703125,311.12066650390625,240483,0.0,0.0
2024-02-02,313.8999938964844,317.95001220703125,307.0,308.20001220703125,306.8887634277344,240781,0.0,0.0
2024-02-05,308.20001220703125,332.0,308.20001220703125,316.3500061035156,315.0040588378906,657527,0.0,0.0
2024-02-06,318.29998779296875,328.95001220703125,316.95001220703125,320.70001220703125,319.3355712890625,376066,0.0,0.0
2024-02-07,321.8999938964844,330.0,308.04998779296875,311.45001220703125,310.1249084472656,742385,0.0,0.0
2024-02-08,311.45001220703125,315.3999938964844,302.1499938964844,303.95001220703125,302.6568298339844,244438,0.0,0.0
2024-02-09,304.0,307.1499938964844,293.5,295.79998779296875,294.5414733886719,264353,0.0,0.0
2024-02-12,295.95001220703125,307.0,288.0,290.75,289.5129699707031,271227,0.0,0.0
2024-02-13,291.6499938964844,296.3999938964844,287.79998779296875,293.1499938964844,291.9027709960937,150277,0.0,0.0
2024-02-14,290.8999938964844,301.0,289.20001220703125,300.04998779296875,298.7734069824219,144155,0.0,0.0
2024-02-15,303.95001220703125,306.75,295.1499938964844,297.95001220703125,296.682373046875,193329,0.0,0.0
2024-02-16,297.95001220703125,304.29998779296875,297.1000061035156,298.95001220703125,297.6781005859375,132103,0.0,0.0
2024-02-19,300.75,303.6000061035156,298.95001220703125,302.75,301.4619140625,77232,0.0,0.0
2024-02-20,303.75,305.8999938964844,296.04998779296875,297.8999938964844,296.632568359375,160041,0.0,0.0
2024-02-21,299.29998779296875,301.70001220703125,292.3500061035156,293.79998779296875,292.54998779296875,125710,0.0,0.0
2024-02-22,293.1000061035156,302.0,289.1000061035156,296.1000061035156,294.8402099609375,189750,0.0,0.0
2024-02-23,298.20001220703125,300.0,293.25,295.1000061035156,293.844482421875,99506,0.0,0.0
2024-02-26,296.6000061035156,296.6000061035156,292.0,293.25,292.0023498535156,83886,0.0,0.0
2024-02-27,290.0,292.3999938964844,281.29998779296875,287.04998779296875,285.8287048339844,490943,0.0,0.0
2024-02-28,287.0,289.5,277.3500061035156,279.5,278.31085205078125,158755,0.0,0.0
2024-02-29,280.0,282.70001220703125,260.79998779296875,269.29998779296875,268.1542358398437,464738,0.0,0.0
2024-03-01,269.29998779296875,275.8500061035156,264.75,266.79998779296875,265.66485595703125,235287,0.0,0.0
2024-03-04,266.8500061035156,269.79998779296875,253.1999969482422,255.1000061035156,254.01466369628903,464175,0.0,0.0
2024-03-05,256.45001220703125,262.70001220703125,244.6999969482422,246.3000030517578,245.25210571289065,484905,0.0,0.0
2024-03-06,247.0500030517578,250.8999938964844,239.75,248.0,246.9448699951172,494025,0.0,0.0
2024-03-07,249.0,250.0,245.6999969482422,248.5500030517578,247.49252319335932,110447,0.0,0.0
2024-03-11,249.9499969482422,253.6499938964844,237.1499938964844,238.9499969482422,237.9333648681641,273792,0.0,0.0
2024-03-12,240.0,244.8500061035156,227.8999938964844,230.0,229.02145385742188,330869,0.0,0.0
2024-03-13,236.0,243.8500061035156,210.3500061035156,215.8500061035156,214.93165588378903,717144,0.0,0.0
2024-03-14,216.5,237.1999969482422,215.8999938964844,231.1499938964844,230.1665496826172,287949,0.0,0.0
2024-03-15,230.8000030517578,234.1499938964844,223.5500030517578,232.0500030517578,231.062728881836,241401,0.0,0.0
2024-03-18,232.9499969482422,235.5,229.9499969482422,230.6999969482422,229.7184600830078,119135,0.0,0.0
2024-03-19,230.9499969482422,244.8500061035156,227.6000061035156,234.3000030517578,233.3031616210937,321705,0.0,0.0
2024-03-20,235.3999938964844,237.0500030517578,230.5,234.0,233.00442504882807,123954,0.0,0.0
2024-03-21,234.6000061035156,243.9499969482422,234.0,239.0,237.983154296875,218678,0.0,0.0
2024-03-22,238.75,245.3999938964844,238.3999938964844,242.9499969482422,241.91635131835932,154274,0.0,0.0
2024-03-26,247.8500061035156,250.0,240.0,243.3000030517578,242.26486206054688,404547,0.0,0.0
2024-03-27,244.0,245.8999938964844,240.5500030517578,241.6499938964844,240.6218719482422,232412,0.0,0.0
2024-03-28,241.6000061035156,243.25,236.3999938964844,239.1000061035156,238.08273315429688,186107,0.0,0.0
2024-04-01,240.25,251.1000061035156,240.0,244.9499969482422,243.9078369140625,479377,0.0,0.0
2024-04-02,245.6999969482422,254.25,243.9499969482422,248.0,246.9448699951172,270475,0.0,0.0
2024-04-03,248.8999938964844,268.70001220703125,247.0,262.70001220703125,261.58233642578125,629258,0.0,0.0
2024-04-04,264.1000061035156,270.70001220703125,262.29998779296875,266.1000061035156,264.9678649902344,336255,0.0,0.0
2024-04-05,266.0,274.70001220703125,264.1000061035156,267.3999938964844,266.2623291015625,311738,0.0,0.0
2024-04-08,274.1000061035156,288.0,274.1000061035156,282.1000061035156,280.8997802734375,1027054,0.0,0.0
2024-04-09,283.79998779296875,294.0,275.6499938964844,281.54998779296875,280.35211181640625,247027,0.0,0.0
2024-04-10,282.8999938964844,283.6000061035156,274.5,282.04998779296875,280.8499755859375,190889,0.0,0.0
2024-04-12,280.8500061035156,280.8500061035156,275.25,277.3999938964844,276.21978759765625,181813,0.0,0.0
2024-04-15,271.3500061035156,276.1499938964844,266.0,269.6499938964844,268.50274658203125,153531,0.0,0.0
2024-04-16,269.3999938964844,272.0,266.1499938964844,269.5,268.3533935546875,78856,0.0,0.0
2024-04-18,273.0,274.29998779296875,265.5,267.70001220703125,266.5610656738281,111792,0.0,0.0
2024-04-19,266.0,269.79998779296875,261.79998779296875,266.6499938964844,265.5155029296875,84611,0.0,0.0
2024-04-22,269.8999938964844,277.0,267.5,273.79998779296875,272.63507080078125,146268,0.0,0.0
2024-04-23,274.95001220703125,279.75,274.1000061035156,277.6499938964844,276.4687194824219,102964,0.0,0.0
2024-04-24,279.5,283.79998779296875,278.0,281.70001220703125,280.5014953613281,142915,0.0,0.0
2024-04-25,281.04998779296875,285.8999938964844,281.04998779296875,283.6000061035156,282.3934020996094,196620,0.0,0.0
2024-04-26,279.04998779296875,289.0,277.3500061035156,279.75,278.5597839355469,269871,0.0,0.0
2024-04-29,279.95001220703125,283.20001220703125,277.0,278.79998779296875,277.6138000488281,100717,0.0,0.0
2024-04-30,279.95001220703125,282.0,275.70001220703125,277.29998779296875,276.12017822265625,92958,0.0,0.0
2024-05-02,278.70001220703125,278.8500061035156,271.29998779296875,272.04998779296875,270.8925170898437,78316,0.0,0.0
2024-05-03,270.0,271.6000061035156,266.04998779296875,267.8999938964844,266.7601928710937,120942,0.0,0.0
2024-05-06,268.0,269.6499938964844,261.1000061035156,264.1000061035156,262.97637939453125,111749,0.0,0.0
2024-05-07,264.0,265.20001220703125,255.0,257.29998779296875,256.2052917480469,142684,0.0,0.0
2024-05-08,259.79998779296875,269.3999938964844,257.45001220703125,266.8500061035156,265.71466064453125,80749,0.0,0.0
2024-05-09,267.8999938964844,273.8999938964844,267.45001220703125,270.04998779296875,268.9010314941406,165687,0.0,0.0
2024-05-10,271.3999938964844,276.75,267.1499938964844,270.95001220703125,269.7972412109375,124269,0.0,0.0
2024-05-13,272.8999938964844,276.8500061035156,264.20001220703125,268.8500061035156,267.7061767578125,83972,0.0,0.0
2024-05-14,270.20001220703125,274.20001220703125,262.3500061035156,267.29998779296875,266.1627502441406,113124,0.0,0.0
2024-05-15,267.8999938964844,276.45001220703125,267.1499938964844,272.25,271.0917053222656,81974,0.0,0.0
2024-05-16,273.0,275.20001220703125,267.04998779296875,269.3999938964844,268.2538146972656,74948,0.0,0.0
2024-05-17,274.5,279.8999938964844,269.79998779296875,275.8500061035156,274.6763916015625,121793,0.0,0.0
2024-05-21,281.1000061035156,281.1000061035156,268.8500061035156,269.8999938964844,268.7516784667969,73680,0.0,0.0
2024-05-22,267.1499938964844,274.3999938964844,266.04998779296875,272.20001220703125,271.0419006347656,64221,0.0,0.0
2024-05-23,272.04998779296875,273.20001220703125,266.8500061035156,267.6000061035156,266.46148681640625,63244,0.0,0.0
2024-05-24,268.04998779296875,278.6499938964844,266.1000061035156,277.75,276.5682983398437,170657,0.0,0.0
2024-05-27,279.1000061035156,284.95001220703125,275.04998779296875,279.8500061035156,278.65936279296875,223485,0.0,0.0
2024-05-28,281.95001220703125,284.95001220703125,265.04998779296875,267.1000061035156,265.963623046875,798547,0.0,0.0
2024-05-29,265.0,271.95001220703125,260.0,270.29998779296875,269.14996337890625,237268,0.0,0.0
2024-05-30,270.0,272.8999938964844,265.0,265.8500061035156,264.71893310546875,90681,0.0,0.0
2024-05-31,266.0,270.0,256.6499938964844,258.20001220703125,257.1014709472656,239897,0.0,0.0
2024-06-03,261.95001220703125,269.75,260.0,264.54998779296875,263.4244384765625,151142,0.0,0.0
2024-06-04,264.54998779296875,265.8999938964844,227.1000061035156,243.9499969482422,242.9120941162109,367598,0.0,0.0
2024-06-05,249.9499969482422,268.70001220703125,242.0,261.20001220703125,260.0887145996094,219739,0.0,0.0
2024-06-06,263.79998779296875,268.20001220703125,261.5,262.70001220703125,261.58233642578125,65305,0.0,0.0
2024-06-07,262.95001220703125,276.0,262.95001220703125,271.79998779296875,270.6435852050781,163582,0.0,0.0
2024-06-10,272.0,283.0,271.20001220703125,280.25,279.0576477050781,289605,0.0,0.0
2024-06-11,278.29998779296875,287.20001220703125,276.5,280.6499938964844,279.4559326171875,212117,0.0,0.0
2024-06-12,280.6499938964844,286.0,277.0,282.20001220703125,280.9993591308594,127088,0.0,0.0
2024-06-13,282.25,286.20001220703125,278.20001220703125,280.6000061035156,279.4061584472656,184855,0.0,0.0
2024-06-14,281.5,291.95001220703125,277.8500061035156,285.5,284.2853088378906,380571,0.0,0.0
2024-06-18,286.8999938964844,287.5,278.6000061035156,282.3500061035156,281.1487121582031,156815,0.0,0.0
2024-06-19,280.54998779296875,282.3500061035156,274.54998779296875,275.1499938964844,273.9793395996094,130197,0.0,0.0
2024-06-20,274.8500061035156,280.95001220703125,274.20001220703125,279.54998779296875,278.3606262207031,80978,0.0,0.0
2024-06-21,279.6499938964844,285.0,275.0,276.54998779296875,275.3733825683594,180403,0.0,0.0
2024-06-24,273.6000061035156,279.0,272.95001220703125,276.20001220703125,275.02490234375,88601,0.0,0.0
2024-06-25,273.70001220703125,279.95001220703125,273.5,274.6499938964844,273.4814758300781,80800,0.0,0.0
2024-06-26,274.5,276.1499938964844,270.04998779296875,270.54998779296875,269.39892578125,172052,0.0,0.0
2024-06-27,270.79998779296875,272.95001220703125,265.04998779296875,269.04998779296875,267.9053039550781,91381,0.0,0.0
2024-06-28,269.0,271.5,265.3500061035156,266.79998779296875,265.66485595703125,64003,0.0,0.0
2024-07-01,268.1499938964844,273.29998779296875,267.3999938964844,272.3999938964844,271.2410583496094,63157,0.0,0.0
2024-07-02,274.29998779296875,281.95001220703125,269.3999938964844,271.45001220703125,270.29510498046875,178762,0.0,0.0
2024-07-03,272.8500061035156,280.0,272.6000061035156,276.45001220703125,275.2738342285156,167196,0.0,0.0
2024-07-04,278.8999938964844,280.95001220703125,276.5,277.70001220703125,276.5185241699219,97683,0.0,0.0
2024-07-05,278.0,314.0,278.0,310.5,309.178955078125,2699867,0.0,0.0
2024-07-08,316.04998779296875,325.0,292.0,296.79998779296875,295.5372314453125,2446393,0.0,0.0
2024-07-09,296.75,299.70001220703125,291.1000061035156,294.20001220703125,292.94830322265625,395670,0.0,0.0
2024-07-10,295.70001220703125,296.45001220703125,283.25,285.29998779296875,284.0861511230469,391067,0.0,0.0
2024-07-11,292.0,304.0,291.04998779296875,296.5,295.238525390625,788066,0.0,0.0
2024-07-12,296.54998779296875,297.8500061035156,287.1000061035156,287.8999938964844,286.67510986328125,198369,0.0,0.0
2024-07-15,285.0,289.6499938964844,281.29998779296875,284.3999938964844,283.19000244140625,1303553,0.0,0.0
2024-07-16,286.95001220703125,301.6499938964844,282.79998779296875,299.45001220703125,298.17596435546875,2031559,0.0,0.0
2024-07-18,300.79998779296875,301.6000061035156,287.6000061035156,291.45001220703125,290.21002197265625,1069343,0.0,0.0
2024-07-19,290.1000061035156,291.45001220703125,277.6499938964844,283.75,282.5427551269531,999720,0.0,0.0
2024-07-22,281.04998779296875,292.95001220703125,278.0,279.29998779296875,278.1116943359375,726477,0.0,0.0
2024-07-23,280.0,280.8999938964844,269.0,275.1000061035156,273.9295654296875,264275,0.0,0.0
2024-07-24,275.0,281.3500061035156,274.6499938964844,278.54998779296875,277.3648681640625,126610,0.0,0.0
2024-07-25,277.0,280.3500061035156,275.29998779296875,277.29998779296875,276.12017822265625,94169,0.0,0.0
2024-07-26,278.0,283.79998779296875,278.0,279.95001220703125,278.7589416503906,168596,0.0,0.0
2024-07-29,281.29998779296875,287.25,280.45001220703125,284.45001220703125,283.23980712890625,144136,0.0,0.0
2024-07-30,287.6499938964844,290.75,284.5,285.8999938964844,284.6836242675781,184835,0.0,0.0
2024-07-31,288.45001220703125,291.70001220703125,281.20001220703125,282.79998779296875,281.5968017578125,150706,0.0,0.0
2024-08-01,284.25,294.95001220703125,281.0,288.3500061035156,287.1231994628906,428940,0.0,0.0
2024-08-02,287.0,288.3500061035156,282.20001220703125,283.0,281.79595947265625,130495,0.0,0.0
2024-08-05,276.0,279.0,265.3999938964844,267.3500061035156,266.2125549316406,287470,0.0,0.0
2024-08-06,269.25,275.45001220703125,263.1000061035156,268.0,266.8597717285156,202294,0.0,0.0
2024-08-07,270.0,272.0,260.6000061035156,266.45001220703125,265.3163757324219,308883,0.0,0.0
2024-08-08,266.45001220703125,269.3500061035156,263.0,264.6000061035156,263.4742431640625,141649,0.0,0.0
2024-08-09,267.79998779296875,268.3999938964844,263.04998779296875,265.8999938964844,264.7687072753906,147316,0.0,0.0
2024-08-12,264.20001220703125,269.1499938964844,262.70001220703125,264.8500061035156,263.7231750488281,186676,0.0,0.0
2024-08-13,266.29998779296875,268.0,258.1499938964844,259.29998779296875,258.19677734375,137838,0.0,0.0
2024-08-14,263.20001220703125,263.20001220703125,248.75,252.8000030517578,251.7244415283203,291353,0.0,0.0
2024-08-16,254.1000061035156,266.8999938964844,254.1000061035156,265.75,264.6193542480469,165953,0.0,0.0
2024-08-19,267.0,269.0,263.8500061035156,265.54998779296875,264.4201965332031,118082,0.0,0.0
2024-08-20,265.1000061035156,274.04998779296875,265.1000061035156,272.1499938964844,270.9920959472656,192676,0.0,0.0
2024-08-21,272.1499938964844,276.1000061035156,269.3999938964844,273.54998779296875,272.3861389160156,120039,0.0,0.0
2024-08-22,274.0,275.79998779296875,272.5,274.79998779296875,273.6308288574219,55894,0.0,0.0
2024-08-23,276.29998779296875,281.0,271.6499938964844,273.8500061035156,272.68487548828125,197192,0.0,0.0
2024-08-26,273.8500061035156,275.95001220703125,271.70001220703125,274.25,273.08319091796875,114853,0.0,0.0
2024-08-27,275.1499938964844,280.0,273.0,273.95001220703125,272.78448486328125,133973,0.0,0.0
2024-08-28,273.8999938964844,280.0,273.1499938964844,273.75,272.5852966308594,95076,0.0,0.0
2024-08-29,274.75,275.75,268.5,270.95001220703125,269.7972412109375,114756,0.0,0.0
2024-08-30,271.8999938964844,274.6499938964844,270.29998779296875,271.79998779296875,270.6435852050781,66434,0.0,0.0
2024-09-02,271.5,274.0,270.0,271.3999938964844,270.24530029296875,66013,0.0,0.0
2024-09-03,272.20001220703125,277.45001220703125,270.3999938964844,271.70001220703125,270.5440368652344,70378,0.0,0.0
2024-09-04,269.20001220703125,276.0,268.45001220703125,273.1499938964844,271.98785400390625,223359,0.0,0.0
2024-09-05,274.5,285.25,273.5,282.54998779296875,281.3478698730469,223463,0.0,0.0
2024-09-06,282.3999938964844,287.20001220703125,276.5,278.75,277.56402587890625,129193,0.0,0.0
2024-09-09,278.3500061035156,279.95001220703125,273.1000061035156,274.95001220703125,273.7802124023437,88008,0.0,0.0
2024-09-10,276.3500061035156,286.6000061035156,275.70001220703125,282.0,280.8002014160156,216559,0.0,0.0
2024-09-11,281.8500061035156,291.8500061035156,279.20001220703125,281.20001220703125,280.0036315917969,339502,0.0,0.0
2024-09-12,280.04998779296875,297.8999938964844,280.04998779296875,284.79998779296875,283.5882873535156,501794,0.0,0.0
2024-09-13,286.8999938964844,288.8999938964844,282.0,282.75,281.5470275878906,152427,0.0,0.0
2024-09-16,284.0,288.79998779296875,283.45001220703125,286.75,285.5299987792969,115514,0.0,0.0
2024-09-17,286.75,296.0,284.3500061035156,286.29998779296875,285.0819091796875,400613,0.0,0.0
2024-09-18,288.0,288.95001220703125,281.0,282.04998779296875,280.8499755859375,143703,0.0,0.0
2024-09-19,282.25,284.70001220703125,272.79998779296875,274.29998779296875,274.29998779296875,102422,1.2,0.0
2024-09-20,278.6000061035156,285.29998779296875,278.6000061035156,282.8500061035156,282.8500061035156,184092,0.0,0.0
2024-09-23,283.0,284.95001220703125,280.45001220703125,281.04998779296875,281.04998779296875,58571,0.0,0.0
2024-09-24,281.04998779296875,284.75,280.29998779296875,281.5,281.5,66316,0.0,0.0
2024-09-25,280.0,284.3999938964844,276.1000061035156,277.5,277.5,186361,0.0,0.0
2024-09-26,278.5,279.95001220703125,273.6000061035156,275.1000061035156,275.1000061035156,89501,0.0,0.0
2024-09-27,276.1499938964844,278.5,273.25,274.6000061035156,274.6000061035156,53681,0.0,0.0
2024-09-30,272.0,281.8999938964844,269.5,280.25,280.25,134416,0.0,0.0
2024-10-01,280.0,282.5,278.29998779296875,280.8999938964844,280.8999938964844,57768,0.0,0.0
2024-10-03,276.0,278.1499938964844,270.1000061035156,272.75,272.75,68230,0.0,0.0
2024-10-04,272.0,277.45001220703125,264.04998779296875,271.1000061035156,271.1000061035156,104257,0.0,0.0
2024-10-07,272.0,273.5,256.6000061035156,257.8500061035156,257.8500061035156,192689,0.0,0.0
2024-10-08,258.0,263.75,256.79998779296875,261.0,261.0,92812,0.0,0.0
2024-10-09,261.1000061035156,270.04998779296875,261.1000061035156,264.8999938964844,264.8999938964844,47925,0.0,0.0
2024-10-10,266.25,271.70001220703125,265.0,266.70001220703125,266.70001220703125,64816,0.0,0.0
2024-10-11,266.70001220703125,269.79998779296875,262.0,263.5,263.5,76034,0.0,0.0
2024-10-14,263.6000061035156,265.0,258.3500061035156,259.20001220703125,259.20001220703125,87855,0.0,0.0
2024-10-15,259.20001220703125,261.70001220703125,254.5,257.79998779296875,257.79998779296875,161998,0.0,0.0
2024-10-16,257.1000061035156,263.70001220703125,256.1499938964844,257.6000061035156,257.6000061035156,162199,0.0,0.0
2024-10-17,258.1499938964844,261.95001220703125,258.0,259.70001220703125,259.70001220703125,72951,0.0,0.0
2024-10-18,257.95001220703125,260.0,255.6999969482422,259.0,259.0,30970,0.0,0.0
2024-10-21,260.0,261.1499938964844,255.0,256.45001220703125,256.45001220703125,46970,0.0,0.0
2024-10-22,255.4499969482422,256.25,241.4499969482422,243.0500030517578,243.0500030517578,124750,0.0,0.0
2024-10-23,244.3000030517578,245.9499969482422,237.9499969482422,242.1000061035156,242.1000061035156,95662,0.0,0.0
2024-10-24,242.5500030517578,249.0,241.3000030517578,248.25,248.25,58991,0.0,0.0
2024-10-25,248.25,248.4499969482422,231.6000061035156,238.0,238.0,116262,0.0,0.0
2024-10-28,241.5500030517578,267.6000061035156,236.25,257.54998779296875,257.54998779296875,173951,0.0,0.0
2024-10-29,254.0,263.0,251.0500030517578,261.6499938964844,261.6499938964844,97110,0.0,0.0
2024-10-30,261.1000061035156,264.70001220703125,238.0500030517578,243.3000030517578,243.3000030517578,774903,0.0,0.0
2024-10-31,240.3000030517578,248.6999969482422,234.8500061035156,236.1999969482422,236.1999969482422,346382,0.0,0.0
2024-11-01,238.8000030517578,240.38999938964844,238.69000244140625,239.5,239.5,28552,0.0,0.0
2024-11-04,239.5,239.9900054931641,225.0,226.3800048828125,226.3800048828125,300350,0.0,0.0
2024-11-05,227.5,233.8000030517578,224.0500030517578,231.42999267578125,231.42999267578125,186821,0.0,0.0
2024-11-06,232.0,237.0,228.1499938964844,235.47000122070312,235.47000122070312,218169,0.0,0.0
2024-11-07,236.6499938964844,237.5,231.8999938964844,232.6699981689453,232.6699981689453,115743,0.0,0.0
2024-11-08,232.0,232.58999633789065,220.8099975585937,223.77999877929688,223.77999877929688,191014,0.0,0.0
2024-11-11,224.0,224.13999938964844,218.0500030517578,218.8800048828125,218.8800048828125,167411,0.0,0.0
2024-11-12,222.1499938964844,224.6999969482422,218.0,219.3800048828125,219.3800048828125,124416,0.0,0.0
2024-11-13,219.3999938964844,219.75,209.5500030517578,210.58999633789065,210.58999633789065,198553,0.0,0.0
2024-11-14,211.6499938964844,220.0,209.009994506836,215.1999969482422,215.1999969482422,161903,0.0,0.0
2024-11-18,215.8000030517578,217.3000030517578,209.0,213.0,213.0,125175,0.0,0.0
2024-11-19,215.1499938964844,218.97999572753903,211.1000061035156,213.94000244140625,213.94000244140625,313253,0.0,0.0
2024-11-21,213.0,217.9499969482422,204.0500030517578,215.72999572753903,215.72999572753903,239224,0.0,0.0
2024-11-22,215.72999572753903,217.19000244140625,211.0399932861328,215.3300018310547,215.3300018310547,310371,0.0,0.0
2024-11-25,220.5,232.0,218.5800018310547,224.17999267578125,224.17999267578125,213934,0.0,0.0
2024-11-26,225.1000061035156,225.44000244140625,218.6000061035156,221.52999877929688,221.52999877929688,240602,0.0,0.0
2024-11-27,223.0,223.0,216.7400054931641,217.3500061035156,217.3500061035156,213939,0.0,0.0
2024-11-28,217.16000366210932,225.66000366210932,217.16000366210932,221.8800048828125,221.8800048828125,234530,0.0,0.0
2024-11-29,221.9499969482422,225.0,218.1499938964844,222.72999572753903,222.72999572753903,187120,0.0,0.0
2024-12-02,222.72999572753903,233.5,221.1199951171875,232.3999938964844,232.3999938964844,486936,0.0,0.0
2024-12-03,234.0,240.9499969482422,232.4499969482422,238.88999938964844,238.88999938964844,254617,0.0,0.0
2024-12-04,240.1000061035156,248.509994506836,239.1499938964844,243.3699951171875,243.3699951171875,514595,0.0,0.0
2024-12-05,243.0,246.25,238.8500061035156,242.27999877929688,242.27999877929688,190869,0.0,0.0
2024-12-06,240.0,247.3800048828125,239.44000244140625,244.7100067138672,244.7100067138672,201182,0.0,0.0
2024-12-09,245.0,251.009994506836,244.259994506836,247.6999969482422,247.6999969482422,186133,0.0,0.0
2024-12-10,248.6999969482422,249.38999938964844,245.1000061035156,246.3300018310547,246.3300018310547,78090,0.0,0.0
2024-12-11,245.0,248.6999969482422,243.1100006103516,244.47000122070312,244.47000122070312,164751,0.0,0.0
2024-12-12,243.0,247.759994506836,240.259994506836,242.2400054931641,242.2400054931641,79232,0.0,0.0
2024-12-13,240.0500030517578,243.6300048828125,235.1100006103516,241.3800048828125,241.3800048828125,116455,0.0,0.0
2024-12-16,242.1499938964844,243.4900054931641,238.1000061035156,239.8300018310547,239.8300018310547,84010,0.0,0.0
2024-12-17,239.8000030517578,241.33999633789065,234.9900054931641,235.42999267578125,235.42999267578125,79896,0.0,0.0
2024-12-18,235.42999267578125,238.7700042724609,231.0500030517578,232.9600067138672,232.9600067138672,135370,0.0,0.0
2024-12-19,228.1300048828125,233.9900054931641,228.1300048828125,231.5,231.5,93164,0.0,0.0
2024-12-20,231.1499938964844,233.02999877929688,225.0,225.6699981689453,225.6699981689453,71305,0.0,0.0
2024-12-23,227.6000061035156,229.38999938964844,219.9499969482422,221.5399932861328,221.5399932861328,121195,0.0,0.0
2024-12-24,229.0,229.0,220.0,222.17999267578125,222.17999267578125,76717,0.0,0.0
2024-12-26,223.6000061035156,242.3999938964844,220.009994506836,230.63999938964844,230.63999938964844,379757,0.0,0.0
2024-12-27,231.0,233.4900054931641,227.0500030517578,231.009994506836,231.009994506836,126058,0.0,0.0
2024-12-30,230.0,231.9499969482422,224.1000061035156,225.52999877929688,225.52999877929688,64488,0.0,0.0
2024-12-31,225.0,233.3800048828125,224.509994506836,229.6499938964844,229.6499938964844,141424,0.0,0.0
2025-01-01,230.97999572753903,235.5800018310547,229.42999267578125,231.13999938964844,231.13999938964844,114765,0.0,0.0
2025-01-02,232.6999969482422,239.5,231.27999877929688,237.7100067138672,237.7100067138672,101240,0.0,0.0
2025-01-03,238.3999938964844,240.13999938964844,234.9900054931641,237.94000244140625,237.94000244140625,118433,0.0,0.0
2025-01-06,238.94000244140625,239.38999938964844,228.0500030517578,229.8600006103516,229.8600006103516,113204,0.0,0.0
2025-01-07,233.3000030517578,236.3500061035156,230.6999969482422,235.22999572753903,235.22999572753903,60599,0.0,0.0
2025-01-08,234.9499969482422,234.9499969482422,227.0,231.1499938964844,231.1499938964844,78309,0.0,0.0
2025-01-09,231.1499938964844,233.8500061035156,227.1000061035156,228.6100006103516,228.6100006103516,45767,0.0,0.0
2025-01-10,228.6100006103516,228.6100006103516,220.3500061035156,222.77999877929688,222.77999877929688,76497,0.0,0.0
2025-01-13,218.0,220.7400054931641,211.6999969482422,214.47000122070312,214.47000122070312,104762,0.0,0.0
2025-01-14,215.0,224.8500061035156,213.2400054931641,221.33999633789065,221.33999633789065,61738,0.0,0.0
2025-01-15,220.5,223.5,218.6499938964844,222.66000366210932,222.66000366210932,48803,0.0,0.0
2025-01-16,227.0,233.6499938964844,225.5800018310547,231.0599975585937,231.0599975585937,134581,0.0,0.0
2025-01-17,229.5,231.0,226.47000122070312,230.1699981689453,230.1699981689453,45475,0.0,0.0
2025-01-20,229.9499969482422,232.7700042724609,226.91000366210932,230.22000122070312,230.22000122070312,37918,0.0,0.0
2025-01-21,230.9499969482422,232.22000122070312,226.1499938964844,228.1199951171875,228.1199951171875,29511,0.0,0.0
2025-01-22,227.63999938964844,228.1199951171875,223.1100006103516,225.5800018310547,225.5800018310547,29909,0.0,0.0
2025-01-23,224.1000061035156,227.19000244140625,222.3600006103516,223.32000732421875,223.32000732421875,62809,0.0,0.0
2025-01-24,223.9499969482422,224.1300048828125,215.9499969482422,216.6300048828125,216.6300048828125,84311,0.0,0.0
2025-01-27,215.0,215.25,208.5800018310547,210.6699981689453,210.6699981689453,67307,0.0,0.0
2025-01-28,210.6699981689453,213.0599975585937,202.22000122070312,209.2400054931641,209.2400054931641,70573,0.0,0.0
2025-01-29,208.1000061035156,216.3099975585937,208.1000061035156,213.7899932861328,213.7899932861328,50892,0.0,0.0
2025-01-30,214.3000030517578,220.8000030517578,213.6199951171875,218.6100006103516,218.6100006103516,88366,0.0,0.0
2025-01-31,216.5500030517578,224.67999267578125,216.0,222.3699951171875,222.3699951171875,59517,0.0,0.0
2025-02-01,223.02999877929688,224.3800048828125,218.0,222.72000122070312,222.72000122070312,25370,0.0,0.0
2025-02-03,218.75,222.97999572753903,213.8699951171875,218.8000030517578,218.8000030517578,67397,0.0,0.0
2025-02-04,215.0,215.0,206.8300018310547,210.75,210.75,197448,0.0,0.0
2025-02-05,213.8999938964844,224.0,212.6499938964844,219.7899932861328,219.7899932861328,100373,0.0,0.0
2025-02-06,219.7899932861328,224.6999969482422,217.6699981689453,223.0599975585937,223.0599975585937,62576,0.0,0.0
2025-02-07,222.0500030517578,222.47000122070312,214.1499938964844,216.2700042724609,216.2700042724609,187364,0.0,0.0
2025-02-10,219.97999572753903,219.97999572753903,211.009994506836,214.6300048828125,214.6300048828125,53123,0.0,0.0
2025-02-11,214.6300048828125,214.6300048828125,203.1000061035156,204.8800048828125,204.8800048828125,88541,0.0,0.0
2025-02-12,208.9900054931641,208.9900054931641,195.6199951171875,206.0599975585937,206.0599975585937,98322,0.0,0.0
2025-02-13,205.25,215.67999267578125,205.02999877929688,209.3000030517578,209.3000030517578,45662,0.0,0.0
2025-02-14,208.0500030517578,208.6499938964844,200.17999267578125,202.22999572753903,202.22999572753903,47259,0.0,0.0
2025-02-17,202.4900054931641,205.8999938964844,195.0,200.509994506836,200.509994506836,61167,0.0,0.0
2025-02-18,198.509994506836,201.4499969482422,195.0,198.2700042724609,198.2700042724609,50827,0.0,0.0
2025-02-19,196.3000030517578,205.0,196.1000061035156,202.4900054931641,202.4900054931641,84446,0.0,0.0
2025-02-20,203.5500030517578,210.0,203.3000030517578,209.3600006103516,209.3600006103516,39859,0.0,0.0
2025-02-21,208.1000061035156,214.5500030517578,200.92999267578125,204.0,204.0,56967,0.0,0.0
2025-02-24,205.0500030517578,205.0500030517578,197.9199981689453,200.6300048828125,200.6300048828125,42385,0.0,0.0
2025-02-25,200.6300048828125,203.0,200.0,201.5800018310547,201.5800018310547,23328,0.0,0.0
2025-02-27,206.0,206.0,197.1000061035156,198.3000030517578,198.3000030517578,34584,0.0,0.0
2025-02-28,197.5,197.5500030517578,185.3500061035156,189.6100006103516,189.6100006103516,146901,0.0,0.0
2025-03-03,189.0,194.19000244140625,180.3500061035156,185.3000030517578,185.3000030517578,210778,0.0,0.0
2025-03-04,190.0,194.0,183.72000122070312,186.7700042724609,186.7700042724609,155937,0.0,0.0
2025-03-05,185.3000030517578,199.0,185.3000030517578,196.52999877929688,196.52999877929688,141979,0.0,0.0
2025-03-06,198.0,207.5,198.0,200.9600067138672,200.9600067138672,119607,0.0,0.0
2025-03-07,203.9499969482422,216.0,201.0,207.77999877929688,207.77999877929688,220195,0.0,0.0
2025-03-10,207.0500030517578,208.17999267578125,198.8099975585937,202.9199981689453,202.9199981689453,140707,0.0,0.0
2025-03-11,199.02999877929688,204.1699981689453,198.5,199.1300048828125,199.1300048828125,173459,0.0,0.0
2025-03-12,199.5,202.3500061035156,194.8999938964844,201.3300018310547,201.3300018310547,225192,0.0,0.0
2025-03-13,200.1000061035156,209.69000244140625,200.1000061035156,205.97999572753903,205.97999572753903,347047,0.0,0.0
2025-03-17,205.25,205.5,200.1000061035156,202.9199981689453,202.9199981689453,137636,0.0,0.0
2025-03-18,202.9199981689453,202.9199981689453,202.9199981689453,202.9199981689453,202.9199981689453,0,0.0,0.0
2025-03-19,201.0,206.9900054931641,200.1000061035156,204.0800018310547,204.0800018310547,204993,0.0,0.0
2025-03-20,204.72999572753903,207.0,202.2100067138672,203.259994506836,203.259994506836,106363,0.0,0.0
2025-03-21,204.0,205.5500030517578,202.1000061035156,202.7100067138672,202.7100067138672,145323,0.0,0.0
2025-03-24,204.7100067138672,206.1199951171875,201.9499969482422,202.75,202.75,177795,0.0,0.0
2025-03-25,204.0,205.0599975585937,197.27999877929688,198.3099975585937,198.3099975585937,204058,0.0,0.0
2025-03-26,198.3099975585937,199.759994506836,191.1499938964844,193.75,193.75,170770,0.0,0.0
2025-03-27,193.0,199.0,190.9900054931641,196.32000732421875,196.32000732421875,123148,0.0,0.0
2025-03-28,200.0,204.97000122070312,192.0,197.07000732421875,197.07000732421875,143783,0.0,0.0
2025-04-01,198.97999572753903,202.3600006103516,197.1000061035156,201.75,201.75,37766,0.0,0.0
2025-04-02,202.0,209.67999267578125,199.2100067138672,204.5399932861328,204.5399932861328,80104,0.0,0.0
2025-04-03,204.97999572753903,213.9900054931641,204.97999572753903,212.3999938964844,212.3999938964844,122552,0.0,0.0
2025-04-04,209.3999938964844,212.1000061035156,194.1000061035156,197.08999633789065,197.08999633789065,269989,0.0,0.0
2025-04-07,190.0,193.63999938964844,182.91000366210932,186.97999572753903,186.97999572753903,136383,0.0,0.0
2025-04-08,189.8000030517578,197.8600006103516,186.1699981689453,189.1999969482422,189.1999969482422,112907,0.0,0.0
2025-04-09,189.0,191.8300018310547,183.25,185.3699951171875,185.3699951171875,89950,0.0,0.0
2025-04-11,188.5,191.41000366210932,185.5,188.63999938964844,188.63999938964844,94270,0.0,0.0
2025-04-15,191.2899932861328,197.7400054931641,190.4499969482422,192.6100006103516,192.6100006103516,172542,0.0,0.0
2025-04-16,193.8999938964844,196.19000244140625,192.13999938964844,194.1100006103516,194.1100006103516,251011,0.0,0.0
2025-04-17,194.77999877929688,194.77999877929688,191.3800048828125,193.4900054931641,193.4900054931641,172690,0.0,0.0
2025-04-21,194.6000061035156,202.9499969482422,192.1999969482422,201.8000030517578,201.8000030517578,117698,0.0,0.0
2025-04-22,202.47999572753903,204.7400054931641,200.259994506836,200.82000732421875,200.82000732421875,72163,0.0,0.0
2025-04-23,201.3699951171875,202.6699981689453,196.07000732421875,198.67999267578125,198.67999267578125,80229,0.0,0.0
2025-04-24,198.6999969482422,199.5500030517578,193.75,194.38999938964844,194.38999938964844,203354,0.0,0.0
2025-04-25,194.9600067138672,195.27999877929688,187.5,188.72999572753903,188.72999572753903,111615,0.0,0.0
2025-04-28,187.0,191.9600067138672,185.6999969482422,189.3300018310547,189.3300018310547,96600,0.0,0.0
2025-04-29,190.8099975585937,192.3300018310547,187.8000030517578,189.97999572753903,189.97999572753903,44965,0.0,0.0
2025-04-30,190.9499969482422,191.83999633789065,186.4900054931641,189.6699981689453,189.6699981689453,62454,0.0,0.0
2025-05-02,190.6199951171875,191.47000122070312,186.0,186.5599975585937,186.5599975585937,39199,0.0,0.0
2025-05-05,187.7100067138672,189.16000366210932,185.6999969482422,186.1999969482422,186.1999969482422,98188,0.0,0.0
2025-05-06,186.8000030517578,187.509994506836,179.5,180.2899932861328,180.2899932861328,115373,0.0,0.0
2025-05-07,180.2899932861328,181.4499969482422,177.4499969482422,180.8999938964844,180.8999938964844,57884,0.0,0.0
2025-05-08,183.1000061035156,186.0,180.47999572753903,182.1199951171875,182.1199951171875,58559,0.0,0.0
2025-05-09,182.1199951171875,183.259994506836,177.9600067138672,181.4900054931641,181.4900054931641,52541,0.0,0.0
2025-05-12,187.8000030517578,190.0,184.22000122070312,188.1999969482422,188.1999969482422,85005,0.0,0.0
2025-05-13,189.25,192.8999938964844,187.6100006103516,190.759994506836,190.759994506836,68394,0.0,0.0
2025-05-14,191.5800018310547,192.97000122070312,188.42999267578125,190.009994506836,190.009994506836,62080,0.0,0.0
2025-05-15,190.3000030517578,196.9499969482422,190.3000030517578,195.9600067138672,195.9600067138672,94909,0.0,0.0
2025-05-16,196.6999969482422,197.6999969482422,194.2100067138672,194.72000122070312,194.72000122070312,79202,0.0,0.0
2025-05-19,194.88999938964844,205.0,193.509994506836,198.9199981689453,198.9199981689453,285229,0.0,0.0
2025-05-20,200.1000061035156,202.8999938964844,195.759994506836,199.9199981689453,199.9199981689453,139932,0.0,0.0
2025-05-21,199.9199981689453,205.8000030517578,197.8600006103516,201.77999877929688,201.77999877929688,118414,0.0,0.0
2025-05-22,201.6000061035156,202.38999938964844,198.8300018310547,200.67999267578125,200.67999267578125,58906,0.0,0.0
2025-05-23,198.6499938964844,202.7899932861328,198.6499938964844,201.5,201.5,70689,0.0,0.0
2025-05-26,202.6000061035156,204.9900054931641,200.6199951171875,201.22999572753903,201.22999572753903,77321,0.0,0.0
2025-05-27,202.0,202.5,199.2400054931641,200.1100006103516,200.1100006103516,59073,0.0,0.0
2025-05-28,199.1999969482422,202.0800018310547,197.22999572753903,199.4600067138672,199.4600067138672,114930,0.0,0.0
2025-05-29,201.6999969482422,204.5,195.0,197.0200042724609,197.0200042724609,139340,0.0,0.0
2025-05-30,187.5,191.0,186.3000030517578,187.5,187.5,317458,0.0,0.0
2025-06-02,186.0,187.8500061035156,182.63999938964844,183.6499938964844,183.6499938964844,271917,0.0,0.0
2025-06-03,183.6499938964844,189.19000244140625,183.6499938964844,186.009994506836,186.009994506836,130113,0.0,0.0
2025-06-04,186.8000030517578,188.009994506836,182.5,183.1699981689453,183.1699981689453,178208,0.0,0.0
2025-06-05,183.5,185.259994506836,180.0,180.6699981689453,180.6699981689453,187610,0.0,0.0
2025-06-06,180.0,185.0,179.8800048828125,181.0,181.0,196495,0.0,0.0
2025-06-09,180.1999969482422,185.0,180.1999969482422,184.0800018310547,184.0800018310547,369907,0.0,0.0
2025-06-10,185.0,187.44000244140625,181.1100006103516,182.3999938964844,182.3999938964844,181724,0.0,0.0
2025-06-11,184.3000030517578,186.8000030517578,182.47999572753903,184.6499938964844,184.6499938964844,167716,0.0,0.0
2025-06-12,185.8999938964844,186.5,181.0,181.77999877929688,181.77999877929688,88548,0.0,0.0
2025-06-13,179.0,182.3000030517578,178.0,180.05999755859375,180.05999755859375,80327,0.0,0.0
2025-06-16,181.009994506836,182.91000366210932,177.25,181.7899932861328,181.7899932861328,121232,0.0,0.0
2025-06-17,182.8999938964844,190.4900054931641,180.57000732421875,185.3099975585937,185.3099975585937,423072,0.0,0.0
2025-06-18,185.0,187.8600006103516,182.1000061035156,183.9900054931641,183.9900054931641,95834,0.0,0.0
2025-06-19,185.8500061035156,186.4499969482422,180.11000061035156,181.4199981689453,181.4199981689453,154748,0.0,0.0
2025-06-20,179.60000610351562,184.4900054931641,179.60000610351562,183.0599975585937,183.0599975585937,63844,0.0,0.0
2025-06-23,181.3999938964844,183.52999877929688,180.0,180.5800018310547,180.5800018310547,82796,0.0,0.0
2025-06-24,181.2899932861328,183.8000030517578,180.1999969482422,180.6199951171875,180.6199951171875,92404,0.0,0.0
2025-06-25,181.5,184.13999938964844,181.0200042724609,183.32000732421875,183.32000732421875,90423,0.0,0.0
2025-06-26,183.32000732421875,186.3300018310547,182.4199981689453,182.94000244140625,182.94000244140625,47111,0.0,0.0
2025-06-27,184.88999938964844,185.6199951171875,181.1000061035156,182.4600067138672,182.4600067138672,205274,0.0,0.0
2025-06-30,182.3999938964844,188.0,181.3099975585937,185.6100006103516,185.6100006103516,127377,0.0,0.0
2025-07-01,186.6000061035156,187.8699951171875,182.5,184.1999969482422,184.1999969482422,120896,0.0,0.0
2025-07-02,184.1999969482422,185.0,182.75,183.5599975585937,183.5599975585937,54255,0.0,0.0
2025-07-03,184.3500061035156,187.44000244140625,182.83999633789065,186.3099975585937,186.3099975585937,140178,0.0,0.0
2025-07-04,186.9900054931641,187.3699951171875,185.0,186.1499938964844,186.1499938964844,64745,0.0,0.0
2025-07-07,186.97999572753903,189.0,183.1499938964844,186.6300048828125,186.6300048828125,111002,0.0,0.0
2025-07-08,186.5,188.5,183.38999938964844,185.6699981689453,185.6699981689453,73779,0.0,0.0
2025-07-09,185.6699981689453,186.5,183.3600006103516,183.8500061035156,183.8500061035156,68029,0.0,0.0
2025-07-10,184.8999938964844,186.5,182.5,185.1100006103516,185.1100006103516,79407,0.0,0.0
2025-07-11,184.0200042724609,185.4900054931641,181.63999938964844,182.19000244140625,182.19000244140625,84816,0.0,0.0
2025-07-14,183.3800048828125,187.58999633789065,181.1100006103516,183.52999877929688,183.52999877929688,189958,0.0,0.0
2025-07-15,184.5,194.3999938964844,184.4900054931641,191.9600067138672,191.9600067138672,395313,0.0,0.0
2025-07-16,193.8999938964844,203.69000244140625,191.3800048828125,199.08999633789065,199.08999633789065,721475,0.0,0.0
2025-07-17,199.0,201.8500061035156,195.009994506836,195.9600067138672,195.9600067138672,199194,0.0,0.0
2025-07-18,197.52999877929688,199.4499969482422,191.41000366210932,195.7100067138672,195.7100067138672,204236,0.0,0.0
2025-07-21,195.72000122070312,200.2700042724609,195.5,196.3300018310547,196.3300018310547,133787,0.0,0.0
2025-07-22,195.0,196.02999877929688,192.5500030517578,193.2400054931641,193.2400054931641,90860,0.0,0.0
2025-07-23,194.0,212.0,194.0,207.32000732421875,207.32000732421875,2850918,0.0,0.0
2025-07-24,208.5,209.6999969482422,203.1000061035156,204.8600006103516,204.8600006103516,390094,0.0,0.0
2025-07-25,204.0,209.5,199.5800018310547,207.5500030517578,207.5500030517578,456490,0.0,0.0
2025-07-28,208.5,216.9900054931641,206.1100006103516,209.6300048828125,209.6300048828125,1158110,0.0,0.0
2025-07-29,209.6300048828125,214.3500061035156,207.1100006103516,209.3600006103516,209.3600006103516,391577,0.0,0.0
2025-07-30,207.5500030517578,213.8500061035156,207.2100067138672,209.91000366210932,209.91000366210932,258357,0.0,0.0
2025-07-31,208.0,211.5200042724609,204.1199951171875,209.63999938964844,209.63999938964844,183937,0.0,0.0
2025-08-01,210.0,213.8000030517578,203.5500030517578,205.6999969482422,205.6999969482422,314789,0.0,0.0
2025-08-04,205.6999969482422,209.82000732421875,203.3000030517578,207.75,207.75,161324,0.0,0.0
2025-08-05,208.67999267578125,211.44000244140625,205.25,206.8300018310547,206.8300018310547,197448,0.0,0.0
2025-08-06,206.0,206.0,201.7700042724609,204.4600067138672,204.4600067138672,138998,0.0,0.0
2025-08-07,205.1300048828125,208.75,200.0500030517578,205.72000122070312,205.72000122070312,208692,0.0,0.0
2025-08-08,205.72000122070312,206.259994506836,201.6100006103516,203.2700042724609,203.2700042724609,68501,0.0,0.0
2025-08-11,204.2899932861328,204.3699951171875,201.44000244140625,202.82000732421875,202.82000732421875,94374,0.0,0.0
2025-08-12,202.0,206.9499969482422,201.92999267578125,205.9900054931641,205.9900054931641,111652,0.0,0.0
2025-08-13,206.5,214.5,206.5,208.3699951171875,208.3699951171875,287898,0.0,0.0
2025-08-14,200.0200042724609,207.0,200.0200042724609,203.1999969482422,203.1999969482422,326370,0.0,0.0
2025-08-18,205.0,206.5200042724609,201.1100006103516,202.0800018310547,202.0800018310547,101237,0.0,0.0
2025-08-19,203.0,205.97000122070312,200.66000366210932,201.13999938964844,201.13999938964844,63479,0.0,0.0
2025-08-20,201.6000061035156,202.25,197.1199951171875,197.72999572753903,197.72999572753903,167516,0.0,0.0
2025-08-21,197.3500061035156,199.38999938964844,195.8000030517578,196.33999633789065,196.33999633789065,86579,0.0,0.0
2025-08-22,196.25,199.1000061035156,195.82000732421875,198.3099975585937,198.3099975585937,56615,0.0,0.0
2025-08-25,198.3099975585937,199.97000122070312,193.72999572753903,195.13999938964844,195.13999938964844,50790,0.0,0.0
2025-08-26,194.0,194.66000366210932,191.009994506836,191.82000732421875,191.82000732421875,76689,0.0,0.0
2025-08-28,190.0,193.97000122070312,188.3000030517578,189.97000122070312,189.97000122070312,60121,0.0,0.0
2025-08-29,189.25,195.009994506836,189.25,194.0800018310547,194.0800018310547,79166,0.0,0.0
2025-09-01,196.0,197.5399932861328,191.75,196.3699951171875,196.3699951171875,107509,0.0,0.0
2025-09-02,196.3699951171875,199.38999938964844,195.759994506836,197.82000732421875,197.82000732421875,53799,0.0,0.0
2025-09-03,196.5,199.69000244140625,196.16000366210932,196.8999938964844,196.8999938964844,67050,0.0,0.0
2025-09-04,199.0,199.0,195.6499938964844,196.22000122070312,196.22000122070312,30293,0.0,0.0
2025-09-05,196.22000122070312,229.8999938964844,196.22000122070312,219.4499969482422,219.4499969482422,13556754,0.0,0.0
2025-09-08,225.0,241.83999633789065,225.0,234.33999633789065,234.33999633789065,4351427,0.0,0.0
2025-09-09,232.0,233.3999938964844,225.97000122070312,231.3600006103516,231.3600006103516,766878,0.0,0.0
2025-09-10,232.5,238.8000030517578,227.47000122070312,234.1100006103516,234.1100006103516,793328,0.0,0.0
2025-09-11,233.6000061035156,238.0,228.57000732421875,230.58999633789065,230.58999633789065,483029,0.0,0.0
2025-09-12,228.3099975585937,233.0399932861328,225.67999267578125,226.5,226.5,241015,0.0,0.0
2025-09-15,227.0,233.8999938964844,224.3300018310547,232.72999572753903,232.72999572753903,280572,0.0,0.0
2025-09-16,233.3600006103516,238.0,228.009994506836,228.72999572753903,228.72999572753903,226754,0.0,0.0
2025-09-17,229.3999938964844,231.1199951171875,226.08999633789065,227.8500061035156,227.8500061035156,155898,0.0,0.0
2025-09-18,229.5800018310547,236.8000030517578,224.6999969482422,235.32000732421875,235.32000732421875,583737,0.0,0.0
2025-09-19,236.0,244.0,234.25,240.57000732421875,240.57000732421875,716986,0.0,0.0
2025-09-22,245.0,274.70001220703125,245.0,265.6199951171875,265.6199951171875,11752153,0.0,0.0
2025-09-23,263.9100036621094,270.8599853515625,257.010009765625,266.8299865722656,266.8299865722656,1014842,0.0,0.0
2025-09-24,266.69000244140625,268.07000732421875,256.489990234375,258.57000732421875,258.57000732421875,555409,0.0,0.0
2025-09-25,258.9599914550781,260.4599914550781,250.0399932861328,250.9900054931641,250.9900054931641,417222,0.0,0.0
2025-09-26,250.1999969482422,256.8500061035156,244.8000030517578,247.1300048828125,247.1300048828125,514441,0.0,0.0
2025-09-29,249.33999633789065,254.67999267578125,246.91000366210932,249.3500061035156,249.3500061035156,419113,0.0,0.0
2025-09-30,256.9599914550781,266.5,249.97000122070312,264.5199890136719,264.5199890136719,2448490,0.0,0.0
2025-10-01,266.45001220703125,267.45001220703125,258.3500061035156,264.1499938964844,264.1499938964844,799396,0.0,0.0
2025-10-03,265.6499938964844,269.04998779296875,257.29998779296875,266.25,266.25,411599,0.0,0.0
2025-10-06,270.79998779296875,273.0,262.1499938964844,265.0,265.0,558127,0.0,0.0
2025-10-07,264.0,264.0,258.1499938964844,261.0,261.0,364888,0.0,0.0
2025-10-08,261.5,262.0,252.6499938964844,254.0500030517578,254.0500030517578,326915,0.0,0.0
2025-10-09,255.0,255.75,249.3999938964844,251.6499938964844,251.6499938964844,193854,0.0,0.0
2025-10-10,253.8999938964844,256.5,249.5500030517578,252.0500030517578,252.0500030517578,186141,0.0,0.0
2025-10-13,249.5500030517578,257.70001220703125,249.3500061035156,254.8500061035156,254.8500061035156,235315,0.0,0.0
2025-10-14,253.3500061035156,255.1499938964844,246.0,247.25,247.25,180823,0.0,0.0
2025-10-15,246.5500030517578,249.0500030517578,244.0,244.8500061035156,244.8500061035156,149217,0.0,0.0
2025-10-16,245.6999969482422,255.3000030517578,245.5500030517578,252.75,252.75,331160,0.0,0.0
2025-10-17,252.0,252.0,244.9499969482422,246.25,246.25,202356,0.0,0.0
2025-10-20,245.0,248.5,245.0,247.1999969482422,247.1999969482422,92945,0.0,0.0
2025-10-21,248.1000061035156,254.9499969482422,248.1000061035156,251.1000061035156,251.1000061035156,53734,0.0,0.0
2025-10-23,251.1000061035156,253.0,246.1000061035156,246.8500061035156,246.8500061035156,100414,0.0,0.0
2025-10-24,246.1999969482422,247.1999969482422,243.6499938964844,245.3999938964844,245.3999938964844,59620,0.0,0.0
2025-10-27,245.5,246.5500030517578,240.3999938964844,241.5500030517578,241.5500030517578,162542,0.0,0.0
2025-10-28,241.5500030517578,244.6999969482422,236.9499969482422,241.1000061035156,241.1000061035156,169685,0.0,0.0
2025-10-29,241.1000061035156,248.0,240.75,245.3500061035156,245.3500061035156,197892,0.0,0.0
2025-10-30,247.6999969482422,247.6999969482422,240.8000030517578,242.1499938964844,242.1499938964844,74444,0.0,0.0
2025-10-31,242.0,243.1999969482422,235.3500061035156,241.3000030517578,241.3000030517578,178951,0.0,0.0
2025-11-03,241.25,247.22000122070312,237.009994506836,244.1199951171875,244.1199951171875,96627,0.0,0.0
2025-11-04,245.25,252.0500030517578,240.97999572753903,242.77999877929688,242.77999877929688,282975,0.0,0.0
2025-11-06,243.6999969482422,244.0,231.0500030517578,232.52999877929688,232.52999877929688,148458,0.0,0.0
2025-11-07,232.0,236.91000366210932,228.32000732421875,235.509994506836,235.509994506836,115436,0.0,0.0
2025-11-10,235.509994506836,236.42999267578125,225.1000061035156,226.3300018310547,226.3300018310547,144346,0.0,0.0
2025-11-11,227.47999572753903,231.9900054931641,221.17999267578125,227.47000122070312,227.47000122070312,97422,0.0,0.0
2025-11-12,227.47000122070312,233.3999938964844,227.47000122070312,228.7899932861328,228.7899932861328,127458,0.0,0.0
2025-11-13,228.7899932861328,236.0800018310547,226.3500061035156,230.3099975585937,230.3099975585937,123192,0.0,0.0
2025-11-14,230.0,237.3999938964844,219.6199951171875,224.8300018310547,224.8300018310547,263525,0.0,0.0
2025-11-17,226.0,227.66000366210932,222.0,223.22000122070312,223.22000122070312,93658,0.0,0.0
2025-11-18,223.2100067138672,227.47000122070312,220.72999572753903,223.88999938964844,223.88999938964844,119622,0.0,0.0
2025-11-19,222.0,226.9900054931641,219.3500061035156,220.92999267578125,220.92999267578125,85148,0.0,0.0
2025-11-20,220.7400054931641,225.9900054931641,215.009994506836,222.22000122070312,222.22000122070312,220989,0.0,0.0
2025-11-21,219.759994506836,221.0,215.1999969482422,217.2100067138672,217.2100067138672,64452,0.0,0.0
2025-11-24,215.009994506836,217.6000061035156,206.3500061035156,208.33999633789065,208.33999633789065,205966,0.0,0.0
2025-11-25,208.0,214.0,207.97999572753903,210.97000122070312,210.97000122070312,66351,0.0,0.0
2025-11-26,211.5,214.5200042724609,210.75,212.5399932861328,212.5399932861328,56784,0.0,0.0
2025-11-27,212.5399932861328,216.3500061035156,208.3600006103516,209.7700042724609,209.7700042724609,106065,0.0,0.0
2025-11-28,210.88999938964844,212.6000061035156,208.1499938964844,208.92999267578125,208.92999267578125,88289,0.0,0.0
2025-12-01,209.97999572753903,211.67999267578125,205.2100067138672,207.1000061035156,207.1000061035156,85147,0.0,0.0
2025-12-02,207.1000061035156,208.8999938964844,202.3000030517578,205.17999267578125,205.17999267578125,150764,0.0,0.0
2025-12-03,206.3000030517578,208.7899932861328,201.9199981689453,203.88999938964844,203.88999938964844,90978,0.0,0.0
2025-12-04,204.0,204.009994506836,200.0500030517578,200.63999938964844,200.63999938964844,70621,0.0,0.0
2025-12-05,201.0,201.8800048828125,196.6999969482422,198.6000061035156,198.6000061035156,127442,0.0,0.0
2025-12-08,198.6000061035156,198.6000061035156,189.2100067138672,192.1999969482422,192.1999969482422,149216,0.0,0.0
2025-12-09,191.1000061035156,194.9900054931641,186.75,193.3000030517578,193.3000030517578,122111,0.0,0.0
2025-12-10,194.2899932861328,197.5800018310547,190.1000061035156,191.0200042724609,191.0200042724609,69461,0.0,0.0
2025-12-11,191.0500030517578,198.8999938964844,188.4499969482422,195.9199981689453,195.9199981689453,219403,0.0,0.0
2025-12-12,197.0,197.0,192.3000030517578,193.5,193.5,90809,0.0,0.0
2025-12-15,194.9499969482422,195.75,191.9499969482422,194.91000366210932,194.91000366210932,99139,0.0,0.0
2025-12-16,193.1000061035156,198.16000366210932,192.1000061035156,193.17999267578125,193.17999267578125,172859,0.0,0.0
2025-12-17,193.0,193.6699981689453,188.5,190.1100006103516,190.1100006103516,106249,0.0,0.0
2025-12-18,191.0,193.6000061035156,187.1499938964844,191.9600067138672,191.9600067138672,177863,0.0,0.0
2025-12-19,191.0200042724609,200.3999938964844,190.8300018310547,199.47999572753903,199.47999572753903,226796,0.0,0.0
2025-12-22,202.3500061035156,205.63999938964844,199.1000061035156,200.66000366210932,200.66000366210932,229160,0.0,0.0
2025-12-23,201.3999938964844,204.0,197.0,202.9600067138672,202.9600067138672,317784,0.0,0.0
2025-12-24,204.0,204.1699981689453,201.0,201.2899932861328,201.2899932861328,85493,0.0,0.0
2025-12-26,202.3000030517578,202.8999938964844,200.0,200.25,200.25,67161,0.0,0.0
2025-12-29,200.3999938964844,201.13999938964844,196.41000366210932,196.97000122070312,196.97000122070312,87622,0.0,0.0
2025-12-30,197.009994506836,198.6000061035156,195.1999969482422,196.52999877929688,196.52999877929688,61719,0.0,0.0
2025-12-31,196.5500030517578,204.9499969482422,196.5399932861328,203.92999267578125,203.92999267578125,277648,0.0,0.0
2026-01-01,204.92999267578125,205.0,201.3500061035156,202.9600067138672,202.9600067138672,69528,0.0,0.0
2026-01-02,203.9499969482422,204.1999969482422,201.0200042724609,202.88999938964844,202.88999938964844,76260,0.0,0.0
2026-01-05,205.9499969482422,207.0,198.2100067138672,199.16000366210932,199.16000366210932,92336,0.0,0.0
2026-01-06,199.5,199.69000244140625,195.0,195.5200042724609,195.5200042724609,93040,0.0,0.0
2026-01-07,195.5500030517578,199.8999938964844,191.8500061035156,192.6100006103516,192.6100006103516,90687,0.0,0.0
2026-01-08,192.0,193.41000366210932,187.4499969482422,188.13999938964844,188.13999938964844,104148,0.0,0.0
2026-01-09,189.1000061035156,190.1999969482422,181.6999969482422,182.9499969482422,182.9499969482422,111106,0.0,0.0
2026-01-12,183.88999938964844,185.8999938964844,178.0,182.44000244140625,182.44000244140625,135982,0.0,0.0
2026-01-13,182.44000244140625,185.5399932861328,180.10000610351562,181.5599975585937,181.5599975585937,70585,0.0,0.0
2026-01-14,181.5599975585937,182.97000122070312,180.47000122070312,181.8500061035156,181.8500061035156,64490,0.0,0.0
2026-01-15,181.8500061035156,181.8500061035156,181.8500061035156,181.8500061035156,181.8500061035156,0,0.0,0.0
2026-01-16,182.75,183.9499969482422,179.0500030517578,179.72999572753906,179.72999572753906,130031,0.0,0.0
2026-01-19,178.17999267578125,180.00999450683594,174.10000610351562,175.64999389648438,175.64999389648438,145245,0.0,0.0
2026-01-20,175.4499969482422,176.0,170.0500030517578,171.32000732421875,171.32000732421875,137341,0.0,0.0
2026-01-21,170.0,172.0800018310547,167.10000610351562,169.61000061035156,169.61000061035156,150715,0.0,0.0
2026-01-22,170.5,174.19000244140625,170.00999450683594,171.72999572753906,171.72999572753906,70352,0.0,0.0
2026-01-23,174.2899932861328,174.2899932861328,162.3699951171875,164.75,164.75,213106,0.0,0.0
2026-01-27,164.75,169.75,160.39999389648438,164.75,164.75,158251,0.0,0.0
2026-01-28,167.19000244140625,170.89999389648438,165.6199951171875,168.67999267578125,168.67999267578125,97699,0.0,0.0
2026-01-29,167.99000549316406,169.83999633789062,161.5,165.94000244140625,165.94000244140625,175700,0.0,0.0
2026-01-30,166.8000030517578,169.19000244140625,163.60000610351562,168.14999389648438,168.14999389648438,72741,0.0,0.0
2026-02-02,166.14999389648438,166.14999389648438,160.6999969482422,164.9199981689453,164.9199981689453,115937,0.0,0.0
2026-02-03,170.8000030517578,174.8000030517578,166.7100067138672,172.22000122070312,172.22000122070312,141743,0.0,0.0
2026-02-04,172.88999938964844,181.0599975585937,169.9600067138672,176.5500030517578,176.5500030517578,172305,0.0,0.0
2026-02-05,176.5500030517578,176.5500030517578,170.5,171.47000122070312,171.47000122070312,111975,0.0,0.0
2026-02-06,172.38999938964844,175.0,168.0,173.99000549316406,173.99000549316406,123302,0.0,0.0
2026-02-09,174.89999389648438,181.2899932861328,174.22000122070312,178.36000061035156,178.36000061035156,185727,0.0,0.0
2026-02-10,180.3699951171875,180.3699951171875,176.22999572753906,177.4199981689453,177.4199981689453,143782,0.0,0.0
2026-02-11,178.82000732421875,182.6999969482422,176.8000030517578,179.57000732421875,179.57000732421875,137790,0.0,0.0
2026-02-12,173.1999969482422,175.00999450683594,167.10000610351562,168.3699951171875,168.3699951171875,339744,0.0,0.0
2026-02-13,166.7100067138672,166.7100067138672,155.8300018310547,156.77000427246094,156.77000427246094,387072,0.0,0.0
2026-02-16,159.97000122070312,159.97000122070312,152.0,154.77999877929688,154.77999877929688,192615,0.0,0.0
2026-02-17,154.99000549316406,162.99000549316406,154.77999877929688,159.5399932861328,159.5399932861328,172576,0.0,0.0
2026-02-18,160.74000549316406,162.7899932861328,158.57000732421875,160.25,160.25,128955,0.0,0.0
2026-02-19,160.00999450683594,160.33999633789062,156.0,156.50999450683594,156.50999450683594,111879,0.0,0.0
2026-02-20,155.10000610351562,159.25,155.10000610351562,156.25999450683594,156.25999450683594,123323,0.0,0.0
2026-02-23,156.55999755859375,158.63999938964844,152.5,153.5,153.5,155725,0.0,0.0
2026-02-24,154.0,154.00999450683594,151.0,151.89999389648438,151.89999389648438,90685,0.0,0.0
2026-02-25,152.4499969482422,159.49000549316406,152.11000061035156,157.58999633789062,157.58999633789062,147243,0.0,0.0
2026-02-26,158.39999389648438,159.33999633789062,154.66000366210938,155.44000244140625,155.44000244140625,115352,0.0,0.0
2026-02-27,156.99000549316406,157.05999755859375,154.0,154.8300018310547,154.8300018310547,101496,0.0,0.0
2026-03-02,151.0,153.3000030517578,148.64999389648438,149.6999969482422,149.6999969482422,147843,0.0,0.0
2026-03-04,149.0,149.6999969482422,145.3000030517578,146.8800048828125,146.8800048828125,133910,0.0,0.0
2026-03-05,147.99000549316406,154.0,144.61000061035156,150.30999755859375,150.30999755859375,435562,0.0,0.0
2026-03-06,148.0500030517578,153.3000030517578,146.11000061035156,150.36000061035156,150.36000061035156,302169,0.0,0.0
2026-03-09,147.0,148.0,142.5500030517578,143.67999267578125,143.67999267578125,130102,0.0,0.0
2026-03-10,145.8000030517578,147.0,144.13999938964844,146.02999877929688,146.02999877929688,382102,0.0,0.0
2026-03-11,146.0,152.94000244140625,146.0,146.94000244140625,146.94000244140625,368498,0.0,0.0
2026-03-12,147.67999267578125,152.0,144.5,148.6699981689453,148.6699981689453,220439,0.0,0.0
2026-03-13,147.0,148.0500030517578,143.0500030517578,144.02000427246094,144.02000427246094,109855,0.0,0.0
2026-03-16,142.0500030517578,144.8000030517578,139.02000427246094,140.16000366210938,140.16000366210938,176060,0.0,0.0
2026-03-17,140.39999389648438,140.88999938964844,138.42999267578125,139.19000244140625,139.19000244140625,66671,0.0,0.0
2026-03-18,139.99000549316406,145.4199981689453,139.5,144.58999633789062,144.58999633789062,137220,0.0,0.0
2026-03-19,143.0,143.0,137.82000732421875,138.7899932861328,138.7899932861328,98259,0.0,0.0
2026-03-20,139.17999267578125,143.3699951171875,138.85000610351562,140.0800018310547,140.0800018310547,78789,0.0,0.0
2026-03-23,136.00999450683594,142.5,131.0,131.58999633789062,131.58999633789062,148334,0.0,0.0
2026-03-24,134.0,137.3800048828125,131.67999267578125,135.9499969482422,135.9499969482422,160221,0.0,0.0
2026-03-25,138.3699951171875,141.39999389648438,136.2100067138672,139.0399932861328,139.0399932861328,342103,0.0,0.0
2026-03-27,139.0399932861328,139.0399932861328,130.02000427246094,131.0399932861328,131.0399932861328,344988,0.0,0.0
2026-03-30,130.0,133.47000122070312,125.81999969482422,126.8000030517578,126.8000030517578,181118,0.0,0.0
2026-04-01,133.39999389648438,141.24000549316406,129.69000244140625,139.57000732421875,139.57000732421875,127606,0.0,0.0
2026-04-02,137.4499969482422,140.99000549316406,134.2100067138672,139.39999389648438,139.39999389648438,108998,0.0,0.0
2026-04-06,143.05999755859375,145.82000732421875,137.50999450683594,144.47000122070312,144.47000122070312,73865,0.0,0.0
2026-04-07,144.42999267578125,146.39999389648438,142.1999969482422,145.3699951171875,145.3699951171875,137489,0.0,0.0
2026-04-08,153.0,155.0,147.00999450683594,152.2100067138672,152.2100067138672,96324,0.0,0.0
2026-04-09,152.2100067138672,155.0,149.0,150.85000610351562,150.85000610351562,88530,0.0,0.0
2026-04-10,153.47000122070312,160.0,152.36000061035156,153.88999938964844,153.88999938964844,123558,0.0,0.0
2026-04-13,150.6699981689453,156.0,147.02999877929688,153.75,153.75,93042,0.0,0.0
2026-04-15,158.9499969482422,161.67999267578125,155.42999267578125,159.6699981689453,159.6699981689453,115606,0.0,0.0
2026-04-16,161.0,162.0,157.0,159.66000366210938,159.66000366210938,99755,0.0,0.0
2026-04-17,160.4499969482422,162.5,158.8000030517578,161.02000427246094,161.02000427246094,84368,0.0,0.0
2026-04-20,163.44000244140625,163.44000244140625,157.10000610351562,158.1699981689453,158.1699981689453,89308,0.0,0.0
2026-04-21,158.1999969482422,161.0,158.1999969482422,159.4499969482422,159.4499969482422,31715,0.0,0.0
2026-04-22,160.4499969482422,162.85000610351562,158.50999450683594,162.07000732421875,162.07000732421875,55971,0.0,0.0
2026-04-23,161.11000061035156,163.19000244140625,156.57000732421875,159.1699981689453,159.1699981689453,70736,0.0,0.0
2026-04-24,159.25,159.35000610351562,153.66000366210938,155.60000610351562,155.60000610351562,76989,0.0,0.0
2026-04-27,155.60000610351562,169.89999389648438,155.60000610351562,166.5800018310547,166.5800018310547,343276,0.0,0.0
2026-04-28,167.85000610351562,167.85000610351562,160.2100067138672,163.75,163.75,86162,0.0,0.0
2026-04-29,163.75,166.58999633789062,157.5,161.25999450683594,161.25999450683594,113724,0.0,0.0
2026-04-30,163.5,164.1699981689453,159.5,160.66000366210938,160.66000366210938,74949,0.0,0.0
2026-05-01,160.66000366210938,160.66000366210938,160.66000366210938,160.66000366210938,160.66000366210938,0,0.0,0.0
2026-05-04,161.0,165.88999938964844,161.0,163.1699981689453,163.1699981689453,59679,0.0,0.0
2026-05-05,162.0,167.0,160.9199981689453,164.05999755859375,164.05999755859375,100242,0.0,0.0
2026-05-06,166.0,166.9600067138672,162.72000122070312,166.24000549316406,166.24000549316406,59789,0.0,0.0
2026-05-07,167.47999572753906,169.0,165.7100067138672,167.19000244140625,167.19000244140625,105022,0.0,0.0
2026-05-08,166.0,172.0,166.0,168.60000610351562,168.60000610351562,89429,0.0,0.0
2026-05-11,168.60000610351562,170.0,163.3699951171875,165.4600067138672,165.4600067138672,55742,0.0,0.0
2026-05-12,165.0,165.99000549316406,157.0,158.0500030517578,158.0500030517578,77021,0.0,0.0
2026-05-13,160.97000122070312,164.3699951171875,158.25,162.1199951171875,162.1199951171875,49785,0.0,0.0
2026-05-14,163.5,163.5,157.50999450683594,159.75,159.75,34273,0.0,0.0
2026-05-15,160.5,161.57000732421875,155.6999969482422,158.1199951171875,158.1199951171875,45435,0.0,0.0
2026-05-18,158.0,160.0500030517578,152.41000366210938,159.32000732421875,159.32000732421875,79761,0.0,0.0
2026-05-19,158.1999969482422,167.0,158.1999969482422,164.80999755859375,164.80999755859375,93900,0.0,0.0
2026-05-20,163.19000244140625,167.75,161.2100067138672,166.75,166.75,51828,0.0,0.0
2026-05-21,169.60000610351562,173.5800018310547,168.0,170.49000549316406,170.49000549316406,132146,0.0,0.0
2026-05-22,170.49000549316406,173.74000549316406,169.10000610351562,170.92999267578125,170.92999267578125,53411,0.0,0.0
2026-05-25,169.10000610351562,179.8000030517578,169.10000610351562,172.77999877929688,172.77999877929688,148668,0.0,0.0
2026-05-26,173.49000549316406,177.13999938964844,171.99000549316406,173.94000244140625,173.94000244140625,90667,0.0,0.0
2026-05-27,175.22000122070312,180.6999969482422,163.0,172.3300018310547,172.3300018310547,215319,0.0,0.0
2026-05-28,172.3300018310547,172.3300018310547,172.3300018310547,172.3300018310547,172.3300018310547,0,0.0,0.0
2026-05-29,176.4600067138672,180.0,166.57000732421875,168.80999755859375,168.80999755859375,213793,0.0,0.0
2026-06-01,168.80999755859375,176.97000122070312,166.1999969482422,169.2899932861328,169.2899932861328,133409,0.0,0.0
2026-06-02,169.66000366210938,178.49000549316406,165.52999877929688,176.83999633789062,176.83999633789062,254250,0.0,0.0
2026-06-03,176.5,182.2700042724609,173.25,176.2100067138672,176.2100067138672,316525,0.0,0.0
2026-06-04,176.0,182.0,174.1699981689453,174.92999267578125,174.92999267578125,137209,0.0,0.0
2026-06-05,177.52999877929688,177.52999877929688,172.22999572753906,173.8000030517578,173.8000030517578,62352,0.0,0.0
2026-06-08,170.47999572753906,174.97999572753906,170.0500030517578,171.35000610351562,171.35000610351562,84824,0.0,0.0
2026-06-09,173.91000366210938,173.91000366210938,168.0,169.08999633789062,169.08999633789062,127024,0.0,0.0
2026-06-10,170.22000122070312,172.5500030517578,165.0,165.8699951171875,165.8699951171875,75897,0.0,0.0
2026-06-11,165.8699951171875,166.58999633789062,162.02999877929688,164.52000427246094,164.52000427246094,90068,0.0,0.0
2026-06-12,167.1699981689453,171.4499969482422,166.64999389648438,168.92999267578125,168.92999267578125,63938,0.0,0.0
2026-06-15,171.6999969482422,173.25,169.4199981689453,170.6199951171875,170.6199951171875,66648,0.0,0.0
2026-06-16,170.6199951171875,172.77000427246094,168.6199951171875,170.39999389648438,170.39999389648438,28284,0.0,0.0
2026-06-17,171.0,174.0,170.35000610351562,171.61000061035156,171.61000061035156,76097,0.0,0.0
2026-06-18,172.25,173.42999267578125,169.10000610351562,170.4600067138672,170.4600067138672,58491,0.0,0.0
2026-06-19,170.39999389648438,172.3800048828125,168.0,170.82000732421875,170.82000732421875,45036,0.0,0.0
2026-06-22,170.82000732421875,176.14999389648438,169.97000122070312,174.75999450683594,174.75999450683594,131097,0.0,0.0
2026-06-23,175.60000610351562,175.64999389648438,170.0500030517578,172.3300018310547,172.3300018310547,74055,0.0,0.0
2026-06-24,171.07000732421875,174.97999572753906,170.99000549316406,171.6199951171875,171.6199951171875,61661,0.0,0.0
2026-06-25,171.6199951171875,173.5,169.10000610351562,172.14999389648438,172.14999389648438,82293,0.0,0.0
2026-06-26,172.14999389648438,172.14999389648438,172.14999389648438,172.14999389648438,172.14999389648438,0,0.0,0.0
2026-06-29,172.50999450683594,173.0,168.0,171.58999633789062,171.58999633789062,79774,0.0,0.0
2026-06-30,171.5,178.89999389648438,171.00999450683594,175.72000122070312,175.72000122070312,184649,0.0,0.0
2026-07-01,175.72000122070312,176.8800048828125,171.3000030517578,173.07000732421875,173.07000732421875,58020,0.0,0.0
2026-07-02,172.52999877929688,175.58999633789062,172.52999877929688,173.7100067138672,173.7100067138672,43583,0.0,0.0
2026-07-03,174.0,175.3800048828125,171.1199951171875,172.22000122070312,172.22000122070312,64823,0.0,0.0
2026-07-06,172.5,172.7899932861328,168.5500030517578,170.02000427246094,170.02000427246094,82203,0.0,0.0
2026-07-07,174.97999572753906,174.97999572753906,168.38999938964844,173.00999450683594,173.00999450683594,55782,0.0,0.0
2026-07-08,171.41000366210938,173.6300048828125,165.6699981689453,168.25,168.25,118352,0.0,0.0
2026-07-09,170.99000549316406,172.3000030517578,168.11000061035156,169.5800018310547,169.5800018310547,59078,0.0,0.0
2026-07-10,170.1999969482422,172.5800018310547,170.0,171.55999755859375,171.55999755859375,24694,0.0,0.0
2026-07-13,170.00999450683594,173.0,167.61000061035156,170.77000427246094,170.77000427246094,71927,0.0,0.0
2026-07-14,171.89999389648438,171.97999572753906,165.0,165.80999755859375,165.80999755859375,90873,0.0,0.0
2026-07-15,165.80999755859375,170.47999572753906,165.41000366210938,168.22999572753906,168.22999572753906,44323,0.0,0.0
2026-07-16,168.22999572753906,171.0,161.41000366210938,166.49000549316406,166.49000549316406,121029,0.0,0.0
2026-07-17,167.0,167.0399932861328,163.0,163.99000549316406,163.99000549316406,50676,0.0,0.0
2026-07-20,164.99000549316406,165.9499969482422,163.11000061035156,164.8800048828125,164.8800048828125,59442,0.0,0.0
2026-07-21,165.0,166.5,164.00999450683594,165.9199981689453,165.9199981689453,18886,0.0,0.0
2026-07-22,165.1999969482422,166.92999267578125,162.5,163.77000427246094,163.77000427246094,34102,0.0,0.0
2026-07-23,164.97999572753906,166.89999389648438,162.0500030517578,162.60000610351562,162.60000610351562,47218,0.0,0.0
2026-07-24,162.0,164.77999877929688,159.58999633789062,163.10000610351562,163.10000610351562,37971,0.0,0.0
2026-07-27,165.99000549316406,167.77000427246094,163.1699981689453,163.47999572753906,163.47999572753906,52497,0.0,0.0
2026-07-28,164.0,167.60000610351562,160.1999969482422,161.13999938964844,161.13999938964844,39398,0.0,0.0
2026-07-29,162.1199951171875,164.0,160.0,162.6199951171875,162.6199951171875,60176,0.0,0.0
2026-07-30,162.0,164.97999572753906,160.0,161.0399932861328,161.0399932861328,41002,0.0,0.0
2026-08-03,161.89999389648438,166.0399932861328,161.89999389648438,163.83999633789062,163.83999633789062,55574,0.0,0.0
2026-08-04,164.0,167.19000244140625,164.0,165.0399932861328,165.0399932861328,34080,0.0,0.0
2026-08-05,165.91000366210938,168.99000549316406,161.5,162.27000427246094,162.27000427246094,120518,0.0,0.0
2026-08-06,162.44000244140625,165.10000610351562,159.02000427246094,162.16000366210938,162.16000366210938,132892,0.0,0.0
2026-08-07,162.0,163.97000122070312,158.61000061035156,160.08999633789062,160.08999633789062,109496,0.0,0.0
2026-08-10,160.0,164.7899932861328,160.0,161.8699951171875,161.8699951171875,74789,0.0,0.0
2026-08-11,161.8699951171875,163.0,161.00999450683594,161.6699981689453,161.6699981689453,34995,0.0,0.0
2026-08-12,161.5,161.5,156.24000549316406,157.27999877929688,157.27999877929688,97370,0.0,0.0
2026-08-13,157.19000244140625,159.9600067138672,155.0,156.14999389648438,156.14999389648438,83835,0.0,0.0
2026-08-14,155.39999389648438,157.0,151.6999969482422,152.91000366210938,152.91000366210938,94403,0.0,0.0
2026-08-17,152.61000061035156,154.97000122070312,151.6999969482422,153.16000366210938,153.16000366210938,37534,0.0,0.0
2026-08-18,152.25999450683594,156.1999969482422,151.25,152.6999969482422,152.6999969482422,31754,0.0,0.0
2026-08-19,152.0,156.8699951171875,152.0,155.4499969482422,155.4499969482422,72181,0.0,0.0
2026-08-20,155.36000061035156,157.60000610351562,153.1999969482422,154.57000732421875,154.57000732421875,73225,0.0,0.0
2026-08-21,153.6999969482422,155.75,151.8300018310547,152.9600067138672,152.9600067138672,55754,0.0,0.0
2026-08-24,153.83999633789062,158.39999389648438,153.7100067138672,154.02999877929688,154.02999877929688,59122,0.0,0.0
2026-08-25,153.0,155.38999938964844,151.5,154.69000244140625,154.69000244140625,65824,0.0,0.0
2026-08-26,154.0399932861328,157.5800018310547,153.1699981689453,156.9199981689453,156.9199981689453,72774,0.0,0.0
2026-08-27,156.9199981689453,157.7899932861328,153.5,154.3300018310547,154.3300018310547,50336,0.0,0.0
2026-08-28,155.42999267578125,157.1999969482422,152.5,,,45492,0.0,0.0
2026-08-31,154.4199981689453,156.7899932861328,153.02000427246094,155.27000427246094,155.27000427246094,51062,0.0,0.0
2026-09-01,153.5500030517578,156.17999267578125,151.4499969482422,153.64999389648438,153.64999389648438,47389,0.0,0.0
2026-09-02,154.25,155.00999450683594,148.22000122070312,151.3300018310547,151.3300018310547,95389,0.0,0.0
