Date,Open,High,Low,Close,Adj Close,Volume,Dividends,Stock Splits
1999-01-04,13.500988006591797,14.443121910095215,13.401198387145996,14.440187454223633,9.834073066711426,4901196,0.0,0.0
1999-01-05,14.322787284851074,15.203286170959473,13.911887168884277,14.736621856689453,10.035951614379883,3856051,0.0,0.0
1999-01-06,15.027186393737793,15.197416305541992,14.161361694335938,14.205387115478516,9.674169540405273,1715504,0.0,0.0
1999-01-07,14.146686553955078,14.381486892700195,13.91482162475586,14.002872467041016,9.53625202178955,1126917,0.0,0.0
1999-01-08,14.199517250061035,15.124040603637695,14.152557373046875,14.851086616516113,10.11390495300293,2797276,0.0,0.0
1999-01-11,15.555485725402832,15.555485725402832,14.689661979675293,14.968485832214355,10.193854331970215,2525555,0.0,0.0
1999-01-12,14.628026962280273,15.027186393737793,14.355072021484375,14.557586669921875,9.91402530670166,2132029,0.0,0.0
1999-01-13,15.261985778808594,15.408736228942871,13.926562309265137,14.087986946105957,9.594217300415039,2197616,0.0,0.0
1999-01-14,14.023417472839355,14.302242279052734,13.618388175964355,13.856122016906738,9.436311721801758,752981,0.0,0.0
1999-01-15,14.176036834716797,14.381486892700195,13.618388175964355,13.671217918395996,9.310388565063477,1053663,0.0,0.0
1999-01-18,13.820901870727539,13.89427661895752,13.383587837219238,13.500988006591797,9.194459915161133,481261,0.0,0.0
1999-01-19,12.91398811340332,12.91398811340332,12.42090892791748,12.42090892791748,8.458902359008789,1005111,0.0,0.0
1999-01-20,12.42090892791748,12.42090892791748,12.42090892791748,12.42090892791748,8.458902359008789,0,0.0,0.0
1999-01-21,11.563888549804688,12.15088939666748,11.519864082336426,12.033489227294922,8.195059776306152,1143101,0.0,0.0
1999-01-22,12.297638893127441,12.385688781738281,11.634328842163086,11.786949157714844,8.027161598205566,629472,0.0,0.0
1999-01-25,11.593238830566406,11.739989280700684,11.103095054626465,11.241040229797363,7.6553874015808105,773424,0.0,0.0
1999-01-26,11.241040229797363,11.241040229797363,11.241040229797363,11.241040229797363,7.6553874015808105,0,0.0,0.0
1999-01-27,11.446490287780762,12.089254379272461,11.446490287780762,11.913153648376465,8.113109588623047,592845,0.0,0.0
1999-01-28,11.786949157714844,11.907283782958984,11.241040229797363,11.285064697265625,7.685368061065674,361158,0.0,0.0
1999-01-29,11.299739837646484,11.329090118408203,10.924059867858887,11.243974685668945,7.657384395599365,410562,0.0,0.0
1999-02-01,10.862424850463867,11.152990341186523,10.683389663696289,10.683389663696289,7.275613784790039,280238,0.0,0.0
1999-02-02,10.747960090637207,10.747960090637207,10.216726303100586,10.272491455078125,6.99578332901001,566440,0.0,0.0
1999-02-03,10.565990447998047,10.683389663696289,10.216726303100586,10.454460144042969,7.11970853805542,496593,0.0,0.0
1999-02-04,10.59533977508545,10.888839721679688,10.565990447998047,10.882969856262207,7.411532878875732,948893,0.0,0.0
1999-02-05,11.064940452575684,11.387789726257324,10.836009979248047,11.387789726257324,7.7553253173828125,1091994,0.0,0.0
1999-02-08,11.387789726257324,11.387789726257324,10.859490394592285,10.859490394592285,7.395541667938232,454003,0.0,0.0
1999-02-09,10.624690055847168,10.947540283203125,10.624690055847168,10.806659698486328,7.359563827514648,579216,0.0,0.0
1999-02-10,11.035590171813965,11.505188941955566,11.029720306396484,11.417140007019043,7.775314807891846,672061,0.0,0.0
1999-02-11,11.505188941955566,11.739989280700684,11.032654762268066,11.032654762268066,7.513473033905029,653322,0.0,0.0
1999-02-12,11.064940452575684,11.176469802856445,10.624690055847168,10.800789833068848,7.355566024780273,500852,0.0,0.0
1999-02-15,10.604145050048828,11.211689949035645,10.604145050048828,10.827204704284668,7.373555660247803,534072,0.0,0.0
1999-02-16,10.800789833068848,11.695963859558105,10.577730178833008,11.695963859558105,7.965198040008545,857752,0.0,0.0
1999-02-17,12.49721908569336,12.632227897644043,12.156759262084961,12.632227897644043,8.602813720703125,1190801,0.0,0.0
1999-02-18,13.471637725830078,13.471637725830078,12.444389343261719,12.50308895111084,8.514867782592773,1236798,0.0,0.0
1999-02-19,12.50308895111084,12.90811824798584,12.062838554382324,12.268288612365723,8.354964256286621,749574,0.0,0.0
1999-02-22,12.3827543258667,12.679187774658203,11.895544052124023,11.930764198303223,8.125102996826172,705281,0.0,0.0
1999-02-23,11.889674186706543,11.974788665771484,11.452360153198242,11.798688888549805,8.03515625,839864,0.0,0.0
1999-02-24,11.816299438476562,12.033489227294922,11.813364028930664,12.033489227294922,8.195059776306152,239352,0.0,0.0
1999-02-25,12.142084121704102,12.142084121704102,11.505188941955566,11.505188941955566,7.835275173187256,264906,0.0,0.0
1999-02-26,11.511058807373047,11.593238830566406,11.158860206604004,11.329090118408203,7.715348720550537,557070,0.0,0.0
1999-03-01,12.209589004516602,12.209589004516602,11.505188941955566,11.857389450073242,8.075136184692383,596252,0.0,0.0
1999-03-02,11.857389450073242,11.857389450073242,11.857389450073242,11.857389450073242,8.075136184692383,0,0.0,0.0
1999-03-03,12.50308895111084,12.50308895111084,11.857389450073242,12.027619361877441,8.191062927246094,827939,0.0,0.0
1999-03-04,12.033489227294922,12.033489227294922,11.622589111328125,11.901413917541504,8.105116844177246,319421,0.0,0.0
1999-03-05,12.018814086914062,12.855287551879883,11.927828788757324,12.855287551879883,8.754721641540527,874787,0.0,0.0
1999-03-08,13.885472297668457,13.885472297668457,13.885472297668457,13.885472297668457,9.456303596496582,113288,0.0,0.0
1999-03-09,14.997836112976074,14.997836112976074,13.559687614440918,14.997836112976074,10.213844299316406,3148213,0.0,0.0
1999-03-10,16.142484664916992,16.19824981689453,14.674986839294434,16.19824981689453,11.031351089477539,3576664,0.0,0.0
1999-03-11,16.435985565185547,17.433883666992188,15.91649055480957,16.49468421936035,11.23322868347168,3107328,0.0,0.0
1999-03-12,16.72948455810547,17.081684112548828,16.207054138183594,17.022985458374023,11.593011856079102,3474449,0.0,0.0
1999-03-15,16.641435623168945,18.185243606567383,16.641435623168945,17.37518310546875,11.832866668701172,4499152,0.0,0.0
1999-03-16,17.316484451293945,17.551284790039062,16.435985565185547,16.435985565185547,11.193254470825195,2953154,0.0,0.0
1999-03-17,17.609983444213867,17.750864028930664,16.738290786743164,17.257783889770508,11.752917289733887,4465932,0.0,0.0
1999-03-18,17.316484451293945,18.640167236328125,17.081684112548828,18.640167236328125,12.694347381591797,4816017,0.0,0.0
1999-03-19,19.077482223510742,19.077482223510742,17.316484451293945,17.668684005737305,12.032744407653809,3534074,0.0,0.0
1999-03-22,18.17937469482422,18.490482330322266,17.686294555664062,18.020883560180664,12.272602081298828,3274278,0.0,0.0
1999-03-23,18.12360954284668,18.4200439453125,17.32235336303711,17.40453338623047,11.85285472869873,2642251,0.0,0.0
1999-03-24,18.132413864135742,18.2204647064209,16.735355377197266,17.354639053344727,11.818878173828125,1462522,0.0,0.0
1999-03-25,17.316484451293945,17.442689895629883,16.72948455810547,17.140384674072266,11.672966003417969,760648,0.0,0.0
1999-03-26,16.794055938720703,17.169734954833984,16.083784103393555,16.55338478088379,11.273205757141113,916525,0.0,0.0
1999-03-29,16.55338478088379,16.55338478088379,16.55338478088379,16.55338478088379,11.273205757141113,0,0.0,0.0
1999-03-30,16.72948455810547,16.72948455810547,15.229701042175293,15.376450538635254,10.471689224243164,2109030,0.0,0.0
1999-03-31,15.68756103515625,16.43011474609375,15.590705871582031,15.825506210327148,10.777505874633789,3164397,0.0,0.0
1999-04-01,16.083784103393555,16.083784103393555,15.496786117553711,15.555485725402832,10.593613624572754,1412266,0.0,0.0
1999-04-02,15.555485725402832,15.555485725402832,15.555485725402832,15.555485725402832,10.593613624572754,0,0.0,0.0
1999-04-05,15.264921188354492,15.429281234741211,14.322787284851074,14.322787284851074,9.754121780395508,916525,0.0,0.0
1999-04-06,13.515663146972656,14.440187454223633,13.515663146972656,14.105596542358398,9.606209754943848,1274277,0.0,0.0
1999-04-07,14.440187454223633,15.235570907592773,14.269956588745117,14.498887062072754,9.874048233032227,1700171,0.0,0.0
1999-04-08,14.674986839294434,14.792387008666992,13.794486999511719,13.908951759338379,9.472290992736816,880750,0.0,0.0
1999-04-09,13.794486999511719,13.8003568649292,13.18400764465332,13.500988006591797,9.194459915161133,811755,0.0,0.0
1999-04-12,13.389457702636719,14.087986946105957,13.301407814025879,13.565558433532715,9.238432884216309,850085,0.0,0.0
1999-04-13,13.451092720031738,13.500988006591797,12.855287551879883,12.855287551879883,8.754721641540527,873936,0.0,0.0
1999-04-14,12.855287551879883,12.855287551879883,12.855287551879883,12.855287551879883,8.754721641540527,0,0.0,0.0
1999-04-15,12.620488166809082,13.201618194580078,11.828039169311523,11.828039169311523,8.055146217346191,2038332,0.0,0.0
1999-04-16,11.622589111328125,12.776042938232422,11.152990341186523,12.776042938232422,8.700756072998047,6942936,0.0,0.0
1999-04-19,10.976889610290527,11.610849380493164,10.862424850463867,11.299739837646484,7.695361614227295,1156730,0.0,0.0
1999-04-20,11.472904205322266,11.681288719177246,10.976889610290527,11.182339668273926,7.615409851074219,1373084,0.0,0.0
1999-04-21,11.329090118408203,11.739989280700684,11.329090118408203,11.537473678588867,7.857264041900635,861159,0.0,0.0
1999-04-22,11.563888549804688,12.46199893951416,11.563888549804688,12.46199893951416,8.486886024475098,3051961,0.0,0.0
1999-04-23,12.385688781738281,13.025518417358398,11.974788665771484,12.708538055419922,8.65478229522705,2955709,0.0,0.0
1999-04-26,11.713574409484863,13.26618766784668,11.713574409484863,12.49721908569336,8.510869979858398,4252984,0.0,0.0
1999-04-27,12.49721908569336,12.49721908569336,12.49721908569336,12.49721908569336,8.510869979858398,0,0.0,0.0
1999-04-28,12.356339454650879,13.324888229370117,12.356339454650879,13.148788452148438,8.954604148864746,2619252,0.0,0.0
1999-04-29,13.207488059997559,14.029287338256836,12.796587944030762,13.794486999511719,9.39433765411377,5073258,0.0,0.0
1999-04-30,13.829707145690918,14.898045539855957,12.740822792053223,13.612518310546875,9.270413398742676,7863720,0.0,0.0
1999-05-03,13.794486999511719,14.205387115478516,13.213357925415039,13.471637725830078,9.174470901489258,3712950,0.0,0.0
1999-05-04,13.445222854614258,14.140816688537598,13.445222854614258,13.794486999511719,9.39433765411377,3293869,0.0,0.0
1999-05-05,13.91482162475586,13.91482162475586,13.500988006591797,13.512727737426758,9.202454566955566,1676321,0.0,0.0
1999-05-06,13.500988006591797,13.583168029785156,13.09595775604248,13.207488059997559,8.994577407836914,1299830,0.0,0.0
1999-05-07,13.330758094787598,14.264086723327637,13.090087890625,13.618388175964355,9.274412155151367,4546000,0.0,0.0
1999-05-10,13.794486999511719,13.835577011108398,13.474573135375977,13.618388175964355,9.274412155151367,1637139,0.0,0.0
1999-05-11,13.647738456726074,14.704337120056152,13.618388175964355,14.704337120056152,10.01396369934082,4103070,0.0,0.0
1999-05-12,15.009575843811035,15.009575843811035,13.559687614440918,13.84731674194336,9.430315971374512,2821978,0.0,0.0
1999-05-13,14.087986946105957,14.381486892700195,13.911887168884277,14.035157203674316,9.558239936828613,2260649,0.0,0.0
1999-05-14,14.143752098083496,14.311046600341797,13.794486999511719,13.823837280273438,9.414323806762695,1953153,0.0,0.0
1999-05-17,14.020482063293457,14.440187454223633,13.680023193359375,14.176036834716797,9.654180526733398,3408009,0.0,0.0
1999-05-18,14.205387115478516,14.645636558532715,14.058636665344238,14.146686553955078,9.634193420410156,3074108,0.0,0.0
1999-05-19,14.522366523742676,15.279596328735352,14.176036834716797,15.279596328735352,10.405729293823242,4587738,0.0,0.0
1999-05-20,15.496786117553711,15.496786117553711,14.557586669921875,14.674986839294434,9.993975639343262,3661843,0.0,0.0
1999-05-21,14.763036727905273,14.848152160644531,13.677087783813477,13.885472297668457,9.456303596496582,2563886,0.0,0.0
1999-05-24,13.91482162475586,13.941237449645996,13.521533012390137,13.77981185913086,9.3843412399292,1179728,0.0,0.0
1999-05-25,13.77981185913086,14.029287338256836,13.603713035583496,13.721113204956055,9.344367027282715,2614993,0.0,0.0
1999-05-26,13.897212028503418,14.026351928710938,12.796587944030762,13.148788452148438,8.954604148864746,3269168,0.0,0.0
1999-05-27,12.91398811340332,13.677087783813477,12.679187774658203,12.679187774658203,8.634796142578125,2747021,0.0,0.0
1999-05-28,12.620488166809082,12.620488166809082,11.666613578796387,12.15088939666748,8.27501106262207,3688248,0.0,0.0
1999-05-31,12.156759262084961,12.73788833618164,12.156759262084961,12.620488166809082,8.594819068908691,2101364,0.0,0.0
1999-06-01,12.4502592086792,12.561788558959961,11.960113525390625,11.960113525390625,8.145089149475098,1890120,0.0,0.0
1999-06-02,12.092188835144043,12.3827543258667,12.030553817749023,12.282963752746582,8.364957809448242,983816,0.0,0.0
1999-06-03,12.32698917388916,12.561788558959961,12.268288612365723,12.280029296875,8.362958908081055,873936,0.0,0.0
1999-06-04,12.42090892791748,12.84061336517334,12.42090892791748,12.602877616882324,8.582823753356934,2507668,0.0,0.0
1999-06-07,12.620488166809082,13.383587837219238,12.620488166809082,13.16346263885498,8.964597702026367,3001706,0.0,0.0
1999-06-08,13.00203800201416,13.618388175964355,12.796587944030762,13.35423755645752,9.094518661499023,2275981,0.0,0.0
1999-06-09,13.495118141174316,13.677087783813477,13.17813777923584,13.22509765625,9.006570816040039,1564737,0.0,0.0
1999-06-10,13.559687614440918,13.612518310546875,13.139983177185059,13.207488059997559,8.994577407836914,764055,0.0,0.0
1999-06-11,13.154658317565918,13.20455265045166,12.86115837097168,13.060737609863281,8.894639015197754,1290461,0.0,0.0
1999-06-14,12.062838554382324,12.6498384475708,12.062838554382324,12.57059383392334,8.560840606689453,838160,0.0,0.0
1999-06-15,12.679187774658203,12.91398811340332,12.268288612365723,12.365143775939941,8.420924186706543,1581773,0.0,0.0
1999-06-16,12.45612907409668,12.796587944030762,12.338728904724121,12.723213195800781,8.664773941040039,975298,0.0,0.0
1999-06-17,12.679187774658203,13.442288398742676,12.679187774658203,13.181073188781738,8.97658920288086,2537480,0.0,0.0
1999-06-18,13.295537948608398,13.677087783813477,12.972687721252441,13.107698440551758,8.926620483398438,2310053,0.0,0.0
1999-06-21,13.559687614440918,13.794486999511719,13.324888229370117,13.477507591247559,9.178467750549316,3321127,0.0,0.0
1999-06-22,13.500988006591797,13.559687614440918,13.031388282775879,13.16346263885498,8.964597702026367,2088587,0.0,0.0
1999-06-23,13.324888229370117,13.442288398742676,12.9198579788208,13.02845287322998,8.872651100158691,1980410,0.0,0.0
1999-06-24,12.91398811340332,13.031388282775879,12.69092845916748,12.984428405761719,8.842672348022461,730835,0.0,0.0
1999-06-25,12.978557586669922,13.17813777923584,12.620488166809082,12.685057640075684,8.638792991638184,1491483,0.0,0.0
1999-06-28,12.855287551879883,13.060737609863281,12.802457809448242,12.916922569274902,8.796697616577148,902896,0.0,0.0
1999-06-29,13.148788452148438,13.324888229370117,12.972687721252441,13.107698440551758,8.926620483398438,2280240,0.0,0.0
1999-06-30,13.30727767944336,13.9353666305542,13.30727767944336,13.633063316345215,9.284403800964355,4634586,0.0,0.0
1999-07-01,13.691762924194336,13.735788345336914,13.17813777923584,13.257383346557617,9.028558731079102,1424192,0.0,0.0
1999-07-02,13.24564266204834,13.471637725830078,13.195748329162598,13.233902931213379,9.012568473815918,1688246,0.0,0.0
1999-07-05,13.407068252563477,14.076247215270996,13.324888229370117,13.903081893920898,9.46829605102539,3385863,0.0,0.0
1999-07-06,14.205387115478516,14.616287231445312,13.955911636352539,14.413771629333496,9.816082954406738,3015334,0.0,0.0
1999-07-07,14.674986839294434,14.792387008666992,14.087986946105957,14.337462425231934,9.764117240905762,3388418,0.0,0.0
1999-07-08,14.293437004089355,15.438085556030273,13.985261917114258,15.247310638427734,10.383742332458496,8465084,0.0,0.0
1999-07-09,15.308945655822754,15.731586456298828,15.147521018981934,15.479175567626953,10.541645050048828,6048557,0.0,0.0
1999-07-12,15.731586456298828,16.717744827270508,15.731586456298828,16.717744827270508,11.385139465332031,5770873,0.0,0.0
1999-07-13,16.90558433532715,17.6070499420166,15.737456321716309,15.969321250915527,10.875444412231445,3857754,0.0,0.0
1999-07-14,16.195314407348633,16.37728500366211,15.67288589477539,15.743326187133789,10.721540451049805,2125214,0.0,0.0
1999-07-15,15.966385841369629,16.20118522644043,14.968485832214355,15.259051322937012,10.391738891601562,2004260,0.0,0.0
1999-07-16,15.085886001586914,15.408736228942871,14.915656089782715,15.047731399536133,10.247822761535645,2203579,0.0,0.0
1999-07-19,15.438085556030273,16.13368034362793,15.335360527038574,15.851921081542969,10.795492172241211,5112440,0.0,0.0
1999-07-20,15.555485725402832,17.022985458374023,15.267855644226074,16.421310424804688,11.183259963989258,8858610,0.0,0.0
1999-07-21,16.435985565185547,17.24017333984375,16.259885787963867,16.506425857543945,11.24122428894043,7410568,0.0,0.0
1999-07-22,16.758834838867188,17.827173233032227,16.08965492248535,17.351703643798828,11.816876411437988,16408872,0.0,0.0
1999-07-23,17.433883666992188,17.6070499420166,16.670785903930664,16.993635177612305,11.573023796081543,10183995,0.0,0.0
1999-07-26,16.923194885253906,18.0120792388916,16.72948455810547,17.621723175048828,12.000768661499023,12054525,0.0,0.0
1999-07-27,17.492584228515625,19.018783569335938,17.381053924560547,18.52863883972168,12.618395805358887,11002564,0.0,0.0
1999-07-28,18.78398323059082,19.235973358154297,17.827173233032227,18.04142951965332,12.286595344543457,10611593,0.0,0.0
1999-07-29,18.31438446044922,18.31438446044922,17.204954147338867,17.442689895629883,11.878840446472168,5605626,0.0,0.0
1999-07-30,17.433883666992188,17.433883666992188,16.911455154418945,17.102230072021484,11.646982192993164,2294720,0.0,0.0
1999-08-02,16.559255599975586,17.609983444213867,16.556320190429688,16.934934616088867,11.533049583435059,4690804,0.0,0.0
1999-08-03,16.670785903930664,16.78231430053711,15.907686233520508,16.09552574157715,10.96139144897461,7346684,0.0,0.0
1999-08-04,16.612085342407227,17.099294662475586,16.142484664916992,16.817535400390625,11.453095436096191,2854346,0.0,0.0
1999-08-05,17.037660598754883,18.16469955444336,17.037660598754883,17.642269134521484,12.014758110046387,5351793,0.0,0.0
1999-08-06,17.96218490600586,18.60788345336914,17.668684005737305,18.06784439086914,12.304581642150879,6336462,0.0,0.0
1999-08-09,18.211658477783203,18.534507751464844,17.97392463684082,18.117738723754883,12.338561058044434,5239357,0.0,0.0
1999-08-10,18.0795841217041,18.9600830078125,17.909353256225586,18.496353149414062,12.59640884399414,5527262,0.0,0.0
1999-08-11,17.786083221435547,18.519832611083984,17.316484451293945,18.1529598236084,12.362547874450684,4878198,0.0,0.0
1999-08-12,18.252748489379883,18.31438446044922,17.90641975402832,17.991533279418945,12.252613067626953,1093697,0.0,0.0
1999-08-13,18.0854549407959,18.196983337402344,17.730318069458008,17.8095645904541,12.128689765930176,1584328,0.0,0.0
1999-08-16,17.897613525390625,18.666582107543945,17.874134063720703,18.461132049560547,12.572419166564941,2572404,0.0,0.0
1999-08-17,18.59320831298828,19.940372467041016,18.461132049560547,19.940372467041016,13.579816818237305,8207843,0.0,0.0
1999-08-18,21.484180450439453,21.484180450439453,19.576431274414062,19.68796157836914,13.407916069030762,5085183,0.0,0.0
1999-08-19,19.8405818939209,19.899282455444336,18.549182891845703,18.778112411499023,12.788291931152344,3155880,0.0,0.0
1999-08-20,18.842683792114258,19.429683685302734,18.05610466003418,19.13324737548828,13.030147552490234,4267465,0.0,0.0
1999-08-23,19.429683685302734,19.95798110961914,19.018783569335938,19.306413650512695,13.148076057434082,2567293,0.0,0.0
1999-08-24,18.842683792114258,20.838481903076172,18.842683792114258,20.574331283569336,14.011550903320312,9396089,0.0,0.0
1999-08-25,20.54498291015625,21.296340942382812,19.517732620239258,20.239742279052734,13.783690452575684,7599665,0.0,0.0
1999-08-26,20.54498291015625,21.660280227661133,20.201587677001953,21.105566024780273,14.373335838317871,5505115,0.0,0.0
1999-08-27,21.42548179626465,22.796125411987305,21.42548179626465,22.796125411987305,15.524645805358887,7229989,0.0,0.0
1999-08-30,23.479978561401367,24.014148712158203,22.129880905151367,22.62589454650879,15.408713340759277,4689952,0.0,0.0
1999-08-31,22.77557945251465,23.597379684448242,22.077049255371094,22.85482406616211,15.564616203308105,4402048,0.0,0.0
1999-09-01,23.47704315185547,23.47704315185547,21.777679443359375,22.48794937133789,15.31476879119873,2073255,0.0,0.0
1999-09-02,22.24728012084961,22.82840919494629,21.777679443359375,21.930299758911133,14.9349946975708,1735095,0.0,0.0
1999-09-03,22.185644149780273,22.482080459594727,21.71898078918457,21.900949478149414,14.915009498596191,1254685,0.0,0.0
1999-09-06,21.607450485229492,21.968454360961914,21.19068145751953,21.61332130432129,14.71912956237793,979557,0.0,0.0
1999-09-07,21.777679443359375,21.777679443359375,21.01458168029785,21.126110076904297,14.387328147888184,1891824,0.0,0.0
1999-09-08,21.953779220581055,22.305980682373047,21.54288101196289,21.66615104675293,14.755105972290039,1379047,0.0,0.0
1999-09-09,21.836380004882812,21.86573028564453,21.076215744018555,21.31688690185547,14.517251014709473,1018740,0.0,0.0
1999-09-10,21.01458168029785,21.23470687866211,20.8531551361084,21.14959144592285,14.403321266174316,805792,0.0,0.0
1999-09-13,21.14959144592285,21.14959144592285,21.14959144592285,21.14959144592285,14.403321266174316,0,0.0,0.0
1999-09-14,21.131980895996094,21.36678123474121,20.016681671142578,20.277896881103516,13.809677124023438,1521296,0.0,0.0
1999-09-15,20.803260803222656,20.803260803222656,19.8405818939209,19.9755916595459,13.603798866271973,1576662,0.0,0.0
1999-09-16,19.95798110961914,20.233871459960938,19.670352935791016,19.790687561035156,13.477879524230957,390971,0.0,0.0
1999-09-17,19.62045669555664,20.310182571411133,19.409137725830078,20.169301986694336,13.735724449157715,1263203,0.0,0.0
1999-09-20,20.310182571411133,20.468671798706055,19.66448211669922,19.75546646118164,13.453890800476074,834753,0.0,0.0
1999-09-21,19.78188133239746,19.8405818939209,19.077482223510742,19.17433738708496,13.058131217956543,1708689,0.0,0.0
1999-09-22,19.60578155517578,20.216262817382812,19.429683685302734,19.82590675354004,13.501862525939941,1421636,0.0,0.0
1999-09-23,19.723182678222656,21.413740158081055,19.667417526245117,21.211225509643555,14.445292472839355,1919933,0.0,0.0
1999-09-24,21.660280227661133,22.892980575561523,21.131980895996094,21.36678123474121,14.551229476928711,3137992,0.0,0.0
1999-09-27,21.19068145751953,21.89508056640625,20.603681564331055,21.043930053710938,14.3313570022583,1966781,0.0,0.0
1999-09-28,20.615421295166016,21.484180450439453,20.409971237182617,21.023386001586914,14.317373275756836,2358605,0.0,0.0
1999-09-29,21.71898078918457,22.70513916015625,21.42548179626465,22.388160705566406,15.246807098388672,5713803,0.0,0.0
1999-09-30,22.59947967529297,22.59947967529297,21.42548179626465,21.68963050842285,14.771097183227539,1867122,0.0,0.0
1999-10-01,21.131980895996094,21.713111877441406,20.691730499267578,21.278730392456055,14.491263389587402,1279387,0.0,0.0
1999-10-04,20.691730499267578,20.955881118774414,19.66448211669922,19.82297134399414,13.499863624572754,906304,0.0,0.0
1999-10-05,19.66448211669922,20.54498291015625,19.370983123779297,20.266157150268555,13.801681518554688,2512779,0.0,0.0
1999-10-06,20.398231506347656,20.955881118774414,18.666582107543945,19.98733139038086,13.61179256439209,2483818,0.0,0.0
1999-10-07,20.92066192626953,21.249380111694336,20.263221740722656,21.085020065307617,14.359347343444824,1344123,0.0,0.0
1999-10-08,21.42548179626465,21.71898078918457,20.54498291015625,20.773910522460938,14.147473335266113,1332198,0.0,0.0
1999-10-11,21.13785171508789,21.660280227661133,20.618356704711914,20.999906539916992,14.301379203796387,2062182,0.0,0.0
1999-10-12,20.66238021850586,21.043930053710938,20.327791213989258,20.500957489013672,13.961585998535156,1361159,0.0,0.0
1999-10-13,20.54204750061035,21.073280334472656,20.134082794189453,20.51563262939453,13.971578598022461,1089438,0.0,0.0
1999-10-14,20.779781341552734,22.159229278564453,20.603681564331055,22.024219512939453,14.998960494995117,2310053,0.0,0.0
1999-10-15,22.59947967529297,23.010379791259766,21.42548179626465,21.551685333251953,14.677148818969727,1903749,0.0,0.0
1999-10-18,22.482080459594727,23.277463912963867,22.24728012084961,23.277463912963867,15.852444648742676,2439525,0.0,0.0
1999-10-19,23.277463912963867,23.277463912963867,23.277463912963867,23.277463912963867,15.852444648742676,0,0.0,0.0
1999-10-20,25.07368278503418,25.07368278503418,23.479978561401367,24.351673126220703,16.584007263183594,4420787,0.0,0.0
1999-10-21,24.941608428955078,25.00617790222168,22.716880798339844,23.00450897216797,15.666556358337402,1758093,0.0,0.0
1999-10-22,22.54371452331543,24.360477447509766,22.250215530395508,23.96718978881836,16.322160720825195,2849235,0.0,0.0
1999-10-25,25.147058486938477,25.945377349853516,23.805763244628906,24.498422622680664,16.683944702148438,3749577,0.0,0.0
1999-10-26,24.595277786254883,24.595277786254883,24.00827980041504,24.216663360595703,16.4920597076416,1914822,0.0,0.0
1999-10-27,25.123577117919922,25.123577117919922,23.127779006958008,23.529874801635742,16.02434539794922,1505112,0.0,0.0
1999-10-28,23.186479568481445,23.35377311706543,22.012479782104492,22.21792984008789,15.130877494812012,1270018,0.0,0.0
1999-10-29,22.593610763549805,22.658180236816406,20.603681564331055,21.58397102355957,14.699135780334473,1776832,0.0,0.0
1999-11-01,21.742460250854492,21.777679443359375,19.861127853393555,19.91982650756836,13.565824508666992,1733391,0.0,0.0
1999-11-02,19.4355525970459,21.513530731201172,18.789852142333984,21.513530731201172,14.651166915893555,1239353,0.0,0.0
1999-11-03,23.11310386657715,23.11310386657715,21.19068145751953,22.25901985168457,15.15886402130127,1982965,0.0,0.0
1999-11-04,22.36467933654785,23.714778900146484,21.836380004882812,23.35377311706543,15.904415130615234,2516186,0.0,0.0
1999-11-05,23.597379684448242,24.360477447509766,23.24517822265625,23.808698654174805,16.2142276763916,2755539,0.0,0.0
1999-11-08,23.808698654174805,23.808698654174805,23.808698654174805,23.808698654174805,16.2142276763916,0,0.0,0.0
1999-11-09,26.414976119995117,27.770944595336914,25.53447723388672,27.770944595336914,18.912607192993164,3860310,0.0,0.0
1999-11-10,28.46947479248047,29.992738723754883,28.46947479248047,29.992738723754883,20.425687789916992,3623512,0.0,0.0
1999-11-11,30.532777786254883,30.993572235107422,27.647674560546875,28.29043960571289,19.266389846801758,5374791,0.0,0.0
1999-11-12,27.327760696411133,29.625864028930664,27.001976013183594,27.95291519165039,19.036527633666992,8108184,0.0,0.0
1999-11-15,28.04683494567871,28.04683494567871,25.886676788330078,26.963821411132812,18.362930297851562,5488079,0.0,0.0
1999-11-16,26.88457679748535,27.016651153564453,25.593177795410156,26.00701141357422,17.711326599121094,3835608,0.0,0.0
1999-11-17,26.767175674438477,27.06067657470703,25.65481185913086,25.65481185913086,17.47146987915039,3337311,0.0,0.0
1999-11-18,25.82797622680664,26.0481014251709,25.12944793701172,25.68122673034668,17.489458084106445,988927,0.0,0.0
1999-11-19,25.792757034301758,27.73572540283203,25.540346145629883,27.107635498046875,18.46086883544922,6294724,0.0,0.0
1999-11-22,25.82797622680664,27.700504302978516,25.82797622680664,27.151660919189453,18.490854263305664,4061332,0.0,0.0
1999-11-23,27.151660919189453,27.151660919189453,27.151660919189453,27.151660919189453,18.490854263305664,0,0.0,0.0
1999-11-24,28.704273223876953,28.704273223876953,27.58897590637207,27.66822052001953,18.842639923095703,1506815,0.0,0.0
1999-11-25,27.823774337768555,28.381425857543945,27.383525848388672,27.800294876098633,18.932592391967773,1113186,0.0,0.0
1999-11-26,28.11727523803711,28.11727523803711,27.44222640991211,27.50679588317871,18.732715606689453,828723,0.0,0.0
1999-11-29,27.76507568359375,27.76507568359375,26.731956481933594,27.122310638427734,18.470869064331055,710937,0.0,0.0
1999-11-30,26.88457679748535,27.527339935302734,26.238876342773438,26.802396774291992,18.252994537353516,1265878,0.0,0.0
1999-12-01,26.996105194091797,27.530275344848633,26.591075897216797,26.922731399536133,18.334943771362305,858671,0.0,0.0
1999-12-02,26.726085662841797,27.29547691345215,26.726085662841797,27.025455474853516,18.404909133911133,438535,0.0,0.0
1999-12-03,27.46864128112793,27.882474899291992,26.767175674438477,26.916860580444336,18.33094596862793,1062505,0.0,0.0
1999-12-06,26.414976119995117,27.001976013183594,25.240976333618164,26.699670791625977,18.18303871154785,1845947,0.0,0.0
1999-12-07,27.23677635192871,27.23677635192871,25.2996768951416,25.91015625,17.645362854003906,1888826,0.0,0.0
1999-12-08,26.99317169189453,26.99317169189453,24.65397834777832,25.10009765625,17.093698501586914,1247241,0.0,0.0
1999-12-09,26.062776565551758,26.062776565551758,24.360477447509766,24.73615837097168,16.845842361450195,1684362,0.0,0.0
1999-12-10,24.91225814819336,26.717281341552734,24.80072784423828,26.717281341552734,18.195030212402344,2159797,0.0,0.0
1999-12-13,27.29547691345215,28.85689353942871,27.01958656311035,28.29043960571289,19.266389846801758,3921298,0.0,0.0
1999-12-14,28.85689353942871,29.643474578857422,27.90008544921875,28.38435935974121,19.33034896850586,3918810,0.0,0.0
1999-12-15,29.349973678588867,29.408674240112305,26.825876235961914,27.920629501342773,19.01453971862793,5610209,0.0,0.0
1999-12-16,27.44222640991211,29.760873794555664,27.44222640991211,28.93907356262207,19.70811653137207,5446733,0.0,0.0
1999-12-17,29.29127311706543,29.878273010253906,28.41077423095703,28.63089942932129,19.49825096130371,5012985,0.0,0.0
1999-12-20,28.880374908447266,30.758773803710938,28.880374908447266,29.975128173828125,20.4136962890625,9526515,0.0,0.0
1999-12-21,30.465272903442383,30.641372680664062,29.467374801635742,29.664018630981445,20.20182228088379,2561211,0.0,0.0
1999-12-22,29.81957244873047,29.936973571777344,28.35794448852539,28.77471351623535,19.596189498901367,2515487,0.0,0.0
1999-12-23,28.175975799560547,28.46947479248047,27.77975082397461,28.111404418945312,19.144460678100586,838637,0.0,0.0
1999-12-24,27.853124618530273,27.853124618530273,26.717281341552734,27.028390884399414,18.406904220581055,1346168,0.0,0.0
1999-12-27,26.552921295166016,27.471576690673828,25.53447723388672,26.55879020690918,18.087099075317383,1492590,0.0,0.0
1999-12-28,26.414976119995117,27.60071563720703,26.414976119995117,27.41287612915039,18.668743133544922,1431875,0.0,0.0
1999-12-29,27.76507568359375,28.058574676513672,27.310150146484375,27.65648078918457,18.83465003967285,1146508,0.0,0.0
1999-12-30,28.055639266967773,29.869468688964844,27.94117546081543,29.6170597076416,20.169843673706055,5916393,0.0,0.0
1999-12-31,29.6170597076416,29.6170597076416,29.6170597076416,29.6170597076416,20.169843673706055,0,0.0,0.0
2000-01-03,30.7000732421875,31.988536834716797,30.230472564697266,31.988536834716797,21.784870147705078,9996874,0.0,0.0
2000-01-04,32.284969329833984,33.15373229980469,30.582672119140625,32.082454681396484,21.84882926940918,8737009,0.0,0.0
2000-01-05,29.643474578857422,32.39649963378906,29.643474578857422,30.67072296142578,20.887405395507812,3647413,0.0,0.0
2000-01-06,30.34787368774414,32.34366989135742,29.664018630981445,31.110971450805664,21.187227249145508,3454551,0.0,0.0
2000-01-07,30.30678367614746,31.40447235107422,28.622095108032227,28.633834838867188,19.500246047973633,1574209,0.0,0.0
2000-01-10,29.29127311706543,29.878273010253906,27.94117546081543,28.111404418945312,19.144460678100586,1061721,0.0,0.0
2000-01-11,28.41077423095703,28.41077423095703,25.863197326660156,26.403236389160156,17.98116111755371,2447140,0.0,0.0
2000-01-12,26.855226516723633,27.882474899291992,26.70847511291504,27.26319122314453,18.566808700561523,1123680,0.0,0.0
2000-01-13,27.301345825195312,28.46947479248047,27.001976013183594,28.07324981689453,19.11847686767578,1638331,0.0,0.0
2000-01-14,28.352075576782227,28.692533493041992,27.06067657470703,27.25145149230957,18.55881690979004,1169029,0.0,0.0
2000-01-17,28.17010498046875,28.175975799560547,27.001976013183594,27.421680450439453,18.674745559692383,898535,0.0,0.0
2000-01-18,26.88457679748535,27.41287612915039,26.70847511291504,26.937406539916992,18.344942092895508,1223033,0.0,0.0
2000-01-19,27.58897590637207,28.11433982849121,27.29547691345215,27.721050262451172,18.878620147705078,910597,0.0,0.0
2000-01-20,28.11727523803711,28.11727523803711,27.119375228881836,27.19568634033203,18.520841598510742,795895,0.0,0.0
2000-01-21,27.175140380859375,27.29547691345215,26.70847511291504,26.811201095581055,18.259000778198242,979387,0.0,0.0
2000-01-24,26.890445709228516,27.119375228881836,26.244747161865234,26.3856258392334,17.969165802001953,551312,0.0,0.0
2000-01-25,25.916027069091797,27.58897590637207,25.81623649597168,27.22210121154785,18.53882598876953,1629592,0.0,0.0
2000-01-26,27.22210121154785,27.22210121154785,27.22210121154785,27.22210121154785,18.53882598876953,0,0.0,0.0
2000-01-27,27.94117546081543,29.399869918823242,27.94117546081543,29.29127311706543,19.94797706604004,3868521,0.0,0.0
2000-01-28,29.467374801635742,29.934038162231445,27.650609970092773,28.190650939941406,19.198429107666016,2871740,0.0,0.0
2000-01-31,27.882474899291992,28.175975799560547,25.93657112121582,25.96592140197754,17.683334350585938,1562778,0.0,0.0
2000-02-01,25.593177795410156,26.649776458740234,25.311416625976562,26.200721740722656,17.843246459960938,2143579,0.0,0.0
2000-02-02,27.29254150390625,27.29254150390625,26.297576904296875,26.511831283569336,18.05512046813965,1065912,0.0,0.0
2000-02-03,26.585205078125,26.705541610717773,26.062776565551758,26.259422302246094,17.883220672607422,512198,0.0,0.0
2000-02-04,26.473676681518555,26.473676681518555,24.888778686523438,25.067813873291016,17.07171058654785,1055435,0.0,0.0
2000-02-07,25.064878463745117,25.525672912597656,24.134483337402344,25.191083908081055,17.155664443969727,824140,0.0,0.0
2000-02-08,24.8330135345459,25.34370231628418,24.536577224731445,24.651042938232422,16.787878036499023,1260733,0.0,0.0
2000-02-09,25.819171905517578,25.819171905517578,24.595277786254883,24.677457809448242,16.805871963500977,985179,0.0,0.0
2000-02-10,24.715612411499023,26.652711868286133,24.419178009033203,26.652711868286133,18.15106201171875,1963221,0.0,0.0
2000-02-11,27.471576690673828,27.471576690673828,24.888778686523438,25.455232620239258,17.335548400878906,1816492,0.0,0.0
2000-02-14,24.92399787902832,25.35837745666504,24.375152587890625,24.510162353515625,16.691940307617188,987956,0.0,0.0
2000-02-15,24.12567710876465,24.536577224731445,22.631765365600586,23.547483444213867,16.03632926940918,1897974,0.0,0.0
2000-02-16,23.773479461669922,24.469072341918945,23.479978561401367,23.638469696044922,16.09830093383789,1059966,0.0,0.0
2000-02-17,24.12567710876465,25.528606414794922,23.773479461669922,25.120643615722656,17.107688903808594,1239132,0.0,0.0
2000-02-18,25.064878463745117,25.20575714111328,23.773479461669922,24.122743606567383,16.428096771240234,1113152,0.0,0.0
2000-02-21,24.066978454589844,24.360477447509766,22.892980575561523,24.119808197021484,16.426101684570312,1409132,0.0,0.0
2000-02-22,24.025888442993164,24.184377670288086,22.892980575561523,23.074949264526367,15.714529991149902,1343612,0.0,0.0
2000-02-23,24.00827980041504,24.30177879333496,23.06907844543457,23.415409088134766,15.946393013000488,455060,0.0,0.0
2000-02-24,23.656078338623047,23.656078338623047,22.59947967529297,23.40953826904297,15.942394256591797,569080,0.0,0.0
2000-02-25,23.24517822265625,24.592342376708984,23.186479568481445,24.052303314208984,16.3801212310791,672930,0.0,0.0
2000-02-28,23.773479461669922,25.9776611328125,23.670753479003906,25.69590187072754,17.49945068359375,1057121,0.0,0.0
2000-02-29,25.82797622680664,25.933637619018555,23.650209426879883,24.2195987701416,16.494060516357422,1299915,0.0,0.0
2000-03-01,23.773479461669922,25.240976333618164,23.06907844543457,24.812467575073242,16.89781379699707,753544,0.0,0.0
2000-03-02,25.123577117919922,26.062776565551758,23.573898315429688,23.958383560180664,16.3161678314209,931431,0.0,0.0
2000-03-03,23.526939392089844,23.890878677368164,22.079984664916992,22.22086524963379,15.132882118225098,625503,0.0,0.0
2000-03-06,22.36467933654785,23.999473571777344,22.36467933654785,23.741193771362305,16.16826057434082,1073561,0.0,0.0
2000-03-07,24.243078231811523,24.243078231811523,22.012479782104492,22.63763427734375,15.416705131530762,991091,0.0,0.0
2000-03-08,23.890878677368164,23.890878677368164,22.012479782104492,22.358810424804688,15.226824760437012,339983,0.0,0.0
2000-03-09,21.777679443359375,22.755035400390625,20.57139778137207,20.674121856689453,14.079511642456055,318398,0.0,0.0
2000-03-10,20.66238021850586,20.955881118774414,19.05400276184082,19.224233627319336,13.092110633850098,603646,0.0,0.0
2000-03-13,18.9600830078125,19.370983123779297,18.0795841217041,18.16469955444336,12.3705472946167,514923,0.0,0.0
2000-03-14,17.551284790039062,18.196983337402344,16.711875915527344,16.82340431213379,11.457097053527832,973050,0.0,0.0
2000-03-15,17.604114532470703,18.10893440246582,16.964284896850586,17.976858139038086,12.242619514465332,505945,0.0,0.0
2000-03-16,17.844783782958984,18.020883560180664,17.081684112548828,17.709774017333984,12.0607328414917,515741,0.0,0.0
2000-03-17,17.709774017333984,17.709774017333984,17.709774017333984,17.709774017333984,12.0607328414917,0,0.0,0.0
2000-03-20,17.709774017333984,17.709774017333984,17.709774017333984,17.709774017333984,12.0607328414917,0,0.0,0.0
2000-03-21,18.25568389892578,19.12444305419922,17.113969802856445,18.27035903930664,12.442498207092285,1138484,0.0,0.0
2000-03-22,19.077482223510742,19.13618278503418,18.0795841217041,18.24687957763672,12.42651081085205,498978,0.0,0.0
2000-03-23,18.226333618164062,18.226333618164062,16.846885681152344,17.017114639282227,11.589014053344727,412351,0.0,0.0
2000-03-24,17.301809310913086,17.316484451293945,16.612085342407227,17.111034393310547,11.652976989746094,278330,0.0,0.0
2000-03-27,16.885040283203125,17.301809310913086,16.885040283203125,17.072879791259766,11.626993179321289,364310,0.0,0.0
2000-03-28,16.738290786743164,16.964284896850586,16.438919067382812,16.691329956054688,11.36715030670166,459148,0.0,0.0
2000-03-29,17.316484451293945,17.316484451293945,16.612085342407227,16.744159698486328,11.403124809265137,215673,0.0,0.0
2000-03-30,16.664915084838867,16.949609756469727,16.262819290161133,16.694265365600586,11.369149208068848,134736,0.0,0.0
2000-03-31,16.49468421936035,17.22843360900879,15.84898567199707,16.65904426574707,11.345163345336914,366678,0.0,0.0
2000-04-03,16.72948455810547,17.7420597076416,16.72948455810547,17.51312828063965,11.926810264587402,693867,0.0,0.0
2000-04-04,16.142484664916992,17.727384567260742,16.113134384155273,16.154224395751953,11.001367568969727,1005247,0.0,0.0
2000-04-05,16.72948455810547,17.257783889770508,16.435985565185547,16.846885681152344,11.473085403442383,464054,0.0,0.0
2000-04-06,17.017114639282227,17.433883666992188,15.84898567199707,16.36260986328125,11.143282890319824,541721,0.0,0.0
2000-04-07,16.656110763549805,17.671619415283203,16.656110763549805,17.671619415283203,12.034747123718262,557104,0.0,0.0
2000-04-10,19.018783569335938,19.086288452148438,17.96218490600586,18.86616325378418,12.848255157470703,961976,0.0,0.0
2000-04-11,18.549182891845703,18.78398323059082,17.492584228515625,18.340797424316406,12.490470886230469,398416,0.0,0.0
2000-04-12,18.546247482299805,18.546247482299805,17.871198654174805,18.0150146484375,12.268604278564453,363935,0.0,0.0
2000-04-13,17.087554931640625,17.492584228515625,16.72948455810547,17.278329849243164,11.7669095993042,310051,0.0,0.0
2000-04-14,17.278329849243164,17.278329849243164,17.278329849243164,17.278329849243164,11.7669095993042,0,0.0,0.0
2000-04-17,16.030956268310547,18.43178367614746,15.89594554901123,17.718578338623047,12.066726684570312,868024,0.0,0.0
2000-04-18,18.60788345336914,18.60788345336914,17.689228057861328,17.8770694732666,12.174663543701172,614003,0.0,0.0
2000-04-19,18.31438446044922,18.4846134185791,17.181474685668945,17.410404205322266,11.856850624084473,614583,0.0,0.0
2000-04-20,16.934934616088867,17.140384674072266,16.02508544921875,16.63556480407715,11.32917308807373,381806,0.0,0.0
2000-04-21,16.63556480407715,16.63556480407715,16.63556480407715,16.63556480407715,11.32917308807373,0,0.0,0.0
2000-04-24,16.72948455810547,16.961349487304688,16.030956268310547,16.22760009765625,11.051340103149414,192027,0.0,0.0
2000-04-25,15.91062068939209,16.20118522644043,15.094691276550293,15.860726356506348,10.80148983001709,302078,0.0,0.0
2000-04-26,16.72948455810547,17.131580352783203,16.327390670776367,17.131580352783203,11.666971206665039,435605,0.0,0.0
2000-04-27,16.820470809936523,18.13828468322754,16.72948455810547,17.577699661254883,11.970786094665527,1319779,0.0,0.0
2000-04-28,17.486713409423828,18.31438446044922,17.316484451293945,18.105998992919922,12.330570220947266,839966,0.0,0.0
2000-05-01,18.105998992919922,18.105998992919922,18.105998992919922,18.105998992919922,12.330570220947266,0,0.0,0.0
2000-05-02,18.666582107543945,18.901382446289062,17.495519638061523,17.6745548248291,12.0367431640625,967087,0.0,0.0
2000-05-03,17.844783782958984,18.07077980041504,16.794055938720703,17.615854263305664,11.996769905090332,454140,0.0,0.0
2000-05-04,17.381053924560547,18.31144905090332,16.465335845947266,18.064908981323242,12.302586555480957,481993,0.0,0.0
2000-05-05,18.0795841217041,19.78188133239746,17.844783782958984,19.42087745666504,13.226029396057129,3003818,0.0,0.0
2000-05-08,19.48838233947754,19.711442947387695,18.25568389892578,18.4200439453125,12.544437408447266,1092607,0.0,0.0
2000-05-09,18.0795841217041,18.355472564697266,17.818368911743164,18.00327491760254,12.260613441467285,1249541,0.0,0.0
2000-05-10,18.196983337402344,18.666582107543945,17.615854263305664,17.686294555664062,12.044737815856934,728722,0.0,0.0
2000-05-11,17.786083221435547,17.786083221435547,16.55338478088379,16.70013427734375,11.373147964477539,597666,0.0,0.0
2000-05-12,16.964284896850586,16.964284896850586,15.91062068939209,16.13368034362793,10.987374305725098,683765,0.0,0.0
2000-05-15,16.02508544921875,16.670785903930664,15.267855644226074,16.29216957092285,11.095309257507324,369966,0.0,0.0
2000-05-16,15.966385841369629,16.462400436401367,15.622990608215332,15.89007568359375,10.821475982666016,836968,0.0,0.0
2000-05-17,16.75589942932129,16.75589942932129,15.819636344909668,15.942906379699707,10.857455253601074,594429,0.0,0.0
2000-05-18,15.93703556060791,16.142484664916992,15.70223617553711,15.92529582977295,10.845463752746582,192265,0.0,0.0
2000-05-19,15.79028606414795,15.963451385498047,15.394061088562012,15.514395713806152,10.565631866455078,281107,0.0,0.0
2000-05-22,15.103495597839355,15.379385948181152,14.88337230682373,14.989030838012695,10.207845687866211,240153,0.0,0.0
2000-05-23,15.027186393737793,16.13368034362793,14.742491722106934,15.866596221923828,10.805486679077148,511397,0.0,0.0
2000-05-24,15.966385841369629,16.318584442138672,15.502655982971191,15.95171070098877,10.863452911376953,273679,0.0,0.0
2000-05-25,16.259885787963867,16.259885787963867,15.79028606414795,16.15715980529785,11.003366470336914,236269,0.0,0.0
2000-05-26,16.17183494567871,16.37434959411621,15.570160865783691,16.22760009765625,11.051340103149414,421226,0.0,0.0
2000-05-29,16.435985565185547,17.125709533691406,16.318584442138672,16.785249710083008,11.431108474731445,297325,0.0,0.0
2000-05-30,16.72948455810547,17.369314193725586,16.717744827270508,17.21375846862793,11.722933769226074,386950,0.0,0.0
2000-05-31,18.13828468322754,18.43178367614746,17.381053924560547,17.583568572998047,11.97478199005127,633578,0.0,0.0
2000-06-01,17.157995223999023,17.316484451293945,16.435985565185547,16.74122428894043,11.401126861572266,444634,0.0,0.0
2000-06-02,17.008310317993164,17.316484451293945,16.68839454650879,16.97308921813965,11.559036254882812,659012,0.0,0.0
2000-06-05,17.551284790039062,17.83891487121582,17.140384674072266,17.47203826904297,11.898828506469727,990494,0.0,0.0
2000-06-06,17.022985458374023,18.428848266601562,17.022985458374023,17.698034286499023,12.052736282348633,553867,0.0,0.0
2000-06-07,18.13828468322754,18.490482330322266,17.551284790039062,17.75673484802246,12.09271240234375,700443,0.0,0.0
2000-06-08,18.942472457885742,18.942472457885742,17.551284790039062,17.800758361816406,12.12269401550293,301652,0.0,0.0
2000-06-09,17.768474578857422,17.786083221435547,17.37518310546875,17.686294555664062,12.044737815856934,227512,0.0,0.0
2000-06-12,17.609983444213867,17.668684005737305,17.157995223999023,17.551284790039062,11.952795028686523,429131,0.0,0.0
2000-06-13,17.492584228515625,17.874134063720703,17.146255493164062,17.75673484802246,12.09271240234375,401635,0.0,0.0
2000-06-14,18.073713302612305,18.60788345336914,17.786083221435547,18.017948150634766,12.270605087280273,745588,0.0,0.0
2000-06-15,17.739124298095703,18.2850341796875,17.668684005737305,17.747928619384766,12.086712837219238,276712,0.0,0.0
2000-06-16,17.609983444213867,17.786083221435547,17.609983444213867,17.712709426879883,12.062729835510254,298279,0.0,0.0
2000-06-19,17.89174461364746,19.48838233947754,17.85065460205078,19.115638732910156,13.018156051635742,1225571,0.0,0.0
2000-06-20,19.370983123779297,19.66448211669922,18.625492095947266,18.775178909301758,12.786295890808105,656354,0.0,0.0
2000-06-21,19.077482223510742,19.077482223510742,18.25568389892578,18.32318878173828,12.478479385375977,489370,0.0,0.0
2000-06-22,18.2850341796875,18.531572341918945,18.06784439086914,18.31438446044922,12.47248363494873,303237,0.0,0.0
2000-06-23,18.0795841217041,18.31438446044922,17.786083221435547,17.9445743560791,12.220633506774902,498961,0.0,0.0
2000-06-26,17.32235336303711,18.31438446044922,17.32235336303711,18.158828735351562,12.366547584533691,393458,0.0,0.0
2000-06-27,18.091323852539062,18.461132049560547,18.091323852539062,18.31144905090332,12.470479965209961,549932,0.0,0.0
2000-06-28,18.425912857055664,18.425912857055664,17.909353256225586,18.19111442565918,12.388533592224121,214378,0.0,0.0
2000-06-29,18.478742599487305,18.478742599487305,18.0795841217041,18.19111442565918,12.388533592224121,322317,0.0,0.0
2000-06-30,18.13828468322754,18.196983337402344,17.786083221435547,17.874134063720703,12.1726655960083,160221,0.0,0.0
2000-07-03,18.31438446044922,18.31438446044922,17.96218490600586,18.02968978881836,12.278597831726074,114156,0.0,0.0
2000-07-04,17.93283462524414,18.196983337402344,17.912288665771484,18.126544952392578,12.344561576843262,273032,0.0,0.0
2000-07-05,18.428848266601562,19.370983123779297,18.27035903930664,18.47287368774414,12.580421447753906,538450,0.0,0.0
2000-07-06,18.361343383789062,18.983562469482422,18.31438446044922,18.587337493896484,12.658369064331055,390306,0.0,0.0
2000-07-07,18.643102645874023,19.077482223510742,18.44645881652832,18.9571475982666,12.910218238830566,608160,0.0,0.0
2000-07-10,19.19194793701172,20.192781448364258,18.848552703857422,19.382722854614258,13.20004653930664,1551602,0.0,0.0
2000-07-11,19.60578155517578,20.310182571411133,19.194883346557617,19.981462478637695,13.607799530029297,1329626,0.0,0.0
2000-07-12,20.192781448364258,21.581035614013672,20.02842140197754,21.48711585998535,14.633179664611816,2417293,0.0,0.0
2000-07-13,21.601581573486328,21.82464027404785,20.700536727905273,21.20535659790039,14.44129753112793,1252130,0.0,0.0
2000-07-14,20.782716751098633,22.482080459594727,20.782716751098633,22.30304527282715,15.188843727111816,2290325,0.0,0.0
2000-07-17,22.59947967529297,23.239309310913086,21.616256713867188,21.944974899291992,14.944989204406738,2115947,0.0,0.0
2000-07-18,21.71898078918457,22.07118034362793,21.249380111694336,21.81583595275879,14.857048988342285,761346,0.0,0.0
2000-07-19,21.71898078918457,21.89214515686035,21.131980895996094,21.67789077758789,14.763104438781738,472964,0.0,0.0
2000-07-20,21.308080673217773,22.012479782104492,20.955881118774414,21.134916305541992,14.393324851989746,571278,0.0,0.0
2000-07-21,21.196550369262695,21.36678123474121,19.64980697631836,21.14959144592285,14.403321266174316,828246,0.0,0.0
2000-07-24,20.674121856689453,20.838481903076172,20.134082794189453,20.59781265258789,14.027546882629395,679216,0.0,0.0
2000-07-25,20.134082794189453,22.012479782104492,19.869932174682617,21.49005126953125,14.635178565979004,717326,0.0,0.0
2000-07-26,21.71898078918457,21.88334083557129,20.67705535888672,20.815000534057617,14.175457000732422,403969,0.0,0.0
2000-07-27,20.832611083984375,21.660280227661133,20.832611083984375,21.472440719604492,14.623185157775879,418381,0.0,0.0
2000-07-28,21.660280227661133,22.482080459594727,21.42548179626465,21.795289993286133,14.84305477142334,936781,0.0,0.0
2000-07-31,21.59864616394043,21.710176467895508,21.073280334472656,21.155460357666016,14.407317161560059,400102,0.0,0.0
2000-08-01,21.71898078918457,22.42337989807129,21.134916305541992,21.308080673217773,14.511255264282227,849830,0.0,0.0
2000-08-02,22.59947967529297,22.59947967529297,20.427581787109375,21.040996551513672,14.329362869262695,870699,0.0,0.0
2000-08-03,20.66238021850586,21.71898078918457,20.66238021850586,21.170135498046875,14.417309761047363,2052506,0.0,0.0
2000-08-04,21.140785217285156,21.249380111694336,20.368881225585938,20.55672264099121,13.999563217163086,1309013,0.0,0.0
2000-08-07,20.08125114440918,20.427581787109375,19.66448211669922,20.107667922973633,13.693747520446777,379881,0.0,0.0
2000-08-08,19.79655647277832,20.424646377563477,19.79655647277832,20.148757934570312,13.721731185913086,579285,0.0,0.0
2000-08-09,19.723182678222656,20.832611083984375,19.723182678222656,20.468671798706055,13.93959903717041,290255,0.0,0.0
2000-08-10,20.54498291015625,20.838481903076172,20.327791213989258,20.674121856689453,14.079511642456055,299233,0.0,0.0
2000-08-11,20.374752044677734,20.715211868286133,20.257352828979492,20.483346939086914,13.949594497680664,470443,0.0,0.0
2000-08-14,20.66238021850586,20.838481903076172,20.280832290649414,20.674121856689453,14.079511642456055,226030,0.0,0.0
2000-08-15,20.674121856689453,20.674121856689453,20.674121856689453,20.674121856689453,14.079511642456055,0,0.0,0.0
2000-08-16,21.01458168029785,21.131980895996094,20.521501541137695,20.897180557250977,14.231425285339355,212129,0.0,0.0
2000-08-17,21.19068145751953,21.660280227661133,20.897180557250977,21.043930053710938,14.3313570022583,452078,0.0,0.0
2000-08-18,21.129045486450195,21.249380111694336,20.850221633911133,21.05567169189453,14.33935832977295,225962,0.0,0.0
2000-08-21,20.134082794189453,21.413740158081055,20.134082794189453,20.806196212768555,14.169461250305176,230596,0.0,0.0
2000-08-22,20.832611083984375,21.008710861206055,20.251482009887695,20.33953285217285,13.851652145385742,273782,0.0,0.0
2000-08-23,20.48921775817871,20.838481903076172,20.251482009887695,20.512697219848633,13.969582557678223,364685,0.0,0.0
2000-08-24,20.257352828979492,20.603681564331055,20.139951705932617,20.477476119995117,13.945595741271973,221737,0.0,0.0
2000-08-25,20.54498291015625,20.594877243041992,20.181041717529297,20.248546600341797,13.789687156677246,321567,0.0,0.0
2000-08-28,19.611652374267578,20.395296096801758,19.611652374267578,20.23093605041504,13.777695655822754,168569,0.0,0.0
2000-08-29,20.251482009887695,20.251482009887695,19.8405818939209,19.984397888183594,13.609797477722168,359472,0.0,0.0
2000-08-30,20.16343116760254,20.365947723388672,19.8405818939209,19.913957595825195,13.5618257522583,229761,0.0,0.0
2000-08-31,20.016681671142578,20.05483627319336,19.4326171875,19.682092666625977,13.403919219970703,208892,0.0,0.0
2000-09-01,19.682092666625977,19.682092666625977,19.682092666625977,19.682092666625977,13.403919219970703,0,0.0,0.0
2000-09-04,19.66448211669922,20.310182571411133,19.6351318359375,19.963851928710938,13.595803260803223,291976,0.0,0.0
2000-09-05,19.95798110961914,20.779781341552734,19.62339210510254,20.404102325439453,13.89562702178955,495877,0.0,0.0
2000-09-06,20.820871353149414,21.983129501342773,20.550851821899414,21.093826293945312,14.365339279174805,2476986,0.0,0.0
2000-09-07,21.308080673217773,21.513530731201172,20.779781341552734,20.94707679748535,14.265403747558594,793595,0.0,0.0
2000-09-08,20.779781341552734,21.131980895996094,20.51563262939453,20.562591552734375,14.003561019897461,701584,0.0,0.0
2000-09-11,20.603681564331055,20.955881118774414,20.310182571411133,20.468671798706055,13.93959903717041,600290,0.0,0.0
2000-09-12,20.078317642211914,20.486282348632812,19.966787338256836,20.051902770996094,13.655770301818848,818126,0.0,0.0
2000-09-13,20.418777465820312,20.427581787109375,19.66448211669922,19.937437057495117,13.577816009521484,422487,0.0,0.0
2000-09-14,19.911022186279297,20.00200653076172,19.670352935791016,19.74079132080078,13.443896293640137,199506,0.0,0.0
2000-09-15,19.723182678222656,19.778947830200195,18.801593780517578,18.939537048339844,12.898225784301758,619966,0.0,0.0
2000-09-18,18.196983337402344,18.725282669067383,18.038494110107422,18.182308197021484,12.382536888122559,352606,0.0,0.0
2000-09-19,17.668684005737305,18.402433395385742,17.160930633544922,17.627593994140625,12.004761695861816,851397,0.0,0.0
2000-09-20,18.343732833862305,18.343732833862305,17.815433502197266,17.941638946533203,12.21863842010498,255860,0.0,0.0
2000-09-21,17.96218490600586,18.725282669067383,17.96218490600586,18.20578956604004,12.398526191711426,533509,0.0,0.0
2000-09-22,18.373083114624023,18.402433395385742,17.551284790039062,17.586503982543945,11.976780891418457,1009012,0.0,0.0
2000-09-25,17.609983444213867,17.93283462524414,16.506425857543945,17.152124404907227,11.68095874786377,1079694,0.0,0.0
2000-09-26,16.744159698486328,17.28126335144043,16.738290786743164,17.131580352783203,11.666971206665039,459949,0.0,0.0
2000-09-27,17.897613525390625,17.897613525390625,16.55338478088379,16.67371940612793,11.355155944824219,783016,0.0,0.0
2000-09-28,17.008310317993164,17.25484848022461,16.612085342407227,16.785249710083008,11.431108474731445,529710,0.0,0.0
2000-09-29,16.585670471191406,17.011245727539062,16.585670471191406,16.841014862060547,11.469088554382324,316763,0.0,0.0
2000-10-02,16.841014862060547,16.841014862060547,16.841014862060547,16.841014862060547,11.469088554382324,0,0.0,0.0
2000-10-03,16.55338478088379,16.990699768066406,16.55338478088379,16.829275131225586,11.461091995239258,621073,0.0,0.0
2000-10-04,16.946674346923828,17.313549041748047,16.887975692749023,17.102230072021484,11.646982192993164,252606,0.0,0.0
2000-10-05,17.081684112548828,17.609983444213867,17.034725189208984,17.222564697265625,11.72893238067627,750205,0.0,0.0
2000-10-06,17.022985458374023,17.25191307067871,16.79698944091797,17.122774124145508,11.660970687866211,501244,0.0,0.0
2000-10-09,17.022985458374023,17.105165481567383,16.788185119628906,16.87623405456543,11.493071556091309,401312,0.0,0.0
2000-10-10,16.750030517578125,16.858625411987305,16.435985565185547,16.50935935974121,11.243224143981934,233867,0.0,0.0
2000-10-11,16.435985565185547,16.55338478088379,16.142484664916992,16.26869010925293,11.07932186126709,124378,0.0,0.0
2000-10-12,16.612085342407227,16.612085342407227,15.907686233520508,15.969321250915527,10.875444412231445,237121,0.0,0.0
2000-10-13,15.907686233520508,15.907686233520508,15.261985778808594,15.452760696411133,10.523656845092773,214020,0.0,0.0
2000-10-16,16.49468421936035,16.49468421936035,15.61418628692627,15.810831069946289,10.767510414123535,289625,0.0,0.0
2000-10-17,16.435985565185547,16.435985565185547,15.361776351928711,15.564291000366211,10.599614143371582,221482,0.0,0.0
2000-10-18,15.438085556030273,15.66114616394043,15.350035667419434,15.411670684814453,10.495674133300781,103918,0.0,0.0
2000-10-19,14.85695743560791,15.716911315917969,14.85695743560791,15.534940719604492,10.579623222351074,155451,0.0,0.0
2000-10-20,15.772676467895508,16.10726547241211,15.61418628692627,15.711041450500488,10.699554443359375,393799,0.0,0.0
2000-10-23,15.320686340332031,15.960515975952148,15.320686340332031,15.376450538635254,10.471689224243164,277104,0.0,0.0
2000-10-24,15.907686233520508,15.907686233520508,14.824671745300293,15.165130615234375,10.327773094177246,325111,0.0,0.0
2000-10-25,15.438085556030273,15.67288589477539,15.261985778808594,15.602445602416992,10.625596046447754,416916,0.0,0.0
2000-10-26,14.968485832214355,16.02508544921875,14.851086616516113,15.881271362304688,10.81548023223877,150255,0.0,0.0
2000-10-27,15.84898567199707,16.43011474609375,15.804961204528809,16.22760009765625,11.051340103149414,183935,0.0,0.0
2000-10-30,16.344999313354492,16.547515869140625,15.966385841369629,16.057369232177734,10.935408592224121,197615,0.0,0.0
2000-10-31,16.083784103393555,17.140384674072266,16.083784103393555,16.788185119628906,11.43310832977295,742981,0.0,0.0
2000-11-01,16.44185447692871,17.844783782958984,16.44185447692871,17.398664474487305,11.848855972290039,1035588,0.0,0.0
2000-11-02,17.37518310546875,18.009143829345703,17.055269241333008,17.530738830566406,11.938800811767578,965179,0.0,0.0
2000-11-03,17.78314971923828,17.903484344482422,17.316484451293945,17.830108642578125,12.142683982849121,583612,0.0,0.0
2000-11-06,17.96218490600586,18.578533172607422,17.844783782958984,18.0854549407959,12.31657600402832,832999,0.0,0.0
2000-11-07,18.05316925048828,18.31438446044922,17.93283462524414,18.076648712158203,12.310582160949707,512964,0.0,0.0
2000-11-08,18.373083114624023,18.78398323059082,18.226333618164062,18.604948043823242,12.670361518859863,1139745,0.0,0.0
2000-11-09,18.490482330322266,20.09592628479004,18.31438446044922,19.805362701416016,13.487869262695312,6562663,0.0,0.0
2000-11-10,19.077482223510742,19.18901252746582,17.609983444213867,18.117738723754883,12.338561058044434,5183547,0.0,0.0
2000-11-13,17.730318069458008,17.730318069458008,17.113969802856445,17.24310874938965,12.179889678955078,2522336,0.65,0.0
2000-11-14,17.19908332824707,17.953378677368164,17.19908332824707,17.8095645904541,12.580013275146484,2549678,0.0,0.0
2000-11-15,18.725282669067383,18.725282669067383,17.316484451293945,17.466169357299805,12.337453842163086,2213681,0.0,0.0
2000-11-16,17.433883666992188,17.71564483642578,17.354639053344727,17.486713409423828,12.351966857910156,757700,0.0,0.0
2000-11-17,17.395729064941406,17.574764251708984,17.366378784179688,17.53954315185547,12.389284133911133,828995,0.0,0.0
2000-11-20,17.204954147338867,17.609983444213867,17.20201873779297,17.563024520874023,12.405871391296387,474157,0.0,0.0
2000-11-21,17.40453338623047,17.780214309692383,17.40453338623047,17.612918853759766,12.441113471984863,1127803,0.0,0.0
2000-11-22,17.753799438476562,17.753799438476562,17.466169357299805,17.58063316345215,12.418312072753906,693561,0.0,0.0
2000-11-23,17.47203826904297,17.551284790039062,17.140384674072266,17.234304428100586,12.173673629760742,395128,0.0,0.0
2000-11-24,17.19908332824707,17.260719299316406,16.791120529174805,16.858625411987305,11.908308029174805,730665,0.0,0.0
2000-11-27,17.19908332824707,17.665748596191406,16.911455154418945,17.501388549804688,12.36233139038086,896746,0.0,0.0
2000-11-28,17.492584228515625,18.0795841217041,17.433883666992188,17.654008865356445,12.470136642456055,1688757,0.0,0.0
2000-11-29,17.609983444213867,18.073713302612305,17.433883666992188,17.624658584594727,12.4494047164917,1194140,0.0,0.0
2000-11-30,17.841848373413086,17.841848373413086,17.22843360900879,17.345834732055664,12.252456665039062,377070,0.0,0.0
2000-12-01,17.604114532470703,17.662813186645508,17.087554931640625,17.257783889770508,12.190258979797363,674583,0.0,0.0
2000-12-04,17.140384674072266,18.60788345336914,17.140384674072266,17.744993209838867,12.534407615661621,1872829,0.0,0.0
2000-12-05,17.874134063720703,17.903484344482422,17.583568572998047,17.642269134521484,12.461843490600586,652402,0.0,0.0
2000-12-06,18.13828468322754,18.25568389892578,17.844783782958984,17.885873794555664,12.633917808532715,1120358,0.0,0.0
2000-12-07,17.791954040527344,18.0795841217041,17.75673484802246,17.815433502197266,12.584162712097168,694089,0.0,0.0
2000-12-08,18.006208419799805,18.60788345336914,17.844783782958984,18.211658477783203,12.864041328430176,2398792,0.0,0.0
2000-12-11,18.519832611083984,19.062807083129883,18.320253372192383,18.90725326538086,13.35538101196289,2579405,0.0,0.0
2000-12-12,19.071613311767578,19.077482223510742,18.549182891845703,18.681257247924805,13.195747375488281,982948,0.0,0.0
2000-12-13,18.666582107543945,19.077482223510742,18.22926902770996,18.490482330322266,13.060992240905762,1238825,0.0,0.0
2000-12-14,18.666582107543945,18.9571475982666,18.490482330322266,18.590272903442383,13.131478309631348,1240767,0.0,0.0
2000-12-15,18.549182891845703,18.578533172607422,17.19908332824707,17.410404205322266,12.29806137084961,1287496,0.0,0.0
2000-12-18,17.022985458374023,17.786083221435547,17.022985458374023,17.557153701782227,12.401721954345703,1092079,0.0,0.0
2000-12-19,17.727384567260742,17.727384567260742,17.22843360900879,17.29593849182129,12.217212677001953,1111142,0.0,0.0
2000-12-20,17.246044158935547,17.609983444213867,17.111034393310547,17.395729064941406,12.287697792053223,478824,0.0,0.0
2000-12-21,17.146255493164062,17.316484451293945,16.940805435180664,17.157995223999023,12.119770050048828,328944,0.0,0.0
2000-12-22,17.140384674072266,17.26952362060547,16.559255599975586,16.641435623168945,11.75489616394043,1013612,0.0,0.0
2000-12-25,16.641435623168945,16.641435623168945,16.641435623168945,16.641435623168945,11.75489616394043,0,0.0,0.0
2000-12-26,16.52403450012207,16.788185119628906,16.318584442138672,16.41543960571289,11.595260620117188,697717,0.0,0.0
2000-12-27,16.56218910217285,16.87623405456543,16.32445526123047,16.71480941772461,11.806721687316895,249812,0.0,0.0
2000-12-28,16.846885681152344,16.990699768066406,16.615020751953125,16.776445388793945,11.850257873535156,417513,0.0,0.0
2000-12-29,16.934934616088867,17.0670108795166,16.788185119628906,16.91732406616211,11.949769020080566,624838,0.0,0.0
2001-01-01,17.0670108795166,17.316484451293945,16.964284896850586,17.181474685668945,12.136356353759766,870818,0.0,0.0
2001-01-02,17.37518310546875,17.868263244628906,17.360509872436523,17.671619415283203,12.482580184936523,1042471,0.0,0.0
2001-01-03,17.844783782958984,18.16176414489746,17.551284790039062,17.915224075317383,12.654651641845703,1482897,0.0,0.0
2001-01-04,18.19111442565918,18.490482330322266,17.609983444213867,17.642269134521484,12.461843490600586,1291125,0.0,0.0
2001-01-05,17.551284790039062,17.727384567260742,17.551284790039062,17.656944274902344,12.472211837768555,622061,0.0,0.0
2001-01-08,17.78314971923828,17.93283462524414,17.492584228515625,17.601179122924805,12.432822227478027,779336,0.0,0.0
2001-01-09,17.551284790039062,17.609983444213867,17.392793655395508,17.495519638061523,12.358189582824707,1555980,0.0,0.0
2001-01-10,17.639333724975586,17.709774017333984,17.290069580078125,17.331159591674805,12.242088317871094,445196,0.0,0.0
2001-01-11,17.410404205322266,17.410404205322266,17.257783889770508,17.34876823425293,12.25452995300293,456712,0.0,0.0
2001-01-12,17.463233947753906,17.474973678588867,17.081684112548828,17.152124404907227,12.11562442779541,493083,0.0,0.0
2001-01-15,17.19908332824707,17.316484451293945,17.084619522094727,17.290069580078125,12.21306324005127,248075,0.0,0.0
2001-01-16,17.113969802856445,17.492584228515625,17.113969802856445,17.328224182128906,12.240017890930176,521857,0.0,0.0
2001-01-17,17.668684005737305,17.833044052124023,17.58063316345215,17.627593994140625,12.451480865478516,551465,0.0,0.0
2001-01-18,17.727384567260742,18.020883560180664,17.551284790039062,17.90641975402832,12.648432731628418,1262709,0.0,0.0
2001-01-19,18.185243606567383,18.43178367614746,17.96218490600586,18.367212295532227,12.973917007446289,2509048,0.0,0.0
2001-01-22,18.47287368774414,19.21836280822754,18.329057693481445,18.98649787902832,13.411357879638672,3823972,0.0,0.0
2001-01-23,18.490482330322266,18.490482330322266,17.448558807373047,17.533674240112305,12.385137557983398,3617107,0.0,0.0
2001-01-24,18.487548828125,18.487548828125,17.609983444213867,17.75673484802246,12.542699813842773,1377939,0.0,0.0
2001-01-25,17.78314971923828,17.844783782958984,17.263654708862305,17.36344337463379,12.26489543914795,1882863,0.0,0.0
2001-01-26,17.36344337463379,17.36344337463379,17.36344337463379,17.36344337463379,12.26489543914795,0,0.0,0.0
2001-01-29,17.257783889770508,17.37518310546875,16.788185119628906,17.166799545288086,12.125988960266113,802521,0.0,0.0
2001-01-30,17.345834732055664,17.492584228515625,17.19908332824707,17.419208526611328,12.304282188415527,1329711,0.0,0.0
2001-01-31,17.812498092651367,17.894678115844727,17.433883666992188,17.47203826904297,12.341599464416504,1178127,0.0,0.0
2001-02-01,17.37518310546875,17.433883666992188,17.231369018554688,17.30767822265625,12.225500106811523,1249149,0.0,0.0
2001-02-02,17.345834732055664,17.771408081054688,17.172670364379883,17.477909088134766,12.345749855041504,1717923,0.0,0.0
2001-02-05,17.53954315185547,18.020883560180664,17.53954315185547,17.765539169311523,12.548919677734375,1654652,0.0,0.0
2001-02-06,17.844783782958984,18.047298431396484,17.568893432617188,17.639333724975586,12.459771156311035,758620,0.0,0.0
2001-02-07,17.903484344482422,18.461132049560547,17.727384567260742,18.13534927368164,12.810138702392578,3102575,0.0,0.0
2001-02-08,17.96218490600586,18.695932388305664,17.96218490600586,18.39069366455078,12.990506172180176,2801791,0.0,0.0
2001-02-09,18.549182891845703,18.725282669067383,18.196983337402344,18.249813079833984,12.890992164611816,2699337,0.0,0.0
2001-02-12,18.320253372192383,19.004108428955078,18.320253372192383,18.51396369934082,13.077581405639648,3246783,0.0,0.0
2001-02-13,18.78398323059082,18.842683792114258,18.261554718017578,18.59614372253418,13.135628700256348,2206833,0.0,0.0
2001-02-14,18.666582107543945,19.077482223510742,18.63723373413086,18.78691864013672,13.270380973815918,2067259,0.0,0.0
2001-02-15,18.898448944091797,19.018783569335938,18.578533172607422,18.640167236328125,13.166723251342773,1330273,0.0,0.0
2001-02-16,18.781047821044922,18.78398323059082,17.786083221435547,17.93283462524414,12.667089462280273,2860649,0.0,0.0
2001-02-19,17.903484344482422,18.06784439086914,17.32235336303711,17.791954040527344,12.56757926940918,1116304,0.0,0.0
2001-02-20,17.698034286499023,17.991533279418945,17.381053924560547,17.551284790039062,12.397577285766602,2013391,0.0,0.0
2001-02-21,17.639333724975586,17.868263244628906,17.492584228515625,17.595308303833008,12.428675651550293,843629,0.0,0.0
2001-02-22,17.492584228515625,17.786083221435547,17.204954147338867,17.615854263305664,12.44318675994873,929557,0.0,0.0
2001-02-23,17.897613525390625,17.897613525390625,17.140384674072266,17.234304428100586,12.173673629760742,1663118,0.0,0.0
2001-02-26,17.19908332824707,17.477909088134766,17.140384674072266,17.275394439697266,12.202699661254883,2161501,0.0,0.0
2001-02-27,17.26658821105957,17.398664474487305,16.799924850463867,16.91732406616211,11.949769020080566,1531687,0.0,0.0
2001-02-28,17.081684112548828,17.433883666992188,15.966385841369629,17.248979568481445,12.184039115905762,1197309,0.0,0.0
2001-03-01,17.433883666992188,17.724449157714844,17.316484451293945,17.586503982543945,12.422453880310059,1612658,0.0,0.0
2001-03-02,17.786083221435547,17.786083221435547,16.964284896850586,17.0670108795166,12.055501937866211,1176781,0.0,0.0
2001-03-05,16.72948455810547,17.22843360900879,16.72948455810547,17.072879791259766,12.059649467468262,1145196,0.0,0.0
2001-03-06,17.072879791259766,17.072879791259766,17.072879791259766,17.072879791259766,12.059649467468262,0,0.0,0.0
2001-03-07,17.075815200805664,17.551284790039062,16.612085342407227,16.785249710083008,11.856477737426758,1472897,0.0,0.0
2001-03-08,16.832210540771484,16.832210540771484,16.55338478088379,16.56512451171875,11.7009916305542,945810,0.0,0.0
2001-03-09,16.32151985168457,16.664915084838867,16.154224395751953,16.491750717163086,11.649162292480469,578756,0.0,0.0
2001-03-12,16.34793472290039,16.667850494384766,16.030956268310547,16.11900520324707,11.385869026184082,397121,0.0,0.0
2001-03-13,15.84898567199707,15.84898567199707,14.090922355651855,14.278761863708496,10.085987091064453,600596,0.0,0.0
2001-03-14,14.903916358947754,14.903916358947754,14.252346992492676,14.81586742401123,10.465380668640137,359846,0.0,0.0
2001-03-15,14.601612091064453,15.247310638427734,14.440187454223633,15.050665855407715,10.631235122680664,514770,0.0,0.0
2001-03-16,14.909786224365234,15.379385948181152,14.851086616516113,15.094691276550293,10.662328720092773,453169,0.0,0.0
2001-03-19,15.027186393737793,15.173935890197754,14.851086616516113,15.109366416931152,10.672697067260742,157393,0.0,0.0
2001-03-20,15.080016136169434,15.555485725402832,14.865761756896973,15.376450538635254,10.861355781555176,204736,0.0,0.0
2001-03-21,15.144585609436035,15.429281234741211,14.915656089782715,15.376450538635254,10.861355781555176,110289,0.0,0.0
2001-03-22,15.261985778808594,15.731586456298828,15.162196159362793,15.385255813598633,10.867574691772461,138858,0.0,0.0
2001-03-23,15.320686340332031,15.432215690612793,15.027186393737793,15.229701042175293,10.757699012756348,179063,0.0,0.0
2001-03-26,15.012511253356934,15.191546440124512,14.968485832214355,15.112300872802734,10.674768447875977,52368,0.0,0.0
2001-03-27,15.144585609436035,15.361776351928711,14.974355697631836,15.097625732421875,10.66440486907959,170545,0.0,0.0
2001-03-28,15.203286170959473,15.42341136932373,14.851086616516113,14.892175674438477,10.519279479980469,347308,0.0,0.0
2001-03-29,15.056535720825195,15.329490661621094,14.498887062072754,14.651507377624512,10.349281311035156,1304737,0.0,0.0
2001-03-30,14.851086616516113,14.851086616516113,14.322787284851074,14.504756927490234,10.245622634887695,169369,0.0,0.0
2001-04-02,14.322787284851074,14.674986839294434,14.205387115478516,14.346266746520996,10.133672714233398,129727,0.0,0.0
2001-04-03,14.237671852111816,14.437252044677734,13.970586776733398,14.202451705932617,10.032085418701172,190920,0.0,0.0
2001-04-04,14.319851875305176,14.366811752319336,13.794486999511719,13.947107315063477,9.851719856262207,196678,0.0,0.0
2001-04-05,13.947107315063477,13.947107315063477,13.947107315063477,13.947107315063477,9.851719856262207,0,0.0,0.0
2001-04-06,14.205387115478516,14.234737396240234,13.735788345336914,13.773941993713379,9.729399681091309,135332,0.0,0.0
2001-04-09,13.735788345336914,13.735788345336914,13.207488059997559,13.216293334960938,9.335500717163086,138552,0.0,0.0
2001-04-10,13.090087890625,13.368912696838379,13.090087890625,13.107698440551758,9.258793830871582,181073,0.0,0.0
2001-04-11,12.9227933883667,13.26618766784668,12.855287551879883,13.01671314239502,9.194523811340332,146303,0.0,0.0
2001-04-12,12.7525634765625,12.855287551879883,12.520698547363281,12.626358032226562,8.918791770935059,227018,0.0,0.0
2001-04-13,12.626358032226562,12.626358032226562,12.626358032226562,12.626358032226562,8.918791770935059,0,0.0,0.0
2001-04-16,12.5148286819458,12.855287551879883,11.948373794555664,12.30057430267334,8.688669204711914,104463,0.0,0.0
2001-04-17,12.165563583374023,12.541243553161621,12.039359092712402,12.4502592086792,8.794403076171875,184906,0.0,0.0
2001-04-18,12.855287551879883,12.972687721252441,12.620488166809082,12.811263084411621,9.04940128326416,336933,0.0,0.0
2001-04-19,13.148788452148438,13.324888229370117,12.444389343261719,12.500153541564941,8.829646110534668,550681,0.0,0.0
2001-04-20,12.679187774658203,12.679187774658203,11.622589111328125,11.751729011535645,8.300985336303711,539591,0.0,0.0
2001-04-23,11.916089057922363,11.954243659973145,11.191144943237305,11.296805381774902,7.979645729064941,695469,0.0,0.0
2001-04-24,11.100159645080566,11.150054931640625,10.859490394592285,10.929929733276367,7.720499515533447,878791,0.0,0.0
2001-04-25,11.563888549804688,11.563888549804688,10.859490394592285,10.971019744873047,7.749523162841797,1646713,0.0,0.0
2001-04-26,11.035590171813965,11.845648765563965,11.026784896850586,11.276260375976562,7.965134143829346,2880189,0.0,0.0
2001-04-27,11.006239891052246,11.152990341186523,10.683389663696289,10.753829956054688,7.5961079597473145,946474,0.0,0.0
2001-04-30,10.68925952911377,10.950474739074707,10.39282512664795,10.536640167236328,7.44269323348999,999677,0.0,0.0
2001-05-01,10.536640167236328,10.536640167236328,10.536640167236328,10.536640167236328,7.44269323348999,0,0.0,0.0
2001-05-02,10.683389663696289,10.976889610290527,10.683389663696289,10.862424850463867,7.672815322875977,564259,0.0,0.0
2001-05-03,11.285064697265625,12.55591869354248,11.285064697265625,12.127408981323242,8.566352844238281,3508691,0.0,0.0
2001-05-04,12.32111930847168,12.444389343261719,11.813364028930664,12.159693717956543,8.589156150817871,2445572,0.0,0.0
2001-05-07,12.403299331665039,12.602877616882324,11.927828788757324,12.018814086914062,8.489645004272461,2081807,0.0,0.0
2001-05-08,12.033489227294922,12.189043998718262,11.481708526611328,11.693029403686523,8.259522438049316,1174515,0.0,0.0
2001-05-09,11.772274017333984,11.968918800354004,11.681288719177246,11.704769134521484,8.267815589904785,380102,0.0,0.0
2001-05-10,11.607913970947266,11.757598876953125,11.537473678588867,11.610849380493164,8.201473236083984,235247,0.0,0.0
2001-05-11,11.584433555603027,11.587368965148926,11.285064697265625,11.349635124206543,8.016961097717285,427376,0.0,0.0
2001-05-14,11.387789726257324,11.563888549804688,11.188209533691406,11.455293655395508,8.091594696044922,329625,0.0,0.0
2001-05-15,11.211689949035645,11.563888549804688,10.862424850463867,11.493449211120605,8.118544578552246,447359,0.0,0.0
2001-05-16,11.666613578796387,11.739989280700684,11.511058807373047,11.566823959350586,8.170373916625977,370681,0.0,0.0
2001-05-17,11.651939392089844,12.092188835144043,11.578563690185547,11.851518630981445,8.371475219726562,1097820,0.0,0.0
2001-05-18,11.968918800354004,12.001203536987305,11.681288719177246,11.716508865356445,8.276108741760254,516286,0.0,0.0
2001-05-21,11.828039169311523,11.968918800354004,11.710638999938965,11.754664421081543,8.303059577941895,394617,0.0,0.0
2001-05-22,11.739989280700684,11.819233894348145,11.622589111328125,11.649003982543945,8.228424072265625,453305,0.0,0.0
2001-05-23,11.739989280700684,11.869129180908203,11.739989280700684,11.813364028930664,8.344525337219238,254770,0.0,0.0
2001-05-24,11.857389450073242,12.033489227294922,11.848584175109863,11.913153648376465,8.415008544921875,470749,0.0,0.0
2001-05-25,11.968918800354004,12.021748542785645,11.739989280700684,11.939569473266602,8.43366813659668,374378,0.0,0.0
2001-05-28,11.789883613586426,12.444389343261719,11.789883613586426,12.344598770141602,8.719768524169922,915554,0.0,0.0
2001-05-29,12.385688781738281,12.412103652954102,12.124473571777344,12.32111930847168,8.703182220458984,609285,0.0,0.0
2001-05-30,12.4150390625,12.50308895111084,12.15088939666748,12.26535415649414,8.663792610168457,557683,0.0,0.0
2001-05-31,12.1773042678833,12.432648658752441,11.974788665771484,12.3475341796875,8.721839904785156,230068,0.0,0.0
2001-06-01,12.3798189163208,12.3798189163208,12.033489227294922,12.054034233093262,8.51452350616455,279097,0.0,0.0
2001-06-04,12.180238723754883,12.180238723754883,11.807494163513184,11.954243659973145,8.4440336227417,183185,0.0,0.0
2001-06-05,12.092188835144043,12.911052703857422,12.092188835144043,12.280029296875,8.674158096313477,937360,0.0,0.0
2001-06-06,12.54417896270752,12.673317909240723,12.153823852539062,12.224264144897461,8.634767532348633,420375,0.0,0.0
2001-06-07,12.15088939666748,12.262418746948242,11.804558753967285,12.027619361877441,8.495865821838379,272657,0.0,0.0
2001-06-08,12.062838554382324,12.256548881530762,11.974788665771484,12.015878677368164,8.487569808959961,314548,0.0,0.0
2001-06-11,12.080449104309082,12.209589004516602,11.948373794555664,12.159693717956543,8.589156150817871,222010,0.0,0.0
2001-06-12,12.209589004516602,12.209589004516602,11.951309204101562,12.074579238891602,8.529036521911621,452589,0.0,0.0
2001-06-13,12.26535415649414,12.32111930847168,12.1097993850708,12.262418746948242,8.661717414855957,177189,0.0,0.0
2001-06-14,12.356339454650879,12.438518524169922,12.054034233093262,12.153823852539062,8.585010528564453,410477,0.0,0.0
2001-06-15,12.092188835144043,12.256548881530762,11.916089057922363,12.17143440246582,8.597451210021973,424617,0.0,0.0
2001-06-18,12.309378623962402,12.567659378051758,12.183174133300781,12.5148286819458,8.840012550354004,738961,0.0,0.0
2001-06-19,12.532439231872559,12.855287551879883,12.5177640914917,12.5823335647583,8.887693405151367,685009,0.0,0.0
2001-06-20,12.033489227294922,12.643967628479004,12.033489227294922,12.617552757263184,8.912571907043457,168432,0.0,0.0
2001-06-21,12.538309097290039,12.6498384475708,12.385688781738281,12.444389343261719,8.790255546569824,592402,0.0,0.0
2001-06-22,12.344598770141602,12.385688781738281,11.983593940734863,12.077513694763184,8.531107902526855,525247,0.0,0.0
2001-06-25,12.297638893127441,12.385688781738281,11.660743713378906,11.828039169311523,8.354887008666992,536848,0.0,0.0
2001-06-26,11.745859146118164,12.024683952331543,11.681288719177246,11.919024467468262,8.419157028198242,494548,0.0,0.0
2001-06-27,11.992399215698242,11.992399215698242,11.830973625183105,11.916089057922363,8.417083740234375,126422,0.0,0.0
2001-06-28,11.754664421081543,11.930764198303223,11.754664421081543,11.916089057922363,8.417083740234375,758365,0.0,0.0
2001-06-29,11.813364028930664,12.004138946533203,11.807494163513184,11.919024467468262,8.419157028198242,154361,0.0,0.0
2001-07-02,11.798688888549805,11.974788665771484,11.798688888549805,11.889674186706543,8.398425102233887,77649,0.0,0.0
2001-07-03,12.033489227294922,12.23893928527832,11.798688888549805,11.901413917541504,8.406718254089355,102776,0.0,0.0
2001-07-04,11.748793601989746,11.913153648376465,11.739989280700684,11.760534286499023,8.30720329284668,29846,0.0,0.0
2001-07-05,11.916089057922363,11.965984344482422,11.822169303894043,11.889674186706543,8.398425102233887,82742,0.0,0.0
2001-07-06,11.810428619384766,12.042293548583984,11.810428619384766,12.018814086914062,8.489645004272461,929983,0.0,0.0
2001-07-09,11.869129180908203,12.033489227294922,11.807494163513184,11.998269081115723,8.47513198852539,3490871,0.0,0.0
2001-07-10,11.892608642578125,12.010008811950684,11.886738777160645,11.886738777160645,8.396349906921387,70068,0.0,0.0
2001-07-11,11.860323905944824,11.957179069519043,11.842714309692383,11.842714309692383,8.365253448486328,22333,0.0,0.0
2001-07-12,11.863259315490723,11.886738777160645,11.798688888549805,11.833909034729004,8.35903549194336,16115,0.0,0.0
2001-07-13,11.974788665771484,11.974788665771484,11.739989280700684,11.748793601989746,8.298912048339844,63356,0.0,0.0
2001-07-16,11.901413917541504,11.901413917541504,11.681288719177246,11.707703590393066,8.26988697052002,16865,0.0,0.0
2001-07-17,11.666613578796387,11.792819023132324,11.657809257507324,11.693029403686523,8.259522438049316,15570,0.0,0.0
2001-07-18,11.695963859558105,11.734119415283203,11.446490287780762,11.643134117126465,8.224279403686523,70664,0.0,0.0
2001-07-19,11.505188941955566,11.625523567199707,10.865360260009766,11.285064697265625,7.971352577209473,102419,0.0,0.0
2001-07-20,10.859490394592285,11.211689949035645,10.859490394592285,11.064940452575684,7.815864562988281,50034,0.0,0.0
2001-07-23,11.387789726257324,11.387789726257324,11.202884674072266,11.205820083618164,7.91537618637085,1908,0.0,0.0
2001-07-24,11.152990341186523,11.152990341186523,10.865360260009766,10.906450271606445,7.703911781311035,23185,0.0,0.0
2001-07-25,10.856554985046387,10.856554985046387,10.395759582519531,10.454460144042969,7.384643077850342,46558,0.0,0.0
2001-07-26,10.536640167236328,11.182339668273926,10.096390724182129,11.059069633483887,7.8117146492004395,2937975,0.0,0.0
2001-07-27,11.020915031433105,11.035590171813965,10.45152473449707,10.536640167236328,7.44269323348999,34037,0.0,0.0
2001-07-30,10.856554985046387,10.856554985046387,10.51902961730957,10.695130348205566,7.554645538330078,178960,0.0,0.0
2001-07-31,10.856554985046387,11.152990341186523,10.504355430603027,11.009175300598145,7.776472568511963,258501,0.0,0.0
2001-08-01,10.865360260009766,10.865360260009766,10.58066463470459,10.659910202026367,7.529764175415039,41465,0.0,0.0
2001-08-02,10.683389663696289,11.343765258789062,10.51315975189209,11.279194831848145,7.967204570770264,1243220,0.0,0.0
2001-08-03,11.211689949035645,11.226365089416504,10.865360260009766,10.944604873657227,7.730861663818359,30936,0.0,0.0
2001-08-06,11.006239891052246,11.103095054626465,10.874164581298828,10.941670417785645,7.728790283203125,12402,0.0,0.0
2001-08-07,10.745024681091309,11.064940452575684,10.745024681091309,11.029720306396484,7.790986061096191,12896,0.0,0.0
2001-08-08,10.830140113830566,11.035590171813965,10.830140113830566,10.950474739074707,7.735010147094727,22589,0.0,0.0
2001-08-09,11.029720306396484,11.150054931640625,10.859490394592285,10.900580406188965,7.699765205383301,91891,0.0,0.0
2001-08-10,10.874164581298828,11.152990341186523,10.803725242614746,10.950474739074707,7.735010147094727,83151,0.0,0.0
2001-08-13,11.267455101013184,11.270389556884766,10.836009979248047,10.868294715881348,7.676959991455078,10954,0.0,0.0
2001-08-14,10.994500160217285,10.994500160217285,10.841879844665527,10.859490394592285,7.670741081237793,6303,0.0,0.0
2001-08-15,10.859490394592285,10.859490394592285,10.859490394592285,10.859490394592285,7.670741081237793,0,0.0,0.0
2001-08-16,10.800789833068848,10.841879844665527,10.759699821472168,10.830140113830566,7.650008201599121,7086,0.0,0.0
2001-08-17,10.865360260009766,11.323220252990723,10.800789833068848,11.293869972229004,7.977570533752441,108586,0.0,0.0
2001-08-20,11.152990341186523,11.152990341186523,10.950474739074707,11.003305435180664,7.772327899932861,9250,0.0,0.0
2001-08-21,11.088419914245605,11.088419914245605,10.932865142822266,10.982760429382324,7.757814407348633,6337,0.0,0.0
2001-08-22,10.982760429382324,10.982760429382324,10.982760429382324,10.982760429382324,7.757814407348633,0,0.0,0.0
2001-08-23,11.006239891052246,11.006239891052246,10.918190002441406,10.938735008239746,7.726716041564941,21192,0.0,0.0
2001-08-24,10.859490394592285,10.950474739074707,10.836009979248047,10.856554985046387,7.668668270111084,124787,0.0,0.0
2001-08-27,11.211689949035645,11.211689949035645,10.800789833068848,11.091355323791504,7.834522724151611,296559,0.0,0.0
2001-08-28,11.152990341186523,11.182339668273926,10.935799598693848,11.141249656677246,7.86976432800293,47069,0.0,0.0
2001-08-29,11.152990341186523,11.270389556884766,10.976889610290527,11.208754539489746,7.917446613311768,100323,0.0,0.0
2001-08-30,11.152990341186523,11.152990341186523,10.997434616088867,11.035590171813965,7.795132160186768,32964,0.0,0.0
2001-08-31,10.859490394592285,11.194080352783203,10.859490394592285,10.979825019836426,7.755740642547607,25161,0.0,0.0
2001-09-03,10.924059867858887,11.032654762268066,10.859490394592285,10.888839721679688,7.691473484039307,22367,0.0,0.0
2001-09-04,10.859490394592285,11.276260375976562,10.803725242614746,11.270389556884766,7.960986614227295,85911,0.0,0.0
2001-09-05,11.009175300598145,11.739989280700684,11.009175300598145,11.722378730773926,8.280253410339355,199932,0.0,0.0
2001-09-06,11.475838661193848,11.769338607788086,11.475838661193848,11.739989280700684,8.292692184448242,112981,0.0,0.0
2001-09-07,11.739989280700684,11.766404151916504,11.563888549804688,11.745859146118164,8.296838760375977,57461,0.0,0.0
2001-09-10,11.631394386291504,11.857389450073242,11.628458976745605,11.828039169311523,8.354887008666992,66661,0.0,0.0
2001-09-11,11.739989280700684,11.828039169311523,11.566823959350586,11.640198707580566,8.22220516204834,32027,0.0,0.0
2001-09-12,10.921125411987305,11.710638999938965,10.921125411987305,11.660743713378906,8.23671817779541,117904,0.0,0.0
2001-09-13,11.499319076538086,11.666613578796387,11.417140007019043,11.643134117126465,8.224279403686523,73049,0.0,0.0
2001-09-14,11.428879737854004,11.475838661193848,11.020915031433105,11.443554878234863,8.083301544189453,235468,0.0,0.0
2001-09-17,10.859490394592285,11.023850440979004,10.38988971710205,10.997434616088867,7.768179893493652,345230,0.0,0.0
2001-09-18,11.035590171813965,11.329090118408203,10.59533977508545,11.155924797058105,7.880131721496582,178398,0.0,0.0
2001-09-19,11.423009872436523,11.892608642578125,11.152990341186523,11.857389450073242,8.375619888305664,896286,0.0,0.0
2001-09-20,11.337895393371582,11.828039169311523,11.337895393371582,11.798688888549805,8.334156036376953,306848,0.0,0.0
2001-09-21,11.449424743652344,11.828039169311523,11.387789726257324,11.778143882751465,8.3196439743042,765673,0.0,0.0
2001-09-24,12.15088939666748,12.15088939666748,11.449424743652344,11.458229064941406,8.093668937683105,83424,0.0,0.0
2001-09-25,11.710638999938965,11.710638999938965,11.273324966430664,11.282130241394043,7.969277858734131,173799,0.0,0.0
2001-09-26,11.273324966430664,11.610849380493164,11.246910095214844,11.469968795776367,8.101962089538574,81771,0.0,0.0
2001-09-27,11.288000106811523,11.593238830566406,11.288000106811523,11.543343544006348,8.153790473937988,32606,0.0,0.0
2001-09-28,11.593238830566406,11.728248596191406,11.402464866638184,11.693029403686523,8.259522438049316,149318,0.0,0.0
2001-10-01,11.558018684387207,11.578563690185547,11.446490287780762,11.493449211120605,8.118544578552246,289114,0.0,0.0
2001-10-02,11.493449211120605,11.493449211120605,11.493449211120605,11.493449211120605,8.118544578552246,0,0.0,0.0
2001-10-03,11.270389556884766,11.563888549804688,11.270389556884766,11.437685012817383,8.079156875610352,19080,0.0,0.0
2001-10-04,11.417140007019043,11.417140007019043,11.185275077819824,11.208754539489746,7.917446613311768,63475,0.0,0.0
2001-10-05,11.273324966430664,11.370180130004883,11.273324966430664,11.314414978027344,7.9920830726623535,4412,0.0,0.0
2001-10-08,11.387789726257324,11.387789726257324,10.918190002441406,11.170599937438965,7.890497207641602,16030,0.0,0.0
2001-10-09,11.440620422363281,11.440620422363281,11.038524627685547,11.144185066223145,7.871840476989746,14872,0.0,0.0
2001-10-10,11.381919860839844,11.381919860839844,11.158860206604004,11.323220252990723,7.998303413391113,56916,0.0,0.0
2001-10-11,11.152990341186523,11.446490287780762,11.152990341186523,11.255715370178223,7.950620651245117,10630,0.0,0.0
2001-10-12,11.440620422363281,11.440620422363281,11.252779960632324,11.282130241394043,7.969277858734131,24872,0.0,0.0
2001-10-15,11.329090118408203,11.358440399169922,11.094289779663086,11.182339668273926,7.898789882659912,89608,0.0,0.0
2001-10-16,12.033489227294922,12.033489227294922,11.152990341186523,11.188209533691406,7.9029364585876465,8279,0.0,0.0
2001-10-17,11.329090118408203,11.387789726257324,11.197014808654785,11.246910095214844,7.944399356842041,50749,0.0,0.0
2001-10-18,11.270389556884766,11.431815147399902,11.158860206604004,11.179405212402344,7.896717548370361,40204,0.0,0.0
2001-10-19,11.226365089416504,11.329090118408203,10.924059867858887,11.197014808654785,7.909156799316406,46950,0.0,0.0
2001-10-22,11.155924797058105,11.323220252990723,11.017979621887207,11.182339668273926,7.898789882659912,50851,0.0,0.0
2001-10-23,11.182339668273926,11.241040229797363,11.100159645080566,11.129509925842285,7.861473083496094,17649,0.0,0.0
2001-10-24,11.158860206604004,11.681288719177246,11.094289779663086,11.349635124206543,8.016961097717285,76047,0.0,0.0
2001-10-25,11.739989280700684,11.739989280700684,11.246910095214844,11.619653701782227,8.207693099975586,1779882,0.0,0.0
2001-10-26,11.619653701782227,11.619653701782227,11.619653701782227,11.619653701782227,8.207693099975586,0,0.0,0.0
2001-10-29,11.446490287780762,11.619653701782227,11.232234954833984,11.282130241394043,7.969277858734131,39761,0.0,0.0
2001-10-30,11.217559814453125,11.299739837646484,11.152990341186523,11.194080352783203,7.907083511352539,14241,0.0,0.0
2001-10-31,11.164730072021484,11.311479568481445,11.164730072021484,11.270389556884766,7.960986614227295,45451,0.0,0.0
2001-11-01,11.182339668273926,11.329090118408203,11.182339668273926,11.255715370178223,7.950620651245117,26746,0.0,0.0
2001-11-02,11.739989280700684,11.739989280700684,11.182339668273926,11.229299545288086,7.9319610595703125,100408,0.0,0.0
2001-11-05,11.197014808654785,11.252779960632324,11.182339668273926,11.199950218200684,7.911230087280273,29097,0.0,0.0
2001-11-06,11.214625358581543,11.270389556884766,11.194080352783203,11.197014808654785,7.909156799316406,99676,0.0,0.0
2001-11-07,11.343765258789062,11.417140007019043,11.197014808654785,11.238104820251465,7.938182353973389,51039,0.0,0.0
2001-11-08,11.440620422363281,11.552148818969727,11.329090118408203,11.387789726257324,8.043912887573242,99012,0.0,0.0
2001-11-09,11.270389556884766,11.651939392089844,11.270389556884766,11.481708526611328,8.11025333404541,101260,0.0,0.0
2001-11-12,11.916089057922363,11.916089057922363,11.563888549804688,11.604978561401367,8.197327613830566,94582,0.0,0.0
2001-11-13,11.672484397888184,11.675418853759766,11.469968795776367,11.566823959350586,8.170373916625977,32027,0.0,0.0
2001-11-14,11.684224128723145,11.725314140319824,11.519864082336426,11.549214363098145,8.157936096191406,9284,0.0,0.0
2001-11-15,11.681288719177246,11.710638999938965,11.505188941955566,11.657809257507324,8.234646797180176,71243,0.0,0.0
2001-11-16,11.657809257507324,11.657809257507324,11.657809257507324,11.657809257507324,8.234646797180176,0,0.0,0.0
2001-11-19,11.622589111328125,11.739989280700684,11.566823959350586,11.625523567199707,8.211837768554688,94582,0.0,0.0
2001-11-20,11.519864082336426,11.769338607788086,11.478774070739746,11.716508865356445,8.276108741760254,123696,0.0,0.0
2001-11-21,12.030553817749023,12.030553817749023,11.628458976745605,11.722378730773926,8.280253410339355,55707,0.0,0.0
2001-11-22,11.804558753967285,11.907283782958984,11.622589111328125,11.669548988342285,8.242935180664062,211175,0.0,0.0
2001-11-23,11.681288719177246,12.033489227294922,11.475838661193848,11.555084228515625,8.16208267211914,123322,0.0,0.0
2001-11-26,11.622589111328125,11.848584175109863,11.505188941955566,11.628458976745605,8.213912963867188,195570,0.0,0.0
2001-11-27,11.681288719177246,12.027619361877441,11.578563690185547,11.675418853759766,8.24708366394043,83475,0.0,0.0
2001-11-28,11.540409088134766,11.651939392089844,11.540409088134766,11.604978561401367,8.197327613830566,31925,0.0,0.0
2001-11-29,11.590304374694824,11.681288719177246,11.511058807373047,11.604978561401367,8.197327613830566,72044,0.0,0.0
2001-11-30,11.604978561401367,11.604978561401367,11.604978561401367,11.604978561401367,8.197327613830566,0,0.0,0.0
2001-12-03,11.684224128723145,11.766404151916504,11.505188941955566,11.731184005737305,8.286474227905273,84480,0.0,0.0
2001-12-04,11.739989280700684,11.913153648376465,11.622589111328125,11.663679122924805,8.238791465759277,36882,0.0,0.0
2001-12-05,11.651939392089844,11.916089057922363,9.970186233520508,11.569759368896484,8.17244815826416,71567,0.0,0.0
2001-12-06,11.907283782958984,11.916089057922363,11.534539222717285,11.602044105529785,8.195255279541016,94054,0.0,0.0
2001-12-07,11.446490287780762,11.622589111328125,10.921125411987305,11.191144943237305,7.905010223388672,192470,0.0,0.0
2001-12-10,11.152990341186523,11.446490287780762,11.152990341186523,11.349635124206543,8.016961097717285,226627,0.0,0.0
2001-12-11,11.563888549804688,11.684224128723145,11.505188941955566,11.566823959350586,8.468847274780273,583578,0.4,0.0
2001-12-12,11.693029403686523,11.737053871154785,11.566823959350586,11.593238830566406,8.488187789916992,315911,0.0,0.0
2001-12-13,11.622589111328125,11.622589111328125,11.270389556884766,11.519864082336426,8.434465408325195,368824,0.0,0.0
2001-12-14,11.516928672790527,11.516928672790527,11.405400276184082,11.458229064941406,8.3893404006958,177342,0.0,0.0
2001-12-17,11.458229064941406,11.458229064941406,11.458229064941406,11.458229064941406,8.3893404006958,0,0.0,0.0
2001-12-18,11.505188941955566,11.505188941955566,11.217559814453125,11.378985404968262,8.331318855285645,132606,0.0,0.0
2001-12-19,11.329090118408203,11.417140007019043,11.276260375976562,11.323220252990723,8.290489196777344,189727,0.0,0.0
2001-12-20,11.006239891052246,11.387789726257324,11.006239891052246,11.199950218200684,8.200231552124023,391431,0.0,0.0
2001-12-21,11.041460037231445,11.176469802856445,10.924059867858887,11.000370025634766,8.054106712341309,198330,0.0,0.0
2001-12-24,11.094289779663086,11.094289779663086,10.800789833068848,10.956344604492188,8.021873474121094,169574,0.0,0.0
2001-12-25,10.956344604492188,10.956344604492188,10.956344604492188,10.956344604492188,8.021873474121094,0,0.0,0.0
2001-12-26,10.918190002441406,11.064940452575684,10.871230125427246,11.009175300598145,8.060554504394531,119420,0.0,0.0
2001-12-27,10.871230125427246,11.094289779663086,10.859490394592285,11.050265312194824,8.0906400680542,268722,0.0,0.0
2001-12-28,10.862424850463867,11.041460037231445,10.859490394592285,11.032654762268066,8.07774829864502,321618,0.0,0.0
2001-12-31,11.035590171813965,11.267455101013184,11.035590171813965,11.173535346984863,8.180891990661621,134531,0.0,0.0
2002-01-01,10.448590278625488,11.246910095214844,10.448590278625488,11.135379791259766,8.152956008911133,151005,0.0,0.0
2002-01-02,11.182339668273926,11.182339668273926,11.059069633483887,11.152990341186523,8.165853500366211,17495,0.0,0.0
2002-01-03,11.158860206604004,11.235170364379883,11.041460037231445,11.211689949035645,8.208830833435059,92725,0.0,0.0
2002-01-04,11.211689949035645,11.270389556884766,11.094289779663086,11.238104820251465,8.228170394897461,51737,0.0,0.0
2002-01-07,11.270389556884766,11.270389556884766,11.152990341186523,11.214625358581543,8.210980415344238,48057,0.0,0.0
2002-01-08,11.214625358581543,11.255715370178223,11.097225189208984,11.111900329589844,8.13576602935791,16933,0.0,0.0
2002-01-09,11.088419914245605,11.255715370178223,11.070810317993164,11.202884674072266,8.202383995056152,39880,0.0,0.0
2002-01-10,11.155924797058105,11.270389556884766,11.094289779663086,11.191144943237305,8.1937894821167,22385,0.0,0.0
2002-01-11,11.152990341186523,11.211689949035645,11.041460037231445,11.129509925842285,8.148659706115723,37683,0.0,0.0
2002-01-14,11.041460037231445,11.270389556884766,11.035590171813965,11.135379791259766,8.152956008911133,123441,0.0,0.0
2002-01-15,11.152990341186523,11.152990341186523,10.924059867858887,10.938735008239746,8.008980751037598,49114,0.0,0.0
2002-01-16,10.929929733276367,11.138315200805664,10.929929733276367,10.950474739074707,8.017576217651367,20153,0.0,0.0
2002-01-17,10.926995277404785,11.088419914245605,10.926995277404785,11.026784896850586,8.073446273803711,34753,0.0,0.0
2002-01-18,11.094289779663086,11.616719245910645,10.862424850463867,11.522798538208008,8.436614990234375,357581,0.0,0.0
2002-01-21,12.033489227294922,12.268288612365723,11.974788665771484,12.062838554382324,8.832013130187988,347189,0.0,0.0
2002-01-22,12.092188835144043,12.444389343261719,12.042293548583984,12.23306941986084,8.956649780273438,405042,0.0,0.0
2002-01-23,12.180238723754883,12.268288612365723,11.989463806152344,12.065773963928223,8.834160804748535,178586,0.0,0.0
2002-01-24,11.986529350280762,12.209589004516602,11.742923736572266,11.781079292297363,8.625717163085938,90698,0.0,0.0
2002-01-25,11.857389450073242,11.989463806152344,11.622589111328125,11.739989280700684,8.595633506774902,48977,0.0,0.0
2002-01-28,11.957179069519043,11.957179069519043,11.628458976745605,11.716508865356445,8.578442573547363,46303,0.0,0.0
2002-01-29,11.731184005737305,11.857389450073242,11.578563690185547,11.593238830566406,8.488187789916992,40698,0.0,0.0
2002-01-30,11.734119415283203,11.916089057922363,11.522798538208008,11.863259315490723,8.68588924407959,92163,0.0,0.0
2002-01-31,11.916089057922363,12.15088939666748,11.916089057922363,12.042293548583984,8.816969871520996,196524,0.0,0.0
2002-02-01,12.092188835144043,12.15088939666748,11.974788665771484,12.042293548583984,8.816969871520996,86626,0.0,0.0
2002-02-04,12.092188835144043,12.32698917388916,12.033489227294922,12.042293548583984,8.816969871520996,278620,0.0,0.0
2002-02-05,12.224264144897461,12.444389343261719,12.209589004516602,12.3475341796875,9.04045581817627,454787,0.0,0.0
2002-02-06,12.620488166809082,13.970586776733398,12.444389343261719,13.330758094787598,9.76034164428711,875486,0.0,0.0
2002-02-07,13.448158264160156,13.729917526245117,12.9198579788208,12.96975326538086,9.496026992797852,330323,0.0,0.0
2002-02-08,13.17813777923584,14.146686553955078,12.84061336517334,13.941237449645996,10.207313537597656,560681,0.0,0.0
2002-02-11,14.264086723327637,14.851086616516113,14.152557373046875,14.487147331237793,10.607010841369629,898467,0.0,0.0
2002-02-12,14.674986839294434,14.674986839294434,14.146686553955078,14.331591606140137,10.493120193481445,370511,0.0,0.0
2002-02-13,14.551716804504395,15.367646217346191,14.399097442626953,15.147521018981934,11.090516090393066,5761163,0.0,0.0
2002-02-14,15.320686340332031,16.964284896850586,15.320686340332031,16.151290893554688,11.825444221496582,2547651,0.0,0.0
2002-02-15,15.84898567199707,16.25695037841797,15.326556205749512,15.47037124633789,11.326896667480469,888825,0.0,0.0
2002-02-18,15.543745994567871,16.048564910888672,15.282530784606934,15.51733112335205,11.361278533935547,701244,0.0,0.0
2002-02-19,15.74919605255127,15.74919605255127,15.056535720825195,15.373516082763672,11.25598430633545,447700,0.0,0.0
2002-02-20,14.971421241760254,16.694265365600586,14.971421241760254,16.438919067382812,12.036032676696777,2012097,0.0,0.0
2002-02-21,16.559255599975586,16.758834838867188,15.919425964355469,16.29804039001465,11.932887077331543,1118110,0.0,0.0
2002-02-22,15.649406433105469,17.551284790039062,15.649406433105469,17.43094825744629,12.762368202209473,2171398,0.0,0.0
2002-02-25,17.521934509277344,17.551284790039062,16.964284896850586,17.166799545288086,12.568962097167969,1253970,0.0,0.0
2002-02-26,17.37518310546875,17.37518310546875,16.964284896850586,17.193214416503906,12.588303565979004,701227,0.0,0.0
2002-02-27,17.155059814453125,17.155059814453125,15.631795883178711,16.25695037841797,11.902801513671875,779438,0.0,0.0
2002-02-28,16.435985565185547,16.435985565185547,14.851086616516113,14.994900703430176,10.978771209716797,667274,0.0,0.0
2002-03-01,15.261985778808594,16.670785903930664,15.144585609436035,15.919425964355469,11.65567684173584,280783,0.0,0.0
2002-03-04,16.142484664916992,16.435985565185547,15.79615592956543,15.907686233520508,11.647085189819336,288739,0.0,0.0
2002-03-05,15.907686233520508,16.289234161376953,15.496786117553711,15.55842113494873,11.391364097595215,175059,0.0,0.0
2002-03-06,16.17183494567871,16.17183494567871,15.033056259155273,15.267855644226074,11.178622245788574,150988,0.0,0.0
2002-03-07,16.406635284423828,17.316484451293945,15.561355590820312,15.669951438903809,11.473021507263184,757888,0.0,0.0
2002-03-08,16.083784103393555,16.20118522644043,15.746260643005371,15.881271362304688,11.627745628356934,813527,0.0,0.0
2002-03-11,14.674986839294434,15.919425964355469,14.674986839294434,15.256115913391113,11.170023918151855,270221,0.0,0.0
2002-03-12,15.261985778808594,15.394061088562012,14.763036727905273,15.150456428527832,11.092666625976562,256064,0.0,0.0
2002-03-13,15.256115913391113,16.14542007446289,15.027186393737793,15.323620796203613,11.219451904296875,234191,0.0,0.0
2002-03-14,15.379385948181152,15.731586456298828,15.320686340332031,15.51733112335205,11.361278533935547,105707,0.0,0.0
2002-03-15,15.963451385498047,15.963451385498047,14.851086616516113,15.62592601776123,11.440786361694336,126712,0.0,0.0
2002-03-18,15.819636344909668,15.84898567199707,15.270791053771973,15.350035667419434,11.238790512084961,152811,0.0,0.0
2002-03-19,15.320686340332031,15.376450538635254,14.971421241760254,15.015445709228516,10.993815422058105,130136,0.0,0.0
2002-03-20,14.824671745300293,15.082950592041016,14.683792114257812,14.760102272033691,10.80686092376709,211005,0.0,0.0
2002-03-21,14.733687400817871,14.968485832214355,14.733687400817871,14.763036727905273,10.809008598327637,213236,0.0,0.0
2002-03-22,14.821737289428711,14.880436897277832,14.674986839294434,14.683792114257812,10.750988960266113,55860,0.0,0.0
2002-03-25,14.683792114257812,14.683792114257812,14.683792114257812,14.683792114257812,10.750988960266113,0,0.0,0.0
2002-03-26,14.689661979675293,14.874567031860352,14.498887062072754,14.560522079467773,10.66073226928711,54173,0.0,0.0
2002-03-27,14.674986839294434,14.704337120056152,14.381486892700195,14.446057319641113,10.57692813873291,109931,0.0,0.0
2002-03-28,14.660311698913574,15.438085556030273,14.616287231445312,14.898045539855957,10.907856941223145,423748,0.0,0.0
2002-03-29,14.898045539855957,14.898045539855957,14.898045539855957,14.898045539855957,10.907856941223145,0,0.0,0.0
2002-04-01,15.223831176757812,15.731586456298828,15.033056259155273,15.335360527038574,11.228043556213379,265605,0.0,0.0
2002-04-02,15.408736228942871,15.549615859985352,15.144585609436035,15.203286170959473,11.131343841552734,183816,0.0,0.0
2002-04-03,15.153390884399414,15.58483600616455,15.144585609436035,15.329490661621094,11.223749160766602,102538,0.0,0.0
2002-04-04,15.48504638671875,15.561355590820312,15.344165802001953,15.496786117553711,11.346238136291504,78211,0.0,0.0
2002-04-05,15.261985778808594,15.83724594116211,15.261985778808594,15.555485725402832,11.389213562011719,79488,0.0,0.0
2002-04-08,15.264921188354492,16.13074493408203,15.264921188354492,15.99280071258545,11.709400177001953,551772,0.0,0.0
2002-04-09,16.19824981689453,16.465335845947266,16.02508544921875,16.289234161376953,11.926440238952637,276439,0.0,0.0
2002-04-10,16.14835548400879,16.465335845947266,15.737456321716309,16.383155822753906,11.995207786560059,471823,0.0,0.0
2002-04-11,16.55338478088379,16.90558433532715,16.435985565185547,16.732419967651367,12.25092601776123,656712,0.0,0.0
2002-04-12,16.670785903930664,16.90558433532715,16.49468421936035,16.64730453491211,12.188608169555664,342385,0.0,0.0
2002-04-15,17.193214416503906,17.246044158935547,15.97225570678711,16.556320190429688,12.121990203857422,207904,0.0,0.0
2002-04-16,16.450660705566406,16.55338478088379,15.907686233520508,16.06324005126953,11.76097583770752,88569,0.0,0.0
2002-04-17,16.14835548400879,16.946674346923828,16.14542007446289,16.78231430053711,12.287459373474121,192589,0.0,0.0
2002-04-18,16.95841407775879,17.275394439697266,16.732419967651367,16.920259475708008,12.388456344604492,400051,0.0,0.0
2002-04-19,15.438085556030273,17.081684112548828,15.438085556030273,16.26869010925293,11.911398887634277,174599,0.0,0.0
2002-04-22,16.142484664916992,16.43011474609375,15.975191116333008,16.045629501342773,11.74808120727539,73952,0.0,0.0
2002-04-23,16.315650939941406,16.55338478088379,16.06617546081543,16.409570693969727,12.014545440673828,106013,0.0,0.0
2002-04-24,16.72948455810547,17.022985458374023,16.541645050048828,16.879169464111328,12.358372688293457,452129,0.0,0.0
2002-04-25,17.020050048828125,18.43178367614746,16.970155715942383,17.604114532470703,12.889152526855469,1058348,0.0,0.0
2002-04-26,17.609983444213867,18.196983337402344,17.381053924560547,17.589439392089844,12.878411293029785,602726,0.0,0.0
2002-04-29,17.6070499420166,17.609983444213867,17.381053924560547,17.448558807373047,12.775259971618652,273986,0.0,0.0
2002-04-30,17.316484451293945,18.19111442565918,17.316484451293945,17.325288772583008,12.685007095336914,104650,0.0,0.0
2002-05-01,17.325288772583008,17.325288772583008,17.325288772583008,17.325288772583008,12.685007095336914,0,0.0,0.0
2002-05-02,17.551284790039062,18.13828468322754,17.463233947753906,17.8800048828125,13.09115219116211,1438042,0.0,0.0
2002-05-03,18.047298431396484,18.666582107543945,17.786083221435547,18.103063583374023,13.254465103149414,1775793,0.0,0.0
2002-05-06,18.25568389892578,18.490482330322266,18.0795841217041,18.12360954284668,13.269509315490723,234940,0.0,0.0
2002-05-07,18.199918746948242,18.578533172607422,18.0795841217041,18.496353149414062,13.542418479919434,839217,0.0,0.0
2002-05-08,18.9600830078125,19.194883346557617,18.196983337402344,18.2879695892334,13.389848709106445,388739,0.0,0.0
2002-05-09,18.43178367614746,18.519832611083984,18.211658477783203,18.481678009033203,13.531676292419434,366610,0.0,0.0
2002-05-10,18.31438446044922,18.519832611083984,17.903484344482422,18.487548828125,13.535972595214844,497564,0.0,0.0
2002-05-13,18.4846134185791,18.78398323059082,18.196983337402344,18.496353149414062,13.765795707702637,454497,0.3,0.0
2002-05-14,18.490482330322266,18.549182891845703,18.08251953125,18.09719467163086,13.468729972839355,52095,0.0,0.0
2002-05-15,18.13828468322754,18.13828468322754,17.19908332824707,17.460298538208008,12.994722366333008,226524,0.0,0.0
2002-05-16,17.609983444213867,17.786083221435547,17.257783889770508,17.677488327026367,13.156365394592285,170903,0.0,0.0
2002-05-17,17.6745548248291,18.13828468322754,17.551284790039062,17.98859977722168,13.387908935546875,773322,0.0,0.0
2002-05-20,17.621723175048828,17.894678115844727,17.433883666992188,17.53954315185547,13.053699493408203,162282,0.0,0.0
2002-05-21,17.844783782958984,17.844783782958984,16.20118522644043,16.63556480407715,12.380919456481934,170136,0.0,0.0
2002-05-22,16.758834838867188,17.19908332824707,16.435985565185547,17.008310317993164,12.658330917358398,113475,0.0,0.0
2002-05-23,16.90558433532715,16.908519744873047,16.438919067382812,16.65904426574707,12.398392677307129,78347,0.0,0.0
2002-05-24,16.943740844726562,17.298873901367188,16.72948455810547,17.069944381713867,12.704207420349121,228535,0.0,0.0
2002-05-27,17.081684112548828,17.169734954833984,16.738290786743164,16.820470809936523,12.518536567687988,80051,0.0,0.0
2002-05-28,16.626760482788086,16.72948455810547,16.233470916748047,16.303909301757812,12.134087562561035,85570,0.0,0.0
2002-05-29,16.717744827270508,17.022985458374023,16.289234161376953,16.86449432373047,12.551297187805176,72282,0.0,0.0
2002-05-30,16.72948455810547,17.046464920043945,16.465335845947266,16.56218910217285,12.326312065124512,34770,0.0,0.0
2002-05-31,16.547515869140625,16.547515869140625,16.177705764770508,16.33325958251953,12.15593147277832,49608,0.0,0.0
2002-06-03,16.641435623168945,16.90558433532715,16.21292495727539,16.38902473449707,12.197432518005371,134684,0.0,0.0
2002-06-04,16.435985565185547,16.544580459594727,16.204120635986328,16.488815307617188,12.27170181274414,385264,0.0,0.0
2002-06-05,16.670785903930664,17.022985458374023,16.438919067382812,16.738290786743164,12.457371711730957,118364,0.0,0.0
2002-06-06,16.72948455810547,16.72948455810547,16.49468421936035,16.506425857543945,12.284807205200195,185587,0.0,0.0
2002-06-07,16.49468421936035,16.77057456970215,16.39196014404297,16.708940505981445,12.435529708862305,89182,0.0,0.0
2002-06-10,16.02508544921875,17.313549041748047,16.02508544921875,17.10810089111328,12.73260498046875,117172,0.0,0.0
2002-06-11,17.6070499420166,18.31438446044922,17.290069580078125,18.0795841217041,13.455620765686035,2037378,0.0,0.0
2002-06-12,17.96218490600586,18.549182891845703,17.759668350219727,17.956314086914062,13.363879203796387,250255,0.0,0.0
2002-06-13,19.077482223510742,19.370983123779297,17.727384567260742,18.72821807861328,13.938363075256348,1393203,0.0,0.0
2002-06-14,18.781047821044922,19.06574249267578,18.04142951965332,18.20578956604004,13.549551010131836,700818,0.0,0.0
2002-06-17,18.13828468322754,18.428848266601562,17.96218490600586,18.20285415649414,13.547364234924316,275042,0.0,0.0
2002-06-18,18.196983337402344,18.373083114624023,17.495519638061523,17.768474578857422,13.224080085754395,102521,0.0,0.0
2002-06-19,17.609983444213867,17.903484344482422,17.37518310546875,17.480844497680664,13.010013580322266,379625,0.0,0.0
2002-06-20,17.439754486083984,17.859458923339844,17.316484451293945,17.750864028930664,13.210970878601074,133918,0.0,0.0
2002-06-21,17.753799438476562,17.815433502197266,17.433883666992188,17.571828842163086,13.077726364135742,68330,0.0,0.0
2002-06-24,17.169734954833984,17.833044052124023,17.169734954833984,17.6745548248291,13.154179573059082,101362,0.0,0.0
2002-06-25,17.651073455810547,17.651073455810547,17.38985824584961,17.510194778442383,13.031855583190918,45707,0.0,0.0
2002-06-26,17.26952362060547,17.844783782958984,17.169734954833984,17.733253479003906,13.197868347167969,377530,0.0,0.0
2002-06-27,17.609983444213867,18.17937469482422,17.37518310546875,18.09719467163086,13.468729972839355,169250,0.0,0.0
2002-06-28,18.196983337402344,18.842683792114258,18.13828468322754,18.402433395385742,13.69589900970459,767053,0.0,0.0
2002-07-01,18.414173126220703,18.8955135345459,18.31438446044922,18.79572296142578,13.988607406616211,560698,0.0,0.0
2002-07-02,18.901382446289062,19.370983123779297,18.901382446289062,19.321088790893555,14.379603385925293,508228,0.0,0.0
2002-07-03,19.077482223510742,20.078317642211914,19.077482223510742,19.70263671875,14.663565635681152,708160,0.0,0.0
2002-07-04,19.95798110961914,20.128211975097656,19.66448211669922,19.922761917114258,14.827396392822266,949591,0.0,0.0
2002-07-05,19.62045669555664,20.222131729125977,19.62045669555664,19.82590675354004,14.755314826965332,311891,0.0,0.0
2002-07-08,19.95798110961914,20.016681671142578,19.018783569335938,19.118572235107422,14.22888469696045,291891,0.0,0.0
2002-07-09,19.429683685302734,19.45903205871582,18.842683792114258,18.848552703857422,14.027923583984375,234395,0.0,0.0
2002-07-10,18.842683792114258,18.869098663330078,18.63723373413086,18.6871280670166,13.907779693603516,69897,0.0,0.0
2002-07-11,18.578533172607422,18.954212188720703,18.496353149414062,18.792787551879883,13.986418724060059,90511,0.0,0.0
2002-07-12,18.916057586669922,19.31228256225586,18.79865837097168,19.139118194580078,14.24417495727539,90851,0.0,0.0
2002-07-15,18.90431785583496,19.18901252746582,18.85442352294922,19.01584815979004,14.152433395385742,140630,0.0,0.0
2002-07-16,18.020883560180664,19.370983123779297,18.020883560180664,18.807462692260742,13.997342109680176,549370,0.0,0.0
2002-07-17,18.83974838256836,18.898448944091797,18.43178367614746,18.789852142333984,13.984235763549805,690733,0.0,0.0
2002-07-18,18.842683792114258,19.036392211914062,18.78398323059082,18.99823760986328,14.139323234558105,415571,0.0,0.0
2002-07-19,18.9600830078125,18.9600830078125,18.757568359375,18.78691864013672,13.982049942016602,125110,0.0,0.0
2002-07-22,18.60788345336914,18.9600830078125,18.490482330322266,18.77224349975586,13.971128463745117,334753,0.0,0.0
2002-07-23,18.8955135345459,18.8955135345459,18.31438446044922,18.40536880493164,13.69808578491211,254139,0.0,0.0
2002-07-24,18.490482330322266,18.563858032226562,18.196983337402344,18.396562576293945,13.691527366638184,125332,0.0,0.0
2002-07-25,18.78398323059082,18.842683792114258,17.903484344482422,17.976858139038086,13.379166603088379,105468,0.0,0.0
2002-07-26,17.609983444213867,18.023818969726562,17.551284790039062,17.847719192504883,13.283061027526855,256644,0.0,0.0
2002-07-29,17.844783782958984,18.60788345336914,17.609983444213867,18.3496036529541,13.65658187866211,734344,0.0,0.0
2002-07-30,18.43178367614746,18.807462692260742,17.903484344482422,17.96218490600586,13.368247032165527,41277,0.0,0.0
2002-07-31,17.463233947753906,17.609983444213867,17.143320083618164,17.290069580078125,12.868029594421387,81414,0.0,0.0
2002-08-01,17.844783782958984,17.844783782958984,17.32235336303711,17.709774017333984,13.18039321899414,240545,0.0,0.0
2002-08-02,17.316484451293945,17.551284790039062,17.316484451293945,17.454429626464844,12.9903564453125,51226,0.0,0.0
2002-08-05,17.433883666992188,17.721513748168945,17.345834732055664,17.548349380493164,13.060254096984863,44037,0.0,0.0
2002-08-06,17.169734954833984,17.64813995361328,17.169734954833984,17.612918853759766,13.108308792114258,120613,0.0,0.0
2002-08-07,17.841848373413086,17.841848373413086,17.683359146118164,17.768474578857422,13.224080085754395,1881841,0.0,0.0
2002-08-08,17.639333724975586,17.727384567260742,17.37811851501465,17.568893432617188,13.075544357299805,73185,0.0,0.0
2002-08-09,17.609983444213867,17.609983444213867,17.20201873779297,17.469104766845703,13.001276016235352,31618,0.0,0.0
2002-08-12,17.609983444213867,17.718578338623047,17.22843360900879,17.410404205322266,12.9575834274292,87155,0.0,0.0
2002-08-13,17.460298538208008,17.492584228515625,17.351703643798828,17.433883666992188,12.97506332397461,32606,0.0,0.0
2002-08-14,17.381053924560547,17.454429626464844,17.316484451293945,17.33702850341797,12.90297794342041,98381,0.0,0.0
2002-08-15,17.33702850341797,17.33702850341797,17.33702850341797,17.33702850341797,12.90297794342041,0,0.0,0.0
2002-08-16,17.37518310546875,17.419208526611328,17.257783889770508,17.284198760986328,12.86366081237793,54514,0.0,0.0
2002-08-19,17.40453338623047,17.492584228515625,17.19908332824707,17.26952362060547,12.852739334106445,94224,0.0,0.0
2002-08-20,17.140384674072266,17.257783889770508,16.852754592895508,17.1345157623291,12.752260208129883,185775,0.0,0.0
2002-08-21,17.37518310546875,17.40453338623047,17.084619522094727,17.325288772583008,12.894243240356445,118296,0.0,0.0
2002-08-22,17.37518310546875,17.548349380493164,17.257783889770508,17.319419860839844,12.889873504638672,12589,0.0,0.0
2002-08-23,17.433883666992188,17.492584228515625,17.21375846862793,17.419208526611328,12.964139938354492,15638,0.0,0.0
2002-08-26,17.551284790039062,17.598243713378906,17.169734954833984,17.275394439697266,12.857110023498535,128756,0.0,0.0
2002-08-27,17.084619522094727,17.43094825744629,17.084619522094727,17.331159591674805,12.898612022399902,40391,0.0,0.0
2002-08-28,17.19908332824707,17.37518310546875,16.908519744873047,17.301809310913086,12.8767671585083,108552,0.0,0.0
2002-08-29,17.19908332824707,17.401599884033203,17.140384674072266,17.319419860839844,12.889873504638672,58569,0.0,0.0
2002-08-30,17.401599884033203,17.433883666992188,17.21082305908203,17.319419860839844,12.889873504638672,40136,0.0,0.0
2002-09-02,17.316484451293945,17.551284790039062,17.140384674072266,17.284198760986328,12.86366081237793,32691,0.0,0.0
2002-09-03,17.21375846862793,17.21375846862793,17.022985458374023,17.102230072021484,12.728231430053711,34718,0.0,0.0
2002-09-04,17.844783782958984,17.903484344482422,16.841014862060547,17.011245727539062,12.660516738891602,14804,0.0,0.0
2002-09-05,17.084619522094727,17.316484451293945,17.022985458374023,17.257783889770508,12.844002723693848,31345,0.0,0.0
2002-09-06,17.087554931640625,17.196149826049805,17.052335739135742,17.093425750732422,12.721677780151367,9880,0.0,0.0
2002-09-09,17.025920867919922,17.025920867919922,16.846885681152344,16.899715423583984,12.577510833740234,20323,0.0,0.0
2002-09-10,16.899715423583984,16.899715423583984,16.899715423583984,16.899715423583984,12.577510833740234,0,0.0,0.0
2002-09-11,17.022985458374023,17.046464920043945,16.861560821533203,17.028854370117188,12.673620223999023,64276,0.0,0.0
2002-09-12,17.36344337463379,17.36344337463379,16.84981918334961,16.926130294799805,12.597169876098633,41499,0.0,0.0
2002-09-13,16.885040283203125,16.885040283203125,16.72948455810547,16.732419967651367,12.453004837036133,16371,0.0,0.0
2002-09-16,17.081684112548828,17.081684112548828,16.37728500366211,16.44478988647461,12.238936424255371,31056,0.0,0.0
2002-09-17,16.52403450012207,16.63262939453125,16.506425857543945,16.50935935974121,12.286992073059082,7376,0.0,0.0
2002-09-18,16.964284896850586,16.964284896850586,16.435985565185547,16.450660705566406,12.243304252624512,4088,0.0,0.0
2002-09-19,17.96218490600586,17.96218490600586,16.447725296020508,16.744159698486328,12.461738586425781,26439,0.0,0.0
2002-09-20,17.551284790039062,17.551284790039062,16.50935935974121,16.717744827270508,12.442085266113281,30834,0.0,0.0
2002-09-23,16.55338478088379,16.846885681152344,16.49468421936035,16.667850494384766,12.404950141906738,289404,0.0,0.0
2002-09-24,17.609983444213867,17.609983444213867,16.435985565185547,16.44478988647461,12.238936424255371,226916,0.0,0.0
2002-09-25,15.84898567199707,16.547515869140625,15.84898567199707,16.49468421936035,12.276070594787598,16490,0.0,0.0
2002-09-26,16.23053550720215,16.547515869140625,16.221729278564453,16.380220413208008,12.19088077545166,8500,0.0,0.0
2002-09-27,16.20118522644043,16.996570587158203,16.20118522644043,16.68545913696289,12.41805362701416,178841,0.0,0.0
2002-09-30,17.37518310546875,17.37518310546875,16.17477035522461,16.412504196166992,12.214906692504883,23628,0.0,0.0
2002-10-01,17.551284790039062,17.551284790039062,16.02508544921875,16.08085060119629,11.968074798583984,39880,0.0,0.0
2002-10-02,16.08085060119629,16.08085060119629,16.08085060119629,16.08085060119629,11.968074798583984,0,0.0,0.0
2002-10-03,16.20118522644043,16.318584442138672,15.85779094696045,15.91062068939209,11.84138298034668,276116,0.0,0.0
2002-10-04,15.84898567199707,16.18944549560547,15.752131462097168,15.825506210327148,11.77803897857666,117308,0.0,0.0
2002-10-07,15.84898567199707,16.07791519165039,15.67288589477539,15.942906379699707,11.865410804748535,154190,0.0,0.0
2002-10-08,15.291336059570312,16.36554527282715,15.291336059570312,16.192380905151367,12.051082611083984,94599,0.0,0.0
2002-10-09,17.551284790039062,17.551284790039062,16.02508544921875,16.70306968688965,12.431159973144531,162385,0.0,0.0
2002-10-10,16.623825073242188,16.670785903930664,16.259885787963867,16.51229476928711,12.289177894592285,90545,0.0,0.0
2002-10-11,16.397829055786133,16.612085342407227,16.397829055786133,16.547515869140625,12.315389633178711,22981,0.0,0.0
2002-10-14,16.902650833129883,16.90558433532715,16.24227523803711,16.547515869140625,12.315389633178711,232112,0.0,0.0
2002-10-15,16.547515869140625,16.547515869140625,16.547515869140625,16.547515869140625,12.315389633178711,0,0.0,0.0
2002-10-16,16.670785903930664,16.785249710083008,16.597410202026367,16.706005096435547,12.433341979980469,243219,0.0,0.0
2002-10-17,16.879169464111328,16.879169464111328,16.585670471191406,16.72948455810547,12.45081901550293,108977,0.0,0.0
2002-10-18,16.90558433532715,16.90558433532715,16.44185447692871,16.44478988647461,12.238936424255371,10289,0.0,0.0
2002-10-21,16.383155822753906,16.55338478088379,16.34793472290039,16.35087013244629,12.169036865234375,14497,0.0,0.0
2002-10-22,16.02508544921875,16.318584442138672,16.02508544921875,16.183574676513672,12.044529914855957,24582,0.0,0.0
2002-10-23,16.083784103393555,16.142484664916992,16.033891677856445,16.12194061279297,11.998652458190918,21601,0.0,0.0
2002-10-24,16.083784103393555,16.318584442138672,15.881271362304688,16.09259033203125,11.976812362670898,204497,0.0,0.0
2002-10-25,15.922361373901367,16.142484664916992,15.379385948181152,16.06324005126953,11.954970359802246,96950,0.0,0.0
2002-10-28,17.022985458374023,17.022985458374023,16.004541397094727,16.142484664916992,12.013948440551758,25144,0.0,0.0
2002-10-29,16.02802085876465,16.180639266967773,15.995736122131348,16.10433006286621,11.985549926757812,6558,0.0,0.0
2002-10-30,16.142484664916992,16.142484664916992,15.84898567199707,15.954646110534668,11.874150276184082,33339,0.0,0.0
2002-10-31,16.083784103393555,16.195314407348633,15.038926124572754,15.267855644226074,11.363011360168457,489267,0.0,0.0
2002-11-01,15.846051216125488,15.846051216125488,14.736621856689453,15.203286170959473,11.31495189666748,830682,0.0,0.0
2002-11-04,15.67288589477539,15.67288589477539,15.344165802001953,15.414606094360352,11.472229957580566,207240,0.0,0.0
2002-11-05,15.467435836791992,15.84898567199707,15.350035667419434,15.66701602935791,11.660082817077637,38790,0.0,0.0
2002-11-06,15.66701602935791,15.66701602935791,15.66701602935791,15.66701602935791,11.660082817077637,0,0.0,0.0
2002-11-07,16.23053550720215,16.23053550720215,15.57309627532959,15.887141227722168,11.823907852172852,103015,0.0,0.0
2002-11-08,15.731586456298828,15.84898567199707,15.731586456298828,15.846051216125488,11.793330192565918,3134,0.0,0.0
2002-11-11,15.84898567199707,15.954646110534668,15.731586456298828,15.78148078918457,11.745274543762207,243969,0.0,0.0
2002-11-12,15.58483600616455,15.58483600616455,14.942070960998535,15.056535720825195,11.205735206604004,144838,0.0,0.0
2002-11-13,15.144585609436035,15.417540550231934,14.211256980895996,14.537041664123535,10.81910514831543,621618,0.0,0.0
2002-11-14,14.381486892700195,14.851086616516113,14.240607261657715,14.378552436828613,10.701151847839355,337581,0.0,0.0
2002-11-15,15.461565971374512,15.461565971374512,13.976456642150879,14.061572074890137,10.465239524841309,212317,0.0,0.0
2002-11-18,13.794486999511719,14.234737396240234,13.794486999511719,14.085051536560059,10.482717514038086,376099,0.0,0.0
2002-11-19,14.085051536560059,14.085051536560059,14.085051536560059,14.085051536560059,10.482717514038086,0,0.0,0.0
2002-11-20,13.794486999511719,14.487147331237793,13.794486999511719,13.87373161315918,10.325441360473633,513612,0.0,0.0
2002-11-21,14.205387115478516,15.144585609436035,14.029287338256836,14.469536781311035,10.768865585327148,2614874,0.0,0.0
2002-11-22,14.968485832214355,15.555485725402832,14.733687400817871,14.789451599121094,11.006958961486816,886849,0.0,0.0
2002-11-25,15.041860580444336,15.555485725402832,14.912720680236816,15.473305702209473,11.515912055969238,1511721,0.0,0.0
2002-11-26,15.555485725402832,15.93116569519043,15.388191223144531,15.825506210327148,11.77803897857666,898552,0.0,0.0
2002-11-27,15.84898567199707,16.022151947021484,15.379385948181152,15.414606094360352,11.472229957580566,185996,0.0,0.0
2002-11-28,16.142484664916992,16.752965927124023,16.033891677856445,16.22466468811035,12.075108528137207,1271006,0.0,0.0
2002-11-29,16.43011474609375,16.57686424255371,16.16009521484375,16.474140167236328,12.260778427124023,190477,0.0,0.0
2002-12-02,16.72948455810547,16.90558433532715,16.318584442138672,16.450660705566406,12.243304252624512,181328,0.0,0.0
2002-12-03,16.612085342407227,17.081684112548828,16.55338478088379,16.697200775146484,12.426791191101074,438228,0.0,0.0
2002-12-04,16.846885681152344,16.893844604492188,16.113134384155273,16.503490447998047,12.282623291015625,628637,0.0,0.0
2002-12-05,15.58483600616455,16.330324172973633,15.446890830993652,16.098459243774414,11.981182098388672,452794,0.0,0.0
2002-12-06,16.259885787963867,16.371414184570312,15.919425964355469,16.28336524963379,12.118796348571777,908075,0.0,0.0
2002-12-09,16.20118522644043,16.37728500366211,15.986930847167969,16.02802085876465,11.92875862121582,666201,0.0,0.0
2002-12-10,15.966385841369629,17.075815200805664,15.79615592956543,16.262819290161133,12.103507041931152,269233,0.0,0.0
2002-12-11,16.60621452331543,16.612085342407227,16.21292495727539,16.48587989807129,12.269516944885254,235962,0.0,0.0
2002-12-12,16.664915084838867,17.492584228515625,16.438919067382812,17.325288772583008,12.894243240356445,1874805,0.0,0.0
2002-12-13,17.609983444213867,17.712709426879883,16.978960037231445,17.181474685668945,12.787209510803223,472334,0.0,0.0
2002-12-16,17.140384674072266,17.31061363220215,16.920259475708008,17.137449264526367,12.75444507598877,123492,0.0,0.0
2002-12-17,17.022985458374023,17.248979568481445,16.49761962890625,17.049400329589844,12.688913345336914,140443,0.0,0.0
2002-12-18,16.814599990844727,17.078750610351562,16.814599990844727,17.002439498901367,12.653964042663574,37189,0.0,0.0
2002-12-19,16.785249710083008,16.961349487304688,16.758834838867188,16.829275131225586,12.52508544921875,22061,0.0,0.0
2002-12-20,16.14835548400879,17.022985458374023,16.14835548400879,16.95841407775879,12.621198654174805,46064,0.0,0.0
2002-12-23,17.017114639282227,17.017114639282227,16.74122428894043,16.79698944091797,12.501058578491211,74395,0.0,0.0
2002-12-24,16.95841407775879,16.95841407775879,16.676654815673828,16.817535400390625,12.516349792480469,200715,0.0,0.0
2002-12-25,16.817535400390625,16.817535400390625,16.817535400390625,16.817535400390625,12.516349792480469,0,0.0,0.0
2002-12-26,16.964284896850586,17.287134170532227,16.87623405456543,16.93199920654297,12.601537704467773,104548,0.0,0.0
2002-12-27,16.93199920654297,17.492584228515625,16.84981918334961,17.448558807373047,13.180597305297852,517649,0.25,0.0
2002-12-30,17.216693878173828,17.991533279418945,17.022985458374023,17.909353256225586,13.52867603302002,1159643,0.0,0.0
2002-12-31,18.020883560180664,18.2850341796875,18.020883560180664,18.217529296875,13.761473655700684,1212522,0.0,0.0
2003-01-01,18.0795841217041,18.373083114624023,17.968053817749023,18.0854549407959,13.661703109741211,357070,0.0,0.0
2003-01-02,18.13828468322754,18.196983337402344,17.721513748168945,18.105998992919922,13.677226066589355,209506,0.0,0.0
2003-01-03,18.12067413330078,18.12067413330078,17.433883666992188,17.598243713378906,13.29366683959961,87206,0.0,0.0
2003-01-06,17.935768127441406,18.017948150634766,17.495519638061523,17.894678115844727,13.517596244812012,513015,0.0,0.0
2003-01-07,18.10893440246582,18.31438446044922,17.730318069458008,17.8770694732666,13.504291534423828,359557,0.0,0.0
2003-01-08,18.129478454589844,18.13828468322754,17.727384567260742,17.730318069458008,13.393436431884766,69335,0.0,0.0
2003-01-09,17.900548934936523,18.71941375732422,17.6745548248291,18.602012634277344,14.05191707611084,957956,0.0,0.0
2003-01-10,18.78691864013672,18.898448944091797,18.44645881652832,18.725282669067383,14.145027160644531,297444,0.0,0.0
2003-01-13,18.60788345336914,18.60788345336914,18.376018524169922,18.52863883972168,13.99648380279541,96575,0.0,0.0
2003-01-14,18.443523406982422,19.01291275024414,18.443523406982422,18.87790298461914,14.260319709777832,340221,0.0,0.0
2003-01-15,18.842683792114258,19.370983123779297,18.666582107543945,19.06574249267578,14.402207374572754,420562,0.0,0.0
2003-01-16,18.93073272705078,19.31228256225586,18.789852142333984,19.12444305419922,14.446557998657227,695503,0.0,0.0
2003-01-17,19.077482223510742,19.341632843017578,18.857358932495117,18.97182273864746,14.331265449523926,93611,0.0,0.0
2003-01-20,18.78398323059082,19.194883346557617,18.58146858215332,19.048133850097656,14.388911247253418,156167,0.0,0.0
2003-01-21,18.9600830078125,19.8347110748291,18.9600830078125,19.44729232788086,14.690434455871582,2064567,0.0,0.0
2003-01-22,19.48838233947754,19.535341262817383,18.99823760986328,19.142053604125977,14.459856033325195,1403152,0.0,0.0
2003-01-23,19.077482223510742,19.26825714111328,18.196983337402344,18.519832611083984,13.989830017089844,239472,0.0,0.0
2003-01-24,17.642269134521484,19.074548721313477,17.609983444213867,17.671619415283203,13.349095344543457,314378,0.0,0.0
2003-01-27,18.252748489379883,18.252748489379883,17.433883666992188,17.703903198242188,13.373481750488281,222640,0.0,0.0
2003-01-28,17.677488327026367,17.677488327026367,17.081684112548828,17.439754486083984,13.173945426940918,109454,0.0,0.0
2003-01-29,17.433883666992188,17.727384567260742,17.37518310546875,17.671619415283203,13.349095344543457,162146,0.0,0.0
2003-01-30,18.0795841217041,18.0795841217041,17.466169357299805,17.700969696044922,13.371268272399902,224974,0.0,0.0
2003-01-31,17.680423736572266,18.725282669067383,17.316484451293945,18.33786392211914,13.852374076843262,116507,0.0,0.0
2003-02-03,18.355472564697266,18.66071319580078,18.25861930847168,18.334928512573242,13.85015869140625,598433,0.0,0.0
2003-02-04,18.373083114624023,18.631362915039062,18.25568389892578,18.425912857055664,13.918888092041016,551158,0.0,0.0
2003-02-05,18.25568389892578,18.83681297302246,18.20285415649414,18.643102645874023,14.082951545715332,256081,0.0,0.0
2003-02-06,18.666582107543945,19.341632843017578,18.63723373413086,19.007043838500977,14.357873916625977,285179,0.0,0.0
2003-02-07,19.018783569335938,19.547082901000977,18.672452926635742,18.92192840576172,14.293577194213867,807411,0.0,0.0
2003-02-10,19.045198440551758,19.045198440551758,18.572662353515625,18.74289321899414,14.158331871032715,113560,0.0,0.0
2003-02-11,19.362178802490234,19.362178802490234,18.496353149414062,18.737022399902344,14.153898239135742,87632,0.0,0.0
2003-02-12,18.722347259521484,19.13618278503418,18.672452926635742,19.05400276184082,14.39334774017334,277853,0.0,0.0
2003-02-13,19.05400276184082,19.05400276184082,19.05400276184082,19.05400276184082,14.39334774017334,0,0.0,0.0
2003-02-14,19.10683250427246,19.10683250427246,18.7546329498291,18.85148811340332,14.240363121032715,161686,0.0,0.0
2003-02-17,19.018783569335938,19.66448211669922,18.954212188720703,19.35337257385254,14.619486808776855,381772,0.0,0.0
2003-02-18,19.899282455444336,20.2456111907959,19.294673919677734,19.7055721282959,14.88553237915039,507223,0.0,0.0
2003-02-19,19.561756134033203,20.016681671142578,19.370983123779297,19.464902877807617,14.70373821258545,288705,0.0,0.0
2003-02-20,19.899282455444336,19.899282455444336,19.253583908081055,19.423812866210938,14.672693252563477,149931,0.0,0.0
2003-02-21,19.31228256225586,19.370983123779297,19.13618278503418,19.28293228149414,14.566280364990234,74156,0.0,0.0
2003-02-24,19.658611297607422,19.658611297607422,19.194883346557617,19.35337257385254,14.619486808776855,89182,0.0,0.0
2003-02-25,19.018783569335938,19.18901252746582,18.936603546142578,19.077482223510742,14.411081314086914,230460,0.0,0.0
2003-02-26,19.66448211669922,19.66448211669922,18.842683792114258,18.965953826904297,14.32683277130127,54957,0.0,0.0
2003-02-27,18.819202423095703,19.31228256225586,18.819202423095703,19.04226303100586,14.384475708007812,81771,0.0,0.0
2003-02-28,19.139118194580078,19.720247268676758,18.196983337402344,18.613752365112305,14.060781478881836,363254,0.0,0.0
2003-03-03,18.490482330322266,18.7546329498291,18.1500244140625,18.158828735351562,13.717131614685059,177734,0.0,0.0
2003-03-04,18.11186981201172,18.308513641357422,18.11186981201172,18.144153594970703,13.706047058105469,27325,0.0,0.0
2003-03-05,18.196983337402344,18.43178367614746,17.862394332885742,18.196983337402344,13.745954513549805,74889,0.0,0.0
2003-03-06,18.549182891845703,18.549182891845703,17.859458923339844,17.897613525390625,13.51980972290039,187836,0.0,0.0
2003-03-07,17.844783782958984,17.991533279418945,17.113969802856445,17.897613525390625,13.51980972290039,396882,0.0,0.0
2003-03-10,17.727384567260742,17.96218490600586,17.516063690185547,17.7420597076416,13.402302742004395,205196,0.0,0.0
2003-03-11,17.668684005737305,17.812498092651367,17.565959930419922,17.759668350219727,13.415607452392578,53117,0.0,0.0
2003-03-12,17.671619415283203,17.844783782958984,17.554218292236328,17.574764251708984,13.275930404663086,28773,0.0,0.0
2003-03-13,17.604114532470703,17.604114532470703,17.140384674072266,17.407468795776367,13.149556159973145,71720,0.0,0.0
2003-03-14,17.407468795776367,17.407468795776367,17.407468795776367,17.407468795776367,13.149556159973145,0,0.0,0.0
2003-03-17,17.316484451293945,17.536609649658203,17.022985458374023,17.096359252929688,12.914546012878418,218535,0.0,0.0
2003-03-18,17.096359252929688,17.096359252929688,17.096359252929688,17.096359252929688,12.914546012878418,0,0.0,0.0
2003-03-19,17.222564697265625,17.263654708862305,16.732419967651367,16.858625411987305,12.73496150970459,270170,0.0,0.0
2003-03-20,16.465335845947266,17.022985458374023,16.465335845947266,16.791120529174805,12.683966636657715,101090,0.0,0.0
2003-03-21,16.861560821533203,17.257783889770508,16.861560821533203,16.920259475708008,12.781521797180176,1477718,0.0,0.0
2003-03-24,17.140384674072266,17.140384674072266,16.61795425415039,16.82340431213379,12.708355903625488,139931,0.0,0.0
2003-03-25,15.496786117553711,16.990699768066406,15.496786117553711,16.879169464111328,12.750480651855469,277478,0.0,0.0
2003-03-26,17.022985458374023,17.022985458374023,16.846885681152344,16.89090919494629,12.75934886932373,78586,0.0,0.0
2003-03-27,16.77057456970215,17.140384674072266,16.77057456970215,16.929065704345703,12.788172721862793,30988,0.0,0.0
2003-03-28,16.814599990844727,16.964284896850586,16.612085342407227,16.83807945251465,12.719442367553711,346712,0.0,0.0
2003-03-31,16.72948455810547,16.841014862060547,16.318584442138672,16.453594207763672,12.429001808166504,243577,0.0,0.0
2003-04-01,15.385255813598633,16.53577423095703,15.261985778808594,16.406635284423828,12.39353084564209,231550,0.0,0.0
2003-04-02,16.49468421936035,16.670785903930664,16.49468421936035,16.656110763549805,12.58198356628418,4071,0.0,0.0
2003-04-03,16.70013427734375,16.893844604492188,16.676654815673828,16.738290786743164,12.644062995910645,39557,0.0,0.0
2003-04-04,16.846885681152344,17.316484451293945,16.670785903930664,17.31061363220215,13.076393127441406,416013,0.0,0.0
2003-04-07,16.706005096435547,17.489648818969727,16.670785903930664,17.316484451293945,13.080825805664062,77580,0.0,0.0
2003-04-08,17.316484451293945,17.433883666992188,17.140384674072266,17.193214416503906,12.987707138061523,100102,0.0,0.0
2003-04-09,17.433883666992188,17.433883666992188,16.90558433532715,17.090490341186523,12.910113334655762,151345,0.0,0.0
2003-04-10,17.037660598754883,17.698034286499023,16.735355377197266,17.49845314025879,13.218286514282227,323373,0.0,0.0
2003-04-11,17.260719299316406,17.545413970947266,16.74122428894043,17.069944381713867,12.894590377807617,75281,0.0,0.0
2003-04-14,17.069944381713867,17.069944381713867,17.069944381713867,17.069944381713867,12.894590377807617,0,0.0,0.0
2003-04-15,17.433883666992188,17.433883666992188,16.79698944091797,16.961349487304688,12.812559127807617,40545,0.0,0.0
2003-04-16,16.852754592895508,17.122774124145508,16.802860260009766,16.843950271606445,12.723876953125,31959,0.0,0.0
2003-04-17,17.22843360900879,17.22843360900879,16.788185119628906,16.873300552368164,12.746044158935547,37972,0.0,0.0
2003-04-18,16.873300552368164,16.873300552368164,16.873300552368164,16.873300552368164,12.746044158935547,0,0.0,0.0
2003-04-21,16.90558433532715,17.020050048828125,16.679590225219727,16.78231430053711,12.677315711975098,95638,0.0,0.0
2003-04-22,17.545413970947266,17.545413970947266,16.761770248413086,17.049400329589844,12.879069328308105,136201,0.0,0.0
2003-04-23,17.140384674072266,17.257783889770508,17.022985458374023,17.084619522094727,12.90567684173584,114122,0.0,0.0
2003-04-24,17.372249603271484,17.372249603271484,17.022985458374023,17.178539276123047,12.976624488830566,137972,0.0,0.0
2003-04-25,17.137449264526367,17.287134170532227,16.914390563964844,17.18440818786621,12.981054306030273,88977,0.0,0.0
2003-04-28,17.169734954833984,17.31061363220215,17.046464920043945,17.140384674072266,12.947799682617188,24293,0.0,0.0
2003-04-29,17.313549041748047,17.313549041748047,17.096359252929688,17.196149826049805,12.989927291870117,122095,0.0,0.0
2003-04-30,17.19908332824707,17.22549819946289,17.025920867919922,17.140384674072266,12.947799682617188,104736,0.0,0.0
2003-05-01,17.140384674072266,17.140384674072266,17.140384674072266,17.140384674072266,12.947799682617188,0,0.0,0.0
2003-05-02,17.316484451293945,17.662813186645508,17.19908332824707,17.571828842163086,13.273713111877441,124701,0.0,0.0
2003-05-05,17.844783782958984,18.590272903442383,17.668684005737305,18.490482330322266,13.967660903930664,362129,0.0,0.0
2003-05-06,18.725282669067383,19.8405818939209,18.666582107543945,19.438488006591797,14.683783531188965,852232,0.0,0.0
2003-05-07,19.547082901000977,19.59697723388672,19.197818756103516,19.39152717590332,14.648310661315918,625588,0.0,0.0
2003-05-08,19.25651741027832,19.54121208190918,19.086288452148438,19.376853942871094,14.637222290039062,191465,0.0,0.0
2003-05-09,22.012479782104492,22.012479782104492,19.197818756103516,19.35337257385254,14.619486808776855,192385,0.0,0.0
2003-05-12,19.08335304260254,20.05483627319336,19.08335304260254,19.85232162475586,14.996392250061035,285553,0.0,0.0
2003-05-13,19.95798110961914,20.967620849609375,19.614587783813477,20.820871353149414,15.728034973144531,571380,0.0,0.0
2003-05-14,20.950010299682617,21.00284194946289,20.031356811523438,20.225067138671875,15.277958869934082,375979,0.0,0.0
2003-05-15,20.66238021850586,20.66238021850586,20.016681671142578,20.128211975097656,15.204795837402344,215127,0.0,0.0
2003-05-16,20.107667922973633,21.71898078918457,20.075382232666016,21.41080665588379,16.173669815063477,459710,0.0,0.0
2003-05-19,21.431350708007812,21.953779220581055,21.249380111694336,21.360910415649414,16.135974884033203,544906,0.0,0.0
2003-05-20,21.58690643310547,21.89508056640625,20.897180557250977,21.833444595336914,16.492931365966797,233373,0.0,0.0
2003-05-21,21.71898078918457,21.877470016479492,21.54288101196289,21.62799644470215,16.33772850036621,359557,0.0,0.0
2003-05-22,21.833444595336914,21.833444595336914,21.126110076904297,21.278730392456055,16.073896408081055,322402,0.0,0.0
2003-05-23,21.484180450439453,21.62506103515625,21.208290100097656,21.42548179626465,16.18475341796875,166729,0.0,0.0
2003-05-26,21.71898078918457,21.71898078918457,21.114370346069336,21.32569122314453,16.1093692779541,117035,0.0,0.0
2003-05-27,21.953779220581055,21.953779220581055,20.838481903076172,20.87957191467285,15.772375106811523,199676,0.0,0.0
2003-05-28,20.897180557250977,21.363845825195312,20.67705535888672,21.187746047973633,16.005168914794922,219778,0.0,0.0
2003-05-29,21.836380004882812,21.836380004882812,20.861961364746094,21.187746047973633,16.005168914794922,277547,0.0,0.0
2003-05-30,21.043930053710938,21.22003173828125,20.838481903076172,21.102630615234375,15.940871238708496,440085,0.0,0.0
2003-06-02,21.42548179626465,21.54288101196289,20.911855697631836,21.269926071166992,16.06724739074707,114940,0.0,0.0
2003-06-03,21.131980895996094,21.290470123291016,20.844350814819336,21.114370346069336,15.949742317199707,260817,0.0,0.0
2003-06-04,20.955881118774414,21.067411422729492,20.66238021850586,20.820871353149414,15.728034973144531,308995,0.0,0.0
2003-06-05,21.308080673217773,21.308080673217773,20.486282348632812,20.574331283569336,15.541794776916504,79386,0.0,0.0
2003-06-06,20.427581787109375,21.12317657470703,20.427581787109375,20.55672264099121,15.528491020202637,124497,0.0,0.0
2003-06-09,20.832611083984375,20.996971130371094,20.54498291015625,20.914791107177734,15.798978805541992,216814,0.0,0.0
2003-06-10,20.955881118774414,21.633865356445312,20.61248779296875,21.196550369262695,16.011823654174805,476865,0.0,0.0
2003-06-11,21.539945602416992,22.440990447998047,21.36678123474121,22.223800659179688,16.787799835205078,1086219,0.0,0.0
2003-06-12,22.537845611572266,22.77557945251465,21.440156936645508,21.75713539123535,16.435283660888672,572794,0.0,0.0
2003-06-13,21.836380004882812,22.53197479248047,21.836380004882812,22.294240951538086,16.841014862060547,280988,0.0,0.0
2003-06-16,22.24728012084961,22.24728012084961,21.54288101196289,21.74833106994629,16.428638458251953,212402,0.0,0.0
2003-06-17,22.012479782104492,22.305980682373047,21.54581642150879,21.68963050842285,16.384292602539062,165928,0.0,0.0
2003-06-18,22.012479782104492,22.065309524536133,21.431350708007812,21.62212562561035,16.333295822143555,163696,0.0,0.0
2003-06-19,21.484180450439453,21.92443084716797,21.01458168029785,21.061540603637695,15.909833908081055,205230,0.0,0.0
2003-06-20,21.249380111694336,21.308080673217773,20.809131622314453,21.008710861206055,15.869925498962402,650954,0.0,0.0
2003-06-23,21.484180450439453,21.889209747314453,21.102630615234375,21.443090438842773,16.19805908203125,1210801,0.0,0.0
2003-06-24,20.964685440063477,21.589841842651367,20.964685440063477,21.413740158081055,16.17588233947754,286354,0.0,0.0
2003-06-25,21.77474594116211,21.777679443359375,21.19068145751953,21.51940155029297,16.25569725036621,202691,0.0,0.0
2003-06-26,21.713111877441406,22.305980682373047,21.42548179626465,21.43428611755371,16.191402435302734,343935,0.0,0.0
2003-06-27,21.660280227661133,21.777679443359375,21.255250930786133,21.290470123291016,16.082767486572266,138875,0.0,0.0
2003-06-30,21.39613151550293,21.89214515686035,20.844350814819336,21.36971664428711,16.142629623413086,790954,0.0,0.0
2003-07-01,21.701370239257812,21.95084571838379,21.27286148071289,21.349170684814453,16.127105712890625,348603,0.0,0.0
2003-07-02,21.42548179626465,21.601581573486328,20.870765686035156,21.143720626831055,15.971912384033203,698842,0.0,0.0
2003-07-03,21.337430953979492,22.54077911376953,21.337430953979492,22.04183006286621,16.650339126586914,988314,0.0,0.0
2003-07-04,22.59947967529297,23.06907844543457,22.223800659179688,22.35587501525879,16.887571334838867,1125060,0.0,0.0
2003-07-07,22.511430740356445,22.713945388793945,22.188579559326172,22.385225296020508,16.909740447998047,482436,0.0,0.0
2003-07-08,22.593610763549805,22.593610763549805,21.968454360961914,22.08292007446289,16.681381225585938,376082,0.0,0.0
2003-07-09,22.012479782104492,22.156295776367188,21.68963050842285,21.997804641723633,16.617084503173828,443782,0.0,0.0
2003-07-10,22.012479782104492,22.012479782104492,21.49298667907715,21.65441131591797,16.35768699645996,936729,0.0,0.0
2003-07-11,21.716045379638672,21.71898078918457,21.49005126953125,21.61332130432129,16.326644897460938,135349,0.0,0.0
2003-07-14,21.71898078918457,21.997804641723633,21.308080673217773,21.44896125793457,16.20248794555664,233611,0.0,0.0
2003-07-15,21.57223129272461,21.77181053161621,20.955881118774414,21.108501434326172,15.945303916931152,440818,0.0,0.0
2003-07-16,21.13785171508789,21.42548179626465,20.955881118774414,21.372650146484375,16.144847869873047,228807,0.0,0.0
2003-07-17,21.71898078918457,21.71898078918457,20.54498291015625,20.682926177978516,15.623831748962402,528075,0.0,0.0
2003-07-18,20.844350814819336,21.01458168029785,20.374752044677734,20.521501541137695,15.501888275146484,166388,0.0,0.0
2003-07-21,20.985231399536133,21.249380111694336,20.726951599121094,20.885440826416016,15.776810646057129,372896,0.0,0.0
2003-07-22,20.955881118774414,20.955881118774414,20.192781448364258,20.456932067871094,15.453115463256836,367223,0.0,0.0
2003-07-23,20.653575897216797,21.079151153564453,20.40703773498535,20.870765686035156,15.765721321105957,210272,0.0,0.0
2003-07-24,20.691730499267578,21.126110076904297,20.691730499267578,20.762170791625977,15.683690071105957,88671,0.0,0.0
2003-07-25,21.12317657470703,21.12317657470703,20.55672264099121,20.762170791625977,15.683690071105957,197444,0.0,0.0
2003-07-28,21.073280334472656,21.41080665588379,20.550851821899414,21.243511199951172,16.047292709350586,175553,0.0,0.0
2003-07-29,21.39613151550293,21.42548179626465,20.838481903076172,20.94707679748535,15.823365211486816,214838,0.0,0.0
2003-07-30,21.24644660949707,21.89214515686035,21.131980895996094,21.76300621032715,16.439716339111328,541056,0.0,0.0
2003-07-31,22.012479782104492,22.24728012084961,21.88040542602539,21.97432518005371,16.599348068237305,971091,0.0,0.0
2003-08-01,22.188579559326172,22.188579559326172,21.513530731201172,21.57223129272461,16.29560661315918,279642,0.0,0.0
2003-08-04,21.657346725463867,21.97726058959961,21.54288101196289,21.77181053161621,16.446367263793945,161124,0.0,0.0
2003-08-05,21.92443084716797,22.276630401611328,21.71898078918457,21.76300621032715,16.439716339111328,333288,0.0,0.0
2003-08-06,21.942039489746094,22.012479782104492,21.601581573486328,21.79822540283203,16.466318130493164,244497,0.0,0.0
2003-08-07,21.836380004882812,22.54077911376953,21.71898078918457,22.279565811157227,16.829927444458008,229131,0.0,0.0
2003-08-08,22.534910202026367,23.773479461669922,22.305980682373047,23.591508865356445,18.10538673400879,1437531,0.35,0.0
2003-08-11,23.773479461669922,24.00827980041504,22.951679229736328,23.16593360900879,17.77878189086914,438910,0.0,0.0
2003-08-12,23.303878784179688,23.714778900146484,22.605350494384766,22.80199432373047,17.499475479125977,515928,0.0,0.0
2003-08-13,22.892980575561523,23.920228958129883,22.892980575561523,23.77641487121582,18.247295379638672,612402,0.0,0.0
2003-08-14,23.773479461669922,24.184377670288086,23.198219299316406,23.659013748168945,18.157194137573242,547683,0.0,0.0
2003-08-15,23.659013748168945,23.659013748168945,23.659013748168945,23.659013748168945,18.157194137573242,0,0.0,0.0
2003-08-18,23.764673233032227,24.360477447509766,23.656078338623047,23.87033462524414,18.31937599182129,305724,0.0,0.0
2003-08-19,24.12567710876465,24.830078125,23.362579345703125,23.597379684448242,18.109901428222656,467359,0.0,0.0
2003-08-20,23.479978561401367,24.00827980041504,22.951679229736328,23.359643936157227,17.927446365356445,232385,0.0,0.0
2003-08-21,23.538679122924805,23.714778900146484,23.362579345703125,23.380189895629883,17.94321060180664,144991,0.0,0.0
2003-08-22,23.421279907226562,23.597379684448242,23.019184112548828,23.16593360900879,17.77878189086914,172657,0.0,0.0
2003-08-25,23.479978561401367,23.479978561401367,21.836380004882812,22.711009979248047,17.429643630981445,351976,0.0,0.0
2003-08-26,23.010379791259766,23.890878677368164,22.61121940612793,23.623794555664062,18.13016700744629,291550,0.0,0.0
2003-08-27,23.832178115844727,23.9495792388916,23.479978561401367,23.661949157714844,18.159448623657227,252095,0.0,0.0
2003-08-28,23.600313186645508,23.711843490600586,23.24517822265625,23.371383666992188,17.936458587646484,256763,0.0,0.0
2003-08-29,23.597379684448242,24.651042938232422,23.362579345703125,24.413307189941406,18.736082077026367,444157,0.0,0.0
2003-09-01,24.184377670288086,25.7105770111084,24.184377670288086,25.191083908081055,19.33299446105957,988109,0.0,0.0
2003-09-02,25.35837745666504,25.53447723388672,24.12567710876465,24.645172119140625,18.914026260375977,347410,0.0,0.0
2003-09-03,25.06194305419922,26.285837173461914,24.47787857055664,25.634267807006836,19.673112869262695,814378,0.0,0.0
2003-09-04,25.825042724609375,26.121477127075195,25.53447723388672,25.87200164794922,19.855566024780273,434548,0.0,0.0
2003-09-05,25.886676788330078,26.414976119995117,25.82797622680664,26.16843605041504,20.08306884765625,394719,0.0,0.0
2003-09-08,26.194852828979492,26.761306762695312,26.180177688598633,26.497156143188477,20.335336685180664,529983,0.0,0.0
2003-09-09,26.414976119995117,26.758371353149414,25.82797622680664,26.459001541137695,20.306058883666992,226541,0.0,0.0
2003-09-10,26.690866470336914,26.696735382080078,25.82797622680664,26.121477127075195,20.047025680541992,153526,0.0,0.0
2003-09-11,26.121477127075195,26.414976119995117,25.945377349853516,26.279966354370117,20.168655395507812,173185,0.0,0.0
2003-09-12,26.297576904296875,26.323991775512695,25.945377349853516,26.009946823120117,19.961427688598633,195690,0.0,0.0
2003-09-15,25.942441940307617,26.118541717529297,25.240976333618164,25.5021915435791,19.571754455566406,188364,0.0,0.0
2003-09-16,25.243911743164062,25.82797622680664,24.80366325378418,25.675357818603516,19.704647064208984,102572,0.0,0.0
2003-09-17,25.657747268676758,25.657747268676758,25.123577117919922,25.293806076049805,19.411823272705078,209046,0.0,0.0
2003-09-18,24.65397834777832,25.123577117919922,24.47787857055664,24.568862915039062,18.855459213256836,213901,0.0,0.0
2003-09-19,24.595277786254883,25.76340675354004,24.360477447509766,25.51980209350586,19.585264205932617,222947,0.0,0.0
2003-09-22,24.360477447509766,25.7047061920166,24.134483337402344,25.593177795410156,19.64157485961914,129829,0.0,0.0
2003-09-23,24.79192352294922,25.792757034301758,24.79192352294922,25.62546157836914,19.666353225708008,116916,0.0,0.0
2003-09-24,25.82797622680664,25.968856811523438,25.487516403198242,25.88374137878418,19.86457061767578,152419,0.0,0.0
2003-09-25,25.83091163635254,26.2506160736084,25.7105770111084,25.91015625,19.88484764099121,345605,0.0,0.0
2003-09-26,25.53447723388672,26.177242279052734,25.53447723388672,26.153762817382812,20.071800231933594,74173,0.0,0.0
2003-09-29,26.121477127075195,26.180177688598633,25.945377349853516,26.121477127075195,20.047025680541992,104429,0.0,0.0
2003-09-30,26.121477127075195,26.70847511291504,25.907222747802734,26.3826904296875,20.24749183654785,812828,0.0,0.0
2003-10-01,26.414976119995117,26.943275451660156,26.414976119995117,26.846420288085938,20.603382110595703,358875,0.0,0.0
2003-10-02,26.846420288085938,26.846420288085938,26.846420288085938,26.846420288085938,20.603382110595703,0,0.0,0.0
2003-10-03,26.70847511291504,27.58897590637207,26.268226623535156,27.31895637512207,20.966028213500977,267819,0.0,0.0
2003-10-06,27.471576690673828,27.586040496826172,26.943275451660156,27.497989654541016,21.103435516357422,987360,0.0,0.0
2003-10-07,27.823774337768555,28.76297378540039,27.823774337768555,28.152494430541992,21.605735778808594,1423169,0.0,0.0
2003-10-08,28.41077423095703,29.628799438476562,28.23467445373535,29.000709533691406,22.256694793701172,755366,0.0,0.0
2003-10-09,29.567163467407227,29.567163467407227,28.46947479248047,28.809934616088867,22.110292434692383,628092,0.0,0.0
2003-10-10,29.341169357299805,30.817472457885742,28.821674346923828,30.55332374572754,23.44826316833496,519148,0.0,0.0
2003-10-13,30.814537048339844,32.22333526611328,30.582672119140625,31.41621208190918,24.110490798950195,857155,0.0,0.0
2003-10-14,31.34577178955078,31.57763671875,29.408674240112305,30.879108428955078,23.698284149169922,473799,0.0,0.0
2003-10-15,31.110971450805664,32.284969329833984,30.438858032226562,31.824176788330078,24.423580169677734,1312795,0.0,0.0
2003-10-16,31.5805721282959,31.991472244262695,31.122711181640625,31.52187156677246,24.19157600402832,406950,0.0,0.0
2003-10-17,32.0501708984375,32.0501708984375,30.582672119140625,30.79692840576172,23.635215759277344,406780,0.0,0.0
2003-10-20,31.22837257385254,31.287071228027344,29.936973571777344,30.127748489379883,23.121652603149414,360630,0.0,0.0
2003-10-21,29.99567222595215,30.518102645874023,29.584774017333984,30.019153594970703,23.03830909729004,326422,0.0,0.0
2003-10-22,29.760873794555664,30.2246036529541,29.596513748168945,29.807832717895508,22.876131057739258,153219,0.0,0.0
2003-10-23,29.863597869873047,30.934871673583984,29.81957244873047,30.45646858215332,23.373929977416992,303151,0.0,0.0
2003-10-24,30.289173126220703,31.287071228027344,30.13068389892578,31.110971450805664,23.87622833251953,180340,0.0,0.0
2003-10-27,31.991472244262695,32.57847213745117,31.991472244262695,32.20866012573242,24.71865463256836,320920,0.0,0.0
2003-10-28,32.355411529541016,32.40237045288086,31.6451416015625,31.692102432250977,24.32221794128418,1602164,0.0,0.0
2003-10-29,31.815372467041016,31.815372467041016,30.529842376708984,31.49839210510254,24.173555374145508,264105,0.0,0.0
2003-10-30,31.41327667236328,32.871971130371094,31.34577178955078,32.44052505493164,24.896602630615234,593169,0.0,0.0
2003-10-31,32.519771575927734,33.45896911621094,32.519771575927734,33.10970687866211,25.410165786743164,516865,0.0,0.0
2003-11-03,33.10676956176758,33.66442108154297,32.93067169189453,33.27993392944336,25.54080581665039,291771,0.0,0.0
2003-11-04,32.93067169189453,36.100467681884766,32.93067169189453,34.97636413574219,26.842741012573242,719711,0.0,0.0
2003-11-05,34.92646789550781,35.63086700439453,33.464839935302734,33.57930374145508,25.770559310913086,328381,0.0,0.0
2003-11-06,34.104671478271484,35.020389556884766,33.517669677734375,33.95792007446289,26.06113624572754,302368,0.0,0.0
2003-11-07,33.95792007446289,36.39396667480469,33.75246810913086,36.0241584777832,27.646873474121094,1665231,0.0,0.0
2003-11-10,36.9809684753418,37.56796646118164,36.752037048339844,36.98977279663086,28.387939453125,770443,0.0,0.0
2003-11-11,37.27446746826172,38.154964447021484,37.130653381347656,37.902557373046875,29.088451385498047,931636,0.0,0.0
2003-11-12,38.29584503173828,40.385562896728516,38.27236557006836,39.81324005126953,30.554821014404297,892436,0.0,0.0
2003-11-13,40.20946502685547,40.497093200683594,38.278236389160156,39.05894470214844,29.975929260253906,552419,0.0,0.0
2003-11-14,38.97676467895508,39.907161712646484,38.21366500854492,38.55999755859375,29.593013763427734,411243,0.0,0.0
2003-11-17,39.32896423339844,39.44636535644531,38.81240463256836,39.17634582519531,30.066024780273438,182334,0.0,0.0
2003-11-18,40.96669387817383,40.96669387817383,38.44846725463867,38.74783706665039,29.737165451049805,206814,0.0,0.0
2003-11-19,40.50296401977539,40.50296401977539,38.3310661315918,38.915130615234375,29.865556716918945,256644,0.0,0.0
2003-11-20,39.32896423339844,39.32896423339844,38.307586669921875,39.02372360229492,29.948896408081055,250477,0.0,0.0
2003-11-21,38.741966247558594,40.20946502685547,37.362518310546875,39.0618782043457,29.97818374633789,253918,0.0,0.0
2003-11-24,39.91596603393555,41.14866256713867,39.62246322631836,40.89625549316406,31.3859806060791,646082,0.0,0.0
2003-11-25,41.26606369018555,41.676963806152344,40.635040283203125,41.204429626464844,31.62248420715332,551789,0.0,0.0
2003-11-26,41.204429626464844,41.204429626464844,41.204429626464844,41.204429626464844,31.62248420715332,0,0.0,0.0
2003-11-27,41.14866256713867,41.970462799072266,41.09583282470703,41.65054702758789,31.964868545532227,394071,0.0,0.0
2003-11-28,41.38346481323242,41.970462799072266,40.79646301269531,41.58304214477539,31.913055419921875,311908,0.0,0.0
2003-12-01,41.38346481323242,44.60315704345703,41.38346481323242,44.004417419433594,33.77135467529297,1419899,0.0,0.0
2003-12-02,44.49456024169922,45.66856002807617,44.148231506347656,44.958290100097656,34.5034065246582,1132675,0.0,0.0
2003-12-03,48.13395690917969,52.94735336303711,47.253456115722656,49.117183685302734,37.69515609741211,2021926,0.0,0.0
2003-12-04,50.775455474853516,51.06308364868164,48.7209587097168,50.30879211425781,38.60966873168945,1393561,0.0,0.0
2003-12-05,50.481956481933594,52.7712516784668,50.36455535888672,51.67649841308594,39.65931701660156,990614,0.0,0.0
2003-12-08,51.65595245361328,52.829952239990234,50.481956481933594,51.415283203125,39.458839416503906,503935,0.0,0.0
2003-12-09,51.479854583740234,51.94945526123047,50.38216781616211,51.277339935302734,39.35297775268555,514497,0.0,0.0
2003-12-10,45.78596115112305,51.30375671386719,45.78596115112305,50.29998779296875,38.602909088134766,244616,0.0,0.0
2003-12-11,50.5993537902832,51.06895446777344,43.5201416015625,50.74317169189453,38.943031311035156,431874,0.0,0.0
2003-12-12,49.894954681396484,50.775455474853516,49.894954681396484,50.605224609375,38.837162017822266,289165,0.0,0.0
2003-12-15,51.12178421020508,53.358253479003906,50.5993537902832,53.011924743652344,40.6842041015625,1001397,0.0,0.0
2003-12-16,53.11171340942383,62.57414627075195,52.829952239990234,56.00562286376953,42.98173141479492,1225435,0.0,0.0
2003-12-17,56.117149353027344,57.40855026245117,53.01485824584961,53.73393249511719,41.238304138183594,488279,0.0,0.0
2003-12-18,52.88865280151367,55.999752044677734,52.829952239990234,53.5050048828125,41.06260681152344,362623,0.0,0.0
2003-12-19,54.1741828918457,55.999752044677734,53.710453033447266,55.75908279418945,42.79250717163086,1198706,0.0,0.0
2003-12-22,55.647552490234375,58.17164993286133,55.47145080566406,57.40855026245117,44.05841064453125,1314992,0.0,0.0
2003-12-23,58.11294937133789,58.6412467956543,56.410648345947266,56.8861198425293,43.65745162963867,845469,0.0,0.0
2003-12-24,56.357818603515625,57.52594757080078,56.357818603515625,57.0886344909668,43.81288528442383,235809,0.0,0.0
2003-12-25,57.0886344909668,57.0886344909668,57.0886344909668,57.0886344909668,43.81288528442383,0,0.0,0.0
2003-12-26,57.05635070800781,57.68444061279297,57.05635070800781,57.320499420166016,43.9908332824707,240766,0.0,0.0
2003-12-29,58.11294937133789,63.63074493408203,57.52594757080078,61.00979232788086,46.82218933105469,1401006,0.0,0.0
2003-12-30,61.922576904296875,62.515445709228516,58.11294937133789,59.97373580932617,46.33082962036133,745332,0.4,0.0
2003-12-31,59.052146911621094,63.39594268798828,59.052146911621094,62.80894470214844,48.521080017089844,877326,0.0,0.0
2004-01-01,62.80894470214844,63.98294448852539,61.34144592285156,62.26303482055664,48.09935760498047,308841,0.0,0.0
2004-01-02,62.80894470214844,63.337242126464844,59.87394714355469,60.40224838256836,46.66184997558594,246848,0.0,0.0
2004-01-05,63.68944549560547,63.68944549560547,58.28904724121094,58.73223114013672,45.371734619140625,547819,0.0,0.0
2004-01-06,61.517547607421875,61.57624435424805,58.699947357177734,59.49239730834961,45.958984375,1296321,0.0,0.0
2004-01-07,59.87394714355469,60.16744613647461,56.645450592041016,57.73727035522461,44.60310745239258,570698,0.0,0.0
2004-01-08,58.347747802734375,60.81314468383789,57.23244857788086,59.104976654052734,45.65968322753906,472675,0.0,0.0
2004-01-09,59.580448150634766,63.39594268798828,58.11294937133789,59.03453826904297,45.60528564453125,1479694,0.0,0.0
2004-01-12,58.75864791870117,59.580448150634766,57.8253173828125,58.84082794189453,45.455631256103516,1006287,0.0,0.0
2004-01-13,59.228248596191406,59.228248596191406,58.11294937133789,58.655921936035156,45.31279754638672,411823,0.0,0.0
2004-01-14,56.93894958496094,60.16744613647461,56.93894958496094,59.16954803466797,45.709571838378906,245468,0.0,0.0
2004-01-15,58.934749603271484,60.16744613647461,58.12468719482422,59.67436599731445,46.099544525146484,453015,0.0,0.0
2004-01-16,58.699947357177734,59.225311279296875,57.52594757080078,58.1687126159668,44.9364128112793,190170,0.0,0.0
2004-01-19,58.11294937133789,58.11294937133789,56.645450592041016,57.4261589050293,44.36277389526367,328927,0.0,0.0
2004-01-20,57.82825469970703,58.51797866821289,56.645450592041016,57.51127243041992,44.428524017333984,392777,0.0,0.0
2004-01-21,58.699947357177734,58.699947357177734,52.43666458129883,55.735599517822266,43.05678176879883,1606679,0.0,0.0
2004-01-22,52.94735336303711,54.708351135253906,52.307525634765625,53.287811279296875,41.16582107543945,832862,0.0,0.0
2004-01-23,53.00605392456055,57.23244857788086,50.78425979614258,55.33644104003906,42.74842834472656,873493,0.0,0.0
2004-01-26,55.33644104003906,55.33644104003906,55.33644104003906,55.33644104003906,42.74842834472656,0,0.0,0.0
2004-01-27,54.303321838378906,55.17795181274414,54.23875045776367,54.86390686035156,42.38338851928711,744174,0.0,0.0
2004-01-28,54.88445281982422,55.172080993652344,52.30165481567383,53.155738830566406,41.06379699707031,229403,0.0,0.0
2004-01-29,52.59515380859375,54.28864669799805,52.304588317871094,52.733097076416016,40.73728942871094,287155,0.0,0.0
2004-01-30,53.69871139526367,54.294517517089844,51.94945526123047,52.245887756347656,40.36091232299805,141805,0.0,0.0
2004-02-02,52.245887756347656,52.245887756347656,52.245887756347656,52.245887756347656,40.36091232299805,0,0.0,0.0
2004-02-03,51.94945526123047,52.829952239990234,51.36245346069336,52.18718719482422,40.31557083129883,364821,0.0,0.0
2004-02-04,52.82408142089844,53.00605392456055,51.4211540222168,52.67146301269531,40.68967819213867,231346,0.0,0.0
2004-02-05,53.349449157714844,53.349449157714844,52.360355377197266,52.72135925292969,40.72821807861328,175877,0.0,0.0
2004-02-06,53.00605392456055,53.064754486083984,51.71465301513672,52.612762451171875,40.64433288574219,55502,0.0,0.0
2004-02-09,52.7712516784668,53.52848434448242,52.24295425415039,53.33770751953125,41.20437240600586,127972,0.0,0.0
2004-02-10,53.710453033447266,53.710453033447266,52.53645324707031,52.6215705871582,40.65113830566406,46524,0.0,0.0
2004-02-11,53.123451232910156,53.88655090332031,53.123451232910156,53.54902648925781,41.36761474609375,103543,0.0,0.0
2004-02-12,53.710453033447266,55.47145080566406,53.416954040527344,54.62910842895508,42.20199966430664,254395,0.0,0.0
2004-02-13,54.35908889770508,56.351951599121094,54.35908889770508,55.779624938964844,43.09079360961914,96729,0.0,0.0
2004-02-16,58.69701385498047,58.699947357177734,55.764949798583984,56.65132141113281,43.764198303222656,102027,0.0,0.0
2004-02-17,57.52594757080078,58.40644836425781,56.05845260620117,57.710853576660156,44.582706451416016,207495,0.0,0.0
2004-02-18,57.702049255371094,57.81945037841797,57.352783203125,57.53181838989258,44.44439697265625,208228,0.0,0.0
2004-02-19,57.23244857788086,57.6903076171875,56.55739974975586,56.70121383666992,43.80274200439453,341720,0.0,0.0
2004-02-20,55.82365036010742,58.97583770751953,55.764949798583984,58.58548355102539,45.25837707519531,336354,0.0,0.0
2004-02-23,58.993446350097656,58.993446350097656,57.52594757080078,58.115882873535156,44.895599365234375,210800,0.0,0.0
2004-02-24,58.69701385498047,59.40434646606445,57.2911491394043,59.0991096496582,45.655155181884766,212197,0.0,0.0
2004-02-25,58.46514892578125,59.16954803466797,58.40644836425781,58.699947357177734,45.34680938720703,178943,0.0,0.0
2004-02-26,58.699947357177734,59.0991096496582,56.65132141113281,58.27730941772461,45.02030563354492,242998,0.0,0.0
2004-02-27,58.11294937133789,59.052146911621094,56.997650146484375,58.380035400390625,45.09966278076172,175076,0.0,0.0
2004-03-01,59.580448150634766,59.580448150634766,57.65509033203125,58.905399322509766,45.50551986694336,143850,0.0,0.0
2004-03-02,58.905399322509766,58.905399322509766,58.905399322509766,58.905399322509766,45.50551986694336,0,0.0,0.0
2004-03-03,60.16744613647461,64.51124572753906,59.5863151550293,62.0810661315918,47.95876693725586,1128740,0.0,0.0
2004-03-04,61.928443908691406,62.80894470214844,61.042076110839844,61.725929260253906,47.6844367980957,509506,0.0,0.0
2004-03-05,61.517547607421875,62.04584503173828,61.34144592285156,61.71419143676758,47.675357818603516,116422,0.0,0.0
2004-03-08,61.634944915771484,62.163246154785156,61.634944915771484,61.88735580444336,47.809139251708984,115178,0.0,0.0
2004-03-09,61.34144592285156,63.39594268798828,61.34144592285156,62.84122848510742,48.5460205078125,670358,0.0,0.0
2004-03-10,62.04877853393555,63.27854537963867,61.8110466003418,61.875614166259766,47.80006790161133,80783,0.0,0.0
2004-03-11,63.099510192871094,63.099510192871094,58.702884674072266,61.755279541015625,47.70709991455078,1810035,0.0,0.0
2004-03-12,58.940616607666016,61.634944915771484,58.940616607666016,60.48149108886719,46.72307586669922,1247701,0.0,0.0
2004-03-15,59.99134826660156,59.99134826660156,57.81945037841797,58.852569580078125,45.46470260620117,148807,0.0,0.0
2004-03-16,58.699947357177734,63.27854537963867,56.997650146484375,58.77919387817383,45.40800857543945,151533,0.0,0.0
2004-03-17,58.70581817626953,59.28401184082031,57.40855026245117,58.198062896728516,44.95907974243164,75707,0.0,0.0
2004-03-18,58.993446350097656,59.286949157714844,57.93684768676758,58.65005111694336,45.30825424194336,102129,0.0,0.0
2004-03-19,57.61106491088867,58.75864791870117,57.61106491088867,58.588417053222656,45.26063919067383,32436,0.0,0.0
2004-03-22,57.58758544921875,57.87814712524414,56.240421295166016,57.170814514160156,44.1655158996582,172214,0.0,0.0
2004-03-23,56.70415115356445,57.23244857788086,55.1192512512207,56.824485778808594,43.897972106933594,326797,0.0,0.0
2004-03-24,56.05845260620117,56.824485778808594,55.82365036010742,56.5368537902832,43.67577362060547,185894,0.0,0.0
2004-03-25,56.351951599121094,56.58675003051758,55.30415725708008,56.351951599121094,43.532920837402344,110374,0.0,0.0
2004-03-26,57.46431350708008,57.52594757080078,56.351951599121094,57.24125671386719,44.21993637084961,476320,0.0,0.0
2004-03-29,57.52594757080078,57.995548248291016,55.700382232666016,57.48779296875,44.4103889465332,80681,0.0,0.0
2004-03-30,57.52594757080078,57.643348693847656,56.42238998413086,57.23244857788086,44.213134765625,250170,0.0,0.0
2004-03-31,57.2911491394043,57.822383880615234,57.23244857788086,57.68150329589844,44.56003189086914,150017,0.0,0.0
2004-04-01,58.05424880981445,60.46094512939453,57.11505126953125,59.19596481323242,45.729984283447266,745724,0.0,0.0
2004-04-02,59.11084747314453,59.286949157714844,57.87814712524414,58.99931716918945,45.57807159423828,81277,0.0,0.0
2004-04-05,58.993446350097656,61.485260009765625,58.993446350097656,61.0567512512207,47.167476654052734,114020,0.0,0.0
2004-04-06,63.04374313354492,66.33094024658203,59.00518798828125,60.860107421875,47.015560150146484,98194,0.0,0.0
2004-04-07,59.40434646606445,61.16534423828125,59.40434646606445,61.10371017456055,47.203765869140625,353271,0.0,0.0
2004-04-08,61.623207092285156,61.623207092285156,60.284847259521484,61.38547134399414,47.42141342163086,74787,0.0,0.0
2004-04-09,61.38547134399414,61.38547134399414,61.38547134399414,61.38547134399414,47.42141342163086,0,0.0,0.0
2004-04-12,61.928443908691406,62.221946716308594,61.04794692993164,61.681907653808594,47.65041732788086,115519,0.0,0.0
2004-04-13,61.634944915771484,64.100341796875,61.634944915771484,63.610198974609375,49.14006042480469,146490,0.0,0.0
2004-04-14,63.610198974609375,63.610198974609375,63.610198974609375,63.610198974609375,49.14006042480469,0,0.0,0.0
2004-04-15,60.16744613647461,65.21564483642578,60.16744613647461,64.81061553955078,50.067405700683594,1221432,0.0,0.0
2004-04-16,64.9221420288086,65.9758071899414,64.27644348144531,65.42989349365234,50.545806884765625,231703,0.0,0.0
2004-04-19,62.39804458618164,66.33094024658203,62.39804458618164,65.83199310302734,50.85643768310547,251823,0.0,0.0
2004-04-20,65.91416931152344,65.91416931152344,63.10244369506836,63.73346710205078,49.23529052734375,305366,0.0,0.0
2004-04-21,63.46638488769531,64.4378662109375,63.1611442565918,63.69824981689453,49.20808029174805,105655,0.0,0.0
2004-04-22,65.15694427490234,65.15694427490234,62.21900939941406,63.052547454833984,48.70925521850586,1065213,0.0,0.0
2004-04-23,64.86344146728516,64.86344146728516,62.23662185668945,63.269737243652344,48.87704849243164,173935,0.0,0.0
2004-04-26,63.269737243652344,63.269737243652344,63.269737243652344,63.269737243652344,48.87704849243164,0,0.0,0.0
2004-04-27,61.634944915771484,62.221946716308594,60.16744613647461,61.6026611328125,47.58919906616211,123986,0.0,0.0
2004-04-28,61.10664749145508,62.785465240478516,60.16744613647461,62.03116989135742,47.92023849487305,212197,0.0,0.0
2004-04-29,62.79426956176758,62.79426956176758,60.525516510009766,61.61146545410156,47.59599685668945,101277,0.0,0.0
2004-04-30,61.634944915771484,61.919639587402344,61.04794692993164,61.64668655395508,47.62320327758789,104446,0.0,0.0
2004-05-03,60.46094512939453,62.05171585083008,60.16744613647461,61.43830108642578,47.46223068237305,265996,0.0,0.0
2004-05-04,61.634944915771484,61.92551040649414,60.59889221191406,61.614402770996094,47.5982666015625,406865,0.0,0.0
2004-05-05,61.634944915771484,62.221946716308594,60.84249496459961,61.435367584228516,47.45995330810547,901363,0.0,0.0
2004-05-06,61.86974334716797,63.04374313354492,61.86974334716797,62.38630676269531,48.51042938232422,196848,0.4,0.0
2004-05-07,63.38713836669922,63.38713836669922,61.34144592285156,61.793434143066406,48.0494270324707,51856,0.0,0.0
2004-05-10,61.57624435424805,62.39804458618164,60.17038345336914,62.21900939941406,48.38034439086914,111124,0.0,0.0
2004-05-11,60.173316955566406,61.34437942504883,59.580448150634766,60.22027587890625,46.8261604309082,84548,0.0,0.0
2004-05-12,65.450439453125,65.450439453125,59.286949157714844,59.715457916259766,46.43363571166992,133492,0.0,0.0
2004-05-13,58.11294937133789,61.45884704589844,56.351951599121094,60.24375534057617,46.844417572021484,110374,0.0,0.0
2004-05-14,59.87394714355469,59.932647705078125,55.180885314941406,56.395973205566406,43.85246276855469,241363,0.0,0.0
2004-05-17,53.484458923339844,54.5909538269043,45.72726058959961,46.59601974487305,36.2321891784668,273816,0.0,0.0
2004-05-18,47.546958923339844,52.125553131103516,47.546958923339844,49.95659255981445,38.8453254699707,339932,0.0,0.0
2004-05-19,55.764949798583984,55.764949798583984,48.48615646362305,50.00648498535156,38.88410949707031,380783,0.0,0.0
2004-05-20,52.71255111694336,55.17501449584961,50.30585479736328,50.473148345947266,39.24697494506836,108586,0.0,0.0
2004-05-21,49.60145568847656,50.18552017211914,48.785526275634766,49.2609977722168,38.304439544677734,160051,0.0,0.0
2004-05-24,50.423255920410156,50.423255920410156,49.30795669555664,49.57797622680664,38.55091094970703,288961,0.0,0.0
2004-05-25,49.30795669555664,49.48405456542969,48.7209587097168,49.252193450927734,38.29758071899414,67342,0.0,0.0
2004-05-26,49.60145568847656,50.71675491333008,49.1934928894043,50.2001953125,39.03473663330078,1164685,0.0,0.0
2004-05-27,50.18845748901367,50.481956481933594,49.425357818603516,50.179649353027344,39.018760681152344,86814,0.0,0.0
2004-05-28,49.30795669555664,49.3960075378418,47.253456115722656,48.02536392211914,37.3436279296875,192691,0.0,0.0
2004-05-31,47.253456115722656,48.01655960083008,44.024959564208984,45.692039489746094,35.52927780151367,245400,0.0,0.0
2004-06-01,47.546958923339844,47.546958923339844,44.49456024169922,44.767513275146484,34.81037902832031,89966,0.0,0.0
2004-06-02,45.31636047363281,45.49245834350586,44.7293586730957,44.937744140625,34.9427490234375,102095,0.0,0.0
2004-06-03,45.49245834350586,46.37295913696289,45.257659912109375,45.812374114990234,35.62284469604492,93679,0.0,0.0
2004-06-04,46.138160705566406,48.25135803222656,45.78596115112305,48.05471420288086,37.36643981933594,100834,0.0,0.0
2004-06-07,47.840457916259766,49.30795669555664,47.840457916259766,48.36875534057617,37.61064529418945,40068,0.0,0.0
2004-06-08,48.42745590209961,49.073158264160156,48.07819366455078,48.897056579589844,38.02143096923828,67342,0.0,0.0
2004-06-09,49.073158264160156,50.59054946899414,48.192657470703125,49.52220916748047,38.50755310058594,68552,0.0,0.0
2004-06-10,49.60145568847656,49.60145568847656,48.192657470703125,49.07609176635742,38.16065216064453,44020,0.0,0.0
2004-06-11,48.48615646362305,49.1876220703125,48.43626022338867,48.91466522216797,38.035125732421875,20204,0.0,0.0
2004-06-14,48.42745590209961,50.36455535888672,47.07735824584961,48.515506744384766,37.72473907470703,112163,0.0,0.0
2004-06-15,49.01445770263672,49.01445770263672,48.07525634765625,48.53605270385742,37.740726470947266,58569,0.0,0.0
2004-06-16,46.959957122802734,49.30795669555664,46.959957122802734,48.44213104248047,37.66769790649414,51567,0.0,0.0
2004-06-17,48.60355758666992,50.414451599121094,47.66435623168945,49.51047134399414,38.498409271240234,97035,0.0,0.0
2004-06-18,49.30795669555664,49.60145568847656,48.7209587097168,49.34611129760742,38.37060546875,117529,0.0,0.0
2004-06-21,50.247154235839844,50.247154235839844,47.667293548583984,48.47148132324219,37.69052505493164,158347,0.0,0.0
2004-06-22,48.13395690917969,48.57714080810547,47.840457916259766,48.13395690917969,37.428070068359375,214787,0.0,0.0
2004-06-23,48.25135803222656,48.25135803222656,46.49329376220703,46.84843063354492,36.428466796875,236507,0.0,0.0
2004-06-24,46.95702362060547,47.253456115722656,46.95702362060547,46.983436584472656,36.533443450927734,116064,0.0,0.0
2004-06-25,46.789730072021484,47.840457916259766,46.384700775146484,47.585113525390625,37.00128936767578,53969,0.0,0.0
2004-06-28,48.01655960083008,48.95575714111328,48.01655960083008,48.6475830078125,37.827449798583984,65332,0.0,0.0
2004-06-29,49.30501937866211,49.830387115478516,47.84339141845703,49.78049087524414,38.708377838134766,115332,0.0,0.0
2004-06-30,50.481956481933594,54.5909538269043,50.481956481933594,51.69997787475586,40.20094299316406,724361,0.0,0.0
2004-07-01,54.5909538269043,54.5909538269043,51.01025390625,51.40941619873047,39.97500228881836,99574,0.0,0.0
2004-07-02,52.76831817626953,52.76831817626953,51.24505615234375,51.2861442565918,39.879150390625,35911,0.0,0.0
2004-07-05,52.51884460449219,52.51884460449219,50.65805435180664,51.30669021606445,39.89512252807617,38347,0.0,0.0
2004-07-06,51.56496810913086,51.71465301513672,49.30795669555664,50.52304458618164,39.28577423095703,178552,0.0,0.0
2004-07-07,51.65008544921875,51.65008544921875,49.60145568847656,50.59348678588867,39.34054946899414,83969,0.0,0.0
2004-07-08,51.65595245361328,51.65595245361328,47.01865768432617,50.572940826416016,39.32457733154297,221857,0.0,0.0
2004-07-09,49.60145568847656,51.06895446777344,49.30795669555664,50.939815521240234,39.60984420776367,40187,0.0,0.0
2004-07-12,51.65595245361328,53.47565460205078,49.95365524291992,52.63917922973633,40.931251525878906,102776,0.0,0.0
2004-07-13,52.7712516784668,53.06181716918945,51.720523834228516,52.13142395019531,40.53642654418945,63799,0.0,0.0
2004-07-14,51.65595245361328,52.94735336303711,51.435829162597656,52.75657653808594,41.02253341674805,48637,0.0,0.0
2004-07-15,52.71255111694336,52.88865280151367,51.96999740600586,52.439598083496094,40.77604675292969,65690,0.0,0.0
2004-07-16,52.829952239990234,52.88865280151367,52.24882507324219,52.51297378540039,40.83310317993164,93747,0.0,0.0
2004-07-19,53.94525146484375,55.767887115478516,52.24295425415039,55.06348419189453,42.81633758544922,127291,0.0,0.0
2004-07-20,54.29745101928711,55.02532958984375,53.49032974243164,53.82491683959961,41.853248596191406,45178,0.0,0.0
2004-07-21,53.99808120727539,54.24462127685547,52.88865280151367,53.17921829223633,41.35117721557617,25621,0.0,0.0
2004-07-22,53.7691535949707,54.1800537109375,53.53435134887695,53.93644714355469,41.93997573852539,29608,0.0,0.0
2004-07-23,54.00395202636719,54.00395202636719,52.95909118652344,53.305423736572266,41.449310302734375,30834,0.0,0.0
2004-07-26,54.00395202636719,54.29745101928711,52.89452362060547,53.710453033447266,41.764244079589844,43730,0.0,0.0
2004-07-27,53.71338653564453,53.71338653564453,53.123451232910156,53.123451232910156,41.30780792236328,19727,0.0,0.0
2004-07-28,53.53435134887695,53.88361740112305,52.53645324707031,52.733097076416016,41.0042724609375,28722,0.0,0.0
2004-07-29,52.829952239990234,52.88865280151367,51.94945526123047,52.342742919921875,40.70074462890625,24293,0.0,0.0
2004-07-30,52.694942474365234,53.99808120727539,52.360355377197266,53.5050048828125,41.6044921875,36541,0.0,0.0
2004-08-02,55.17795181274414,55.43622970581055,54.00395202636719,55.15153503417969,42.884803771972656,204821,0.0,0.0
2004-08-03,55.17795181274414,57.23244857788086,54.5909538269043,56.61903381347656,44.02589797973633,315996,0.0,0.0
2004-08-04,57.40855026245117,58.11294937133789,56.360755920410156,56.689476013183594,44.0806770324707,372112,0.0,0.0
2004-08-05,56.997650146484375,57.2911491394043,55.77375411987305,56.35488510131836,43.82050704956055,89250,0.0,0.0
2004-08-06,56.4693489074707,57.725528717041016,56.410648345947266,57.37626266479492,44.614707946777344,71328,0.0,0.0
2004-08-09,56.645450592041016,57.17375183105469,56.351951599121094,56.43706512451172,43.88441467285156,81482,0.0,0.0
2004-08-10,56.70415115356445,57.36158752441406,56.645450592041016,57.147335052490234,44.43669891357422,158909,0.0,0.0
2004-08-11,57.74900817871094,57.74900817871094,55.21610641479492,55.647552490234375,43.2704963684082,89267,0.0,0.0
2004-08-12,56.8802490234375,56.8802490234375,55.82952117919922,55.835391998291016,43.41655731201172,85059,0.0,0.0
2004-08-13,55.88235092163086,56.61316680908203,55.88235092163086,56.36662673950195,43.82963943481445,10988,0.0,0.0
2004-08-16,56.847965240478516,57.05928421020508,56.05845260620117,56.486961364746094,43.923213958740234,37563,0.0,0.0
2004-08-17,56.8802490234375,57.52594757080078,56.29618453979492,57.455509185791016,44.67634201049805,43475,0.0,0.0
2004-08-18,57.23244857788086,58.242088317871094,57.17961883544922,57.9603271484375,45.068870544433594,178637,0.0,0.0
2004-08-19,58.17164993286133,58.84669876098633,57.58464813232422,57.75194549560547,44.906829833984375,62810,0.0,0.0
2004-08-20,57.52594757080078,57.81945037841797,57.05635070800781,57.31462860107422,44.5667839050293,32368,0.0,0.0
2004-08-23,57.17375183105469,57.81357955932617,56.4135856628418,56.99177932739258,44.315738677978516,59369,0.0,0.0
2004-08-24,55.764949798583984,57.52008056640625,55.764949798583984,56.43413162231445,43.88212585449219,38858,0.0,0.0
2004-08-25,56.645450592041016,56.93894958496094,55.17795181274414,56.09366989135742,43.61738586425781,42453,0.0,0.0
2004-08-26,56.93894958496094,57.39680862426758,55.77082061767578,57.2852783203125,44.54396438598633,129931,0.0,0.0
2004-08-27,57.2911491394043,57.702049255371094,57.08570098876953,57.18255615234375,44.46408462524414,59063,0.0,0.0
2004-08-30,57.22658157348633,57.81945037841797,57.17375183105469,57.51420974731445,44.72196578979492,60630,0.0,0.0
2004-08-31,58.40644836425781,60.16744613647461,57.238319396972656,59.49533462524414,46.2624626159668,221090,0.0,0.0
2004-09-01,58.52384948730469,60.46681594848633,58.52384948730469,59.80937576293945,46.50665283203125,154207,0.0,0.0
2004-09-02,59.580448150634766,59.580448150634766,58.699947357177734,59.002254486083984,45.879051208496094,57870,0.0,0.0
2004-09-03,59.05801773071289,59.51587677001953,58.58254623413086,58.837894439697266,45.75123977661133,64463,0.0,0.0
2004-09-06,58.699947357177734,59.84459686279297,58.699947357177734,59.32803726196289,46.13236999511719,71959,0.0,0.0
2004-09-07,59.34564971923828,61.928443908691406,59.286949157714844,61.3942756652832,47.739044189453125,577223,0.0,0.0
2004-09-08,61.19469451904297,61.634944915771484,61.04794692993164,61.57624435424805,47.88053512573242,148875,0.0,0.0
2004-09-09,61.634944915771484,63.513343811035156,61.37079620361328,62.08399963378906,48.27536392211914,219727,0.0,0.0
2004-09-10,58.767452239990234,62.750244140625,58.767452239990234,61.72299575805664,47.99464797973633,39420,0.0,0.0
2004-09-13,61.04794692993164,61.75234603881836,60.9892463684082,61.417755126953125,47.75730514526367,71345,0.0,0.0
2004-09-14,61.634944915771484,61.987144470214844,61.400146484375,61.59385681152344,47.89423751831055,79523,0.0,0.0
2004-09-15,61.928443908691406,63.98294448852539,61.400146484375,63.422359466552734,49.31603240966797,162385,0.0,0.0
2004-09-16,63.39594268798828,64.27644348144531,62.94102096557617,63.692378997802734,49.5260009765625,479370,0.0,0.0
2004-09-17,63.92424392700195,64.27644348144531,62.356956481933594,64.14437103271484,49.87746810913086,130306,0.0,0.0
2004-09-20,63.98294448852539,65.86134338378906,63.98294448852539,65.18335723876953,50.68536376953125,317087,0.0,0.0
2004-09-21,65.74394226074219,69.08983612060547,65.74394226074219,67.83072662353516,52.74390411376953,365605,0.0,0.0
2004-09-22,67.7984390258789,69.49193572998047,67.7984390258789,68.11248779296875,52.96299743652344,577581,0.0,0.0
2004-09-23,63.47812271118164,68.97244262695312,63.47812271118164,68.69654846191406,53.41714859008789,280698,0.0,0.0
2004-09-24,68.97244262695312,70.08773803710938,67.58712005615234,68.61730194091797,53.355525970458984,279114,0.0,0.0
2004-09-27,68.97244262695312,70.14643859863281,68.41185760498047,68.65839385986328,53.387481689453125,121141,0.0,0.0
2004-09-28,64.96910095214844,69.5535659790039,64.96910095214844,67.2583999633789,52.29887771606445,61873,0.0,0.0
2004-09-29,69.20723724365234,69.20723724365234,65.74394226074219,67.14099884033203,52.20759582519531,93986,0.0,0.0
2004-09-30,67.44624328613281,67.44624328613281,65.450439453125,65.93765258789062,51.271888732910156,139216,0.0,0.0
2004-10-01,63.39594268798828,67.38754272460938,63.39594268798828,64.93975067138672,50.495933532714844,136081,0.0,0.0
2004-10-04,67.21144104003906,67.21144104003906,65.21564483642578,66.17245483398438,51.45447540283203,169557,0.0,0.0
2004-10-05,66.85923767089844,66.91793823242188,65.74394226074219,66.10494995117188,51.4019775390625,236541,0.0,0.0
2004-10-06,63.68944549560547,67.40221405029297,63.68944549560547,67.10578155517578,52.180213928222656,257444,0.0,0.0
2004-10-07,63.513343811035156,67.50494384765625,63.513343811035156,67.24372863769531,52.287471771240234,125843,0.0,0.0
2004-10-08,67.38754272460938,67.38754272460938,65.74394226074219,66.32801055908203,51.5754280090332,153935,0.0,0.0
2004-10-11,68.0919418334961,68.0919418334961,66.4600830078125,66.88858795166016,52.01131820678711,68262,0.0,0.0
2004-10-12,67.38754272460938,68.0919418334961,66.03744506835938,66.36322784423828,51.60280227661133,114463,0.0,0.0
2004-10-13,66.36322784423828,66.36322784423828,66.36322784423828,66.36322784423828,51.60280227661133,0,0.0,0.0
2004-10-14,66.85923767089844,66.91793823242188,63.68944549560547,66.26343536376953,51.525211334228516,100391,0.0,0.0
2004-10-15,64.5699462890625,66.33094024658203,64.5699462890625,65.85546875,51.20798873901367,106115,0.0,0.0
2004-10-18,63.692378997802734,67.50494384765625,63.692378997802734,67.17915344238281,52.23725128173828,385571,0.0,0.0
2004-10-19,65.50914001464844,67.49906921386719,65.50914001464844,67.38460540771484,52.39700698852539,54616,0.0,0.0
2004-10-20,67.21144104003906,67.97454071044922,66.63031005859375,66.70955657958984,51.87210464477539,158296,0.0,0.0
2004-10-21,67.21144104003906,67.21144104003906,66.21353912353516,66.34854888916016,51.591400146484375,44020,0.0,0.0
2004-10-22,66.34854888916016,66.34854888916016,66.34854888916016,66.34854888916016,51.591400146484375,0,0.0,0.0
2004-10-25,69.55944061279297,69.55944061279297,65.56784057617188,66.03157043457031,51.34492492675781,68671,0.0,0.0
2004-10-26,66.03744506835938,66.33094024658203,65.86134338378906,66.06092071533203,51.36774444580078,145451,0.0,0.0
2004-10-27,64.28524780273438,68.03324127197266,64.28524780273438,67.5284194946289,52.50883483886719,230783,0.0,0.0
2004-10-28,66.97663879394531,68.0919418334961,66.97663879394531,67.44330596923828,52.44267272949219,122129,0.0,0.0
2004-10-29,66.7447738647461,67.50494384765625,66.7447738647461,67.25546264648438,52.296600341796875,102095,0.0,0.0
2004-11-01,67.03533935546875,69.26593780517578,67.03533935546875,69.08690643310547,53.720680236816406,231669,0.0,0.0
2004-11-02,69.08690643310547,69.96446990966797,68.67893981933594,69.38627624511719,53.9534797668457,451959,0.0,0.0
2004-11-03,69.5535659790039,70.14643859863281,67.53429412841797,70.02903747558594,54.45326614379883,822930,0.0,0.0
2004-11-04,69.85293579101562,70.85083770751953,69.26593780517578,70.35482025146484,54.70659255981445,297189,0.0,0.0
2004-11-05,68.15064239501953,71.54936981201172,68.15064239501953,69.57998657226562,54.10409927368164,320869,0.0,0.0
2004-11-08,68.12422180175781,70.14057159423828,68.12422180175781,69.31583404541016,53.8986930847168,90460,0.0,0.0
2004-11-09,69.31289672851562,69.31289672851562,68.38543701171875,68.51164245605469,53.27337646484375,126150,0.0,0.0
2004-11-10,68.38543701171875,68.79634094238281,68.38543701171875,68.43533325195312,53.21403503417969,46013,0.0,0.0
2004-11-11,68.32673645019531,70.9682388305664,67.56364440917969,70.21688079833984,54.599327087402344,137751,0.0,0.0
2004-11-12,70.43994140625,70.73343658447266,69.32463836669922,70.48983001708984,54.81158447265625,30170,0.0,0.0
2004-11-15,70.48983001708984,70.48983001708984,70.48983001708984,70.48983001708984,54.81158447265625,0,0.0,0.0
2004-11-16,70.43700408935547,70.70115661621094,68.38543701171875,69.73260498046875,54.22275924682617,82930,0.0,0.0
2004-11-17,65.8642807006836,71.3204345703125,65.8642807006836,70.80094146728516,55.05349349975586,1165401,0.0,0.0
2004-11-18,66.21353912353516,72.25963592529297,66.21353912353516,70.65126037597656,54.93709945678711,435945,0.0,0.0
2004-11-19,72.08060455322266,77.1904296875,72.08060455322266,75.02440643310547,58.33757400512695,752436,0.0,0.0
2004-11-22,77.1904296875,77.71873474121094,74.02650451660156,74.2084732055664,57.70313262939453,197598,0.0,0.0
2004-11-23,75.42943572998047,76.3099365234375,74.66633605957031,75.5585708618164,58.75293731689453,428841,0.0,0.0
2004-11-24,75.95773315429688,77.70111846923828,75.78163146972656,76.27471160888672,59.3098030090332,304463,0.0,0.0
2004-11-25,72.49443817138672,77.77743530273438,72.49443817138672,75.22985076904297,58.49732208251953,837769,0.0,0.0
2004-11-26,75.22985076904297,75.22985076904297,75.22985076904297,75.22985076904297,58.49732208251953,0,0.0,0.0
2004-11-29,76.13383483886719,76.13383483886719,71.02693939208984,74.66046142578125,58.05458450317383,533799,0.0,0.0
2004-11-30,75.13593292236328,76.07513427734375,73.38080596923828,74.84243774414062,58.19607925415039,385639,0.0,0.0
2004-12-01,74.84243774414062,75.6260757446289,73.37493133544922,73.73887634277344,57.33797073364258,174190,0.0,0.0
2004-12-02,74.31413269042969,74.31413269042969,72.3183364868164,73.14307403564453,56.874691009521484,216916,0.0,0.0
2004-12-03,71.09150695800781,73.6684341430664,71.09150695800781,73.50994873046875,57.15996551513672,208313,0.0,0.0
2004-12-06,73.55103302001953,74.19673156738281,71.90744018554688,71.96907043457031,55.961822509765625,195843,0.0,0.0
2004-12-07,73.88855743408203,73.88855743408203,71.61393737792969,71.84286499023438,55.863670349121094,99471,0.0,0.0
2004-12-08,72.36529541015625,72.37116241455078,70.90953826904297,71.47599029541016,55.57840347290039,152265,0.0,0.0
2004-12-09,70.73343658447266,72.69988250732422,70.73343658447266,72.40345001220703,56.299560546875,99250,0.0,0.0
2004-12-10,71.90744018554688,72.65292358398438,71.02693939208984,71.77536010742188,55.811180114746094,92333,0.0,0.0
2004-12-13,74.84243774414062,74.84243774414062,71.61393737792969,73.05502319335938,56.80622863769531,104224,0.0,0.0
2004-12-14,73.37493133544922,75.07136535644531,72.20093536376953,72.97283935546875,56.74232864379883,1868723,0.0,0.0
2004-12-15,74.02063751220703,77.48393249511719,73.96780395507812,76.13970184326172,59.20481872558594,627581,0.0,0.0
2004-12-16,76.89693450927734,77.1904296875,74.95983123779297,75.3560562133789,58.5954704284668,324276,0.0,0.0
2004-12-17,76.00175476074219,76.77953338623047,73.90323638916016,74.56360626220703,57.9792594909668,307955,0.0,0.0
2004-12-20,75.54683685302734,77.71873474121094,75.04788208007812,77.40174865722656,60.186153411865234,370136,0.0,0.0
2004-12-21,78.89273071289062,78.95143127441406,76.60343170166016,77.34011840820312,60.13822937011719,242368,0.0,0.0
2004-12-22,78.56987762451172,78.5933609008789,76.60343170166016,77.45458221435547,60.22724151611328,167001,0.0,0.0
2004-12-23,76.3099365234375,77.94766235351562,76.01643371582031,76.62984466552734,59.58592224121094,188739,0.0,0.0
2004-12-24,76.75018310546875,77.45458221435547,75.42943572998047,76.2981948852539,59.32805633544922,180017,0.0,0.0
2004-12-27,76.86758422851562,77.48393249511719,76.25123596191406,76.62984466552734,59.58592224121094,124701,0.0,0.0
2004-12-28,76.6621322631836,77.83612823486328,75.72293090820312,77.12586212158203,59.971622467041016,680682,0.0,0.0
2004-12-29,77.07302856445312,77.76862335205078,76.08100128173828,76.62984466552734,59.58592224121094,179829,0.0,0.0
2004-12-30,75.73173522949219,77.6600341796875,75.73173522949219,76.53886413574219,59.515201568603516,150988,0.0,0.0
2004-12-31,76.89105987548828,78.54052734375,76.11622619628906,77.65709686279297,60.384700775146484,119506,0.0,0.0
2005-01-03,77.65709686279297,78.07093048095703,76.89693450927734,77.1875,60.019561767578125,150647,0.0,0.0
2005-01-04,76.50951385498047,76.95563507080078,75.42943572998047,76.3128662109375,59.33946228027344,213816,0.0,0.0
2005-01-05,75.54683685302734,77.34598541259766,75.54683685302734,76.93801879882812,59.825557708740234,185621,0.0,0.0
2005-01-06,77.1904296875,77.36653137207031,75.19463348388672,75.5556411743164,58.75066375732422,465366,0.0,0.0
2005-01-07,76.00469207763672,76.60343170166016,75.13593292236328,76.31874084472656,59.73936080932617,104429,0.5,0.0
2005-01-10,77.76569366455078,77.77743530273438,75.19463348388672,77.56317901611328,60.71345901489258,1552181,0.0,0.0
2005-01-11,77.56317901611328,78.54052734375,76.3099365234375,76.34221649169922,59.757747650146484,970563,0.0,0.0
2005-01-12,75.42943572998047,76.3099365234375,74.6135025024414,75.05081939697266,58.74687576293945,72793,0.0,0.0
2005-01-13,75.4206314086914,76.30699920654297,74.355224609375,75.30029296875,58.94216537475586,207223,0.0,0.0
2005-01-14,75.42943572998047,75.42943572998047,73.96780395507812,74.6399154663086,58.425235748291016,61754,0.0,0.0
2005-01-17,74.55187225341797,74.55187225341797,72.25963592529297,73.96780395507812,57.89914321899414,108688,0.0,0.0
2005-01-18,73.9619369506836,73.9619369506836,73.0873031616211,73.44243621826172,57.48789596557617,72538,0.0,0.0
2005-01-19,73.6684341430664,74.40218353271484,72.84663391113281,74.10281372070312,58.00483322143555,49591,0.0,0.0
2005-01-20,73.9619369506836,74.25543212890625,72.78793334960938,73.5569076538086,57.5775032043457,65451,0.0,0.0
2005-01-24,74.25543212890625,74.25543212890625,72.51204681396484,73.33384704589844,57.402896881103516,49011,0.0,0.0
2005-01-25,71.17955780029297,75.4235610961914,71.17955780029297,74.28185272216797,58.14495849609375,105059,0.0,0.0
2005-01-27,74.71916198730469,77.30783081054688,73.9619369506836,77.09357452392578,60.34587478637695,257853,0.0,0.0
2005-01-28,77.48393249511719,79.59712982177734,76.01643371582031,79.03067779541016,61.8621711730957,371669,0.0,0.0
2005-01-31,79.54429626464844,80.3602294921875,79.12753295898438,79.44451141357422,62.18609619140625,184020,0.0,0.0
2005-02-01,79.82605743408203,80.41893005371094,78.36443328857422,80.06379699707031,62.67085647583008,76950,0.0,0.0
2005-02-02,80.18412780761719,85.7019271850586,79.84367370605469,81.74554443359375,63.98725509643555,691124,0.0,0.0
2005-02-03,83.35392761230469,86.7585220336914,82.179931640625,84.8947982788086,66.4523696899414,350783,0.0,0.0
2005-02-04,87.94425964355469,87.94425964355469,82.179931640625,85.44364166259766,66.88197326660156,148228,0.0,0.0
2005-02-07,85.99542236328125,87.40422058105469,85.43777465820312,85.8251953125,67.18065643310547,222214,0.0,0.0
2005-02-08,87.16942596435547,88.0499267578125,84.6247787475586,87.83273315429688,68.75205993652344,360715,0.0,0.0
2005-02-09,87.75642395019531,92.39372253417969,87.75642395019531,90.25704193115234,70.64971923828125,1303425,0.0,0.0
2005-02-10,93.33291625976562,94.20755004882812,89.81092071533203,93.92872619628906,73.5237808227539,547002,0.0,0.0
2005-02-11,94.03731536865234,95.95093536376953,90.98491668701172,92.83983612060547,72.67144775390625,640716,0.0,0.0
2005-02-14,94.38951873779297,94.38951873779297,90.39791870117188,91.12873840332031,71.3320541381836,308790,0.0,0.0
2005-02-15,91.2784194946289,92.15892028808594,89.22392272949219,89.96353912353516,70.41997528076172,275843,0.0,0.0
2005-02-16,91.86541748046875,95.68091583251953,91.86541748046875,93.38574981689453,73.09877014160156,1264720,0.0,0.0
2005-02-17,93.33291625976562,93.91404724121094,90.69142150878906,92.04151916503906,72.04653930664062,243475,0.0,0.0
2005-02-18,92.86331939697266,96.67881774902344,92.21762084960938,95.61927795410156,74.84709930419922,1169472,0.0,0.0
2005-02-21,96.26791381835938,99.6725082397461,93.91991424560547,94.57735443115234,74.031494140625,588756,0.0,0.0
2005-02-22,96.26791381835938,96.26791381835938,92.15892028808594,93.27421569824219,73.01145935058594,426729,0.0,0.0
2005-02-23,93.33291625976562,94.4482192993164,91.86541748046875,93.89350128173828,73.49620056152344,340647,0.0,0.0
2005-02-24,93.91991424560547,100.34169006347656,93.68511962890625,97.93206024169922,76.6574478149414,881091,0.0,0.0
2005-02-25,97.08971405029297,98.55721282958984,94.50984954833984,95.44024658203125,74.70695495605469,318705,0.0,0.0
2005-02-28,95.09391784667969,98.90941619873047,95.07337188720703,97.27755737304688,76.14511108398438,300340,0.0,0.0
2005-03-01,97.4419174194336,100.37691497802734,96.26791381835938,99.55217742919922,77.92560577392578,341976,0.0,0.0
2005-03-02,98.03185272216797,102.37271118164062,96.91654968261719,101.43057250976562,79.39593505859375,694855,0.0,0.0
2005-03-03,101.31610870361328,102.72197723388672,100.75846099853516,102.45488739013672,80.19773864746094,408075,0.0,0.0
2005-03-04,102.31401062011719,105.36053466796875,102.31401062011719,104.35676574707031,81.68645477294922,422555,0.0,0.0
2005-03-07,104.48590850830078,105.65697479248047,100.67041015625,105.08464813232422,82.25619506835938,203305,0.0,0.0
2005-03-08,102.72490692138672,104.48590850830078,100.67041015625,101.28675842285156,79.28335571289062,258211,0.0,0.0
2005-03-09,104.95550537109375,104.95550537109375,98.61591339111328,100.00416564941406,78.27940368652344,214531,0.0,0.0
2005-03-10,102.66620635986328,102.72490692138672,98.3224105834961,98.48384094238281,77.0893325805664,124872,0.0,0.0
2005-03-11,99.72827911376953,100.96391296386719,98.85071563720703,99.3056411743164,77.73262023925781,197819,0.0,0.0
2005-03-14,100.61170959472656,100.66748046875,98.3224105834961,98.99159240722656,77.48681640625,173134,0.0,0.0
2005-03-15,98.61591339111328,99.11486053466797,96.0918197631836,97.50648498535156,76.32430267333984,154787,0.0,0.0
2005-03-16,98.88887023925781,98.88887023925781,95.97441864013672,96.37944793701172,75.44209289550781,165349,0.0,0.0
2005-03-17,96.27378845214844,97.14254760742188,95.38741302490234,95.93038940429688,75.0905990600586,181686,0.0,0.0
2005-03-18,93.98448944091797,97.79411315917969,93.4503173828125,94.34842681884766,73.85230255126953,104361,0.0,0.0
2005-03-21,95.38741302490234,95.38741302490234,93.91991424560547,94.63312530517578,74.07514953613281,96303,0.0,0.0
2005-03-22,93.86122131347656,95.68091583251953,93.5735855102539,95.0704345703125,74.4174575805664,157104,0.0,0.0
2005-03-23,94.50691986083984,95.38741302490234,92.98658752441406,94.64485931396484,74.0843276977539,405145,0.0,0.0
2005-03-24,94.8004150390625,97.4419174194336,94.8004150390625,96.41466522216797,75.46967315673828,122095,0.0,0.0
2005-03-28,94.8004150390625,97.26581573486328,94.8004150390625,96.58489227294922,75.60292053222656,68500,0.0,0.0
2005-03-29,96.20921325683594,99.14421081542969,95.68091583251953,97.88510131835938,76.62069702148438,191550,0.0,0.0
2005-03-30,98.02891540527344,100.08341217041016,96.1505126953125,99.70479583740234,78.04505920410156,124684,0.0,0.0
2005-03-31,99.67838287353516,100.43561553955078,98.61591339111328,99.95720672607422,78.24263763427734,76218,0.0,0.0
2005-04-01,98.9681167602539,100.84651184082031,97.62388610839844,100.61170959472656,78.75495910644531,40698,0.0,0.0
2005-04-04,98.3224105834961,101.78277587890625,98.3224105834961,100.0481948852539,78.3138656616211,96115,0.0,0.0
2005-04-05,100.37691497802734,100.96391296386719,99.21171569824219,100.52659606933594,78.68834686279297,52180,0.0,0.0
2005-04-06,99.54337310791016,100.67041015625,99.3203125,99.69892883300781,78.04046630859375,45894,0.0,0.0
2005-04-07,95.38741302490234,101.02261352539062,95.15261840820312,99.8486099243164,78.15763854980469,39369,0.0,0.0
2005-04-08,100.96391296386719,101.18990325927734,98.3224105834961,98.53960418701172,77.13301086425781,46575,0.0,0.0
2005-04-11,98.3224105834961,100.67041015625,98.3224105834961,100.42974090576172,78.61251831054688,160408,0.0,0.0
2005-04-12,100.08341217041016,101.55091094970703,100.08341217041016,100.70856475830078,78.83076477050781,87444,0.0,0.0
2005-04-13,101.35426330566406,103.3119125366211,101.1400146484375,102.33748626708984,80.10585021972656,234173,0.0,0.0
2005-04-15,102.66620635986328,102.72490692138672,100.11276245117188,102.54293823242188,80.26664733886719,156150,0.0,0.0
2005-04-18,98.915283203125,102.72490692138672,97.20711517333984,102.44021606445312,80.18624877929688,158296,0.0,0.0
2005-04-19,101.72701263427734,102.19660949707031,100.96391296386719,101.30143737792969,79.29484558105469,62572,0.0,0.0
2005-04-20,100.46202850341797,102.66327667236328,99.78990936279297,101.53623962402344,79.47864532470703,206269,0.0,0.0
2005-04-21,100.37691497802734,110.64940643310547,100.37691497802734,107.75843048095703,84.34915161132812,571755,0.0,0.0
2005-04-22,109.1819076538086,113.4758071899414,107.18610382080078,112.06407165527344,87.71942138671875,647411,0.0,0.0
2005-04-25,113.29090118408203,115.80326080322266,111.52989959716797,114.53533935546875,89.65384674072266,1481006,0.0,0.0
2005-04-26,115.52149963378906,115.52149963378906,111.94080352783203,112.64520263671875,88.17431640625,475281,0.0,0.0
2005-04-27,112.23429870605469,113.29090118408203,109.1819076538086,111.65904235839844,87.40238952636719,451141,0.0,0.0
2005-04-28,109.1819076538086,113.10893249511719,108.65360260009766,109.0380859375,85.3508071899414,333117,0.0,0.0
2005-04-29,109.16136169433594,109.1819076538086,107.12740325927734,107.45319366455078,84.1102066040039,135451,0.0,0.0
2005-05-02,111.82340240478516,111.82340240478516,106.01504516601562,108.3072738647461,84.77875518798828,144736,0.0,0.0
2005-05-03,112.11690521240234,112.11690521240234,107.71440124511719,111.58273315429688,87.34266662597656,622777,0.0,0.0
2005-05-04,112.70390319824219,112.70390319824219,111.06324005126953,111.54164123535156,87.31050109863281,514923,0.0,0.0
2005-05-05,111.5181655883789,111.67665100097656,110.0624008178711,110.85485076904297,86.77288818359375,73475,0.0,0.0
2005-05-06,110.0624008178711,111.52989959716797,109.83053588867188,111.46239471435547,87.24847412109375,64633,0.0,0.0
2005-05-09,117.39402770996094,117.39402770996094,111.52989959716797,115.50682067871094,90.78077697753906,654089,0.45,0.0
2005-05-10,116.22296142578125,116.22589874267578,113.9072494506836,114.47077178955078,89.96651458740234,319250,0.0,0.0
2005-05-11,112.26658630371094,114.69969940185547,112.26658630371094,114.43848419189453,89.9411392211914,250783,0.0,0.0
2005-05-12,115.0519027709961,119.1021957397461,114.93743133544922,117.08585357666016,92.02179718017578,761448,0.0,0.0
2005-05-13,117.39989471435547,117.39989471435547,115.63890075683594,116.49885559082031,91.56045532226562,322351,0.0,0.0
2005-05-16,116.81289672851562,117.98689270019531,116.81289672851562,117.35587310791016,92.23401641845703,566116,0.0,0.0
2005-05-17,117.39989471435547,117.98689270019531,113.34960174560547,117.21792602539062,92.12559509277344,278347,0.0,0.0
2005-05-18,117.21792602539062,117.3881607055664,115.9323959350586,116.42254638671875,91.50048828125,261243,0.0,0.0
2005-05-19,119.74495697021484,122.44222259521484,116.75419616699219,117.08878326416016,92.02410125732422,290051,0.0,0.0
2005-05-20,117.63469696044922,117.63469696044922,116.35210418701172,116.98019409179688,91.93875885009766,65093,0.0,0.0
2005-05-23,117.10639953613281,117.51729583740234,115.34539794921875,117.43511962890625,92.2962875366211,245911,0.0,0.0
2005-05-24,117.43511962890625,117.98689270019531,116.82170104980469,117.44685363769531,92.3055191040039,74736,0.0,0.0
2005-05-25,119.74789428710938,119.74789428710938,116.63679504394531,117.23553466796875,92.13945007324219,162436,0.0,0.0
2005-05-26,118.98479461669922,118.98479461669922,115.63890075683594,117.27075958251953,92.16712188720703,670494,0.0,0.0
2005-05-27,117.27075958251953,117.69046020507812,116.22589874267578,116.4020004272461,91.48433685302734,639659,0.0,0.0
2005-05-30,116.81289672851562,118.63259887695312,116.51940155029297,117.80492401123047,92.5869369506836,492947,0.0,0.0
2005-05-31,117.98689270019531,118.86739349365234,117.46739959716797,117.83721160888672,92.61231994628906,242538,0.0,0.0
2005-06-01,118.51226043701172,118.77934265136719,117.81079864501953,118.01624298095703,92.75302124023438,108023,0.0,0.0
2005-06-02,118.57389831542969,118.57389831542969,116.52233123779297,116.85985565185547,91.84417724609375,220664,0.0,0.0
2005-06-03,117.39989471435547,117.81079864501953,116.51940155029297,117.31478118896484,92.20172882080078,386644,0.0,0.0
2005-06-06,118.16299438476562,118.16299438476562,116.57809448242188,117.65524291992188,92.46929168701172,1032062,0.0,0.0
2005-06-07,117.98689270019531,119.04055786132812,116.88040161132812,117.23847198486328,92.14176177978516,128535,0.0,0.0
2005-06-08,117.92526245117188,117.9281997680664,116.22589874267578,117.22380065917969,92.13021087646484,117819,0.0,0.0
2005-06-09,117.10639953613281,117.86949920654297,116.4020004272461,116.85691833496094,91.84188079833984,174190,0.0,0.0
2005-06-10,117.05650329589844,117.51729583740234,116.28459930419922,117.01541137695312,91.96643829345703,426797,0.0,0.0
2005-06-13,115.87663269042969,117.34119415283203,115.87369537353516,116.49298095703125,91.55584716796875,182027,0.0,0.0
2005-06-14,119.1021957397461,119.1021957397461,116.22589874267578,116.51058959960938,91.56968688964844,201141,0.0,0.0
2005-06-15,116.2552490234375,117.15042114257812,116.2552490234375,116.75419616699219,91.76113891601562,74122,0.0,0.0
2005-06-16,117.39989471435547,117.9281997680664,116.22296142578125,116.39612579345703,91.47972869873047,416252,0.0,0.0
2005-06-17,116.29046630859375,116.68669128417969,112.410400390625,115.36888122558594,90.67237854003906,222811,0.0,0.0
2005-06-20,117.98689270019531,117.98689270019531,114.52359771728516,115.110595703125,90.4693832397461,217172,0.0,0.0
2005-06-21,111.5328369140625,115.52149963378906,111.5328369140625,114.53240203857422,90.01496124267578,161414,0.0,0.0
2005-06-22,115.22799682617188,117.98689270019531,114.46489715576172,115.97935485839844,91.15216064453125,453952,0.0,0.0
2005-06-23,115.0519027709961,116.51940155029297,114.81710052490234,115.37181091308594,90.6746826171875,211465,0.0,0.0
2005-06-24,117.39989471435547,117.39989471435547,112.70390319824219,114.74079132080078,90.17874145507812,203748,0.0,0.0
2005-06-27,114.74079132080078,118.04559326171875,113.46700286865234,116.7424545288086,91.75191497802734,646065,0.0,0.0
2005-06-28,116.7424545288086,116.7424545288086,113.87789916992188,114.16846466064453,89.72891998291016,139557,0.0,0.0
2005-06-29,116.51940155029297,116.51940155029297,113.29090118408203,114.42381286621094,89.92960357666016,161720,0.0,0.0
2005-06-30,113.34960174560547,116.04979705810547,111.82340240478516,114.10682678222656,89.68048858642578,947258,0.0,0.0
2005-07-01,114.17140197753906,115.5802001953125,113.46700286865234,114.88754272460938,90.2940673828125,631397,0.0,0.0
2005-07-04,110.15632629394531,117.10639953613281,110.15632629394531,116.71310424804688,91.72885131835938,396473,0.0,0.0
2005-07-05,118.8086929321289,126.20488739013672,116.81289672851562,123.9361343383789,97.40567779541016,1476287,0.0,0.0
2005-07-06,128.8463897705078,129.42164611816406,120.9805908203125,126.1608657836914,99.1541748046875,882113,0.0,0.0
2005-07-07,126.79188537597656,126.79188537597656,120.33489227294922,121.01287841796875,95.10818481445312,313628,0.0,0.0
2005-07-08,125.91139221191406,125.91139221191406,122.56549072265625,123.12313842773438,96.76671600341797,602624,0.0,0.0
2005-07-11,123.73949432373047,130.90087890625,123.68079376220703,127.61368560791016,100.29598236083984,981397,0.0,0.0
2005-07-12,129.7268829345703,129.7268829345703,123.88037109375,125.93193817138672,98.97425842285156,350034,0.0,0.0
2005-07-13,129.08119201660156,129.08119201660156,125.61788940429688,126.15792846679688,99.15186309814453,360852,0.0,0.0
2005-07-14,128.54701232910156,129.139892578125,124.32649230957031,124.86653137207031,98.13690948486328,1128280,0.0,0.0
2005-07-15,126.19902038574219,126.4983901977539,124.6786880493164,125.1072006225586,98.32606506347656,294940,0.0,0.0
2005-07-18,125.61788940429688,127.37889099121094,125.61788940429688,126.34577178955078,99.29949188232422,339557,0.0,0.0
2005-07-19,127.96588897705078,127.96588897705078,126.20488739013672,126.85646057128906,99.70085906982422,1138484,0.0,0.0
2005-07-20,127.37889099121094,127.96588897705078,126.51599884033203,127.22626495361328,99.99150848388672,300800,0.0,0.0
2005-07-21,129.13694763183594,129.7268829345703,127.43759155273438,128.332763671875,100.86114501953125,1441057,0.0,0.0
2005-07-22,127.43759155273438,128.72898864746094,127.43759155273438,128.30047607421875,100.83573913574219,177870,0.0,0.0
2005-07-25,128.54701232910156,131.840087890625,125.32438659667969,126.5248031616211,99.44017791748047,615094,0.0,0.0
2005-07-26,126.5658950805664,126.79188537597656,121.50889587402344,122.80909729003906,96.51988220214844,590647,0.0,0.0
2005-07-27,126.49545288085938,126.4983901977539,122.09589385986328,123.2728271484375,96.88434600830078,143066,0.0,0.0
2005-07-28,123.2728271484375,123.2728271484375,123.2728271484375,123.2728271484375,96.88434600830078,0,0.0,0.0
2005-07-29,125.03675842285156,125.32438659667969,120.46697235107422,122.93824005126953,96.62138366699219,528467,0.0,0.0
2005-08-01,123.09379577636719,125.03089141845703,119.21959686279297,124.10929870605469,97.5417709350586,240613,0.0,0.0
2005-08-02,125.85269165039062,125.88204193115234,122.21329498291016,123.0820541381836,96.73443603515625,132896,0.0,0.0
2005-08-03,123.12313842773438,129.08119201660156,123.12313842773438,128.04806518554688,100.63739013671875,706678,0.0,0.0
2005-08-04,127.37889099121094,136.47738647460938,127.37889099121094,135.5088348388672,106.50103759765625,1120972,0.0,0.0
2005-08-05,133.54238891601562,136.47738647460938,133.54238891601562,134.6107177734375,105.79520416259766,452061,0.0,0.0
2005-08-08,133.83587646484375,133.83587646484375,130.95957946777344,131.47027587890625,103.3270034790039,193254,0.0,0.0
2005-08-09,132.5415496826172,143.81488037109375,130.84217834472656,134.3817901611328,105.61528778076172,1019574,0.0,0.0
2005-08-10,134.42288208007812,140.2341766357422,134.42288208007812,138.11216735839844,108.54710388183594,539506,0.0,0.0
2005-08-11,138.4144744873047,139.11888122558594,136.1838836669922,136.73272705078125,107.46298217773438,265741,0.0,0.0
2005-08-12,140.52767944335938,140.52767944335938,135.65557861328125,137.6836700439453,108.21034240722656,199983,0.0,0.0
2005-08-16,139.0601806640625,141.4668731689453,137.35787963867188,138.62579345703125,108.9507827758789,563135,0.0,0.0
2005-08-17,138.62579345703125,139.11888122558594,136.1838836669922,137.91552734375,108.392578125,142606,0.0,0.0
2005-08-18,137.65138244628906,139.6941375732422,135.0098876953125,135.4178466796875,106.42953491210938,167904,0.0,0.0
2005-08-19,136.3599853515625,137.5339813232422,133.83587646484375,134.2467803955078,105.50918579101562,129744,0.0,0.0
2005-08-22,137.9390106201172,137.94488525390625,133.24888610839844,133.9092559814453,105.243896484375,88483,0.0,0.0
2005-08-23,134.0413360595703,135.59100341796875,131.6639862060547,132.11891174316406,103.83682250976562,120630,0.0,0.0
2005-08-24,131.48788452148438,135.30337524414062,128.55581665039062,133.98556518554688,105.30387878417969,1518587,0.0,0.0
2005-08-25,136.7679443359375,136.7679443359375,130.72479248046875,132.9671173095703,104.50342559814453,412726,0.0,0.0
2005-08-26,131.48788452148438,136.47738647460938,131.48788452148438,134.89834594726562,106.0212631225586,444088,0.0,0.0
2005-08-29,134.89248657226562,135.58514404296875,129.19859313964844,133.5746612548828,104.98091125488281,181754,0.0,0.0
2005-08-30,133.60108947753906,136.41868591308594,133.60108947753906,134.27613830566406,105.53225708007812,382828,0.0,0.0
2005-08-31,136.41868591308594,136.41868591308594,133.24888610839844,134.8396453857422,105.97511291503906,300681,0.0,0.0
2005-09-01,135.0098876953125,138.4144744873047,133.83587646484375,135.74656677246094,106.68790435791016,282521,0.0,0.0
2005-09-02,137.6484375,137.65138244628906,135.0098876953125,135.21533203125,106.27037048339844,137768,0.0,0.0
2005-09-05,133.54238891601562,136.47738647460938,132.07489013671875,135.5088348388672,106.50103759765625,85996,0.0,0.0
2005-09-06,137.8861846923828,137.94488525390625,135.2446746826172,135.67613220214844,106.6325454711914,97649,0.0,0.0
2005-09-08,138.06228637695312,142.34738159179688,135.30337524414062,140.2987518310547,110.2656021118164,724975,0.0,0.0
2005-09-09,140.8798828125,140.8798828125,138.53187561035156,139.20399475097656,109.40522766113281,234446,0.0,0.0
2005-09-12,139.41238403320312,142.640869140625,137.94781494140625,141.03250122070312,110.84228515625,311312,0.0,0.0
2005-09-13,140.8798828125,147.63037109375,140.42201232910156,146.76748657226562,115.349609375,684872,0.0,0.0
2005-09-14,144.40187072753906,150.1544647216797,144.10836791992188,149.50289916992188,117.49945831298828,1151125,0.0,0.0
2005-09-15,149.39137268066406,150.74147033691406,148.24671936035156,149.86683654785156,117.78548431396484,270306,0.0,0.0
2005-09-16,151.15237426757812,154.08737182617188,148.51966857910156,148.9100341796875,117.03351593017578,231771,0.0,0.0
2005-09-19,148.92176818847656,151.6806640625,148.5108642578125,149.22994995117188,117.28495025634766,397104,0.0,0.0
2005-09-20,141.59014892578125,151.44586181640625,141.59014892578125,149.4530029296875,117.46025848388672,384174,0.0,0.0
2005-09-21,145.69326782226562,150.27186584472656,132.10716247558594,147.10794067382812,115.6171646118164,362283,0.0,0.0
2005-09-22,147.04336547851562,148.98046875,138.60232543945312,140.3222198486328,110.2840576171875,231976,0.0,0.0
2005-09-23,137.94488525390625,145.86936950683594,136.47738647460938,141.94235229492188,111.55736541748047,519012,0.0,0.0
2005-09-26,143.81488037109375,147.0257568359375,140.93858337402344,146.23330688476562,114.92975616455078,218484,0.0,0.0
2005-09-27,145.59054565429688,150.21316528320312,144.4635009765625,148.99220275878906,117.09809875488281,377172,0.0,0.0
2005-09-28,146.70584106445312,153.2068634033203,144.98887634277344,151.46934509277344,119.04496765136719,702573,0.0,0.0
2005-09-29,148.5108642578125,151.44586181640625,147.04336547851562,148.032470703125,116.34380340576172,836082,0.0,0.0
2005-09-30,147.04336547851562,155.96575927734375,146.7498779296875,152.892822265625,120.16373443603516,717837,0.0,0.0
2005-10-03,153.7938690185547,154.9473114013672,149.39137268066406,149.7465057373047,117.69091796875,527274,0.0,0.0
2005-10-04,146.7498779296875,152.4437713623047,146.7498779296875,151.01441955566406,118.68742370605469,240783,0.0,0.0
2005-10-05,152.38507080078125,152.38507080078125,148.5108642578125,149.118408203125,117.19731140136719,266354,0.0,0.0
2005-10-06,140.97085571289062,150.74147033691406,140.97085571289062,147.36915588378906,115.82250213623047,404020,0.0,0.0
2005-10-07,135.0098876953125,149.67019653320312,135.0098876953125,148.35824584960938,116.59983825683594,153049,0.0,0.0
2005-10-10,150.83831787109375,151.35194396972656,147.3368682861328,148.42282104492188,116.6506118774414,130153,0.0,0.0
2005-10-11,143.81488037109375,149.09786987304688,143.81488037109375,146.67062377929688,115.27346801757812,498211,0.0,0.0
2005-10-13,149.68487548828125,153.2068634033203,143.81488037109375,146.35365295410156,115.02436828613281,664293,0.0,0.0
2005-10-14,147.04336547851562,147.04336547851562,141.97756958007812,142.364990234375,111.88955688476562,517308,0.0,0.0
2005-10-17,139.99937438964844,143.8090057373047,135.94908142089844,139.41824340820312,109.5735855102539,382300,0.0,0.0
2005-10-18,139.41824340820312,145.8106689453125,139.41824340820312,144.73646545410156,113.75337219238281,579779,0.0,0.0
2005-10-19,142.69956970214844,144.92723083496094,140.2987518310547,141.23501586914062,111.00148010253906,342504,0.0,0.0
2005-10-20,143.22787475585938,144.9771270751953,132.07489013671875,135.30337524414062,106.33959197998047,606729,0.0,0.0
2005-10-21,140.1167755126953,140.1167755126953,134.7163848876953,136.40988159179688,107.209228515625,510221,0.0,0.0
2005-10-24,138.35577392578125,138.35577392578125,132.9671173095703,134.1587371826172,105.43997192382812,181959,0.0,0.0
2005-10-25,136.3599853515625,138.8811492919922,130.90087890625,138.14739990234375,108.57479858398438,456814,0.0,0.0
2005-10-26,135.5968780517578,140.2341766357422,133.54238891601562,139.80860900878906,109.8803939819336,227683,0.0,0.0
2005-10-27,139.99937438964844,143.52137756347656,136.83837890625,139.27442932128906,109.46057891845703,681141,0.0,0.0
2005-10-28,138.78428649902344,143.52137756347656,138.78428649902344,140.94151306152344,110.77075958251953,350272,0.0,0.0
2005-10-31,137.0643768310547,140.8798828125,136.82957458496094,138.05641174316406,108.5032958984375,475554,0.0,0.0
2005-11-02,140.1167755126953,141.23207092285156,137.36375427246094,139.8702392578125,109.92881774902344,158518,0.0,0.0
2005-11-04,139.8702392578125,139.8702392578125,139.8702392578125,139.8702392578125,109.92881774902344,0,0.0,0.0
2005-11-07,138.0035858154297,142.637939453125,138.0035858154297,141.65765380859375,111.33362579345703,392095,0.0,0.0
2005-11-08,145.5171661376953,145.5171661376953,139.70587158203125,141.5960235595703,111.28515625,652232,0.0,0.0
2005-11-09,141.9364776611328,144.98887634277344,137.95074462890625,138.62579345703125,108.9507827758789,568007,0.0,0.0
2005-11-10,139.41238403320312,140.46897888183594,139.00148010253906,139.4241180419922,109.57821655273438,425571,0.0,0.0
2005-11-11,139.70587158203125,144.10543823242188,139.70587158203125,140.55409240722656,110.46630096435547,548211,0.0,0.0
2005-11-14,140.46897888183594,142.80816650390625,140.46897888183594,141.30545043945312,111.05681610107422,419625,0.0,0.0
2005-11-16,143.81488037109375,143.81488037109375,141.7603759765625,142.52053833007812,112.0118179321289,502487,0.0,0.0
2005-11-17,143.81488037109375,145.34107971191406,142.4647674560547,144.52220153808594,113.58496856689453,575349,0.0,0.0
2005-11-18,151.41358947753906,151.41358947753906,144.98887634277344,145.6521759033203,114.4730453491211,599131,0.0,0.0
2005-11-21,146.69117736816406,150.85887145996094,145.2236785888672,150.07815551757812,117.95157623291016,1131772,0.0,0.0
2005-11-22,152.619873046875,155.4961700439453,150.09576416015625,154.22824096679688,121.21326446533203,1829626,0.0,0.0
2005-11-23,155.56072998046875,156.72886657714844,154.08737182617188,156.09783935546875,122.68267822265625,1106031,0.0,0.0
2005-11-24,156.72886657714844,157.31585693359375,153.53265380859375,154.83578491210938,121.69075012207031,1189541,0.0,0.0
2005-11-25,155.55487060546875,174.56777954101562,155.26136779785156,172.52207946777344,135.59104919433594,5757245,0.0,0.0
2005-11-28,184.87255859375,201.01210021972656,184.31784057617188,197.29640197753906,155.06207275390625,14055446,0.0,0.0
2005-11-29,199.57981872558594,203.98231506347656,193.24609375,194.4113006591797,152.79449462890625,12786518,0.0,0.0
2005-11-30,194.59033203125,198.99282836914062,189.07254028320312,189.8444366455078,149.20526123046875,4493274,0.0,0.0
2005-12-01,190.7748260498047,199.63851928710938,186.07884216308594,197.24356079101562,155.02047729492188,7310824,0.0,0.0
2005-12-02,198.11231994628906,206.9173126220703,198.11231994628906,204.09385681152344,160.4043731689453,7461079,0.0,0.0
2005-12-05,206.0368194580078,210.2045135498047,204.40789794921875,206.33912658691406,162.16903686523438,4182524,0.0,0.0
2005-12-06,205.44981384277344,208.8984375,200.4603271484375,203.2573699951172,159.74693298339844,4287584,0.0,0.0
2005-12-07,204.980224609375,205.9018096923828,201.92782592773438,204.4695281982422,160.6996307373047,1996884,0.0,0.0
2005-12-08,204.27581787109375,205.1563262939453,200.17855834960938,202.07164001464844,158.81503295898438,1271994,0.0,0.0
2005-12-09,202.5148162841797,213.080810546875,202.22132873535156,209.48544311523438,164.6417999267578,4033410,0.0,0.0
2005-12-12,208.67831420898438,211.31394958496094,205.74331665039062,206.55337524414062,162.33738708496094,1931109,0.0,0.0
2005-12-13,206.6267547607422,213.5504150390625,205.5672149658203,212.2971649169922,166.85165405273438,3302132,0.0,0.0
2005-12-14,212.4938201904297,214.78311157226562,208.3848114013672,210.2720184326172,165.260009765625,2355300,0.0,0.0
2005-12-15,210.5567169189453,211.61331176757812,202.5764617919922,204.6221466064453,160.81961059570312,1477701,0.0,0.0
2005-12-16,207.62171936035156,208.32611083984375,203.1605224609375,207.29006958007812,162.91639709472656,1887804,0.0,0.0
2005-12-19,209.6380615234375,213.080810546875,207.32821655273438,212.3147735595703,166.86549377441406,1703323,0.0,0.0
2005-12-20,213.080810546875,215.35836791992188,211.33155822753906,213.4183349609375,167.7328338623047,2712131,0.0,0.0
2005-12-21,213.66781616210938,216.60281372070312,213.42713928222656,214.29884338378906,168.42483520507812,1839694,0.0,0.0
2005-12-22,212.7873077392578,215.66360473632812,212.61122131347656,213.3273468017578,167.66128540039062,1017377,0.0,0.0
2005-12-23,215.42881774902344,215.42881774902344,207.2108154296875,212.03009033203125,166.6417236328125,927053,0.0,0.0
2005-12-26,211.0263214111328,211.08502197265625,204.86282348632812,208.47579956054688,163.84832763671875,904992,0.0,0.0
2005-12-27,206.0397491455078,214.2489471435547,205.5672149658203,213.5269317626953,167.81817626953125,1093357,0.0,0.0
2005-12-28,213.66781616210938,214.2548065185547,209.70849609375,211.04393005371094,165.86669921875,835554,0.0,0.0
2005-12-29,212.4938201904297,213.9554443359375,210.4481201171875,211.2170867919922,166.00274658203125,1575572,0.0,0.0
2005-12-30,211.61331176757812,213.96131896972656,211.61331176757812,212.19151306152344,166.7686004638672,457973,0.0,0.0
2006-01-02,213.6590118408203,213.66781616210938,212.2003173828125,212.8372039794922,167.27606201171875,339387,0.0,0.0
2006-01-03,213.60911560058594,220.94366455078125,212.7873077392578,219.76380920410156,172.7199249267578,2108536,0.0,0.0
2006-01-04,220.1248016357422,222.33779907226562,217.7797393798828,218.3843536376953,171.63577270507812,862096,0.0,0.0
2006-01-05,220.0074005126953,220.0074005126953,216.0187530517578,217.68582153320312,171.0867919921875,788671,0.0,0.0
2006-01-06,218.3638153076172,219.83131408691406,214.95921325683594,218.60740661621094,172.60398864746094,721567,1.0,0.0
2006-01-09,221.0023651123047,221.0023651123047,217.49505615234375,218.35794067382812,172.40699768066406,438893,0.0,0.0
2006-01-10,219.53781127929688,219.53781127929688,214.84181213378906,216.07745361328125,170.60646057128906,360221,0.0,0.0
2006-01-12,215.42881774902344,217.74745178222656,211.6162567138672,213.4564971923828,168.53701782226562,698262,0.0,0.0
2006-01-13,214.19024658203125,216.54116821289062,212.7873077392578,214.08164978027344,169.03060913085938,371737,0.0,0.0
2006-01-16,214.66571044921875,215.71937561035156,212.7873077392578,214.30764770507812,169.20904541015625,376150,0.0,0.0
2006-01-17,214.30764770507812,217.70050048828125,213.96424865722656,214.26068115234375,169.1719970703125,483799,0.0,0.0
2006-01-18,215.42881774902344,215.42881774902344,210.50389099121094,212.00953674316406,167.39454650878906,715111,0.0,0.0
2006-01-19,208.97474670410156,219.47911071777344,208.97474670410156,218.34326171875,172.39544677734375,1546764,0.0,0.0
2006-01-20,218.89210510253906,243.83958435058594,218.6573028564453,240.77545166015625,190.10702514648438,8266548,0.0,0.0
2006-01-23,249.4747772216797,257.10577392578125,237.79348754882812,252.12509155273438,199.06822204589844,6222594,0.0,0.0
2006-01-24,257.04412841796875,257.44329833984375,250.36114501953125,252.58587646484375,199.4320831298828,2737855,0.0,0.0
2006-01-25,254.75778198242188,256.7535705566406,250.65464782714844,252.12802124023438,199.07058715820312,2095589,0.0,0.0
2006-01-27,257.10577392578125,264.1497802734375,254.1707763671875,262.37408447265625,207.16049194335938,2881314,0.0,0.0
2006-01-30,268.2000732421875,272.7786560058594,259.9820861816406,263.1195983886719,207.7490692138672,3518520,0.0,0.0
2006-01-31,267.02606201171875,267.02606201171875,260.27557373046875,263.3573303222656,207.93682861328125,1395759,0.0,0.0
2006-02-01,266.49188232421875,266.49188232421875,257.6957092285156,259.2189636230469,204.6693115234375,1271738,0.0,0.0
2006-02-02,261.21478271484375,262.3887634277344,257.3992614746094,258.04205322265625,203.74008178710938,1045673,0.0,0.0
2006-02-03,258.27978515625,263.43951416015625,255.46217346191406,260.1024169921875,205.36683654785156,1412812,0.0,0.0
2006-02-06,264.0323791503906,264.0323791503906,255.93177795410156,257.079345703125,202.97996520996094,1651074,0.0,0.0
2006-02-07,260.5103759765625,262.4474792480469,256.8445739746094,261.68731689453125,206.6182098388672,1683953,0.0,0.0
2006-02-08,262.50616455078125,265.3237609863281,259.4537658691406,260.7040710449219,205.84188842773438,1135861,0.0,0.0
2006-02-10,262.97283935546875,263.2633972167969,252.40977478027344,259.53302001953125,204.91726684570312,506150,0.0,0.0
2006-02-13,257.10577392578125,262.97576904296875,257.10577392578125,261.8047180175781,206.7109375,1334686,0.0,0.0
2006-02-14,262.3887634277344,264.1497802734375,260.34014892578125,261.1912841796875,206.22659301757812,766235,0.0,0.0
2006-02-15,262.6822814941406,263.5627746582031,258.86676025390625,260.5074462890625,205.68666076660156,447445,0.0,0.0
2006-02-16,260.3342590332031,261.7958984375,256.8122863769531,258.2416076660156,203.89761352539062,370869,0.0,0.0
2006-02-17,259.5711669921875,259.73846435546875,254.4642791748047,254.916259765625,201.2720184326172,428705,0.0,0.0
2006-02-20,255.3418426513672,256.5187683105469,248.9494171142578,255.03660583496094,201.36709594726562,579625,0.0,0.0
2006-02-21,255.40347290039062,259.1602783203125,253.290283203125,257.04119873046875,202.94984436035156,524054,0.0,0.0
2006-02-22,259.4537658691406,259.7472839355469,255.3447723388672,257.3552551269531,203.1978302001953,409608,0.0,0.0
2006-02-23,257.98626708984375,258.2210693359375,250.06178283691406,251.65841674804688,198.69981384277344,2188877,0.0,0.0
2006-02-24,253.05255126953125,255.63827514648438,250.94227600097656,254.0386962890625,200.57916259765625,715315,0.0,0.0
2006-02-27,254.1707763671875,255.57957458496094,253.05841064453125,254.94268798828125,201.2929229736328,561738,0.0,0.0
2006-02-28,256.22528076171875,266.791259765625,252.9967803955078,265.29736328125,209.4685821533203,1691739,0.0,0.0
2006-03-01,265.9107666015625,269.78497314453125,265.0889587402344,266.3246154785156,210.2796630859375,1392352,0.0,0.0
2006-03-02,267.08477783203125,289.9748229980469,264.26129150390625,285.03814697265625,225.05511474609375,4110497,0.0,0.0
2006-03-03,281.759765625,297.0804443359375,281.759765625,292.05572509765625,230.59597778320312,4279645,0.0,0.0
2006-03-06,293.5525817871094,301.5416259765625,292.0997619628906,296.4582214355469,234.0719757080078,2129916,0.0,0.0
2006-03-07,297.021728515625,325.7142639160156,296.43475341796875,322.15118408203125,254.35816955566406,6624503,0.0,0.0
2006-03-08,326.0782165527344,346.8580017089844,321.67572021484375,324.64300537109375,256.3255920410156,12846825,0.0,0.0
2006-03-09,304.53533935546875,336.3418884277344,304.53533935546875,332.34442138671875,262.4064025878906,11630947,0.0,0.0
2006-03-10,340.459716796875,345.6487731933594,332.8932800292969,337.86517333984375,266.7653503417969,4370003,0.0,0.0
2006-03-13,338.9922180175781,341.6924133300781,332.8287048339844,333.88238525390625,263.6206970214844,2764363,0.0,0.0
2006-03-14,334.5897216796875,337.46600341796875,329.3360595703125,331.287841796875,261.57220458984375,2434601,0.0,0.0
2006-03-16,333.41571044921875,335.2940979003906,329.4828186035156,330.51300048828125,260.9603576660156,1594396,0.0,0.0
2006-03-17,333.7091979980469,334.5838317871094,329.0132141113281,330.1226501464844,260.6521301269531,1318365,0.0,0.0
2006-03-20,332.8287048339844,332.8287048339844,325.2035827636719,326.80902099609375,258.035888671875,1256491,0.0,0.0
2006-03-21,327.4693908691406,342.39678955078125,326.3717041015625,333.2366638183594,263.11083984375,4391656,0.0,0.0
2006-03-22,333.82659912109375,335.9985046386719,328.2090148925781,330.7331237792969,261.1341857910156,1856713,0.0,0.0
2006-03-23,331.65472412109375,334.8832092285156,328.7197265625,330.5687561035156,261.0043029785156,1034804,0.0,0.0
2006-03-24,331.65472412109375,334.6484069824219,330.7742004394531,333.1222229003906,263.0204772949219,1015997,0.0,0.0
2006-03-27,334.5897216796875,340.6944885253906,329.7176208496094,332.1507263183594,262.25341796875,1828553,0.0,0.0
2006-03-28,334.531005859375,335.4114990234375,324.03839111328125,326.1809387207031,257.5399169921875,2434755,0.0,0.0
2006-03-29,327.54571533203125,329.4769287109375,321.67572021484375,323.2576904296875,255.23182678222656,1653238,0.0,0.0
2006-03-30,325.78472900390625,328.1327209472656,321.67572021484375,325.0069274902344,256.6129455566406,4469101,0.0,0.0
2006-03-31,325.78472900390625,338.0530090332031,322.2627258300781,333.1104736328125,263.0111999511719,3237106,0.0,0.0
2006-04-03,333.88531494140625,359.8306884765625,333.88531494140625,356.4143371582031,281.4110107421875,5505439,0.0,0.0
2006-04-04,359.8306884765625,365.1136779785156,354.26007080078125,357.206787109375,282.0367736816406,3316749,0.0,0.0
2006-04-05,359.1732482910156,365.70068359375,354.67681884765625,364.2419738769531,287.59149169921875,2677225,0.0,0.0
2006-04-07,366.5048828125,367.9312744140625,351.6127014160156,354.230712890625,279.6869201660156,3031569,0.0,0.0
2006-04-10,355.4281921386719,361.9438781738281,337.5834045410156,358.8973693847656,283.3715515136719,1765027,0.0,0.0
2006-04-12,361.0046691894531,370.39666748046875,347.7972106933594,352.0617370605469,277.9743957519531,2693409,0.0,0.0
2006-04-13,352.84539794921875,358.010986328125,326.430419921875,337.3016357421875,266.3204040527344,3013137,0.0,0.0
2006-04-17,342.58758544921875,343.981689453125,334.5897216796875,340.86474609375,269.1336975097656,1824192,0.0,0.0
2006-04-18,343.39471435546875,347.7972106933594,340.8118896484375,344.21356201171875,271.77783203125,1401755,0.0,0.0
2006-04-19,345.7427062988281,347.5506591796875,339.28570556640625,340.6123352050781,268.9344177246094,1358433,0.0,0.0
2006-04-20,343.39471435546875,355.4281921386719,340.7532043457031,349.3644714355469,275.8448181152344,2164993,0.0,0.0
2006-04-21,355.1346740722656,355.1346740722656,342.220703125,344.4248962402344,271.9447021484375,1522573,0.0,0.0
2006-04-24,346.26513671875,350.7322082519531,333.7091979980469,335.57293701171875,264.95550537109375,1273595,0.0,0.0
2006-04-25,337.52471923828125,338.1116943359375,324.9042053222656,327.1641540527344,258.3162536621094,2326833,0.0,0.0
2006-04-26,334.5897216796875,346.3297119140625,325.1977233886719,340.2454528808594,268.644775390625,4490140,0.0,0.0
2006-04-27,343.33013916015625,343.972900390625,325.2035827636719,330.1901550292969,260.70538330078125,3298997,0.0,0.0
2006-04-28,293.499755859375,341.9272155761719,270.019775390625,338.9775390625,267.6436462402344,2521620,0.0,0.0
2006-05-02,342.8077087402344,346.3297119140625,340.459716796875,344.7976379394531,272.23895263671875,1575691,0.0,0.0
2006-05-03,346.27099609375,352.78668212890625,340.5389404296875,351.4630126953125,277.5016784667969,1784124,0.0,0.0
2006-05-04,353.6084899902344,356.5434875488281,343.39471435546875,347.9439392089844,274.7231750488281,1774601,0.0,0.0
2006-05-05,348.5015869140625,353.0802001953125,345.9187927246094,347.4156494140625,274.3060607910156,1145622,0.0,0.0
2006-05-08,351.5539855957031,352.5518798828125,345.8102111816406,347.2864990234375,274.2040100097656,848297,0.0,0.0
2006-05-09,349.26470947265625,349.8516845703125,344.5686950683594,346.8198547363281,273.83563232421875,727070,0.0,0.0
2006-05-10,344.8622131347656,350.42108154296875,344.5686950683594,346.3502502441406,273.46484375,441346,0.0,0.0
2006-05-11,350.1363830566406,358.65667724609375,343.4533996582031,352.0118408203125,277.9349670410156,1748928,0.0,0.0
2006-05-12,346.3883972167969,357.1891784667969,341.7247009277344,350.723388671875,276.9176330566406,1446985,0.0,0.0
2006-05-15,350.7322082519531,355.1346740722656,331.0970458984375,334.28741455078125,263.94049072265625,1719234,0.0,0.0
2006-05-16,334.5897216796875,340.16619873046875,302.5982360839844,337.90625,266.7977600097656,3048026,0.0,0.0
2006-05-17,340.474365234375,349.3233947753906,337.64208984375,348.299072265625,275.00360107421875,1329336,0.0,0.0
2006-05-18,346.3297119140625,346.3297119140625,308.76171875,315.1453552246094,248.8265838623047,2898026,0.0,0.0
2006-05-19,321.3822326660156,334.5897216796875,284.1077575683594,292.701416015625,231.1057891845703,4355898,0.0,0.0
2006-05-22,293.73455810546875,314.1034240722656,214.2548065185547,269.4210205078125,212.72447204589844,6650840,0.0,0.0
2006-05-23,270.019775390625,314.6317138671875,268.90447998046875,306.33447265625,241.86993408203125,5082304,0.0,0.0
2006-05-24,311.1097412109375,311.1097412109375,281.759765625,285.0939025878906,225.09913635253906,2511944,0.0,0.0
2006-05-25,285.28173828125,287.6297607421875,267.08477783203125,276.9668884277344,218.68240356445312,2931007,0.0,0.0
2006-05-26,287.6297607421875,297.9022521972656,280.2922668457031,289.5697937011719,228.6331329345703,2121807,0.0,0.0
2006-05-29,293.499755859375,310.5227355957031,290.56475830078125,293.12994384765625,231.44410705566406,2135691,0.0,0.0
2006-05-30,294.9672546386719,294.9672546386719,288.27545166015625,290.3123474121094,229.21946716308594,855349,0.0,0.0
2006-05-31,286.6905517578125,291.9735412597656,271.07635498046875,288.6305847167969,227.8916473388672,3542984,0.0,0.0
2006-06-01,293.499755859375,298.3131408691406,276.9845275878906,280.17779541015625,221.21762084960938,2788758,0.0,0.0
2006-06-02,280.58575439453125,288.21673583984375,264.73675537109375,283.69683837890625,223.99607849121094,1973919,0.0,0.0
2006-06-05,269.4327697753906,289.9777526855469,268.7870788574219,276.1451110839844,218.03353881835938,1148399,0.0,0.0
2006-06-06,272.2503662109375,292.9127502441406,264.9715576171875,276.7585144042969,218.5178680419922,3345914,0.0,0.0
2006-06-07,276.1832580566406,280.11614990234375,241.3741912841797,252.9586181640625,199.7263641357422,3551979,0.0,0.0
2006-06-08,250.94227600097656,250.94227600097656,224.2338104248047,234.7352294921875,185.33792114257812,3772558,0.0,0.0
2006-06-09,233.33229064941406,252.9967803955078,223.05979919433594,247.37039184570312,195.3141326904297,2751927,0.0,0.0
2006-06-12,247.4202880859375,250.06178283691406,236.1146697998047,240.9045867919922,190.208984375,2376322,0.0,0.0
2006-06-13,234.79978942871094,236.2672882080078,214.84181213378906,228.18138122558594,180.1632080078125,2454775,0.0,5.0
2006-06-14,227.46229553222656,256.8122863769531,219.56715393066406,223.39732360839844,176.3859405517578,2238192,0.0,0.0
2006-06-15,231.85012817382812,248.0072784423828,227.4916534423828,246.4810791015625,194.61196899414062,2236645,0.0,0.0
2006-06-16,252.40977478027344,278.97149658203125,250.9276123046875,262.2420349121094,207.05624389648438,5221878,0.0,0.0
2006-06-19,265.6172790527344,272.9254150390625,256.9296875,270.46002197265625,213.5447998046875,3195985,0.0,0.0
2006-06-20,270.3132629394531,283.2272644042969,250.9716339111328,267.42230224609375,211.14633178710938,5340709,0.0,0.0
2006-06-21,267.055419921875,275.156005859375,263.416015625,270.3426208496094,213.4521026611328,1994339,0.0,0.0
2006-06-22,275.8897705078125,278.82476806640625,266.4977722167969,268.9631652832031,212.3629608154297,1355323,0.0,0.0
2006-06-23,264.4432678222656,271.6340026855469,261.8017578125,268.5522766113281,212.03858947753906,1194495,0.0,0.0
2006-06-26,271.7660827636719,271.7660827636719,230.45599365234375,237.47064208984375,187.49766540527344,3353362,0.0,0.0
2006-06-27,242.1372833251953,252.9967803955078,239.78929138183594,247.082763671875,195.08702087402344,3943747,0.0,0.0
2006-06-28,240.66978454589844,253.43702697753906,234.79978942871094,245.18968200683594,193.5923309326172,2331303,0.0,0.0
2006-06-29,250.20852661132812,256.16656494140625,248.0072784423828,250.64878845214844,197.90264892578125,2442111,0.0,0.0
2006-06-30,258.27978515625,265.0302734375,257.10577392578125,260.3782958984375,205.5846710205078,2226986,0.0,0.0
2006-07-03,263.85626220703125,266.791259765625,250.0764617919922,264.04705810546875,208.48138427734375,1682430,0.0,0.0
2006-07-04,265.9107666015625,267.96527099609375,258.86676025390625,260.0554504394531,205.3297576904297,1841565,0.0,0.0
2006-07-05,258.2944641113281,267.6717529296875,257.1351318359375,266.8646545410156,210.7060546875,1661725,0.0,0.0
2006-07-06,266.8646545410156,270.5480651855469,261.21478271484375,266.1015319824219,210.103515625,1809091,0.0,0.0
2006-07-07,265.9107666015625,271.4872741699219,256.9296875,258.6466369628906,204.21742248535156,1782042,0.0,0.0
2006-07-10,258.27978515625,268.7577209472656,256.29864501953125,267.4809875488281,211.19268798828125,1928117,0.0,0.0
2006-07-11,261.8164367675781,275.8310546875,216.51475524902344,272.5145263671875,215.1669921875,2640520,0.0,0.0
2006-07-12,270.019775390625,279.1182556152344,267.08477783203125,275.59625244140625,217.60018920898438,2425893,0.0,0.0
2006-07-13,275.59625244140625,278.53125,271.78076171875,274.0993957519531,216.41830444335938,1539244,0.0,0.0
2006-07-14,248.0072784423828,271.4872741699219,248.0072784423828,267.3929443359375,211.12315368652344,842791,0.0,0.0
2006-07-17,267.08477783203125,270.9002685546875,253.95065307617188,255.44749450683594,201.6915283203125,1530154,0.0,0.0
2006-07-18,255.3447723388672,257.98626708984375,244.6320343017578,253.290283203125,199.98825073242188,2222199,0.0,0.0
2006-07-19,256.8122863769531,261.21478271484375,234.79978942871094,241.84378051757812,190.9505157470703,2446710,0.0,0.0
2006-07-20,249.4747772216797,256.63616943359375,247.1267852783203,248.57960510253906,196.26889038085938,1762826,0.0,0.0
2006-07-21,248.88778686523438,250.73683166503906,241.2567901611328,245.71798706054688,194.0094451904297,1559354,0.0,0.0
2006-07-24,243.6047821044922,243.6047821044922,234.81446838378906,241.31549072265625,190.53343200683594,2220233,0.0,0.0
2006-07-25,246.53977966308594,251.676025390625,242.1372833251953,246.15823364257812,194.3570556640625,2028925,0.0,0.0
2006-07-26,247.97793579101562,250.325927734375,238.02828979492188,246.5691375732422,194.68148803710938,2706097,0.0,0.0
2006-07-27,248.0072784423828,254.99258422851562,246.53977966308594,252.13095092773438,199.07290649414062,3447948,0.0,0.0
2006-07-28,252.40977478027344,259.0135192871094,250.64878845214844,257.23785400390625,203.10508728027344,1858976,0.0,0.0
2006-07-31,258.27978515625,264.5019836425781,258.27978515625,260.07012939453125,205.3413543701172,1557803,0.0,0.0
2006-08-01,256.8122863769531,261.787109375,254.77244567871094,260.3636169433594,205.57310485839844,1124781,0.0,0.0
2006-08-02,261.0680236816406,269.4327697753906,257.98626708984375,266.9380187988281,210.76394653320312,2038727,0.0,0.0
2006-08-03,261.5082702636719,273.8646240234375,261.5082702636719,265.8667297363281,209.9181365966797,2058529,0.0,0.0
2006-08-04,271.47259521484375,271.47259521484375,261.2587890625,263.65081787109375,208.1685028076172,1610529,0.0,0.0
2006-08-07,263.85626220703125,268.84576416015625,261.21478271484375,265.9988098144531,210.02243041992188,1633667,0.0,0.0
2006-08-08,268.5522766113281,273.83526611328125,267.3489074707031,273.0721740722656,215.60728454589844,1404539,0.0,0.0
2006-08-09,274.4369201660156,279.85198974609375,271.78076171875,274.5543212890625,216.77752685546875,1818659,0.0,0.0
2006-08-10,275.86041259765625,277.9442443847656,271.81011962890625,274.877197265625,217.032470703125,1241588,0.0,0.0
2006-08-11,277.0637512207031,296.9336853027344,274.4222717285156,293.514404296875,231.7476348876953,5086518,0.0,0.0
2006-08-14,293.7932434082031,303.7722473144531,292.9567565917969,295.5102233886719,233.32350158691406,3370980,0.0,0.0
2006-08-16,299.3697509765625,302.8917236328125,294.3802490234375,296.1265563964844,233.8101043701172,1732400,0.0,0.0
2006-08-17,299.3697509765625,311.6086730957031,290.6528015136719,309.157958984375,244.09922790527344,4959309,0.0,0.0
2006-08-18,311.08038330078125,316.04052734375,307.67578125,310.1705322265625,244.89869689941406,2638421,0.0,0.0
2006-08-21,310.1705322265625,312.5772399902344,303.8309326171875,306.5164489746094,242.01358032226562,2057552,0.0,0.0
2006-08-22,308.17474365234375,314.04473876953125,299.1496276855469,301.5563049316406,238.09722900390625,3131263,0.0,0.0
2006-08-23,304.564697265625,309.6128845214844,299.1055908203125,306.3110046386719,241.85142517089844,5282890,0.0,0.0
2006-08-24,307.000732421875,312.2837219238281,302.30474853515625,310.6988220214844,245.31578063964844,1946669,0.0,0.0
2006-08-25,312.5772399902344,314.04473876953125,307.5877380371094,308.4095153808594,243.50827026367188,1141847,0.0,0.0
2006-08-28,309.6422424316406,312.5772399902344,306.69256591796875,308.3948669433594,243.4967041015625,1809422,0.0,0.0
2006-08-29,309.67156982421875,311.8434753417969,308.17474365234375,308.99652099609375,243.9717254638672,1163881,0.0,0.0
2006-08-30,308.4682312011719,311.08038330078125,307.0887756347656,308.1307067871094,243.28814697265625,1065588,0.0,0.0
2006-08-31,308.17474365234375,311.051025390625,304.5059814453125,307.543701171875,242.82464599609375,1684781,0.0,0.0
2006-09-01,309.20196533203125,318.30047607421875,308.17474365234375,316.8036193847656,250.1359405517578,2933331,0.0,0.0
2006-09-04,319.0342102050781,321.3822326660156,317.0090637207031,318.3885192871094,251.38729858398438,1381680,0.0,0.0
2006-09-05,319.3277282714844,324.816162109375,317.3025817871094,318.8140869140625,251.72335815429688,1498440,0.0,0.0
2006-09-06,317.7428283691406,321.67572021484375,315.2187194824219,317.4493103027344,250.64572143554688,849598,0.0,0.0
2006-09-07,317.4493103027344,319.0048828125,311.75543212890625,313.1642150878906,247.26235961914062,710883,0.0,0.0
2006-09-08,314.04473876953125,318.74072265625,313.0174865722656,316.01116943359375,249.51023864746094,1049108,0.0,0.0
2006-09-11,316.979736328125,316.979736328125,305.8560791015625,307.4556579589844,242.75509643554688,1457268,0.0,0.0
2006-09-12,303.7722473144531,311.6086730957031,301.4535827636719,310.4933776855469,245.1536407470703,1372989,0.0,0.0
2006-09-13,301.29217529296875,317.7134704589844,298.22509765625,314.6463928222656,248.4326934814453,1084447,0.0,0.0
2006-09-14,316.979736328125,319.0342102050781,311.1097412109375,311.9755554199219,246.3239288330078,889827,0.0,0.0
2006-09-15,311.9755554199219,319.59185791015625,308.92315673828125,315.6589660644531,249.2321014404297,949946,0.0,0.0
2006-09-18,316.979736328125,318.1537170410156,311.1097412109375,313.1935729980469,247.2856903076172,594957,0.0,0.0
2006-09-19,315.2187194824219,317.41998291015625,302.5982360839844,306.42840576171875,241.944091796875,690562,0.0,0.0
2006-09-20,306.1202392578125,309.6128845214844,301.16009521484375,307.1914978027344,242.54653930664062,765670,0.0,0.0
2006-09-21,310.81622314453125,316.3780517578125,308.4682312011719,313.78057861328125,247.74903869628906,441472,0.0,0.0
2006-09-22,314.92523193359375,319.0342102050781,308.4682312011719,315.5268859863281,249.1279296875,642177,0.0,0.0
2006-09-25,319.3277282714844,319.3277282714844,311.4325866699219,313.076171875,247.19288635253906,444003,0.0,0.0
2006-09-26,314.04473876953125,316.2459716796875,311.4325866699219,314.0300598144531,247.94598388671875,1522059,0.0,0.0
2006-09-27,317.56671142578125,321.54364013671875,312.2837219238281,313.8392639160156,247.79537963867188,1495793,0.0,0.0
2006-09-28,315.5122375488281,316.6422119140625,308.76171875,310.87493896484375,245.45484924316406,830539,0.0,0.0
2006-09-29,315.5122375488281,318.3591613769531,311.21246337890625,315.0866394042969,248.78025817871094,743353,0.0,0.0
2006-10-03,311.49127197265625,319.0048828125,310.27325439453125,311.6086730957031,246.03421020507812,760648,0.0,0.0
2006-10-04,314.6317138671875,315.5856018066406,303.33197021484375,307.000732421875,242.39593505859375,1349500,0.0,0.0
2006-10-05,307.8812255859375,316.3633728027344,307.8812255859375,313.2229309082031,247.3087158203125,982552,0.0,0.0
2006-10-06,316.979736328125,326.3423767089844,308.4975891113281,324.4346008300781,256.16107177734375,1929923,0.0,0.0
2006-10-09,328.2794494628906,329.0132141113281,320.2082214355469,323.43670654296875,255.37315368652344,1286317,0.0,0.0
2006-10-10,327.10546875,328.7197265625,321.705078125,322.7029724121094,254.7937469482422,1593374,0.0,0.0
2006-10-11,319.91473388671875,328.4408874511719,309.93572998046875,312.6065673828125,246.82215881347656,802920,0.0,0.0
2006-10-12,316.1872863769531,325.4031677246094,311.1097412109375,322.6736145019531,254.77064514160156,824569,0.0,0.0
2006-10-13,325.78472900390625,337.231201171875,322.0572814941406,334.1934814453125,263.86627197265625,2152621,0.0,0.0
2006-10-16,340.43035888671875,340.43035888671875,333.1222229003906,338.3611755371094,267.1569519042969,2343647,0.0,0.0
2006-10-17,338.9922180175781,346.03619384765625,330.1872253417969,344.34857177734375,271.8843688964844,1879262,0.0,0.0
2006-10-18,343.39471435546875,346.3297119140625,337.87689208984375,339.0949401855469,267.7362976074219,689813,0.0,0.0
2006-10-19,334.6043701171875,341.8978576660156,330.1872253417969,333.01947021484375,262.9393615722656,854539,0.0,0.0
2006-10-20,334.5897216796875,340.43035888671875,333.723876953125,335.57293701171875,264.95550537109375,1237350,0.0,0.0
2006-10-23,337.52471923828125,339.5791931152344,331.65472412109375,336.11590576171875,265.3841247558594,329707,0.0,0.0
2006-10-26,332.0362548828125,354.224853515625,332.0362548828125,352.1556701660156,278.0485534667969,1679187,0.0,0.0
2006-10-27,352.19970703125,368.3421630859375,351.02569580078125,363.0885314941406,286.6807861328125,2029994,0.0,0.0
2006-10-30,363.9396667480469,368.0486755371094,357.77618408203125,363.2059326171875,286.77337646484375,1008593,0.0,0.0
2006-10-31,359.8453674316406,365.3191223144531,354.5917053222656,356.6021728515625,281.55938720703125,1399551,0.0,0.0
2006-11-01,359.7426452636719,368.0193176269531,358.50994873046875,361.54766845703125,285.464111328125,1225875,0.0,0.0
2006-11-02,363.0738525390625,378.6146545410156,362.50152587890625,371.1744384765625,293.0650329589844,2644751,0.0,0.0
2006-11-03,379.20166015625,379.20166015625,366.21429443359375,370.9543151855469,292.8912353515625,1509428,0.0,0.0
2006-11-06,372.5685729980469,373.3169860839844,367.6817932128906,369.0318908691406,291.37335205078125,766297,0.0,0.0
2006-11-07,372.1283264160156,372.7446594238281,359.5372009277344,361.95855712890625,285.78851318359375,803935,0.0,0.0
2006-11-08,364.52667236328125,365.40716552734375,344.9942626953125,351.8475036621094,277.8052673339844,1478158,0.0,0.0
2006-11-09,352.84539794921875,361.41558837890625,351.6860656738281,354.7825012207031,280.12255859375,1120283,0.0,0.0
2006-11-10,355.1346740722656,365.9941711425781,346.7406005859375,362.7803649902344,286.4374084472656,3375883,0.0,0.0
2006-11-13,363.9396667480469,369.7950134277344,361.6357116699219,365.33380126953125,288.4535217285156,2002424,0.0,0.0
2006-11-14,372.7446594238281,372.7446594238281,356.9543762207031,358.68603515625,283.2046813964844,2196523,0.0,0.0
2006-11-15,359.5372009277344,360.6231384277344,352.4931945800781,355.34014892578125,280.5628662109375,986832,0.0,0.0
2006-11-16,358.0697021484375,363.9396667480469,352.8160400390625,354.19549560546875,279.65911865234375,1290546,0.0,0.0
2006-11-17,357.4826965332031,363.9396667480469,344.9208984375,350.3653259277344,276.635009765625,2060274,0.0,0.0
2006-11-20,346.3297119140625,350.7322082519531,339.8727111816406,343.3213195800781,271.07330322265625,1684471,0.0,0.0
2006-11-21,346.3297119140625,357.60009765625,343.981689453125,355.8977966308594,281.00323486328125,1565405,0.0,0.0
2006-11-22,359.5372009277344,398.3378601074219,356.6021728515625,390.2812805175781,308.15106201171875,7682599,0.0,0.0
2006-11-23,400.656494140625,412.9541320800781,371.6587219238281,375.826416015625,296.7380676269531,16883023,0.0,0.0
2006-11-24,381.25616455078125,381.25616455078125,342.25006103515625,345.4638671875,272.7649230957031,19531243,0.0,0.0
2006-11-27,347.7972106933594,347.7972106933594,335.4995422363281,338.3905334472656,267.18017578125,8331468,0.0,0.0
2006-11-28,337.52471923828125,349.7636413574219,330.0257873535156,337.0257568359375,266.1025695800781,8115594,0.0,0.0
2006-11-29,340.4156799316406,343.3800354003906,332.3150939941406,333.988037109375,263.7040710449219,5405095,0.0,0.0
2006-11-30,344.510009765625,344.510009765625,327.2522277832031,330.9356384277344,261.29400634765625,6316509,0.0,0.0
2006-12-01,336.0572204589844,347.1514892578125,330.744873046875,346.0508728027344,273.22845458984375,6102707,0.0,0.0
2006-12-04,346.91668701171875,355.7216796875,343.6882019042969,350.5120544433594,276.75079345703125,5507354,0.0,0.0
2006-12-05,352.78668212890625,355.34014892578125,343.7762451171875,344.95025634765625,272.3594055175781,3411260,0.0,0.0
2006-12-06,347.210205078125,347.7972106933594,337.52471923828125,340.50372314453125,268.8486328125,2523259,0.0,0.0
2006-12-07,340.50372314453125,350.4093322753906,337.8182067871094,348.1053771972656,274.8506164550781,4448160,0.0,0.0
2006-12-08,350.4386901855469,353.5791320800781,340.7532043457031,343.2479553222656,271.0153503417969,4433465,0.0,0.0
2006-12-11,343.39471435546875,345.595947265625,322.8497314453125,330.2018737792969,260.7146911621094,3447045,0.0,0.0
2006-12-12,337.46600341796875,337.46600341796875,296.7282409667969,306.5311279296875,242.02513122558594,5903000,0.0,0.0
2006-12-13,305.23974609375,330.1872253417969,293.499755859375,325.8140563964844,257.250244140625,7100537,0.0,0.0
2006-12-14,326.1075744628906,337.231201171875,312.5772399902344,333.6651916503906,263.44915771484375,4012736,0.0,0.0
2006-12-15,336.0572204589844,338.40521240234375,330.78887939453125,333.07818603515625,262.9857177734375,2738751,0.0,0.0
2006-12-18,334.5897216796875,343.3800354003906,321.4262390136719,341.1200866699219,269.3353271484375,3735212,0.0,0.0
2006-12-19,343.1011962890625,343.39471435546875,324.9042053222656,331.7134094238281,261.9081726074219,3975649,0.0,0.0
2006-12-20,340.16619873046875,343.2185974121094,323.43670654296875,327.9272766113281,258.91876220703125,3192840,0.0,0.0
2006-12-21,308.6443176269531,330.1872253417969,308.6443176269531,324.8601989746094,256.49700927734375,2387576,0.0,0.0
2006-12-22,330.1872253417969,332.7993469238281,325.1977233886719,329.30670166015625,260.00787353515625,2181650,0.0,0.0
2006-12-26,330.1872253417969,334.8832092285156,327.6044006347656,333.2396240234375,263.1131591796875,1285674,0.0,0.0
2006-12-27,336.0572204589844,336.9377136230469,331.3612060546875,332.7259826660156,262.7076110839844,1173997,0.0,0.0
2006-12-28,328.734375,334.5897216796875,326.0782165527344,327.75115966796875,258.7796325683594,3277924,0.0,0.0
2006-12-29,331.6253662109375,336.6441955566406,328.7197265625,333.5037536621094,263.3216857910156,1399701,0.0,0.0
2007-01-02,334.5897216796875,339.75531005859375,331.0677185058594,335.9985046386719,266.8115234375,1790751,1.9,0.0
2007-01-03,338.9922180175781,339.28570556640625,331.65472412109375,333.54779052734375,264.8654479980469,1652454,0.0,0.0
2007-01-04,334.8832092285156,334.8832092285156,327.3989562988281,328.6463317871094,260.9732971191406,1903541,0.0,0.0
2007-01-05,329.30670166015625,334.0760803222656,326.2249755859375,328.9398498535156,261.2063293457031,1434665,0.0,0.0
2007-01-08,329.30670166015625,329.30670166015625,317.7134704589844,318.6673583984375,253.0491180419922,2726148,0.0,0.0
2007-01-09,319.91473388671875,324.37591552734375,308.4682312011719,313.4577331542969,248.9121856689453,3151144,0.0,0.0
2007-01-10,311.69671630859375,312.5772399902344,293.499755859375,307.6317443847656,244.28587341308594,1349163,0.0,0.0
2007-01-11,310.5227355957031,314.3382263183594,302.30474853515625,313.51641845703125,248.9589080810547,2062468,0.0,0.0
2007-01-12,315.5122375488281,331.1997985839844,315.5122375488281,327.7364807128906,260.2507629394531,3718885,0.0,0.0
2007-01-15,330.5247497558594,351.0110168457031,327.8392028808594,347.8412170410156,276.2156677246094,6933079,0.0,0.0
2007-01-16,351.02569580078125,356.3086853027344,340.7825622558594,350.8495788574219,278.6045227050781,4547360,0.0,0.0
2007-01-17,352.21435546875,363.3526916503906,351.3191833496094,359.1116027832031,285.1652526855469,3847594,0.0,0.0
2007-01-18,363.3526916503906,365.40716552734375,339.5791931152344,356.48480224609375,283.0794372558594,4987987,0.0,0.0
2007-01-19,358.0697021484375,359.18499755859375,342.220703125,346.4617614746094,275.1202087402344,3389866,0.0,0.0
2007-01-22,345.7427062988281,348.3841857910156,337.8475646972656,338.9775390625,269.1771545410156,2387784,0.0,0.0
2007-01-23,339.5791931152344,344.5686950683594,333.7091979980469,335.23541259765625,266.20562744140625,2327416,0.0,0.0
2007-01-24,337.52471923828125,339.8727111816406,335.2500915527344,337.3779602050781,267.9069519042969,1255067,0.0,0.0
2007-01-25,338.9922180175781,340.16619873046875,331.0677185058594,333.67987060546875,264.9703369140625,3551413,0.0,0.0
2007-01-29,337.52471923828125,339.25634765625,333.7385559082031,337.33392333984375,267.8719482421875,1311272,0.0,0.0
2007-01-31,337.52471923828125,344.55401611328125,334.0027160644531,337.0110778808594,267.6156005859375,1354345,0.0,0.0
2007-02-01,340.1075134277344,346.3297119140625,336.424072265625,343.6441650390625,272.8828430175781,1970127,0.0,0.0
2007-02-02,346.3297119140625,354.40093994140625,344.5686950683594,346.57916259765625,275.2135009765625,2705498,0.0,0.0
2007-02-05,350.7322082519531,351.6127014160156,344.5686950683594,348.9565124511719,277.101318359375,1031087,0.0,0.0
2007-02-06,349.26470947265625,355.07598876953125,346.3883972167969,350.2479248046875,278.12677001953125,2140724,0.0,0.0
2007-02-07,350.2479248046875,358.0256652832031,344.5686950683594,354.2541809082031,281.30810546875,2972745,0.0,0.0
2007-02-08,356.6021728515625,359.8306884765625,350.3212890625,352.71331787109375,280.08453369140625,1872424,0.0,0.0
2007-02-09,352.78668212890625,357.1451721191406,345.18505859375,349.1913146972656,277.2877502441406,2470550,0.0,0.0
2007-02-12,346.3297119140625,346.76995849609375,329.0132141113281,332.40313720703125,263.9564208984375,1937425,0.0,0.0
2007-02-13,328.7197265625,341.8684997558594,320.79522705078125,326.1075744628906,258.9572448730469,1566413,0.0,0.0
2007-02-14,327.8392028808594,329.30670166015625,319.0342102050781,327.780517578125,260.2857360839844,994689,0.0,0.0
2007-02-15,333.41571044921875,341.91253662109375,330.1872253417969,341.0907287597656,270.8551330566406,1026379,0.0,0.0
2007-02-19,343.39471435546875,353.960693359375,342.5141906738281,351.7594299316406,279.3270263671875,3066496,0.0,0.0
2007-02-20,351.6127014160156,356.6021728515625,348.3841857910156,351.4659423828125,279.093994140625,2775184,0.0,0.0
2007-02-21,350.48272705078125,356.6021728515625,348.4135437011719,352.30242919921875,279.75823974609375,2436635,0.0,0.0
2007-02-22,353.6672058105469,354.8411865234375,336.4827880859375,340.87060546875,270.6804504394531,3649560,0.0,0.0
2007-02-23,344.3192138671875,344.3192138671875,326.0782165527344,329.7322998046875,261.8355712890625,2260298,0.0,0.0
2007-02-26,329.10125732421875,338.9922180175781,326.3717041015625,335.36749267578125,266.3104248046875,1528389,0.0,0.0
2007-02-27,335.616943359375,340.7238464355469,329.30670166015625,333.0928649902344,264.50421142578125,1878274,0.0,0.0
2007-02-28,324.3172302246094,331.0677185058594,303.05316162109375,322.9817810058594,256.47509765625,1702492,0.0,0.0
2007-03-01,322.8497314453125,334.6630859375,314.1474609375,333.8706359863281,265.1217346191406,1773872,0.0,0.0
2007-03-02,325.3738098144531,333.1222229003906,316.40740966796875,320.5457458496094,254.54075622558594,1017960,0.0,0.0
2007-03-05,316.2606506347656,316.2606506347656,293.499755859375,296.2146301269531,235.21975708007812,1910945,0.0,0.0
2007-03-06,296.43475341796875,307.5877380371094,289.3907470703125,296.3907165527344,235.35958862304688,1900894,0.0,0.0
2007-03-07,301.7177429199219,305.7973937988281,287.6884460449219,291.65069580078125,231.5956268310547,2147347,0.0,0.0
2007-03-08,292.0322570800781,307.000732421875,283.82891845703125,303.1118469238281,240.6967010498047,1688754,0.0,0.0
2007-03-09,305.5332336425781,307.5290222167969,296.77227783203125,304.9755859375,242.17665100097656,1085759,0.0,0.0
2007-03-12,304.94622802734375,313.44305419921875,301.4829406738281,306.0615234375,243.03907775878906,732750,0.0,0.0
2007-03-13,305.23974609375,309.5835266113281,299.721923828125,306.5311279296875,243.411865234375,998634,0.0,0.0
2007-03-14,293.499755859375,299.95672607421875,292.1789855957031,297.2272033691406,236.02378845214844,1114505,0.0,0.0
2007-03-15,300.55841064453125,307.5877380371094,300.55841064453125,303.12652587890625,240.7084197998047,1057946,0.0,0.0
2007-03-16,304.06573486328125,304.94622802734375,294.08673095703125,296.5521545410156,235.48779296875,783700,0.0,0.0
2007-03-19,302.24603271484375,302.8917236328125,298.7827453613281,302.11395263671875,239.904296875,319042,0.0,0.0
2007-03-20,305.00494384765625,308.11602783203125,302.31939697265625,306.58984375,243.45849609375,683251,0.0,0.0
2007-03-21,308.17474365234375,311.1097412109375,299.80999755859375,308.4388732910156,244.92681884765625,905332,0.0,0.0
2007-03-22,312.2837219238281,326.3717041015625,310.5227355957031,323.4220275878906,256.8247375488281,1661183,0.0,0.0
2007-03-23,337.52471923828125,337.52471923828125,315.5122375488281,316.95037841796875,251.6856689453125,1035230,0.0,0.0
2007-03-26,318.4472351074219,322.4681701660156,315.8204040527344,318.56463623046875,252.96751403808594,521083,0.0,0.0
2007-03-28,316.979736328125,331.3025207519531,308.17474365234375,317.9776306152344,252.50135803222656,558641,0.0,0.0
2007-03-29,322.2627258300781,330.6861572265625,312.6212463378906,315.2187194824219,250.3106231689453,1212345,0.0,0.0
2007-03-30,318.1537170410156,321.9692077636719,316.3927307128906,320.12017822265625,254.20278930664062,593397,0.0,0.0
2007-04-02,308.4682312011719,312.5772399902344,301.16009521484375,304.0510559082031,241.44252014160156,993224,0.0,0.0
2007-04-03,304.4179382324219,307.85186767578125,300.9106140136719,304.036376953125,241.43089294433594,728170,0.0,0.0
2007-04-04,307.2942199707031,313.4577331542969,306.1202392578125,308.2627868652344,244.7870330810547,861608,0.0,0.0
2007-04-05,311.1097412109375,314.04473876953125,307.000732421875,311.990234375,247.74691772460938,694610,0.0,0.0
2007-04-09,314.04473876953125,325.79937744140625,314.015380859375,323.7449035644531,257.0810852050781,1043714,0.0,0.0
2007-04-10,322.8497314453125,330.759521484375,320.8245544433594,326.84130859375,259.5399169921875,914913,0.0,0.0
2007-04-11,327.2522277832031,333.5331115722656,324.9335632324219,326.81195068359375,259.5165710449219,811823,0.0,0.0
2007-04-12,321.3822326660156,330.7742004394531,307.8812255859375,328.96917724609375,261.2296142578125,498824,0.0,0.0
2007-04-13,324.9042053222656,338.14105224609375,323.5834655761719,336.51214599609375,267.219482421875,810535,0.0,0.0
2007-04-16,339.02154541015625,342.8077087402344,328.866455078125,330.37799072265625,262.3483581542969,2617702,0.0,0.0
2007-04-17,334.5897216796875,337.231201171875,324.3612365722656,326.60650634765625,259.3534851074219,1664440,0.0,0.0
2007-04-18,328.3381652832031,331.4786071777344,309.1432800292969,311.4325866699219,247.30409240722656,4234047,0.0,0.0
2007-04-19,312.5772399902344,312.5772399902344,303.493408203125,308.614990234375,245.06663513183594,2626894,0.0,0.0
2007-04-20,312.5772399902344,315.5122375488281,309.436767578125,313.5898132324219,249.01715087890625,1071534,0.0,0.0
2007-04-23,316.979736328125,319.3277282714844,310.2292175292969,312.5185241699219,248.1664276123047,1450556,0.0,0.0
2007-04-24,307.5290222167969,332.8287048339844,299.80999755859375,328.48492431640625,260.8451232910156,5609217,0.0,0.0
2007-04-25,328.7197265625,330.480712890625,320.79522705078125,328.1033630371094,260.5420837402344,1444069,0.0,0.0
2007-04-26,330.2018737792969,340.4010009765625,326.3863830566406,338.14105224609375,268.5128479003906,3392851,0.0,0.0
2007-04-27,336.0572204589844,350.7322082519531,333.7385559082031,343.4974365234375,272.7663269042969,2834912,0.0,0.0
2007-04-30,326.5478210449219,347.5036926269531,326.5478210449219,345.43450927734375,274.30450439453125,1322072,0.0,0.0
2007-05-03,345.15570068359375,353.3736877441406,345.15570068359375,349.7342834472656,277.71893310546875,1619521,0.0,0.0
2007-05-04,329.8937072753906,355.1200256347656,329.8937072753906,351.1430969238281,278.8376159667969,1499807,0.0,0.0
2007-05-07,330.480712890625,357.7174987792969,330.480712890625,351.1871032714844,278.8725280761719,1106341,0.0,0.0
2007-05-08,351.3191833496094,362.3841247558594,348.0906982421875,356.2353210449219,282.8813171386719,1858652,0.0,0.0
2007-05-09,356.6021728515625,367.461669921875,353.9753723144531,366.0382080078125,290.6656494140625,2008659,0.0,0.0
2007-05-10,367.1681823730469,372.7446594238281,352.19970703125,355.0613098144531,281.94903564453125,1697248,0.0,0.0
2007-05-11,350.7322082519531,361.5916748046875,346.6231994628906,359.5078430175781,285.4799499511719,1024937,0.0,0.0
2007-05-14,362.47216796875,367.1681823730469,353.960693359375,359.7866516113281,285.7012939453125,928689,0.0,0.0
2007-05-15,366.8746643066406,366.8746643066406,356.0298767089844,363.8663024902344,288.94097900390625,880423,0.0,0.0
2007-05-16,365.40716552734375,366.5811767578125,355.61895751953125,365.4218444824219,290.1761779785156,918191,0.0,0.0
2007-05-17,365.40716552734375,369.2226867675781,358.65667724609375,362.0025939941406,287.4610290527344,2395657,0.0,0.0
2007-05-18,359.5372009277344,369.8096618652344,356.89569091796875,364.2918701171875,289.27886962890625,983465,0.0,0.0
2007-05-21,366.8746643066406,368.0193176269531,362.83905029296875,365.1136779785156,289.9314880371094,788760,0.0,0.0
2007-05-22,366.2876892089844,371.27716064453125,359.904052734375,368.2101135253906,292.3902893066406,879622,0.0,0.0
2007-05-23,371.27716064453125,375.6796569824219,362.50152587890625,365.4365234375,290.1877746582031,1478481,0.0,0.0
2007-05-24,365.3631591796875,372.5685729980469,361.2981872558594,369.5455322265625,293.4507751464844,1252774,0.0,0.0
2007-05-25,365.70068359375,371.10107421875,363.36737060546875,368.43023681640625,292.5650634765625,622572,0.0,0.0
2007-05-28,368.6650390625,380.0821533203125,368.63568115234375,374.10943603515625,297.07489013671875,754007,0.0,0.0
2007-05-29,378.6146545410156,380.0821533203125,374.7991638183594,378.8788146972656,300.8621826171875,976682,0.0,0.0
2007-05-30,377.14715576171875,385.8934631347656,372.81805419921875,377.3232727050781,299.6269226074219,1293568,0.0,0.0
2007-05-31,379.7886657714844,382.7236633300781,371.8641662597656,375.12200927734375,297.87896728515625,1528815,0.0,0.0
2007-06-01,379.77398681640625,386.8326721191406,375.6796569824219,379.4511413574219,301.3166198730469,1089012,0.0,0.0
2007-06-04,381.5496520996094,398.4112243652344,380.0821533203125,383.7949523925781,304.7659912109375,1358123,0.0,0.0
2007-06-05,387.12615966796875,387.12615966796875,377.14715576171875,383.4427490234375,304.4862976074219,1133207,0.0,0.0
2007-06-06,394.9332580566406,394.9332580566406,377.440673828125,384.6607666015625,305.4534912109375,933728,0.0,0.0
2007-06-07,381.25616455078125,385.9521484375,373.6545104980469,378.0716857910156,300.22125244140625,478491,0.0,0.0
2007-06-08,375.6796569824219,379.49517822265625,370.161865234375,373.43438720703125,296.5387878417969,867673,0.0,0.0
2007-06-11,377.61676025390625,380.0234680175781,369.8243408203125,374.44696044921875,297.3429260253906,821339,0.0,0.0
2007-06-12,375.38616943359375,375.38616943359375,367.1094665527344,368.4889221191406,292.6116638183594,1150232,0.0,0.0
2007-06-13,366.9040222167969,372.1283264160156,365.2164001464844,368.8264465332031,292.8797302246094,674535,0.0,0.0
2007-06-14,374.197509765625,387.4196472167969,369.8390197753906,383.927001953125,304.8708801269531,812624,0.0,0.0
2007-06-15,384.5140075683594,385.36517333984375,379.49517822265625,382.9144287109375,304.06683349609375,749400,0.0,0.0
2007-06-18,385.6586608886719,394.4930114746094,380.11151123046875,388.40289306640625,308.4250793457031,990944,0.0,0.0
2007-06-19,388.3001708984375,395.62298583984375,377.3526306152344,393.8913269042969,312.7833557128906,552041,0.0,0.0
2007-06-20,390.398681640625,399.1596374511719,390.398681640625,392.15966796875,311.4082946777344,594419,0.0,0.0
2007-06-21,395.1974182128906,399.13031005859375,388.0800476074219,393.4364013671875,312.4221496582031,495956,0.0,0.0
2007-06-22,397.3399658203125,397.3399658203125,384.191162109375,385.0129699707031,305.7331848144531,594770,0.0,0.0
2007-06-25,385.36517333984375,402.0946350097656,385.36517333984375,398.9688720703125,316.8154296875,959656,0.0,0.0
2007-06-26,400.62713623046875,410.3126525878906,397.72149658203125,406.99609375,323.189697265625,851554,0.0,0.0
2007-06-27,407.0841369628906,410.60614013671875,402.0946350097656,407.3336181640625,323.4577331542969,793121,0.0,0.0
2007-06-28,409.25604248046875,416.7696228027344,403.85565185546875,408.9772033691406,324.7628173828125,1029414,0.0,0.0
2007-06-29,413.8346252441406,415.7130432128906,407.0841369628906,409.18267822265625,324.926025390625,760910,0.0,0.0
2007-07-02,410.2979736328125,414.421630859375,405.61663818359375,407.3776550292969,323.4926452636719,793987,0.0,0.0
2007-07-03,410.8849792480469,414.0987854003906,406.5264892578125,413.2916564941406,328.1888732910156,628446,0.0,0.0
2007-07-04,414.1281433105469,422.34613037109375,413.8346252441406,414.37762451171875,329.05126953125,751837,0.0,0.0
2007-07-05,417.9436340332031,422.34613037109375,407.1134948730469,413.614501953125,328.4453125,1039796,0.0,0.0
2007-07-06,414.7004699707031,415.2434387207031,410.092529296875,412.66064453125,327.6877746582031,462698,0.0,0.0
2007-07-09,415.2140808105469,419.4111328125,409.1386413574219,417.4593505859375,331.4984436035156,543274,0.0,0.0
2007-07-10,415.8891296386719,417.9436340332031,410.60614013671875,411.88287353515625,327.0701599121094,382674,0.0,0.0
2007-07-11,410.81158447265625,418.50128173828125,406.49713134765625,413.2916564941406,328.1888732910156,417812,0.0,0.0
2007-07-12,416.74029541015625,430.2706298828125,413.8346252441406,428.5830078125,340.33154296875,781860,0.0,0.0
2007-07-13,428.5830078125,438.708740234375,428.5830078125,433.8072814941406,344.4801025390625,1162018,0.0,0.0
2007-07-16,435.23077392578125,436.9330749511719,422.7276916503906,427.13018798828125,339.1778564453125,2628308,0.0,0.0
2007-07-17,427.0421142578125,427.0421142578125,392.99615478515625,394.9039001464844,313.58746337890625,3326421,0.0,0.0
2007-07-18,399.74664306640625,403.5621337890625,386.84735107421875,388.88714599609375,308.8096618652344,1689524,0.0,0.0
2007-07-19,395.93115234375,401.09674072265625,390.941650390625,397.413330078125,315.58013916015625,723891,0.0,0.0
2007-07-20,397.692138671875,400.920654296875,383.01715087890625,394.40496826171875,313.1912536621094,544368,0.0,0.0
2007-07-23,393.2896423339844,402.681640625,382.5182189941406,389.4007873535156,309.2174987792969,1209990,0.0,0.0
2007-07-24,405.0296325683594,405.0296325683594,388.88714599609375,391.8221435546875,311.1402893066406,2933620,0.0,0.0
2007-07-25,388.88714599609375,398.8074645996094,385.36517333984375,394.68377685546875,313.4126281738281,1177960,0.0,0.0
2007-07-26,396.8116455078125,399.1596374511719,388.88714599609375,393.1869201660156,312.2239990234375,1746475,0.0,0.0
2007-07-27,387.4196472167969,388.88714599609375,371.8935241699219,378.39453125,300.47760009765625,1625558,0.0,0.0
2007-07-30,375.6796569824219,378.3211669921875,365.4365234375,369.7656555175781,293.62548828125,524024,0.0,0.0
2007-07-31,366.8746643066406,384.1031188964844,363.0591735839844,376.4867858886719,298.9626770019531,1274723,0.0,0.0
2007-08-01,375.6796569824219,375.6796569824219,356.6021728515625,358.2164306640625,284.4544372558594,731728,0.0,0.0
2007-08-02,361.0046691894531,365.3484802246094,352.2290344238281,354.32757568359375,281.3663330078125,874055,0.0,0.0
2007-08-03,355.1346740722656,369.7509765625,355.1346740722656,368.3861999511719,292.5301513671875,741602,0.0,0.0
2007-08-06,352.19970703125,363.9396667480469,349.3527526855469,361.6650695800781,287.1929931640625,324027,0.0,0.0
2007-08-07,366.2876892089844,366.2876892089844,361.5916748046875,363.2206115722656,288.4281921386719,231318,0.0,0.0
2007-08-08,365.3778381347656,375.6796569824219,364.6734313964844,370.58746337890625,294.2781066894531,820092,0.0,0.0
2007-08-09,375.6796569824219,375.6796569824219,363.9396667480469,367.31494140625,291.67938232421875,549118,0.0,0.0
2007-08-10,359.5372009277344,361.88519287109375,344.8622131347656,357.7615051269531,284.09326171875,778044,0.0,0.0
2007-08-13,363.3526916503906,366.2876892089844,358.3631896972656,359.4931640625,285.4682922363281,371703,0.0,0.0
2007-08-14,363.9396667480469,363.9396667480469,356.6021728515625,359.361083984375,285.3633728027344,198245,0.0,0.0
2007-08-16,352.19970703125,352.19970703125,343.1011962890625,347.7972106933594,276.1806640625,550927,0.0,0.0
2007-08-17,352.19970703125,359.2436828613281,331.72808837890625,351.7301025390625,279.3037414550781,704061,0.0,0.0
2007-08-20,356.6021728515625,360.711181640625,348.45758056640625,352.0823059082031,279.58349609375,326170,0.0,0.0
2007-08-21,358.0697021484375,358.0697021484375,325.78472900390625,330.8329162597656,262.7096252441406,718992,0.0,0.0
2007-08-22,334.29620361328125,363.6168212890625,330.7742004394531,360.975341796875,286.6452331542969,926726,0.0,0.0
2007-08-23,366.2876892089844,380.2289123535156,350.7322082519531,353.960693359375,281.0749816894531,2051395,0.0,0.0
2007-08-24,353.6672058105469,365.40716552734375,347.5036926269531,351.8621520996094,279.4085998535156,1983899,0.0,0.0
2007-08-27,359.5372009277344,367.7111511230469,355.1346740722656,364.62939453125,289.54693603515625,623503,0.0,0.0
2007-08-28,363.6168212890625,367.1094665527344,358.65667724609375,361.75311279296875,287.26287841796875,359686,0.0,0.0
2007-08-29,346.3297119140625,360.4176940917969,346.3297119140625,356.3820495605469,282.997802734375,592181,0.0,0.0
2007-08-30,362.47216796875,374.7991638183594,358.0697021484375,369.2080078125,293.1827087402344,1795899,0.0,0.0
2007-08-31,369.8096618652344,377.440673828125,358.3631896972656,376.1052551269531,298.65966796875,1159905,0.0,0.0
2007-09-03,372.7446594238281,378.9081726074219,370.2059020996094,373.96270751953125,296.9583435058594,506542,0.0,0.0
2007-09-04,374.24151611328125,378.6146545410156,369.8096618652344,372.27508544921875,295.6181945800781,325690,0.0,0.0
2007-09-05,369.8683776855469,375.6209716796875,363.9396667480469,368.22479248046875,292.40191650390625,431070,0.0,0.0
2007-09-06,376.45745849609375,380.31695556640625,366.8746643066406,378.39453125,300.47760009765625,762133,0.0,0.0
2007-09-07,380.0821533203125,381.38824462890625,373.126220703125,375.6209716796875,298.27508544921875,484177,0.0,0.0
2007-09-10,373.62518310546875,379.20166015625,368.94384765625,376.8536682128906,299.2539978027344,265972,0.0,0.0
2007-09-11,376.8536682128906,379.90606689453125,372.18701171875,374.6670837402344,297.51763916015625,216991,0.0,0.0
2007-09-12,376.8536682128906,378.526611328125,370.1031799316406,371.8494873046875,295.2802734375,136334,0.0,0.0
2007-09-13,375.3568115234375,377.1178283691406,369.58953857421875,371.46795654296875,294.9773254394531,381550,0.0,0.0
2007-09-14,366.5811767578125,375.6796569824219,366.5811767578125,367.88726806640625,292.13397216796875,108095,0.0,0.0
2007-09-17,367.1681823730469,373.8893127441406,364.6000671386719,365.6566467285156,290.3625793457031,116092,0.0,0.0
2007-09-18,365.40716552734375,379.20166015625,363.3526916503906,376.8389892578125,299.2423095703125,737492,0.0,0.0
2007-09-19,381.5496520996094,387.4196472167969,378.1744079589844,384.1471252441406,305.0456848144531,1107868,0.0,0.0
2007-09-20,382.43017578125,402.97515869140625,381.8431701660156,400.08416748046875,317.7010192871094,1435002,0.0,0.0
2007-09-21,398.5726623535156,409.1386413574219,390.6921691894531,404.2371826171875,320.99884033203125,767639,0.0,0.0
2007-09-24,405.61663818359375,410.87030029296875,397.8388977050781,406.89337158203125,323.1081237792969,880031,0.0,0.0
2007-09-25,397.692138671875,405.5872802734375,396.2246398925781,400.2015686035156,317.7942199707031,300552,0.0,0.0
2007-09-26,403.5621337890625,403.5621337890625,392.555908203125,399.6439208984375,317.3514709472656,629046,0.0,0.0
2007-09-27,400.113525390625,403.4740905761719,388.88714599609375,396.70892333984375,315.0207824707031,1086450,0.0,0.0
2007-09-28,400.4510498046875,405.0296325683594,394.75714111328125,396.5621643066406,314.90423583984375,346235,0.0,0.0
2007-10-01,403.2686462402344,407.2749328613281,393.2896423339844,395.3441467285156,313.93701171875,473877,0.0,0.0
2007-10-03,401.4783020019531,411.48663330078125,378.6146545410156,403.51812744140625,320.42791748046875,1032695,0.0,0.0
2007-10-04,404.4426574707031,420.2916259765625,397.692138671875,417.7821960449219,331.7547607421875,940045,0.0,0.0
2007-10-05,420.0715026855469,431.4446105957031,412.396484375,418.0169982910156,331.94122314453125,1673197,0.0,0.0
2007-10-08,417.9436340332031,425.5746154785156,391.8221435546875,399.5265197753906,317.25823974609375,945745,0.0,0.0
2007-10-09,384.7488098144531,414.4069519042969,384.7488098144531,411.3839111328125,326.6739501953125,598031,0.0,0.0
2007-10-10,413.9520263671875,422.14068603515625,406.8493347167969,416.6522216796875,330.857421875,735223,0.0,0.0
2007-10-11,416.7696228027344,422.47821044921875,410.8996276855469,420.3796691894531,333.8173828125,457254,0.0,0.0
2007-10-12,417.9436340332031,419.822021484375,407.9646301269531,412.49920654296875,327.5595703125,562538,0.0,0.0
2007-10-15,410.8996276855469,447.58709716796875,407.9646301269531,444.637451171875,353.08013916015625,1786700,0.0,0.0
2007-10-16,447.4110107421875,504.7755432128906,441.71710205078125,497.7462158203125,395.2530822753906,2342186,0.0,0.0
2007-10-17,427.0421142578125,528.299560546875,427.0421142578125,512.9935302734375,407.3607177734375,1660130,0.0,0.0
2007-10-18,522.4295654296875,558.530029296875,468.1027526855469,483.8489990234375,384.2174987792969,2527579,0.0,0.0
2007-10-19,485.1844177246094,498.362548828125,451.9895935058594,470.4947509765625,373.6130065917969,950937,0.0,0.0
2007-10-22,470.5094299316406,487.2095642089844,456.39208984375,461.27886962890625,366.29486083984375,814194,0.0,0.0
2007-10-23,475.11737060546875,495.7210693359375,471.40460205078125,487.9873352050781,387.503662109375,1266232,0.0,0.0
2007-10-24,503.9390563964844,513.6245727539062,491.90557861328125,501.89923095703125,398.55084228515625,1490461,0.0,0.0
2007-10-25,505.9935607910156,510.6895446777344,494.840576171875,503.2933654785156,399.6579284667969,882440,0.0,0.0
2007-10-26,504.8195495605469,520.198974609375,495.1340637207031,506.9327697753906,402.5479736328125,846951,0.0,0.0
2007-10-29,526.7440185546875,575.259521484375,513.3016967773438,566.6599731445312,449.9764404296875,1428781,0.0,0.0
2007-10-30,569.3895263671875,592.5759887695312,537.764892578125,582.0833740234375,462.22393798828125,2237453,0.0,0.0
2007-10-31,578.1945190429688,592.8695068359375,560.5845336914062,577.7395629882812,458.7745056152344,1109803,0.0,0.0
2007-11-01,584.3579711914062,601.6597900390625,537.1045532226562,546.2323608398438,433.7552490234375,1053121,0.0,0.0
2007-11-02,507.7545471191406,565.8674926757812,507.7545471191406,559.5866088867188,444.359619140625,621482,0.0,0.0
2007-11-05,559.4105224609375,559.4105224609375,537.1045532226562,547.9933471679688,435.153564453125,285172,0.0,0.0
2007-11-06,548.8445434570312,563.51953125,519.3771362304688,522.4295654296875,414.8536376953125,437158,0.0,0.0
2007-11-07,534.1695556640625,540.8026123046875,510.762939453125,516.442138671875,410.0991516113281,391714,0.0,0.0
2007-11-08,516.2660522460938,524.7775268554688,501.8845520019531,514.2555541992188,408.3627624511719,310524,0.0,0.0
2007-11-12,508.44427490234375,530.88232421875,486.6225891113281,524.9096069335938,416.8230285644531,384991,0.0,0.0
2007-11-13,521.842529296875,538.42529296875,513.6245727539062,519.7000122070312,412.68621826171875,1316219,0.0,0.0
2007-11-14,541.5070190429688,557.32666015625,526.5385131835938,552.9682006835938,439.10400390625,628913,0.0,0.0
2007-11-15,554.7145385742188,582.8611450195312,547.59716796875,577.2699584960938,458.4015808105469,719513,0.0,0.0
2007-11-16,572.6179809570312,586.4124755859375,560.8779907226562,578.2678833007812,459.1940612792969,817033,0.0,0.0
2007-11-19,572.3245239257812,613.4144897460938,572.3245239257812,608.9238891601562,483.5376281738281,1050416,0.0,0.0
2007-11-20,601.6744995117188,620.751953125,584.0645141601562,587.54248046875,466.5588684082031,860242,0.0,0.0
2007-11-21,589.9345092773438,597.27197265625,557.9723510742188,568.919921875,451.77093505859375,725741,0.0,0.0
2007-11-22,569.3895263671875,579.9407958984375,529.1800537109375,565.42724609375,448.9975891113281,546027,0.0,0.0
2007-11-23,631.0244750976562,659.7874145507812,572.4125366210938,580.6158447265625,461.05859375,3680347,0.0,0.0
2007-11-26,592.531982421875,597.27197265625,565.5740356445312,571.3119506835938,453.67041015625,1168028,0.0,0.0
2007-11-27,573.7919921875,573.7919921875,559.7774047851562,565.6033325195312,449.1374206542969,1023684,0.0,0.0
2007-11-28,573.7919921875,573.7919921875,535.6370239257812,539.51123046875,428.41796875,1433244,0.0,0.0
2007-11-29,547.3770141601562,561.4650268554688,527.4483642578125,531.278564453125,421.8805236816406,1971006,0.0,0.0
2007-11-30,537.1045532226562,546.7900390625,528.593017578125,533.0101928710938,423.2556457519531,2234782,0.0,0.0
2007-12-03,539.7460327148438,553.54052734375,537.1045532226562,540.4944458007812,429.19873046875,1746975,0.0,0.0
2007-12-04,545.9095458984375,565.7794799804688,541.8592529296875,546.657958984375,434.09307861328125,2275899,0.0,0.0
2007-12-05,546.657958984375,562.9324951171875,546.657958984375,555.9765625,441.49285888671875,1470962,0.0,0.0
2007-12-06,557.6495361328125,578.1651611328125,557.6495361328125,570.4901123046875,453.0178527832031,1892253,0.0,0.0
2007-12-07,575.259521484375,578.781494140625,563.2260131835938,567.8926391601562,450.95526123046875,1200113,0.0,0.0
2007-12-10,572.3245239257812,576.4334716796875,563.81298828125,572.4859008789062,454.60272216796875,555847,0.0,0.0
2007-12-11,569.3895263671875,580.8359985351562,569.3895263671875,575.5676879882812,457.04986572265625,583649,0.0,0.0
2007-12-12,578.1945190429688,578.1945190429688,563.81298828125,575.68505859375,457.14306640625,627257,0.0,0.0
2007-12-13,578.1945190429688,578.1945190429688,569.3895263671875,570.5048217773438,453.02960205078125,794750,0.0,0.0
2007-12-14,570.8569946289062,572.3245239257812,561.5383911132812,564.0477905273438,447.9019775390625,733690,0.0,0.0
2007-12-17,559.3078002929688,566.102294921875,545.9095458984375,549.9304809570312,436.69183349609375,759956,0.0,0.0
2007-12-18,555.8884887695312,560.5258178710938,538.572021484375,556.1820068359375,441.6560363769531,702566,0.0,0.0
2007-12-19,564.6934814453125,567.9219970703125,547.3770141601562,549.8571166992188,436.633544921875,580324,0.0,0.0
2007-12-20,557.34130859375,557.34130859375,545.9095458984375,548.2428588867188,435.3516540527344,637745,0.0,0.0
2007-12-24,556.1820068359375,559.7040405273438,547.6851806640625,550.3707275390625,437.0414123535156,854119,0.0,0.0
2007-12-26,557.6495361328125,560.5258178710938,551.4860229492188,556.4755249023438,441.88916015625,867547,0.0,0.0
2007-12-27,560.291015625,560.5845336914062,554.4503784179688,555.301513671875,440.9568176269531,847053,0.0,0.0
2007-12-28,557.6495361328125,558.7648315429688,547.6705322265625,554.5677490234375,440.3741149902344,644235,0.0,0.0
2007-12-31,558.2365112304688,563.81298828125,554.1275024414062,554.8025512695312,440.5606384277344,408027,0.0,0.0
2008-01-01,559.9387817382812,569.0960083007812,553.54052734375,563.7249755859375,447.645751953125,544777,0.0,0.0
2008-01-02,560.8779907226562,570.8423461914062,554.7145385742188,562.8884887695312,446.9814758300781,598331,0.0,0.0
2008-01-03,564.9869995117188,569.3014526367188,552.072998046875,557.6935424804688,442.85626220703125,732927,0.0,0.0
2008-01-04,560.5845336914062,579.5152587890625,560.5845336914062,574.7752075195312,456.4205627441406,1662798,0.0,0.0
2008-01-07,575.259521484375,602.5549926757812,566.4545288085938,594.3076171875,471.93096923828125,1770587,0.0,0.0
2008-01-08,601.6744995117188,609.8630981445312,584.3579711914062,588.0267333984375,466.94354248046875,1485231,0.0,0.0
2008-01-09,584.0645141601562,615.1754760742188,579.7794189453125,600.4124145507812,476.77880859375,1305997,0.0,0.0
2008-01-10,598.739501953125,611.6534423828125,585.531982421875,588.217529296875,467.0950012207031,961128,0.0,0.0
2008-01-11,589.9345092773438,598.1524658203125,578.1945190429688,591.4313354492188,469.6470642089844,755285,0.0,0.0
2008-01-14,592.8695068359375,601.6597900390625,582.6263427734375,586.1630249023438,467.36004638671875,543911,2.4,0.0
2008-01-15,589.9345092773438,593.4564819335938,570.8717041015625,575.5970458984375,458.935546875,889145,0.0,0.0
2008-01-16,575.1714477539062,575.1714477539062,548.8445434570312,563.0792846679688,448.9548034667969,1170273,0.0,0.0
2008-01-17,563.81298828125,594.2782592773438,557.9429931640625,585.94287109375,467.1844177246094,927060,0.0,0.0
2008-01-18,594.04345703125,594.04345703125,566.4545288085938,570.9157104492188,455.2030944824219,1327367,0.0,0.0
2008-01-21,572.3245239257812,575.259521484375,522.7230224609375,535.7837524414062,427.191650390625,1617221,0.0,0.0
2008-01-22,514.284912109375,534.1695556640625,484.2745666503906,521.7545166015625,416.0057678222656,1571149,0.0,0.0
2008-01-23,542.9745483398438,557.0625,498.9495544433594,523.31005859375,417.2460632324219,2477409,0.0,0.0
2008-01-24,528.299560546875,533.6412353515625,478.41925048828125,489.8657531738281,390.5802001953125,1557401,0.0,0.0
2008-01-25,505.0249938964844,528.299560546875,505.0249938964844,521.6517944335938,415.92388916015625,671874,0.0,0.0
2008-01-28,513.6245727539062,515.9431762695312,484.5680847167969,511.2178649902344,407.60467529296875,671111,0.0,0.0
2008-01-29,521.549072265625,536.414794921875,510.9830627441406,520.8005981445312,415.2452392578125,265206,0.0,0.0
2008-01-30,527.4190673828125,527.7125244140625,499.53656005859375,509.2220458984375,406.0133972167969,555557,0.0,0.0
2008-01-31,502.1780700683594,533.8760375976562,484.2598876953125,490.790283203125,391.3172912597656,2109262,0.0,0.0
2008-02-01,498.9495544433594,506.28704833984375,465.19708251953125,477.46539306640625,380.6932067871094,1593558,0.0,0.0
2008-02-04,487.2095642089844,509.2220458984375,480.16558837890625,482.67498779296875,384.84686279296875,1919071,0.0,0.0
2008-02-05,484.2745666503906,493.93072509765625,481.6770935058594,486.50518798828125,387.9007873535156,2070819,0.0,0.0
2008-02-06,469.9371032714844,481.3395690917969,469.5995788574219,474.83856201171875,378.5987243652344,1440570,0.0,0.0
2008-02-07,491.612060546875,492.78607177734375,459.6792907714844,465.0796813964844,370.81768798828125,1054062,0.0,0.0
2008-02-08,473.12158203125,475.17608642578125,454.9245910644531,458.54931640625,365.6109313964844,833227,0.0,0.0
2008-02-11,462.2620849609375,462.2620849609375,396.8850402832031,437.3733215332031,348.7270202636719,1127026,0.0,0.0
2008-02-12,443.1846008300781,446.1195983886719,432.912109375,435.15740966796875,346.96014404296875,705002,0.0,0.0
2008-02-13,440.2496032714844,446.1195983886719,427.33563232421875,431.3565673828125,343.9296569824219,637571,0.0,0.0
2008-02-14,444.652099609375,460.7945861816406,440.2496032714844,456.1866455078125,363.7272033691406,930239,0.0,0.0
2008-02-15,462.2620849609375,463.7295837402344,446.4131164550781,458.91619873046875,365.9034423828125,682440,0.0,0.0
2008-02-18,466.0776062011719,480.4590759277344,460.94134521484375,469.5995788574219,374.42156982421875,1423401,0.0,0.0
2008-02-19,479.8720703125,481.3395690917969,470.010498046875,474.70648193359375,378.493408203125,595264,0.0,0.0
2008-02-20,472.5345764160156,475.44024658203125,460.7945861816406,463.2893371582031,369.39031982421875,814675,0.0,0.0
2008-02-21,469.5995788574219,469.5995788574219,452.2831115722656,458.4612731933594,365.540771484375,1119983,0.0,0.0
2008-02-22,459.32708740234375,463.7295837402344,446.1195983886719,460.295654296875,367.00335693359375,1985149,0.0,0.0
2008-02-25,463.7295837402344,472.2410888671875,461.9685974121094,469.0126037597656,373.95355224609375,1769326,0.0,0.0
2008-02-26,473.9727478027344,479.8720703125,469.6729736328125,473.01885986328125,377.1478271484375,2337289,0.0,0.0
2008-02-27,478.5366516113281,500.3290100097656,478.5366516113281,490.790283203125,391.3172912597656,3620221,0.0,0.0
2008-02-28,497.30596923828125,506.3897705078125,491.612060546875,502.5302734375,400.67791748046875,5271360,0.0,0.0
2008-02-29,501.8845520019531,501.8845520019531,472.5345764160156,479.6079406738281,382.4014587402344,2779516,0.0,2.0
2008-03-03,479.6079406738281,479.6079406738281,425.5746154785156,444.2999267578125,354.24969482421875,724106,0.0,0.0
2008-03-04,459.5325622558594,459.5325622558594,428.6563720703125,438.0777282714844,349.28857421875,902258,0.0,0.0
2008-03-05,435.84710693359375,444.94561767578125,421.84716796875,426.7192687988281,340.23223876953125,1103723,0.0,0.0
2008-03-07,420.2916259765625,421.2895202636719,388.5936584472656,402.3587951660156,320.8090515136719,1364127,0.0,0.0
2008-03-10,402.0946350097656,409.5495300292969,368.6650390625,385.8641052246094,307.6575012207031,1091501,0.0,0.0
2008-03-11,378.11572265625,413.8346252441406,378.11572265625,408.9331970214844,326.0509948730469,1412667,0.0,0.0
2008-03-12,434.6144104003906,434.6144104003906,393.2896423339844,402.50555419921875,320.92608642578125,1525704,0.0,0.0
2008-03-13,393.2896423339844,397.98565673828125,374.5643615722656,379.2897033691406,302.4156188964844,1296851,0.0,0.0
2008-03-14,382.4888610839844,396.7529602050781,368.0486755371094,391.7341003417969,312.3377685546875,926672,0.0,0.0
2008-03-17,366.8746643066406,381.5496520996094,361.9732360839844,366.6692199707031,292.35302734375,842876,0.0,0.0
2008-03-18,372.7446594238281,390.941650390625,356.3086853027344,384.7488098144531,306.76824951171875,1315798,0.0,0.0
2008-03-19,394.991943359375,402.0946350097656,378.0276794433594,383.2226257324219,305.55145263671875,1236844,0.0,0.0
2008-03-24,385.13037109375,392.11566162109375,366.9333801269531,380.81591796875,303.6324768066406,1436457,0.0,0.0
2008-03-25,388.06536865234375,402.681640625,388.06536865234375,396.43011474609375,316.0820007324219,1085193,0.0,0.0
2008-03-26,395.6376647949219,405.0296325683594,388.1534118652344,399.3944396972656,318.4455871582031,967968,0.0,0.0
2008-03-27,390.941650390625,399.1596374511719,382.87042236328125,392.99615478515625,313.3440246582031,1741306,0.0,0.0
2008-03-28,391.5873718261719,399.1596374511719,386.24566650390625,388.3882141113281,309.6700134277344,1807596,0.0,0.0
2008-03-31,386.8326721191406,387.4196472167969,358.65667724609375,361.82647705078125,288.4918212890625,1021210,0.0,0.0
2008-04-01,375.0926818847656,379.1429748535156,352.31707763671875,358.3925476074219,285.7538757324219,919924,0.0,0.0
2008-04-02,369.6922912597656,378.6146545410156,357.98162841796875,358.421875,285.7772521972656,430797,0.0,0.0
2008-04-03,361.0046691894531,365.9941711425781,342.2793884277344,351.02569580078125,279.880126953125,1084060,0.0,0.0
2008-04-04,352.5225524902344,362.76568603515625,345.15570068359375,350.6441345214844,279.5758972167969,992263,0.0,0.0
2008-04-07,352.19970703125,359.2436828613281,342.2793884277344,344.06976318359375,274.3340759277344,823046,0.0,0.0
2008-04-08,343.9523620605469,350.4386901855469,329.8937072753906,339.5205078125,270.706787109375,1146587,0.0,0.0
2008-04-09,340.459716796875,349.1179504394531,335.2647705078125,347.0340881347656,276.69757080078125,562484,0.0,0.0
2008-04-10,346.3297119140625,357.7174987792969,340.459716796875,351.935546875,280.6055603027344,856821,0.0,0.0
2008-04-11,363.8809814453125,368.63568115234375,352.9040832519531,364.0277404785156,290.2469787597656,823833,0.0,0.0
2008-04-15,363.85162353515625,376.26666259765625,356.89569091796875,373.7425842285156,297.9928283691406,656225,0.0,0.0
2008-04-16,374.50567626953125,381.5496520996094,368.9291687011719,378.08636474609375,301.4562072753906,1053769,0.0,0.0
2008-04-17,383.54547119140625,384.4846496582031,372.7446594238281,378.4092102050781,301.7135925292969,785395,0.0,0.0
2008-04-21,384.4846496582031,395.0506591796875,382.13665771484375,392.6733093261719,313.0867004394531,641935,0.0,0.0
2008-04-22,392.11566162109375,399.74664306640625,387.4196472167969,389.2687072753906,310.3721008300781,377864,0.0,0.0
2008-04-23,395.93115234375,395.93115234375,378.0570068359375,381.7844543457031,304.4046936035156,680603,0.0,0.0
2008-04-24,393.2896423339844,393.2896423339844,375.6796569824219,376.11993408203125,299.8883361816406,1958001,0.0,0.0
2008-04-25,381.5496520996094,384.4846496582031,369.92706298828125,378.08636474609375,301.4562072753906,754251,0.0,0.0
2008-04-28,363.9396667480469,363.9396667480469,318.1537170410156,340.9880065917969,271.87689208984375,9981400,0.0,0.0
2008-04-29,345.9481506347656,347.7384948730469,334.5897216796875,337.73016357421875,269.2793273925781,2449753,0.0,0.0
2008-04-30,341.2228088378906,345.6546630859375,334.5897216796875,335.6756591796875,267.6412048339844,2476491,0.0,0.0
2008-05-02,337.52471923828125,345.15570068359375,337.52471923828125,339.3150634765625,270.5429992675781,751511,0.0,0.0
2008-05-05,341.04669189453125,346.3297119140625,338.7280578613281,344.510009765625,274.6850280761719,1191638,0.0,0.0
2008-05-06,345.7427062988281,346.3297119140625,341.3402099609375,342.19134521484375,272.8363342285156,866508,0.0,0.0
2008-05-07,342.2793884277344,345.7427062988281,337.5540466308594,342.66094970703125,273.2107238769531,555032,0.0,0.0
2008-05-08,342.7489929199219,345.0676574707031,337.52471923828125,343.7762451171875,274.0999755859375,738060,0.0,0.0
2008-05-09,345.15570068359375,352.1409912109375,339.3737487792969,342.19134521484375,272.8363342285156,784528,0.0,0.0
2008-05-12,344.5686950683594,344.5686950683594,326.430419921875,334.03204345703125,266.33074951171875,691225,0.0,0.0
2008-05-13,339.5791931152344,339.5791931152344,331.0677185058594,332.4471740722656,265.06707763671875,846910,0.0,0.0
2008-05-14,332.8287048339844,347.5036926269531,330.480712890625,343.9230041503906,274.217041015625,1065919,0.0,0.0
2008-05-15,342.631591796875,349.8516845703125,334.6484069824219,347.0047607421875,276.6741027832031,918442,0.0,0.0
2008-05-16,349.26470947265625,351.6127014160156,338.9041442871094,341.8684997558594,272.578857421875,654010,0.0,0.0
2008-05-20,343.39471435546875,343.39471435546875,337.52471923828125,341.51629638671875,272.2981262207031,473937,0.0,0.0
2008-05-21,337.3779602050781,347.44500732421875,336.4974670410156,345.0676574707031,275.1296691894531,455952,0.0,0.0
2008-05-22,342.8077087402344,348.6777038574219,338.1116943359375,342.92510986328125,273.4213562011719,486976,0.0,0.0
2008-05-23,345.15570068359375,345.83074951171875,340.459716796875,345.0676574707031,275.1296691894531,829080,0.0,0.0
2008-05-26,343.2185974121094,345.6839904785156,336.967041015625,340.4010009765625,271.4088439941406,521276,0.0,0.0
2008-05-27,342.220703125,345.15570068359375,336.52679443359375,341.3988952636719,272.2044372558594,911692,0.0,0.0
2008-05-28,338.6986999511719,343.1011962890625,336.3507080078125,337.9649658203125,269.4665222167969,1423488,0.0,0.0
2008-05-29,341.6336975097656,341.6336975097656,326.1075744628906,329.98175048828125,263.1013488769531,787370,0.0,0.0
2008-05-30,334.531005859375,336.8789978027344,323.1725769042969,328.48492431640625,261.90789794921875,1499536,0.0,0.0
2008-06-02,328.7197265625,333.41571044921875,320.501708984375,324.1998291015625,258.4913330078125,333335,0.0,0.0
2008-06-03,318.74072265625,332.24169921875,308.17474365234375,316.7742614746094,252.57078552246094,479635,0.0,0.0
2008-06-04,319.91473388671875,322.8497314453125,299.3697509765625,302.24603271484375,240.9871368408203,536850,0.0,0.0
2008-06-05,302.4221496582031,309.93572998046875,299.3990783691406,303.0384826660156,241.61892700195312,1098772,0.0,0.0
2008-06-06,308.17474365234375,309.3487243652344,301.1307373046875,305.7973937988281,243.81871032714844,388688,0.0,0.0
2008-06-09,282.34674072265625,299.95672607421875,282.34674072265625,293.26495361328125,233.82627868652344,736176,0.0,0.0
2008-06-10,296.43475341796875,296.43475341796875,284.870849609375,288.89178466796875,230.33944702148438,672763,0.0,0.0
2008-06-11,290.56475830078125,293.3823547363281,279.470458984375,281.759765625,224.6529541015625,1013552,0.0,0.0
2008-06-12,276.79962158203125,288.8037414550781,251.05967712402344,281.99456787109375,224.84019470214844,501022,0.0,0.0
2008-06-13,282.4934997558594,286.9840393066406,275.8897705078125,276.4180603027344,220.3939208984375,324376,0.0,0.0
2008-06-16,279.4117431640625,291.0930480957031,278.82476806640625,285.7513427734375,227.8355255126953,646622,0.0,0.0
2008-06-17,287.6297607421875,292.32574462890625,282.9924621582031,289.9190368652344,231.1585235595703,488525,0.0,0.0
2008-06-18,287.6590881347656,298.19573974609375,285.8687438964844,288.48089599609375,230.01185607910156,610911,0.0,0.0
2008-06-19,291.0930480957031,294.08673095703125,277.0637512207031,278.3844909667969,221.9617919921875,322754,0.0,0.0
2008-06-20,279.4117431640625,283.520751953125,260.2462158203125,264.6487121582031,211.0099639892578,578145,0.0,0.0
2008-06-23,259.4537658691406,262.7996826171875,252.40977478027344,256.9883728027344,204.90220642089844,480184,0.0,0.0
2008-06-24,257.6927795410156,263.5040588378906,238.175048828125,243.31129455566406,193.99720764160156,423371,0.0,0.0
2008-06-25,235.76834106445312,257.0470886230469,233.62579345703125,252.76197814941406,201.5324249267578,989552,0.0,0.0
2008-06-26,252.76197814941406,268.84576416015625,245.2190399169922,256.254638671875,204.3171844482422,996648,0.0,0.0
2008-06-27,248.88778686523438,252.9967803955078,237.79348754882812,241.16873168945312,192.2888946533203,1187023,0.0,0.0
2008-06-30,235.3867950439453,243.01779174804688,220.1248016357422,226.6698455810547,180.72862243652344,518770,0.0,0.0
2008-07-01,223.05979919433594,228.87109375,212.61122131347656,218.83340454101562,174.48046875,468976,0.0,0.0
2008-07-02,218.83340454101562,240.66978454589844,211.40786743164062,237.26519775390625,189.17654418945312,569291,0.0,0.0
2008-07-03,236.560791015625,237.14779663085938,220.71180725097656,226.20025634765625,180.35421752929688,488686,0.0,0.0
2008-07-04,227.75579833984375,268.84576416015625,224.26315307617188,251.4705810546875,200.50279235839844,1946984,0.0,0.0
2008-07-07,252.40977478027344,282.9337463378906,252.40977478027344,267.46630859375,213.25650024414062,2071645,0.0,0.0
2008-07-08,258.27978515625,278.0616455078125,251.61732482910156,269.6382141113281,214.9882049560547,1045707,0.0,0.0
2008-07-09,277.6507568359375,292.82470703125,274.8331604003906,284.606689453125,226.9228515625,744608,0.0,0.0
2008-07-10,286.45574951171875,290.50604248046875,278.82476806640625,282.434814453125,225.19119262695312,592724,0.0,0.0
2008-07-11,281.759765625,291.7387390136719,270.1371765136719,276.8583068847656,220.7449188232422,1338328,0.0,0.0
2008-07-14,271.1937561035156,284.4012451171875,267.08477783203125,279.70526123046875,223.014892578125,581618,0.0,0.0
2008-07-15,278.76605224609375,278.76605224609375,255.3447723388672,262.2420349121094,209.09107971191406,433310,0.0,0.0
2008-07-16,262.2420349121094,264.0323791503906,249.53347778320312,253.05548095703125,201.7664031982422,540218,0.0,0.0
2008-07-17,261.21478271484375,279.9987487792969,255.990478515625,275.3614501953125,219.5514373779297,606228,0.0,0.0
2008-07-18,278.82476806640625,282.9337463378906,267.2021789550781,276.79962158203125,220.69813537597656,886620,0.0,0.0
2008-07-21,277.0637512207031,288.68634033203125,273.30694580078125,284.3132019042969,226.68885803222656,894312,0.0,0.0
2008-07-22,285.28173828125,297.6380920410156,285.28173828125,293.3529968261719,233.89646911621094,1278851,0.0,0.0
2008-07-23,308.17474365234375,329.8937072753906,308.17474365234375,326.6358642578125,260.43359375,1798141,0.0,0.0
2008-07-24,325.1977233886719,332.24169921875,310.3172912597656,322.1746826171875,256.8765869140625,1181605,0.0,0.0
2008-07-25,308.17474365234375,331.3612060546875,300.5437316894531,324.11175537109375,258.421142578125,1340568,0.0,0.0
2008-07-28,325.78472900390625,333.41571044921875,318.7994079589844,321.26483154296875,256.1512145996094,711736,0.0,0.0
2008-07-29,312.2837219238281,319.2690124511719,295.8477478027344,301.2187805175781,240.16806030273438,729792,0.0,0.0
2008-07-30,305.82672119140625,313.4577331542969,287.6590881347656,307.5583801269531,245.22267150878906,1504018,0.0,0.0
2008-07-31,308.8204345703125,322.8497314453125,308.4682312011719,321.47027587890625,256.31500244140625,1607004,0.0,0.0
2008-08-01,314.04473876953125,341.6336975097656,314.04473876953125,337.6127624511719,269.1857604980469,869794,0.0,0.0
2008-08-04,343.39471435546875,350.96697998046875,334.5897216796875,341.3402099609375,272.15765380859375,1107108,0.0,0.0
2008-08-05,334.5897216796875,345.09698486328125,330.480712890625,341.6630554199219,272.4150390625,1189500,0.0,0.0
2008-08-06,352.19970703125,352.19970703125,324.0824279785156,329.2186584472656,262.4929504394531,1224651,0.0,0.0
2008-08-07,345.0382995605469,345.0382995605469,322.8497314453125,330.65679931640625,263.63958740234375,696297,0.0,0.0
2008-08-08,328.1327209472656,330.480712890625,317.0677795410156,319.65057373046875,254.8641357421875,1297006,0.0,0.0
2008-08-11,316.979736328125,330.480712890625,316.979736328125,329.0132141113281,262.3291015625,547405,0.0,0.0
2008-08-12,330.480712890625,341.281494140625,327.10546875,334.50164794921875,266.7052001953125,1256914,0.0,0.0
2008-08-13,331.65472412109375,332.8287048339844,322.2627258300781,326.430419921875,260.2698669433594,600208,0.0,0.0
2008-08-14,320.501708984375,331.0090026855469,312.43048095703125,327.2228698730469,260.90167236328125,530683,0.0,0.0
2008-08-18,324.0237121582031,331.0677185058594,309.7596435546875,318.77008056640625,254.16207885742188,310993,0.0,0.0
2008-08-19,316.979736328125,326.9000244140625,315.80572509765625,323.9356689453125,258.2806396484375,376984,0.0,0.0
2008-08-20,331.65472412109375,331.65472412109375,322.9671325683594,329.36541748046875,262.6099548339844,230274,0.0,0.0
2008-08-21,331.65472412109375,331.65472412109375,319.9734191894531,324.4639587402344,258.70196533203125,325047,0.0,0.0
2008-08-22,322.8497314453125,329.30670166015625,318.56463623046875,325.31512451171875,259.380615234375,380417,0.0,0.0
2008-08-25,328.2501220703125,341.57501220703125,314.0740661621094,326.9880676269531,260.7144775390625,214926,0.0,0.0
2008-08-26,325.78472900390625,330.1872253417969,324.0824279785156,328.2794494628906,261.7441101074219,197604,0.0,0.0
2008-08-27,331.0677185058594,331.0677185058594,325.080322265625,327.36962890625,261.0186462402344,291657,0.0,0.0
2008-08-28,340.3423156738281,340.3423156738281,311.8434753417969,315.6883239746094,251.70486450195312,672443,0.0,0.0
2008-08-29,322.8497314453125,326.9000244140625,318.8874816894531,321.705078125,256.502197265625,735225,0.0,0.0
2008-09-01,331.59600830078125,331.59600830078125,313.0174865722656,315.365478515625,251.44747924804688,438436,0.0,0.0
2008-09-02,315.2774353027344,335.47021484375,314.04473876953125,333.35699462890625,265.79248046875,757745,0.0,0.0
2008-09-04,333.88531494140625,333.88531494140625,323.5834655761719,325.8434143066406,259.8017883300781,335209,0.0,0.0
2008-09-05,319.91473388671875,324.0237121582031,316.979736328125,321.2941589355469,256.1745300292969,447652,0.0,0.0
2008-09-08,347.38629150390625,347.38629150390625,321.67572021484375,323.5834655761719,257.9998779296875,1474922,0.0,0.0
2008-09-09,330.8916015625,330.8916015625,320.0321350097656,321.9692077636719,256.71282958984375,582046,0.0,0.0
2008-09-10,308.17474365234375,322.7323303222656,308.17474365234375,318.30047607421875,253.7876434326172,558630,0.0,0.0
2008-09-11,327.1935119628906,327.1935119628906,311.8141174316406,314.0740661621094,250.4178009033203,635702,0.0,0.0
2008-09-12,321.67572021484375,321.67572021484375,303.12652587890625,305.2984313964844,243.42079162597656,1694098,0.0,0.0
2008-09-15,299.95672607421875,302.24603271484375,275.8897705078125,293.5877990722656,234.08372497558594,1192237,0.0,0.0
2008-09-16,287.6297607421875,290.56475830078125,273.2482604980469,280.17486572265625,223.38929748535156,669310,0.0,0.0
2008-09-17,290.2125549316406,290.2125549316406,276.09521484375,281.6130065917969,224.5359344482422,641436,0.0,0.0
2008-09-18,270.0784606933594,296.3173522949219,259.4537658691406,289.0091857910156,230.4331512451172,718693,0.0,0.0
2008-09-19,295.08465576171875,306.4137268066406,287.80584716796875,297.7554931640625,237.4066925048828,1421602,0.0,0.0
2008-09-22,301.8938293457031,305.23974609375,278.82476806640625,287.306884765625,229.07577514648438,976135,0.0,0.0
2008-09-23,282.34674072265625,292.9127502441406,278.97149658203125,283.02178955078125,225.65914916992188,1136367,0.0,0.0
2008-09-24,277.18115234375,291.0343322753906,277.18115234375,285.7513427734375,227.8355255126953,596124,0.0,0.0
2008-09-25,287.4536437988281,287.4536437988281,264.1791076660156,267.73046875,213.46710205078125,1186234,0.0,0.0
2008-09-26,259.80596923828125,270.019775390625,247.8018341064453,251.35317993164062,200.40916442871094,915048,0.0,0.0
2008-09-29,252.46847534179688,257.6927795410156,213.080810546875,243.7515411376953,194.34820556640625,2468600,0.0,0.0
2008-09-30,245.18968200683594,245.18968200683594,217.18980407714844,234.27149963378906,186.78958129882812,1622609,0.0,0.0
2008-10-01,234.27149963378906,245.36578369140625,228.34280395507812,235.24005126953125,187.5618133544922,1090767,0.0,0.0
2008-10-03,240.66978454589844,243.51673889160156,230.3972930908203,232.92140197753906,185.71310424804688,715857,0.0,0.0
2008-10-06,228.92979431152344,229.5167999267578,217.24850463867188,226.02415466308594,180.21376037597656,562669,0.0,0.0
2008-10-07,230.1038055419922,234.21279907226562,203.21922302246094,210.29257202148438,167.67062377929688,1136980,0.0,0.0
2008-10-08,206.0368194580078,206.0368194580078,187.3702392578125,192.41842651367188,153.4192352294922,1359703,0.0,0.0
2008-10-10,177.2738494873047,196.29263305664062,164.41854858398438,174.33885192871094,139.0040283203125,1781756,0.0,0.0
2008-10-13,176.099853515625,190.7748260498047,176.099853515625,185.7559814453125,148.1071319580078,1332111,0.0,0.0
2008-10-14,193.70982360839844,204.09971618652344,173.1648406982422,185.0809326171875,147.5688934326172,1175924,0.0,0.0
2008-10-15,183.26124572753906,186.54843139648438,173.75184631347656,178.91744995117188,142.65463256835938,780661,0.0,0.0
2008-10-16,170.6407470703125,178.9761505126953,152.619873046875,174.3094940185547,138.98060607910156,1265064,0.0,0.0
2008-10-17,176.099853515625,183.7308349609375,153.7938690185547,157.5506591796875,125.61843872070312,1259450,0.0,0.0
2008-10-20,164.9468536376953,170.2298583984375,153.2068634033203,166.03280639648438,132.38140869140625,650176,0.0,0.0
2008-10-21,170.02439880371094,183.1438446044922,165.59255981445312,179.91534423828125,143.4502410888672,1331335,0.0,0.0
2008-10-22,161.42486572265625,179.0348358154297,161.42486572265625,172.51914978027344,137.55313110351562,693281,0.0,0.0
2008-10-23,170.2298583984375,176.04115295410156,164.35986328125,165.85670471191406,132.24102783203125,761777,0.0,0.0
2008-10-24,161.42486572265625,164.88815307617188,145.57586669921875,155.2320098876953,123.76973724365234,968028,0.0,0.0
2008-10-27,152.619873046875,155.4961700439453,120.9805908203125,152.23831176757812,121.38278198242188,1207902,0.0,0.0
2008-10-29,170.28854370117188,175.48348999023438,146.7498779296875,150.6240692138672,120.095703125,1556774,0.0,0.0
2008-10-31,152.70791625976562,170.17115783691406,148.39346313476562,155.40811157226562,123.91014099121094,2612429,0.0,0.0
2008-11-03,149.8316192626953,177.86083984375,149.8316192626953,167.58834838867188,133.6217041015625,1520977,0.0,0.0
2008-11-04,159.0768585205078,190.18783569335938,159.0768585205078,187.83982849121094,149.7686309814453,1960107,0.0,0.0
2008-11-05,193.70982360839844,197.99493408203125,180.7371368408203,186.9886932373047,149.09005737304688,1413493,0.0,0.0
2008-11-06,176.099853515625,187.25283813476562,172.57785034179688,176.2172393798828,140.501708984375,850481,0.0,0.0
2008-11-07,183.1438446044922,183.1438446044922,172.0789031982422,173.7812042236328,138.55938720703125,951079,0.0,0.0
2008-11-10,176.099853515625,191.65533447265625,174.92584228515625,189.74758911132812,151.2897186279297,2153555,0.0,0.0
2008-11-11,186.48973083496094,190.12913513183594,179.12289428710938,182.5568389892578,145.556396484375,787450,0.0,0.0
2008-11-12,179.0348358154297,190.68678283691406,177.97824096679688,180.03274536132812,143.5438690185547,1736127,0.0,0.0
2008-11-14,190.3639373779297,190.3639373779297,171.9908447265625,173.45834350585938,138.3019561767578,824264,0.0,0.0
2008-11-17,176.6868438720703,179.62184143066406,161.24876403808594,165.56320190429688,132.0070037841797,1048786,0.0,0.0
2008-11-18,164.35986328125,165.5338592529297,155.64291381835938,159.13555908203125,126.88211822509766,909726,0.0,0.0
2008-11-19,146.83792114257812,167.00135803222656,146.83792114257812,153.76451110839844,122.59967041015625,714380,0.0,0.0
2008-11-20,149.09786987304688,161.42486572265625,143.90292358398438,158.6072540283203,126.46086120605469,767285,0.0,0.0
2008-11-21,154.61566162109375,165.2403564453125,154.61566162109375,161.80641174316406,129.01162719726562,1746652,0.0,0.0
2008-11-24,175.51284790039062,175.51284790039062,156.31796264648438,165.76866149902344,132.1708221435547,772094,0.0,0.0
2008-11-25,167.2948455810547,175.16064453125,155.26136779785156,157.43325805664062,125.52484130859375,1374735,0.0,0.0
2008-11-26,153.2068634033203,163.77285766601562,128.14198303222656,131.48788452148438,104.8380355834961,7302117,0.0,0.0
2008-11-27,131.48788452148438,131.48788452148438,131.48788452148438,131.48788452148438,104.8380355834961,0,0.0,0.0
2008-11-28,129.139892578125,135.0098876953125,124.85478973388672,131.63462829589844,104.95503997802734,3245268,0.0,0.0
2008-12-01,132.66188049316406,134.98052978515625,129.49208068847656,131.4585418701172,104.81465148925781,1667953,0.0,0.0
2008-12-02,127.02668762207031,132.8966827392578,124.91349029541016,129.28663635253906,103.08293151855469,1348084,0.0,0.0
2008-12-03,130.90087890625,133.190185546875,127.90718841552734,132.10423278808594,105.3294677734375,806373,0.0,0.0
2008-12-04,132.95538330078125,137.65138244628906,131.22373962402344,135.890380859375,108.3482437133789,1216466,0.0,0.0
2008-12-05,136.7708740234375,141.4668731689453,135.0392303466797,136.00778198242188,108.44186401367188,808917,0.0,0.0
2008-12-08,140.7918243408203,146.04547119140625,137.35787963867188,141.0853271484375,112.4902572631836,1179566,0.0,0.0
2008-12-10,143.22787475585938,146.60311889648438,138.03292846679688,145.28237915039062,115.83667755126953,1549762,0.0,0.0
2008-12-11,145.86936950683594,146.4563751220703,142.34738159179688,145.48782348632812,116.00049591064453,1348825,0.0,0.0
2008-12-12,143.81488037109375,143.81488037109375,138.0035858154297,140.96792602539062,112.39669036865234,1205196,0.0,0.0
2008-12-15,143.81488037109375,159.48776245117188,143.22787475585938,157.19845581054688,125.33763885498047,1487485,0.0,0.0
2008-12-16,155.55487060546875,166.120849609375,155.55487060546875,163.684814453125,130.5093231201172,1936655,0.0,0.0
2008-12-17,167.2948455810547,167.2948455810547,158.43116760253906,162.74560546875,129.76046752929688,1658149,0.0,0.0
2008-12-18,159.3997039794922,169.5841522216797,159.3997039794922,165.38710021972656,131.86659240722656,1243936,0.0,0.0
2008-12-19,160.45631408691406,170.17115783691406,160.45631408691406,166.7665557861328,132.96644592285156,672509,0.0,0.0
2008-12-22,164.97621154785156,172.60719299316406,159.8399658203125,166.85459899902344,133.03663635253906,1034917,0.0,0.0
2008-12-23,166.120849609375,166.53175354003906,162.89236450195312,163.94895935058594,130.71995544433594,688555,0.0,0.0
2008-12-24,162.89236450195312,163.77285766601562,156.78756713867188,160.6911163330078,128.1223907470703,1794941,0.0,0.0
2008-12-26,162.01185607910156,163.18585205078125,153.2068634033203,157.9322052001953,125.92265319824219,638414,0.0,0.0
2008-12-29,157.8441619873047,161.42486572265625,151.73936462402344,159.3997039794922,127.09272766113281,542715,0.0,0.0
2008-12-30,167.17745971679688,167.17745971679688,156.81690979003906,163.8022003173828,130.60293579101562,670157,0.0,0.0
2008-12-31,165.5338592529297,170.69944763183594,162.62820434570312,168.4394989013672,134.3003387451172,889479,0.0,0.0
2009-01-02,173.1061553955078,180.67843627929688,168.49819946289062,176.5107421875,140.73570251464844,1109529,0.0,0.0
2009-01-05,179.0348358154297,180.7371368408203,173.1648406982422,178.27174377441406,142.13978576660156,552317,0.0,0.0
2009-01-06,177.2738494873047,186.34298706054688,174.72039794921875,183.3492889404297,146.188232421875,1281283,0.0,0.0
2009-01-07,181.500244140625,188.7203369140625,167.35354614257812,174.9845428466797,139.5188446044922,1345938,0.0,0.0
2009-01-09,172.57785034179688,172.57785034179688,144.40187072753906,153.3242645263672,122.2486572265625,1517474,0.0,0.0
2009-01-12,153.7938690185547,178.21304321289062,138.53187561035156,139.0601806640625,110.87560272216797,1721185,0.0,0.0
2009-01-13,138.53187561035156,139.6471710205078,121.1273422241211,123.09379577636719,98.14527130126953,3532796,0.0,0.0
2009-01-14,125.85269165039062,134.68702697753906,124.44389343261719,132.98472595214844,108.68022155761719,3047074,3.0,0.0
2009-01-15,127.37889099121094,128.40614318847656,119.30764770507812,123.3285903930664,100.78885650634766,2461334,0.0,0.0
2009-01-16,125.03089141845703,127.90718841552734,124.44389343261719,126.175537109375,103.11548614501953,799239,0.0,0.0
2009-01-19,127.37889099121094,130.90087890625,123.26988983154297,128.40614318847656,104.93843078613281,1402672,0.0,0.0
2009-01-20,123.88623809814453,128.55288696289062,120.71644592285156,121.86109161376953,99.58955383300781,1616003,0.0,0.0
2009-01-21,117.39989471435547,124.73738861083984,115.110595703125,117.31184387207031,95.87174987792969,1921531,0.0,0.0
2009-01-22,119.74789428710938,120.33489227294922,113.93659973144531,115.4334487915039,94.33663177490234,1223500,0.0,0.0
2009-01-23,115.66825103759766,116.51940155029297,109.3873519897461,110.26785278320312,90.1151351928711,822148,0.0,0.0
2009-01-27,113.78984832763672,117.34119415283203,110.94290161132812,115.81499481201172,94.64846801757812,854516,0.0,0.0
2009-01-28,117.39989471435547,120.92189025878906,116.43135070800781,119.98269653320312,98.05447387695312,977948,0.0,0.0
2009-01-29,121.50889587402344,122.97639465332031,113.29090118408203,115.60955047607422,94.48056030273438,1408037,0.0,0.0
2009-01-30,114.17140197753906,126.20488739013672,111.82340240478516,121.1273422241211,98.98991394042969,2563532,0.0,0.0
2009-02-02,116.69549560546875,120.92189025878906,115.22799682617188,118.22169494628906,96.61531829833984,1531756,0.0,0.0
2009-02-03,120.27619171142578,120.33489227294922,113.58439636230469,116.19654846191406,94.96028900146484,1471205,0.0,0.0
2009-02-04,119.16089630126953,119.6304931640625,115.2573471069336,116.63679504394531,95.32006072998047,704271,0.0,0.0
2009-02-05,116.69549560546875,120.80449676513672,114.69969940185547,119.83594512939453,97.93453216552734,886418,0.0,0.0
2009-02-06,119.68919372558594,122.21329498291016,116.2552490234375,117.6053466796875,96.11160278320312,1771498,0.0,0.0
2009-02-09,118.86739349365234,121.91979217529297,116.28459930419922,119.2782974243164,97.47879028320312,1114026,0.0,0.0
2009-02-10,120.33489227294922,124.91349029541016,118.4271469116211,121.24474334716797,99.08586120605469,2511177,0.0,0.0
2009-02-11,118.04559326171875,132.07489013671875,117.63469696044922,129.93234252929688,106.18569946289062,2495697,0.0,0.0
2009-02-12,131.48788452148438,134.95118713378906,130.34323120117188,132.83798217773438,108.560302734375,2122707,0.0,0.0
2009-02-13,135.0098876953125,138.7666778564453,131.78138732910156,137.18177795410156,112.11022186279297,2094216,0.0,0.0
2009-02-16,137.35787963867188,137.35787963867188,127.46693420410156,129.96168518066406,106.20968627929688,1357004,0.0,0.0
2009-02-17,127.37889099121094,131.4585418701172,123.85688781738281,129.1692352294922,105.56206512451172,1557238,0.0,0.0
2009-02-18,127.37889099121094,132.0161895751953,126.20488739013672,127.9952392578125,104.60261535644531,1112983,0.0,0.0
2009-02-19,129.139892578125,134.89248657226562,126.93863677978516,132.28033447265625,108.10455322265625,1040304,0.0,0.0
2009-02-20,131.42918395996094,133.07278442382812,124.76673889160156,130.78347778320312,106.88128662109375,1458589,0.0,0.0
2009-02-24,127.26148986816406,132.0161895751953,125.73529052734375,129.75624084472656,106.04178619384766,821636,0.0,0.0
2009-02-25,131.7520294189453,135.53817749023438,129.75624084472656,135.0098876953125,110.33527374267578,1246181,0.0,0.0
2009-02-26,135.0098876953125,137.7100830078125,129.81494140625,130.75413513183594,106.85730743408203,1964698,0.0,0.0
2009-02-27,128.55288696289062,130.3138885498047,124.64933776855469,127.87783813476562,104.50668334960938,1164104,0.0,0.0
2009-03-02,125.61788940429688,129.66818237304688,122.18394470214844,123.97428894042969,101.31653594970703,958861,0.0,0.0
2009-03-03,124.44389343261719,126.175537109375,119.16089630126953,120.51099395751953,98.48621368408203,1076128,0.0,0.0
2009-03-04,121.39149475097656,123.24053955078125,119.36634826660156,120.27619171142578,98.29432678222656,1060733,0.0,0.0
2009-03-05,122.44808959960938,122.74159240722656,114.87580108642578,115.78564453125,94.62445831298828,1414008,0.0,0.0
2009-03-06,114.46489715576172,118.25104522705078,112.82130432128906,117.34119415283203,95.89572143554688,720561,0.0,0.0
2009-03-09,115.63890075683594,116.75419616699219,112.23429870605469,113.34960174560547,92.63365173339844,661387,0.0,0.0
2009-03-12,113.6137466430664,117.37054443359375,113.6137466430664,116.2552490234375,95.00826263427734,706346,0.0,0.0
2009-03-13,117.39989471435547,124.56129455566406,117.39989471435547,123.8275375366211,101.19660949707031,818912,0.0,0.0
2009-03-16,126.61579132080078,128.72898864746094,123.26988983154297,127.6723861694336,104.33878326416016,852169,0.0,0.0
2009-03-17,129.02249145507812,130.28453063964844,125.08959197998047,127.58433532714844,104.2668228149414,923845,0.0,0.0
2009-03-18,128.43548583984375,134.95118713378906,128.43548583984375,130.90087890625,106.97721862792969,1306108,0.0,0.0
2009-03-19,132.66188049316406,135.56753540039062,128.55288696289062,131.95748901367188,107.84073638916016,941614,0.0,0.0
2009-03-20,132.07489013671875,132.07489013671875,127.43759155273438,128.875732421875,105.32218933105469,740767,0.0,0.0
2009-03-23,131.42918395996094,132.66188049316406,129.139892578125,131.48788452148438,107.45694732666016,834775,0.0,0.0
2009-03-24,133.7771759033203,142.31802368164062,132.66188049316406,139.61782836914062,114.1010513305664,2352889,0.0,0.0
2009-03-25,140.52767944335938,146.04547119140625,138.64927673339844,140.61572265625,114.91658782958984,2690980,0.0,0.0
2009-03-26,142.34738159179688,156.14186096191406,136.82957458496094,147.8064727783203,120.7931137084961,2644770,0.0,0.0
2009-03-27,147.9238739013672,152.619873046875,144.7540740966797,147.3368682861328,120.40935516357422,1536626,0.0,0.0
2009-03-30,145.72262573242188,146.7498779296875,140.4102783203125,144.10836791992188,117.7708969116211,1031258,0.0,0.0
2009-03-31,144.98887634277344,161.30746459960938,144.02032470703125,157.3745574951172,128.61253356933594,2760857,0.0,0.0
2009-04-01,159.6638641357422,159.92800903320312,149.68487548828125,151.2991180419922,123.64746856689453,1639040,0.0,0.0
2009-04-02,154.96786499023438,163.00975036621094,152.79595947265625,159.6638641357422,130.48342895507812,1702062,0.0,0.0
2009-04-06,163.1271514892578,163.74349975585938,155.08526611328125,158.3137664794922,129.38009643554688,966697,0.0,0.0
2009-04-08,154.02867126464844,167.2361602783203,151.44586181640625,165.65126037597656,135.37657165527344,1535500,0.0,0.0
2009-04-09,167.2948455810547,174.2801513671875,165.82736206054688,168.26339721679688,137.51132202148438,1202118,0.0,0.0
2009-04-13,167.88185119628906,172.46044921875,163.83155822753906,166.00344848632812,135.6643829345703,1164622,0.0,0.0
2009-04-15,164.35986328125,181.0012969970703,158.5192108154297,178.38914489746094,145.78646850585938,3108622,0.0,0.0
2009-04-16,182.850341796875,189.4247283935547,170.2592010498047,176.92164611816406,144.587158203125,4035637,0.0,0.0
2009-04-17,176.6868438720703,184.61134338378906,173.25289916992188,175.86505126953125,143.72364807128906,1183345,0.0,0.0
2009-04-20,174.92584228515625,194.00332641601562,173.22354125976562,188.3387908935547,153.91766357421875,3707297,0.0,0.0
2009-04-21,184.9048309326172,187.5463409423828,176.77490234375,178.91744995117188,146.21824645996094,2087415,0.0,0.0
2009-04-22,182.5568389892578,184.17108154296875,170.2298583984375,173.66380310058594,141.92474365234375,1348437,0.0,0.0
2009-04-23,174.92584228515625,181.55894470214844,170.31790161132812,179.5044403076172,146.6979217529297,1251837,0.0,0.0
2009-04-24,180.8545379638672,184.25914001464844,174.92584228515625,180.88389587402344,147.8252716064453,916251,0.0,0.0
2009-04-27,180.79583740234375,183.0264434814453,173.86924743652344,179.53379821777344,146.721923828125,1326461,0.0,0.0
2009-04-28,184.78744506835938,184.78744506835938,170.28854370117188,172.6365509033203,141.08522033691406,899670,0.0,0.0
2009-04-29,170.4646453857422,183.61343383789062,170.435302734375,180.8545379638672,147.80126953125,1165299,0.0,0.0
2009-04-30,182.61553955078125,182.61553955078125,182.61553955078125,182.61553955078125,149.2404022216797,0,0.0,0.0
2009-05-04,184.9048309326172,200.1668243408203,184.9048309326172,197.61337280273438,161.49722290039062,2021167,0.0,0.0
2009-05-05,204.27581787109375,204.27581787109375,190.3639373779297,191.47923278808594,156.48419189453125,1425006,0.0,0.0
2009-05-06,193.70982360839844,205.91941833496094,191.4205322265625,195.265380859375,159.578369140625,2357593,0.0,0.0
2009-05-07,197.3198699951172,201.57562255859375,196.70352172851562,198.8167266845703,162.48065185546875,1093610,0.0,0.0
2009-05-08,199.84397888183594,202.16262817382812,192.24232482910156,196.85028076171875,160.8736114501953,1043672,0.0,0.0
2009-05-11,199.57981872558594,200.6364288330078,187.01803588867188,190.62808227539062,155.78855895996094,894118,0.0,0.0
2009-05-12,190.18783569335938,193.38697814941406,184.3765411376953,190.48133850097656,155.66864013671875,1792863,0.0,0.0
2009-05-13,188.4268341064453,199.55047607421875,185.66793823242188,193.38697814941406,158.04327392578125,1198777,0.0,0.0
2009-05-14,186.13754272460938,204.5106201171875,184.96353149414062,201.75172424316406,164.8792724609375,2022350,0.0,0.0
2009-05-15,210.14581298828125,219.21495056152344,203.10182189941406,215.66360473632812,176.24856567382812,2391618,0.0,0.0
2009-05-18,258.27978515625,258.27978515625,237.23583984375,250.17918395996094,204.45603942871094,9252,0.0,0.0
2009-05-19,272.95477294921875,285.1936950683594,234.79978942871094,268.9925231933594,219.83099365234375,2891038,0.0,0.0
2009-05-20,264.1497802734375,292.32574462890625,256.8122863769531,283.4033508300781,231.60809326171875,1731936,0.0,0.0
2009-05-21,283.931640625,289.3907470703125,268.5522766113281,271.07635498046875,221.53402709960938,1229033,0.0,0.0
2009-05-22,267.08477783203125,271.7220764160156,258.86676025390625,267.4076232910156,218.53579711914062,1121670,0.0,0.0
2009-05-25,270.019775390625,272.3090515136719,254.99258422851562,262.0072326660156,214.1223907470703,1344479,0.0,0.0
2009-05-26,264.1791076660156,268.84576416015625,251.23577880859375,253.6718292236328,207.31036376953125,1032465,0.0,0.0
2009-05-27,260.8625793457031,280.99664306640625,255.990478515625,272.1623229980469,222.42149353027344,901675,0.0,0.0
2009-05-28,267.6717529296875,288.1286926269531,267.6717529296875,281.2314453125,229.8331756591797,2322238,0.0,0.0
2009-05-29,280.6444396972656,295.1433410644531,271.54595947265625,287.5123596191406,234.9661102294922,1227726,0.0,0.0
2009-06-01,293.499755859375,299.3697509765625,283.5794372558594,289.2733459472656,236.40528869628906,1027014,0.0,0.0
2009-06-02,290.56475830078125,296.43475341796875,277.0637512207031,280.2629089355469,229.0415802001953,1015726,0.0,0.0
2009-06-03,281.1727600097656,287.0427551269531,277.0637512207031,283.4033508300781,231.60809326171875,855557,0.0,0.0
2009-06-04,278.82476806640625,294.9672546386719,278.35516357421875,291.4158935546875,238.15626525878906,1043121,0.0,0.0
2009-06-05,304.7701416015625,304.7701416015625,280.1455078125,293.3529968261719,239.7393341064453,1249232,0.0,0.0
2009-06-08,273.0428161621094,294.6737365722656,273.0428161621094,279.7639465332031,228.6338348388672,472358,0.0,0.0
2009-06-09,268.0239562988281,288.5982971191406,268.0239562988281,285.28173828125,233.1431884765625,702051,0.0,0.0
2009-06-10,276.5648193359375,304.06573486328125,276.5648193359375,300.48504638671875,245.56788635253906,1771386,0.0,0.0
2009-06-11,315.9231262207031,315.9231262207031,293.5877990722656,298.5479431152344,243.98486328125,1510817,0.0,0.0
2009-06-12,305.1810302734375,305.1810302734375,280.8792419433594,294.5269775390625,240.69874572753906,1285803,0.0,0.0
2009-06-15,298.0783386230469,298.66534423828125,281.759765625,283.8435974121094,231.96788024902344,1088239,0.0,0.0
2009-06-16,267.75982666015625,290.56475830078125,267.75982666015625,289.7429504394531,236.7890625,796288,0.0,0.0
2009-06-17,281.8478088378906,289.9777526855469,271.1937561035156,273.2482604980469,223.30892944335938,702302,0.0,0.0
2009-06-18,264.2084655761719,278.2084045410156,262.6822814941406,266.38037109375,217.69627380371094,901924,0.0,0.0
2009-06-19,267.08477783203125,278.82476806640625,264.2084655761719,275.5082092285156,225.15589904785156,461824,0.0,0.0
2009-06-22,274.891845703125,280.58575439453125,267.08477783203125,270.7535095214844,221.2701416015625,565175,0.0,0.0
2009-06-23,264.2084655761719,280.11614990234375,262.6822814941406,274.0113525390625,223.9325714111328,763457,0.0,0.0
2009-06-24,276.09521484375,287.18951416015625,269.4327697753906,284.37188720703125,232.39959716796875,1072925,0.0,0.0
2009-06-25,284.69476318359375,287.571044921875,278.82476806640625,280.58575439453125,229.3054656982422,1689398,0.0,0.0
2009-06-26,281.759765625,294.61505126953125,277.6507568359375,292.53118896484375,239.06771850585938,944407,0.0,0.0
2009-06-29,293.4410400390625,299.07623291015625,287.9232482910156,292.0909423828125,238.70787048339844,1134018,0.0,0.0
2009-06-30,294.08673095703125,296.6695556640625,274.71575927734375,276.94635009765625,226.3311767578125,901292,0.0,0.0
2009-07-01,277.0637512207031,289.9190368652344,277.0637512207031,286.1329040527344,233.83885192871094,897179,0.0,0.0
2009-07-02,286.45574951171875,288.8037414550781,277.7681579589844,284.870849609375,232.80743408203125,547409,0.0,0.0
2009-07-03,327.1935119628906,327.1935119628906,282.0532531738281,287.5123596191406,234.9661102294922,770235,0.0,0.0
2009-07-06,288.8037414550781,294.4976501464844,263.1225280761719,269.0218505859375,219.8550262451172,1101854,0.0,0.0
2009-07-07,271.1937561035156,275.18536376953125,260.21685791015625,269.4327697753906,220.19076538085938,810373,0.0,0.0
2009-07-08,261.2441101074219,266.4977722167969,250.17918395996094,253.26092529296875,206.9745635986328,680186,0.0,0.0
2009-07-09,253.58377075195312,255.3447723388672,247.77247619628906,250.4139862060547,204.64794921875,721407,0.0,0.0
2009-07-10,251.23577880859375,258.72003173828125,235.44549560546875,241.0806884765625,197.0203857421875,1135726,0.0,0.0
2009-07-13,235.97378540039062,237.7347869873047,220.71180725097656,226.1415557861328,184.81155395507812,1607406,0.0,0.0
2009-07-14,233.860595703125,240.66978454589844,229.1645965576172,234.3595428466797,191.52761840820312,1119876,0.0,0.0
2009-07-15,240.66978454589844,253.37832641601562,236.0618438720703,250.26722717285156,204.52796936035156,1531088,0.0,0.0
2009-07-16,255.3447723388672,262.3887634277344,246.5691375732422,248.62362670898438,203.18478393554688,733850,0.0,0.0
2009-07-17,252.40977478027344,267.6717529296875,249.6215362548828,265.8520812988281,217.26451110839844,1749570,0.0,0.0
2009-07-20,268.84576416015625,276.8876647949219,265.1770324707031,274.1581115722656,224.05259704589844,864542,0.0,0.0
2009-07-21,274.71575927734375,277.5039978027344,268.8751220703125,272.69061279296875,222.853271484375,521833,0.0,0.0
2009-07-22,273.36566162109375,278.82476806640625,261.3028259277344,271.5166015625,221.89381408691406,940837,0.0,0.0
2009-07-23,274.070068359375,281.759765625,262.97576904296875,276.94635009765625,226.3311767578125,2653828,0.0,0.0
2009-07-24,278.82476806640625,281.759765625,270.841552734375,275.156005859375,224.86802673339844,980166,0.0,0.0
2009-07-27,275.8897705078125,280.58575439453125,271.5753173828125,275.7723693847656,225.37173461914062,433002,0.0,0.0
2009-07-28,276.1539001464844,285.5458984375,274.71575927734375,280.3509521484375,229.1135711669922,1051460,0.0,0.0
2009-07-29,281.5836486816406,286.1622619628906,268.84576416015625,280.4389953613281,229.18551635742188,1003873,0.0,0.0
2009-07-30,280.58575439453125,284.1077575683594,275.3027648925781,279.70526123046875,228.58590698242188,868900,0.0,0.0
2009-07-31,284.69476318359375,289.62554931640625,280.7031555175781,282.7576599121094,231.0804443359375,934919,0.0,0.0
2009-08-03,284.69476318359375,288.1286926269531,278.97149658203125,286.5437927246094,234.17459106445312,662027,0.0,0.0
2009-08-04,287.6884460449219,289.6842346191406,281.759765625,285.0762939453125,232.97528076171875,972992,0.0,0.0
2009-08-05,284.69476318359375,286.9840393066406,276.9170227050781,285.04693603515625,232.95132446289062,1698764,0.0,0.0
2009-08-06,287.6297607421875,294.6737365722656,272.95477294921875,275.59625244140625,225.22787475585938,2041865,0.0,0.0
2009-08-07,275.3027648925781,277.6507568359375,264.1497802734375,266.14556884765625,217.50437927246094,1189464,0.0,0.0
2009-08-10,267.319580078125,270.60675048828125,258.426513671875,261.0093078613281,213.30685424804688,871501,0.0,0.0
2009-08-11,261.21478271484375,269.6088562011719,257.78082275390625,264.12042236328125,215.849365234375,594789,0.0,0.0
2009-08-12,261.62567138671875,264.1497802734375,253.73052978515625,259.9233703613281,212.41937255859375,940988,0.0,0.0
2009-08-13,264.1497802734375,268.5522766113281,261.8017578125,264.4726257324219,216.13720703125,858080,0.0,0.0
2009-08-14,267.02606201171875,272.5438537597656,265.0302734375,266.9086608886719,218.12802124023438,1153474,0.0,0.0
2009-08-17,258.27978515625,263.5627746582031,249.4747772216797,253.3196258544922,207.0225372314453,771222,0.0,0.0
2009-08-18,252.40977478027344,268.84576416015625,246.5691375732422,266.2042541503906,217.55233764648438,975505,0.0,0.0
2009-08-19,269.6088562011719,272.3090515136719,257.5460205078125,258.72003173828125,211.43594360351562,784607,0.0,0.0
2009-08-20,262.3887634277344,268.84576416015625,260.7158203125,265.2357177734375,216.76080322265625,372792,0.0,0.0
2009-08-21,264.1497802734375,274.0993957519531,260.6277770996094,272.86669921875,222.9971160888672,770380,0.0,0.0
2009-08-24,270.019775390625,287.33624267578125,270.019775390625,286.25030517578125,233.93478393554688,1150162,0.0,0.0
2009-08-25,274.30487060546875,289.3907470703125,274.30487060546875,283.6087951660156,231.77603149414062,722506,0.0,0.0
2009-08-26,284.1077575683594,288.8037414550781,283.55010986328125,285.51654052734375,233.3350830078125,535658,0.0,0.0
2009-08-27,286.0155029296875,293.3236389160156,280.2922668457031,290.03643798828125,237.0288848876953,1101854,0.0,0.0
2009-08-28,291.1517333984375,300.8372497558594,290.8582458496094,298.635986328125,244.05682373046875,1272227,0.0,0.0
2009-08-31,294.2041320800781,306.4137268066406,293.5877990722656,303.59613037109375,248.1103973388672,1152322,0.0,0.0
2009-09-01,302.30474853515625,309.93572998046875,294.08673095703125,295.96514892578125,241.87413024902344,793723,0.0,0.0
2009-09-02,295.96514892578125,300.8078918457031,289.9777526855469,291.65069580078125,238.34820556640625,662380,0.0,0.0
2009-09-03,293.6171569824219,297.285888671875,284.69476318359375,286.89599609375,234.46246337890625,407022,0.0,0.0
2009-09-04,291.38653564453125,297.9022521972656,285.72198486328125,296.11187744140625,241.9939727783203,462782,0.0,0.0
2009-09-07,296.43475341796875,311.1097412109375,296.0238342285156,308.4975891113281,252.11605834960938,795341,0.0,0.0
2009-09-08,314.04473876953125,314.04473876953125,301.1307373046875,302.1873474121094,246.95912170410156,590152,0.0,0.0
2009-09-09,306.2082824707031,306.2082824707031,295.8477478027344,297.78485107421875,243.3611602783203,554290,0.0,0.0
2009-09-10,300.6024475097656,313.34033203125,299.4871520996094,308.9671936035156,252.49986267089844,1631066,0.0,0.0
2009-09-11,312.8707275390625,316.979736328125,304.1244201660156,307.5290222167969,251.3245086669922,704048,0.0,0.0
2009-09-14,304.06573486328125,306.4137268066406,301.16009521484375,303.0971984863281,247.70263671875,355814,0.0,0.0
2009-09-15,305.23974609375,314.04473876953125,304.3592224121094,313.076171875,255.85791015625,666704,0.0,0.0
2009-09-16,339.8727111816406,339.8727111816406,314.6317138671875,328.19140625,268.2106628417969,1333377,0.0,0.0
2009-09-17,325.78472900390625,336.9377136230469,314.6317138671875,329.57086181640625,269.33795166015625,1089227,0.0,0.0
2009-09-18,322.8497314453125,331.4786071777344,322.8497314453125,329.30670166015625,269.1220397949219,677958,0.0,0.0
2009-09-22,330.71551513671875,333.9440002441406,326.40106201171875,328.48492431640625,268.4504699707031,548141,0.0,0.0
2009-09-23,322.0279235839844,331.65472412109375,322.0279235839844,326.13690185546875,266.5315246582031,382523,0.0,0.0
2009-09-24,322.8497314453125,335.616943359375,321.0887145996094,329.6882629394531,269.43389892578125,1446786,0.0,0.0
2009-09-25,328.7197265625,334.35491943359375,324.11175537109375,328.45556640625,268.4265441894531,464581,0.0,0.0
2009-09-29,328.7197265625,331.59600830078125,323.1432189941406,325.1390075683594,265.7160949707031,369928,0.0,0.0
2009-09-30,325.78472900390625,329.6002197265625,323.43670654296875,327.0467529296875,267.27520751953125,711329,0.0,0.0
2009-10-01,328.6023254394531,334.5897216796875,325.72601318359375,328.19140625,268.2106628417969,890653,0.0,0.0
2009-10-05,325.78472900390625,331.0090026855469,322.0279235839844,327.2228698730469,267.4190979003906,614699,0.0,0.0
2009-10-06,327.8392028808594,332.1830139160156,320.501708984375,326.13690185546875,266.5315246582031,692712,0.0,0.0
2009-10-07,326.13690185546875,334.5897216796875,324.14111328125,326.2836608886719,266.65155029296875,729796,0.0,0.0
2009-10-08,328.1327209472656,347.7384948730469,327.5750732421875,344.1578063964844,281.25897216796875,2011068,0.0,0.0
2009-10-09,346.3297119140625,355.1346740722656,332.5645446777344,336.1745910644531,274.7348327636719,1897354,0.0,0.0
2009-10-12,335.7637023925781,343.80560302734375,332.505859375,340.57708740234375,278.3326721191406,1324549,0.0,0.0
2009-10-13,340.459716796875,340.459716796875,340.459716796875,340.459716796875,278.23675537109375,0,0.0,0.0
2009-10-14,341.04669189453125,347.44500732421875,341.04669189453125,344.4512939453125,281.49884033203125,522029,0.0,0.0
2009-10-15,347.5036926269531,353.6672058105469,343.39471435546875,348.1787414550781,284.5450439453125,950038,0.0,0.0
2009-10-16,348.1787414550781,350.3800048828125,342.9544372558594,347.2982482910156,283.8254699707031,554865,0.0,0.0
2009-10-20,349.0299072265625,350.3212890625,337.8182067871094,340.7532043457031,278.4765930175781,539538,0.0,0.0
2009-10-21,340.7532043457031,346.03619384765625,337.5834045410156,339.4324645996094,277.3972473144531,408053,0.0,0.0
2009-10-22,339.4324645996094,344.510009765625,329.30670166015625,332.68194580078125,271.8804626464844,439652,0.0,0.0
2009-10-23,335.17669677734375,342.3087463378906,334.76580810546875,340.4890441894531,278.2607116699219,656172,0.0,0.0
2009-10-26,340.459716796875,346.8580017089844,336.99639892578125,344.3926086425781,281.45086669921875,848624,0.0,0.0
2009-10-27,338.6986999511719,342.8077087402344,322.8790588378906,327.36962890625,267.5390625,735092,0.0,0.0
2009-10-28,327.6631164550781,327.6631164550781,316.3927307128906,320.0321350097656,261.54254150390625,503397,0.0,0.0
2009-10-29,316.3927307128906,322.2627258300781,309.46612548828125,312.4891662597656,255.37815856933594,1026327,0.0,0.0
2009-10-30,321.67572021484375,324.4933166503906,297.0804443359375,302.4221496582031,247.15098571777344,635012,0.0,0.0
2009-11-03,300.5437316894531,311.051025390625,284.870849609375,292.560546875,239.09170532226562,682288,0.0,0.0
2009-11-04,294.6737365722656,303.4200439453125,289.3907470703125,299.4577941894531,244.7283935546875,568511,0.0,0.0
2009-11-05,301.7177429199219,307.5877380371094,289.15594482421875,303.6841735839844,248.18235778808594,654819,0.0,0.0
2009-11-06,308.17474365234375,313.751220703125,306.14959716796875,307.4703369140625,251.2765655517578,544066,0.0,0.0
2009-11-09,305.0636291503906,313.8392639160156,305.0636291503906,311.6380310058594,254.6825408935547,502019,0.0,0.0
2009-11-10,316.0992126464844,320.3843078613281,308.2334289550781,310.0237731933594,253.36331176757812,1060273,0.0,0.0
2009-11-11,312.3424377441406,325.1390075683594,309.67156982421875,322.35076904296875,263.43743896484375,740964,0.0,0.0
2009-11-12,318.74072265625,328.48492431640625,318.4472351074219,322.76165771484375,263.7732238769531,654940,0.0,0.0
2009-11-13,323.23126220703125,329.8937072753906,323.23126220703125,327.9859619140625,268.0427551269531,436802,0.0,0.0
2009-11-16,334.0027160644531,339.28570556640625,328.1327209472656,334.94189453125,273.7273864746094,448259,0.0,0.0
2009-11-17,340.3423156738281,340.459716796875,329.9524230957031,334.266845703125,273.1756896972656,454480,0.0,0.0
2009-11-18,334.266845703125,340.1075134277344,330.480712890625,338.0823669433594,276.29388427734375,399807,0.0,0.0
2009-11-19,338.0823669433594,339.5205078125,323.6421813964844,326.2543029785156,266.62750244140625,537271,0.0,0.0
2009-11-20,325.78472900390625,332.24169921875,318.8581237792969,329.9230651855469,269.6258239746094,613756,0.0,0.0
2009-11-23,330.5981140136719,338.0823669433594,330.5981140136719,334.266845703125,273.1756896972656,338068,0.0,0.0
2009-11-24,334.6484069824219,336.9377136230469,326.2249755859375,330.5687561035156,270.15350341796875,407388,0.0,0.0
2009-11-25,326.4891052246094,336.8203125,326.4891052246094,330.5981140136719,270.177490234375,431015,0.0,0.0
2009-11-26,331.9775695800781,336.2919921875,317.8602294921875,321.030029296875,262.35809326171875,852418,0.0,0.0
2009-11-27,308.17474365234375,318.09503173828125,288.8624572753906,305.4745178222656,249.6455535888672,2640027,0.0,0.0
2009-11-30,305.82672119140625,319.3277282714844,305.82672119140625,309.3487243652344,252.81167602539062,819106,0.0,0.0
2009-12-01,311.1097412109375,316.68621826171875,310.0531311035156,315.0426330566406,257.4649658203125,494801,0.0,0.0
2009-12-02,315.2480773925781,319.3277282714844,301.2774963378906,309.9063720703125,253.2674102783203,1854659,0.0,0.0
2009-12-03,309.9063720703125,325.6086120605469,308.76171875,321.7637634277344,262.95770263671875,1763640,0.0,0.0
2009-12-04,318.2711181640625,325.78472900390625,315.5122375488281,316.715576171875,258.8321228027344,810947,0.0,0.0
2009-12-07,317.5960693359375,319.8853759765625,313.751220703125,315.9818115234375,258.2325439453125,914733,0.0,0.0
2009-12-08,318.1537170410156,326.3717041015625,313.04681396484375,324.78680419921875,265.42816162109375,1020827,0.0,0.0
2009-12-09,320.32562255859375,325.75537109375,319.38641357421875,322.52685546875,263.58135986328125,379993,0.0,0.0
2009-12-10,321.67572021484375,324.0237121582031,319.38641357421875,320.12017822265625,261.6145324707031,346092,0.0,0.0
2009-12-11,321.47027587890625,325.6086120605469,317.0384216308594,320.53106689453125,261.9503173828125,602649,0.0,0.0
2009-12-14,319.91473388671875,331.65472412109375,316.74493408203125,328.7197265625,268.6424255371094,1552773,0.0,0.0
2009-12-15,328.7784118652344,336.145263671875,323.7889099121094,326.2543029785156,266.62750244140625,1455650,0.0,0.0
2009-12-16,322.8497314453125,335.4114990234375,322.8497314453125,332.5939025878906,271.8084716796875,1130237,0.0,0.0
2009-12-17,333.0635070800781,334.0027160644531,327.07611083984375,328.63165283203125,268.5704040527344,419758,0.0,0.0
2009-12-18,328.01531982421875,330.45135498046875,322.8497314453125,324.9335632324219,265.5482177734375,348177,0.0,0.0
2009-12-21,323.43670654296875,325.6966552734375,320.5604248046875,323.6128234863281,264.4687805175781,319354,0.0,0.0
2009-12-22,328.22076416015625,328.22076416015625,320.1788635253906,322.9964599609375,263.9651184082031,365252,0.0,0.0
2009-12-23,322.9964599609375,337.4366455078125,322.0279235839844,335.2940979003906,274.0151672363281,897752,0.0,0.0
2009-12-24,336.3507080078125,342.1033020019531,332.916748046875,340.1368408203125,277.9728698730469,873704,0.0,0.0
2009-12-29,343.33599853515625,345.3905029296875,336.99639892578125,339.7259521484375,277.6370849609375,553934,0.0,0.0
2009-12-30,340.459716796875,343.2479553222656,335.881103515625,340.1368408203125,277.9728698730469,356167,0.0,0.0
2009-12-31,346.53515625,351.02569580078125,336.6441955566406,341.8391418457031,279.36407470703125,794317,0.0,0.0
2010-01-04,342.8077087402344,347.4743347167969,338.9922180175781,343.33599853515625,280.5873718261719,576077,0.0,0.0
2010-01-05,344.8622131347656,347.44500732421875,342.2793884277344,344.9795837402344,281.9305725097656,367720,0.0,0.0
2010-01-06,346.3297119140625,354.4889831542969,344.8622131347656,348.53094482421875,284.8328857421875,1054668,0.0,0.0
2010-01-07,341.04669189453125,370.39666748046875,341.04669189453125,361.38623046875,295.3386535644531,1756389,0.0,0.0
2010-01-08,365.1136779785156,378.5853271484375,365.1136779785156,370.39666748046875,302.70245361328125,2120361,0.0,0.0
2010-01-11,370.39666748046875,380.9333190917969,370.39666748046875,377.9689636230469,308.8907165527344,1092150,0.0,0.0
2010-01-12,377.9689636230469,378.3798828125,364.52667236328125,367.8432312011719,300.6156311035156,864811,0.0,0.0
2010-01-13,366.8746643066406,375.5622863769531,365.87677001953125,374.6524353027344,306.1803283691406,698661,0.0,0.0
2010-01-14,375.6796569824219,389.7383117675781,375.0926818847656,386.627197265625,315.9665832519531,1285486,0.0,0.0
2010-01-15,388.5936584472656,392.8787536621094,382.166015625,384.63140869140625,314.3355712890625,649687,0.0,0.0
2010-01-18,384.4846496582031,389.4741516113281,377.5580749511719,382.6943054199219,312.7525329589844,365957,0.0,0.0
2010-01-19,382.7236633300781,384.3379211425781,375.8851318359375,378.6440124511719,313.53887939453125,734888,5.0,0.0
2010-01-20,383.3106689453125,397.7508544921875,380.37567138671875,392.05694580078125,324.64556884765625,1727669,0.0,0.0
2010-01-21,392.99615478515625,393.2896423339844,365.1136779785156,370.39666748046875,306.7095947265625,1060985,0.0,0.0
2010-01-22,361.3275451660156,380.9626770019531,349.26470947265625,369.31072998046875,305.8104553222656,1631015,0.0,0.0
2010-01-25,368.8704833984375,378.9081726074219,363.9396667480469,372.1576843261719,308.1678771972656,806970,0.0,0.0
2010-01-27,369.8096618652344,371.5706787109375,345.15570068359375,348.7657470703125,288.7979736328125,1031397,0.0,0.0
2010-01-28,360.4176940917969,365.6419677734375,352.19970703125,362.03192138671875,299.7831115722656,1430111,0.0,0.0
2010-01-29,358.0697021484375,385.5999755859375,349.7929992675781,377.41131591796875,312.5181884765625,2483077,0.0,0.0
2010-02-01,375.6796569824219,391.5286560058594,375.6796569824219,386.1282653808594,319.736328125,1303958,0.0,0.0
2010-02-02,388.00665283203125,390.3546447753906,378.6146545410156,380.99200439453125,315.4831848144531,1417369,0.0,0.0
2010-02-03,383.8976745605469,393.1135559082031,383.8976745605469,391.0296936035156,323.7949523925781,874074,0.0,0.0
2010-02-04,391.5286560058594,392.11566162109375,375.6796569824219,377.5287170410156,312.6153869628906,537336,0.0,0.0
2010-02-05,374.50567626953125,374.50567626953125,358.8034362792969,364.8788757324219,302.1405944824219,630618,0.0,0.0
2010-02-08,372.5685729980469,375.6209716796875,365.4365234375,369.1639709472656,305.6889343261719,840963,0.0,0.0
2010-02-09,369.8096618652344,376.8536682128906,368.57696533203125,374.0654296875,309.7475280761719,600688,0.0,0.0
2010-02-10,375.79705810546875,385.0716552734375,369.9564208984375,375.2100830078125,310.6954040527344,781733,0.0,0.0
2010-02-11,377.20587158203125,382.0779724121094,374.5937194824219,375.9144592285156,311.2786560058594,416170,0.0,0.0
2010-02-15,377.14715576171875,379.7886657714844,373.390380859375,377.9983215332031,313.00421142578125,396291,0.0,0.0
2010-02-16,378.6146545410156,389.1219482421875,375.0926818847656,387.5077209472656,320.8785705566406,781169,0.0,0.0
2010-02-17,389.1806640625,401.9185485839844,389.1806640625,396.7236022949219,328.50994873046875,1532355,0.0,0.0
2010-02-18,400.3336486816406,405.2937927246094,394.81585693359375,397.6040954589844,329.2389221191406,1208237,0.0,0.0
2010-02-19,395.0506591796875,395.6376647949219,386.3043518066406,393.05487060546875,325.471923828125,561332,0.0,0.0
2010-02-22,396.8116455078125,399.1596374511719,388.0360107421875,390.5894470214844,323.430419921875,352892,0.0,0.0
2010-02-23,386.24566650390625,397.3399658203125,386.24566650390625,396.0485534667969,327.9508361816406,626796,0.0,0.0
2010-02-24,396.2246398925781,399.042236328125,388.6523742675781,397.92694091796875,329.5062561035156,554121,0.0,0.0
2010-02-25,400.3336486816406,400.920654296875,388.6523742675781,390.3546447753906,323.2359619140625,508859,0.0,0.0
2010-02-26,390.3546447753906,405.0296325683594,390.3546447753906,401.6543884277344,332.5927734375,922668,0.0,0.0
2010-03-02,403.85565185546875,410.3126525878906,395.3735046386719,398.19110107421875,329.72503662109375,947622,0.0,0.0
2010-03-03,400.3923645019531,413.8346252441406,397.3692932128906,409.3734436035156,338.9846496582031,849617,0.0,0.0
2010-03-04,412.66064453125,418.8241271972656,410.87030029296875,412.2497253417969,341.36639404296875,837458,0.0,0.0
2010-03-05,416.4174499511719,421.3482360839844,413.8933410644531,416.68157958984375,345.0361633300781,729274,0.0,0.0
2010-03-08,419.7633361816406,434.3209228515625,417.35662841796875,432.1783752441406,357.8684997558594,1252568,0.0,0.0
2010-03-09,436.37542724609375,436.37542724609375,425.5746154785156,431.3565673828125,357.1878662109375,882767,0.0,0.0
2010-03-10,432.0316162109375,437.25592041015625,427.51171875,431.3565673828125,357.1878662109375,428250,0.0,0.0
2010-03-11,425.72137451171875,434.26220703125,425.72137451171875,431.0924377441406,356.96917724609375,362347,0.0,0.0
2010-03-12,436.37542724609375,438.3712158203125,430.3293151855469,431.826171875,357.5767822265625,534835,0.0,0.0
2010-03-15,429.2433776855469,432.26641845703125,423.3146667480469,424.6647644042969,351.646728515625,292039,0.0,0.0
2010-03-16,424.9876403808594,430.7989196777344,423.5201416015625,428.3041687011719,354.6603088378906,600416,0.0,0.0
2010-03-17,429.09661865234375,436.0525817871094,426.9834289550781,431.4739685058594,357.2851257324219,392894,0.0,0.0
2010-03-18,434.3796081542969,435.49493408203125,425.750732421875,427.8932800292969,354.3200988769531,321715,0.0,0.0
2010-03-19,426.3377380371094,433.2643127441406,426.3377380371094,430.1238708496094,356.16717529296875,330475,0.0,0.0
2010-03-22,425.5746154785156,431.32720947265625,425.5746154785156,429.2727355957031,355.4623718261719,302591,0.0,0.0
2010-03-23,429.97711181640625,436.6102294921875,428.5683288574219,432.9708251953125,358.52459716796875,767247,0.0,0.0
2010-03-25,429.6836242675781,447.880615234375,429.6836242675781,446.03155517578125,369.3396301269531,1273191,0.0,0.0
2010-03-26,446.70660400390625,449.5829162597656,434.4383239746094,436.3460693359375,361.3194885253906,776750,0.0,0.0
2010-03-29,427.6291198730469,441.951904296875,427.5704345703125,439.75067138671875,364.138671875,417005,0.0,0.0
2010-03-30,442.0106201171875,442.0693054199219,433.35235595703125,434.6437683105469,359.909912109375,321879,0.0,0.0
2010-03-31,435.0840148925781,437.25592041015625,432.1783752441406,434.4676818847656,359.76409912109375,449409,0.0,0.0
2010-04-01,435.5536193847656,441.36492919921875,430.9456787109375,432.47186279296875,358.11151123046875,732811,0.0,0.0
2010-04-05,435.3188171386719,438.7234191894531,433.35235595703125,437.6374816894531,362.388916015625,268277,0.0,0.0
2010-04-06,437.6081237792969,438.4886169433594,428.5976867675781,429.801025390625,355.89984130859375,433574,0.0,0.0
2010-04-07,432.0316162109375,436.78631591796875,431.151123046875,435.2601318359375,360.4202575683594,368584,0.0,0.0
2010-04-08,435.7297058105469,439.6626281738281,432.1783752441406,434.3796081542969,359.6911926269531,317976,0.0,0.0
2010-04-09,436.7276306152344,443.7716064453125,433.20562744140625,439.780029296875,364.16302490234375,1081096,0.0,0.0
2010-04-12,438.4886169433594,447.352294921875,438.4886169433594,440.6605224609375,364.89208984375,786719,0.0,0.0
2010-04-13,444.88690185546875,444.88690185546875,433.20562744140625,434.0567626953125,359.4238586425781,267518,0.0,0.0
2010-04-15,437.0211181640625,439.7213134765625,430.91632080078125,432.73602294921875,358.3301696777344,320552,0.0,0.0
2010-04-16,430.740234375,436.99176025390625,429.62493896484375,432.9708251953125,358.52459716796875,478690,0.0,0.0
2010-04-19,428.68572998046875,430.6815185546875,413.2476501464844,416.9163818359375,345.2306213378906,718148,0.0,0.0
2010-04-20,415.59564208984375,421.7297668457031,409.96044921875,411.5159912109375,340.7587890625,1177333,0.0,0.0
2010-04-21,411.5159912109375,423.8136291503906,411.5159912109375,421.84716796875,349.31353759765625,541715,0.0,0.0
2010-04-22,420.2916259765625,431.9729309082031,416.7696228027344,425.8974914550781,352.66754150390625,734610,0.0,0.0
2010-04-23,425.5746154785156,426.86602783203125,419.7046203613281,420.6731872558594,348.3414611816406,296511,0.0,0.0
2010-04-26,423.8136291503906,425.45721435546875,418.23712158203125,419.17633056640625,347.10198974609375,211134,0.0,0.0
2010-04-27,419.7046203613281,424.8702392578125,414.2161865234375,421.3482360839844,348.90045166015625,401606,0.0,0.0
2010-04-28,416.2413330078125,423.43206787109375,413.9226989746094,418.70672607421875,346.7131042480469,500985,0.0,0.0
2010-04-29,423.22662353515625,423.22662353515625,408.0233459472656,415.53692626953125,344.0883483886719,1569447,0.0,0.0
2010-04-30,416.7696228027344,420.8199462890625,411.48663330078125,417.88494873046875,346.0326843261719,1096873,0.0,0.0
2010-05-03,414.3042297363281,416.8283386230469,405.67535400390625,410.2832946777344,339.7380676269531,1149992,0.0,0.0
2010-05-04,410.3126525878906,412.6019287109375,399.1596374511719,402.03594970703125,332.9087829589844,1125915,0.0,0.0
2010-05-05,391.17645263671875,398.45526123046875,385.57061767578125,395.9898681640625,327.9022216796875,1190842,0.0,0.0
2010-05-06,395.6376647949219,397.04644775390625,387.4196472167969,389.0926208496094,322.1909484863281,819077,0.0,0.0
2010-05-07,385.0716552734375,392.7026672363281,364.2918701171875,389.35675048828125,322.4096984863281,582014,0.0,0.0
2010-05-10,389.1806640625,413.1302490234375,389.1806640625,410.9289855957031,340.2726745605469,540695,0.0,0.0
2010-05-11,414.3042297363281,414.3042297363281,396.2246398925781,398.5139465332031,329.9923095703125,341145,0.0,0.0
2010-05-12,397.3986511230469,405.0296325683594,391.0296936035156,393.906005859375,326.17669677734375,477935,0.0,0.0
2010-05-13,396.2539978027344,399.07159423828125,390.4133605957031,391.64605712890625,324.30535888671875,605670,0.0,0.0
2010-05-14,390.3546447753906,397.692138671875,385.277099609375,388.5643005371094,321.7535400390625,524620,0.0,0.0
2010-05-17,390.3546447753906,418.50128173828125,384.5433654785156,408.5516357421875,338.3040771484375,3087488,0.0,0.0
2010-05-18,405.0296325683594,409.66693115234375,396.2246398925781,400.920654296875,331.9852294921875,783435,0.0,0.0
2010-05-19,396.2246398925781,403.7382507324219,392.4385070800781,395.96051025390625,327.87799072265625,922324,0.0,0.0
2010-05-20,398.5726623535156,400.01080322265625,393.3483581542969,395.8137512207031,327.7564697265625,680544,0.0,0.0
2010-05-21,392.1743469238281,394.4636535644531,383.7215576171875,387.85992431640625,321.17022705078125,536477,0.0,0.0
2010-05-24,388.88714599609375,398.9835510253906,384.4846496582031,395.6083068847656,327.58624267578125,450434,0.0,0.0
2010-05-25,391.2644958496094,400.8619384765625,384.16180419921875,394.2582092285156,326.46832275390625,1248179,0.0,0.0
2010-05-26,399.13031005859375,411.7801513671875,393.87664794921875,405.7046813964844,335.9466857910156,570635,0.0,0.0
2010-05-27,404.47198486328125,421.172119140625,404.47198486328125,412.89544677734375,341.9010314941406,1802178,0.0,0.0
2010-05-28,420.1742248535156,420.1742248535156,412.0736389160156,416.00653076171875,344.4771728515625,509116,0.0,0.0
2010-05-31,418.5306396484375,418.5306396484375,407.3776550292969,409.7843322753906,339.32489013671875,513003,0.0,0.0
2010-06-01,410.7235412597656,411.8975524902344,393.93536376953125,395.6083068847656,327.58624267578125,790181,0.0,0.0
2010-06-02,396.2246398925781,402.8870849609375,391.85150146484375,400.7445373535156,331.8393859863281,436148,0.0,0.0
2010-06-03,406.7906494140625,409.72564697265625,404.4426574707031,406.99609375,337.0160217285156,417799,0.0,0.0
2010-06-04,406.7906494140625,410.5474548339844,403.3273620605469,408.4342346191406,338.20684814453125,311700,0.0,0.0
2010-06-07,402.1533508300781,407.3776550292969,399.74664306640625,401.4195861816406,332.39837646484375,265780,0.0,0.0
2010-06-08,399.2183532714844,413.8346252441406,399.2183532714844,407.1428527832031,337.1376037597656,1071665,0.0,0.0
2010-06-09,409.43212890625,414.1575012207031,402.8577575683594,404.7655029296875,335.1689758300781,578378,0.0,0.0
2010-06-10,400.48040771484375,410.8409423828125,400.48040771484375,410.371337890625,339.8109436035156,300976,0.0,0.0
2010-06-11,413.8346252441406,422.55157470703125,410.9289855957031,421.3775939941406,348.9247741699219,1395851,0.0,0.0
2010-06-14,424.8702392578125,427.0421142578125,422.1700439453125,424.0484313964844,351.1363525390625,631056,0.0,0.0
2010-06-15,424.400634765625,426.7486267089844,419.0882873535156,422.40484619140625,349.7753601074219,507232,0.0,0.0
2010-06-16,424.9876403808594,424.9876403808594,418.5893249511719,423.6668701171875,350.8203430175781,475756,0.0,0.0
2010-06-17,423.8136291503906,430.2119140625,422.0526428222656,429.1259765625,355.3408203125,917617,0.0,0.0
2010-06-18,431.7381286621094,432.5599365234375,424.9876403808594,428.48028564453125,354.80621337890625,881459,0.0,0.0
2010-06-21,430.2706298828125,434.96661376953125,428.715087890625,431.85552978515625,357.60107421875,668838,0.0,0.0
2010-06-22,425.750732421875,435.9645080566406,425.750732421875,431.8848571777344,357.6253356933594,479997,0.0,0.0
2010-06-23,428.5096130371094,434.9079284667969,428.5096130371094,433.9687194824219,359.35089111328125,457806,0.0,0.0
2010-06-24,434.3796081542969,438.429931640625,430.3880310058594,434.4676818847656,359.76409912109375,681251,0.0,0.0
2010-06-25,431.4446105957031,435.5536193847656,425.6333312988281,428.3335266113281,354.6846923828125,328003,0.0,0.0
2010-06-28,428.3335266113281,434.26220703125,426.80731201171875,434.0274353027344,359.39959716796875,272351,0.0,0.0
2010-06-29,434.2035217285156,434.2035217285156,427.0127868652344,429.3314208984375,355.5109558105469,273777,0.0,0.0
2010-06-30,428.5096130371094,433.67523193359375,423.5201416015625,432.4425354003906,358.08709716796875,405574,0.0,0.0
2010-07-01,430.3293151855469,431.4446105957031,419.2056884765625,420.086181640625,347.85540771484375,385939,0.0,0.0
2010-07-02,420.350341796875,426.68994140625,418.06103515625,422.1993713378906,349.605224609375,773803,0.0,0.0
2010-07-05,422.0526428222656,424.7528381347656,418.6773986816406,419.6165771484375,347.466552734375,193155,0.0,0.0
2010-07-06,422.0526428222656,426.1029357910156,420.4383850097656,425.5746154785156,352.400146484375,443765,0.0,0.0
2010-07-07,422.0526428222656,427.80523681640625,419.85137939453125,420.99603271484375,348.60882568359375,295012,0.0,0.0
2010-07-08,425.45721435546875,428.3335266113281,423.4027404785156,425.4278869628906,352.2785949707031,277192,0.0,0.0
2010-07-09,428.21612548828125,430.1532287597656,420.8786315917969,423.050537109375,350.3100891113281,345967,0.0,0.0
2010-07-12,425.45721435546875,425.45721435546875,419.7046203613281,420.4970703125,348.1955871582031,191281,0.0,0.0
2010-07-13,421.40692138671875,431.151123046875,420.11553955078125,429.36077880859375,355.5353088378906,663010,0.0,0.0
2010-07-14,428.7737731933594,440.7192077636719,428.7737731933594,433.2936706542969,358.79193115234375,1543215,0.0,0.0
2010-07-15,437.25592041015625,440.19091796875,430.91632080078125,434.2035217285156,359.54541015625,739579,0.0,0.0
2010-07-16,437.0798034667969,437.19720458984375,429.801025390625,430.5347595214844,356.5074157714844,333836,0.0,0.0
2010-07-19,430.2706298828125,434.26220703125,423.872314453125,426.3377380371094,353.0320129394531,478029,0.0,0.0
2010-07-20,427.33563232421875,430.2119140625,417.4446716308594,420.26226806640625,348.001220703125,433196,0.0,0.0
2010-07-21,420.2916259765625,424.8115234375,418.5893249511719,419.4698181152344,347.34503173828125,364755,0.0,0.0
2010-07-22,419.4698181152344,428.3922119140625,418.5306396484375,423.69622802734375,350.8447570800781,897922,0.0,0.0
2010-07-23,427.2475891113281,431.2978820800781,423.69622802734375,427.27691650390625,353.8097839355469,657383,0.0,0.0
2010-07-26,428.5683288574219,431.151123046875,420.8786315917969,422.7276916503906,350.0427551269531,442111,0.0,0.0
2010-07-27,418.0023498535156,425.5746154785156,418.0023498535156,421.7297668457031,349.2164001464844,617949,0.0,0.0
2010-07-28,422.6396179199219,427.6291198730469,422.08197021484375,425.6920166015625,352.4973449707031,583293,0.0,0.0
2010-07-29,425.5746154785156,425.8681335449219,421.6123962402344,423.2559814453125,350.48016357421875,724298,0.0,0.0
2010-07-30,417.9436340332031,417.9436340332031,407.64178466796875,410.5767822265625,339.9811096191406,789227,0.0,0.0
2010-08-02,410.8996276855469,415.53692626953125,406.1156005859375,411.6627502441406,340.8803405761719,573320,0.0,0.0
2010-08-03,413.8346252441406,416.1239318847656,408.5516357421875,415.2140808105469,343.8210144042969,539414,0.0,0.0
2010-08-04,417.1805419921875,421.40692138671875,413.5998229980469,418.4425964355469,346.49444580078125,563840,0.0,0.0
2010-08-05,419.4111328125,423.28533935546875,413.30633544921875,415.4488830566406,344.01544189453125,594566,0.0,0.0
2010-08-06,414.71514892578125,417.35662841796875,412.1029968261719,413.51177978515625,342.411376953125,246482,0.0,0.0
2010-08-09,413.8346252441406,416.3880920410156,409.7843322753906,411.3692321777344,340.6372375488281,324223,0.0,0.0
2010-08-10,410.9583435058594,414.92059326171875,406.8493347167969,409.5788879394531,339.1547546386719,523690,0.0,0.0
2010-08-11,409.43212890625,411.6627502441406,402.91644287109375,404.8829040527344,335.26617431640625,419017,0.0,0.0
2010-08-12,402.0946350097656,407.84722900390625,399.1596374511719,406.056884765625,336.23834228515625,360860,0.0,0.0
2010-08-13,410.19525146484375,410.7822265625,403.4154052734375,408.78643798828125,338.49859619140625,444329,0.0,0.0
2010-08-16,409.72564697265625,416.6522216796875,405.3525085449219,415.0086364746094,343.65081787109375,688976,0.0,0.0
2010-08-17,416.7696228027344,419.0589294433594,412.69000244140625,415.5662841796875,344.11260986328125,499538,0.0,0.0
2010-08-18,415.59564208984375,415.59564208984375,409.72564697265625,410.4593811035156,339.8838195800781,382882,0.0,0.0
2010-08-19,412.0736389160156,414.8325500488281,408.6103515625,409.7550048828125,339.3006591796875,391700,0.0,0.0
2010-08-20,409.72564697265625,415.53692626953125,408.0527038574219,414.86187744140625,343.5293273925781,376666,0.0,0.0
2010-08-23,415.59564208984375,423.1679382324219,412.66064453125,418.9415283203125,346.90753173828125,970980,0.0,0.0
2010-08-24,421.46563720703125,422.4635314941406,417.4446716308594,419.64593505859375,347.4908142089844,442840,0.0,0.0
2010-08-25,419.58721923828125,426.5725402832031,418.03167724609375,419.9981384277344,347.7824401855469,743516,0.0,0.0
2010-08-26,419.1176452636719,425.51593017578125,418.5306396484375,421.26019287109375,348.8275146484375,533128,0.0,0.0
2010-08-27,417.35662841796875,425.92681884765625,413.30633544921875,419.2937316894531,347.1991882324219,473772,0.0,0.0
2010-08-30,422.4635314941406,422.6396179199219,405.7340393066406,410.4300537109375,339.85955810546875,641290,0.0,0.0
2010-08-31,410.8996276855469,413.77593994140625,403.4154052734375,406.55584716796875,336.6514587402344,344409,0.0,0.0
2010-09-01,406.55584716796875,409.72564697265625,401.2141418457031,408.31683349609375,338.1097106933594,698176,0.0,0.0
2010-09-02,409.72564697265625,413.4824523925781,408.6983947753906,410.19525146484375,339.66510009765625,252264,0.0,0.0
2010-09-03,406.7906494140625,412.66064453125,406.2036437988281,410.0484924316406,339.5436706542969,432032,0.0,0.0
2010-09-06,413.2476501464844,421.7591247558594,411.48663330078125,418.76544189453125,346.76177978515625,1459401,0.0,0.0
2010-09-07,422.522216796875,422.522216796875,412.7193298339844,418.3545227050781,346.4214782714844,1352742,0.0,0.0
2010-09-08,415.59564208984375,416.7109375,413.30633544921875,414.71514892578125,343.4078369140625,431261,0.0,0.0
2010-09-09,415.0086364746094,419.9981384277344,410.4300537109375,416.97509765625,345.2792663574219,1264059,0.0,0.0
2010-09-13,422.6396179199219,426.68994140625,418.06103515625,423.5494689941406,350.72314453125,1514067,0.0,0.0
2010-09-14,427.9226379394531,434.3209228515625,424.400634765625,428.86181640625,355.12213134765625,1639440,0.0,0.0
2010-09-15,433.20562744140625,447.4696960449219,431.4446105957031,445.2978210449219,368.7320251464844,2093940,0.0,0.0
2010-09-16,448.4676208496094,453.4277648925781,441.6290588378906,444.50537109375,368.0759582519531,1152425,0.0,0.0
2010-09-17,443.7716064453125,451.4026184082031,440.42572021484375,442.1280212402344,366.1072692871094,759632,0.0,0.0
2010-09-20,443.1846008300781,449.5242004394531,441.4236145019531,448.1447448730469,371.0895690917969,532405,0.0,0.0
2010-09-21,449.5242004394531,460.2076110839844,446.1195983886719,457.8595886230469,379.1339416503906,1843834,0.0,0.0
2010-09-22,459.0335998535156,464.31658935546875,456.68560791015625,462.9078063964844,383.31414794921875,1185021,0.0,0.0
2010-09-23,466.6645812988281,469.4528503417969,458.50531005859375,461.2935485839844,381.9774475097656,1092249,0.0,0.0
2010-09-24,461.2935485839844,468.1027526855469,458.6227111816406,461.4696350097656,382.1232604980469,734605,0.0,0.0
2010-09-27,463.7295837402344,466.6645812988281,458.5639953613281,461.0881042480469,381.80731201171875,528961,0.0,0.0
2010-09-28,463.70025634765625,483.6875915527344,461.0881042480469,479.22637939453125,396.826904296875,2327787,0.0,0.0
2010-09-29,484.2745666503906,497.0711669921875,479.6079406738281,482.2787780761719,399.3544006347656,2163565,0.0,0.0
2010-09-30,484.861572265625,487.2095642089844,474.29559326171875,483.3647155761719,400.2536315917969,1299636,0.0,0.0
2010-10-01,486.03558349609375,492.4925842285156,483.7169189453125,489.7630310058594,405.5517883300781,977968,0.0,0.0
2010-10-04,494.840576171875,497.04180908203125,487.4150390625,490.8196105957031,406.4267578125,710854,0.0,0.0
2010-10-05,488.4422607421875,492.9328308105469,487.2095642089844,489.9097595214844,405.67327880859375,538496,0.0,0.0
2010-10-06,493.1089172363281,495.9852294921875,484.3919677734375,486.71063232421875,403.0243225097656,512966,0.0,0.0
2010-10-07,487.2682800292969,490.790283203125,480.16558837890625,481.4276428222656,398.6496276855469,579223,0.0,0.0
2010-10-08,482.0733337402344,484.2745666503906,475.4695739746094,478.61004638671875,396.3165283203125,534075,0.0,0.0
2010-10-11,480.2829895019531,485.9181823730469,480.2829895019531,482.3081359863281,399.37872314453125,373278,0.0,0.0
2010-10-12,484.2745666503906,484.2745666503906,476.05657958984375,478.28717041015625,396.0491943359375,348332,0.0,0.0
2010-10-13,485.15509033203125,493.6078796386719,478.4045715332031,491.876220703125,407.3016357421875,956624,0.0,0.0
2010-10-14,492.58062744140625,495.3101806640625,481.92657470703125,486.0649108886719,402.489501953125,679954,0.0,0.0
2010-10-15,485.56597900390625,488.8531799316406,476.35009765625,480.57647705078125,397.94488525390625,293083,0.0,0.0
2010-10-18,483.6582336425781,484.21588134765625,471.4192810058594,475.9685363769531,394.12921142578125,528612,0.0,0.0
2010-10-19,475.4989318847656,480.7525939941406,467.2515869140625,471.2431945800781,390.21636962890625,586058,0.0,0.0
2010-10-20,464.9622802734375,474.8825988769531,464.9035949707031,472.3291320800781,391.1155090332031,376899,0.0,0.0
2010-10-21,474.2662353515625,477.67083740234375,469.0126037597656,474.4129943847656,392.8410949707031,787182,0.0,0.0
2010-10-22,475.38153076171875,493.66656494140625,471.3899230957031,491.70013427734375,407.1558837890625,1186999,0.0,0.0
2010-10-25,493.0795593261719,502.5596008300781,487.3563232421875,492.6686706542969,407.9579162597656,860566,0.0,0.0
2010-10-26,493.0795593261719,495.8678283691406,486.03558349609375,487.0628356933594,403.3158874511719,338100,0.0,0.0
2010-10-27,485.4485778808594,489.61627197265625,480.7525939941406,482.8951416015625,399.86474609375,270988,0.0,0.0
2010-10-28,480.7525939941406,493.8133239746094,476.05657958984375,482.425537109375,399.4759521484375,1611262,0.0,0.0
2010-10-29,478.34588623046875,483.1005859375,472.1236877441406,479.90142822265625,397.38580322265625,657607,0.0,0.0
2010-11-01,484.5680847167969,493.0208740234375,482.0439758300781,486.475830078125,402.8298034667969,332375,0.0,0.0
2010-11-02,487.2095642089844,498.65606689453125,487.2095642089844,489.61627197265625,405.4302673339844,883067,0.0,0.0
2010-11-03,494.2829284667969,497.1885681152344,490.96636962890625,492.8741149902344,408.12799072265625,827476,0.0,0.0
2010-11-04,494.3709716796875,498.86151123046875,490.1445617675781,491.0837707519531,406.64544677734375,630702,0.0,0.0
2010-11-08,494.840576171875,495.8678283691406,484.45068359375,487.7378845214844,403.8748779296875,403450,0.0,0.0
2010-11-09,482.6896667480469,493.0208740234375,482.66033935546875,490.55548095703125,406.2079772949219,324969,0.0,0.0
2010-11-10,487.59112548828125,491.7588195800781,483.6875915527344,485.947509765625,402.39239501953125,327075,0.0,0.0
2010-11-11,484.2745666503906,491.2892150878906,483.1299133300781,488.6183776855469,404.60394287109375,435852,0.0,0.0
2010-11-12,490.70220947265625,494.9873046875,478.4632873535156,484.5680847167969,401.25018310546875,667905,0.0,0.0
2010-11-15,485.4485778808594,485.4485778808594,466.1656494140625,481.6037292480469,398.79534912109375,385538,0.0,0.0
2010-11-16,482.572265625,482.572265625,471.0377502441406,475.82177734375,394.00775146484375,738895,0.0,0.0
2010-11-18,493.0795593261719,493.0795593261719,471.4486389160156,473.2976989746094,391.91754150390625,411927,0.0,0.0
2010-11-19,473.76727294921875,477.171875,456.0986022949219,463.70025634765625,383.9703674316406,436262,0.0,0.0
2010-11-22,464.9035949707031,468.9538879394531,459.09228515625,467.28094482421875,386.9353942871094,446373,0.0,0.0
2010-11-23,466.54718017578125,467.2515869140625,456.0986022949219,463.4654541015625,383.77587890625,486077,0.0,0.0
2010-11-24,465.9014892578125,472.5345764160156,455.0126647949219,463.5241394042969,383.8245849609375,847317,0.0,0.0
2010-11-25,461.0881042480469,464.8448791503906,436.2580261230469,440.6605224609375,364.89208984375,1210495,0.0,0.0
2010-11-26,442.5976257324219,453.016845703125,438.0777282714844,440.5431213378906,364.7948913574219,738685,0.0,0.0
2010-11-29,444.06512451171875,444.06512451171875,430.8576354980469,437.3439636230469,362.1458435058594,397100,0.0,0.0
2010-11-30,434.96661376953125,456.0986022949219,433.20562744140625,452.0189514160156,374.29754638671875,623981,0.0,0.0
2010-12-01,463.7295837402344,463.7295837402344,456.15728759765625,459.767333984375,380.713623046875,374351,0.0,0.0
2010-12-02,460.7945861816406,467.1341857910156,454.9539489746094,456.89105224609375,378.3319091796875,707307,0.0,0.0
2010-12-03,457.8595886230469,460.06085205078125,446.4424743652344,449.230712890625,371.9888000488281,468376,0.0,0.0
2010-12-06,454.3376159667969,463.6708984375,452.0189514160156,460.1782531738281,381.0538635253906,306194,0.0,0.0
2010-12-07,459.0335998535156,469.0126037597656,455.74639892578125,462.6730041503906,383.1197204589844,773947,0.0,0.0
2010-12-08,462.3794860839844,464.2579040527344,455.717041015625,458.3291931152344,379.5228271484375,355022,0.0,0.0
2010-12-09,459.0335998535156,461.7631530761719,446.2076721191406,451.666748046875,374.00592041015625,474344,0.0,0.0
2010-12-10,449.0545959472656,462.96649169921875,443.1846008300781,448.4969482421875,371.3811340332031,305427,0.0,0.0
2010-12-13,451.4026184082031,463.6121826171875,442.71502685546875,462.49688720703125,382.973876953125,614480,0.0,0.0
2010-12-14,464.8448791503906,464.8448791503906,459.62060546875,462.49688720703125,382.973876953125,261323,0.0,0.0
2010-12-15,462.55560302734375,463.7295837402344,453.25164794921875,456.68560791015625,378.16180419921875,231265,0.0,0.0
2010-12-16,457.8595886230469,459.62060546875,444.88690185546875,455.95184326171875,377.55419921875,393300,0.0,0.0
2010-12-20,451.9895935058594,460.47174072265625,447.7632141113281,457.09649658203125,378.5020446777344,202352,0.0,0.0
2010-12-21,460.7945861816406,463.5534973144531,457.2726135253906,460.8826599121094,381.63720703125,307151,0.0,0.0
2010-12-22,460.8826599121094,464.78619384765625,455.2181091308594,459.2684020996094,380.300537109375,612942,0.0,0.0
2010-12-23,458.7401123046875,460.4423828125,455.5115966796875,456.5975646972656,378.0888977050781,389409,0.0,0.0
2010-12-24,456.68560791015625,478.28717041015625,456.15728759765625,475.17608642578125,393.4729919433594,1668832,0.0,0.0
2010-12-27,478.34588623046875,482.2787780761719,473.82598876953125,476.4674987792969,394.5423583984375,907699,0.0,0.0
2010-12-28,475.5576477050781,478.34588623046875,472.857421875,475.7337341308594,393.9347229003906,313276,0.0,0.0
2010-12-29,475.3521728515625,478.34588623046875,470.3039855957031,475.0,393.3271789550781,600211,0.0,0.0
2010-12-30,477.2305908203125,480.3416748046875,470.9790344238281,475.38153076171875,393.6431579589844,646145,0.0,0.0
2010-12-31,476.5848693847656,486.2703857421875,473.62054443359375,481.6037292480469,398.79534912109375,692482,0.0,0.0
2011-01-03,481.92657470703125,488.8531799316406,481.5743713378906,487.0628356933594,403.3158874511719,638315,0.0,0.0
2011-01-04,487.2095642089844,489.5282287597656,482.2200927734375,484.48004150390625,401.1771545410156,813479,0.0,0.0
2011-01-05,484.2452392578125,489.7923583984375,478.6687316894531,483.6875915527344,400.5210266113281,707813,0.0,0.0
2011-01-06,484.2745666503906,486.44647216796875,469.0126037597656,474.9412841796875,393.278564453125,258642,0.0,0.0
2011-01-07,472.5345764160156,475.0,460.7945861816406,462.8197326660156,383.2411804199219,388049,0.0,0.0
2011-01-10,462.8490905761719,471.9476013183594,449.26007080078125,452.9875183105469,375.099609375,490342,0.0,0.0
2011-01-11,452.57659912109375,461.67510986328125,434.96661376953125,448.0860595703125,371.0408935546875,497070,0.0,0.0
2011-01-12,452.57659912109375,459.0335998535156,443.1846008300781,452.8994445800781,375.0266418457031,600169,0.0,0.0
2011-01-13,458.3585510253906,460.2076110839844,447.9686584472656,449.93511962890625,372.5719909667969,480686,0.0,0.0
2011-01-14,453.1636047363281,457.7421875,437.3146057128906,442.71502685546875,366.59332275390625,756007,0.0,0.0
2011-01-17,443.1846008300781,445.5326232910156,432.0316162109375,434.2328796386719,359.5697021484375,645049,0.0,0.0
2011-01-18,433.7926330566406,438.4592590332031,430.4173889160156,434.6437683105469,364.1023864746094,343811,5.0,0.0
2011-01-19,437.901611328125,437.901611328125,425.6333312988281,429.9184265136719,360.14398193359375,409552,0.0,0.0
2011-01-20,424.400634765625,433.0882263183594,421.6123962402344,431.3565673828125,361.34869384765625,293284,0.0,0.0
2011-01-21,429.1846618652344,436.6689147949219,423.43206787109375,429.2140197753906,359.5538635253906,400417,0.0,0.0
2011-01-24,428.5096130371094,430.2706298828125,424.400634765625,425.1343688964844,356.13629150390625,368298,0.0,0.0
2011-01-25,426.80731201171875,437.901611328125,426.80731201171875,436.4928283691406,365.6513671875,432664,0.0,0.0
2011-01-27,441.4236145019531,450.169921875,432.0316162109375,437.6081237792969,366.5856628417969,926714,0.0,0.0
2011-01-28,437.1385192871094,438.4886169433594,405.41119384765625,427.33563232421875,357.98040771484375,1040459,0.0,0.0
2011-01-31,487.2095642089844,519.259765625,487.2095642089844,501.2682189941406,419.9138488769531,9869979,0.0,0.0
2011-02-01,506.4631652832031,506.4631652832031,496.33740234375,497.95166015625,417.13555908203125,2314025,0.0,0.0
2011-02-02,504.05645751953125,504.05645751953125,494.840576171875,498.362548828125,417.4797668457031,800823,0.0,0.0
2011-02-03,498.9495544433594,502.9998474121094,496.1026306152344,498.8321533203125,417.8731689453125,565111,0.0,0.0
2011-02-04,498.92022705078125,502.941162109375,496.0732727050781,498.0690612792969,417.2339172363281,814164,0.0,0.0
2011-02-07,501.82586669921875,502.4715576171875,493.72528076171875,495.6036682128906,415.16864013671875,959120,0.0,0.0
2011-02-08,495.1340637207031,500.62249755859375,495.1340637207031,498.7734680175781,417.823974609375,425986,0.0,0.0
2011-02-09,497.1885681152344,501.2388610839844,495.4569091796875,497.540771484375,416.7914123535156,564358,0.0,0.0
2011-02-10,495.5449523925781,499.53656005859375,495.1340637207031,497.3646545410156,416.6438293457031,854958,0.0,0.0
2011-02-11,497.30596923828125,497.30596923828125,493.6959228515625,495.515625,415.09490966796875,409017,0.0,0.0
2011-02-14,498.362548828125,498.362548828125,490.9076843261719,494.60577392578125,414.332763671875,1216769,0.0,0.0
2011-02-15,493.19696044921875,494.9873046875,491.37725830078125,491.9936218261719,412.14459228515625,374141,0.0,0.0
2011-02-16,491.37725830078125,495.3101806640625,491.37725830078125,492.8447570800781,412.85748291015625,358410,0.0,0.0
2011-02-17,490.4380798339844,498.65606689453125,490.4380798339844,494.840576171875,414.5293884277344,931646,0.0,0.0
2011-02-18,492.8741149902344,498.8321533203125,492.8741149902344,496.0732727050781,415.5620422363281,898193,0.0,0.0
2011-02-21,495.4275817871094,498.362548828125,494.4590148925781,495.8678283691406,415.38995361328125,606286,0.0,0.0
2011-02-22,495.1340637207031,496.0145568847656,492.4925842285156,494.13616943359375,413.9393005371094,483850,0.0,0.0
2011-02-23,491.84686279296875,498.1571044921875,491.84686279296875,495.4275817871094,415.0211486816406,808143,0.0,0.0
2011-02-24,496.0145568847656,496.3080749511719,491.9642639160156,494.1948547363281,413.9885559082031,691739,0.0,0.0
2011-02-25,495.95587158203125,496.6015625,491.3185729980469,492.6980285644531,412.7345886230469,661406,0.0,0.0
2011-02-28,491.612060546875,500.0942077636719,491.612060546875,497.3940124511719,416.6684875488281,579746,0.0,0.0
2011-03-01,499.53656005859375,501.591064453125,495.5743103027344,499.0963134765625,418.094482421875,529910,0.0,0.0
2011-03-03,498.9495544433594,503.64556884765625,497.1592102050781,502.7357177734375,421.1431884765625,819343,0.0,0.0
2011-03-04,503.35205078125,504.2325439453125,499.0376281738281,501.4443054199219,420.0614318847656,533439,0.0,0.0
2011-03-07,499.53656005859375,503.88037109375,497.57012939453125,502.70635986328125,421.1186218261719,399242,0.0,0.0
2011-03-08,501.2975769042969,504.2032165527344,501.0040588378906,503.2933654785156,421.6103515625,278504,0.0,0.0
2011-03-09,503.64556884765625,504.8195495605469,501.5323486328125,503.11724853515625,421.4627990722656,314436,0.0,0.0
2011-03-10,502.3541564941406,504.2325439453125,500.7105712890625,503.205322265625,421.53662109375,279444,0.0,0.0
2011-03-11,502.1193542480469,507.1675720214844,501.326904296875,503.2346496582031,421.5611877441406,216526,0.0,0.0
2011-03-14,503.2346496582031,504.8195495605469,502.9998474121094,503.6162109375,421.88079833984375,564945,0.0,0.0
2011-03-15,499.53656005859375,510.0438537597656,499.53656005859375,507.3436584472656,425.00323486328125,1289602,0.0,0.0
2011-03-16,507.3436584472656,513.5071411132812,507.3143005371094,511.54071044921875,428.5191650390625,551888,0.0,0.0
2011-03-17,510.0438537597656,517.1465454101562,508.341552734375,511.716796875,428.6666564941406,545876,0.0,0.0
2011-03-18,513.5071411132812,513.5071411132812,509.51556396484375,510.19061279296875,427.3882141113281,392671,0.0,0.0
2011-03-21,510.86566162109375,512.7147216796875,507.8426208496094,510.4841003417969,427.634033203125,954622,0.0,0.0
2011-03-22,511.8635559082031,516.5595703125,509.25140380859375,515.3268432617188,431.6908264160156,729206,0.0,0.0
2011-03-23,515.0333251953125,516.4127807617188,512.4799194335938,513.8006591796875,430.4123229980469,911007,0.0,0.0
2011-03-24,514.2115478515625,516.5595703125,512.4505615234375,514.5930786132812,431.07611083984375,1009656,0.0,0.0
2011-03-25,515.3855590820312,516.2660522460938,510.9830627441406,513.741943359375,430.3631286621094,1523696,0.0,0.0
2011-03-28,512.0103149414062,517.6161499023438,512.0103149414062,514.2409057617188,430.7811279296875,1016908,0.0,0.0
2011-03-29,514.534423828125,516.2073364257812,513.6245727539062,514.4169921875,430.9286804199219,840539,0.0,0.0
2011-03-30,514.270263671875,515.4442749023438,513.3310546875,514.270263671875,430.8056945800781,1780691,0.0,0.0
2011-03-31,515.9725341796875,520.6685180664062,514.2115478515625,517.1759033203125,433.2398376464844,2826533,0.0,0.0
2011-04-01,517.1465454101562,519.0249633789062,514.2115478515625,518.46728515625,434.32159423828125,983953,0.0,0.0
2011-04-04,522.4295654296875,524.7188110351562,519.4945678710938,523.2219848632812,438.30462646484375,1360849,0.0,0.0
2011-04-05,522.4295654296875,524.1905517578125,521.1968383789062,522.635009765625,437.81292724609375,1944434,0.0,0.0
2011-04-06,522.4295654296875,524.1905517578125,521.431640625,523.1046142578125,438.20623779296875,1200357,0.0,0.0
2011-04-07,522.7230224609375,526.5385131835938,522.7230224609375,525.5406494140625,440.2469787597656,2580329,0.0,0.0
2011-04-08,524.3666381835938,528.3289184570312,522.635009765625,523.57421875,438.59967041015625,1513790,0.0,0.0
2011-04-11,522.4295654296875,522.4295654296875,489.61627197265625,493.2850341796875,413.2264099121094,527848,0.0,0.0
2011-04-13,490.1739196777344,526.5385131835938,489.5575866699219,522.6643676757812,437.8375244140625,1180687,0.0,0.0
2011-04-15,504.8195495605469,518.1444702148438,475.64569091796875,501.5030212402344,420.110595703125,2174640,0.0,0.0
2011-04-18,503.5281677246094,506.9034118652344,488.06072998046875,490.3793640136719,410.7922668457031,422983,0.0,0.0
2011-04-19,487.2095642089844,495.3688659667969,480.16558837890625,487.4443664550781,408.3335876464844,261151,0.0,0.0
2011-04-20,491.90557861328125,504.7608642578125,490.4380798339844,502.2073974609375,420.7005920410156,199964,0.0,0.0
2011-04-21,499.0376281738281,501.82586669921875,488.9705810546875,490.790283203125,411.1365051269531,355996,0.0,0.0
2011-04-25,487.7378845214844,494.54705810546875,471.9476013183594,490.76092529296875,411.11187744140625,2504228,0.0,0.0
2011-04-26,484.2745666503906,510.6895446777344,482.5135803222656,508.37091064453125,425.8638000488281,3358251,0.0,0.0
2011-04-27,509.45684814453125,522.4002075195312,495.4275817871094,503.2346496582031,421.5611877441406,3678291,0.0,0.0
2011-04-28,504.05645751953125,510.1025390625,498.626708984375,503.8216552734375,422.0530090332031,4136209,0.0,0.0
2011-04-29,501.8845520019531,515.0040283203125,501.8845520019531,508.7231140136719,426.15887451171875,909329,0.0,0.0
2011-05-02,508.2828674316406,511.8635559082031,504.8489074707031,507.9306640625,425.4949951171875,368088,0.0,0.0
2011-05-03,506.81536865234375,511.8635559082031,502.26611328125,507.49041748046875,425.12628173828125,460933,0.0,0.0
2011-05-04,505.5239562988281,514.7692260742188,500.7986145019531,509.7796936035156,427.04388427734375,472250,0.0,0.0
2011-05-05,510.36669921875,510.36669921875,486.50518798828125,496.5428771972656,415.9554443359375,699780,0.0,0.0
2011-05-06,496.6015625,509.51556396484375,490.8196105957031,503.4107666015625,421.7086486816406,618480,0.0,0.0
2011-05-09,503.64556884765625,509.92645263671875,500.240966796875,502.001953125,420.528564453125,209901,0.0,0.0
2011-05-10,503.0585632324219,505.2891540527344,498.7147521972656,501.62042236328125,420.2089538574219,238243,0.0,0.0
2011-05-11,501.8845520019531,507.1675720214844,499.53656005859375,504.11517333984375,422.298828125,345870,0.0,0.0
2011-05-12,506.58056640625,515.9725341796875,504.8782653808594,507.4610595703125,425.10162353515625,624395,0.0,0.0
2011-05-13,517.7335205078125,520.6685180664062,509.72100830078125,512.2744750976562,429.13385009765625,890579,0.0,0.0
2011-05-16,510.7189025878906,515.9138793945312,494.81121826171875,496.9244079589844,416.2750244140625,418364,0.0,0.0
2011-05-17,496.6602783203125,503.58685302734375,490.9076843261719,496.63092041015625,416.0291748046875,611463,0.0,0.0
2011-05-18,500.1235656738281,504.0858154296875,492.11102294921875,493.0208740234375,413.00506591796875,250506,0.0,0.0
2011-05-19,490.7315673828125,501.7965087890625,490.7315673828125,499.3604736328125,418.3158264160156,183240,0.0,0.0
2011-05-20,498.9495544433594,508.341552734375,496.1319580078125,506.4044494628906,424.2165832519531,351850,0.0,0.0
2011-05-23,504.8195495605469,509.51556396484375,499.12567138671875,508.2535095214844,425.76544189453125,442647,0.0,0.0
2011-05-24,508.9285583496094,512.9495239257812,501.4443054199219,510.0438537597656,427.2652587890625,274773,0.0,0.0
2011-05-25,510.6895446777344,513.0375366210938,501.82586669921875,504.8195495605469,422.88885498046875,331727,0.0,0.0
2011-05-26,504.8195495605469,515.9725341796875,499.53656005859375,509.2220458984375,426.5768127441406,753438,0.0,0.0
2011-05-27,501.9726257324219,512.4212036132812,501.9726257324219,510.2492980957031,427.4373779296875,149688,0.0,0.0
2011-05-30,506.6098937988281,516.5595703125,503.4107666015625,505.8468017578125,423.7493896484375,136178,0.0,0.0
2011-05-31,500.1235656738281,518.9075317382812,500.1235656738281,512.920166015625,429.6747131347656,421472,0.0,0.0
2011-06-01,513.6245727539062,522.9871826171875,513.6245727539062,521.284912109375,436.6818542480469,263708,0.0,0.0
2011-06-02,518.9075317382812,521.4903564453125,516.5008544921875,519.406494140625,435.1083679199219,203189,0.0,0.0
2011-06-03,521.0794677734375,531.0584106445312,518.320556640625,522.6643676757812,437.8375244140625,395686,0.0,0.0
2011-06-06,521.842529296875,528.299560546875,518.0270385742188,526.5092163085938,441.0583801269531,221008,0.0,0.0
2011-06-07,522.5469360351562,528.18212890625,520.3750610351562,525.4525756835938,440.1731262207031,160799,0.0,0.0
2011-06-08,521.4022827148438,524.7775268554688,515.1213989257812,516.0606079101562,432.30548095703125,147586,0.0,0.0
2011-06-09,517.7335205078125,519.4652099609375,506.0229187011719,509.72100830078125,426.99481201171875,145765,0.0,0.0
2011-06-10,510.6895446777344,511.54071044921875,506.58056640625,510.0438537597656,427.2652587890625,153497,0.0,0.0
2011-06-13,511.8048400878906,517.1465454101562,506.8740539550781,516.29541015625,432.502197265625,104562,0.0,0.0
2011-06-14,510.9243469238281,524.7775268554688,510.9243469238281,518.5553588867188,434.3953857421875,107751,0.0,0.0
2011-06-15,517.4987182617188,518.2324829101562,486.1529846191406,512.53857421875,429.3551025390625,206535,0.0,0.0
2011-06-16,511.4233093261719,516.0606079101562,507.255615234375,512.802734375,429.5763854980469,81460,0.0,0.0
2011-06-17,510.6895446777344,513.6245727539062,508.9285583496094,510.80694580078125,427.90447998046875,174819,0.0,0.0
2011-06-20,508.9285583496094,511.4233093261719,486.2703857421875,496.42547607421875,415.8570556640625,416487,0.0,0.0
2011-06-21,500.68121337890625,502.26611328125,490.4087219238281,494.0481262207031,413.8655700683594,145627,0.0,0.0
2011-06-22,495.7210693359375,500.65185546875,488.911865234375,498.3332214355469,417.4552307128906,92746,0.0,0.0
2011-06-23,499.53656005859375,501.4443054199219,495.4275817871094,497.4233703613281,416.69305419921875,141282,0.0,0.0
2011-06-24,494.2535705566406,518.9075317382812,494.2535705566406,516.0899658203125,432.3301086425781,290039,0.0,0.0
2011-06-27,513.3310546875,521.69580078125,513.3310546875,518.2618408203125,434.14947509765625,149592,0.0,0.0
2011-06-28,518.4966430664062,521.7545166015625,513.8300170898438,518.9662475585938,434.7395324707031,193209,0.0,0.0
2011-06-29,517.2932739257812,525.3645629882812,516.5302124023438,523.6915893554688,438.6980285644531,357920,0.0,0.0
2011-06-30,524.4840698242188,527.0668334960938,514.827880859375,522.4295654296875,437.6408386230469,538566,0.0,0.0
2011-07-01,524.1905517578125,525.3645629882812,521.3435668945312,524.3079223632812,439.2143249511719,93286,0.0,0.0
2011-07-04,522.5469360351562,529.4442138671875,522.5469360351562,527.1549072265625,441.5992126464844,174182,0.0,0.0
2011-07-05,523.3687133789062,529.4148559570312,519.6119384765625,522.3414916992188,437.5670166015625,220427,0.0,0.0
2011-07-06,521.2555541992188,521.7838745117188,515.3855590820312,516.8823852539062,432.9939270019531,47906,0.0,0.0
2011-07-07,514.2115478515625,529.4148559570312,514.2115478515625,524.0731201171875,439.0176086425781,243327,0.0,0.0
2011-07-08,521.3435668945312,544.7355346679688,521.3435668945312,537.3980102539062,450.1798095703125,582664,0.0,0.0
2011-07-11,538.2785034179688,545.9095458984375,535.6957397460938,539.4525146484375,451.9010009765625,320013,0.0,0.0
2011-07-12,539.4525146484375,539.4525146484375,532.5259399414062,534.66845703125,447.8933410644531,208047,0.0,0.0
2011-07-13,535.8131103515625,542.9745483398438,533.58251953125,539.3351440429688,451.802734375,327581,0.0,0.0
2011-07-14,541.7418212890625,541.7711791992188,528.8865356445312,532.4085083007812,446.0001220703125,195061,0.0,0.0
2011-07-15,533.58251953125,535.5196533203125,523.0165405273438,532.5259399414062,446.09857177734375,158613,0.0,0.0
2011-07-18,531.821533203125,536.5175170898438,527.65380859375,529.2094116210938,443.3203430175781,90817,0.0,0.0
2011-07-19,527.3897094726562,534.7565307617188,524.4840698242188,533.4651489257812,446.8852844238281,151085,0.0,0.0
2011-07-20,533.58251953125,540.59716796875,531.263916015625,538.014404296875,450.6962585449219,341150,0.0,0.0
2011-07-21,536.9871215820312,548.9912719726562,535.607666015625,545.2637939453125,456.76910400390625,631581,0.0,0.0
2011-07-22,543.708251953125,551.1925048828125,543.708251953125,547.1128540039062,458.31805419921875,243967,0.0,0.0
2011-07-25,544.9703369140625,555.8884887695312,542.9745483398438,554.3329467773438,464.3662414550781,419797,0.0,0.0
2011-07-26,554.1275024414062,557.6495361328125,549.6076049804688,553.5698852539062,463.72711181640625,391094,0.0,0.0
2011-07-27,548.9912719726562,552.8948364257812,535.5490112304688,539.100341796875,451.6058654785156,237615,0.0,0.0
2011-07-28,538.8655395507812,548.7271118164062,525.5700073242188,541.7711791992188,453.8433532714844,648056,0.0,0.0
2011-07-29,554.1275024414062,554.1275024414062,532.2030639648438,542.5929565429688,454.53173828125,465884,0.0,0.0
2011-08-01,538.2785034179688,545.6160278320312,536.693603515625,538.5133056640625,451.11419677734375,452884,0.0,0.0
2011-08-02,537.1045532226562,542.9745483398438,535.4022216796875,540.06884765625,452.4173278808594,206291,0.0,0.0
2011-08-03,534.1695556640625,540.03955078125,531.41064453125,535.6957397460938,448.75396728515625,117495,0.0,0.0
2011-08-04,535.4609375,541.2135009765625,526.3037109375,529.3561401367188,443.4432373046875,143594,0.0,0.0
2011-08-05,522.5469360351562,528.2702026367188,513.6245727539062,525.335205078125,440.0748596191406,239569,0.0,0.0
2011-08-08,513.6245727539062,527.7125244140625,508.9285583496094,512.127685546875,429.0108947753906,289932,0.0,0.0
2011-08-09,504.8489074707031,522.4295654296875,498.9495544433594,513.7125854492188,430.33856201171875,352463,0.0,0.0
2011-08-10,515.7083740234375,519.4945678710938,506.7860107421875,516.706298828125,432.84649658203125,249792,0.0,0.0
2011-08-11,509.04595947265625,527.7125244140625,509.04595947265625,521.3142700195312,436.70648193359375,157419,0.0,0.0
2011-08-12,519.6412963867188,526.949462890625,504.8782653808594,510.7189025878906,427.8307800292969,233305,0.0,0.0
2011-08-16,511.5993957519531,521.2555541992188,504.96630859375,507.3730163574219,425.0279235839844,109572,0.0,0.0
2011-08-17,505.40655517578125,524.7775268554688,505.40655517578125,512.3624877929688,429.2076110839844,184213,0.0,0.0
2011-08-18,512.4212036132812,516.4127807617188,505.7000732421875,509.7796936035156,427.04388427734375,93286,0.0,0.0
2011-08-19,499.27239990234375,513.5071411132812,499.27239990234375,508.9285583496094,426.3309326171875,194860,0.0,0.0
2011-08-22,510.6895446777344,516.3834228515625,501.09210205078125,512.53857421875,429.3551025390625,210892,0.0,0.0
2011-08-23,518.320556640625,520.8446655273438,506.4044494628906,513.8006591796875,430.4123229980469,144719,0.0,0.0
2011-08-24,512.4505615234375,516.5008544921875,506.1109619140625,510.0732116699219,427.2898254394531,203507,0.0,0.0
2011-08-25,506.3751220703125,516.5008544921875,504.8195495605469,511.6287536621094,428.59295654296875,282293,0.0,0.0
2011-08-26,510.7482604980469,515.3268432617188,493.0795593261719,501.15081787109375,419.8155212402344,209001,0.0,0.0
2011-08-29,501.8845520019531,513.1549682617188,500.7105712890625,509.2220458984375,426.5768127441406,260170,0.0,0.0
2011-08-30,510.7189025878906,525.3645629882812,507.1675720214844,519.7586669921875,435.40338134765625,162589,0.0,0.0
2011-09-02,526.83203125,528.299560546875,507.8132629394531,510.7776184082031,427.87994384765625,206575,0.0,0.0
2011-09-05,511.27655029296875,511.27655029296875,502.2073974609375,509.6036071777344,426.8964538574219,330754,0.0,0.0
2011-09-06,508.9285583496094,510.5134582519531,501.35626220703125,503.205322265625,421.53662109375,269247,0.0,0.0
2011-09-07,507.69586181640625,512.0983276367188,503.64556884765625,508.6643981933594,426.1097106933594,245734,0.0,0.0
2011-09-08,511.305908203125,517.1171875,509.51556396484375,511.4526672363281,428.4454650878906,146778,0.0,0.0
2011-09-09,510.1025390625,511.95159912109375,497.8342590332031,500.505126953125,419.2745666503906,170066,0.0,0.0
2011-09-12,496.89508056640625,498.3038635253906,490.1445617675781,493.46112060546875,413.37384033203125,213823,0.0,0.0
2011-09-13,493.72528076171875,506.49249267578125,488.3835754394531,498.2745056152344,417.4060974121094,218661,0.0,0.0
2011-09-14,502.44219970703125,502.44219970703125,490.1445617675781,497.3646545410156,416.6438293457031,159908,0.0,0.0
2011-09-15,502.1780700683594,504.8195495605469,496.0145568847656,500.8572998046875,419.56964111328125,177954,0.0,0.0
2011-09-16,497.77557373046875,511.8048400878906,497.77557373046875,510.5428161621094,427.6832275390625,556816,0.0,0.0
2011-09-19,504.8195495605469,505.7587585449219,500.1235656738281,503.9390563964844,422.1512756347656,124381,0.0,0.0
2011-09-20,502.1780700683594,516.442138671875,500.240966796875,514.3289794921875,430.85498046875,123494,0.0,0.0
2011-09-21,514.3289794921875,528.299560546875,511.4526672363281,527.0668334960938,441.5254821777344,188577,0.0,0.0
2011-09-22,512.656005859375,518.320556640625,496.6015625,501.3856201171875,420.01220703125,269787,0.0,0.0
2011-09-23,502.4715576171875,506.2283630371094,494.312255859375,502.0899963378906,420.6022644042969,352223,0.0,0.0
2011-09-26,502.0899963378906,503.64556884765625,488.9705810546875,496.33740234375,415.7832946777344,211659,0.0,0.0
2011-09-27,497.1885681152344,504.8195495605469,497.1885681152344,501.9432678222656,420.47943115234375,127284,0.0,0.0
2011-09-28,508.9285583496094,508.9285583496094,476.8783874511719,489.20538330078125,409.80877685546875,310143,0.0,0.0
2011-09-29,491.7294616699219,507.7545471191406,481.3395690917969,504.79022216796875,422.86431884765625,279342,0.0,0.0
2011-09-30,501.2975769042969,502.29547119140625,483.6582336425781,491.7588195800781,411.94781494140625,523564,0.0,0.0
2011-10-03,485.83013916015625,489.5282287597656,477.2305908203125,485.1844177246094,406.4404296875,290787,0.0,0.0
2011-10-04,481.3689270019531,492.4338684082031,478.55133056640625,487.7672119140625,408.6040344238281,217724,0.0,0.0
2011-10-05,485.15509033203125,491.7881774902344,479.3731384277344,485.2724609375,406.51422119140625,170960,0.0,0.0
2011-10-07,490.1445617675781,502.8824462890625,490.1445617675781,491.23052978515625,411.50531005859375,332111,0.0,0.0
2011-10-10,491.23052978515625,498.890869140625,484.3332824707031,486.211669921875,407.3009338378906,276322,0.0,0.0
2011-10-11,491.7881774902344,498.9495544433594,486.65191650390625,487.6498107910156,408.50567626953125,327870,0.0,0.0
2011-10-12,494.07745361328125,528.299560546875,492.6393127441406,496.9831237792969,416.3242492675781,199049,0.0,0.0
2011-10-13,497.8342590332031,499.3898010253906,485.6246643066406,491.3185729980469,411.5790100097656,194288,0.0,0.0
2011-10-14,495.22210693359375,501.7084655761719,490.7315673828125,495.89715576171875,415.4145202636719,155703,0.0,0.0
2011-10-17,493.66656494140625,497.5994567871094,483.6875915527344,484.3919677734375,405.776611328125,152424,0.0,0.0
2011-10-18,477.2305908203125,482.19073486328125,472.00628662109375,478.8741760253906,401.1543273925781,263543,0.0,0.0
2011-10-19,481.92657470703125,490.0565185546875,477.2305908203125,488.8531799316406,409.51373291015625,321419,0.0,0.0
2011-10-20,484.2745666503906,487.0628356933594,473.12158203125,476.0859375,398.8186950683594,236097,0.0,0.0
2011-10-21,480.0775451660156,484.2745666503906,476.05657958984375,482.9244689941406,404.54730224609375,159173,0.0,0.0
2011-10-24,490.1445617675781,493.0208740234375,477.8175964355469,479.63726806640625,401.7936096191406,434443,0.0,0.0
2011-10-25,486.03558349609375,497.1885681152344,479.5785827636719,492.55126953125,412.6116638183594,361148,0.0,0.0
2011-10-28,498.92022705078125,515.0333251953125,497.7462158203125,500.0355224609375,418.88128662109375,222685,0.0,0.0
2011-10-31,500.68121337890625,512.0396728515625,500.4464111328125,501.82586669921875,420.38104248046875,256177,0.0,0.0
2011-11-01,501.8845520019531,507.7545471191406,491.9349060058594,495.8091125488281,415.3407897949219,146848,0.0,0.0
2011-11-02,493.0795593261719,503.0585632324219,492.4925842285156,500.5344543457031,419.2991638183594,108793,0.0,0.0
2011-11-03,496.6896057128906,504.8195495605469,491.37725830078125,502.23675537109375,420.72528076171875,217279,0.0,0.0
2011-11-04,501.8845520019531,510.1025390625,501.8845520019531,505.9642028808594,423.84771728515625,198182,0.0,0.0
2011-11-08,504.2325439453125,507.5491027832031,495.6330261230469,499.3898010253906,418.34033203125,140173,0.0,0.0
2011-11-09,499.8594055175781,501.855224609375,485.4485778808594,487.38568115234375,408.28448486328125,234356,0.0,0.0
2011-11-11,484.2745666503906,489.9978332519531,481.92657470703125,486.8280334472656,407.8172607421875,203608,0.0,0.0
2011-11-14,487.9433288574219,492.4925842285156,477.2305908203125,479.1089782714844,401.35101318359375,160414,0.0,0.0
2011-11-15,479.1089782714844,479.5785827636719,454.9245910644531,462.9371337890625,387.8038330078125,399048,0.0,0.0
2011-11-16,459.0335998535156,461.381591796875,434.4383239746094,440.1322021484375,368.70001220703125,559714,0.0,0.0
2011-11-17,439.07562255859375,439.07562255859375,419.7046203613281,423.6375427246094,354.8824462890625,402315,0.0,0.0
2011-11-18,420.8786315917969,434.26220703125,412.0736389160156,429.1846618652344,359.5292663574219,311235,0.0,0.0
2011-11-21,429.6836242675781,434.35028076171875,420.52642822265625,423.197265625,354.513671875,324777,0.0,0.0
2011-11-22,428.450927734375,431.4446105957031,406.9080505371094,410.635498046875,343.9905700683594,745905,0.0,0.0
2011-11-23,410.3126525878906,410.3126525878906,389.1219482421875,400.62713623046875,335.60650634765625,671728,0.0,0.0
2011-11-24,400.0401611328125,408.99188232421875,382.7236633300781,402.7696838378906,337.4013977050781,575015,0.0,0.0
2011-11-25,398.86614990234375,410.0191345214844,392.11566162109375,404.5013427734375,338.85198974609375,242589,0.0,0.0
2011-11-28,413.77593994140625,420.9666748046875,399.27703857421875,414.421630859375,347.1622314453125,556917,0.0,0.0
2011-11-29,416.7696228027344,417.7675476074219,405.61663818359375,409.1386413574219,342.7366638183594,620359,0.0,0.0
2011-11-30,409.1386413574219,411.721435546875,394.4636535644531,404.4132995605469,338.7782287597656,535581,0.0,0.0
2011-12-01,413.8346252441406,418.5306396484375,407.9646301269531,411.3692321777344,344.605224609375,358800,0.0,0.0
2011-12-02,409.72564697265625,428.5096130371094,409.46148681640625,424.6647644042969,355.7429504394531,269555,0.0,0.0
2011-12-05,425.51593017578125,431.4446105957031,416.7696228027344,421.6123962402344,353.18597412109375,236487,0.0,0.0
2011-12-07,422.6396179199219,427.9226379394531,419.7046203613281,427.07147216796875,357.7590026855469,156972,0.0,0.0
2011-12-08,423.8136291503906,424.3125915527344,413.8639831542969,416.6522216796875,349.03076171875,226753,0.0,0.0
2011-12-09,413.4237365722656,420.9079895019531,399.1889953613281,405.41119384765625,339.6141357421875,503266,0.0,0.0
2011-12-12,410.8996276855469,410.8996276855469,394.6690979003906,399.2477111816406,334.4509582519531,533756,0.0,0.0
2011-12-13,399.1596374511719,405.0296325683594,387.18487548828125,400.5684509277344,335.557373046875,435339,0.0,0.0
2011-12-14,395.1974182128906,399.042236328125,390.76556396484375,393.1429138183594,329.3370056152344,203521,0.0,0.0
2011-12-15,390.3546447753906,398.8074645996094,388.1240539550781,392.4678649902344,328.771484375,358494,0.0,0.0
2011-12-16,392.11566162109375,399.1596374511719,377.0591125488281,381.1681213378906,319.3056640625,489024,0.0,0.0
2011-12-19,380.0528259277344,380.9626770019531,374.50567626953125,377.9396057128906,316.6011047363281,402022,0.0,0.0
2011-12-20,377.47003173828125,380.9039611816406,367.8725891113281,370.01513671875,309.9627685546875,268458,0.0,0.0
2011-12-21,375.7090148925781,386.8326721191406,372.7446594238281,383.927001953125,321.6167907714844,272771,0.0,0.0
2011-12-22,385.0129699707031,389.62091064453125,376.26666259765625,381.3735656738281,319.4778137207031,285390,0.0,0.0
2011-12-23,381.5496520996094,390.3546447753906,380.3463134765625,386.18695068359375,323.50994873046875,327100,0.0,0.0
2011-12-26,386.8326721191406,393.7592468261719,381.6083679199219,383.3987121582031,321.1742248535156,326017,0.0,0.0
2011-12-27,383.3106689453125,392.9374694824219,379.2603759765625,390.6775207519531,327.2716979980469,189494,0.0,0.0
2011-12-28,392.99615478515625,396.2246398925781,384.22052001953125,385.57061767578125,322.9936828613281,226136,0.0,0.0
2011-12-29,385.0716552734375,385.0716552734375,371.3945617675781,374.740478515625,313.9212341308594,364829,0.0,0.0
2011-12-30,375.6796569824219,382.66497802734375,375.0926818847656,376.8536682128906,315.6914367675781,260923,0.0,0.0
2012-01-02,379.5245056152344,381.5496520996094,370.8369140625,374.5937194824219,313.7982482910156,99182,0.0,0.0
2012-01-03,378.55596923828125,393.2896423339844,375.6796569824219,391.5580139160156,328.0093078613281,462201,0.0,0.0
2012-01-04,392.7026672363281,395.02130126953125,385.2477722167969,390.0611572265625,326.75543212890625,236381,0.0,0.0
2012-01-05,387.4783630371094,391.5286560058594,384.4846496582031,387.6838073730469,324.7638244628906,266121,0.0,0.0
2012-01-06,387.4196472167969,394.1994934082031,379.8473815917969,391.64605712890625,328.08306884765625,218281,0.0,0.0
2012-01-09,393.8179626464844,400.8619384765625,392.7026672363281,398.5139465332031,333.8363037109375,301978,0.0,0.0
2012-01-10,399.74664306640625,417.35662841796875,399.74664306640625,415.0966796875,347.72772216796875,225252,0.0,0.0
2012-01-11,414.39227294921875,418.3545227050781,410.107177734375,413.51177978515625,346.3999938964844,114911,0.0,0.0
2012-01-12,415.0086364746094,434.1448059082031,411.7801513671875,421.025390625,352.6941833496094,243271,0.0,0.0
2012-01-13,427.80523681640625,427.8639221191406,415.59564208984375,424.2832336425781,355.4233093261719,237945,0.0,0.0
2012-01-16,423.1092224121094,426.3670654296875,419.9981384277344,423.3440246582031,359.7236328125,200402,6.0,0.0
2012-01-17,424.7528381347656,443.4781188964844,424.7528381347656,440.6605224609375,374.437744140625,284852,0.0,0.0
2012-01-18,441.9225769042969,444.06512451171875,431.8848571777344,437.72552490234375,371.94384765625,242707,0.0,0.0
2012-01-19,440.2496032714844,443.1846008300781,433.2349853515625,437.19720458984375,371.4949035644531,243795,0.0,0.0
2012-01-20,436.140625,447.0588073730469,436.0819091796875,442.45086669921875,375.9589538574219,377257,0.0,0.0
2012-01-23,441.7464599609375,446.0609130859375,437.93096923828125,440.16156005859375,374.0137939453125,126523,0.0,0.0
2012-01-24,440.16156005859375,450.81561279296875,433.4991149902344,447.7338562011719,380.44805908203125,785240,0.0,0.0
2012-01-25,450.81561279296875,451.9895935058594,439.780029296875,441.77581787109375,375.3854064941406,466327,0.0,0.0
2012-01-27,446.002197265625,446.002197265625,436.2580261230469,442.4215087890625,375.9341125488281,318276,0.0,0.0
2012-01-30,438.4886169433594,443.7129211425781,431.7381286621094,435.1427307128906,369.7491760253906,315550,0.0,0.0
2012-01-31,434.3796081542969,436.0819091796875,416.0945739746094,429.2433776855469,364.73638916015625,1455333,0.0,0.0
2012-02-01,421.46563720703125,432.00225830078125,419.0589294433594,429.5075378417969,364.9608154296875,427359,0.0,0.0
2012-02-02,431.4446105957031,433.82196044921875,422.6396179199219,429.9477844238281,365.33489990234375,309116,0.0,0.0
2012-02-03,429.09661865234375,441.4236145019531,429.09661865234375,440.22027587890625,374.063720703125,496877,0.0,0.0
2012-02-06,443.1552734375,459.9728088378906,441.4236145019531,457.331298828125,388.6032409667969,887043,0.0,0.0
2012-02-07,457.8595886230469,463.7295837402344,452.0189514160156,456.01055908203125,387.4809265136719,283020,0.0,0.0
2012-02-08,457.8595886230469,462.4088439941406,451.8428649902344,460.8533020019531,391.595947265625,246770,0.0,0.0
2012-02-09,462.4382019042969,471.53668212890625,458.03570556640625,470.2746276855469,399.6014404296875,320814,0.0,0.0
2012-02-10,470.18658447265625,470.18658447265625,457.9183044433594,463.93505859375,394.2146301269531,249531,0.0,0.0
2012-02-13,464.31658935546875,475.9978942871094,458.0650634765625,472.9161376953125,401.845947265625,252484,0.0,0.0
2012-02-14,471.59539794921875,471.59539794921875,461.88055419921875,464.081787109375,394.3392028808594,172197,0.0,0.0
2012-02-15,467.8092346191406,472.182373046875,464.9035949707031,468.9832458496094,398.50408935546875,138022,0.0,0.0
2012-02-16,468.83648681640625,471.9182434082031,457.83026123046875,469.2767333984375,398.7535400390625,97667,0.0,0.0
2012-02-17,470.18658447265625,492.962158203125,465.4906005859375,482.3668212890625,409.87640380859375,452417,0.0,0.0
2012-02-21,483.2179870605469,492.4925842285156,483.1299133300781,485.5953369140625,412.6197204589844,292398,0.0,0.0
2012-02-22,487.15087890625,490.02716064453125,469.5995788574219,474.5890808105469,403.2674560546875,292332,0.0,0.0
2012-02-23,474.29559326171875,484.2745666503906,469.71697998046875,477.2599182128906,405.5369567871094,563077,0.0,0.0
2012-02-24,469.5995788574219,482.5135803222656,461.9685974121094,464.9622802734375,395.08746337890625,285206,0.0,0.0
2012-02-27,463.7295837402344,468.42559814453125,441.4822998046875,453.98541259765625,385.7601623535156,310422,0.0,0.0
2012-02-28,456.68560791015625,478.96221923828125,450.8742980957031,476.35009765625,404.7638854980469,332857,0.0,0.0
2012-02-29,478.4045715332031,483.6288757324219,463.7295837402344,467.3983459472656,397.15740966796875,171337,0.0,0.0
2012-03-01,464.31658935546875,479.5785827636719,459.09228515625,477.025146484375,405.3374938964844,218886,0.0,0.0
2012-03-02,477.0544738769531,483.1005859375,463.7295837402344,467.1048278808594,396.90802001953125,256531,0.0,0.0
2012-03-05,464.31658935546875,467.2515869140625,436.0819091796875,449.87640380859375,382.26861572265625,257891,0.0,0.0
2012-03-06,449.0545959472656,466.4297790527344,446.1489562988281,461.4989929199219,392.14459228515625,296734,0.0,0.0
2012-03-07,460.7945861816406,467.8092346191406,455.5115966796875,463.64154052734375,393.96514892578125,170523,0.0,0.0
2012-03-09,463.70025634765625,474.1194763183594,459.59124755859375,463.23065185546875,393.6159973144531,277121,0.0,0.0
2012-03-12,469.5995788574219,476.6435852050781,463.7295837402344,474.1488342285156,402.8934020996094,286504,0.0,0.0
2012-03-13,477.7882385253906,480.98736572265625,470.9496765136719,473.3857421875,402.2449951171875,293933,0.0,0.0
2012-03-14,476.05657958984375,480.1949157714844,473.15093994140625,475.8804931640625,404.3648376464844,205674,0.0,0.0
2012-03-15,475.4695739746094,476.6435852050781,464.05242919921875,471.4486389160156,400.5989990234375,228085,0.0,0.0
2012-03-16,469.5995788574219,478.4045715332031,447.5284118652344,453.25164794921875,385.13665771484375,358378,0.0,0.0
2012-03-19,454.86590576171875,459.7086486816406,442.65631103515625,454.86590576171875,386.5083312988281,235427,0.0,0.0
2012-03-20,457.0378112792969,463.0838928222656,450.81561279296875,460.06085205078125,390.922607421875,263257,0.0,0.0
2012-03-21,460.32501220703125,476.4674987792969,454.39630126953125,470.42138671875,399.7261657714844,271898,0.0,0.0
2012-03-22,469.5995788574219,477.8175964355469,453.2222900390625,462.32080078125,392.8428955078125,343254,0.0,0.0
2012-03-23,463.7295837402344,465.05035400390625,453.3690490722656,457.0378112792969,388.35382080078125,200286,0.0,0.0
2012-03-26,457.2726135253906,459.0335998535156,446.8533630371094,449.61224365234375,382.0442199707031,198848,0.0,0.0
2012-03-27,458.7401123046875,460.7652587890625,442.9791564941406,446.5892028808594,379.4754638671875,286104,0.0,0.0
2012-03-28,448.4969482421875,454.9245910644531,443.1846008300781,452.0483093261719,384.1141662597656,153490,0.0,0.0
2012-03-29,451.9895935058594,451.9895935058594,431.85552978515625,437.5787658691406,371.81915283203125,457950,0.0,0.0
2012-03-30,437.6961669921875,447.17620849609375,432.3544616699219,445.82611083984375,378.82708740234375,337240,0.0,0.0
2012-04-02,440.9246520996094,456.0692443847656,440.9246520996094,453.0755615234375,384.9870300292969,204066,0.0,0.0
2012-04-03,454.9245910644531,465.960205078125,453.1342468261719,463.02520751953125,393.4414367675781,174274,0.0,0.0
2012-04-04,460.47174072265625,465.4906005859375,457.9183044433594,462.2327575683594,392.7680969238281,175436,0.0,0.0
2012-04-09,462.4088439941406,463.40673828125,449.0545959472656,452.2243957519531,384.26373291015625,238604,0.0,0.0
2012-04-10,449.1719970703125,461.381591796875,448.99591064453125,458.71075439453125,389.775390625,185441,0.0,0.0
2012-04-11,455.5115966796875,457.8595886230469,449.0545959472656,452.2243957519531,384.26373291015625,175306,0.0,0.0
2012-04-12,453.3690490722656,466.0776062011719,452.57659912109375,462.995849609375,393.4165344238281,189327,0.0,0.0
2012-04-13,463.2012939453125,479.5785827636719,462.08599853515625,464.345947265625,394.5637512207031,314952,0.0,0.0
2012-04-16,460.94134521484375,474.8825988769531,458.91619873046875,471.4192810058594,400.57403564453125,193405,0.0,0.0
2012-04-17,469.0126037597656,480.7525939941406,465.4906005859375,477.20123291015625,405.487060546875,266201,0.0,0.0
2012-04-18,481.3395690917969,493.0795593261719,480.37103271484375,487.4737243652344,414.21588134765625,504414,0.0,0.0
2012-04-19,482.572265625,488.6183776855469,480.2242736816406,487.18023681640625,413.9664611816406,218587,0.0,0.0
2012-04-20,483.74627685546875,488.1781311035156,474.50103759765625,475.9978942871094,404.46453857421875,194269,0.0,0.0
2012-04-23,472.88677978515625,477.7882385253906,461.1761474609375,463.0545349121094,393.46636962890625,118083,0.0,0.0
2012-04-24,464.9035949707031,472.5345764160156,462.8784484863281,467.28094482421875,397.05767822265625,284787,0.0,0.0
2012-04-25,467.8385925292969,467.8385925292969,453.7506103515625,456.9790954589844,388.303955078125,356513,0.0,0.0
2012-04-26,454.80718994140625,457.8595886230469,447.880615234375,453.8680114746094,385.660400390625,241099,0.0,0.0
2012-04-27,457.8595886230469,469.57025146484375,454.80718994140625,461.5577087402344,392.1944885253906,651646,0.0,0.0
2012-04-30,458.44659423828125,460.7945861816406,452.341796875,454.7191467285156,386.3836364746094,247749,0.0,0.0
2012-05-02,454.0734558105469,454.80718994140625,446.8827209472656,449.9938049316406,382.368408203125,305945,0.0,0.0
2012-05-03,447.17620849609375,454.631103515625,441.3942565917969,449.3774719238281,381.84478759765625,284819,0.0,0.0
2012-05-04,445.0043029785156,451.5493469238281,437.3439636230469,439.8387145996094,373.7394714355469,218211,0.0,0.0
2012-05-07,434.3796081542969,451.9895935058594,428.5389709472656,446.4424743652344,379.3507995605469,364763,0.0,0.0
2012-05-08,445.6500244140625,454.9245910644531,424.9582824707031,428.42156982421875,364.0380554199219,378986,0.0,0.0
2012-05-09,424.42999267578125,430.1532287597656,413.2476501464844,420.79058837890625,357.5538635253906,457979,0.0,0.0
2012-05-10,416.7696228027344,427.33563232421875,416.7696228027344,422.4341735839844,358.950439453125,471823,0.0,0.0
2012-05-11,418.5893249511719,422.522216796875,411.48663330078125,415.9184875488281,353.4139099121094,209460,0.0,0.0
2012-05-14,413.8346252441406,421.5536804199219,410.3126525878906,418.76544189453125,355.8330993652344,215632,0.0,0.0
2012-05-15,414.421630859375,428.5096130371094,412.22039794921875,424.9876403808594,361.1202087402344,168518,0.0,0.0
2012-05-16,416.7696228027344,420.2916259765625,411.48663330078125,415.2434387207031,352.8403625488281,281434,0.0,0.0
2012-05-17,416.7696228027344,422.0232849121094,399.8934020996094,405.4992370605469,344.5605163574219,299737,0.0,0.0
2012-05-18,400.8619384765625,410.3126525878906,390.6481628417969,405.7927551269531,344.8098449707031,288921,0.0,0.0
2012-05-21,405.67535400390625,413.2182922363281,402.0946350097656,402.2120361328125,341.7673645019531,249478,0.0,0.0
2012-05-22,403.9730529785156,410.3126525878906,391.1177673339844,393.7886047363281,334.6097717285156,149817,0.0,0.0
2012-05-23,392.6439514160156,395.8724670410156,388.06536865234375,392.3504638671875,333.3877868652344,232347,0.0,0.0
2012-05-24,392.820068359375,402.0946350097656,391.0884094238281,400.48040771484375,340.29595947265625,117652,0.0,0.0
2012-05-25,400.0988464355469,408.5516357421875,395.1387023925781,404.7655029296875,343.9370422363281,239610,0.0,0.0
2012-05-28,401.5369873046875,412.42584228515625,401.5369873046875,403.0632019042969,342.4906005859375,231361,0.0,0.0
2012-05-29,407.5537414550781,408.37554931640625,396.2833557128906,398.4259033203125,338.5502014160156,262027,0.0,0.0
2012-05-30,393.93536376953125,397.3986511230469,388.7110595703125,389.88507080078125,331.29278564453125,143168,0.0,0.0
2012-05-31,388.00665283203125,401.5076599121094,381.5496520996094,397.72149658203125,337.95159912109375,384785,0.0,0.0
2012-06-01,394.5223693847656,399.9227600097656,375.6796569824219,378.29180908203125,321.44183349609375,293015,0.0,0.0
2012-06-04,375.6209716796875,396.2246398925781,369.78033447265625,390.09051513671875,331.4674072265625,218790,0.0,0.0
2012-06-05,393.3190002441406,397.7508544921875,379.20166015625,380.84527587890625,323.6116027832031,244541,0.0,0.0
2012-06-06,386.1282653808594,395.6376647949219,383.4280700683594,391.3525695800781,332.5398254394531,379966,0.0,0.0
2012-06-07,392.7613525390625,397.98565673828125,384.4846496582031,393.1722412109375,334.0860595703125,408703,0.0,0.0
2012-06-08,391.2938537597656,400.3042907714844,388.06536865234375,395.1093444824219,335.7319641113281,436381,0.0,0.0
2012-06-11,396.8116455078125,408.78643798828125,396.6942443847656,400.0694885253906,339.9467468261719,304046,0.0,0.0
2012-06-12,399.1596374511719,402.534912109375,392.37982177734375,401.09674072265625,340.8196105957031,422654,0.0,0.0
2012-06-13,401.62506103515625,409.72564697265625,399.1596374511719,408.4049072265625,347.0295104980469,357540,0.0,0.0
2012-06-14,407.9646301269531,415.12603759765625,405.14703369140625,407.2895812988281,346.08184814453125,425095,0.0,0.0
2012-06-15,410.19525146484375,412.0736389160156,404.970947265625,409.3734436035156,347.8525085449219,224816,0.0,0.0
2012-06-18,411.48663330078125,413.8346252441406,394.4636535644531,399.80535888671875,339.7222900390625,226322,0.0,0.0
2012-06-19,399.74664306640625,410.5474548339844,399.74664306640625,409.43212890625,347.9024658203125,154683,0.0,0.0
2012-06-20,406.4090881347656,419.5285339355469,402.0946350097656,416.2413330078125,353.6882629394531,320662,0.0,0.0
2012-06-21,415.7130432128906,424.9876403808594,415.5662841796875,423.2559814453125,359.6487731933594,225145,0.0,0.0
2012-06-22,421.46563720703125,424.37127685546875,415.625,419.58721923828125,356.5313415527344,183214,0.0,0.0
2012-06-25,423.46142578125,425.51593017578125,407.3776550292969,410.60614013671875,348.8999328613281,136407,0.0,0.0
2012-06-26,411.1637878417969,419.1176452636719,408.58099365234375,415.9771728515625,353.46380615234375,113952,0.0,0.0
2012-06-27,417.5033874511719,421.46563720703125,413.8346252441406,414.685791015625,352.3664855957031,123618,0.0,0.0
2012-06-28,415.1553955078125,423.6375427246094,415.1553955078125,419.7926940917969,356.7059631347656,143860,0.0,0.0
2012-06-29,420.8786315917969,434.3796081542969,420.8786315917969,430.7989196777344,366.0581970214844,402479,0.0,0.0
2012-07-02,431.0043640136719,436.4341125488281,429.6836242675781,433.2349853515625,368.1281433105469,165296,0.0,0.0
2012-07-03,432.0316162109375,436.6982727050781,432.0316162109375,434.1448059082031,368.9012451171875,133528,0.0,0.0
2012-07-04,436.6689147949219,436.6689147949219,429.09661865234375,430.7989196777344,366.0581970214844,158853,0.0,0.0
2012-07-05,430.8576354980469,436.6395568847656,430.2706298828125,433.20562744140625,368.1031799316406,188686,0.0,0.0
2012-07-06,433.20562744140625,433.20562744140625,426.7486267089844,430.47607421875,365.7838134765625,83661,0.0,0.0
2012-07-09,427.33563232421875,430.2706298828125,421.025390625,423.75494384765625,360.0727844238281,88509,0.0,0.0
2012-07-10,423.8136291503906,433.0882263183594,418.8828430175781,431.18048095703125,366.38238525390625,233134,0.0,0.0
2012-07-11,430.2706298828125,431.0337219238281,421.172119140625,422.4635314941406,358.9753723144531,185184,0.0,0.0
2012-07-12,420.2916259765625,424.400634765625,412.0736389160156,413.74658203125,351.5683898925781,324429,0.0,0.0
2012-07-13,417.0631408691406,418.2664794921875,407.5243835449219,409.66693115234375,348.1018981933594,210615,0.0,0.0
2012-07-16,412.0736389160156,414.92059326171875,406.321044921875,409.3147277832031,347.8025817871094,165342,0.0,0.0
2012-07-17,413.6585388183594,413.6585388183594,402.1533508300781,406.14495849609375,345.1092224121094,174569,0.0,0.0
2012-07-18,403.2686462402344,404.4426574707031,399.27703857421875,402.24139404296875,341.7922058105469,204066,0.0,0.0
2012-07-19,405.235107421875,412.5138854980469,403.9730529785156,407.4656982421875,346.2314147949219,260129,0.0,0.0
2012-07-20,405.4405517578125,411.310546875,402.0946350097656,402.534912109375,342.04168701171875,106085,0.0,0.0
2012-07-23,399.8640441894531,402.8283996582031,387.4196472167969,391.38189697265625,332.5647277832031,175189,0.0,0.0
2012-07-24,389.2393493652344,394.170166015625,388.88714599609375,391.8221435546875,332.9388122558594,139023,0.0,0.0
2012-07-25,389.1806640625,392.7026672363281,385.0716552734375,388.3294982910156,329.9710693359375,104276,0.0,0.0
2012-07-26,388.6523742675781,390.4133605957031,380.9626770019531,381.8431701660156,324.4595642089844,330843,0.0,0.0
2012-07-27,384.4846496582031,393.8473205566406,382.2834167480469,383.6041564941406,325.9558410644531,187284,0.0,0.0
2012-07-30,386.24566650390625,398.5726623535156,384.5433654785156,396.3127136230469,336.75457763671875,407102,0.0,0.0
2012-07-31,396.2246398925781,401.5076599121094,391.91021728515625,399.95208740234375,339.84698486328125,184822,0.0,0.0
2012-08-01,400.3336486816406,402.5935974121094,393.906005859375,396.57684326171875,336.9789733886719,166199,0.0,0.0
2012-08-02,395.6376647949219,398.0736999511719,391.0003662109375,392.2330627441406,333.2879333496094,355048,0.0,0.0
2012-08-03,390.941650390625,396.5181579589844,386.86199951171875,394.08209228515625,334.8591613769531,306896,0.0,0.0
2012-08-06,399.1596374511719,400.7152099609375,392.99615478515625,395.43218994140625,336.00640869140625,482581,0.0,0.0
2012-08-07,394.991943359375,398.86614990234375,391.7928161621094,396.2833557128906,336.7296447753906,574974,0.0,0.0
2012-08-08,396.8116455078125,399.7173156738281,390.4133605957031,392.2330627441406,333.2879333496094,545274,0.0,0.0
2012-08-09,393.2896423339844,394.75714111328125,381.8431701660156,387.56640625,329.3226623535156,814368,0.0,0.0
2012-08-10,385.9521484375,389.7676696777344,382.13665771484375,386.92071533203125,328.77398681640625,595244,0.0,0.0
2012-08-13,379.20166015625,396.2246398925781,375.6796569824219,393.3483581542969,334.2356872558594,853377,0.0,0.0
2012-08-14,393.3483581542969,395.6376647949219,386.71527099609375,388.3882141113281,330.02099609375,804338,0.0,0.0
2012-08-16,388.3882141113281,390.941650390625,384.5727233886719,386.2749938964844,328.225341796875,527894,0.0,0.0
2012-08-17,386.24566650390625,389.35675048828125,383.3106689453125,386.5391540527344,328.44976806640625,424874,0.0,0.0
2012-08-21,383.4574279785156,390.0024719238281,381.6083679199219,386.3337097167969,328.2751770019531,315942,0.0,0.0
2012-08-22,383.95635986328125,391.8221435546875,382.7236633300781,389.2099914550781,330.7192687988281,321928,0.0,0.0
2012-08-23,392.7026672363281,392.7026672363281,389.1806640625,390.4427185058594,331.76678466796875,329012,0.0,0.0
2012-08-24,388.6523742675781,395.6376647949219,385.0716552734375,393.0841979980469,334.0111999511719,480632,0.0,0.0
2012-08-27,395.6083068847656,395.6083068847656,389.7676696777344,391.49932861328125,332.66455078125,908196,0.0,0.0
2012-08-28,390.3546447753906,398.4845886230469,386.48046875,396.0191955566406,336.505126953125,165531,0.0,0.0
2012-08-29,396.2833557128906,399.1596374511719,394.2288513183594,396.2246398925781,336.6797180175781,269097,0.0,0.0
2012-08-30,391.0590515136719,404.4426574707031,391.0590515136719,401.6543884277344,341.2934265136719,596319,0.0,0.0
2012-08-31,401.5076599121094,402.94580078125,395.3441467285156,398.0150146484375,338.2010498046875,259678,0.0,0.0
2012-09-03,401.5076599121094,401.5076599121094,389.1806640625,390.97100830078125,332.215576171875,260489,0.0,0.0
2012-09-04,388.5936584472656,394.9332580566406,387.5077209472656,393.3190002441406,334.21075439453125,88507,0.0,0.0
2012-09-05,391.0296936035156,396.9290466308594,386.86199951171875,390.3840026855469,331.71685791015625,137054,0.0,0.0
2012-09-06,387.4490051269531,394.4636535644531,386.24566650390625,393.1722412109375,334.0860595703125,121214,0.0,0.0
2012-09-07,397.8095397949219,399.7173156738281,394.75714111328125,398.5433044433594,338.64990234375,129487,0.0,0.0
2012-09-10,397.51605224609375,401.33154296875,391.0590515136719,395.90179443359375,336.4054260253906,232412,0.0,0.0
2012-09-11,396.7529602050781,411.310546875,395.02130126953125,409.72564697265625,348.1517639160156,738050,0.0,0.0
2012-09-12,396.2246398925781,402.6229553222656,393.87664794921875,398.7193908691406,338.799560546875,2740649,0.0,0.0
2012-09-13,399.27703857421875,400.3042907714844,390.56011962890625,392.0863037109375,333.16326904296875,540474,0.0,0.0
2012-09-14,396.7529602050781,398.24981689453125,392.11566162109375,394.7864990234375,335.4576416015625,638670,0.0,0.0
2012-09-17,396.16595458984375,403.85565185546875,393.2896423339844,400.1575622558594,340.0216064453125,620789,0.0,0.0
2012-09-18,396.2539978027344,403.2099609375,396.2539978027344,401.4783020019531,341.1438293457031,559330,0.0,0.0
2012-09-20,399.042236328125,401.3902587890625,394.4636535644531,400.5097351074219,340.32086181640625,360494,0.0,0.0
2012-09-21,400.3336486816406,409.1386413574219,400.0401611328125,406.2330017089844,345.1839904785156,765372,0.0,0.0
2012-09-24,407.3776550292969,419.85137939453125,406.55584716796875,417.3272705078125,354.6110534667969,1070052,0.0,0.0
2012-09-25,419.1176452636719,422.522216796875,408.6690368652344,410.4887390136719,348.8001708984375,571032,0.0,0.0
2012-09-26,408.9625549316406,414.5390319824219,406.55584716796875,411.8388366699219,349.9473571777344,465111,0.0,0.0
2012-09-27,413.071533203125,416.1239318847656,410.5180969238281,413.2476501464844,351.14453125,537022,0.0,0.0
2012-09-28,416.6228942871094,418.55999755859375,413.8639831542969,416.21197509765625,353.663330078125,244504,0.0,0.0
2012-10-01,412.7486877441406,418.471923828125,412.7486877441406,416.74029541015625,354.1122741699219,195383,0.0,0.0
2012-10-03,416.1826477050781,434.937255859375,415.4488830566406,433.6458740234375,368.47723388671875,1453854,0.0,0.0
2012-10-04,432.09033203125,440.2496032714844,429.77166748046875,434.6731262207031,369.35015869140625,552760,0.0,0.0
2012-10-05,437.3146057128906,439.07562255859375,413.8346252441406,436.9330749511719,371.27044677734375,646772,0.0,0.0
2012-10-08,436.9330749511719,438.7821044921875,422.2287292480469,424.0484313964844,360.3221130371094,277582,0.0,0.0
2012-10-09,427.33563232421875,429.6836242675781,416.3293762207031,418.76544189453125,355.8330993652344,236170,0.0,0.0
2012-10-10,419.0295715332031,419.0295715332031,399.6585998535156,401.1260986328125,340.8446044921875,1167466,0.0,0.0
2012-10-11,402.681640625,408.37554931640625,401.6837463378906,403.5034484863281,342.8646545410156,873269,0.0,0.0
2012-10-12,403.3273620605469,408.7277526855469,399.1596374511719,403.12188720703125,342.54046630859375,424768,0.0,0.0
2012-10-15,402.0946350097656,411.48663330078125,400.920654296875,409.7843322753906,348.20159912109375,338882,0.0,0.0
2012-10-16,409.8724060058594,415.53692626953125,405.3231506347656,406.55584716796875,345.45831298828125,475485,0.0,0.0
2012-10-17,407.9646301269531,410.87030029296875,402.30010986328125,404.9122314453125,344.061767578125,162182,0.0,0.0
2012-10-18,406.2623596191406,409.72564697265625,403.0632019042969,406.7026062011719,345.5830078125,410847,0.0,0.0
2012-10-19,403.38604736328125,407.2895812988281,401.36090087890625,403.8262939453125,343.13897705078125,204427,0.0,0.0
2012-10-22,399.9227600097656,405.88079833984375,399.9227600097656,403.2980041503906,342.6900939941406,262332,0.0,0.0
2012-10-23,403.9143371582031,412.3377990722656,401.6543884277344,407.8765869140625,346.58062744140625,399444,0.0,0.0
2012-10-25,410.3126525878906,410.3126525878906,402.8870849609375,405.67535400390625,344.7101745605469,541368,0.0,0.0
2012-10-29,399.74664306640625,404.0904541015625,396.5181579589844,403.0925598144531,342.5155029296875,151838,0.0,0.0
2012-10-30,400.3923645019531,403.85565185546875,396.2833557128906,400.5390930175781,340.3458251953125,269749,0.0,0.0
2012-10-31,401.2141418457031,404.9122314453125,397.51605224609375,403.3273620605469,342.7149963378906,152357,0.0,0.0
2012-11-01,403.85565185546875,409.98980712890625,402.1533508300781,408.9038391113281,347.4534912109375,383542,0.0,0.0
2012-11-02,410.8996276855469,414.0694274902344,410.8996276855469,412.89544677734375,350.84521484375,401398,0.0,0.0
2012-11-05,412.89544677734375,415.59564208984375,407.9646301269531,411.8388366699219,349.9473571777344,284998,0.0,0.0
2012-11-06,411.75079345703125,418.23712158203125,409.72564697265625,417.41534423828125,354.6858215332031,220843,0.0,0.0
2012-11-07,416.68157958984375,418.50128173828125,411.8388366699219,414.5390319824219,352.24176025390625,352739,0.0,0.0
2012-11-08,410.3126525878906,412.7486877441406,406.2623596191406,410.4593811035156,348.7752685546875,357632,0.0,0.0
2012-11-09,413.2476501464844,413.2476501464844,401.0380554199219,403.0632019042969,342.4906005859375,850804,0.0,0.0
2012-11-12,403.5621337890625,406.321044921875,394.991943359375,396.0779113769531,336.5550537109375,587109,0.0,0.0
2012-11-15,395.0506591796875,400.0988464355469,389.4741516113281,395.02130126953125,335.6572265625,550039,0.0,0.0
2012-11-16,392.4091491699219,397.98565673828125,391.5286560058594,393.26031494140625,334.1608581542969,423083,0.0,0.0
2012-11-19,393.87664794921875,396.2246398925781,391.5580139160156,392.99615478515625,333.9364318847656,188054,0.0,0.0
2012-11-20,395.6376647949219,396.16595458984375,391.0296936035156,392.6439514160156,333.63714599609375,628627,0.0,0.0
2012-11-21,395.6083068847656,395.6083068847656,389.7676696777344,391.61669921875,332.7642822265625,278368,0.0,0.0
2012-11-22,393.23095703125,394.2288513183594,381.5790100097656,386.6859130859375,328.574462890625,569547,0.0,0.0
2012-11-23,382.7236633300781,392.6733093261719,380.9626770019531,386.891357421875,328.7490539550781,618830,0.0,0.0
2012-11-26,387.4196472167969,391.9395446777344,382.5182189941406,390.8536071777344,332.1158447265625,331938,0.0,0.0
2012-11-27,390.8536071777344,397.692138671875,388.7697448730469,395.69635009765625,336.2308044433594,427726,0.0,0.0
2012-11-29,396.2246398925781,401.5076599121094,391.0003662109375,393.0255126953125,333.9613342285156,658508,0.0,0.0
2012-11-30,393.46575927734375,397.6334533691406,392.11566162109375,393.641845703125,334.4850769042969,334405,0.0,0.0
2012-12-03,393.87664794921875,399.7173156738281,393.2896423339844,396.8116455078125,337.1784973144531,342564,0.0,0.0
2012-12-04,397.4573669433594,401.77178955078125,396.870361328125,399.59991455078125,339.5477600097656,201817,0.0,0.0
2012-12-05,400.62713623046875,403.5621337890625,397.98565673828125,401.1847839355469,340.8944091796875,206284,0.0,0.0
2012-12-06,403.0925598144531,403.1512451171875,394.34625244140625,400.27496337890625,340.1213684082031,169942,0.0,0.0
2012-12-07,401.7131042480469,405.0296325683594,397.98565673828125,400.5097351074219,340.32086181640625,304286,0.0,0.0
2012-12-10,400.920654296875,403.2392883300781,396.2833557128906,397.3399658203125,337.62744140625,148952,0.0,0.0
2012-12-11,399.74664306640625,401.5076599121094,394.75714111328125,397.6628112792969,337.9017028808594,169848,0.0,0.0
2012-12-12,400.3336486816406,402.681640625,395.1680603027344,401.4783020019531,341.1438293457031,124228,0.0,0.0
2012-12-13,404.06109619140625,410.0191345214844,402.7990417480469,403.5621337890625,342.9145202636719,755615,0.0,0.0
2012-12-14,407.90594482421875,407.90594482421875,397.3986511230469,399.54119873046875,339.4978332519531,196732,0.0,0.0
2012-12-17,399.1596374511719,401.15545654296875,392.58526611328125,393.0255126953125,333.9613342285156,183569,0.0,0.0
2012-12-18,394.4636535644531,396.16595458984375,390.941650390625,393.26031494140625,334.1608581542969,301957,0.0,0.0
2012-12-19,394.8745422363281,397.10516357421875,391.5286560058594,392.7026672363281,333.6869812011719,428105,0.0,0.0
2012-12-20,392.7026672363281,395.5495910644531,391.0884094238281,392.79071044921875,333.7618408203125,191632,0.0,0.0
2012-12-21,390.941650390625,392.0276184082031,385.7173767089844,387.0674743652344,328.89874267578125,180846,0.0,0.0
2012-12-24,389.1806640625,391.91021728515625,386.50982666015625,388.3001708984375,329.9461364746094,171877,0.0,0.0
2012-12-26,389.2980651855469,393.8473205566406,388.6230163574219,392.32110595703125,333.36279296875,163500,0.0,0.0
2012-12-27,395.6376647949219,395.6376647949219,388.47625732421875,390.2666015625,331.61700439453125,299284,0.0,0.0
2012-12-28,390.941650390625,395.0506591796875,385.2184143066406,392.58526611328125,333.5873107910156,149543,0.0,0.0
2012-12-31,393.2896423339844,394.75714111328125,391.1177673339844,391.9689025878906,333.06353759765625,88516,0.0,0.0
2013-01-01,395.0506591796875,396.9877624511719,392.4091491699219,395.69635009765625,336.2308044433594,128458,0.0,0.0
2013-01-02,397.3986511230469,404.8829040527344,395.96051025390625,403.9436950683594,343.2387390136719,346807,0.0,0.0
2013-01-03,405.0296325683594,407.9646301269531,402.1239929199219,406.29168701171875,345.23388671875,249884,0.0,0.0
2013-01-04,408.37554931640625,408.37554931640625,402.0946350097656,406.14495849609375,345.1092224121094,170429,0.0,0.0
2013-01-07,407.7885437011719,407.9646301269531,399.8640441894531,400.95001220703125,340.6949462890625,187461,0.0,0.0
2013-01-08,402.681640625,402.681640625,396.8116455078125,399.27703857421875,339.2734069824219,96293,0.0,0.0
2013-01-09,400.3336486816406,402.681640625,396.2833557128906,397.3986511230469,337.6773376464844,147182,0.0,0.0
2013-01-10,399.1596374511719,400.1282043457031,396.84100341796875,397.92694091796875,338.1261901855469,122552,0.0,0.0
2013-01-11,397.92694091796875,397.92694091796875,384.4846496582031,385.541259765625,327.6018371582031,272530,0.0,0.0
2013-01-14,388.27081298828125,391.7634582519531,386.24566650390625,390.1785583496094,331.542236328125,157218,0.0,0.0
2013-01-15,390.1785583496094,391.91021728515625,386.24566650390625,388.0947265625,329.77154541015625,341233,0.0,0.0
2013-01-16,385.4532165527344,395.28546142578125,383.3987121582031,384.60205078125,331.9355163574219,527439,6.0,0.0
2013-01-17,384.9542541503906,388.4175720214844,381.6083679199219,382.60626220703125,330.21307373046875,232649,0.0,0.0
2013-01-18,383.8389587402344,387.30224609375,382.0779724121094,385.4532165527344,332.6701965332031,201722,0.0,0.0
2013-01-21,385.6586608886719,387.6838073730469,383.3106689453125,386.1576232910156,333.2781066894531,77487,0.0,0.0
2013-01-22,385.6586608886719,387.9479675292969,379.20166015625,380.81591796875,328.6678466796875,178645,0.0,0.0
2013-01-23,380.84527587890625,382.60626220703125,375.7383728027344,378.8494567871094,326.970703125,160271,0.0,0.0
2013-01-24,376.6188659667969,380.2582702636719,372.9207763671875,374.0654296875,322.8417663574219,132110,0.0,0.0
2013-01-25,373.9186706542969,378.4385681152344,370.9836730957031,376.5601806640625,324.99493408203125,143857,0.0,0.0
2013-01-28,376.9123840332031,379.1136169433594,373.390380859375,375.3274841308594,323.9309997558594,132013,0.0,0.0
2013-01-29,375.6796569824219,378.6146545410156,375.0926818847656,376.5895080566406,325.02020263671875,114066,0.0,0.0
2013-01-30,377.00042724609375,379.7886657714844,373.9186706542969,378.7027282714844,326.8440856933594,159730,0.0,0.0
2013-01-31,376.4134216308594,388.5936584472656,376.3547058105469,385.3358154296875,332.5688171386719,1129849,0.0,0.0
2013-02-01,384.1031188964844,385.9228210449219,375.5329284667969,377.4993591308594,325.805419921875,229572,0.0,0.0
2013-02-04,379.20166015625,379.3190612792969,372.7446594238281,373.7132263183594,322.5378112792969,165894,0.0,0.0
2013-02-05,372.7446594238281,375.3274841308594,367.96063232421875,373.390380859375,322.2591552734375,204093,0.0,0.0
2013-02-06,374.0067138671875,374.6230773925781,366.3170166015625,368.10736083984375,317.6995849609375,268777,0.0,0.0
2013-02-07,366.8746643066406,369.72161865234375,363.3526916503906,364.2918701171875,314.4065856933594,191715,0.0,0.0
2013-02-08,363.9396667480469,366.5811767578125,360.4176940917969,361.3275451660156,311.84820556640625,161420,0.0,0.0
2013-02-11,362.6482849121094,363.70489501953125,359.0088806152344,360.06549072265625,310.75897216796875,168402,0.0,0.0
2013-02-12,360.1241760253906,362.5895690917969,358.9501953125,360.9166259765625,311.4935302734375,132521,0.0,0.0
2013-02-13,361.0633850097656,363.64617919921875,353.6672058105469,354.89990234375,306.3007507324219,154679,0.0,0.0
2013-02-14,353.3736877441406,355.046630859375,336.2039489746094,338.2290954589844,291.91278076171875,533850,0.0,0.0
2013-02-15,336.9377136230469,340.2542419433594,331.80145263671875,333.2396240234375,287.6065673828125,524075,0.0,0.0
2013-02-18,332.8287048339844,338.1116943359375,329.30670166015625,332.916748046875,287.327880859375,265998,0.0,0.0
2013-02-19,331.65472412109375,338.6400146484375,331.65472412109375,336.2919921875,290.240966796875,324327,0.0,0.0
2013-02-20,339.28570556640625,339.8727111816406,331.2144470214844,332.94610595703125,287.3532409667969,311884,0.0,0.0
2013-02-21,331.8894958496094,332.3004150390625,325.4912109375,326.7532653808594,282.0084533691406,323242,0.0,0.0
2013-02-22,326.7532653808594,326.7826232910156,320.2962646484375,321.20611572265625,277.2209167480469,259719,0.0,0.0
2013-02-25,321.7931213378906,325.5792541503906,319.0342102050781,320.5604248046875,276.6636047363281,367254,0.0,0.0
2013-02-26,320.501708984375,320.501708984375,307.67578125,309.700927734375,267.2912292480469,299351,0.0,0.0
2013-02-27,312.2837219238281,314.04473876953125,303.80157470703125,305.3277893066406,263.51690673828125,379683,0.0,0.0
2013-02-28,306.3843688964844,311.051025390625,294.08673095703125,296.0238342285156,255.4870147705078,891723,0.0,0.0
2013-03-01,293.7932434082031,300.42633056640625,289.9777526855469,290.6821594238281,250.8768310546875,322386,0.0,0.0
2013-03-04,290.56475830078125,293.47039794921875,283.1391906738281,287.4536437988281,248.09043884277344,460981,0.0,0.0
2013-03-05,287.18951416015625,296.1412353515625,285.8687438964844,293.88128662109375,253.63787841796875,455613,0.0,0.0
2013-03-06,295.9944763183594,304.00701904296875,295.9944763183594,302.3634338378906,260.9584655761719,406996,0.0,0.0
2013-03-07,303.0384826660156,306.29632568359375,300.5437316894531,303.8309326171875,262.22503662109375,262395,0.0,0.0
2013-03-08,303.4787292480469,314.6023864746094,300.7491760253906,312.9294128417969,270.0775451660156,370250,0.0,0.0
2013-03-11,313.04681396484375,335.47021484375,313.04681396484375,330.216552734375,284.9974365234375,1471439,0.0,0.0
2013-03-12,330.45135498046875,330.45135498046875,321.0887145996094,324.3172302246094,279.9059753417969,666590,0.0,0.0
2013-03-13,323.43670654296875,323.43670654296875,312.9294128417969,314.95458984375,271.8254699707031,330637,0.0,0.0
2013-03-14,314.5143127441406,319.91473388671875,309.4074401855469,316.3046875,272.9906311035156,334203,0.0,0.0
2013-03-15,318.2124328613281,339.3443908691406,318.1830749511719,336.99639892578125,290.84893798828125,1581532,0.0,0.0
2013-03-18,332.6232604980469,345.595947265625,331.0677185058594,342.3381042480469,295.45904541015625,1275675,0.0,0.0
2013-03-19,342.8077087402344,348.6777038574219,332.32977294921875,334.3255615234375,288.5438232421875,863806,0.0,0.0
2013-03-20,332.32977294921875,338.2584533691406,327.6924743652344,330.1872253417969,284.9721374511719,413262,0.0,0.0
2013-03-21,331.65472412109375,336.9377136230469,316.979736328125,319.7386169433594,275.9543151855469,399991,0.0,0.0
2013-03-22,318.1537170410156,328.1327209472656,315.60028076171875,324.64007568359375,280.1846008300781,475380,0.0,0.0
2013-03-25,329.30670166015625,331.0677185058594,322.55621337890625,325.5792541503906,280.9952392578125,383368,0.0,0.0
2013-03-26,325.1977233886719,325.25640869140625,307.03009033203125,309.52484130859375,267.13922119140625,454342,0.0,0.0
2013-03-28,307.5877380371094,328.22076416015625,302.0699462890625,322.0572814941406,277.9554748535156,1450919,0.0,0.0
2013-04-01,322.0572814941406,326.9000244140625,310.3172912597656,311.34454345703125,268.70977783203125,624368,0.0,0.0
2013-04-02,310.64013671875,319.2690124511719,310.4933776855469,316.979736328125,273.5733337402344,425388,0.0,0.0
2013-04-03,316.979736328125,317.0384216308594,306.56048583984375,307.5583801269531,265.4420166015625,684855,0.0,0.0
2013-04-04,307.03009033203125,307.0887756347656,294.1748046875,295.8183898925781,255.30970764160156,602523,0.0,0.0
2013-04-05,295.3487854003906,299.80999755859375,289.9777526855469,292.3551025390625,252.32069396972656,794266,0.0,0.0
2013-04-08,294.08673095703125,295.7303466796875,281.8184509277344,283.10986328125,244.3414306640625,749227,0.0,0.0
2013-04-09,285.81005859375,288.8037414550781,273.9233093261719,277.7388000488281,239.70584106445312,581184,0.0,0.0
2013-04-10,281.759765625,283.520751953125,274.1287536621094,280.9673156738281,242.49234008789062,370983,0.0,0.0
2013-04-11,282.9337463378906,285.28173828125,276.1539001464844,281.7010498046875,243.12551879882812,264531,0.0,0.0
2013-04-12,279.4117431640625,290.56475830078125,277.2398681640625,288.7156982421875,249.17958068847656,355431,0.0,0.0
2013-04-15,285.9274597167969,292.32574462890625,278.82476806640625,280.0281066894531,241.6816864013672,392126,0.0,0.0
2013-04-16,277.0637512207031,290.535400390625,276.8583068847656,287.4830017089844,248.11572265625,545271,0.0,0.0
2013-04-17,290.1538391113281,295.49554443359375,284.8121643066406,287.4536437988281,248.09043884277344,570913,0.0,0.0
2013-04-18,289.88970947265625,296.43475341796875,287.835205078125,294.6737365722656,254.32176208496094,440354,0.0,0.0
2013-04-22,297.021728515625,305.5332336425781,294.6737365722656,301.6296691894531,260.3252258300781,382557,0.0,0.0
2013-04-23,302.8917236328125,312.43048095703125,302.8917236328125,310.8455810546875,268.27911376953125,566615,0.0,0.0
2013-04-25,311.8141174316406,314.0740661621094,302.4221496582031,306.0028381347656,264.09954833984375,319760,0.0,0.0
2013-04-26,305.82672119140625,305.82672119140625,279.44110107421875,295.2607421875,254.8284454345703,2452639,0.0,0.0
2013-04-29,298.7827453613281,317.9189147949219,294.2334899902344,313.3990173339844,270.4828796386719,1719076,0.0,0.0
2013-04-30,316.3927307128906,331.0677185058594,314.0740661621094,320.5604248046875,276.6636047363281,1314118,0.0,0.0
2013-05-02,317.9776306152344,323.3193054199219,314.25018310546875,317.65478515625,274.15594482421875,387518,0.0,0.0
2013-05-03,315.9818115234375,332.4178161621094,311.96087646484375,328.83709716796875,283.806884765625,866045,0.0,0.0
2013-05-06,331.65472412109375,334.5897216796875,327.07611083984375,329.6002197265625,284.46551513671875,349715,0.0,0.0
2013-05-07,330.6274719238281,331.65472412109375,324.0237121582031,327.9272766113281,283.0216064453125,266172,0.0,0.0
2013-05-08,328.69036865234375,332.1830139160156,324.0237121582031,326.5771789550781,281.8564453125,182560,0.0,0.0
2013-05-09,329.7176208496094,338.34649658203125,326.3717041015625,337.26055908203125,291.076904296875,673416,0.0,0.0
2013-05-10,339.5205078125,340.9292907714844,329.1893005371094,332.24169921875,286.74530029296875,631279,0.0,0.0
2013-05-13,334.7364501953125,336.79095458984375,322.8497314453125,323.5247802734375,279.2220458984375,254139,0.0,0.0
2013-05-14,325.78472900390625,325.78472900390625,316.979736328125,324.0530700683594,279.677978515625,322286,0.0,0.0
2013-05-15,324.552001953125,333.41571044921875,324.552001953125,330.480712890625,285.2254333496094,311811,0.0,0.0
2013-05-16,330.480712890625,337.231201171875,330.480712890625,334.4429626464844,288.6451416015625,244352,0.0,0.0
2013-05-17,334.76580810546875,368.63568115234375,331.65472412109375,364.37994384765625,314.4825439453125,2158155,0.0,0.0
2013-05-20,364.52667236328125,368.0486755371094,349.26470947265625,352.17034912109375,303.94500732421875,1210822,0.0,0.0
2013-05-21,349.0592346191406,361.2981872558594,345.83074951171875,351.5539855957031,303.41302490234375,909232,0.0,0.0
2013-05-22,354.9292297363281,358.65667724609375,344.6274108886719,347.2395324707031,299.6893615722656,389669,0.0,0.0
2013-05-23,344.3632507324219,345.62530517578125,330.8035583496094,335.44085693359375,289.50634765625,471593,0.0,0.0
2013-05-24,339.54986572265625,346.3590393066406,326.7532653808594,337.3192443847656,291.1274719238281,507170,0.0,0.0
2013-05-27,337.5540466308594,346.27099609375,334.795166015625,342.8077087402344,295.86444091796875,340446,0.0,0.0
2013-05-28,342.45550537109375,353.25628662109375,339.8727111816406,347.0634460449219,299.5373840332031,646523,0.0,0.0
2013-05-29,345.15570068359375,348.3841857910156,339.3443908691406,342.66094970703125,295.7378234863281,366090,0.0,0.0
2013-05-30,339.1095886230469,351.8475036621094,337.52471923828125,349.2353515625,301.4118957519531,890319,0.0,0.0
2013-05-31,351.6127014160156,356.48480224609375,341.9272155761719,349.5581970214844,301.6905212402344,773436,0.0,0.0
2013-06-03,349.3233947753906,352.6692810058594,335.5582580566406,345.2437438964844,297.9668884277344,281136,0.0,0.0
2013-06-04,345.7427062988281,349.8516845703125,337.0257568359375,341.31085205078125,294.5725402832031,418784,0.0,0.0
2013-06-05,340.5184020996094,347.44500732421875,337.7594909667969,340.2835998535156,293.68597412109375,270836,0.0,0.0
2013-06-06,339.69659423828125,345.15570068359375,336.4974670410156,343.1598815917969,296.16839599609375,331027,0.0,0.0
2013-06-07,346.2123107910156,346.3297119140625,335.881103515625,338.0530090332031,291.7607727050781,294961,0.0,0.0
2013-06-10,339.28570556640625,348.9125061035156,329.9230651855469,332.9167785644531,287.3279113769531,209024,0.0,0.0
2013-06-11,332.1242980957031,337.46600341796875,326.9587097167969,334.29620361328125,288.51849365234375,253731,0.0,0.0
2013-06-12,331.7134094238281,337.1431579589844,326.0488586425781,329.57086181640625,284.440185546875,307197,0.0,0.0
2013-06-13,326.7532653808594,329.15997314453125,318.77008056640625,321.1474304199219,277.17022705078125,263780,0.0,0.0
2013-06-14,324.552001953125,326.84130859375,320.53106689453125,322.8790588378906,278.66473388671875,234206,0.0,0.0
2013-06-17,322.2627258300781,328.5729675292969,312.9294128417969,323.7595520019531,279.42462158203125,528634,0.0,0.0
2013-06-18,324.2291564941406,328.6023254394531,319.38641357421875,321.44091796875,277.4235534667969,253853,0.0,0.0
2013-06-19,321.0887145996094,325.3444519042969,317.9189147949219,323.4073791503906,279.1207275390625,238397,0.0,0.0
2013-06-20,319.91473388671875,324.4346008300781,314.66107177734375,316.01116943359375,272.7372741699219,275059,0.0,0.0
2013-06-21,314.04473876953125,315.2187194824219,308.17474365234375,311.2271423339844,268.60845947265625,324472,0.0,0.0
2013-06-24,311.1097412109375,312.16632080078125,297.2272033691406,300.6318054199219,259.4639892578125,247068,0.0,0.0
2013-06-25,301.0720520019531,313.72186279296875,294.14544677734375,304.6527404785156,262.93426513671875,441075,0.0,0.0
2013-06-26,310.4933776855469,313.4577331542969,307.2942199707031,309.5835266113281,267.1899108886719,415661,0.0,0.0
2013-06-27,312.2837219238281,319.5625305175781,308.9378356933594,311.1977844238281,268.5830383300781,352693,0.0,0.0
2013-06-28,315.2187194824219,336.3507080078125,311.2564697265625,323.8476257324219,279.5007019042969,485560,0.0,0.0
2013-07-01,329.98175048828125,339.4617919921875,327.0174255371094,334.5897216796875,288.7718200683594,457565,0.0,0.0
2013-07-02,335.7637023925781,342.220703125,326.4891052246094,327.75115966796875,282.8696594238281,426562,0.0,0.0
2013-07-03,324.64007568359375,332.4471740722656,317.3025817871094,318.56463623046875,274.9411926269531,554765,0.0,0.0
2013-07-04,319.9734191894531,322.2040100097656,311.8141174316406,314.0740661621094,271.0654602050781,374772,0.0,0.0
2013-07-05,316.89166259765625,323.23126220703125,311.1097412109375,313.4283752441406,270.5082702636719,360819,0.0,0.0
2013-07-08,310.14117431640625,311.051025390625,306.4137268066406,308.4388732910156,266.2020263671875,312254,0.0,0.0
2013-07-09,310.0531311035156,314.8958740234375,310.0531311035156,312.43048095703125,269.64697265625,250829,0.0,0.0
2013-07-10,313.51641845703125,316.3927307128906,303.5667724609375,307.2061767578125,265.1381530761719,234961,0.0,0.0
2013-07-11,310.2879333496094,315.365478515625,309.67156982421875,312.8707275390625,270.02691650390625,280131,0.0,0.0
2013-07-12,314.04473876953125,327.2522277832031,311.1097412109375,324.69879150390625,280.23529052734375,575218,0.0,0.0
2013-07-15,324.6694030761719,333.2689514160156,320.06146240234375,331.0970458984375,285.7573547363281,364656,0.0,0.0
2013-07-16,328.0740051269531,342.6903076171875,320.12017822265625,339.28570556640625,292.8247375488281,586080,0.0,0.0
2013-07-17,341.6336975097656,346.97540283203125,335.17669677734375,340.7532043457031,294.0912170410156,535697,0.0,0.0
2013-07-18,340.7532043457031,343.8936462402344,335.881103515625,338.40521240234375,292.0648193359375,278797,0.0,0.0
2013-07-19,335.0006103515625,342.8077087402344,322.9964599609375,328.2794494628906,283.3256530761719,331708,0.0,0.0
2013-07-22,325.080322265625,329.30670166015625,316.0992126464844,318.3885192871094,274.7891845703125,277928,0.0,0.0
2013-07-23,319.5331726074219,325.1390075683594,315.80572509765625,322.9084167480469,278.69012451171875,257279,0.0,0.0
2013-07-24,321.9105224609375,321.9105224609375,307.5877380371094,311.1684265136719,268.5577697753906,312620,0.0,0.0
2013-07-25,307.5290222167969,319.82666015625,306.4137268066406,315.27740478515625,272.10400390625,272148,0.0,0.0
2013-07-26,309.3487243652344,321.0887145996094,309.3487243652344,314.45562744140625,271.394775390625,340969,0.0,0.0
2013-07-29,309.3487243652344,314.92523193359375,302.92108154296875,306.03216552734375,264.12481689453125,183277,0.0,0.0
2013-07-30,303.0384826660156,303.33197021484375,292.3844299316406,294.08673095703125,253.8151397705078,392426,0.0,0.0
2013-07-31,288.95050048828125,303.4787292480469,285.28173828125,300.4556884765625,259.31201171875,372540,0.0,0.0
2013-08-01,299.95672607421875,304.94622802734375,277.5920715332031,281.8184509277344,243.22691345214844,427216,0.0,0.0
2013-08-02,282.9337463378906,288.89178466796875,258.3091125488281,264.9422302246094,228.6616668701172,1726904,0.0,0.0
2013-08-05,262.50616455078125,264.12042236328125,254.376220703125,257.8101806640625,222.50625610351562,412189,0.0,0.0
2013-08-06,255.990478515625,257.8101806640625,247.2441864013672,249.9443817138672,215.7175750732422,588790,0.0,0.0
2013-08-07,251.2944793701172,266.4977722167969,248.9464874267578,263.5040588378906,227.42044067382812,435947,0.0,0.0
2013-08-08,261.9485168457031,271.7220764160156,261.0386657714844,265.3531188964844,229.0162811279297,314596,0.0,0.0
2013-08-12,271.1937561035156,273.6591491699219,259.4537658691406,267.2021789550781,230.61215209960938,299470,0.0,0.0
2013-08-13,267.1728210449219,273.5124206542969,263.5627746582031,265.7640075683594,229.37091064453125,350763,0.0,0.0
2013-08-14,264.1497802734375,266.1749267578125,258.27978515625,258.86676025390625,223.41815185546875,425174,0.0,0.0
2013-08-16,256.5187683105469,257.9569091796875,249.2693328857422,251.1770782470703,216.7814483642578,395770,0.0,0.0
2013-08-19,248.88778686523438,257.6927795410156,245.95278930664062,254.05337524414062,219.26393127441406,329177,0.0,0.0
2013-08-20,251.23577880859375,263.2692565917969,249.09323120117188,259.36572265625,223.84878540039062,430291,0.0,0.0
2013-08-21,261.4495849609375,266.9086608886719,253.026123046875,260.1875305175781,224.55809020996094,747748,0.0,0.0
2013-08-22,258.27978515625,266.9380187988281,256.0785217285156,263.9736633300781,227.8257293701172,474170,0.0,0.0
2013-08-23,264.2084655761719,277.0637512207031,259.7179260253906,264.7074279785156,228.45901489257812,592557,0.0,0.0
2013-08-26,268.0826721191406,268.84576416015625,258.4852294921875,261.9485168457031,226.077880859375,386031,0.0,0.0
2013-08-27,258.27978515625,261.8017578125,252.93807983398438,258.3971862792969,223.0128631591797,568341,0.0,0.0
2013-08-28,255.2273712158203,255.93177795410156,243.01779174804688,251.0009765625,216.62950134277344,585717,0.0,0.0
2013-08-29,250.06178283691406,260.6277770996094,249.23997497558594,250.56072998046875,216.24951171875,436809,0.0,0.0
2013-08-30,251.52928161621094,257.6927795410156,243.6047821044922,253.99468994140625,219.21327209472656,593460,0.0,0.0
2013-09-02,253.40768432617188,256.5187683105469,248.65298461914062,251.41188049316406,216.984130859375,407114,0.0,0.0
2013-09-03,253.4663848876953,256.9296875,244.19178771972656,246.2462921142578,212.52590942382812,401116,0.0,0.0
2013-09-04,245.95278930664062,260.6277770996094,244.39723205566406,252.11627197265625,217.59205627441406,609555,0.0,0.0
2013-09-05,255.3447723388672,257.6927795410156,252.55653381347656,254.93386840820312,220.0238037109375,507383,0.0,0.0
2013-09-06,255.93177795410156,264.1497802734375,255.40347290039062,258.72003173828125,223.29151916503906,866467,0.0,0.0
2013-09-10,261.2734680175781,281.7890930175781,261.21478271484375,278.82476806640625,240.6431121826172,2304214,0.0,0.0
2013-09-11,277.5920715332031,334.0027160644531,273.0134582519531,301.0133361816406,259.79327392578125,3510926,0.0,0.0
2013-09-12,303.8896484375,304.0950927734375,275.12664794921875,276.6528625488281,238.7686767578125,1659210,0.0,0.0
2013-09-13,279.9400634765625,284.63604736328125,276.3593444824219,281.4075622558594,242.87228393554688,1021539,0.0,0.0
2013-09-16,284.69476318359375,289.6842346191406,275.59625244140625,276.8876647949219,238.97134399414062,722961,0.0,0.0
2013-09-17,277.5920715332031,277.88555908203125,270.6361083984375,273.805908203125,236.31158447265625,491434,0.0,0.0
2013-09-18,273.0721740722656,277.0637512207031,270.3719482421875,275.33209228515625,237.62876892089844,513940,0.0,0.0
2013-09-19,280.58575439453125,289.21466064453125,278.2377624511719,283.5794677734375,244.7467498779297,785813,0.0,0.0
2013-09-20,283.520751953125,287.60040283203125,275.0386047363281,281.7010498046875,243.12551879882812,758412,0.0,0.0
2013-09-23,278.2377624511719,283.520751953125,275.9484558105469,279.5585021972656,241.27638244628906,674496,0.0,0.0
2013-09-24,279.4117431640625,284.0490417480469,276.53546142578125,280.4977111816406,242.08702087402344,590598,0.0,0.0
2013-09-25,280.5270690917969,282.34674072265625,274.92120361328125,280.0574645996094,241.70704650878906,545751,0.0,0.0
2013-09-26,279.9987487792969,282.9337463378906,277.5333557128906,280.96728515625,242.4923095703125,532426,0.0,0.0
2013-09-27,280.9379577636719,285.4872131347656,278.82476806640625,281.7890930175781,243.20156860351562,485424,0.0,0.0
2013-09-30,280.58575439453125,283.931640625,276.1832580566406,280.3509521484375,241.9603729248047,652923,0.0,0.0
2013-10-01,280.99664306640625,288.68634033203125,278.6192932128906,286.5731506347656,247.3305206298828,441806,0.0,0.0
2013-10-03,288.8037414550781,292.12030029296875,285.04693603515625,288.95050048828125,249.38226318359375,901627,0.0,0.0
2013-10-04,287.0427551269531,295.8477478027344,287.0427551269531,291.1517333984375,251.28211975097656,737617,0.0,0.0
2013-10-07,290.56475830078125,299.3697509765625,289.9190368652344,298.371826171875,257.5134582519531,599170,0.0,0.0
2013-10-08,299.3697509765625,301.0720520019531,290.03643798828125,291.6800537109375,251.73806762695312,293777,0.0,0.0
2013-10-09,288.8037414550781,297.69677734375,288.21673583984375,295.5542297363281,255.08177185058594,243286,0.0,0.0
2013-10-10,295.2607421875,304.06573486328125,294.08673095703125,301.5416259765625,260.2492370605469,468094,0.0,0.0
2013-10-11,305.1223449707031,305.23974609375,295.3194274902344,299.046875,258.0960998535156,347514,0.0,0.0
2013-10-14,299.046875,302.30474853515625,295.29010009765625,296.43475341796875,255.8416290283203,199587,0.0,0.0
2013-10-15,297.6380920410156,300.3089294433594,291.1517333984375,295.3781433105469,254.92979431152344,465736,0.0,0.0
2013-10-17,296.43475341796875,302.275390625,293.5584411621094,295.3487854003906,254.90438842773438,359489,0.0,0.0
2013-10-18,295.8477478027344,308.17474365234375,295.2607421875,306.14959716796875,264.2261962890625,613877,0.0,0.0
2013-10-21,306.4724426269531,318.1537170410156,303.4787292480469,316.89166259765625,273.4972229003906,537993,0.0,0.0
2013-10-22,314.1034240722656,329.4534606933594,314.1034240722656,327.0467529296875,282.2617492675781,529671,0.0,0.0
2013-10-23,328.1327209472656,328.83709716796875,314.39691162109375,319.3570861816406,275.6250305175781,658746,0.0,0.0
2013-10-24,318.1537170410156,323.96502685546875,315.54156494140625,319.6212158203125,275.85296630859375,254492,0.0,0.0
2013-10-25,319.3277282714844,325.1390075683594,311.315185546875,312.5772399902344,269.7735900878906,366472,0.0,0.0
2013-10-28,314.1034240722656,318.56463623046875,308.17474365234375,308.6736755371094,266.4046630859375,227845,0.0,0.0
2013-10-29,305.386474609375,324.6107177734375,305.386474609375,320.79522705078125,276.8663024902344,396780,0.0,0.0
2013-10-30,323.43670654296875,328.6610107421875,318.1537170410156,325.8727722167969,281.24853515625,210034,0.0,0.0
2013-10-31,325.9608154296875,346.3297119140625,320.6191101074219,341.72174072265625,294.92718505859375,712775,0.0,0.0
2013-11-01,341.78045654296875,350.4680480957031,336.9377136230469,346.5644836425781,299.10675048828125,634765,0.0,0.0
2013-11-05,342.220703125,344.5393371582031,335.5289001464844,336.2626647949219,290.2156677246094,276110,0.0,0.0
2013-11-06,336.6441955566406,357.9229431152344,336.6441955566406,345.0382995605469,297.78948974609375,1357236,0.0,0.0
2013-11-07,346.27099609375,354.4889831542969,329.8937072753906,333.180908203125,287.5558776855469,780896,0.0,0.0
2013-11-08,332.8287048339844,339.28570556640625,331.7134094238281,334.94189453125,289.0757751464844,227337,0.0,0.0
2013-11-11,334.0027160644531,338.5226135253906,315.8644104003906,320.8832702636719,276.9422302246094,336775,0.0,0.0
2013-11-12,320.4430236816406,325.4912109375,311.6673889160156,314.92523193359375,271.80010986328125,374920,0.0,0.0
2013-11-13,312.84136962890625,324.17047119140625,309.965087890625,312.0782775878906,269.343017578125,351708,0.0,0.0
2013-11-14,315.365478515625,327.80987548828125,314.1621398925781,326.4891052246094,281.78045654296875,445337,0.0,0.0
2013-11-18,328.7197265625,336.9083557128906,321.851806640625,335.4114990234375,289.48101806640625,513269,0.0,0.0
2013-11-19,335.7637023925781,335.7637023925781,330.480712890625,332.5939025878906,287.04937744140625,346998,0.0,0.0
2013-11-20,332.6232604980469,342.220703125,327.6924743652344,330.92095947265625,285.60546875,632653,0.0,0.0
2013-11-21,330.97967529296875,336.0572204589844,315.3067626953125,318.1537170410156,274.5864562988281,440807,0.0,0.0
2013-11-22,322.2040100097656,334.0027160644531,319.91473388671875,329.54150390625,284.41485595703125,936292,0.0,0.0
2013-11-25,332.47650146484375,356.1912841796875,325.8140563964844,353.28564453125,304.907470703125,1879371,0.0,0.0
2013-11-26,353.3736877441406,362.1786804199219,349.4407958984375,358.0990295410156,309.061767578125,1436255,0.0,0.0
2013-11-27,358.010986328125,362.1786804199219,347.7384948730469,349.7049560546875,301.8172302246094,844080,0.0,0.0
2013-11-28,351.0550537109375,364.4092712402344,349.8516845703125,360.6231384277344,311.2402038574219,1507336,0.0,0.0
2013-11-29,360.94598388671875,367.75518798828125,358.0697021484375,361.3862609863281,311.89886474609375,1290858,0.0,0.0
2013-12-02,361.0046691894531,364.8788757324219,355.2227478027344,357.5413818359375,308.5804748535156,649329,0.0,0.0
2013-12-03,355.7803955078125,360.1241760253906,353.696533203125,354.9292297363281,306.3260803222656,468048,0.0,0.0
2013-12-04,353.3736877441406,362.5895690917969,350.61480712890625,355.34014892578125,306.6806640625,767240,0.0,0.0
2013-12-05,361.0046691894531,368.63568115234375,357.4826965332031,364.2038269042969,314.3305969238281,1054193,0.0,0.0
2013-12-06,363.9396667480469,370.9836730957031,358.0697021484375,369.340087890625,318.7635498046875,909937,0.0,0.0
2013-12-09,375.6796569824219,382.66497802734375,369.2813720703125,380.1995544433594,328.13592529296875,1720142,0.0,0.0
2013-12-10,382.7236633300781,384.3966064453125,375.6796569824219,379.2897033691406,327.3507080078125,1452684,0.0,0.0
2013-12-11,378.6146545410156,388.00665283203125,375.7383728027344,382.0192565917969,329.7063903808594,902430,0.0,0.0
2013-12-12,382.6943054199219,385.6586608886719,372.451171875,374.1828308105469,322.9430847167969,465627,0.0,0.0
2013-12-13,372.18701171875,373.3023376464844,363.2059326171875,364.05706787109375,314.2039794921875,426536,0.0,0.0
2013-12-16,366.2876892089844,370.161865234375,361.1220703125,367.8138732910156,317.4462890625,501654,0.0,0.0
2013-12-17,370.9543151855469,376.53082275390625,365.05499267578125,367.54974365234375,317.21832275390625,428600,0.0,0.0
2013-12-18,367.5790710449219,374.44696044921875,366.2876892089844,370.24993896484375,319.54876708984375,593048,0.0,0.0
2013-12-19,370.690185546875,375.2100830078125,365.289794921875,370.690185546875,319.9288024902344,418535,0.0,0.0
2013-12-20,370.86627197265625,382.7236633300781,370.3086242675781,381.6670837402344,329.4024658203125,1186846,0.0,0.0
2013-12-23,384.3672790527344,395.6376647949219,381.6964111328125,391.469970703125,337.86297607421875,1392081,0.0,0.0
2013-12-24,391.9395446777344,394.4636535644531,385.1890563964844,386.3043518066406,333.40478515625,297535,0.0,0.0
2013-12-26,386.7739562988281,400.7738952636719,386.48046875,393.1135559082031,339.2814636230469,1065879,0.0,0.0
2013-12-27,393.2896423339844,397.2225646972656,388.00665283203125,389.1806640625,335.8871765136719,386213,0.0,0.0
2013-12-30,389.591552734375,398.24981689453125,384.7194519042969,387.33160400390625,334.2913513183594,254492,0.0,0.0
2013-12-31,390.1492004394531,392.52655029296875,384.4846496582031,389.2687072753906,335.9631652832031,234359,0.0,0.0
2014-01-01,390.8536071777344,394.6984558105469,387.4196472167969,389.7089538574219,336.3431396484375,380802,0.0,0.0
2014-01-02,389.1806640625,392.9081115722656,370.01513671875,374.88720703125,323.5509948730469,305582,0.0,0.0
2014-01-03,369.8096618652344,375.59161376953125,366.8746643066406,369.5455322265625,318.94085693359375,578739,0.0,0.0
2014-01-06,369.8096618652344,373.7425842285156,365.73004150390625,367.1681823730469,316.8890380859375,407126,0.0,0.0
2014-01-07,366.34637451171875,370.66082763671875,363.9396667480469,366.639892578125,316.43304443359375,297114,0.0,0.0
2014-01-08,366.8746643066406,374.2708740234375,366.8746643066406,370.426025390625,319.70074462890625,474744,0.0,0.0
2014-01-09,369.8096618652344,373.7425842285156,355.1933898925781,357.30657958984375,308.3778381347656,496102,0.0,0.0
2014-01-10,356.89569091796875,361.4742736816406,346.3883972167969,350.35064697265625,302.3744812011719,385685,0.0,0.0
2014-01-13,349.26470947265625,352.1409912109375,346.6525573730469,348.5896301269531,300.8546142578125,402783,0.0,0.0
2014-01-14,348.560302734375,358.0697021484375,348.32550048828125,356.69024658203125,307.8459167480469,338669,0.0,0.0
2014-01-15,357.98162841796875,360.68182373046875,349.26470947265625,357.10113525390625,312.582275390625,528537,5.0,0.0
2014-01-16,357.6294250488281,360.4176940917969,353.0802001953125,354.1661376953125,310.01318359375,390450,0.0,0.0
2014-01-17,352.78668212890625,356.4554443359375,344.42193603515625,346.76995849609375,303.5390319824219,573095,0.0,0.0
2014-01-20,346.44708251953125,349.8516845703125,341.72174072265625,346.124267578125,302.97381591796875,230877,0.0,0.0
2014-01-21,350.7028503417969,354.5476989746094,347.38629150390625,348.5015869140625,305.0547790527344,260109,0.0,0.0
2014-01-22,348.5015869140625,351.96490478515625,346.3590393066406,349.26470947265625,305.7228088378906,239882,0.0,0.0
2014-01-23,349.1473083496094,357.4826965332031,347.5036926269531,350.7322082519531,307.00732421875,448971,0.0,0.0
2014-01-24,349.26470947265625,351.3191833496094,337.5540466308594,339.7259521484375,297.3731689453125,242451,0.0,0.0
2014-01-27,336.3507080078125,336.3507080078125,314.39691162109375,316.01116943359375,276.61480712890625,483630,0.0,0.0
2014-01-28,316.04052734375,320.501708984375,306.7072448730469,309.3487243652344,270.7830810546875,419155,0.0,0.0
2014-01-29,311.69671630859375,318.3591613769531,311.1684265136719,316.89166259765625,277.38555908203125,401818,0.0,0.0
2014-01-30,313.3990173339844,320.06146240234375,301.1307373046875,315.1893615722656,275.8955078125,1077181,0.0,0.0
2014-01-31,319.85601806640625,327.54571533203125,312.5185241699219,324.0530700683594,283.6541748046875,391441,0.0,0.0
2014-02-03,321.20611572265625,328.1327209472656,319.44512939453125,321.851806640625,281.7274169921875,269984,0.0,0.0
2014-02-04,316.979736328125,321.4996337890625,312.2837219238281,317.62542724609375,278.0278625488281,264530,0.0,0.0
2014-02-05,318.2124328613281,328.6610107421875,318.09503173828125,322.82037353515625,282.5751953125,365477,0.0,0.0
2014-02-06,323.5834655761719,329.7176208496094,315.2480773925781,323.28997802734375,282.9862365722656,390772,0.0,0.0
2014-02-07,324.37591552734375,327.48699951171875,321.8224792480469,323.90631103515625,283.5257263183594,203937,0.0,0.0
2014-02-10,324.6107177734375,326.2836608886719,320.0027770996094,321.5583190917969,281.470458984375,107765,0.0,0.0
2014-02-11,322.82037353515625,324.84552001953125,318.2711181640625,319.7973327636719,279.9289855957031,118359,0.0,0.0
2014-02-12,321.030029296875,325.78472900390625,318.1830749511719,322.8497314453125,282.6008605957031,241455,0.0,0.0
2014-02-13,323.3780212402344,324.9922790527344,311.02166748046875,311.9021911621094,273.0181579589844,177904,0.0,0.0
2014-02-14,311.990234375,315.80572509765625,306.2376403808594,310.9336242675781,272.1703186035156,221424,0.0,0.0
2014-02-17,308.8204345703125,314.66107177734375,308.8204345703125,311.1684265136719,272.3758850097656,162851,0.0,0.0
2014-02-18,311.2271423339844,331.59600830078125,311.2271423339844,330.1578674316406,288.9979553222656,758591,0.0,0.0
2014-02-19,332.8287048339844,340.22491455078125,330.8035583496094,336.38006591796875,294.4444580078125,782407,0.0,0.0
2014-02-20,333.41571044921875,348.6777038574219,331.3612060546875,343.33599853515625,300.5331115722656,943580,0.0,0.0
2014-02-21,345.62530517578125,345.62530517578125,338.7867431640625,343.33599853515625,300.5331115722656,275104,0.0,0.0
2014-02-24,343.33599853515625,349.20599365234375,342.220703125,346.09490966796875,302.9481506347656,388191,0.0,0.0
2014-02-25,347.5624084472656,349.26470947265625,342.5141906738281,343.6882019042969,300.84149169921875,207497,0.0,0.0
2014-02-26,343.39471435546875,359.625244140625,342.5141906738281,354.81182861328125,310.57830810546875,1637757,0.0,0.0
2014-02-28,356.5434875488281,366.2876892089844,356.2793273925781,363.8222961425781,318.4655456542969,718400,0.0,0.0
2014-03-03,365.70068359375,367.1681823730469,360.9166259765625,363.3526916503906,318.054443359375,463037,0.0,0.0
2014-03-04,362.8243713378906,368.0486755371094,361.5916748046875,365.20172119140625,319.6729431152344,570210,0.0,0.0
2014-03-05,366.0528869628906,381.25616455078125,363.2939758300781,378.2331237792969,331.0797119140625,1274179,0.0,0.0
2014-03-06,378.6733703613281,389.15130615234375,378.6146545410156,381.8138122558594,334.2140197753906,1129421,0.0,0.0
2014-03-07,386.0695495605469,397.8682556152344,384.6607666015625,392.4385070800781,343.5141906738281,1204246,0.0,0.0
2014-03-10,392.7026672363281,409.43212890625,387.6544494628906,407.4656982421875,356.66796875,1700774,0.0,0.0
2014-03-11,408.5516357421875,410.8409423828125,388.1240539550781,397.8682556152344,348.26702880859375,920648,0.0,0.0
2014-03-12,394.4636535644531,404.8241882324219,390.941650390625,393.4364013671875,344.3876647949219,558077,0.0,0.0
2014-03-13,392.1743469238281,402.0946350097656,388.3294982910156,390.8829650878906,342.1526184082031,918869,0.0,0.0
2014-03-14,391.5286560058594,403.2686462402344,383.3987121582031,400.62713623046875,350.68194580078125,713142,0.0,0.0
2014-03-18,401.5076599121094,412.8660888671875,401.5076599121094,403.2980041503906,353.01983642578125,904869,0.0,0.0
2014-03-19,405.67535400390625,408.52227783203125,399.1596374511719,401.5369873046875,351.4783935546875,346277,0.0,0.0
2014-03-20,400.920654296875,408.5516357421875,395.7257080078125,401.5076599121094,351.45269775390625,420768,0.0,0.0
2014-03-21,402.7696838378906,405.46990966796875,400.27496337890625,403.12188720703125,352.8656921386719,843257,0.0,0.0
2014-03-24,402.681640625,409.72564697265625,402.681640625,407.26025390625,356.4881286621094,420876,0.0,0.0
2014-03-25,406.7906494140625,423.49078369140625,405.14703369140625,418.4425964355469,366.2764587402344,1364500,0.0,0.0
2014-03-26,421.8178405761719,424.400634765625,415.59564208984375,421.8178405761719,369.2308654785156,926816,0.0,0.0
2014-03-27,421.46563720703125,429.36077880859375,419.17633056640625,426.42578125,373.2643737792969,836850,0.0,0.0
2014-03-28,427.0421142578125,444.94561767578125,419.7926940917969,440.2789611816406,385.3905334472656,1053718,0.0,0.0
2014-03-31,443.06719970703125,454.9245910644531,435.84710693359375,453.3690490722656,396.84869384765625,948690,0.0,0.0
2014-04-01,453.6625671386719,453.7506103515625,427.9226379394531,434.35028076171875,380.200927734375,1428885,0.0,0.0
2014-04-02,437.1385192871094,446.1195983886719,431.0043640136719,443.0085144042969,387.7797546386719,829935,0.0,0.0
2014-04-03,440.2496032714844,449.3481140136719,438.57666015625,447.4110107421875,391.6333923339844,938624,0.0,0.0
2014-04-04,445.7380676269531,446.1195983886719,435.5829772949219,436.99176025390625,382.5130920410156,329978,0.0,0.0
2014-04-07,440.83660888671875,447.8218994140625,435.2601318359375,439.251708984375,384.4913330078125,475330,0.0,0.0
2014-04-09,440.89532470703125,449.20135498046875,440.83660888671875,444.5640563964844,389.141357421875,552424,0.0,0.0
2014-04-10,445.5326232910156,455.717041015625,443.39007568359375,446.7359619140625,391.0425109863281,583503,0.0,0.0
2014-04-11,445.5326232910156,447.7925720214844,439.07562255859375,445.82611083984375,390.2461853027344,318501,0.0,0.0
2014-04-15,443.4781188964844,447.2936096191406,436.31671142578125,443.9183654785156,388.5761413574219,397709,0.0,0.0
2014-04-16,443.1846008300781,449.2893981933594,427.74652099609375,431.56201171875,377.7602844238281,288741,0.0,0.0
2014-04-17,432.73602294921875,447.2642517089844,428.5976867675781,444.06512451171875,388.70465087890625,545131,0.0,0.0
2014-04-21,443.7716064453125,452.5179138183594,442.24542236328125,445.7967529296875,390.22039794921875,338860,0.0,0.0
2014-04-22,447.0001220703125,454.86590576171875,443.4487609863281,444.652099609375,389.2184143066406,367855,0.0,0.0
2014-04-23,443.4487609863281,449.4948425292969,436.7276306152344,438.429931640625,383.77197265625,333490,0.0,0.0
2014-04-24,438.429931640625,438.429931640625,438.429931640625,438.429931640625,383.77197265625,0,0.0,0.0
2014-04-25,440.2789611816406,447.1468505859375,431.4446105957031,434.4676818847656,380.3037109375,731126,0.0,0.0
2014-04-28,450.75689697265625,450.75689697265625,429.15533447265625,437.5494079589844,383.00128173828125,843036,0.0,0.0
2014-04-29,437.3146057128906,437.3146057128906,417.56207275390625,420.58514404296875,368.1518249511719,669450,0.0,0.0
2014-04-30,423.1092224121094,426.5725402832031,402.4175109863281,407.49505615234375,356.6936950683594,604221,0.0,0.0
2014-05-02,410.8996276855469,415.0086364746094,402.5935974121094,405.9688415527344,355.35772705078125,591162,0.0,0.0
2014-05-05,410.1658935546875,410.1658935546875,395.0506591796875,396.4594421386719,347.0338134765625,498652,0.0,0.0
2014-05-06,396.5181579589844,398.5726623535156,390.0611572265625,393.084228515625,344.07940673828125,492833,0.0,0.0
2014-05-07,391.0003662109375,402.0946350097656,391.0003662109375,395.8137512207031,346.46868896484375,591463,0.0,0.0
2014-05-08,396.4007568359375,400.8032531738281,386.6859130859375,391.85150146484375,343.0003967285156,741469,0.0,0.0
2014-05-09,388.00665283203125,425.45721435546875,388.00665283203125,421.87652587890625,369.2822570800781,1114217,0.0,0.0
2014-05-12,419.822021484375,444.27056884765625,419.7633361816406,441.4822998046875,386.44384765625,999939,0.0,0.0
2014-05-13,441.4236145019531,458.9748840332031,441.4236145019531,454.0734558105469,397.4653015136719,689450,0.0,0.0
2014-05-14,457.8595886230469,468.132080078125,455.2474670410156,465.87213134765625,407.79302978515625,674721,0.0,0.0
2014-05-15,461.381591796875,484.9789733886719,461.381591796875,481.6917724609375,421.6404724121094,942401,0.0,0.0
2014-05-16,489.5575866699219,502.23675537109375,484.9789733886719,492.52191162109375,431.1204528808594,867334,0.0,0.0
2014-05-19,495.3101806640625,551.7208251953125,494.9286193847656,547.6998901367188,479.4195861816406,1065491,0.0,0.0
2014-05-20,557.0625,564.0477905273438,530.6768798828125,538.2198486328125,471.121337890625,442615,0.0,0.0
2014-05-21,538.2785034179688,559.9681396484375,534.4923706054688,543.2386474609375,475.5144958496094,514934,0.0,0.0
2014-05-22,547.08349609375,553.423095703125,538.836181640625,541.7124633789062,474.17852783203125,270117,0.0,0.0
2014-05-23,542.9745483398438,568.802490234375,542.9745483398438,564.9282836914062,494.5001525878906,590555,0.0,0.0
2014-05-26,566.4545288085938,581.1001586914062,528.6810913085938,548.7271118164062,480.3187255859375,517182,0.0,0.0
2014-05-27,548.8445434570312,573.4984741210938,493.87200927734375,543.7376098632812,475.9511413574219,431824,0.0,0.0
2014-05-28,545.9095458984375,548.7564697265625,524.7775268554688,530.88232421875,464.69854736328125,383034,0.0,0.0
2014-05-29,531.2345581054688,543.4441528320312,516.03125,520.4630737304688,455.57830810546875,716329,0.0,0.0
2014-05-30,521.842529296875,529.8551025390625,504.0858154296875,509.28076171875,445.7900085449219,826377,0.0,0.0
2014-06-02,510.6895446777344,541.5070190429688,510.6895446777344,536.6349487304688,469.73406982421875,449709,0.0,0.0
2014-06-03,539.2764282226562,552.9534912109375,533.0542602539062,551.0457763671875,482.3482971191406,526441,0.0,0.0
2014-06-04,552.3665161132812,559.8214111328125,541.800537109375,544.3246459960938,476.46514892578125,440455,0.0,0.0
2014-06-05,545.322509765625,569.9765014648438,545.322509765625,568.1567993164062,497.3260803222656,867542,0.0,0.0
2014-06-06,569.3895263671875,575.8464965820312,557.0625,568.3035278320312,497.45458984375,1085380,0.0,0.0
2014-06-09,573.7919921875,574.0855102539062,556.093994140625,561.6117553710938,491.5970458984375,479368,0.0,0.0
2014-06-10,563.51953125,567.0121459960938,549.636962890625,559.880126953125,490.0812683105469,403131,0.0,0.0
2014-06-11,559.9974975585938,565.7501220703125,541.947265625,545.2344970703125,477.2615051269531,426126,0.0,0.0
2014-06-12,547.34765625,551.779541015625,531.6748046875,548.404296875,480.0361328125,410301,0.0,0.0
2014-06-13,543.5908813476562,559.1170043945312,520.08154296875,530.6181640625,464.4673767089844,692113,0.0,0.0
2014-06-16,525.3058471679688,534.1401977539062,499.6539611816406,528.4462890625,462.5662536621094,602557,0.0,0.0
2014-06-17,533.8173217773438,541.2135009765625,522.0186157226562,535.3728637695312,468.6293640136719,771310,0.0,0.0
2014-06-18,540.6265258789062,553.1882934570312,531.2345581054688,539.922119140625,472.6114807128906,762574,0.0,0.0
2014-06-19,542.9745483398438,549.4315185546875,527.7125244140625,531.5867309570312,465.3152160644531,242640,0.0,0.0
2014-06-20,526.2450561523438,535.871826171875,520.1109008789062,522.517578125,457.376708984375,312613,0.0,0.0
2014-06-23,522.4882202148438,533.6412353515625,508.8698425292969,520.6685180664062,455.7580871582031,938479,0.0,0.0
2014-06-24,525.3645629882812,533.9347534179688,517.0584716796875,519.2891235351562,454.5506286621094,818792,0.0,0.0
2014-06-25,522.370849609375,526.7733154296875,518.9075317382812,521.4609985351562,456.45184326171875,705533,0.0,0.0
2014-06-26,524.6014404296875,533.4064331054688,524.542724609375,531.3225708007812,465.0838928222656,662794,0.0,0.0
2014-06-27,533.4651489257812,547.3770141601562,531.557373046875,544.9996948242188,477.05596923828125,815871,0.0,0.0
2014-06-30,549.3434448242188,563.51953125,546.6138916015625,561.1421508789062,491.1859436035156,602992,0.0,0.0
2014-07-01,565.2511596679688,570.5634765625,553.7459716796875,564.9576416015625,494.52587890625,545775,0.0,0.0
2014-07-02,568.7731323242188,586.2363891601562,566.7479858398438,582.1860961914062,509.6064453125,821980,0.0,0.0
2014-07-03,584.0645141601562,592.8695068359375,576.7857055664062,579.6619873046875,507.3970031738281,904200,0.0,0.0
2014-07-04,586.4124755859375,588.64306640625,569.9765014648438,581.3349609375,508.86138916015625,606172,0.0,0.0
2014-07-07,581.9512939453125,585.1504516601562,574.0855102539062,577.4901123046875,505.4958801269531,402746,0.0,0.0
2014-07-08,580.3663940429688,586.4124755859375,520.4337158203125,531.96826171875,465.6491394042969,915494,0.0,0.0
2014-07-09,533.4064331054688,539.2177124023438,513.5658569335938,519.4945678710938,454.7304992675781,596549,0.0,0.0
2014-07-10,519.4945678710938,551.779541015625,500.1235656738281,519.3771362304688,454.627685546875,871416,0.0,0.0
2014-07-11,520.6392211914062,524.6014404296875,493.66656494140625,501.6497497558594,439.1103515625,668068,0.0,0.0
2014-07-14,499.53656005859375,515.0040283203125,496.89508056640625,509.1633605957031,445.687255859375,344059,0.0,0.0
2014-07-15,512.8614501953125,529.26806640625,511.4526672363281,524.4253540039062,459.0466003417969,354501,0.0,0.0
2014-07-16,528.299560546875,531.6748046875,518.4966430664062,529.2387084960938,463.2598571777344,357279,0.0,0.0
2014-07-17,524.1905517578125,539.6873168945312,523.9557495117188,535.4022216796875,468.6549987792969,309771,0.0,0.0
2014-07-18,536.81103515625,542.3875122070312,527.3603515625,535.9598999023438,469.1431884765625,352341,0.0,0.0
2014-07-21,541.800537109375,541.800537109375,531.2345581054688,534.521728515625,467.88427734375,152061,0.0,0.0
2014-07-22,536.1066284179688,541.68310546875,528.9452514648438,538.014404296875,470.9414978027344,305581,0.0,0.0
2014-07-23,541.2135009765625,544.5594482421875,526.01025390625,532.643310546875,466.2399597167969,430044,0.0,0.0
2014-07-24,530.060546875,540.03955078125,524.1905517578125,538.42529296875,471.30120849609375,364312,0.0,0.0
2014-07-25,540.03955078125,543.9430541992188,520.08154296875,529.1800537109375,463.2084655761719,329323,0.0,0.0
2014-07-28,527.2722778320312,539.393798828125,523.603515625,527.3309936523438,461.59002685546875,213766,0.0,0.0
2014-07-30,527.1842651367188,531.821533203125,514.0941772460938,519.3477783203125,454.60198974609375,466850,0.0,0.0
2014-07-31,520.08154296875,523.8090209960938,512.920166015625,514.6224365234375,450.4657287597656,362800,0.0,0.0
2014-08-01,509.1046447753906,515.3855590820312,503.0585632324219,505.905517578125,442.83551025390625,287242,0.0,0.0
2014-08-04,505.9935607910156,523.2513427734375,505.9935607910156,520.9326782226562,455.98931884765625,461470,0.0,0.0
2014-08-05,522.4589233398438,525.4525756835938,515.3855590820312,522.5469360351562,457.40234375,384349,0.0,0.0
2014-08-06,519.4945678710938,530.735595703125,519.4945678710938,521.8131713867188,456.7600402832031,248679,0.0,0.0
2014-08-07,523.8970336914062,526.01025390625,510.7189025878906,516.29541015625,451.9301452636719,316242,0.0,0.0
2014-08-08,513.6245727539062,514.4169921875,499.4485168457031,501.5323486328125,439.0075988769531,1219818,0.0,0.0
2014-08-11,504.8195495605469,510.6895446777344,503.0585632324219,504.9076232910156,441.96209716796875,1004082,0.0,0.0
2014-08-12,505.81744384765625,511.5700378417969,499.33111572265625,509.427490234375,445.91851806640625,378582,0.0,0.0
2014-08-13,509.5448913574219,513.9473876953125,478.7274169921875,495.1340637207031,433.4069519042969,1310972,0.0,0.0
2014-08-14,496.6015625,502.4715576171875,489.176025390625,499.53656005859375,437.2606506347656,361335,0.0,0.0
2014-08-18,496.2200012207031,508.8698425292969,496.2200012207031,501.5323486328125,439.0075988769531,279388,0.0,0.0
2014-08-19,505.40655517578125,508.9285583496094,498.7441101074219,501.855224609375,439.2901916503906,258431,0.0,0.0
2014-08-20,509.31011962890625,509.31011962890625,500.1235656738281,504.027099609375,441.1912841796875,421121,0.0,0.0
2014-08-21,501.8845520019531,511.4233093261719,496.16131591796875,498.1277770996094,436.0274658203125,572288,0.0,0.0
2014-08-22,498.0690612792969,502.8531188964844,496.0145568847656,498.0397033691406,435.95037841796875,337717,0.0,0.0
2014-08-25,496.6015625,501.2975769042969,491.3185729980469,492.72735595703125,431.30029296875,235535,0.0,0.0
2014-08-26,487.9433288574219,494.2535705566406,465.4906005859375,471.4192810058594,412.6486511230469,697404,0.0,0.0
2014-08-27,472.2410888671875,477.67083740234375,462.056640625,467.54510498046875,409.2574462890625,636852,0.0,0.0
2014-08-28,471.9476013183594,473.12158203125,457.8889465332031,466.2536926269531,408.12701416015625,952878,0.0,0.0
2014-09-01,467.310302734375,492.4338684082031,467.310302734375,490.526123046875,429.3734436035156,966278,0.0,0.0
2014-09-02,488.3835754394531,495.6330261230469,483.247314453125,484.42132568359375,424.0297546386719,490318,0.0,0.0
2014-09-03,487.2095642089844,498.59735107421875,486.18231201171875,492.0229797363281,430.6836853027344,658835,0.0,0.0
2014-09-04,489.5575866699219,494.4296569824219,479.0796203613281,488.53033447265625,427.62652587890625,599992,0.0,0.0
2014-09-05,488.9705810546875,503.2933654785156,484.861572265625,499.9181213378906,437.59454345703125,456782,0.0,0.0
2014-09-08,508.077392578125,525.9808959960938,505.40655517578125,522.8698120117188,457.6849670410156,1243147,0.0,0.0
2014-09-09,526.9201049804688,536.9871215820312,522.8698120117188,534.8152465820312,468.1412048339844,1048017,0.0,0.0
2014-09-10,531.2345581054688,535.1380615234375,522.78173828125,525.599365234375,460.07421875,576504,0.0,0.0
2014-09-11,528.2702026367188,533.435791015625,502.8531188964844,527.4483642578125,461.6927490234375,492841,0.0,0.0
2014-09-12,525.9515380859375,534.0521240234375,518.056396484375,521.020751953125,456.06640625,365421,0.0,0.0
2014-09-15,518.9075317382812,526.8613891601562,513.0375366210938,518.2911987304688,453.6771545410156,491710,0.0,0.0
2014-09-16,517.7335205078125,523.4861450195312,496.8070068359375,504.7021484375,441.7821960449219,776477,0.0,0.0
2014-09-17,509.51556396484375,522.3414916992188,490.8196105957031,520.1402587890625,455.29571533203125,1101537,0.0,0.0
2014-09-18,521.842529296875,528.0647583007812,519.4945678710938,523.5448608398438,458.27587890625,482843,0.0,0.0
2014-09-19,520.8446655273438,532.4085083007812,518.3499145507812,521.7838745117188,456.7344055175781,545353,0.0,0.0
2014-09-22,518.9368896484375,527.1255493164062,516.5889282226562,521.0501098632812,456.0921630859375,464571,0.0,0.0
2014-09-23,518.9662475585938,526.2450561523438,514.2409057617188,517.8215942382812,453.2660217285156,439554,0.0,0.0
2014-09-24,517.7335205078125,522.4882202148438,501.0040588378906,506.4338073730469,443.2979736328125,274644,0.0,0.0
2014-09-25,501.9726257324219,509.51556396484375,475.5282897949219,480.78192138671875,420.8440856933594,891702,0.0,0.0
2014-09-26,480.78192138671875,491.23052978515625,463.2012939453125,483.6288757324219,423.33612060546875,635024,0.0,0.0
2014-09-29,484.3332824707031,491.3185729980469,473.15093994140625,475.9685363769531,416.6307678222656,317562,0.0,0.0
2014-09-30,475.4695739746094,498.7147521972656,473.8846740722656,485.53662109375,425.0059814453125,583232,0.0,0.0
2014-10-01,483.6875915527344,491.3185729980469,478.61004638671875,480.1949157714844,420.3302307128906,245272,0.0,0.0
2014-10-07,478.4045715332031,484.2745666503906,467.2515869140625,473.6498718261719,414.6011657714844,484007,0.0,0.0
2014-10-08,473.1802978515625,481.92657470703125,470.7735900878906,475.9098205566406,416.5793151855469,324320,0.0,0.0
2014-10-09,476.93707275390625,493.5785217285156,476.93707275390625,491.876220703125,430.5552673339844,598515,0.0,0.0
2014-10-10,487.2389221191406,489.3814697265625,473.12158203125,475.3228454589844,416.0655517578125,290383,0.0,0.0
2014-10-13,470.7735900878906,485.2431335449219,469.9517822265625,483.48211669921875,423.20758056640625,406243,0.0,0.0
2014-10-14,484.7441711425781,487.18023681640625,475.64569091796875,476.93707275390625,417.478515625,241816,0.0,0.0
2014-10-15,476.93707275390625,476.93707275390625,476.93707275390625,476.93707275390625,417.478515625,0,0.0,0.0
2014-10-16,474.23687744140625,480.16558837890625,451.28521728515625,456.8616943359375,399.9059143066406,410375,0.0,0.0
2014-10-17,453.8386535644531,469.0126037597656,453.8386535644531,467.22222900390625,408.97479248046875,449627,0.0,0.0
2014-10-20,473.2683410644531,485.97686767578125,472.5345764160156,484.0397644042969,423.6957092285156,396361,0.0,0.0
2014-10-21,484.2745666503906,489.5575866699219,482.39617919921875,488.5596618652344,427.6521301269531,238635,0.0,0.0
2014-10-22,491.3185729980469,507.69586181640625,490.55548095703125,505.7000732421875,442.6557922363281,511796,0.0,0.0
2014-10-27,505.5239562988281,509.04595947265625,499.0082702636719,504.32061767578125,441.4482421875,238035,0.0,0.0
2014-10-28,505.3478698730469,511.68743896484375,503.0585632324219,505.4945983886719,442.47589111328125,345102,0.0,0.0
2014-10-29,507.1675720214844,510.6895446777344,500.41705322265625,505.7294006347656,442.6813659667969,329560,0.0,0.0
2014-10-30,503.79229736328125,510.6895446777344,500.8279724121094,503.9977722167969,441.1656799316406,507148,0.0,0.0
2014-10-31,506.34576416015625,516.5595703125,506.34576416015625,512.5679321289062,448.6673889160156,599814,0.0,0.0
2014-11-03,513.6245727539062,521.0794677734375,511.3645935058594,514.3582763671875,450.2345275878906,357959,0.0,0.0
2014-11-05,515.3855590820312,519.4945678710938,509.7796936035156,516.6475830078125,452.23846435546875,332025,0.0,0.0
2014-11-07,522.4295654296875,523.2807006835938,512.391845703125,517.6455078125,453.1119689941406,311496,0.0,0.0
2014-11-10,520.1402587890625,520.492431640625,504.8195495605469,508.9285583496094,445.481689453125,201391,0.0,0.0
2014-11-11,511.8635559082031,514.2409057617188,502.76507568359375,512.127685546875,448.28204345703125,267913,0.0,0.0
2014-11-12,510.86566162109375,531.1171264648438,510.86566162109375,518.0270385742188,453.4459228515625,966203,0.0,0.0
2014-11-13,519.4945678710938,526.949462890625,517.6161499023438,521.7251586914062,456.6829528808594,421910,0.0,0.0
2014-11-14,520.6392211914062,547.6705322265625,520.6392211914062,544.764892578125,476.8504943847656,1212438,0.0,0.0
2014-11-17,548.69775390625,548.69775390625,537.1925659179688,539.1883544921875,471.9691162109375,460121,0.0,0.0
2014-11-18,538.8948974609375,553.3937377929688,538.2785034179688,548.14013671875,479.8049011230469,909556,0.0,0.0
2014-11-19,548.14013671875,558.7648315429688,536.0185546875,538.8948974609375,471.7123107910156,666794,0.0,0.0
2014-11-20,532.9955444335938,537.0164794921875,524.5133666992188,527.1842651367188,461.4615478515625,408293,0.0,0.0
2014-11-21,529.943115234375,535.343505859375,523.3687133789062,532.3204956054688,465.9573669433594,345589,0.0,0.0
2014-11-24,534.785888671875,551.39794921875,533.02490234375,548.9031982421875,480.47271728515625,618152,0.0,0.0
2014-11-25,551.779541015625,552.9534912109375,524.7775268554688,538.2492065429688,471.1470947265625,1048259,0.0,0.0
2014-11-26,533.993408203125,544.91162109375,528.299560546875,530.2953491210938,464.1847839355469,718220,0.0,0.0
2014-11-27,530.2953491210938,535.9305419921875,528.3875732421875,529.8844604492188,463.82513427734375,424032,0.0,0.0
2014-11-28,532.4085083007812,540.59716796875,527.242919921875,532.232421875,465.8804016113281,564198,0.0,0.0
2014-12-01,533.8760375976562,537.6915283203125,513.6245727539062,519.3477783203125,454.60198974609375,487092,0.0,0.0
2014-12-02,513.0375366210938,529.4735107421875,509.5448913574219,527.62451171875,461.84686279296875,505598,0.0,0.0
2014-12-03,533.5238037109375,533.6705932617188,525.7754516601562,530.060546875,463.9791564941406,403262,0.0,0.0
2014-12-04,531.2345581054688,577.9010009765625,531.2345581054688,572.9114990234375,501.4881286621094,2971908,0.0,0.0
2014-12-05,573.5865478515625,574.9072875976562,543.6202392578125,555.3895874023438,486.1506042480469,1017210,0.0,0.0
2014-12-08,548.8445434570312,553.54052734375,530.9116821289062,537.4273681640625,470.4277038574219,514026,0.0,0.0
2014-12-09,539.9808349609375,544.6768188476562,519.1716918945312,520.7272338867188,455.8094787597656,631857,0.0,0.0
2014-12-10,523.603515625,537.1045532226562,520.7272338867188,528.18212890625,462.3349914550781,492761,0.0,0.0
2014-12-11,528.8865356445312,538.3959350585938,516.5595703125,530.0311889648438,463.95355224609375,498356,0.0,0.0
2014-12-12,530.6475219726562,536.693603515625,516.5595703125,519.8173828125,455.0130615234375,461908,0.0,0.0
2014-12-15,520.6685180664062,526.5385131835938,511.3939514160156,513.9767456054688,449.9005432128906,493238,0.0,0.0
2014-12-16,510.6895446777344,517.6161499023438,484.861572265625,491.3185729980469,430.0671691894531,444194,0.0,0.0
2014-12-17,492.4338684082031,495.4275817871094,466.6645812988281,484.68548583984375,424.2609558105469,760027,0.0,0.0
2014-12-18,489.35211181640625,509.4862060546875,489.35211181640625,505.5826721191406,442.5529479980469,464221,0.0,0.0
2014-12-19,511.27655029296875,517.7335205078125,504.2325439453125,507.1968994140625,443.9659118652344,495525,0.0,0.0
2014-12-22,509.5742492675781,514.7985229492188,496.8070068359375,510.80694580078125,447.12591552734375,347220,0.0,0.0
2014-12-23,510.6895446777344,514.7985229492188,493.19696044921875,495.4569091796875,433.6896057128906,370158,0.0,0.0
2014-12-24,499.94744873046875,511.8635559082031,496.7189636230469,506.5218505859375,443.37506103515625,665787,0.0,0.0
2014-12-26,509.4862060546875,510.0438537597656,498.0984191894531,501.76715087890625,439.2131042480469,236846,0.0,0.0
2014-12-29,500.5931701660156,515.9725341796875,500.5931701660156,511.48199462890625,447.716796875,361051,0.0,0.0
2014-12-30,509.25140380859375,528.299560546875,508.341552734375,526.3037109375,460.6907958984375,722111,0.0,0.0
2014-12-31,528.1234130859375,536.693603515625,521.842529296875,532.49658203125,466.1116027832031,568956,0.0,0.0
2015-01-01,530.7062377929688,539.4525146484375,527.3603515625,532.232421875,465.8804016113281,253029,0.0,0.0
2015-01-02,534.1695556640625,538.8068237304688,529.2094116210938,536.7229614257812,469.81103515625,267284,0.0,0.0
2015-01-05,532.9955444335938,547.6705322265625,532.9955444335938,539.2470703125,472.0205078125,450124,0.0,0.0
2015-01-06,534.1695556640625,536.3120727539062,513.6832275390625,525.7754516601562,460.2283935546875,523022,0.0,0.0
2015-01-07,528.8865356445312,534.1695556640625,517.6161499023438,527.8299560546875,462.0267639160156,273834,0.0,0.0
2015-01-08,533.8760375976562,545.3518676757812,530.6475219726562,540.2743530273438,472.91973876953125,418025,0.0,0.0
2015-01-09,544.7355346679688,550.165283203125,534.785888671875,536.7816772460938,469.8625183105469,323393,0.0,0.0
2015-01-12,537.3980102539062,546.936767578125,531.263916015625,543.678955078125,475.89996337890625,335012,0.0,0.0
2015-01-13,550.429443359375,550.429443359375,532.643310546875,539.6873168945312,472.4058532714844,367225,0.0,0.0
2015-01-14,537.9850463867188,552.2491455078125,533.6412353515625,546.8780517578125,484.08184814453125,610629,6.0,0.0
2015-01-15,554.6558227539062,565.69140625,545.2931518554688,555.0960693359375,491.3563537597656,614070,0.0,0.0
2015-01-16,554.1275024414062,569.9471435546875,549.78369140625,566.51318359375,501.46246337890625,619992,0.0,0.0
2015-01-19,568.0980834960938,579.603271484375,560.9367065429688,568.9785766601562,503.644775390625,738491,0.0,0.0
2015-01-20,570.005859375,574.5551147460938,557.737548828125,559.3811645507812,495.1494445800781,452610,0.0,0.0
2015-01-21,563.402099609375,583.4187622070312,561.1715087890625,579.309814453125,512.7897338867188,625092,0.0,0.0
2015-01-22,583.4774780273438,596.9784545898438,581.1295166015625,593.2510375976562,525.130126953125,928520,0.0,0.0
2015-01-23,597.0371704101562,612.7394409179688,592.282470703125,609.8924560546875,539.8607177734375,854065,0.0,0.0
2015-01-27,610.4794921875,629.263427734375,601.7625122070312,624.7142333984375,552.9805297851562,638930,0.0,0.0
2015-01-28,622.8064575195312,636.3661499023438,612.9742431640625,620.0475463867188,548.8496704101562,584831,0.0,0.0
2015-01-29,619.8714599609375,627.9720458984375,614.5884399414062,619.8421020507812,548.6677856445312,494252,0.0,0.0
2015-01-30,620.9280395507812,622.219482421875,581.1295166015625,611.7415161132812,541.4974365234375,1472222,0.0,0.0
2015-02-02,611.6534423828125,648.0474243164062,609.8924560546875,643.70361328125,569.7894287109375,742990,0.0,0.0
2015-02-03,649.2801513671875,656.7350463867188,629.8211059570312,651.8042602539062,576.9598388671875,664576,0.0,0.0
2015-02-04,656.0306396484375,656.11865234375,635.4269409179688,643.3220825195312,569.45166015625,558412,0.0,0.0
2015-02-05,642.7644653320312,649.749755859375,634.8399658203125,642.1774291992188,568.4384765625,484187,0.0,0.0
2015-02-06,642.7644653320312,662.5463256835938,641.00341796875,650.3954467773438,575.7128295898438,692186,0.0,0.0
2015-02-09,642.2948608398438,668.0054321289062,633.95947265625,649.2801513671875,574.7256469726562,829828,0.0,0.0
2015-02-10,648.6344604492188,678.9822998046875,639.8294677734375,673.1416625976562,595.8472290039062,610487,0.0,0.0
2015-02-11,677.573486328125,695.0073852539062,677.573486328125,687.4937744140625,608.5513305664062,526499,0.0,0.0
2015-02-12,688.2568969726562,701.4644165039062,683.8544311523438,699.3511962890625,619.0471801757812,385167,0.0,0.0
2015-02-13,701.4644165039062,709.0953979492188,694.4497680664062,706.5712890625,625.438232421875,383882,0.0,0.0
2015-02-16,707.3637084960938,733.162353515625,705.0157470703125,724.2986450195312,641.1299438476562,671118,0.0,0.0
2015-02-18,724.3573608398438,739.6193237304688,713.2630615234375,734.8646850585938,650.4827270507812,531235,0.0,0.0
2015-02-19,736.5669555664062,749.5983276367188,729.112060546875,746.25244140625,660.5630493164062,570051,0.0,0.0
2015-02-20,745.4893188476562,749.0113525390625,734.6298828125,738.3866577148438,653.600341796875,295541,0.0,0.0
2015-02-23,740.7933349609375,758.2859497070312,737.1539306640625,749.627685546875,663.5505981445312,526589,0.0,0.0
2015-02-24,751.9463500976562,756.0553588867188,737.8583374023438,745.4013061523438,659.8095092773438,392576,0.0,0.0
2015-02-25,748.42431640625,795.38427734375,748.42431640625,787.0195922851562,696.6489868164062,1312036,0.0,0.0
2015-02-26,791.8623046875,803.3087768554688,746.6926879882812,751.4767456054688,665.1873168945312,1890553,0.0,0.0
2015-02-27,745.4893188476562,786.5206298828125,741.0574951171875,779.3591918945312,689.8681030273438,1124411,0.0,0.0
2015-03-02,786.6380004882812,836.38623046875,777.5101928710938,821.9166870117188,727.5389404296875,795336,0.0,0.0
2015-03-03,824.1472778320312,851.1492309570312,821.7992553710938,838.3233032226562,742.0616455078125,655032,0.0,0.0
2015-03-04,842.34423828125,852.58740234375,822.62109375,828.4030151367188,733.2804565429688,543780,0.0,0.0
2015-03-05,835.30029296875,835.711181640625,795.8832397460938,807.77001953125,715.0166625976562,759542,0.0,0.0
2015-03-09,807.124267578125,824.0885620117188,795.91259765625,800.2857666015625,708.3917846679688,479709,0.0,0.0
2015-03-10,797.937744140625,810.5875854492188,792.4492797851562,803.3087768554688,711.067626953125,482714,0.0,0.0
2015-03-11,813.2584228515625,826.4365844726562,807.1829833984375,817.0152587890625,723.2003173828125,668331,0.0,0.0
2015-03-12,822.3862915039062,874.5118408203125,817.48486328125,864.0338745117188,764.8199462890625,925695,0.0,0.0
2015-03-13,868.6712036132812,880.4992065429688,834.361083984375,841.0234985351562,744.45166015625,988493,0.0,0.0
2015-03-16,846.511962890625,850.4448852539062,807.7406616210938,818.981689453125,724.9409790039062,649787,0.0,0.0
2015-03-17,823.2080688476562,842.9019165039062,811.9963989257812,826.67138671875,731.7476196289062,1137142,0.0,0.0
2015-03-18,831.1912841796875,844.6922607421875,819.9208984375,823.9418334960938,729.33154296875,593889,0.0,0.0
2015-03-19,831.7782592773438,841.639892578125,798.61279296875,803.2794189453125,711.0416259765625,600833,0.0,0.0
2015-03-20,794.7973022460938,814.5498657226562,790.101318359375,802.9859619140625,710.7818603515625,536261,0.0,0.0
2015-03-23,807.094970703125,811.967041015625,783.9671630859375,791.1285400390625,700.2860717773438,421968,0.0,0.0
2015-03-24,784.8182983398438,794.4451293945312,774.1055908203125,785.8162231445312,695.583740234375,519767,0.0,0.0
2015-03-25,791.8035888671875,803.0153198242188,785.7575073242188,800.9608154296875,708.9893188476562,609024,0.0,0.0
2015-03-26,798.2899780273438,813.581298828125,787.4304809570312,795.501708984375,704.1570434570312,1180776,0.0,0.0
2015-03-27,801.2542724609375,818.2772827148438,786.5792846679688,810.8517456054688,717.7444458007812,459818,0.0,0.0
2015-03-30,821.0949096679688,832.6881103515625,810.6463012695312,830.0172729492188,734.7093505859375,400860,0.0,0.0
2015-03-31,832.8641967773438,844.6629028320312,816.6923828125,819.8915405273438,725.746337890625,556099,0.0,0.0
2015-04-01,820.0969848632812,832.9522705078125,817.4261474609375,829.1367797851562,733.9299926757812,275690,0.0,0.0
2015-04-06,833.5392456054688,852.3232421875,821.7992553710938,849.8284912109375,752.2455444335938,526748,0.0,0.0
2015-04-07,855.2582397460938,862.8892211914062,840.8767700195312,850.5916137695312,752.921142578125,571634,0.0,0.0
2015-04-08,855.8452758789062,870.4615478515625,851.1492309570312,858.3106689453125,759.7539672851562,517472,0.0,0.0
2015-04-09,862.30224609375,874.6292114257812,845.2792358398438,856.3441772460938,758.01318359375,533252,0.0,0.0
2015-04-10,859.9542236328125,868.1722412109375,844.9270629882812,849.5936889648438,752.0377197265625,541262,0.0,0.0
2015-04-13,855.140869140625,855.2582397460938,833.6566772460938,846.0717163085938,748.9203491210938,423303,0.0,0.0
2015-04-15,851.1492309570312,856.9899291992188,834.2142944335938,839.9669189453125,743.5164794921875,362295,0.0,0.0
2015-04-16,840.0549926757812,845.1031494140625,815.9292602539062,824.382080078125,729.7212524414062,303952,0.0,0.0
2015-04-17,827.082275390625,827.082275390625,771.2879638671875,778.243896484375,688.880859375,402589,0.0,0.0
2015-04-20,781.88330078125,789.4556274414062,758.3739624023438,765.0657958984375,677.2159423828125,458567,0.0,0.0
2015-04-21,767.6779174804688,776.2481079101562,747.07421875,758.10986328125,671.058837890625,408470,0.0,0.0
2015-04-22,760.81005859375,773.6653442382812,734.8059692382812,760.83935546875,673.474853515625,554932,0.0,0.0
2015-04-23,766.50390625,772.8728637695312,744.6675415039062,752.2985229492188,665.9146728515625,363042,0.0,0.0
2015-04-24,754.2943115234375,762.5123291015625,711.5901489257812,720.9234008789062,638.1422119140625,710274,0.0,0.0
2015-04-27,748.3069458007812,753.120361328125,730.8143310546875,742.5250244140625,657.2634887695312,1149890,0.0,0.0
2015-04-28,736.2734375,765.7114868164062,728.4663696289062,759.342529296875,672.14990234375,550889,0.0,0.0
2015-04-29,759.0490112304688,777.7449951171875,756.6716918945312,763.4808959960938,675.8130493164062,547543,0.0,0.0
2015-04-30,764.33203125,803.602294921875,759.1664428710938,798.7888793945312,707.0668334960938,1031515,0.0,0.0
2015-05-04,810.0592651367188,827.082275390625,805.06982421875,823.9124755859375,729.305419921875,864815,0.0,0.0
2015-05-05,801.5477905273438,804.1892700195312,775.543701171875,789.8665161132812,699.1688842773438,705792,0.0,0.0
2015-05-06,783.644287109375,791.0991821289062,751.3593139648438,760.692626953125,673.3450317382812,643673,0.0,0.0
2015-05-07,760.7513427734375,762.4829711914062,719.6026611328125,734.0428466796875,649.75537109375,695298,0.0,0.0
2015-05-08,740.7933349609375,775.3676147460938,740.7933349609375,764.8603515625,677.0341186523438,524290,0.0,0.0
2015-05-11,767.443115234375,793.3884887695312,767.443115234375,787.8707275390625,697.40234375,496983,0.0,0.0
2015-05-12,791.8623046875,791.8623046875,743.2294311523438,749.0407104492188,663.0310668945312,503267,0.0,0.0
2015-05-13,754.2943115234375,768.7052001953125,737.9170532226562,762.2481689453125,674.7218627929688,499313,0.0,0.0
2015-05-14,767.7366333007812,797.1453247070312,757.2000122070312,791.0991821289062,700.260009765625,555528,0.0,0.0
2015-05-15,797.1453247070312,800.6672973632812,782.0887451171875,788.0174560546875,697.5322265625,305027,0.0,0.0
2015-05-18,789.42626953125,822.88525390625,788.0174560546875,818.4240112304688,724.447265625,625247,0.0,0.0
2015-05-19,817.1619873046875,818.2772827148438,793.9168090820312,799.816162109375,707.97607421875,419121,0.0,0.0
2015-05-20,806.9481811523438,824.646240234375,804.2186279296875,818.453369140625,724.4732055664062,512528,0.0,0.0
2015-05-21,812.11376953125,832.2478637695312,812.11376953125,818.8936157226562,724.8629150390625,768102,0.0,0.0
2015-05-22,818.8642578125,823.44287109375,801.2542724609375,806.4785766601562,713.87353515625,371751,0.0,0.0
2015-05-25,806.5372924804688,807.916748046875,787.7532958984375,793.359130859375,702.260498046875,270179,0.0,0.0
2015-05-26,791.8623046875,800.6672973632812,782.4996948242188,794.2103271484375,703.013916015625,254661,0.0,0.0
2015-05-27,788.9273071289062,811.2332763671875,784.2313232421875,799.2584838867188,707.4824829101562,460107,0.0,0.0
2015-05-28,799.4932861328125,818.8642578125,787.7532958984375,814.25634765625,720.7582397460938,500767,0.0,0.0
2015-05-29,815.34228515625,824.7342529296875,799.4932861328125,803.3674926757812,711.1195678710938,909917,0.0,0.0
2015-06-01,802.8391723632812,809.0320434570312,796.0886840820312,801.8706665039062,709.7946166992188,213163,0.0,0.0
2015-06-02,802.4282836914062,814.1682739257812,776.1013793945312,783.9671630859375,693.9469604492188,313325,0.0,0.0
2015-06-03,787.6946411132812,787.6946411132812,754.9400634765625,776.8057861328125,687.60791015625,356899,0.0,0.0
2015-06-04,777.7742919921875,799.4932861328125,769.585693359375,788.8685913085938,698.28564453125,376252,0.0,0.0
2015-06-05,793.9168090820312,806.5960083007812,788.9566650390625,793.5646362304688,702.4423217773438,371680,0.0,0.0
2015-06-08,793.5646362304688,800.8727416992188,757.2293090820312,763.8917846679688,676.1768188476562,494131,0.0,0.0
2015-06-09,760.164306640625,780.3277587890625,756.759765625,772.579345703125,683.8667602539062,371112,0.0,0.0
2015-06-10,770.55419921875,792.390625,766.0343017578125,783.350830078125,693.4014282226562,347279,0.0,0.0
2015-06-11,790.5709228515625,800.373779296875,751.0071411132812,760.135009765625,672.8514404296875,497104,0.0,0.0
2015-06-12,760.164306640625,767.5899047851562,751.9463500976562,758.8435668945312,671.7081909179688,291889,0.0,0.0
2015-06-15,760.164306640625,775.807861328125,756.5542602539062,773.900146484375,685.035888671875,326550,0.0,0.0
2015-06-16,771.904296875,776.9231567382812,763.0993041992188,772.6674194335938,683.9446411132812,340567,0.0,0.0
2015-06-17,780.122314453125,785.9923095703125,770.7303466796875,775.5730590820312,686.5166625976562,522080,0.0,0.0
2015-06-18,779.18310546875,805.4513549804688,771.5521240234375,800.75537109375,708.8075561523438,644983,0.0,0.0
2015-06-19,807.8873901367188,818.8642578125,802.5457153320312,805.09912109375,712.6524658203125,528020,0.0,0.0
2015-06-22,807.124267578125,815.1074829101562,792.4492797851562,808.1515502929688,715.3544311523438,520603,0.0,0.0
2015-06-23,812.0551147460938,825.6148071289062,803.7197265625,816.9271850585938,723.1223754882812,608598,0.0,0.0
2015-06-24,818.8642578125,822.8265380859375,792.5667114257812,797.1453247070312,705.6119384765625,440964,0.0,0.0
2015-06-25,798.3192749023438,811.2332763671875,795.38427734375,804.3360595703125,711.9769897460938,553411,0.0,0.0
2015-06-26,799.0823974609375,815.9292602539062,798.3192749023438,803.9251708984375,711.6132202148438,366049,0.0,0.0
2015-06-29,795.38427734375,797.1453247070312,766.0343017578125,780.944091796875,691.2710571289062,435690,0.0,0.0
2015-06-30,781.3550415039062,794.151611328125,774.5458374023438,791.7742309570312,700.857666015625,465198,0.0,0.0
2015-07-01,794.7973022460938,815.8999633789062,794.7973022460938,811.9963989257812,718.7577514648438,501767,0.0,0.0
2015-07-02,818.8642578125,834.7132568359375,815.9292602539062,829.3422241210938,734.1118774414062,983615,0.0,0.0
2015-07-03,834.3023681640625,845.2792358398438,830.98583984375,838.4407348632812,742.1655883789062,552828,0.0,0.0
2015-07-06,830.0172729492188,849.1240844726562,819.1577758789062,846.6000366210938,749.3880004882812,591804,0.0,0.0
2015-07-07,848.2142333984375,862.2728881835938,846.6000366210938,851.2079467773438,753.4666748046875,731147,0.0,0.0
2015-07-08,840.8767700195312,848.5077514648438,826.4953002929688,835.5643920898438,739.6194458007812,532533,0.0,0.0
2015-07-09,839.4385986328125,854.9647827148438,830.604248046875,847.18701171875,749.9075317382812,596281,0.0,0.0
2015-07-10,851.1492309570312,858.8389282226562,842.9606323242188,845.8369140625,748.7123413085938,627128,0.0,0.0
2015-07-13,845.8956298828125,865.2372436523438,845.8956298828125,858.0171508789062,759.4939575195312,792179,0.0,0.0
2015-07-14,862.8892211914062,873.4552612304688,859.5139770507812,864.5034790039062,765.2355346679688,501642,0.0,0.0
2015-07-15,868.8179321289062,875.80322265625,860.4825439453125,865.0611572265625,765.729248046875,481136,0.0,0.0
2015-07-16,872.2518920898438,874.5118408203125,865.2372436523438,868.7005615234375,768.95068359375,503104,0.0,0.0
2015-07-17,871.6942138671875,885.0778198242188,868.4657592773438,877.6522827148438,776.8745727539062,533785,0.0,0.0
2015-07-20,880.4992065429688,884.2560424804688,869.2288208007812,874.3357543945312,773.9388427734375,443032,0.0,0.0
2015-07-21,875.2749633789062,879.9122314453125,848.9773559570312,853.11572265625,755.155517578125,297645,0.0,0.0
2015-07-22,848.2142333984375,866.4112548828125,838.822265625,862.155517578125,763.1572265625,481182,0.0,0.0
2015-07-23,868.1722412109375,872.28125,849.88720703125,853.9081420898438,755.8568725585938,334484,0.0,0.0
2015-07-24,853.4972534179688,861.7152709960938,842.34423828125,845.8662719726562,748.7383422851562,265116,0.0,0.0
2015-07-27,843.5182495117188,844.8389892578125,808.0634765625,812.5247192382812,719.2254028320312,296170,0.0,0.0
2015-07-28,815.9292602539062,821.7992553710938,808.0048217773438,810.5288696289062,717.4586791992188,292322,0.0,0.0
2015-07-29,812.9942626953125,855.698486328125,812.9942626953125,851.6188354492188,753.8304443359375,497119,0.0,0.0
2015-07-30,857.0192260742188,859.9542236328125,834.625244140625,837.5602416992188,741.3861694335938,680850,0.0,0.0
2015-07-31,844.6629028320312,861.7152709960938,837.736328125,854.2310180664062,756.1426391601562,395969,0.0,0.0
2015-08-03,856.4322509765625,873.4552612304688,852.3232421875,866.0296630859375,766.5866088867188,506053,0.0,0.0
2015-08-04,872.54541015625,872.54541015625,849.9752807617188,866.469970703125,766.9762573242188,460138,0.0,0.0
2015-08-05,874.5999145507812,885.7822265625,866.9982299804688,878.885009765625,777.9657592773438,662971,0.0,0.0
2015-08-06,894.4698486328125,915.5430908203125,889.30419921875,895.76123046875,792.9039916992188,1591628,0.0,0.0
2015-08-07,900.3104858398438,903.2161254882812,881.0862426757812,884.6375732421875,783.0577392578125,366829,0.0,0.0
2015-08-10,886.3692016601562,898.1091918945312,874.71728515625,880.235107421875,779.160888671875,403397,0.0,0.0
2015-08-11,881.321044921875,883.7277221679688,859.9542236328125,862.5076904296875,763.4689331054688,277266,0.0,0.0
2015-08-12,860.012939453125,868.7299194335938,840.7593383789062,843.3715209960938,746.5301513671875,306393,0.0,0.0
2015-08-13,847.3924560546875,859.9542236328125,822.3862915039062,825.05712890625,730.3186645507812,480634,0.0,0.0
2015-08-14,825.9669799804688,853.4385375976562,818.8642578125,848.4490356445312,751.0245971679688,709070,0.0,0.0
2015-08-17,855.2582397460938,856.9899291992188,834.9774169921875,840.583251953125,744.0620727539062,411024,0.0,0.0
2015-08-18,846.2771606445312,854.084228515625,841.0528564453125,843.8704833984375,746.971923828125,359451,0.0,0.0
2015-08-19,849.3882446289062,864.063232421875,836.4742431640625,853.7614135742188,755.72705078125,455852,0.0,0.0
2015-08-20,851.1492309570312,865.2372436523438,827.6692504882812,831.0151977539062,735.5927124023438,639564,0.0,0.0
2015-08-21,827.6692504882812,832.3652954101562,815.9292602539062,821.7699584960938,727.408935546875,437748,0.0,0.0
2015-08-24,804.1892700195312,804.1892700195312,705.4266357421875,720.0135498046875,637.3369750976562,1065304,0.0,0.0
2015-08-25,734.1602783203125,752.18115234375,649.0159912109375,729.1707763671875,645.4426879882812,1015774,0.0,0.0
2015-08-26,727.9967651367188,746.6046752929688,707.39306640625,719.0156860351562,636.45361328125,702307,0.0,0.0
2015-08-27,740.7933349609375,745.1077880859375,712.9402465820312,734.4830932617188,650.14501953125,725038,0.0,0.0
2015-08-28,742.613037109375,776.600341796875,740.9107666015625,751.4180297851562,665.1354370117188,915423,0.0,0.0
2015-08-31,748.42431640625,760.135009765625,739.501953125,742.46630859375,657.2116088867188,571843,0.0,0.0
2015-09-01,733.426513671875,743.2587280273438,719.2211303710938,728.7891845703125,645.1047973632812,686441,0.0,0.0
2015-09-02,748.42431640625,751.3593139648438,699.9381713867188,706.6300048828125,625.490234375,1036264,0.0,0.0
2015-09-03,714.2022705078125,723.4768676757812,702.6383666992188,708.332275390625,626.9970092773438,749155,0.0,0.0
2015-09-04,706.2190551757812,710.210693359375,682.0933837890625,693.1289672851562,613.5394897460938,875050,0.0,0.0
2015-09-07,698.5294189453125,700.8773803710938,667.44775390625,670.8523559570312,593.8207397460938,670216,0.0,0.0
2015-09-08,681.2422485351562,700.8773803710938,672.437255859375,696.2401123046875,616.2932739257812,733849,0.0,0.0
2015-09-09,709.0953979492188,726.1183471679688,702.2861938476562,723.59423828125,640.506591796875,542959,0.0,0.0
2015-09-10,718.9569702148438,738.4453735351562,695.7117919921875,733.6613159179688,649.4176635742188,650421,0.0,0.0
2015-09-11,745.3719482421875,754.1182250976562,737.2713623046875,749.070068359375,663.056884765625,844348,0.0,0.0
2015-09-14,758.8729248046875,766.5919799804688,748.42431640625,763.4808959960938,675.8130493164062,543443,0.0,0.0
2015-09-15,767.7659912109375,770.7303466796875,746.78076171875,752.5333251953125,666.1226806640625,497978,0.0,0.0
2015-09-16,760.5752563476562,763.0993041992188,747.6906127929688,757.4054565429688,670.435302734375,409748,0.0,0.0
2015-09-18,763.0993041992188,777.7742919921875,758.13916015625,761.1915893554688,673.7865600585938,503964,0.0,0.0
2015-09-21,754.1182250976562,781.88330078125,749.6570434570312,778.3026123046875,688.9329833984375,411068,0.0,0.0
2015-09-22,781.2963256835938,786.6673583984375,751.9463500976562,758.9022827148438,671.7601318359375,535876,0.0,0.0
2015-09-23,749.5983276367188,766.4452514648438,739.6193237304688,760.3698120117188,673.0592041015625,390007,0.0,0.0
2015-09-24,761.8079223632812,773.371826171875,756.2020874023438,770.2901000976562,681.8404541015625,340097,0.0,0.0
2015-09-28,757.8163452148438,762.3949584960938,740.5291748046875,749.48095703125,663.4207763671875,497704,0.0,0.0
2015-09-29,734.6298828125,769.849853515625,734.6298828125,753.8834228515625,667.317626953125,420906,0.0,0.0
2015-09-30,767.3551025390625,783.4388427734375,757.434814453125,778.3319702148438,688.9588012695312,583467,0.0,0.0
2015-10-01,785.4053344726562,795.0321044921875,780.8854370117188,788.8685913085938,698.28564453125,609678,0.0,0.0
2015-10-05,794.2103271484375,812.7008056640625,793.6820068359375,801.8706665039062,709.7946166992188,803118,0.0,0.0
2015-10-06,808.2982788085938,809.795166015625,795.501708984375,803.9838256835938,711.665283203125,425787,0.0,0.0
2015-10-07,810.0592651367188,817.0445556640625,804.3067016601562,806.7427368164062,714.107421875,562250,0.0,0.0
2015-10-08,806.5372924804688,808.2982788085938,786.4325561523438,789.6317138671875,698.9610595703125,377548,0.0,0.0
2015-10-09,802.4282836914062,802.4282836914062,780.4451904296875,790.3067626953125,699.55859375,363724,0.0,0.0
2015-10-12,794.7973022460938,807.124267578125,792.5960693359375,804.1892700195312,711.8470458984375,347736,0.0,0.0
2015-10-13,804.7763061523438,812.9942626953125,790.1306762695312,799.6400756835938,707.8201904296875,340245,0.0,0.0
2015-10-14,801.2542724609375,807.124267578125,799.4932861328125,804.01318359375,711.691162109375,200695,0.0,0.0
2015-10-15,810.0592651367188,812.9649658203125,804.8936767578125,806.8601684570312,714.2113037109375,281192,0.0,0.0
2015-10-16,810.1179809570312,815.8999633789062,803.0153198242188,811.174560546875,718.0302734375,487002,0.0,0.0
2015-10-19,810.0592651367188,814.7553100585938,798.9063110351562,804.1599731445312,711.8211669921875,321143,0.0,0.0
2015-10-20,803.0153198242188,811.2332763671875,792.4492797851562,796.3528442382812,704.9104614257812,353635,0.0,0.0
2015-10-21,797.1453247070312,803.8958129882812,775.4263305664062,792.12646484375,701.1693725585938,343337,0.0,0.0
2015-10-23,800.080322265625,807.124267578125,793.9168090820312,804.8056640625,712.3927612304688,372327,0.0,0.0
2015-10-26,804.8936767578125,815.9292602539062,797.1453247070312,813.9334716796875,720.472412109375,339586,0.0,0.0
2015-10-27,810.0592651367188,819.6860961914062,804.1892700195312,813.2584228515625,719.8748779296875,327456,0.0,0.0
2015-10-28,809.4722900390625,814.7259521484375,792.7427978515625,797.4387817382812,705.8717041015625,394048,0.0,0.0
2015-10-29,795.9713134765625,804.1892700195312,787.3130493164062,796.6757202148438,705.1962280273438,381030,0.0,0.0
2015-10-30,798.9063110351562,799.8455200195312,773.4011840820312,779.0950927734375,689.6344604492188,257194,0.0,0.0
2015-11-02,779.0950927734375,783.4388427734375,757.464111328125,771.6988525390625,683.08740234375,280780,0.0,0.0
2015-11-03,771.4053955078125,788.9273071289062,771.3173217773438,785.4053344726562,695.2200927734375,252656,0.0,0.0
2015-11-04,788.3989868164062,798.08447265625,761.9253540039062,764.8016357421875,676.982177734375,447886,0.0,0.0
2015-11-05,767.2083129882812,768.91064453125,744.08056640625,747.2797241210938,661.4722900390625,394048,0.0,0.0
2015-11-06,746.0763549804688,754.0008544921875,731.1078491210938,738.6214599609375,653.8081665039062,255095,0.0,0.0
2015-11-09,722.0093994140625,751.3300170898438,713.4391479492188,741.2922973632812,656.17236328125,308731,0.0,0.0
2015-11-10,739.6193237304688,739.6193237304688,719.661376953125,722.919189453125,639.908935546875,234420,0.0,0.0
2015-11-13,726.9988403320312,739.5900268554688,719.6026611328125,733.3677978515625,649.1578369140625,242063,0.0,0.0
2015-11-16,729.112060546875,739.091064453125,718.4873657226562,725.9422607421875,642.5848999023438,402284,0.0,0.0
2015-11-17,729.7577514648438,736.684326171875,706.7473754882812,716.1100463867188,633.881591796875,378271,0.0,0.0
2015-11-18,716.0806884765625,723.0659790039062,710.2694091796875,714.525146484375,632.4788208007812,221979,0.0,0.0
2015-11-19,718.4873657226562,726.5292358398438,716.139404296875,722.1561279296875,639.2333984375,291202,0.0,0.0
2015-11-20,724.9443969726562,739.0617065429688,722.625732421875,727.90869140625,644.3255004882812,330315,0.0,0.0
2015-11-23,730.990478515625,733.7493286132812,722.3028564453125,727.3804321289062,643.85791015625,176133,0.0,0.0
2015-11-24,723.2420654296875,732.1057739257812,707.8333129882812,711.17919921875,629.5169677734375,419417,0.0,0.0
2015-11-26,709.154052734375,717.3133544921875,705.5733642578125,715.1708374023438,633.05029296875,654227,0.0,0.0
2015-11-27,715.9632568359375,726.1183471679688,710.2694091796875,721.6278076171875,638.765869140625,411315,0.0,0.0
2015-11-30,719.0744018554688,737.5355224609375,712.23583984375,730.2273559570312,646.3780517578125,987040,0.0,0.0
2015-12-01,731.4600830078125,733.7786865234375,717.900390625,720.33642578125,637.6226806640625,293346,0.0,0.0
2015-12-02,722.0680541992188,723.4181518554688,709.154052734375,711.5314331054688,629.8287963867188,248535,0.0,0.0
2015-12-03,704.3994140625,712.3532104492188,695.653076171875,698.9696655273438,618.7095336914062,485046,0.0,0.0
2015-12-04,692.659423828125,698.4119873046875,680.91943359375,682.7390747070312,604.3424682617188,511755,0.0,0.0
2015-12-07,683.9130859375,698.0304565429688,676.3995361328125,690.8690185546875,611.5389404296875,585934,0.0,0.0
2015-12-08,692.659423828125,697.3260498046875,682.8271484375,686.4959106445312,607.66796875,401887,0.0,0.0
2015-12-09,682.7390747070312,687.9047241210938,671.23388671875,674.315673828125,596.8863525390625,391867,0.0,0.0
2015-12-10,672.7601318359375,678.2778930664062,658.0851440429688,672.8775024414062,595.6134033203125,345117,0.0,0.0
2015-12-11,679.980224609375,682.0933837890625,668.2988891601562,672.4078979492188,595.1976928710938,600438,0.0,0.0
2015-12-14,669.7664184570312,683.1500244140625,663.9551391601562,678.0137329101562,600.1597900390625,582848,0.0,0.0
2015-12-15,680.91943359375,689.02001953125,672.701416015625,681.9466552734375,603.6412353515625,434456,0.0,0.0
2015-12-16,688.5504150390625,694.1856079101562,682.680419921875,691.1625366210938,611.7987670898438,483840,0.0,0.0
2015-12-17,691.9256591796875,699.409912109375,689.3428344726562,692.3659057617188,612.864013671875,422625,0.0,0.0
2015-12-18,692.659423828125,695.3009033203125,687.4644775390625,692.0430297851562,612.578125,394312,0.0,0.0
2015-12-21,691.4854125976562,699.3218383789062,687.69921875,689.988525390625,610.7595825195312,211352,0.0,0.0
2015-12-22,692.80615234375,695.5944213867188,688.1981811523438,692.0430297851562,612.578125,235213,0.0,0.0
2015-12-23,692.80615234375,706.982177734375,692.3365478515625,705.074462890625,624.1132202148438,480954,0.0,0.0
2015-12-24,706.9528198242188,714.9653930664062,698.0010986328125,700.1729736328125,619.7745971679688,581155,0.0,0.0
2015-12-28,699.9968872070312,706.8060913085938,694.1268920898438,703.1373291015625,622.3984375,235380,0.0,0.0
2015-12-29,704.3994140625,707.3344116210938,696.4749145507812,699.7327270507812,619.3848266601562,332366,0.0,0.0
2015-12-30,698.353271484375,709.8584594726562,698.353271484375,700.6719360351562,620.2162475585938,280029,0.0,0.0
2015-12-31,700.6719360351562,710.2694091796875,700.6719360351562,704.7809448242188,623.8533935546875,468654,0.0,0.0
2016-01-01,705.7201538085938,713.175048828125,701.053466796875,705.9549560546875,624.892578125,225020,0.0,0.0
2016-01-04,703.2254028320312,710.9444580078125,694.8019409179688,698.6761474609375,618.4496459960938,254836,0.0,0.0
2016-01-05,701.581787109375,705.5440063476562,696.2107543945312,701.9339599609375,621.33349609375,281736,0.0,0.0
2016-01-06,703.724365234375,719.4559326171875,702.667724609375,707.510498046875,626.2695922851562,606739,0.0,0.0
2016-01-07,701.4644165039062,701.4644165039062,660.0515747070312,664.5127563476562,588.2091064453125,438993,0.0,0.0
2016-01-08,667.4183959960938,676.3114624023438,664.5127563476562,669.5316162109375,592.651611328125,346107,0.0,0.0
2016-01-11,666.3031005859375,673.8754272460938,654.093505859375,662.04736328125,586.02685546875,303966,0.0,0.0
2016-01-12,665.6574096679688,672.1144409179688,658.4373168945312,660.7266235351562,584.8577270507812,209117,0.0,0.0
2016-01-13,664.4833984375,668.53369140625,640.5338134765625,658.78955078125,583.1431274414062,480703,0.0,0.0
2016-01-14,650.982421875,655.7371215820312,638.4793701171875,648.4876708984375,574.0240478515625,249446,0.0,0.0
2016-01-15,652.743408203125,652.743408203125,617.0831909179688,621.2802734375,549.9408569335938,289811,0.0,0.0
2016-01-18,626.9154663085938,628.3535766601562,592.1944580078125,595.0413818359375,526.7149047851562,378080,0.0,0.0
2016-01-19,597.5654907226562,612.240478515625,587.2049560546875,607.6325073242188,537.8602294921875,322690,0.0,0.0
2016-01-20,603.4354858398438,603.4354858398438,579.9555053710938,592.4292602539062,524.402587890625,457484,0.0,0.0
2016-01-21,594.6304931640625,604.0224609375,568.5676879882812,572.177734375,515.1725463867188,628930,10.0,0.0
2016-01-22,582.7730712890625,592.282470703125,572.6473388671875,587.29296875,528.7818603515625,429359,0.0,0.0
2016-01-25,594.6304931640625,601.3809814453125,588.232177734375,591.7542114257812,532.7986450195312,294223,0.0,0.0
2016-01-27,598.739501953125,600.8820190429688,582.4502563476562,592.8695068359375,533.8027954101562,513915,0.0,0.0
2016-01-28,593.4564819335938,598.739501953125,573.4398193359375,577.6661987304688,520.1141357421875,563412,0.0,0.0
2016-01-29,582.8611450195312,608.7184448242188,568.8905639648438,599.2091064453125,539.5107421875,1921640,0.0,0.0
2016-02-01,599.2091064453125,614.5884399414062,572.9114990234375,607.661865234375,547.1214599609375,706380,0.0,0.0
2016-02-02,608.1314697265625,614.5884399414062,601.0874633789062,605.63671875,545.298095703125,545162,0.0,0.0
2016-02-03,594.6304931640625,603.7289428710938,584.0645141601562,594.04345703125,534.8597412109375,515511,0.0,0.0
2016-02-04,602.3201904296875,625.2718505859375,594.160888671875,615.2634887695312,553.9657592773438,860176,0.0,0.0
2016-02-05,622.219482421875,625.0957641601562,602.3495483398438,609.0706787109375,548.3899536132812,458741,0.0,0.0
2016-02-08,610.4794921875,626.9154663085938,606.1943969726562,616.8777465820312,555.419189453125,416308,0.0,0.0
2016-02-09,613.7079467773438,620.9573974609375,597.5654907226562,599.4732055664062,539.7485961914062,322111,0.0,0.0
2016-02-10,602.2321166992188,606.0769653320312,588.0267333984375,597.2426147460938,537.7401733398438,328111,0.0,0.0
2016-02-11,593.75,597.5654907226562,569.3895263671875,576.903076171875,519.4271240234375,441939,0.0,0.0
2016-02-12,582.8905029296875,590.521484375,569.74169921875,584.446044921875,526.218505859375,820051,0.0,0.0
2016-02-15,586.99951171875,614.00146484375,586.99951171875,611.9176025390625,550.953125,312802,0.0,0.0
2016-02-16,610.5087890625,615.6450805664062,581.1588134765625,583.7416381835938,525.584228515625,505632,0.0,0.0
2016-02-17,585.8255004882812,609.5696411132812,570.8569946289062,603.9637451171875,543.791748046875,557593,0.0,0.0
2016-02-18,611.2131958007812,614.5884399414062,596.4208374023438,605.2845458984375,544.9808959960938,410979,0.0,0.0
2016-02-19,606.9574584960938,613.4144897460938,596.596923828125,611.183837890625,550.2924194335938,241903,0.0,0.0
2016-02-22,611.712158203125,621.1921997070312,605.8128051757812,608.3662719726562,547.755615234375,387978,0.0,0.0
2016-02-23,608.4249877929688,610.4501342773438,590.8443603515625,596.9491577148438,537.4759521484375,326881,0.0,0.0
2016-02-24,589.9931640625,595.8045043945312,579.3684692382812,583.095947265625,525.0030517578125,560828,0.0,0.0
2016-02-25,585.2384643554688,641.00341796875,574.0855102539062,582.4502563476562,524.421630859375,841084,0.0,0.0
2016-02-26,589.8170776367188,592.282470703125,578.781494140625,583.1253051757812,525.0294189453125,293059,0.0,0.0
2016-02-29,583.77099609375,586.9701538085938,570.4461059570312,578.781494140625,521.118408203125,432194,0.0,0.0
2016-03-01,582.303466796875,606.047607421875,581.1295166015625,601.997314453125,542.021240234375,433985,0.0,0.0
2016-03-02,613.4144897460938,630.4374389648438,610.77294921875,618.462646484375,556.8461303710938,698409,0.0,0.0
2016-03-03,622.0433349609375,625.741455078125,606.3704833984375,615.9678955078125,554.5999755859375,707842,0.0,0.0
2016-03-04,619.2844848632812,621.8672485351562,609.3934936523438,612.8861694335938,551.8252563476562,624521,0.0,0.0
2016-03-08,619.2844848632812,625.741455078125,604.1692504882812,614.412353515625,553.1994018554688,879452,0.0,0.0
2016-03-09,617.4647827148438,617.4647827148438,602.9658813476562,611.6241455078125,550.6889038085938,432312,0.0,0.0
2016-03-10,616.3494873046875,617.9930419921875,601.0874633789062,607.779296875,547.2271118164062,416410,0.0,0.0
2016-03-11,606.9574584960938,610.4207763671875,602.8484497070312,606.3411254882812,545.932373046875,272110,0.0,0.0
2016-03-14,609.8924560546875,614.8819580078125,602.3788452148438,607.3096923828125,546.8043212890625,274150,0.0,0.0
2016-03-15,607.5444946289062,610.1859741210938,596.3914794921875,599.7960815429688,540.0394287109375,287691,0.0,0.0
2016-03-16,599.8547973632812,601.6451416015625,581.7164916992188,589.69970703125,530.9487915039062,543826,0.0,0.0
2016-03-17,593.5151977539062,606.840087890625,593.5151977539062,601.9385986328125,541.9683837890625,508760,0.0,0.0
2016-03-18,601.9385986328125,622.8064575195312,601.9093017578125,617.78759765625,556.23828125,771148,0.0,0.0
2016-03-21,617.5234375,631.0244750976562,617.5234375,629.1754150390625,566.4916381835938,331884,0.0,0.0
2016-03-22,632.7854614257812,637.7749633789062,621.0454711914062,629.5863037109375,566.8616333007812,415344,0.0,0.0
2016-03-23,628.6764526367188,643.8797607421875,624.6261596679688,641.8546142578125,577.9075927734375,463194,0.0,0.0
2016-03-28,645.1124267578125,649.779052734375,623.3934326171875,629.527587890625,566.8086547851562,313981,0.0,0.0
2016-03-29,619.8714599609375,635.6323852539062,619.8714599609375,629.0873413085938,566.4122924804688,292160,0.0,0.0
2016-03-30,637.4814453125,646.3157958984375,628.5297241210938,643.4981689453125,579.387451171875,492770,0.0,0.0
2016-03-31,642.7644653320312,648.5757446289062,636.3074340820312,645.5233154296875,581.2107543945312,848435,0.0,0.0
2016-04-01,642.7644653320312,662.6636962890625,640.4164428710938,659.1417236328125,593.472412109375,484865,0.0,0.0
2016-04-04,663.3094482421875,663.6029052734375,651.7161865234375,658.3786010742188,592.78515625,203088,0.0,0.0
2016-04-05,656.2654418945312,660.3744506835938,642.353515625,648.4583129882812,583.8535766601562,270473,0.0,0.0
2016-04-06,648.8692626953125,666.8314208984375,648.0474243164062,663.7203369140625,597.5949096679688,406557,0.0,0.0
2016-04-07,690.3114013671875,690.3114013671875,650.5421752929688,654.5337524414062,589.3236083984375,383588,0.0,0.0
2016-04-08,650.3954467773438,666.2444458007812,648.1648559570312,664.600830078125,598.3876953125,246993,0.0,0.0
2016-04-11,669.179443359375,672.9949340820312,655.414306640625,669.9425048828125,603.1971435546875,288993,0.0,0.0
2016-04-12,666.2444458007812,689.6363525390625,666.2444458007812,685.9675903320312,617.6256103515625,438364,0.0,0.0
2016-04-13,687.96337890625,697.3554077148438,682.298828125,687.0535278320312,618.6033935546875,420703,0.0,0.0
2016-04-18,686.730712890625,694.7138671875,680.91943359375,691.7495727539062,622.8317260742188,240983,0.0,0.0
2016-04-20,693.2463989257812,703.6362915039062,688.7265014648438,693.4518432617188,624.3642578125,354707,0.0,0.0
2016-04-21,697.9423828125,701.4644165039062,687.96337890625,692.5419921875,623.5451049804688,193974,0.0,0.0
2016-04-22,689.1373901367188,692.659423828125,681.6824951171875,688.8438720703125,620.2154541015625,145535,0.0,0.0
2016-04-25,692.659423828125,692.659423828125,673.4351806640625,675.6951293945312,608.3765869140625,221211,0.0,0.0
2016-04-26,671.5567626953125,693.1289672851562,670.1185913085938,689.6657104492188,620.955322265625,540698,0.0,0.0
2016-04-27,689.7244262695312,701.7578735351562,679.3931884765625,694.038818359375,624.8927612304688,384599,0.0,0.0
2016-04-28,694.038818359375,696.3868408203125,672.1144409179688,673.8460693359375,606.7117919921875,695130,0.0,0.0
2016-04-29,679.451904296875,683.6782836914062,657.6742553710938,667.8880004882812,601.347412109375,615003,0.0,0.0
2016-05-02,663.250732421875,675.6364135742188,658.672119140625,671.5567626953125,604.6505737304688,399726,0.0,0.0
2016-05-03,672.3785400390625,690.3114013671875,672.3785400390625,676.1940307617188,608.8258666992188,512477,0.0,0.0
2016-05-04,673.2883911132812,678.8355712890625,664.0137939453125,667.3303833007812,600.8451538085938,323569,0.0,0.0
2016-05-05,673.8754272460938,692.952880859375,667.0075073242188,689.1080322265625,620.4532470703125,726782,0.0,0.0
2016-05-06,692.659423828125,697.7075805664062,683.2673950195312,690.9570922851562,622.1180419921875,698545,0.0,0.0
2016-05-09,703.8123779296875,703.8123779296875,674.2863159179688,690.8103637695312,621.9859008789062,1280561,0.0,0.0
2016-05-10,692.0723876953125,697.9423828125,684.17724609375,686.9655151367188,618.5241088867188,527301,0.0,0.0
2016-05-11,680.802001953125,690.8983764648438,676.487548828125,682.0933837890625,614.1373901367188,382385,0.0,0.0
2016-05-12,685.6154174804688,691.4854125976562,677.9844360351562,688.344970703125,619.7662963867188,358344,0.0,0.0
2016-05-13,686.730712890625,693.1289672851562,676.1353759765625,678.4539794921875,610.8607177734375,380223,0.0,0.0
2016-05-16,679.5693359375,682.680419921875,667.1249389648438,675.5776977539062,608.2708740234375,400623,0.0,0.0
2016-05-17,678.101806640625,686.1436767578125,670.9404296875,681.1248779296875,613.2655029296875,815988,0.0,0.0
2016-05-18,677.9257202148438,680.0975952148438,670.5001831054688,676.7810668945312,609.3544311523438,424535,0.0,0.0
2016-05-19,676.9571533203125,683.7369995117188,657.4981079101562,667.829345703125,601.2945556640625,484804,0.0,0.0
2016-05-20,666.8314208984375,670.7643432617188,659.7874145507812,665.8922119140625,599.5503540039062,525020,0.0,0.0
2016-05-23,667.2129516601562,672.1144409179688,658.3786010742188,662.04736328125,596.088623046875,439204,0.0,0.0
2016-05-24,662.04736328125,666.2444458007812,657.73291015625,661.2255859375,595.3487548828125,269163,0.0,0.0
2016-05-25,665.1290893554688,679.4225463867188,660.96142578125,671.6448364257812,604.7299194335938,692876,0.0,0.0
2016-05-26,673.93408203125,700.7012939453125,673.93408203125,696.2694702148438,626.9012451171875,621934,0.0,0.0
2016-05-27,699.1163940429688,716.697021484375,698.5294189453125,706.0136108398438,635.674560546875,469816,0.0,0.0
2016-05-30,706.04296875,722.5963745117188,703.2840576171875,717.518798828125,646.0335083007812,518925,0.0,0.0
2016-05-31,717.6655883789062,725.5313720703125,703.5775756835938,706.8648071289062,636.4409790039062,809043,0.0,0.0
2016-06-01,707.3344116210938,724.797607421875,703.5482177734375,713.1163330078125,642.0697021484375,655218,0.0,0.0
2016-06-02,711.443359375,717.2546997070312,705.8081665039062,712.1477661132812,641.197509765625,364076,0.0,0.0
2016-06-03,712.6173706054688,718.4286499023438,707.92138671875,714.1729125976562,643.0209350585938,347022,0.0,0.0
2016-06-06,713.4978637695312,718.047119140625,705.5733642578125,708.9192504882812,638.2907104492188,257334,0.0,0.0
2016-06-07,713.2044067382812,718.8982543945312,700.9948120117188,708.2149047851562,637.6565551757812,617290,0.0,0.0
2016-06-08,710.768310546875,739.0323486328125,705.5733642578125,737.5941772460938,664.1087646484375,1112641,0.0,0.0
2016-06-09,744.2860107421875,749.4222412109375,729.8751831054688,733.1036376953125,660.065673828125,737813,0.0,0.0
2016-06-10,733.690673828125,745.2545776367188,724.9443969726562,729.9925537109375,657.2645263671875,456659,0.0,0.0
2016-06-13,724.9443969726562,733.7493286132812,713.6446533203125,730.4915161132812,657.7138671875,382329,0.0,0.0
2016-06-14,733.7493286132812,736.53759765625,727.0281982421875,732.1351318359375,659.193603515625,278952,0.0,0.0
2016-06-15,733.7493286132812,740.441162109375,728.4663696289062,738.2105712890625,664.6637573242188,374635,0.0,0.0
2016-06-16,739.3258666992188,739.6193237304688,726.7640380859375,735.334228515625,662.073974609375,372102,0.0,0.0
2016-06-17,742.6717529296875,746.9862060546875,736.2147827148438,740.998779296875,667.1742553710938,455870,0.0,0.0
2016-06-20,732.5753784179688,745.9296264648438,731.6068115234375,743.2294311523438,669.1826171875,309911,0.0,0.0
2016-06-21,743.4348754882812,747.8079833984375,738.2692260742188,742.877197265625,668.8653564453125,345613,0.0,0.0
2016-06-22,743.141357421875,747.8373413085938,737.8583374023438,742.9652709960938,668.9447021484375,344698,0.0,0.0
2016-06-23,746.663330078125,746.663330078125,739.6193237304688,743.2880859375,669.2353515625,211197,0.0,0.0
2016-06-24,729.2001342773438,743.8457641601562,713.2630615234375,738.0931396484375,664.5579833984375,388002,0.0,0.0
2016-06-27,738.0931396484375,745.4893188476562,734.4537353515625,736.948486328125,663.5274047851562,325608,0.0,0.0
2016-06-28,745.4893188476562,762.2188110351562,742.613037109375,759.2251586914062,683.5846557617188,637808,0.0,0.0
2016-06-29,761.3383178710938,763.128662109375,751.506103515625,754.4411010742188,679.2772216796875,401238,0.0,0.0
2016-06-30,756.0553588867188,774.8392944335938,755.4683227539062,768.793212890625,692.199462890625,1157406,0.0,0.0
2016-07-01,769.5563354492188,779.0950927734375,761.9547119140625,764.59619140625,688.420654296875,450422,0.0,0.0
2016-07-04,766.0636596679688,771.08251953125,754.5878295898438,756.49560546875,681.1270141601562,399761,0.0,0.0
2016-07-05,758.4033203125,761.3089599609375,749.0113525390625,754.2650146484375,679.1187133789062,293158,0.0,0.0
2016-07-07,755.0867919921875,757.2293090820312,746.663330078125,749.216796875,674.573486328125,266765,0.0,0.0
2016-07-08,749.0113525390625,759.75341796875,746.8394775390625,749.0113525390625,674.3885498046875,276507,0.0,0.0
2016-07-11,756.6129760742188,769.849853515625,752.9442138671875,762.6297607421875,686.6500854492188,621658,0.0,0.0
2016-07-12,765.4473266601562,768.0888061523438,757.8163452148438,764.5374755859375,688.36767578125,266414,0.0,0.0
2016-07-13,767.2083129882812,771.0238037109375,759.2838134765625,766.885498046875,690.48193359375,330276,0.0,0.0
2016-07-14,759.870849609375,774.2816772460938,759.870849609375,769.8204956054688,693.1243896484375,271030,0.0,0.0
2016-07-15,767.5018310546875,774.2523193359375,763.9505004882812,769.1748046875,692.5430297851562,209436,0.0,0.0
2016-07-18,770.143310546875,770.7009887695312,752.5333251953125,756.906494140625,681.4971313476562,224214,0.0,0.0
2016-07-19,757.2293090820312,769.0867309570312,755.8499145507812,766.76806640625,690.3761596679688,188630,0.0,0.0
2016-07-20,768.38232421875,794.2103271484375,766.5919799804688,788.8685913085938,710.2748413085938,801571,0.0,0.0
2016-07-21,783.644287109375,788.9273071289062,773.2837524414062,777.157958984375,699.7308959960938,241395,0.0,0.0
2016-07-22,779.71142578125,792.273193359375,774.2816772460938,787.9880981445312,709.4820556640625,353470,0.0,0.0
2016-07-25,785.93359375,795.9713134765625,781.32568359375,791.187255859375,712.3624267578125,290484,0.0,0.0
2016-07-26,789.5142822265625,790.6002807617188,778.0090942382812,779.6233520507812,701.95068359375,222560,0.0,0.0
2016-07-27,780.533203125,788.6925048828125,777.275390625,782.41162109375,704.4611206054688,240114,0.0,0.0
2016-07-28,781.88330078125,787.4891357421875,766.093017578125,770.7303466796875,693.943603515625,1048070,0.0,0.0
2016-07-29,778.772216796875,781.8539428710938,765.007080078125,773.9588012695312,696.8504028320312,613736,0.0,0.0
2016-08-01,777.8917236328125,794.2103271484375,776.6589965820312,785.66943359375,707.3943481445312,510934,0.0,0.0
2016-08-02,785.9923095703125,792.4492797851562,749.5983276367188,751.7115478515625,676.8196411132812,572080,0.0,0.0
2016-08-03,751.3593139648438,756.0553588867188,725.47265625,731.0491333007812,658.2158203125,402978,0.0,0.0
2016-08-04,734.4244384765625,746.0176391601562,725.5607299804688,737.0952758789062,663.65966796875,529751,0.0,0.0
2016-08-05,741.3510131835938,766.0343017578125,740.2063598632812,759.4306030273438,683.7697143554688,807395,0.0,0.0
2016-08-08,762.4242553710938,777.7742919921875,754.9693603515625,775.6317749023438,698.356689453125,416138,0.0,0.0
2016-08-09,777.1873168945312,780.79736328125,764.2733154296875,777.7449951171875,700.2593994140625,291404,0.0,0.0
2016-08-10,778.9483032226562,779.8875122070312,757.2293090820312,759.8414916992188,684.1396484375,426668,0.0,0.0
2016-08-11,760.7513427734375,776.1893920898438,752.2398681640625,771.8162841796875,694.9214477539062,241753,0.0,0.0
2016-08-12,757.170654296875,768.91064453125,748.2188720703125,762.6004028320312,711.9920654296875,289443,27.5,0.0
2016-08-16,759.9588623046875,767.178955078125,753.120361328125,760.3110961914062,709.854736328125,225708,0.0,0.0
2016-08-17,759.2838134765625,761.8079223632812,751.9463500976562,758.10986328125,707.7996826171875,203378,0.0,0.0
2016-08-18,758.931640625,761.8666381835938,754.3236694335938,758.0805053710938,707.7721557617188,112909,0.0,0.0
2016-08-19,758.4033203125,770.8770751953125,753.1497192382812,767.7953491210938,716.84228515625,328933,0.0,0.0
2016-08-22,765.8582153320312,773.0783081054688,757.58154296875,761.778564453125,711.2247314453125,320436,0.0,0.0
2016-08-23,760.164306640625,761.220947265625,749.9799194335938,754.6171875,704.5386962890625,350579,0.0,0.0
2016-08-24,754.6171875,757.8163452148438,745.577392578125,754.763916015625,704.67578125,199303,0.0,0.0
2016-08-25,754.2943115234375,761.9253540039062,741.38037109375,744.8436279296875,695.4137573242188,539114,0.0,0.0
2016-08-26,746.8101196289062,763.6863403320312,739.6193237304688,759.0490112304688,708.6763916015625,316877,0.0,0.0
2016-08-29,759.5773315429688,760.1936645507812,746.0763549804688,752.1517944335938,702.2368774414062,178109,0.0,0.0
2016-08-30,751.4767456054688,759.5773315429688,747.8373413085938,749.4515991210938,699.7159423828125,342857,0.0,0.0
2016-08-31,752.592041015625,756.9358520507812,737.3007202148438,743.1707153320312,693.8517456054688,339773,0.0,0.0
2016-09-01,745.4893188476562,749.1287231445312,734.0722045898438,736.4788818359375,687.6040649414062,328468,0.0,0.0
2016-09-02,738.5040283203125,744.4620971679688,736.4495849609375,740.177001953125,691.056884765625,253656,0.0,0.0
2016-09-06,744.3153686523438,751.3593139648438,741.38037109375,746.5753173828125,697.030517578125,322213,0.0,0.0
2016-09-07,746.663330078125,771.904296875,742.5543212890625,760.692626953125,710.2110595703125,631646,0.0,0.0
2016-09-08,768.3529663085938,774.2523193359375,759.606689453125,762.9525756835938,712.3208618164062,525845,0.0,0.0
2016-09-09,760.1056518554688,763.128662109375,749.0113525390625,757.0825805664062,706.8405151367188,401303,0.0,0.0
2016-09-12,745.1958618164062,745.1958618164062,726.2357788085938,730.2273559570312,681.7675170898438,562806,0.0,0.0
2016-09-14,730.8143310546875,739.5606689453125,722.0093994140625,733.3677978515625,684.6995239257812,543378,0.0,0.0
2016-09-15,733.7493286132812,738.8562622070312,729.4055786132812,733.7786865234375,685.0831298828125,170105,0.0,0.0
2016-09-16,736.1560668945312,743.141357421875,733.6319580078125,738.68017578125,689.6593017578125,396358,0.0,0.0
2016-09-19,743.7283325195312,744.491455078125,731.9003295898438,742.0260620117188,692.7831420898438,297715,0.0,0.0
2016-09-20,741.38037109375,741.9086303710938,729.0533447265625,732.22314453125,683.6307373046875,152143,0.0,0.0
2016-09-21,724.7388916015625,750.6842651367188,724.7388916015625,740.9401245117188,691.7692260742188,450450,0.0,0.0
2016-09-22,746.1350708007812,747.8079833984375,731.9883422851562,740.998779296875,691.8240966796875,291139,0.0,0.0
2016-09-23,740.998779296875,751.3593139648438,736.684326171875,748.9819946289062,699.277587890625,336434,0.0,0.0
2016-09-26,747.8079833984375,754.4998168945312,742.6717529296875,746.6046752929688,697.0579223632812,220507,0.0,0.0
2016-09-27,747.8373413085938,755.40966796875,746.8981323242188,751.8876342773438,701.9902954101562,487744,0.0,0.0
2016-09-28,751.3593139648438,758.0511474609375,746.1937255859375,756.378173828125,706.1827392578125,304340,0.0,0.0
2016-09-29,757.8163452148438,763.0700073242188,705.6614379882812,714.8479614257812,667.4085693359375,604324,0.0,0.0
2016-09-30,724.3280029296875,733.7493286132812,711.7368774414062,728.0554809570312,679.7396240234375,296092,0.0,0.0
2016-10-03,731.958984375,740.6466064453125,727.497802734375,737.1539306640625,688.234375,284519,0.0,0.0
2016-10-04,736.684326171875,739.9421997070312,732.0470581054688,737.9170532226562,688.9468383789062,264771,0.0,0.0
2016-10-05,740.3824462890625,744.8729858398438,732.634033203125,740.441162109375,691.3034057617188,316301,0.0,0.0
2016-10-06,741.4390258789062,743.7283325195312,725.20849609375,730.60888671875,682.1236572265625,172081,0.0,0.0
2016-10-07,730.05126953125,733.162353515625,724.9443969726562,729.6990356445312,681.274169921875,120967,0.0,0.0
2016-10-10,731.4013671875,732.3992309570312,722.7431030273438,727.4390869140625,679.1640625,132933,0.0,0.0
2016-10-13,723.183349609375,730.2273559570312,716.139404296875,719.3678588867188,671.628662109375,231042,0.0,0.0
2016-10-14,722.0093994140625,723.183349609375,712.1477661132812,720.4244995117188,672.6151123046875,116930,0.0,0.0
2016-10-17,720.5418701171875,725.9716186523438,706.5125732421875,709.9758911132812,662.8599853515625,107516,0.0,0.0
2016-10-18,711.443359375,726.6466674804688,706.5419311523438,721.9213256835938,674.0126342773438,181526,0.0,0.0
2016-10-19,726.0596923828125,726.2357788085938,717.6068725585938,721.539794921875,673.6563720703125,158061,0.0,0.0
2016-10-20,724.9443969726562,725.7661743164062,714.9653930664062,716.2567749023438,668.7239990234375,156855,0.0,0.0
2016-10-21,717.900390625,723.0072631835938,714.4664306640625,720.89404296875,673.0535278320312,80078,0.0,0.0
2016-10-24,719.9548950195312,722.919189453125,709.7117309570312,711.1205444335938,663.9285888671875,164502,0.0,0.0
2016-10-25,712.6173706054688,715.9926147460938,707.6572265625,711.6195068359375,664.3944702148438,98243,0.0,0.0
2016-10-26,709.0366821289062,710.9737548828125,696.6510009765625,702.3449096679688,655.7353515625,157170,0.0,0.0
2016-10-27,698.5880737304688,702.6970825195312,676.5169067382812,690.10595703125,644.30859375,306579,0.0,0.0
2016-10-28,689.7244262695312,699.4685668945312,686.2317504882812,694.831298828125,648.7203979492188,95514,0.0,0.0
2016-11-01,701.4644165039062,702.1394653320312,680.126953125,683.61962890625,638.2527465820312,150899,0.0,0.0
2016-11-02,683.61962890625,689.7244262695312,675.7831420898438,679.9508666992188,634.8274536132812,207380,0.0,0.0
2016-11-03,679.1583862304688,683.2673950195312,660.3744506835938,665.3345947265625,621.18115234375,240260,0.0,0.0
2016-11-04,664.1312255859375,664.9530029296875,649.8084106445312,651.8042602539062,608.5486450195312,202543,0.0,0.0
2016-11-07,655.6197509765625,662.6930541992188,646.8440551757812,649.896484375,606.767578125,184345,0.0,0.0
2016-11-08,654.3870239257812,662.722412109375,646.3451538085938,659.6700439453125,615.8923950195312,139954,0.0,0.0
2016-11-09,645.6407470703125,645.6407470703125,594.04345703125,636.65966796875,594.4091796875,319959,0.0,0.0
2016-11-10,646.2864379882812,656.7056884765625,638.0977783203125,640.592529296875,598.0809936523438,211211,0.0,0.0
2016-11-11,636.8944702148438,683.8544311523438,628.7938232421875,655.56103515625,612.0562133789062,465445,0.0,0.0
2016-11-15,669.179443359375,671.9676513671875,616.4962158203125,647.7832641601562,604.7946166992188,385388,0.0,0.0
2016-11-16,657.439453125,668.0054321289062,637.5108032226562,655.03271484375,611.5629272460938,370555,0.0,0.0
2016-11-17,654.5044555664062,677.3973999023438,623.98046875,659.7286987304688,615.947265625,525170,0.0,0.0
2016-11-18,665.0704345703125,666.09765625,647.46044921875,655.3262329101562,611.8369750976562,201841,0.0,0.0
2016-11-21,652.8021240234375,658.5840454101562,630.1439208984375,634.51708984375,592.4087524414062,147214,0.0,0.0
2016-11-22,641.120849609375,645.699462890625,617.7582397460938,630.7015991210938,588.846435546875,253690,0.0,0.0
2016-11-23,632.1984252929688,642.4122314453125,613.5318603515625,619.1376953125,578.0499267578125,1099115,0.0,0.0
2016-11-24,615.9385375976562,618.4039306640625,602.4375610351562,614.7645874023438,573.9671020507812,585731,0.0,0.0
2016-11-25,614.9700317382812,627.4730834960938,613.4144897460938,619.3724975585938,578.2691650390625,261799,0.0,0.0
2016-11-28,619.2844848632812,638.8902587890625,616.9364624023438,633.2257080078125,591.203125,278790,0.0,0.0
2016-11-29,633.95947265625,644.8189086914062,632.1984252929688,637.6575317382812,595.3407592773438,230080,0.0,0.0
2016-11-30,637.6868896484375,644.5254516601562,634.5464477539062,638.156494140625,595.806640625,306308,0.0,0.0
2016-12-01,639.8294677734375,658.6134033203125,635.192138671875,655.8838500976562,612.3575439453125,357816,0.0,0.0
2016-12-02,655.6490478515625,656.8524169921875,636.6303100585938,640.856689453125,598.3276977539062,286499,0.0,0.0
2016-12-05,642.7644653320312,651.921630859375,639.3305053710938,641.2382202148438,598.6839599609375,227044,0.0,0.0
2016-12-06,641.267578125,670.7936401367188,641.267578125,660.6679077148438,616.8241577148438,347061,0.0,0.0
2016-12-07,666.8314208984375,669.179443359375,641.00341796875,645.1417846679688,602.328369140625,473446,0.0,0.0
2016-12-08,652.1270751953125,670.1185913085938,650.4834594726562,667.154296875,622.8800659179688,395209,0.0,0.0
2016-12-09,669.8251342773438,675.665771484375,659.200439453125,664.3953857421875,620.3042602539062,293555,0.0,0.0
2016-12-12,675.0494384765625,675.0494384765625,654.5044555664062,666.5966186523438,622.3595581054688,191778,0.0,0.0
2016-12-13,663.3681030273438,669.737060546875,657.850341796875,665.27587890625,621.126220703125,190649,0.0,0.0
2016-12-14,665.0704345703125,667.1249389648438,653.6532592773438,656.6176147460938,613.0425415039062,206499,0.0,0.0
2016-12-15,645.699462890625,669.7664184570312,645.699462890625,662.6343994140625,618.6600341796875,255138,0.0,0.0
2016-12-16,664.4540405273438,669.0032958984375,654.5044555664062,661.783203125,617.8653564453125,251395,0.0,0.0
2016-12-19,660.3744506835938,662.2528076171875,648.0767822265625,652.3912353515625,609.0967407226562,259916,0.0,0.0
2016-12-20,653.9174194335938,660.3157348632812,636.8651123046875,640.1522827148438,597.6700439453125,280001,0.0,0.0
2016-12-21,637.0118408203125,650.16064453125,635.3682250976562,645.9049072265625,603.040771484375,316470,0.0,0.0
2016-12-22,648.6344604492188,648.6344604492188,635.8671875,637.6575317382812,595.3407592773438,186995,0.0,0.0
2016-12-23,636.8651123046875,636.8651123046875,623.9511108398438,628.58837890625,586.8734741210938,272254,0.0,0.0
2016-12-26,625.4479370117188,627.4730834960938,614.00146484375,616.9658203125,576.0223388671875,158477,0.0,0.0
2016-12-27,617.5234375,624.8609619140625,616.3494873046875,623.2760620117188,581.913818359375,94577,0.0,0.0
2016-12-28,624.5674438476562,633.6659545898438,623.98046875,625.477294921875,583.9689331054688,126897,0.0,0.0
2016-12-29,625.741455078125,642.5883178710938,621.9846801757812,637.21728515625,594.9296875,585639,0.0,0.0
2016-12-30,639.8294677734375,655.9132080078125,637.9510498046875,653.0369262695312,609.6995849609375,212710,0.0,0.0
2017-01-02,654.621826171875,661.51904296875,653.0662841796875,657.439453125,613.8099365234375,135838,0.0,0.0
2017-01-03,658.6134033203125,662.1354370117188,649.3681640625,650.6889038085938,607.50732421875,146458,0.0,0.0
2017-01-04,650.3954467773438,660.9027099609375,650.3660888671875,658.5840454101562,614.8785400390625,363214,0.0,0.0
2017-01-05,660.96142578125,674.1102294921875,660.9320678710938,670.14794921875,625.675048828125,434593,0.0,0.0
2017-01-06,677.3973999023438,687.6112060546875,675.0200805664062,683.35546875,638.0060424804688,470032,0.0,0.0
2017-01-09,687.3764038085938,693.8333740234375,672.1144409179688,674.4917602539062,629.7306518554688,293465,0.0,0.0
2017-01-10,680.3323974609375,692.1017456054688,673.2883911132812,688.2862548828125,642.609619140625,285688,0.0,0.0
2017-01-11,690.3114013671875,693.8333740234375,678.894287109375,691.1038208007812,645.2403564453125,302412,0.0,0.0
2017-01-12,690.9570922851562,697.9717407226562,685.0577392578125,692.395263671875,646.4459838867188,330477,0.0,0.0
2017-01-13,693.2463989257812,696.4161987304688,685.7621459960938,689.1961059570312,643.4590454101562,434995,0.0,0.0
2017-01-16,692.0723876953125,699.1163940429688,686.5252685546875,691.0158081054688,645.1581420898438,346354,0.0,0.0
2017-01-17,691.8963012695312,694.42041015625,686.7894287109375,688.9319458007812,643.2125244140625,284754,0.0,0.0
2017-01-18,689.7830810546875,704.3994140625,689.7830810546875,699.8795166015625,653.4335327148438,284852,0.0,0.0
2017-01-19,701.4644165039062,702.1981201171875,690.3114013671875,693.8333740234375,647.7886352539062,1985928,0.0,0.0
2017-01-20,693.8333740234375,693.8333740234375,673.7286376953125,677.7496337890625,632.772216796875,243935,0.0,0.0
2017-01-23,675.959228515625,685.0283813476562,673.0535888671875,680.3030395507812,635.15625,197649,0.0,0.0
2017-01-24,680.3030395507812,688.5504150390625,674.4917602539062,683.4434814453125,638.0882568359375,327315,0.0,0.0
2017-01-25,689.7244262695312,696.181396484375,685.7621459960938,692.7180786132812,646.7472534179688,368358,0.0,0.0
2017-01-27,693.6279296875,701.1708984375,683.8544311523438,691.0745239257812,645.2129516601562,442572,0.0,0.0
2017-01-30,689.1373901367188,694.42041015625,688.2568969726562,691.8375854492188,645.92529296875,162828,0.0,0.0
2017-01-31,689.1373901367188,692.6007080078125,669.0032958984375,673.0535888671875,633.88525390625,315371,6.0,0.0
2017-02-01,673.0535888671875,689.6069946289062,665.158447265625,687.5818481445312,647.568115234375,293177,0.0,0.0
2017-02-02,687.96337890625,689.8124389648438,677.3973999023438,684.852294921875,644.997314453125,250877,0.0,0.0
2017-02-03,686.7894287109375,698.5294189453125,682.56298828125,697.4140625,656.8280639648438,312654,0.0,0.0
2017-02-06,701.2882690429688,727.233642578125,700.1729736328125,720.3070678710938,678.3887939453125,806440,0.0,0.0
2017-02-07,726.1183471679688,729.4935913085938,711.443359375,724.5921630859375,682.4246826171875,626751,0.0,0.0
2017-02-08,726.7053833007812,739.0323486328125,706.160400390625,715.5230102539062,673.8832397460938,2015313,0.0,0.0
2017-02-09,717.1666259765625,724.3573608398438,707.246337890625,718.6047973632812,676.7855834960938,420005,0.0,0.0
2017-02-10,720.3657836914062,721.1288452148438,708.5083618164062,711.17919921875,669.7921142578125,199298,0.0,0.0
2017-02-13,716.0806884765625,717.0785522460938,698.353271484375,702.4622802734375,661.58251953125,273499,0.0,0.0
2017-02-14,704.3994140625,715.0534057617188,691.3679809570312,712.646728515625,671.17431640625,341956,0.0,0.0
2017-02-15,713.6739501953125,719.6026611328125,702.0513916015625,705.3092041015625,664.2637329101562,578571,0.0,0.0
2017-02-16,705.8081665039062,712.382568359375,699.8795166015625,708.3616333007812,667.1386108398438,320400,0.0,0.0
2017-02-17,709.0953979492188,717.8123168945312,704.69287109375,713.0869750976562,671.5888671875,294950,0.0,0.0
2017-02-20,713.5272216796875,718.0177612304688,707.92138671875,713.3511352539062,671.837646484375,341642,0.0,0.0
2017-02-21,720.4244995117188,724.3573608398438,714.3783569335938,717.2546997070312,675.5139770507812,475741,0.0,0.0
2017-02-22,719.0744018554688,724.9443969726562,708.5377197265625,714.8773193359375,673.2750854492188,388003,0.0,0.0
2017-02-23,716.139404296875,719.397216796875,702.403564453125,705.1918334960938,664.1531372070312,378628,0.0,0.0
2017-02-27,709.0953979492188,711.443359375,695.9759521484375,700.7893676757812,660.0069580078125,317908,0.0,0.0
2017-02-28,701.4644165039062,709.682373046875,700.760009765625,708.7138061523438,667.4703369140625,318136,0.0,0.0
2017-03-01,710.8563842773438,725.7955322265625,710.8563842773438,714.3489990234375,672.7774658203125,398286,0.0,0.0
2017-03-02,717.2546997070312,719.0744018554688,699.439208984375,703.3721313476562,662.4393310546875,228993,0.0,0.0
2017-03-03,703.8123779296875,707.3050537109375,695.6237182617188,699.0283203125,658.3484497070312,245378,0.0,0.0
2017-03-06,702.5797119140625,705.5733642578125,696.181396484375,700.3490600585938,659.59228515625,263489,0.0,0.0
2017-03-07,700.3490600585938,714.0848999023438,697.7369384765625,710.210693359375,668.8800048828125,400649,0.0,0.0
2017-03-08,711.443359375,714.0848999023438,698.5294189453125,706.160400390625,665.0654296875,405915,0.0,0.0
2017-03-09,704.9863891601562,710.6802978515625,700.1729736328125,706.982177734375,665.8394775390625,185087,0.0,0.0
2017-03-10,706.982177734375,711.443359375,701.5230712890625,704.7809448242188,663.7662353515625,217836,0.0,0.0
2017-03-14,713.7913818359375,738.3866577148438,708.5083618164062,735.2168579101562,692.4308471679688,794908,0.0,0.0
2017-03-15,739.6193237304688,742.5543212890625,732.0470581054688,736.2734375,693.4261474609375,463830,0.0,0.0
2017-03-16,741.9086303710938,746.6339721679688,733.984130859375,742.2608642578125,699.0650634765625,458899,0.0,0.0
2017-03-17,743.2880859375,745.7534790039062,731.1665649414062,740.0009155273438,696.9365234375,374228,0.0,0.0
2017-03-20,740.2063598632812,744.8729858398438,726.7053833007812,731.9296875,689.3350219726562,349898,0.0,0.0
2017-03-21,733.30908203125,738.9736328125,727.9967651367188,732.3112182617188,689.6943359375,305392,0.0,0.0
2017-03-22,730.8143310546875,730.8143310546875,716.2861328125,722.4202880859375,680.3790893554688,295599,0.0,0.0
2017-03-23,732.5753784179688,732.604736328125,722.8605346679688,727.8793334960938,685.5203857421875,225811,0.0,0.0
2017-03-24,731.9883422851562,737.740966796875,726.7053833007812,728.8772583007812,686.4602661132812,275828,0.0,0.0
2017-03-27,724.9443969726562,731.4013671875,720.5125122070312,728.554443359375,686.15625,167577,0.0,0.0
2017-03-28,729.3468627929688,734.3070068359375,726.8521118164062,731.6948852539062,689.114013671875,246226,0.0,0.0
2017-03-29,732.9275512695312,743.3761596679688,729.0533447265625,741.2922973632812,698.15283203125,733087,0.0,0.0
2017-03-30,742.5543212890625,747.719970703125,730.990478515625,734.4537353515625,691.712158203125,430468,0.0,0.0
2017-03-31,736.684326171875,742.5543212890625,720.2483520507812,736.8017578125,693.9236450195312,323669,0.0,0.0
2017-04-03,738.0931396484375,767.2083129882812,736.8311157226562,764.3026733398438,719.8240966796875,637452,0.0,0.0
2017-04-05,762.5123291015625,769.7030639648438,757.9630737304688,765.7702026367188,721.2061767578125,439826,0.0,0.0
2017-04-06,757.9043579101562,765.7114868164062,754.9107055664062,762.2188110351562,717.8615112304688,247163,0.0,0.0
2017-04-07,760.0469360351562,774.046875,756.7010498046875,762.7764892578125,718.38671875,640395,0.0,0.0
2017-04-10,771.904296875,778.8309326171875,762.6297607421875,770.1726684570312,725.3525390625,429973,0.0,0.0
2017-04-11,770.7890014648438,777.7156372070312,767.3551025390625,771.5814819335938,726.6793212890625,254075,0.0,0.0
2017-04-12,773.1957397460938,774.2523193359375,760.83935546875,764.9483642578125,720.4322509765625,229168,0.0,0.0
2017-04-13,763.0993041992188,768.7052001953125,760.164306640625,762.2481689453125,717.88916015625,130460,0.0,0.0
2017-04-17,761.8372802734375,764.8603515625,754.88134765625,758.6968383789062,714.54443359375,206862,0.0,0.0
2017-04-18,758.8729248046875,776.7764282226562,758.8729248046875,763.4515380859375,719.0225830078125,271490,0.0,0.0
2017-04-19,763.0993041992188,765.9462890625,751.3593139648438,755.6737670898438,711.6973876953125,242032,0.0,0.0
2017-04-20,759.5773315429688,771.1705932617188,754.88134765625,769.5269775390625,724.7443237304688,216928,0.0,0.0
2017-04-21,771.904296875,784.3486938476562,765.4473266601562,769.1454467773438,724.3851318359375,362024,0.0,0.0
2017-04-24,768.8812866210938,775.4850463867188,766.6506958007812,773.6653442382812,728.6419067382812,146734,0.0,0.0
2017-04-25,777.7742919921875,791.2166137695312,776.072021484375,786.6380004882812,740.859619140625,584520,0.0,0.0
2017-04-26,790.101318359375,797.4387817382812,771.6695556640625,782.8518676757812,737.2938232421875,498163,0.0,0.0
2017-04-27,786.5792846679688,788.89794921875,777.8330078125,780.944091796875,735.4971313476562,198816,0.0,0.0
2017-04-28,785.0824584960938,785.0824584960938,768.4116821289062,770.407470703125,725.5736694335938,201332,0.0,0.0
2017-05-02,776.0133056640625,787.28369140625,772.7261352539062,784.4954833984375,738.8418579101562,226593,0.0,0.0
2017-05-03,789.4556274414062,800.7260131835938,775.1915283203125,789.8665161132812,743.9002685546875,267051,0.0,0.0
2017-05-04,789.8665161132812,807.7113037109375,789.8665161132812,806.3612060546875,759.4351196289062,522555,0.0,0.0
2017-05-05,807.124267578125,809.1787719726562,788.6044311523438,794.3570556640625,748.1294555664062,224773,0.0,0.0
2017-05-08,801.723876953125,805.744873046875,788.6925048828125,793.5646362304688,747.3831787109375,196192,0.0,0.0
2017-05-09,800.6672973632812,857.0192260742188,793.6820068359375,849.8578491210938,800.4004516601562,1716759,0.0,0.0
2017-05-10,860.423828125,863.6817016601562,844.7509765625,858.7215576171875,808.748291015625,955436,0.0,0.0
2017-05-11,840.583251953125,850.2100830078125,820.9774780273438,825.7028198242188,777.6510620117188,1071890,0.0,0.0
2017-05-12,821.7406005859375,825.1744995117188,812.9942626953125,817.0445556640625,769.4967651367188,298092,0.0,0.0
2017-05-15,820.6253051757812,835.8872680664062,817.9251098632812,834.5078125,785.9436645507812,230523,0.0,0.0
2017-05-16,834.5078125,838.8809814453125,825.8202514648438,832.07177734375,783.6494140625,284075,0.0,0.0
2017-05-17,825.9082641601562,835.85791015625,821.8579711914062,824.6168823242188,776.62841796875,232708,0.0,0.0
2017-05-18,821.7992553710938,828.1975708007812,808.9439697265625,811.967041015625,764.7146606445312,194824,0.0,0.0
2017-05-19,811.8203125,824.0005493164062,799.3759155273438,808.5037231445312,761.4530029296875,191216,0.0,0.0
2017-05-22,810.0592651367188,815.195556640625,792.7721557617188,797.7029418945312,751.2807006835938,177644,0.0,0.0
2017-05-23,797.7029418945312,808.591796875,776.4241943359375,797.9671020507812,751.5294189453125,441455,0.0,0.0
2017-05-24,800.080322265625,802.1934814453125,774.986083984375,781.7659301757812,736.2711791992188,216037,0.0,0.0
2017-05-25,785.66943359375,798.9650268554688,779.564697265625,792.3025512695312,746.194580078125,263952,0.0,0.0
2017-05-26,792.4492797851562,816.6336669921875,791.8329467773438,814.5205078125,767.1195068359375,366962,0.0,0.0
2017-05-29,815.9292602539062,820.478515625,790.1306762695312,804.0425415039062,757.251220703125,130235,0.0,0.0
2017-05-30,803.0153198242188,806.2144165039062,793.0363159179688,803.044677734375,756.3115844726562,83233,0.0,0.0
2017-05-31,804.6588745117188,822.9439086914062,795.0321044921875,802.7511596679688,756.03515625,424221,0.0,0.0
2017-06-01,810.0299682617188,810.0299682617188,792.3319091796875,802.1348266601562,755.4547119140625,219110,0.0,0.0
2017-06-02,803.0153198242188,809.4722900390625,797.7322998046875,802.5457153320312,755.8414916992188,117054,0.0,0.0
2017-06-05,795.38427734375,819.4512939453125,795.38427734375,812.5833740234375,765.2951049804688,151664,0.0,0.0
2017-06-06,810.0592651367188,813.4638671875,790.4534912109375,792.5079956054688,746.3880615234375,254770,0.0,0.0
2017-06-07,794.7973022460938,797.1453247070312,778.4493408203125,787.3424072265625,741.5230712890625,355463,0.0,0.0
2017-06-08,782.4703369140625,797.409423828125,780.7092895507812,784.7889404296875,739.1181640625,193352,0.0,0.0
2017-06-09,786.608642578125,792.4492797851562,775.543701171875,784.0845947265625,738.4547729492188,182724,0.0,0.0
2017-06-12,777.8917236328125,785.9629516601562,762.7471313476562,770.5835571289062,725.7394409179688,194097,0.0,0.0
2017-06-13,771.3173217773438,782.9985961914062,767.7953491210938,779.4179077148438,734.0597534179688,194928,0.0,0.0
2017-06-14,779.5353393554688,787.7532958984375,770.2901000976562,785.9042358398438,740.1685180664062,238296,0.0,0.0
2017-06-15,783.644287109375,788.4577026367188,774.721923828125,776.4535522460938,731.2678833007812,195594,0.0,0.0
2017-06-16,775.4263305664062,782.8518676757812,768.0595092773438,770.6422729492188,725.7948608398438,256528,0.0,0.0
2017-06-19,773.6066284179688,776.5709838867188,767.6779174804688,772.550048828125,727.591552734375,250944,0.0,0.0
2017-06-20,772.4913330078125,786.872802734375,772.4913330078125,781.0028076171875,735.5524291992188,187453,0.0,0.0
2017-06-21,777.7449951171875,786.872802734375,771.7869262695312,783.614990234375,738.0125122070312,178872,0.0,0.0
2017-06-22,784.6128540039062,799.2584838867188,783.4682006835938,793.9461669921875,747.7425537109375,437114,0.0,0.0
2017-06-23,798.3192749023438,801.2249755859375,777.1873168945312,778.8309326171875,733.5069580078125,191177,0.0,0.0
2017-06-27,784.2313232421875,784.2313232421875,766.7093505859375,768.529052734375,723.8045654296875,194194,0.0,0.0
2017-06-28,768.6758422851562,771.2879638671875,749.7157592773438,759.0490112304688,714.8761596679688,300957,0.0,0.0
2017-06-29,761.9253540039062,775.8959350585938,757.2293090820312,762.7764892578125,718.38671875,267417,0.0,0.0
2017-06-30,761.3383178710938,787.1076049804688,757.845703125,783.8790893554688,738.2612915039062,249616,0.0,0.0
2017-07-03,788.9273071289062,791.2753295898438,778.7135009765625,789.015380859375,743.0986328125,127991,0.0,0.0
2017-07-04,791.8623046875,802.780517578125,787.81201171875,790.0719604492188,744.09375,270991,0.0,0.0
2017-07-05,789.5142822265625,797.673583984375,785.8455810546875,795.4723510742188,749.179931640625,145085,0.0,0.0
2017-07-06,797.1453247070312,801.1369018554688,792.4199829101562,795.501708984375,749.20751953125,148536,0.0,0.0
2017-07-07,792.4492797851562,800.6672973632812,790.101318359375,793.1830444335938,747.0238037109375,75281,0.0,0.0
2017-07-10,802.4282836914062,803.5142211914062,733.7493286132812,800.9901733398438,754.3765869140625,41899,0.0,0.0
2017-07-11,801.84130859375,806.2437744140625,792.1558227539062,793.1830444335938,747.0238037109375,135957,0.0,0.0
2017-07-12,796.5582885742188,799.9335327148438,792.4492797851562,794.5918579101562,748.3506469726562,72243,0.0,0.0
2017-07-13,798.3192749023438,803.0153198242188,791.333984375,793.4178466796875,747.2449340820312,166001,0.0,0.0
2017-07-14,800.6672973632812,800.6672973632812,781.2669677734375,784.5248413085938,738.869384765625,162431,0.0,0.0
2017-07-17,785.4053344726562,799.3171997070312,785.4053344726562,797.1453247070312,750.7554321289062,135669,0.0,0.0
2017-07-18,789.5142822265625,803.9251708984375,789.5142822265625,793.5059204101562,747.327880859375,194359,0.0,0.0
2017-07-19,792.4492797851562,800.22705078125,790.6882934570312,795.6484375,749.3457641601562,117715,0.0,0.0
2017-07-20,794.2103271484375,812.9942626953125,788.2816162109375,802.5457153320312,755.8414916992188,463719,0.0,0.0
2017-07-21,802.5457153320312,810.5288696289062,796.2941284179688,800.4618530273438,753.8790893554688,224148,0.0,0.0
2017-07-24,796.5582885742188,811.4680786132812,796.5582885742188,807.652587890625,760.6513061523438,197286,0.0,0.0
2017-07-25,804.6588745117188,810.0592651367188,801.2249755859375,803.5142211914062,756.7537231445312,70298,0.0,0.0
2017-07-26,800.373779296875,822.3862915039062,800.373779296875,813.0823364257812,765.7650146484375,492806,0.0,0.0
2017-07-27,809.5016479492188,821.7992553710938,807.7113037109375,816.2227783203125,768.72265625,513778,0.0,0.0
2017-07-28,804.8350219726562,857.0192260742188,804.8350219726562,848.9773559570312,799.5711669921875,832215,0.0,0.0
2017-07-31,857.0192260742188,862.83056640625,835.30029296875,854.1723022460938,804.4638061523438,871264,0.0,0.0
2017-08-01,830.8390502929688,847.9501342773438,817.6903076171875,819.9502563476562,772.2332763671875,498315,0.0,0.0
2017-08-02,827.6692504882812,827.6692504882812,798.3192749023438,803.2794189453125,756.5325927734375,194569,0.0,0.0
2017-08-03,803.2794189453125,817.103271484375,800.080322265625,809.5897216796875,762.4756469726562,306845,0.0,0.0
2017-08-04,781.88330078125,812.9942626953125,781.88330078125,800.9608154296875,754.3489379882812,129248,0.0,0.0
2017-08-07,801.2542724609375,808.85595703125,797.1453247070312,798.05517578125,751.6124267578125,139979,0.0,0.0
2017-08-08,797.7322998046875,802.9859619140625,786.5792846679688,789.1914672851562,743.2645263671875,168255,0.0,0.0
2017-08-09,784.8182983398438,789.3381958007812,772.8141479492188,778.214599609375,732.926513671875,266199,0.0,0.0
2017-08-10,774.8392944335938,777.3927612304688,737.9170532226562,756.906494140625,712.8583984375,421651,0.0,0.0
2017-08-11,747.2503662109375,758.10986328125,734.7178955078125,752.9149169921875,709.0990600585938,335857,0.0,0.0
2017-08-14,751.3593139648438,765.41796875,751.3300170898438,756.7304077148438,712.6925048828125,167494,0.0,0.0
2017-08-16,760.164306640625,770.1139526367188,754.88134765625,768.1181640625,723.4176025390625,265918,0.0,0.0
2017-08-17,771.904296875,781.8246459960938,760.1936645507812,776.5416259765625,731.3507690429688,213708,0.0,0.0
2017-08-18,773.0783081054688,773.0783081054688,763.0993041992188,768.235595703125,723.5281982421875,119841,0.0,0.0
2017-08-21,766.2398071289062,778.772216796875,748.5123901367188,751.770263671875,708.02099609375,138480,0.0,0.0
2017-08-22,757.8163452148438,759.2545166015625,737.9464111328125,741.0868530273438,697.9594116210938,214138,0.0,0.0
2017-08-23,746.663330078125,748.9819946289062,733.7493286132812,737.06591796875,694.1724243164062,193765,0.0,0.0
2017-08-24,735.6277465820312,752.5333251953125,729.2294921875,742.6423950195312,699.42431640625,378695,0.0,0.0
2017-08-28,748.42431640625,761.9840087890625,746.4285278320312,758.7555541992188,714.599853515625,212662,0.0,0.0
2017-08-29,758.4033203125,759.606689453125,739.6780395507812,747.3090209960938,703.8193969726562,266645,0.0,0.0
2017-08-30,754.2943115234375,756.5836181640625,743.2000732421875,749.5103149414062,705.8925170898438,192957,0.0,0.0
2017-08-31,752.5039672851562,761.8372802734375,747.2503662109375,754.2943115234375,710.398193359375,280714,0.0,0.0
2017-09-01,754.2943115234375,772.4913330078125,754.2943115234375,768.1768798828125,723.4728393554688,212061,0.0,0.0
2017-09-04,765.9756469726562,766.0343017578125,747.86669921875,751.1832275390625,707.4682006835938,125424,0.0,0.0
2017-09-05,751.5354614257812,761.3383178710938,747.5438232421875,755.7911987304688,711.8079833984375,168192,0.0,0.0
2017-09-06,750.1853637695312,754.0008544921875,744.3153686523438,751.3006591796875,707.5787353515625,114633,0.0,0.0
2017-09-07,750.2440185546875,754.6759033203125,744.0218505859375,747.1035766601562,703.6259155273438,160719,0.0,0.0
2017-09-08,747.5438232421875,753.413818359375,745.4893188476562,750.1853637695312,706.5283203125,160449,0.0,0.0
2017-09-11,754.35302734375,797.7322998046875,753.120361328125,782.0300903320312,736.5198364257812,709559,0.0,0.0
2017-09-12,783.644287109375,793.5059204101562,774.8980102539062,790.365478515625,744.3701782226562,296245,0.0,0.0
2017-09-13,789.5142822265625,793.5352783203125,779.036376953125,783.8204345703125,738.2061157226562,238557,0.0,0.0
2017-09-14,789.5142822265625,820.6253051757812,787.0195922851562,812.1431274414062,764.8804931640625,738043,0.0,0.0
2017-09-15,804.8936767578125,817.3967895507812,796.587646484375,811.55615234375,764.3276977539062,503564,0.0,0.0
2017-09-18,810.9984741210938,839.9375610351562,804.8056640625,829.1661376953125,780.9129028320312,474739,0.0,0.0
2017-09-19,823.6776733398438,833.5392456054688,816.5750122070312,826.6420288085938,778.5357055664062,280110,0.0,0.0
2017-09-20,829.8118286132812,853.2037353515625,828.3150024414062,841.0234985351562,792.0801391601562,443204,0.0,0.0
2017-09-21,840.5538940429688,841.8453369140625,817.7489624023438,824.6168823242188,776.62841796875,156957,0.0,0.0
2017-09-22,819.4512939453125,821.1829223632812,798.4073486328125,800.1389770507812,753.5748901367188,196248,0.0,0.0
2017-09-25,797.7322998046875,804.1892700195312,754.2943115234375,776.9818725585938,731.7655029296875,546831,0.0,0.0
2017-09-26,773.8707885742188,791.8623046875,766.621337890625,776.5709838867188,731.3785400390625,381296,0.0,0.0
2017-09-27,786.2271118164062,786.2271118164062,710.3280639648438,715.7578125,674.104248046875,1086493,0.0,0.0
2017-09-28,721.1875610351562,731.3132934570312,692.659423828125,697.8543701171875,657.2427978515625,1336118,0.0,0.0
2017-09-29,702.6383666992188,713.2044067382812,695.8878784179688,697.8543701171875,657.2427978515625,488247,0.0,0.0
2017-10-03,703.1079711914062,711.3847045898438,696.709716796875,703.2547607421875,662.328857421875,225984,0.0,0.0
2017-10-04,704.3994140625,725.5020141601562,700.0556030273438,710.6509399414062,669.2946166992188,551838,0.0,0.0
2017-10-05,711.443359375,724.0345458984375,710.8563842773438,713.9087524414062,672.3628540039062,408497,0.0,0.0
2017-10-06,719.0744018554688,727.2042846679688,714.40771484375,720.747314453125,678.8034057617188,224732,0.0,0.0
2017-10-09,719.661376953125,726.676025390625,710.7976684570312,717.4601440429688,675.70751953125,221151,0.0,0.0
2017-10-10,720.2483520507812,732.9275512695312,715.6990966796875,727.7913208007812,685.4376220703125,267657,0.0,0.0
2017-10-11,729.112060546875,742.6717529296875,722.0093994140625,727.6445922851562,685.2993774414062,307177,0.0,0.0
2017-10-12,728.43701171875,734.3363647460938,721.42236328125,731.548095703125,688.9756469726562,133132,0.0,0.0
2017-10-13,739.4432373046875,739.4432373046875,725.2378540039062,727.4684448242188,685.133544921875,158625,0.0,0.0
2017-10-16,731.8709716796875,734.4537353515625,713.7620239257812,715.5817260742188,673.9384765625,243378,0.0,0.0
2017-10-17,715.5523681640625,726.1183471679688,709.53564453125,719.6320190429688,677.7529907226562,337862,0.0,0.0
2017-10-18,723.4181518554688,726.676025390625,716.432861328125,720.1016235351562,678.1953125,210172,0.0,0.0
2017-10-19,719.661376953125,727.2923583984375,714.9653930664062,718.72216796875,676.8961181640625,22637,0.0,0.0
2017-10-23,722.5963745117188,722.5963745117188,706.1897583007812,708.2149047851562,667.0004272460938,231644,0.0,0.0
2017-10-24,707.92138671875,720.483154296875,704.5755004882812,716.5796508789062,674.8782958984375,294555,0.0,0.0
2017-10-25,719.661376953125,736.684326171875,718.2525634765625,731.0198364257812,688.478271484375,379552,0.0,0.0
2017-10-26,731.3720092773438,753.2964477539062,724.9443969726562,738.005126953125,695.0569458007812,423485,0.0,0.0
2017-10-27,745.4600219726562,752.5626831054688,741.2922973632812,745.98828125,702.5755004882812,408526,0.0,0.0
2017-10-30,749.0113525390625,751.3593139648438,739.7073974609375,744.9317016601562,701.5803833007812,130885,0.0,0.0
2017-10-31,746.663330078125,760.28173828125,742.9359130859375,746.8101196289062,703.3495483398438,319984,0.0,0.0
2017-11-01,747.2503662109375,758.4033203125,744.6088256835938,745.8709106445312,702.4649658203125,326710,0.0,0.0
2017-11-02,745.4893188476562,751.8582763671875,741.4977416992188,747.044921875,703.5706787109375,145759,0.0,0.0
2017-11-03,750.1853637695312,753.942138671875,739.3258666992188,741.8499755859375,698.6780395507812,153683,0.0,0.0
2017-11-06,741.38037109375,750.7723388671875,731.6948852539062,744.1979370117188,700.8894653320312,213436,0.0,0.0
2017-11-07,748.9819946289062,753.2964477539062,722.0093994140625,727.233642578125,684.9122314453125,161006,0.0,0.0
2017-11-08,727.8793334960938,733.7200317382812,716.4035034179688,720.4244995117188,678.4993896484375,91243,0.0,0.0
2017-11-09,727.497802734375,727.497802734375,705.77880859375,712.4412841796875,670.9807739257812,181875,0.0,0.0
2017-11-10,715.5523681640625,727.8500366210938,705.2799072265625,715.3762817382812,673.7449340820312,225526,0.0,0.0
2017-11-13,718.4873657226562,720.86474609375,701.3763427734375,702.7264404296875,661.831298828125,165460,0.0,0.0
2017-11-14,702.7264404296875,709.6530151367188,690.0178833007812,692.4539184570312,652.1566162109375,350175,0.0,0.0
2017-11-15,688.9613037109375,709.271484375,683.766357421875,697.1499633789062,656.579345703125,471634,0.0,0.0
2017-11-16,699.703369140625,703.2254028320312,680.39111328125,686.466552734375,646.5177612304688,390313,0.0,0.0
2017-11-17,690.4287719726562,707.099609375,690.4287719726562,700.1729736328125,659.4264526367188,367819,0.0,0.0
2017-11-20,699.7327270507812,703.2254028320312,686.4078369140625,695.1541137695312,654.6995849609375,423366,0.0,0.0
2017-11-21,699.703369140625,707.8626708984375,693.0703125,702.9612426757812,662.0525512695312,382233,0.0,0.0
2017-11-22,709.0953979492188,715.7578125,697.531494140625,699.7620849609375,659.0394897460938,378000,0.0,0.0
2017-11-23,696.2401123046875,708.5377197265625,693.2757568359375,698.7935180664062,658.1272583007812,465533,0.0,0.0
2017-11-24,698.7935180664062,706.6006469726562,689.02001953125,699.9088134765625,659.1776733398438,686327,0.0,0.0
2017-11-27,693.5692138671875,700.8773803710938,689.841796875,698.1478271484375,657.5192260742188,378329,0.0,0.0
2017-11-28,700.2904052734375,722.5670166015625,697.9423828125,713.6739501953125,672.1417846679688,580009,0.0,0.0
2017-11-29,707.3344116210938,712.6173706054688,696.06396484375,705.9255981445312,664.8442993164062,497450,0.0,0.0
2017-11-30,702.0513916015625,712.6173706054688,697.531494140625,703.0199584960938,662.1077270507812,584865,0.0,0.0
2017-12-01,703.2254028320312,710.8563842773438,685.6154174804688,688.6090698242188,648.5355224609375,190715,0.0,0.0
2017-12-04,689.7244262695312,694.0975341796875,677.8963623046875,687.69921875,647.6785888671875,247114,0.0,0.0
2017-12-05,685.0283813476562,689.4602661132812,680.126953125,682.0933837890625,642.3988647460938,210686,0.0,0.0
2017-12-06,681.4183349609375,686.2611083984375,657.1165771484375,661.636474609375,623.1326293945312,639414,0.0,0.0
2017-12-07,662.164794921875,687.3764038085938,660.9907836914062,681.9760131835938,642.2883911132812,338969,0.0,0.0
2017-12-08,687.3764038085938,695.359619140625,685.0283813476562,689.9005126953125,649.7518920898438,282644,0.0,0.0
2017-12-11,690.3701171875,701.4644165039062,687.96337890625,697.9717407226562,657.3532104492188,193966,0.0,0.0
2017-12-12,694.1268920898438,695.5357055664062,674.7559204101562,680.1563110351562,640.5745849609375,414358,0.0,0.0
2017-12-13,680.1563110351562,686.8187255859375,667.036865234375,671.5861206054688,632.503173828125,323664,0.0,0.0
2017-12-14,673.259033203125,673.6993408203125,659.8167724609375,670.2066650390625,631.2040405273438,421511,0.0,0.0
2017-12-15,674.46240234375,687.3764038085938,672.2611694335938,683.0325927734375,643.2835693359375,450025,0.0,0.0
2017-12-18,684.9697265625,700.5252075195312,666.1563720703125,698.0304565429688,657.40869140625,409187,0.0,0.0
2017-12-19,701.7578735351562,709.3888549804688,699.703369140625,706.3658447265625,665.2589721679688,372966,0.0,0.0
2017-12-20,706.7473754882812,708.5670776367188,698.5294189453125,700.231689453125,659.4817504882812,193955,0.0,0.0
2017-12-21,697.3554077148438,732.2818603515625,697.3554077148438,729.787109375,687.3171997070312,647414,0.0,0.0
2017-12-22,733.4558715820312,736.0973510742188,719.0744018554688,722.361572265625,680.32373046875,384143,0.0,0.0
2017-12-26,722.361572265625,731.9296875,716.7263793945312,725.20849609375,683.0050048828125,210940,0.0,0.0
2017-12-27,725.5313720703125,730.6969604492188,720.86474609375,724.0932006835938,681.9546508789062,144737,0.0,0.0
2017-12-28,727.8500366210938,740.7933349609375,722.0093994140625,724.65087890625,682.4797973632812,682935,0.0,0.0
2017-12-29,724.65087890625,733.162353515625,719.80810546875,726.7347412109375,684.4425048828125,255156,0.0,0.0
2018-01-01,725.0030517578125,735.5690307617188,723.4768676757812,726.82275390625,684.525390625,158359,0.0,0.0
2018-01-02,728.9359741210938,744.3153686523438,720.4244995117188,738.9736328125,695.9690551757812,413475,0.0,0.0
2018-01-03,739.0617065429688,747.07421875,732.3699340820312,738.5333862304688,695.5545043945312,235894,0.0,0.0
2018-01-04,739.6780395507812,752.18115234375,739.6780395507812,749.627685546875,706.003173828125,301083,0.0,0.0
2018-01-05,750.1853637695312,757.05322265625,745.4893188476562,755.292236328125,711.3380737304688,304346,0.0,0.0
2018-01-08,755.5270385742188,766.8267822265625,755.5270385742188,759.2545166015625,715.0697631835938,602525,0.0,0.0
2018-01-09,771.904296875,771.904296875,757.9337158203125,764.0972290039062,719.6306762695312,494865,0.0,0.0
2018-01-10,764.0972290039062,766.1223754882812,755.028076171875,762.9525756835938,718.5525512695312,272431,0.0,0.0
2018-01-11,759.5773315429688,762.98193359375,751.0658569335938,759.9295654296875,715.7055053710938,257228,0.0,0.0
2018-01-12,763.0993041992188,780.122314453125,755.028076171875,775.7198486328125,730.576904296875,621566,0.0,0.0
2018-01-15,777.7742919921875,780.122314453125,763.0993041992188,766.1223754882812,721.5379638671875,222831,0.0,0.0
2018-01-16,763.7743530273438,767.9420776367188,748.1015014648438,758.13916015625,714.019287109375,362422,0.0,0.0
2018-01-17,758.10986328125,778.9483032226562,742.613037109375,771.9336547851562,727.0110473632812,398221,0.0,0.0
2018-01-18,771.3173217773438,773.371826171875,752.3572387695312,761.5731201171875,717.25341796875,239412,0.0,0.0
2018-01-19,761.5731201171875,769.585693359375,738.7388305664062,762.7177734375,718.3314819335938,409845,0.0,0.0
2018-01-22,757.2293090820312,776.0133056640625,756.378173828125,774.3697509765625,729.3053588867188,389809,0.0,0.0
2018-01-23,778.361328125,781.88330078125,770.143310546875,774.721923828125,729.6370239257812,253291,0.0,0.0
2018-01-24,771.3173217773438,780.5919189453125,764.1265869140625,765.4766845703125,720.9298706054688,430298,0.0,0.0
2018-01-25,764.8603515625,776.0133056640625,758.0805053710938,760.81005859375,723.147705078125,379448,7.0,0.0
2018-01-29,760.81005859375,768.499755859375,750.1853637695312,756.084716796875,718.65625,192574,0.0,0.0
2018-01-30,755.4683227539062,763.0700073242188,741.5564575195312,756.7890625,719.3256225585938,301777,0.0,0.0
2018-01-31,757.1119384765625,781.472412109375,750.2147216796875,764.185302734375,726.3558959960938,883232,0.0,0.0
2018-02-01,764.8603515625,784.2313232421875,742.73046875,777.0405883789062,738.5746459960938,520298,0.0,0.0
2018-02-02,774.86865234375,776.8057861328125,751.3593139648438,758.9022827148438,721.3343505859375,428935,0.0,0.0
2018-02-05,747.2503662109375,754.88134765625,738.416015625,744.90234375,708.0274047851562,340559,0.0,0.0
2018-02-06,722.0093994140625,744.90234375,706.7473754882812,737.2713623046875,700.774169921875,777990,0.0,0.0
2018-02-07,739.6193237304688,750.6256103515625,710.2694091796875,714.5545043945312,679.181884765625,366523,0.0,0.0
2018-02-08,715.5523681640625,732.9569091796875,713.2044067382812,719.661376953125,684.0359497070312,345782,0.0,0.0
2018-02-09,710.2694091796875,727.761962890625,710.2400512695312,721.6571655273438,685.9329833984375,265259,0.0,0.0
2018-02-12,726.676025390625,739.8541259765625,724.533447265625,736.9778442382812,700.4952392578125,211443,0.0,0.0
2018-02-14,737.9170532226562,752.6507568359375,737.9170532226562,748.7178344726562,711.6539916992188,325068,0.0,0.0
2018-02-15,751.3300170898438,760.164306640625,735.2168579101562,739.0323486328125,702.4481201171875,235690,0.0,0.0
2018-02-16,740.2063598632812,751.2713012695312,725.590087890625,744.08056640625,707.2462158203125,420640,0.0,0.0
2018-02-19,742.613037109375,748.6591186523438,726.4705810546875,729.9631958007812,693.8277587890625,204841,0.0,0.0
2018-02-20,727.8793334960938,740.0889282226562,726.26513671875,729.2001342773438,693.1024169921875,179596,0.0,0.0
2018-02-21,735.1875,738.15185546875,722.0680541992188,730.3447875976562,694.1904907226562,184979,0.0,0.0
2018-02-22,729.0533447265625,739.4725952148438,697.0912475585938,700.4077758789062,665.7354736328125,906431,0.0,0.0
2018-02-23,688.6677856445312,698.2359008789062,679.8334350585938,688.0220947265625,653.9627685546875,766162,0.0,0.0
2018-02-26,689.7244262695312,693.1876831054688,685.644775390625,687.7579345703125,653.7118530273438,341855,0.0,0.0
2018-02-27,689.695068359375,693.5692138671875,676.0179443359375,683.2967529296875,649.4714965820312,293075,0.0,0.0
2018-02-28,675.929931640625,689.7244262695312,671.9970092773438,685.5567016601562,651.6195678710938,323238,0.0,0.0
2018-03-01,690.10595703125,691.4854125976562,675.0494384765625,676.8984375,643.389892578125,190335,0.0,0.0
2018-03-05,676.8104248046875,680.3323974609375,666.8314208984375,670.5001831054688,637.3084106445312,168228,0.0,0.0
2018-03-06,678.8649291992188,679.0703735351562,658.0264282226562,662.57568359375,629.7761840820312,410175,0.0,0.0
2018-03-07,660.96142578125,662.722412109375,638.5086669921875,641.3262939453125,609.5786743164062,432153,0.0,0.0
2018-03-08,642.8231201171875,650.6889038085938,633.95947265625,646.93212890625,614.9070434570312,222974,0.0,0.0
2018-03-09,648.0474243164062,667.301025390625,636.13134765625,637.364013671875,605.8125610351562,487276,0.0,0.0
2018-03-12,640.5045166015625,651.5694580078125,638.2445678710938,649.7203979492188,617.5573120117188,132894,0.0,0.0
2018-03-13,659.200439453125,660.9907836914062,640.7099609375,656.8230590820312,624.308349609375,244346,0.0,0.0
2018-03-14,652.0390014648438,665.83349609375,651.5987548828125,662.83984375,630.0272827148438,136793,0.0,0.0
2018-03-15,662.722412109375,668.8565673828125,656.4121704101562,664.8356323242188,631.9242553710938,218846,0.0,0.0
2018-03-16,659.200439453125,663.4268188476562,643.9384155273438,648.693115234375,616.5807495117188,349673,0.0,0.0
2018-03-19,653.3304443359375,653.3304443359375,633.4017944335938,640.1229248046875,608.4348754882812,144608,0.0,0.0
2018-03-20,638.7728271484375,656.11865234375,636.013916015625,650.6889038085938,618.477783203125,325288,0.0,0.0
2018-03-21,652.3031616210938,662.7517700195312,640.9154052734375,648.3703002929688,616.2741088867188,341680,0.0,0.0
2018-03-22,648.6344604492188,652.1564331054688,635.456298828125,643.0872802734375,611.2525634765625,292824,0.0,0.0
2018-03-23,633.95947265625,645.728759765625,633.0789184570312,640.3577270507812,608.6580200195312,229679,0.0,0.0
2018-03-26,640.4164428710938,652.1564331054688,628.6764526367188,647.5191040039062,615.46484375,166533,0.0,0.0
2018-03-27,651.5694580078125,651.5694580078125,638.1858520507812,640.7099609375,608.992919921875,194872,0.0,0.0
2018-03-28,637.5401611328125,647.46044921875,628.0894775390625,629.7623901367188,598.587158203125,304945,0.0,0.0
2018-04-02,633.842041015625,650.2193603515625,623.98046875,646.785400390625,614.767578125,300603,0.0,0.0
2018-04-03,646.785400390625,663.808349609375,642.7644653320312,660.0515747070312,627.3770751953125,333828,0.0,0.0
2018-04-04,659.8167724609375,665.0704345703125,644.23193359375,655.414306640625,622.9693603515625,316042,0.0,0.0
2018-04-05,661.5484008789062,666.2444458007812,658.0264282226562,660.286376953125,627.6001586914062,242301,0.0,0.0
2018-04-06,659.7874145507812,664.4247436523438,654.7685546875,659.4352416992188,626.7911987304688,259557,0.0,0.0
2018-04-09,659.200439453125,662.1060791015625,648.9866333007812,655.296875,622.857666015625,277438,0.0,0.0
2018-04-10,659.7874145507812,662.986572265625,649.4562377929688,654.064208984375,621.68603515625,320364,0.0,0.0
2018-04-11,654.2402954101562,658.26123046875,646.2864379882812,648.6344604492188,616.525146484375,212219,0.0,0.0
2018-04-12,649.8084106445312,652.0977172851562,640.4164428710938,645.6113891601562,613.651611328125,286702,0.0,0.0
2018-04-13,648.01806640625,652.5966796875,630.7603149414062,631.6995239257812,600.4285278320312,371444,0.0,0.0
2018-04-16,631.6995239257812,636.0432739257812,626.9154663085938,632.6973876953125,601.376953125,236465,0.0,0.0
2018-04-17,639.1837158203125,639.1837158203125,630.320068359375,633.5192260742188,602.1581420898438,145138,0.0,0.0
2018-04-18,634.5464477539062,639.1544189453125,632.1984252929688,634.0768432617188,602.6881713867188,177199,0.0,0.0
2018-04-19,635.192138671875,636.3074340820312,622.3368530273438,624.8609619140625,593.9284057617188,315119,0.0,0.0
2018-04-20,624.5674438476562,631.0244750976562,619.3137817382812,629.2927856445312,598.1408081054688,343829,0.0,0.0
2018-04-23,629.7036743164062,642.4122314453125,627.4730834960938,639.095703125,607.4584350585938,455978,0.0,0.0
2018-04-24,640.4164428710938,645.435302734375,633.95947265625,638.7728271484375,607.1516723632812,570750,0.0,0.0
2018-04-25,638.0684204101562,651.5401000976562,636.6303100585938,642.470947265625,610.6666259765625,552503,0.0,0.0
2018-04-26,641.00341796875,647.2843627929688,635.7498168945312,639.0663452148438,607.4306640625,223468,0.0,0.0
2018-04-27,636.9824829101562,646.8734130859375,636.9824829101562,643.028564453125,611.1967163085938,169490,0.0,0.0
2018-04-30,645.699462890625,662.6050415039062,641.8839111328125,658.8482055664062,626.2332153320312,485876,0.0,0.0
2018-05-02,662.722412109375,677.3973999023438,658.0264282226562,662.6343994140625,629.8319702148438,929862,0.0,0.0
2018-05-03,665.5400390625,665.5400390625,582.68505859375,622.4835815429688,591.6687622070312,2940106,0.0,0.0
2018-05-04,622.219482421875,624.5674438476562,596.5088500976562,601.6744995117188,571.8898315429688,692487,0.0,0.0
2018-05-07,602.8484497070312,613.4144897460938,597.5067749023438,610.4501342773438,580.2310180664062,516412,0.0,0.0
2018-05-08,613.4144897460938,619.548583984375,608.3369140625,611.1251831054688,580.8726806640625,413393,0.0,0.0
2018-05-09,611.154541015625,621.6324462890625,607.6031494140625,612.7100830078125,582.3790283203125,332649,0.0,0.0
2018-05-10,614.00146484375,616.9364624023438,606.9574584960938,610.5381469726562,580.314697265625,682416,0.0,0.0
2018-05-11,612.8274536132812,615.8211669921875,606.840087890625,609.0706787109375,578.919921875,313482,0.0,0.0
2018-05-14,609.7457275390625,614.3536376953125,597.5361328125,599.5319213867188,569.853271484375,413216,0.0,0.0
2018-05-15,603.4354858398438,623.3934326171875,597.5654907226562,619.548583984375,588.8790893554688,735278,0.0,0.0
2018-05-16,614.00146484375,621.427001953125,605.9888916015625,619.5779418945312,588.9069213867188,345293,0.0,0.0
2018-05-17,620.48779296875,628.03076171875,613.7666625976562,615.61572265625,585.1408081054688,409007,0.0,0.0
2018-05-18,617.5234375,617.5234375,604.9323120117188,608.5423583984375,578.417724609375,215896,0.0,0.0
2018-05-21,609.011962890625,615.1461181640625,602.6430053710938,607.6031494140625,577.5248413085938,205606,0.0,0.0
2018-05-22,609.8924560546875,610.8023071289062,599.0916748046875,600.6765747070312,570.9412231445312,138843,0.0,0.0
2018-05-23,598.739501953125,606.7813720703125,594.1021728515625,600.8233032226562,571.0806884765625,347657,0.0,0.0
2018-05-24,604.55078125,611.5947875976562,598.739501953125,604.5214233398438,574.5958251953125,141949,0.0,0.0
2018-05-25,604.5214233398438,619.8714599609375,600.1482543945312,615.9385375976562,585.4476928710938,180593,0.0,0.0
2018-05-28,616.9364624023438,641.7665405273438,609.3641967773438,638.30322265625,606.7052612304688,437697,0.0,0.0
2018-05-29,642.7644653320312,644.23193359375,612.2991943359375,615.762451171875,585.2803344726562,616264,0.0,0.0
2018-05-30,615.762451171875,617.1419067382812,605.783447265625,610.9783935546875,580.7330322265625,207138,0.0,0.0
2018-05-31,614.00146484375,616.70166015625,597.27197265625,613.6492919921875,583.2717895507812,567881,0.0,0.0
2018-06-01,613.6492919921875,615.762451171875,595.3348999023438,601.9093017578125,572.1129760742188,228282,0.0,0.0
2018-06-04,604.3159790039062,606.1650390625,576.1400146484375,583.1253051757812,554.2587890625,651835,0.0,0.0
2018-06-05,583.1253051757812,583.6829223632812,558.94091796875,568.3622436523438,540.2265625,789109,0.0,0.0
2018-06-06,568.2155151367188,586.99951171875,567.3643798828125,580.395751953125,551.6644287109375,285034,0.0,0.0
2018-06-07,586.4124755859375,589.2887573242188,579.1630249023438,587.0581665039062,557.9970092773438,354422,0.0,0.0
2018-06-08,585.8255004882812,596.8023681640625,581.7164916992188,592.693359375,563.353271484375,239494,0.0,0.0
2018-06-11,595.8045043945312,609.3054809570312,593.9848022460938,606.45849609375,576.4369506835938,260223,0.0,0.0
2018-06-12,606.45849609375,615.1754760742188,601.6744995117188,612.2698364257812,581.9606323242188,302092,0.0,0.0
2018-06-13,612.240478515625,612.240478515625,598.739501953125,600.50048828125,570.7738647460938,143478,0.0,0.0
2018-06-14,598.739501953125,598.739501953125,588.5550537109375,592.5172729492188,563.1858520507812,161272,0.0,0.0
2018-06-15,595.1587524414062,597.8589477539062,584.6514892578125,586.0896606445312,557.0764770507812,454257,0.0,0.0
2018-06-18,586.9407958984375,607.926025390625,586.4124755859375,594.1315307617188,564.7202758789062,496162,0.0,0.0
2018-06-19,594.1315307617188,598.4166259765625,581.2762451171875,585.0623779296875,556.1000366210938,267898,0.0,0.0
2018-06-20,587.6452026367188,592.6640625,583.5068359375,586.7059936523438,557.6622924804688,144495,0.0,0.0
2018-06-21,591.1084594726562,591.1084594726562,575.8464965820312,581.892578125,553.0870971679688,206477,0.0,0.0
2018-06-22,582.303466796875,586.99951171875,572.97021484375,583.3307495117188,554.4541015625,183923,0.0,0.0
2018-06-25,584.8275756835938,591.6954956054688,577.6074829101562,579.3684692382812,550.68798828125,153809,0.0,0.0
2018-06-26,583.4774780273438,584.0645141601562,576.081298828125,578.7227783203125,550.0742797851562,197325,0.0,0.0
2018-06-27,579.9555053710938,580.2490234375,565.3098754882812,568.4796752929688,540.3381958007812,176366,0.0,0.0
2018-06-28,569.3895263671875,569.3895263671875,559.2930908203125,560.701904296875,532.9454345703125,280220,0.0,0.0
2018-06-29,563.4901733398438,579.9555053710938,560.8779907226562,575.4649658203125,546.977783203125,221347,0.0,0.0
2018-07-02,577.0205078125,580.4837646484375,567.3056640625,574.9366455078125,546.4755249023438,134243,0.0,0.0
2018-07-03,569.9765014648438,577.8716430664062,565.544677734375,572.44189453125,544.1043090820312,149359,0.0,0.0
2018-07-04,574.0855102539062,577.1965942382812,567.4230346679688,569.9471435546875,541.7330932617188,107696,0.0,0.0
2018-07-05,571.7374877929688,574.0267944335938,564.1358642578125,570.3873901367188,542.1514892578125,217884,0.0,0.0
2018-07-06,567.3350219726562,578.0183715820312,564.6934814453125,573.0875854492188,544.718017578125,175381,0.0,0.0
2018-07-09,577.3726806640625,584.6514892578125,575.288818359375,581.1881713867188,552.4176025390625,264771,0.0,0.0
2018-07-10,582.8905029296875,598.7101440429688,580.2783203125,596.2447509765625,566.7288818359375,337492,0.0,0.0
2018-07-11,595.8045043945312,601.3809814453125,581.7164916992188,585.5613403320312,556.5742797851562,377070,0.0,0.0
2018-07-12,587.3223266601562,597.5654907226562,574.5551147460938,577.0498657226562,548.4841918945312,206279,0.0,0.0
2018-07-13,581.07080078125,581.3349609375,568.2155151367188,570.6515502929688,542.4025268554688,265158,0.0,0.0
2018-07-16,570.3286743164062,570.5928344726562,551.8675537109375,559.5572509765625,531.8574829101562,240763,0.0,0.0
2018-07-17,562.9324951171875,568.7144775390625,556.8570556640625,564.9869995117188,537.0183715820312,234277,0.0,0.0
2018-07-18,569.9765014648438,579.9555053710938,561.1715087890625,563.6956176757812,535.791015625,401513,0.0,0.0
2018-07-19,565.280517578125,567.9219970703125,549.8424072265625,554.0687866210938,526.6407470703125,315192,0.0,0.0
2018-07-20,554.6558227539062,570.3580322265625,546.4965209960938,566.3077392578125,538.2738647460938,355059,0.0,0.0
2018-07-23,569.7123413085938,574.3790283203125,555.9765625,569.2720947265625,541.0914306640625,309708,0.0,0.0
2018-07-24,569.4481811523438,580.4544677734375,564.1065063476562,565.280517578125,537.2974243164062,682605,0.0,0.0
2018-07-25,566.4838256835938,573.3517456054688,560.1149291992188,564.2532348632812,536.3209838867188,248068,0.0,0.0
2018-07-26,569.3895263671875,571.91357421875,561.7584838867188,568.0687255859375,539.9475708007812,314950,0.0,0.0
2018-07-27,571.6201171875,582.303466796875,565.1337280273438,577.7249145507812,549.1258544921875,539184,0.0,0.0
2018-07-30,580.54248046875,584.0645141601562,572.4125366210938,574.8192749023438,546.3639526367188,399197,0.0,0.0
2018-07-31,574.7018432617188,583.4774780273438,568.9492797851562,580.4251098632812,551.6922607421875,388669,0.0,0.0
2018-08-01,582.8905029296875,598.1524658203125,578.4879760742188,589.1126708984375,559.9498291015625,722722,0.0,0.0
2018-08-02,589.17138671875,594.8065795898438,583.2133178710938,585.1798095703125,556.2116088867188,369013,0.0,0.0
2018-08-03,586.99951171875,600.7939453125,586.4124755859375,594.160888671875,564.7481079101562,611695,0.0,0.0
2018-08-06,598.3872680664062,603.4354858398438,594.2196044921875,599.150390625,569.4906616210938,386857,0.0,0.0
2018-08-07,602.261474609375,608.1314697265625,598.768798828125,604.6681518554688,574.7352294921875,448414,0.0,0.0
2018-08-08,608.3075561523438,613.3557739257812,590.110595703125,596.2153930664062,566.7008666992188,604537,0.0,0.0
2018-08-09,595.8045043945312,606.1356811523438,581.1295166015625,590.110595703125,560.8983764648438,963029,0.0,0.0
2018-08-10,591.607421875,607.4857788085938,588.64306640625,605.6073608398438,575.6279296875,553504,0.0,0.0
2018-08-13,604.6094970703125,604.6094970703125,588.64306640625,591.2552490234375,561.9862670898438,244802,0.0,0.0
2018-08-14,595.10009765625,597.8883056640625,587.5864868164062,590.9910888671875,561.7352905273438,202916,0.0,0.0
2018-08-16,589.3474731445312,595.7457885742188,584.32861328125,588.6724243164062,559.5313720703125,302087,0.0,0.0
2018-08-17,589.3474731445312,600.5592041015625,589.3474731445312,597.7122192382812,568.1236572265625,312964,0.0,0.0
2018-08-20,599.9134521484375,605.783447265625,595.0413818359375,598.7101440429688,569.0722045898438,319192,0.0,0.0
2018-08-21,603.083251953125,616.290771484375,600.4711303710938,604.3453369140625,574.4284057617188,1689572,0.0,0.0
2018-08-23,608.7184448242188,614.5884399414062,601.9385986328125,607.6912231445312,577.608642578125,543836,0.0,0.0
2018-08-24,608.1314697265625,611.4186401367188,602.3201904296875,608.3369140625,578.2223510742188,370083,0.0,0.0
2018-08-27,610.4207763671875,612.8274536132812,601.997314453125,603.083251953125,573.2288208007812,206121,0.0,0.0
2018-08-28,605.783447265625,608.3369140625,599.3558349609375,603.2593994140625,573.396240234375,277148,0.0,0.0
2018-08-29,602.8484497070312,609.3054809570312,600.089599609375,602.7310791015625,572.89404296875,491726,0.0,0.0
2018-08-30,604.6094970703125,605.754150390625,588.1734619140625,590.374755859375,561.1494140625,320131,0.0,0.0
2018-08-31,590.521484375,601.4983520507812,585.6200561523438,598.5927124023438,568.96044921875,518235,0.0,0.0
2018-09-03,599.7667236328125,603.4061279296875,589.3474731445312,592.4879150390625,563.1580200195312,210066,0.0,0.0
2018-09-04,594.04345703125,596.3914794921875,571.766845703125,575.5236206054688,547.033447265625,388627,0.0,0.0
2018-09-05,574.0855102539062,582.5969848632812,562.9324951171875,579.7794189453125,551.0785522460938,337685,0.0,0.0
2018-09-06,582.7144165039062,588.64306640625,570.82763671875,586.0896606445312,557.0764770507812,350407,0.0,0.0
2018-09-07,588.760498046875,588.760498046875,573.0288696289062,582.5382690429688,553.7008666992188,569010,0.0,0.0
2018-09-10,581.1295166015625,581.1295166015625,569.7123413085938,573.7039794921875,545.3038330078125,278702,0.0,0.0
2018-09-11,575.259521484375,581.1295166015625,557.9429931640625,560.2616577148438,532.5270385742188,875600,0.0,0.0
2018-09-12,558.41259765625,565.0457153320312,551.808837890625,554.6558227539062,527.1986694335938,1272415,0.0,0.0
2018-09-14,558.794189453125,570.1819458007812,556.1526489257812,562.844482421875,534.98193359375,820636,0.0,0.0
2018-09-17,562.2280883789062,580.0435180664062,558.5593872070312,576.5509033203125,548.0098876953125,1013494,0.0,0.0
2018-09-18,575.3768920898438,579.2217407226562,562.9031372070312,566.6012573242188,538.552734375,475318,0.0,0.0
2018-09-19,570.152587890625,575.5236206054688,563.51953125,565.5153198242188,537.5205688476562,206896,0.0,0.0
2018-09-21,570.3873901367188,571.7081298828125,528.8865356445312,543.0038452148438,516.1235961914062,786215,0.0,0.0
2018-09-24,543.29736328125,549.372802734375,535.9305419921875,539.8341064453125,513.1106567382812,253294,0.0,0.0
2018-09-25,540.03955078125,559.6453247070312,534.4923706054688,552.8067626953125,525.4411010742188,643848,0.0,0.0
2018-09-26,558.6473999023438,558.6473999023438,542.3875122070312,555.1254272460938,527.64501953125,314736,0.0,0.0
2018-09-27,553.951416015625,560.3497314453125,540.9786987304688,557.9723510742188,530.3510131835938,548867,0.0,0.0
2018-09-28,558.823486328125,560.9954223632812,531.2345581054688,554.8025512695312,527.3380737304688,802826,0.0,0.0
2018-10-01,554.6558227539062,559.5278930664062,542.3875122070312,552.865478515625,525.4970092773438,357150,0.0,0.0
2018-10-03,551.1925048828125,580.54248046875,549.1673583984375,575.4356079101562,546.9497680664062,558112,0.0,0.0
2018-10-04,575.259521484375,575.259521484375,552.1023559570312,565.5153198242188,537.5205688476562,503254,0.0,0.0
2018-10-05,560.5845336914062,566.1903686523438,547.9640502929688,556.093994140625,528.5656127929688,334749,0.0,0.0
2018-10-08,554.7145385742188,556.4755249023438,531.2345581054688,552.6600341796875,525.3016357421875,401484,0.0,0.0
2018-10-09,553.4818115234375,553.4818115234375,499.0963134765625,523.5155029296875,497.59991455078125,1402788,0.0,0.0
2018-10-10,525.3645629882812,542.8277587890625,523.4274291992188,537.750244140625,511.1299133300781,598034,0.0,0.0
2018-10-11,525.6873779296875,527.7125244140625,511.33526611328125,520.4630737304688,494.6985168457031,539997,0.0,0.0
2018-10-12,525.6580200195312,539.1883544921875,522.7523803710938,536.3414306640625,509.7909851074219,314451,0.0,0.0
2018-10-15,535.9305419921875,551.0457763671875,531.7041625976562,548.4923095703125,521.3402709960938,208434,0.0,0.0
2018-10-16,547.3770141601562,554.5383911132812,541.4190063476562,550.7522583007812,523.4884033203125,315351,0.0,0.0
2018-10-17,554.7145385742188,555.301513671875,543.7669677734375,547.465087890625,520.3638305664062,168129,0.0,0.0
2018-10-19,545.322509765625,545.322509765625,510.7189025878906,513.184326171875,487.7801818847656,913602,0.0,0.0
2018-10-22,515.4442749023438,523.5448608398438,505.7294006347656,516.3834228515625,490.8208923339844,524540,0.0,0.0
2018-10-23,515.2681274414062,526.4798583984375,500.3583679199219,504.99566650390625,479.996826171875,419536,0.0,0.0
2018-10-24,506.58056640625,527.7125244140625,505.14239501953125,522.7523803710938,496.8745422363281,280121,0.0,0.0
2018-10-25,515.3855590820312,524.5133666992188,506.34576416015625,515.8551635742188,490.3186950683594,212833,0.0,0.0
2018-10-26,514.9159545898438,522.6056518554688,504.8489074707031,508.1947937011719,483.03765869140625,270852,0.0,0.0
2018-10-29,508.077392578125,523.603515625,503.17596435546875,521.4903564453125,495.6750183105469,648765,0.0,0.0
2018-10-30,521.4903564453125,535.5783081054688,514.534423828125,532.6726684570312,506.3037109375,510732,0.0,0.0
2018-10-31,535.4022216796875,550.6055297851562,523.6328735351562,546.9074096679688,519.8338623046875,401690,0.0,0.0
2018-11-01,553.687255859375,586.99951171875,550.0184936523438,553.8340454101562,526.4176635742188,1651064,0.0,0.0
2018-11-02,559.9387817382812,567.2469482421875,558.2952270507812,564.0184326171875,536.097900390625,416267,0.0,0.0
2018-11-05,563.137939453125,575.259521484375,557.4147338867188,572.588623046875,544.24365234375,456385,0.0,0.0
2018-11-06,574.6724853515625,578.0770874023438,547.08349609375,550.8696899414062,523.6000366210938,325925,0.0,0.0
2018-11-07,553.01220703125,554.6851806640625,548.2575073242188,552.6893920898438,525.32958984375,55902,0.0,0.0
2018-11-09,551.3685913085938,562.9324951171875,546.5552368164062,557.6201782226562,530.016357421875,404487,0.0,0.0
2018-11-12,558.2365112304688,563.2260131835938,530.5301513671875,535.2554931640625,508.7586975097656,617601,0.0,0.0
2018-11-13,532.9955444335938,548.6390991210938,529.5028686523438,536.4588012695312,509.90252685546875,605891,0.0,0.0
2018-11-14,542.5929565429688,542.5929565429688,516.5595703125,519.9641723632812,494.224365234375,2120623,0.0,0.0
2018-11-15,522.2827758789062,552.9534912109375,510.1025390625,547.5824584960938,520.4754638671875,2060805,0.0,0.0
2018-11-16,549.4315185546875,578.8988647460938,540.3330078125,576.1106567382812,547.5914916992188,2485489,0.0,0.0
2018-11-19,584.0645141601562,584.0645141601562,545.322509765625,552.748046875,525.3853759765625,4655983,0.0,0.0
2018-11-20,555.1841430664062,555.1841430664062,543.0625610351562,548.9912719726562,521.8145141601562,2588392,0.0,0.0
2018-11-21,550.0184936523438,550.429443359375,534.4923706054688,538.42529296875,511.7716064453125,1072287,0.0,0.0
2018-11-22,535.9305419921875,541.2428588867188,532.49658203125,538.42529296875,511.7716064453125,847847,0.0,0.0
2018-11-26,538.8655395507812,541.9179077148438,530.4127197265625,536.0772705078125,509.5398254394531,2327303,0.0,0.0
2018-11-27,536.5175170898438,541.5070190429688,530.3540649414062,531.7334594726562,505.4109802246094,1077138,0.0,0.0
2018-11-28,533.58251953125,538.043701171875,528.9452514648438,533.7879638671875,507.3638610839844,962995,0.0,0.0
2018-11-29,533.7879638671875,545.9095458984375,528.3582153320312,540.6852416992188,513.9197387695312,2022475,0.0,0.0
2018-11-30,544.4420166015625,562.1107177734375,534.4923706054688,558.0310668945312,530.4068603515625,11932751,0.0,0.0
2018-12-03,563.2260131835938,563.2260131835938,546.4965209960938,553.0709228515625,525.6921997070312,832648,0.0,0.0
2018-12-04,548.9912719726562,556.1820068359375,546.5552368164062,552.1317138671875,524.7994384765625,509891,0.0,0.0
2018-12-05,547.6705322265625,551.7501831054688,529.385498046875,532.0269775390625,505.6899719238281,1994904,0.0,0.0
2018-12-06,535.5490112304688,555.6243896484375,529.9137573242188,541.947265625,515.1192626953125,3371708,0.0,0.0
2018-12-07,544.38330078125,563.3433837890625,539.0122680664062,556.7103271484375,529.1514892578125,2025521,0.0,0.0
2018-12-10,537.36865234375,556.4755249023438,531.3225708007812,544.236572265625,517.2952270507812,1973366,0.0,0.0
2018-12-11,535.343505859375,559.9974975585938,534.375,550.3707275390625,523.1257934570312,2234761,0.0,0.0
2018-12-12,551.4273071289062,570.9744262695312,551.3392944335938,564.9282836914062,536.962646484375,1600095,0.0,0.0
2018-12-13,567.7459106445312,573.9974365234375,558.9996337890625,563.548828125,535.6513671875,910315,0.0,0.0
2018-12-14,562.9324951171875,572.3245239257812,558.94091796875,567.56982421875,539.4735107421875,846731,0.0,0.0
2018-12-17,568.919921875,578.6054077148438,559.6453247070312,568.3328857421875,540.19873046875,1538880,0.0,0.0
2018-12-18,563.4901733398438,577.9303588867188,562.9618530273438,576.4334716796875,547.8983154296875,827741,0.0,0.0
2018-12-19,578.781494140625,614.0308227539062,577.431396484375,598.2698974609375,568.6536865234375,3248473,0.0,0.0
2018-12-20,595.6283569335938,602.4962768554688,581.3643188476562,585.0330200195312,556.0721435546875,1179617,0.0,0.0
2018-12-21,586.99951171875,595.775146484375,576.4628295898438,583.2720336914062,554.3983154296875,1535042,0.0,0.0
2018-12-24,584.6514892578125,592.8401489257812,577.7249145507812,584.5927734375,555.6536254882812,961016,0.0,0.0
2018-12-26,585.1798095703125,613.4144897460938,575.6116943359375,608.2195434570312,578.1109008789062,3609137,0.0,0.0
2018-12-27,612.8274536132812,615.762451171875,599.3264770507812,605.783447265625,575.7952880859375,1582025,0.0,0.0
2018-12-28,604.6094970703125,622.219482421875,601.6744995117188,612.4459228515625,582.1279907226562,2456809,0.0,0.0
2018-12-31,616.0559692382812,620.0475463867188,609.9218139648438,614.52978515625,584.108642578125,818016,0.0,0.0
2019-01-01,616.3494873046875,625.4479370117188,613.062255859375,623.7750244140625,592.8964233398438,1855909,0.0,0.0
2019-01-02,626.3284301757812,626.6806640625,616.1146850585938,620.1943359375,589.4927978515625,990929,0.0,0.0
2019-01-03,617.0831909179688,630.9657592773438,609.6282958984375,613.3557739257812,582.9927978515625,1225863,0.0,0.0
2019-01-04,613.4144897460938,626.563232421875,607.661865234375,623.8043823242188,592.9241943359375,1131413,0.0,0.0
2019-01-07,625.741455078125,630.4080810546875,621.4563598632812,623.4227905273438,592.5615234375,377542,0.0,0.0
2019-01-08,623.3934326171875,626.3284301757812,616.3494873046875,617.6995849609375,587.1216430664062,399707,0.0,0.0
2019-01-09,618.6387329101562,624.7728881835938,614.2949829101562,618.4332885742188,587.8189697265625,841116,0.0,0.0
2019-01-10,621.0454711914062,631.0244750976562,617.5234375,628.705810546875,597.5829467773438,605353,0.0,0.0
2019-01-11,630.4961547851562,631.0244750976562,617.4354248046875,620.9573974609375,590.2180786132812,529811,0.0,0.0
2019-01-14,617.5821533203125,625.4185791015625,610.362060546875,618.7561645507812,588.1258544921875,530424,0.0,0.0
2019-01-15,623.6869506835938,629.527587890625,620.4584350585938,624.0098266601562,593.1194458007812,465937,0.0,0.0
2019-01-16,628.6764526367188,628.6764526367188,616.3787841796875,622.5422973632812,591.7245483398438,409562,0.0,0.0
2019-01-17,622.219482421875,627.9720458984375,617.5234375,625.0370483398438,594.0958251953125,851503,0.0,0.0
2019-01-18,626.8861083984375,626.8861083984375,616.3494873046875,619.1376953125,588.4885864257812,200656,0.0,0.0
2019-01-21,619.1083374023438,621.4563598632812,610.4794921875,613.2970581054688,582.9370727539062,293170,0.0,0.0
2019-01-22,610.4794921875,622.1607666015625,608.7184448242188,616.0559692382812,585.5592651367188,688389,0.0,0.0
2019-01-23,613.5025024414062,618.4920043945312,611.6828002929688,613.4144897460938,583.0486450195312,313288,0.0,0.0
2019-01-24,612.8274536132812,618.7855224609375,597.0078125,603.4061279296875,573.5357055664062,616070,0.0,0.0
2019-01-25,602.8484497070312,613.4144897460938,598.4459838867188,604.4627075195312,574.5399169921875,363298,0.0,0.0
2019-01-28,602.1441040039062,602.1441040039062,573.8507080078125,581.9806518554688,559.65185546875,544390,7.0,0.0
2019-01-29,576.4334716796875,596.6556396484375,576.4334716796875,594.01416015625,571.2237548828125,629373,0.0,0.0
2019-01-30,598.1524658203125,599.0623168945312,586.4124755859375,594.8946533203125,572.0703735351562,325591,0.0,0.0
2019-01-31,596.4501953125,607.4270629882812,589.2007446289062,604.6681518554688,581.4689331054688,478824,0.0,0.0
2019-02-01,605.1964721679688,613.062255859375,598.9155883789062,605.2551879882812,582.0335083007812,402869,0.0,0.0
2019-02-04,601.6744995117188,608.9826049804688,593.368408203125,600.6765747070312,577.6304931640625,485226,0.0,0.0
2019-02-05,601.0874633789062,605.783447265625,581.1295166015625,583.8297119140625,561.4299926757812,895133,0.0,0.0
2019-02-06,584.4166870117188,605.1083984375,581.1295166015625,599.0623168945312,576.0782470703125,1919183,0.0,0.0
2019-02-07,613.4144897460938,644.8189086914062,601.6744995117188,614.940673828125,591.3472900390625,4080400,0.0,0.0
2019-02-08,618.0223999023438,624.0978393554688,602.7310791015625,605.0790405273438,581.8640747070312,679644,0.0,0.0
2019-02-11,601.9679565429688,610.4794921875,581.7164916992188,604.4920654296875,581.2996826171875,1083161,0.0,0.0
2019-02-12,608.60107421875,615.5276489257812,589.9345092773438,594.5130615234375,571.7034912109375,607574,0.0,0.0
2019-02-14,574.0855102539062,582.274169921875,572.6473388671875,578.8108520507812,556.603759765625,765281,0.0,0.0
2019-02-15,577.3140258789062,578.8108520507812,559.8507690429688,564.7228393554688,543.0562133789062,1000677,0.0,0.0
2019-02-18,565.7501220703125,569.859130859375,552.5132446289062,554.1862182617188,532.923828125,694578,0.0,0.0
2019-02-19,551.3392944335938,563.4608154296875,549.2554321289062,554.5971069335938,533.3190307617188,744741,0.0,0.0
2019-02-20,557.6495361328125,569.21337890625,555.829833984375,567.3936767578125,545.6246337890625,853440,0.0,0.0
2019-02-21,567.6284790039062,581.7164916992188,554.4210205078125,579.045654296875,556.82958984375,1552067,0.0,0.0
2019-02-22,577.6074829101562,586.6472778320312,570.3580322265625,582.1860961914062,559.8494873046875,1183147,0.0,0.0
2019-02-25,584.0645141601562,587.410400390625,575.8464965820312,580.5131225585938,558.2406616210938,287516,0.0,0.0
2019-02-26,574.731201171875,582.303466796875,566.6893310546875,579.5152587890625,557.2810668945312,502675,0.0,0.0
2019-02-27,580.3076782226562,591.1084594726562,571.4733276367188,574.7018432617188,552.65234375,456354,0.0,0.0
2019-02-28,577.6074829101562,586.99951171875,568.12744140625,582.274169921875,559.9342041015625,1036391,0.0,0.0
2019-03-01,582.8905029296875,598.6807861328125,582.4502563476562,592.4879150390625,569.756103515625,901566,0.0,0.0
2019-03-05,590.3160400390625,608.3662719726562,586.1189575195312,604.9029541015625,581.6947631835938,696636,0.0,0.0
2019-03-06,608.7184448242188,615.6744384765625,595.0120239257812,598.2698974609375,575.316162109375,766320,0.0,0.0
2019-03-07,598.5633544921875,607.0455322265625,594.2782592773438,599.561279296875,576.5579833984375,839670,0.0,0.0
2019-03-08,599.3264770507812,604.6094970703125,593.3977661132812,600.9994506835938,577.9410400390625,456675,0.0,0.0
2019-03-11,600.50048828125,623.3934326171875,600.50048828125,620.076904296875,596.28662109375,1168011,0.0,0.0
2019-03-12,624.5674438476562,625.741455078125,616.5842895507812,618.31591796875,594.5930786132812,894046,0.0,0.0
2019-03-13,618.31591796875,627.50244140625,613.4437866210938,618.5507202148438,594.8189697265625,1401781,0.0,0.0
2019-03-14,620.4584350585938,623.4521484375,606.9574584960938,608.6304321289062,585.2791748046875,412141,0.0,0.0
2019-03-15,607.5444946289062,613.4144897460938,605.4606323242188,608.0433959960938,584.7147216796875,417944,0.0,0.0
2019-03-18,608.7184448242188,614.5004272460938,601.7918701171875,608.2781982421875,584.9404907226562,559460,0.0,0.0
2019-03-19,608.1314697265625,620.7225952148438,597.6242065429688,615.9385375976562,592.3069458007812,996029,0.0,0.0
2019-03-20,619.255126953125,633.95947265625,611.447998046875,623.2173461914062,599.3065185546875,1641136,0.0,0.0
2019-03-22,621.7205200195312,626.7393798828125,612.240478515625,615.7918090820312,592.1658325195312,753728,0.0,0.0
2019-03-25,609.951171875,620.9280395507812,607.5444946289062,615.6744384765625,592.0529174804688,368356,0.0,0.0
2019-03-26,612.5926513671875,625.1544799804688,612.5926513671875,620.7813110351562,596.9639282226562,548761,0.0,0.0
2019-03-27,625.1544799804688,637.2760009765625,621.3389282226562,625.0076904296875,601.028076171875,1657926,0.0,0.0
2019-03-28,625.33056640625,642.4122314453125,625.0076904296875,638.684814453125,614.1804809570312,1605633,0.0,0.0
2019-04-01,664.4833984375,671.6448364257812,660.1102905273438,664.072509765625,638.5941772460938,978387,0.0,0.0
2019-04-02,668.5924072265625,668.5924072265625,656.3534545898438,664.0137939453125,638.5377807617188,667388,0.0,0.0
2019-04-03,663.3094482421875,689.6069946289062,661.8712768554688,681.3889770507812,655.2462768554688,2653699,0.0,0.0
2019-04-04,684.3826904296875,684.3826904296875,666.9194946289062,669.9718627929688,644.2671508789062,760939,0.0,0.0
2019-04-05,667.1249389648438,680.91943359375,662.869140625,673.229736328125,647.4000854492188,735780,0.0,0.0
2019-04-08,675.6951293945312,683.5609130859375,669.5022583007812,672.3198852539062,646.525146484375,673584,0.0,0.0
2019-04-09,672.173095703125,679.7454223632812,665.7748413085938,677.4267578125,651.43603515625,369397,0.0,0.0
2019-04-10,674.0221557617188,686.1436767578125,671.5274047851562,684.2359619140625,657.9840087890625,646354,0.0,0.0
2019-04-11,684.6174926757812,692.0723876953125,681.1835327148438,689.2548217773438,662.8103637695312,1438043,0.0,0.0
2019-04-12,688.0514526367188,701.4644165039062,685.2045288085938,694.8606567382812,668.2010498046875,710533,0.0,0.0
2019-04-15,695.7411499023438,699.1163940429688,692.7474365234375,697.1499633789062,670.4025268554688,646434,0.0,0.0
2019-04-16,697.6488647460938,702.6383666992188,691.866943359375,698.617431640625,671.813720703125,391605,0.0,0.0
2019-04-18,695.5944213867188,701.2296142578125,687.669921875,695.2421875,668.5680541992188,533174,0.0,0.0
2019-04-22,693.3051147460938,694.97802734375,676.7810668945312,679.9215087890625,653.8350830078125,380373,0.0,0.0
2019-04-23,684.9990234375,689.1373901367188,677.9844360351562,685.7621459960938,659.4515991210938,364245,0.0,0.0
2019-04-24,685.4686279296875,692.659423828125,679.451904296875,691.2506103515625,664.7295532226562,318073,0.0,0.0
2019-04-25,693.8040161132812,705.4559936523438,684.323974609375,700.7306518554688,673.8458251953125,747792,0.0,0.0
2019-04-26,701.4644165039062,703.196044921875,690.0178833007812,692.131103515625,665.5762939453125,927810,0.0,0.0
2019-04-30,688.7265014648438,693.5692138671875,682.2401733398438,688.4036254882812,661.99169921875,419996,0.0,0.0
2019-05-02,682.7977905273438,697.384765625,672.701416015625,674.8146362304688,648.9241333007812,435792,0.0,0.0
2019-05-03,677.3680419921875,692.2191162109375,672.1144409179688,690.252685546875,663.7698974609375,462042,0.0,0.0
2019-05-06,687.4351196289062,687.4351196289062,665.6574096679688,670.8523559570312,645.1138916015625,402950,0.0,0.0
2019-05-07,670.8523559570312,673.787353515625,654.5924682617188,658.6134033203125,633.344482421875,1160299,0.0,0.0
2019-05-08,652.2151489257812,655.56103515625,631.3472900390625,639.2717895507812,614.7449340820312,1505270,0.0,0.0
2019-05-09,634.1355590820312,645.3765869140625,631.7581787109375,639.7413940429688,615.1965942382812,609082,0.0,0.0
2019-05-10,639.7413940429688,648.6051025390625,623.0706176757812,628.705810546875,604.5843505859375,802365,0.0,0.0
2019-05-13,626.3871459960938,628.1187744140625,616.3494873046875,616.8777465820312,593.2101440429688,744160,0.0,0.0
2019-05-14,613.4144897460938,647.46044921875,612.5632934570312,639.6239624023438,615.0836181640625,2400412,0.0,0.0
2019-05-15,644.5254516601562,646.93212890625,626.5338745117188,630.3787231445312,606.1930541992188,722394,0.0,0.0
2019-05-16,633.3724365234375,666.2444458007812,631.0244750976562,663.0746459960938,637.6345825195312,976154,0.0,0.0
2019-05-17,662.8104858398438,668.3576049804688,651.5694580078125,660.9320678710938,635.57421875,648394,0.0,0.0
2019-05-20,669.7077026367188,702.8145141601562,669.7077026367188,699.7620849609375,672.9144897460938,701411,0.0,0.0
2019-05-21,698.76416015625,728.8772583007812,687.2589721679688,694.4497680664062,667.8059692382812,1340256,0.0,0.0
2019-05-22,693.3051147460938,698.470703125,678.5714111328125,686.202392578125,659.875,561831,0.0,0.0
2019-05-23,697.3554077148438,718.4286499023438,691.045166015625,695.4769897460938,668.7938232421875,961421,0.0,0.0
2019-05-24,694.7725830078125,722.4789428710938,694.7725830078125,715.5230102539062,688.0706176757812,964082,0.0,0.0
2019-05-27,715.5523681640625,754.5878295898438,715.5523681640625,749.9799194335938,721.20556640625,1544578,0.0,0.0
2019-05-28,747.07421875,749.2461547851562,731.4013671875,740.969482421875,712.5408325195312,541363,0.0,0.0
2019-05-29,740.7933349609375,752.5333251953125,731.5774536132812,735.2168579101562,707.0089721679688,633782,0.0,0.0
2019-05-30,735.97998046875,768.9692993164062,732.5460205078125,762.6004028320312,733.3418579101562,1456962,0.0,0.0
2019-05-31,765.1831665039062,767.3551025390625,734.92333984375,746.5459594726562,717.9034423828125,1337149,0.0,0.0
2019-06-03,747.1622924804688,758.0217895507812,738.15185546875,751.388671875,722.5602416992188,754721,0.0,0.0
2019-06-04,751.3593139648438,751.3593139648438,739.6193237304688,743.8751220703125,715.3349609375,608930,0.0,0.0
2019-06-06,740.7933349609375,746.5166015625,727.8793334960938,728.847900390625,700.8843994140625,466523,0.0,0.0
2019-06-07,727.8793334960938,743.669677734375,721.4517211914062,735.6571044921875,707.4323120117188,762489,0.0,0.0
2019-06-10,738.5040283203125,753.53125,735.5103759765625,745.4600219726562,716.859130859375,743680,0.0,0.0
2019-06-11,745.4893188476562,750.420166015625,740.1182861328125,745.5480346679688,716.9437866210938,302502,0.0,0.0
2019-06-12,742.5543212890625,750.1266479492188,733.9254760742188,739.5313110351562,711.1578369140625,589566,0.0,0.0
2019-06-13,739.6193237304688,748.42431640625,736.126708984375,746.0763549804688,717.4517211914062,337034,0.0,0.0
2019-06-14,743.141357421875,751.3006591796875,733.7493286132812,736.0386352539062,707.7991943359375,319887,0.0,0.0
2019-06-17,736.0973510742188,741.9086303710938,729.8164672851562,734.1602783203125,705.9929809570312,334661,0.0,0.0
2019-06-18,736.0973510742188,748.7178344726562,730.1392822265625,738.8562622070312,710.5086669921875,443818,0.0,0.0
2019-06-19,741.9086303710938,758.4033203125,721.42236328125,745.0784301757812,716.4921264648438,1345754,0.0,0.0
2019-06-20,743.4348754882812,749.8331298828125,734.36572265625,746.8101196289062,718.1574096679688,634317,0.0,0.0
2019-06-21,746.8101196289062,751.7409057617188,722.9485473632812,727.9674072265625,700.03759765625,804029,0.0,0.0
2019-06-24,733.162353515625,736.684326171875,717.9297485351562,732.4873046875,704.3840942382812,579947,0.0,0.0
2019-06-25,727.615234375,737.7996826171875,725.2378540039062,734.5418090820312,706.35986328125,516928,0.0,0.0
2019-06-26,740.2063598632812,742.46630859375,732.898193359375,735.5690307617188,707.3475952148438,450037,0.0,0.0
2019-06-27,737.2713623046875,763.0993041992188,736.1560668945312,759.6947631835938,730.5477905273438,1140067,0.0,0.0
2019-06-28,764.2733154296875,774.7806396484375,754.6759033203125,769.7617797851562,740.228515625,1766926,0.0,0.0
2019-07-01,774.8099975585938,782.9985961914062,763.7450561523438,780.9734497070312,751.010009765625,1052949,0.0,0.0
2019-07-02,784.8182983398438,786.5792846679688,772.550048828125,778.9776611328125,749.0908203125,976319,0.0,0.0
2019-07-03,782.4703369140625,785.7575073242188,775.807861328125,781.736572265625,751.7438354492188,501252,0.0,0.0
2019-07-04,781.88330078125,799.4052734375,779.2711791992188,796.9398803710938,766.3638916015625,1332391,0.0,0.0
2019-07-05,798.730224609375,802.4576416015625,735.7745361328125,739.3845825195312,711.0167236328125,2564475,0.0,0.0
2019-07-08,745.4893188476562,753.384521484375,723.30078125,732.1937866210938,704.101806640625,1489558,0.0,0.0
2019-07-09,733.7493286132812,745.9002685546875,723.7997436523438,739.6780395507812,711.2989501953125,928140,0.0,0.0
2019-07-10,736.8311157226562,746.25244140625,706.7473754882812,711.9129638671875,684.5991821289062,1332701,0.0,0.0
2019-07-11,717.0198974609375,731.9883422851562,712.9989013671875,725.5020141601562,697.666748046875,834920,0.0,0.0
2019-07-12,728.43701171875,730.4034423828125,716.4622192382812,722.3028564453125,694.59033203125,568695,0.0,0.0
2019-07-15,725.5313720703125,727.2630004882812,708.1561889648438,714.0848999023438,686.6876831054688,693302,0.0,0.0
2019-07-16,712.6173706054688,724.65087890625,712.6173706054688,722.21484375,694.5057983398438,805085,0.0,0.0
2019-07-17,723.183349609375,730.6382446289062,713.2044067382812,716.55029296875,689.0585327148438,618760,0.0,0.0
2019-07-18,720.4537963867188,722.0093994140625,705.0451049804688,707.4224243164062,680.2808837890625,474027,0.0,0.0
2019-07-19,708.596435546875,716.6383056640625,697.4727783203125,700.8480224609375,673.958740234375,468233,0.0,0.0
2019-07-22,700.7012939453125,700.8773803710938,686.202392578125,697.003173828125,670.2613525390625,458431,0.0,0.0
2019-07-23,695.6824340820312,716.0806884765625,692.5419921875,707.1582641601562,680.02685546875,753346,0.0,0.0
2019-07-24,707.1582641601562,707.1582641601562,683.3848266601562,694.1856079101562,667.5518798828125,560363,0.0,0.0
2019-07-25,698.9989624023438,704.3994140625,685.4099731445312,687.7285766601562,661.3425903320312,482450,0.0,0.0
2019-07-26,689.988525390625,703.3427734375,686.8187255859375,696.3574829101562,669.6405639648438,349772,0.0,0.0
2019-07-29,697.3554077148438,706.6886596679688,682.1227416992188,685.4686279296875,659.1693725585938,440613,0.0,0.0
2019-07-30,683.4434814453125,693.2463989257812,671.5274047851562,677.8963623046875,651.8876342773438,525905,0.0,0.0
2019-07-31,675.0200805664062,682.7097778320312,667.4183959960938,671.9676513671875,646.1864624023438,837312,0.0,0.0
2019-08-01,669.179443359375,676.1940307617188,646.8734130859375,657.1459350585938,631.933349609375,666992,0.0,0.0
2019-08-02,654.47509765625,662.5463256835938,646.0222778320312,654.5337524414062,629.4213256835938,700586,0.0,0.0
2019-08-05,647.5778198242188,659.6406860351562,637.5108032226562,649.896484375,624.9620361328125,457228,0.0,0.0
2019-08-06,644.5841674804688,669.737060546875,644.5841674804688,663.9844970703125,638.509521484375,711182,0.0,0.0
2019-08-07,663.8964233398438,666.2444458007812,643.0872802734375,646.5505981445312,621.7445678710938,588981,0.0,0.0
2019-08-08,655.6197509765625,699.7620849609375,648.0474243164062,675.1668090820312,649.2628173828125,4043596,0.0,0.0
2019-08-09,677.3973999023438,697.3554077148438,675.1080932617188,684.7642822265625,658.4920654296875,1201265,0.0,0.0
2019-08-13,687.96337890625,689.4015502929688,667.2129516601562,670.3827514648438,644.6622924804688,715898,0.0,0.0
2019-08-14,670.3827514648438,688.8438720703125,665.6574096679688,682.56298828125,656.3751831054688,737903,0.0,0.0
2019-08-16,676.2821044921875,689.6069946289062,669.5022583007812,680.9780883789062,654.8511962890625,593584,0.0,0.0
2019-08-19,685.0283813476562,697.3554077148438,681.5651245117188,684.9990234375,658.7177734375,517083,0.0,0.0
2019-08-20,685.674072265625,688.4036254882812,673.8754272460938,685.5567016601562,659.2540893554688,432833,0.0,0.0
2019-08-21,683.8544311523438,685.5567016601562,672.3198852539062,676.1647338867188,650.2224731445312,423867,0.0,0.0
2019-08-22,679.1290283203125,681.623779296875,662.3408813476562,668.7391357421875,643.0816650390625,417213,0.0,0.0
2019-08-23,666.8314208984375,678.5714111328125,658.8775634765625,673.640625,647.7952270507812,389267,0.0,0.0
2019-08-26,685.52734375,692.5419921875,666.8314208984375,688.080810546875,661.681396484375,807186,0.0,0.0
2019-08-27,691.5147705078125,717.8416748046875,691.4854125976562,702.52099609375,675.5675659179688,1089029,0.0,0.0
2019-08-28,702.0513916015625,706.1016845703125,688.1101684570312,691.4560546875,664.9271850585938,239235,0.0,0.0
2019-08-29,689.0786743164062,699.7620849609375,681.5064086914062,690.2820434570312,663.798095703125,341519,0.0,0.0
2019-08-30,692.659423828125,709.682373046875,684.5001220703125,705.7201538085938,678.6439819335938,722201,0.0,0.0
2019-09-03,703.8123779296875,708.9779663085938,673.6993408203125,679.5986328125,653.5245971679688,726530,0.0,0.0
2019-09-04,680.8607177734375,687.3764038085938,666.8314208984375,685.4979858398438,659.1976318359375,421838,0.0,0.0
2019-09-05,688.9319458007812,693.89208984375,683.2967529296875,686.8187255859375,660.4677124023438,397668,0.0,0.0
2019-09-06,693.2463989257812,701.3469848632812,682.5923461914062,697.5021362304688,670.7412719726562,334610,0.0,0.0
2019-09-09,695.2421875,720.1603393554688,693.217041015625,715.7578125,688.2964477539062,650705,0.0,0.0
2019-09-11,722.0093994140625,727.35107421875,713.7913818359375,718.9276123046875,691.3446044921875,1188994,0.0,0.0
2019-09-12,723.183349609375,731.9883422851562,712.3532104492188,721.4517211914062,693.7719116210938,952922,0.0,0.0
2019-09-13,720.7766723632812,735.97998046875,718.19384765625,731.5774536132812,703.5091552734375,682121,0.0,0.0
2019-09-16,724.9443969726562,738.7975463867188,722.361572265625,729.3468627929688,701.3641357421875,601564,0.0,0.0
2019-09-17,727.8793334960938,742.5543212890625,725.5313720703125,729.7283935546875,701.7310791015625,719518,0.0,0.0
2019-09-18,733.7493286132812,739.5606689453125,726.1770629882812,732.2818603515625,704.1865844726562,571210,0.0,0.0
2019-09-19,728.2022094726562,731.9883422851562,720.0429077148438,724.4747924804688,696.6790161132812,487114,0.0,0.0
2019-09-20,728.5250854492188,783.644287109375,721.4810791015625,779.3885498046875,749.4859008789062,1735551,0.0,0.0
2019-09-23,792.4492797851562,857.312744140625,792.4492797851562,848.2435913085938,815.69921875,1956386,0.0,0.0
2019-09-24,848.2142333984375,876.85986328125,834.5371704101562,842.5203857421875,810.195556640625,1353861,0.0,0.0
2019-09-25,835.9166259765625,865.8535766601562,835.9166259765625,846.7467651367188,814.259765625,1925386,0.0,0.0
2019-09-26,850.7970581054688,880.4992065429688,846.4238891601562,874.5118408203125,840.9595336914062,1853964,0.0,0.0
2019-09-27,872.8682250976562,892.2391967773438,867.3211059570312,885.8115844726562,851.8258056640625,1596771,0.0,0.0
2019-09-30,885.8115844726562,896.8178100585938,867.6732788085938,889.9205932617188,855.7772216796875,1405490,0.0,0.0
2019-10-01,891.593505859375,918.6541748046875,888.1889038085938,905.886962890625,871.1309814453125,1926516,0.0,0.0
2019-10-03,905.740234375,911.023193359375,880.8220825195312,895.5557861328125,861.1962280273438,1085902,0.0,0.0
2019-10-04,895.76123046875,913.6353759765625,895.76123046875,900.1050415039062,865.5708618164062,1244285,0.0,0.0
2019-10-07,896.9352416992188,915.7191772460938,876.5076293945312,893.06103515625,858.797119140625,1417171,0.0,0.0
2019-10-09,893.06103515625,936.26416015625,889.5977172851562,932.2725830078125,896.5043334960938,1806085,0.0,0.0
2019-10-10,930.981201171875,938.4360961914062,912.3145751953125,922.9392700195312,887.5289306640625,1363396,0.0,0.0
2019-10-11,922.9392700195312,936.26416015625,918.6835327148438,924.0839233398438,888.6297607421875,865619,0.0,0.0
2019-10-14,927.5178833007812,941.8406982421875,921.3837280273438,923.7611083984375,888.3193359375,988462,0.0,0.0
2019-10-15,926.6961059570312,936.5576782226562,923.9371948242188,934.503173828125,898.6492309570312,822695,0.0,0.0
2019-10-16,936.26416015625,949.7651977539062,934.503173828125,945.8029174804688,909.515380859375,1020535,0.0,0.0
2019-10-17,945.1865844726562,958.2179565429688,944.1300048828125,952.43603515625,915.89404296875,1461498,0.0,0.0
2019-10-18,954.197021484375,972.0711669921875,951.0565795898438,967.7860717773438,930.6551513671875,852815,0.0,0.0
2019-10-22,968.5491333007812,994.0836181640625,966.1718139648438,983.22412109375,945.5009765625,1009869,0.0,0.0
2019-10-23,983.22412109375,1008.1422729492188,974.0082397460938,982.1675415039062,944.48486328125,1330491,0.0,0.0
2019-10-24,982.3436279296875,986.716796875,952.7001953125,957.5135498046875,920.7767944335938,981591,0.0,0.0
2019-10-25,955.6351928710938,957.5135498046875,934.7966918945312,951.2913818359375,914.7933959960938,1010588,0.0,0.0
2019-10-27,956.22216796875,962.6791381835938,948.004150390625,953.1697387695312,916.5995483398438,66603,0.0,0.0
2019-10-29,955.5764770507812,976.1508178710938,953.3165283203125,963.23681640625,926.280517578125,803740,0.0,0.0
2019-10-30,971.2786865234375,980.8761596679688,963.5889892578125,969.312255859375,932.1228637695312,543980,0.0,0.0
2019-10-31,973.5973510742188,984.3687744140625,967.4925537109375,972.1298217773438,934.832275390625,771504,0.0,0.0
2019-11-01,978.205322265625,994.02490234375,975.4464111328125,981.2576904296875,943.6099853515625,758637,0.0,0.0
2019-11-04,986.2178344726562,995.9620361328125,975.6224975585938,988.1842651367188,950.270751953125,894486,0.0,0.0
2019-11-05,985.8656616210938,989.7105102539062,962.7965698242188,984.6329345703125,946.855712890625,750460,0.0,0.0
2019-11-06,986.1591186523438,1003.1527709960938,974.4778442382812,987.7733764648438,949.8756103515625,1004564,0.0,0.0
2019-11-07,990.092041015625,997.8697509765625,973.8321533203125,977.3834838867188,939.8843994140625,1106939,0.0,0.0
2019-11-08,982.6077880859375,987.920166015625,962.7965698242188,967.6686401367188,930.542236328125,1633856,0.0,0.0
2019-11-11,966.7881469726562,988.9767456054688,962.6791381835938,983.341552734375,945.6138916015625,1000324,0.0,0.0
2019-11-13,991.442138671875,994.964111328125,953.2871704101562,959.4800415039062,922.6678466796875,1436083,0.0,0.0
2019-11-14,959.744140625,968.63720703125,944.0419311523438,946.5366821289062,910.2211303710938,992682,0.0,0.0
2019-11-15,947.0062866210938,952.8175659179688,918.4193725585938,924.9937744140625,889.5046997070312,1695686,0.0,0.0
2019-11-18,924.8176879882812,937.8490600585938,907.4425048828125,912.5493774414062,877.5377807617188,1889785,0.0,0.0
2019-11-19,912.2265625,933.3291625976562,907.237060546875,926.8721923828125,891.31103515625,1447055,0.0,0.0
2019-11-20,921.5891723632812,937.995849609375,884.021240234375,905.8576049804688,871.102783203125,3862178,0.0,0.0
2019-11-21,908.6752319335938,910.7883911132812,894.6459350585938,905.8282470703125,871.0745239257812,1472822,0.0,0.0
2019-11-22,905.8576049804688,906.3272094726562,863.0653686523438,874.3651123046875,840.818603515625,2495932,0.0,0.0
2019-11-25,876.9772338867188,896.7297973632812,875.5390625,893.1784057617188,858.9100341796875,1740023,0.0,0.0
2019-11-26,898.1091918945312,905.2412719726562,858.2813110351562,876.9185180664062,843.2739868164062,12984234,0.0,0.0
2019-11-27,868.641845703125,871.1072387695312,849.9752807617188,865.3839721679688,832.181884765625,1947623,0.0,0.0
2019-11-28,869.3462524414062,876.9185180664062,860.3651733398438,872.7802124023438,839.2943115234375,811602,0.0,0.0
2019-11-29,872.427978515625,879.3252563476562,857.6356201171875,863.0066528320312,829.8958740234375,683525,0.0,0.0
2019-12-02,862.9479370117188,874.042236328125,858.8389282226562,870.3441162109375,836.9517822265625,452714,0.0,0.0
2019-12-03,867.6439208984375,876.6837158203125,860.541259765625,867.0863037109375,833.8189086914062,651337,0.0,0.0
2019-12-04,866.4112548828125,882.671142578125,857.048583984375,872.163818359375,838.7017211914062,1166694,0.0,0.0
2019-12-05,872.8682250976562,877.5055541992188,862.3903198242188,868.2015991210938,834.8915405273438,420351,0.0,0.0
2019-12-06,870.93115234375,874.4237670898438,854.9060668945312,865.9122924804688,832.6900634765625,488441,0.0,0.0
2019-12-09,868.7592163085938,871.6942138671875,858.8389282226562,865.7068481445312,832.492431640625,346434,0.0,0.0
2019-12-10,867.5852661132812,873.9541625976562,857.0192260742188,859.8074951171875,826.8193969726562,269439,0.0,0.0
2019-12-11,861.4217529296875,879.853515625,853.2918090820312,876.3902587890625,842.7659301757812,615562,0.0,0.0
2019-12-12,879.9122314453125,884.5494995117188,864.855712890625,873.3378295898438,839.8306274414062,629571,0.0,0.0
2019-12-13,876.8011474609375,879.9122314453125,836.268798828125,871.1659545898438,837.7421264648438,603170,0.0,0.0
2019-12-16,871.1072387695312,891.3587036132812,870.3734741210938,876.595703125,842.9635620117188,1599209,0.0,0.0
2019-12-17,878.2099609375,883.3168334960938,868.9353637695312,877.5935668945312,843.923095703125,666671,0.0,0.0
2019-12-18,879.0904541015625,889.4803466796875,876.3902587890625,882.4950561523438,848.6365356445312,763750,0.0,0.0
2019-12-19,881.9080200195312,902.2182006835938,878.7382202148438,896.7590942382812,862.3533325195312,1297924,0.0,0.0
2019-12-20,900.8093872070312,909.79052734375,890.243408203125,904.2433471679688,869.5503540039062,1744662,0.0,0.0
2019-12-23,903.3922119140625,914.5452270507812,894.7339477539062,900.0169677734375,865.4861450195312,849627,0.0,0.0
2019-12-24,902.8052368164062,908.2056274414062,898.2853393554688,901.4551391601562,866.869140625,339174,0.0,0.0
2019-12-26,901.71923828125,904.7716674804688,889.8912353515625,893.2664794921875,858.9947509765625,454170,0.0,0.0
2019-12-27,896.7590942382812,901.014892578125,892.385986328125,896.2014770507812,861.8170166015625,321117,0.0,0.0
2019-12-30,898.4320678710938,906.9141845703125,888.5411376953125,891.2119750976562,857.01904296875,677794,0.0,0.0
2019-12-31,889.30419921875,894.5872192382812,876.214111328125,878.5621337890625,844.8544921875,563043,0.0,0.0
2020-01-01,878.5621337890625,885.1365356445312,872.9269409179688,875.3629760742188,841.778076171875,269439,0.0,0.0
2020-01-02,879.9122314453125,891.593505859375,872.0464477539062,888.5411376953125,854.4506225585938,576388,0.0,0.0
2020-01-03,889.8912353515625,890.771728515625,876.184814453125,887.0442504882812,853.0111083984375,542930,0.0,0.0
2020-01-06,874.6879272460938,883.228759765625,856.755126953125,865.53076171875,832.3231811523438,428855,0.0,0.0
2020-01-07,868.7299194335938,878.9436645507812,865.82421875,871.7822875976562,838.3347778320312,319066,0.0,0.0
2020-01-08,863.2120971679688,870.520263671875,858.8389282226562,864.7089233398438,831.53271484375,366334,0.0,0.0
2020-01-09,886.0170288085938,887.4552001953125,872.3106079101562,886.0170288085938,852.0233764648438,355794,0.0,0.0
2020-01-10,887.543212890625,899.283203125,882.1721801757812,886.5159912109375,852.5032348632812,1223283,0.0,0.0
2020-01-13,887.543212890625,891.1826171875,874.3651123046875,881.5558471679688,847.7333984375,573424,0.0,0.0
2020-01-14,882.26025390625,890.4782104492188,880.8220825195312,886.9562377929688,852.9265747070312,513322,0.0,0.0
2020-01-15,885.0778198242188,893.4132080078125,880.528564453125,885.3419799804688,851.3741455078125,791486,0.0,0.0
2020-01-16,886.3692016601562,907.9708251953125,886.3692016601562,901.308349609375,866.7279663085938,1198351,0.0,0.0
2020-01-17,902.2182006835938,937.8490600585938,902.2182006835938,932.1552124023438,896.3914184570312,1773349,0.0,0.0
2020-01-20,936.2055053710938,944.482177734375,927.7820434570312,934.3564453125,898.5081176757812,777998,0.0,0.0
2020-01-21,934.3270874023438,945.6561889648438,924.5828857421875,929.2788696289062,893.6253051757812,991360,0.0,0.0
2020-01-22,932.1552124023438,936.26416015625,918.9476928710938,926.0797119140625,890.549072265625,399226,0.0,0.0
2020-01-23,926.4906616210938,936.1467895507812,921.0902709960938,929.0440673828125,893.3995971679688,601261,0.0,0.0
2020-01-24,929.22021484375,955.5764770507812,929.22021484375,953.8447875976562,917.248779296875,1151283,0.0,0.0
2020-01-27,956.22216796875,962.0921630859375,910.1720581054688,914.0169067382812,878.9489135742188,1672517,0.0,0.0
2020-01-28,914.8973999023438,924.788330078125,881.1156005859375,884.4908447265625,850.5557861328125,1164200,0.0,0.0
2020-01-29,888.1302490234375,903.6270141601562,874.8053588867188,897.0526123046875,862.6356201171875,1068166,0.0,0.0
2020-01-30,898.1091918945312,900.6920166015625,882.5537109375,886.2518310546875,852.2492065429688,606051,0.0,0.0
2020-01-31,889.30419921875,894.7633056640625,870.1093139648438,880.64599609375,846.8584594726562,569443,0.0,0.0
2020-02-03,833.3338012695312,856.784423828125,830.8977661132812,843.6650390625,817.7966918945312,750041,7.0,0.0
2020-02-04,849.1534423828125,874.5118408203125,849.0654296875,867.2330322265625,840.64208984375,497935,0.0,0.0
2020-02-05,872.8682250976562,885.5767822265625,868.7592163085938,879.1198120117188,852.1644287109375,465857,0.0,0.0
2020-02-06,881.6732177734375,892.8262329101562,876.8305053710938,887.0442504882812,859.8458251953125,458329,0.0,0.0
2020-02-07,886.3692016601562,889.30419921875,872.01708984375,884.6669311523438,857.5413208007812,351335,0.0,0.0
2020-02-10,884.021240234375,884.021240234375,863.2120971679688,866.3818969726562,839.8170166015625,398468,0.0,0.0
2020-02-11,870.2267456054688,893.4132080078125,857.0779418945312,877.41748046875,850.51416015625,2387393,0.0,0.0
2020-02-12,874.6292114257812,874.6292114257812,827.22900390625,835.711181640625,810.0867309570312,2839660,0.0,0.0
2020-02-13,839.4092407226562,851.1492309570312,828.7552490234375,833.7153930664062,808.1521606445312,1227266,0.0,0.0
2020-02-14,837.883056640625,843.4888916015625,817.6903076171875,820.5665893554688,795.4065551757812,887901,0.0,0.0
2020-02-17,825.6441040039062,825.6441040039062,806.71337890625,811.6735229492188,786.7861938476562,924976,0.0,0.0
2020-02-18,809.8538208007812,821.153564453125,799.552001953125,818.3359985351562,793.2443237304688,477985,0.0,0.0
2020-02-19,823.2667846679688,836.4742431640625,821.7406005859375,834.654541015625,809.0625610351562,513920,0.0,0.0
2020-02-20,830.868408203125,839.5560302734375,826.935546875,829.254150390625,803.8276977539062,459567,0.0,0.0
2020-02-24,824.7342529296875,833.0989990234375,803.1033325195312,806.419921875,781.6935424804688,492104,0.0,0.0
2020-02-25,811.2332763671875,824.7049560546875,801.2542724609375,811.6735229492188,786.7861938476562,839636,0.0,0.0
2020-02-26,807.79931640625,820.4198608398438,786.5792846679688,790.3361206054688,766.10302734375,944966,0.0,0.0
2020-02-27,791.2753295898438,800.080322265625,774.0762329101562,793.8580932617188,769.5170288085938,1158535,0.0,0.0
2020-02-28,783.5856323242188,789.4849853515625,755.1455078125,765.3005981445312,741.8351440429688,1389784,0.0,0.0
2020-03-02,774.8392944335938,795.7952270507812,761.3383178710938,769.3508911132812,745.7611694335938,711683,0.0,0.0
2020-03-03,774.3403930664062,799.9335327148438,763.7743530273438,796.2354736328125,771.8214721679688,947310,0.0,0.0
2020-03-04,803.602294921875,803.602294921875,769.3508911132812,782.96923828125,758.9619750976562,828942,0.0,0.0
2020-03-05,784.2900390625,794.2103271484375,774.8392944335938,783.8790893554688,759.8438720703125,786116,0.0,0.0
2020-03-06,763.6863403320312,788.1935424804688,757.5521850585938,785.9923095703125,761.8923950195312,649751,0.0,0.0
2020-03-09,771.7869262695312,774.8099975585938,744.4327392578125,755.2335205078125,732.0767211914062,982224,0.0,0.0
2020-03-11,748.42431640625,760.1936645507812,739.912841796875,754.6465454101562,731.5076904296875,1364345,0.0,0.0
2020-03-12,736.684326171875,738.4453735351562,675.0787353515625,692.80615234375,671.5633544921875,1332278,0.0,0.0
2020-03-13,635.2508544921875,757.2293090820312,588.9072265625,712.4119262695312,690.5680541992188,984905,0.0,0.0
2020-03-16,683.8544311523438,695.0367431640625,668.8565673828125,674.0221557617188,653.3553466796875,1154045,0.0,0.0
2020-03-17,676.8104248046875,708.9779663085938,660.4037475585938,666.8020629882812,646.356689453125,794612,0.0,0.0
2020-03-18,671.5274047851562,685.8502197265625,636.5128784179688,656.236083984375,636.1146240234375,1015965,0.0,0.0
2020-03-19,637.4814453125,679.041015625,611.30126953125,653.4478149414062,633.411865234375,647109,0.0,0.0
2020-03-20,657.7622680664062,691.9550170898438,636.8944702148438,686.5252685546875,665.4751586914062,796670,0.0,0.0
2020-03-23,636.8944702148438,679.4225463867188,556.4168090820312,584.6808471679688,566.7534790039062,534676,0.0,0.0
2020-03-24,581.7164916992188,628.03076171875,581.7164916992188,598.0350952148438,579.6981811523438,545499,0.0,0.0
2020-03-25,598.0350952148438,626.1229858398438,592.95751953125,615.9092407226562,597.0243530273438,641717,0.0,0.0
2020-03-26,628.0894775390625,668.5924072265625,628.03076171875,640.181640625,620.5525512695312,563046,0.0,0.0
2020-03-27,673.8754272460938,684.9110107421875,605.4019165039062,612.91552734375,594.1223754882812,569116,0.0,0.0
2020-03-30,609.5696411132812,641.9132690429688,599.1210327148438,634.51708984375,615.0617065429688,608838,0.0,0.0
2020-03-31,642.7644653320312,670.9404296875,639.1837158203125,653.5652465820312,633.5257568359375,1457289,0.0,0.0
2020-04-01,654.5044555664062,660.2570190429688,625.213134765625,637.0118408203125,617.4799194335938,482843,0.0,0.0
2020-04-03,643.5275268554688,643.5275268554688,612.8274536132812,617.0831909179688,598.1622314453125,477753,0.0,0.0
2020-04-07,641.00341796875,658.4373168945312,628.441650390625,653.5065307617188,633.4688110351562,402450,0.0,0.0
2020-04-08,652.1270751953125,689.7244262695312,641.5904541015625,649.07470703125,629.1729125976562,621215,0.0,0.0
2020-04-09,655.0914306640625,692.659423828125,654.5044555664062,677.69091796875,656.9115600585938,842728,0.0,0.0
2020-04-13,686.7894287109375,707.3344116210938,660.3744506835938,694.567138671875,673.2704467773438,1132224,0.0,0.0
2020-04-15,695.5944213867188,735.7745361328125,695.5944213867188,700.4371337890625,678.9603881835938,1289314,0.0,0.0
2020-04-16,694.5377807617188,720.8353881835938,687.6405639648438,710.2694091796875,688.4912719726562,1208220,0.0,0.0
2020-04-17,730.8143310546875,730.8143310546875,692.8355102539062,703.0199584960938,681.464111328125,664452,0.0,0.0
2020-04-20,708.8018798828125,711.443359375,687.3764038085938,691.3973388671875,670.19775390625,432879,0.0,0.0
2020-04-21,674.46240234375,687.9047241210938,674.46240234375,680.4498291015625,659.5859985351562,310368,0.0,0.0
2020-04-22,677.3973999023438,680.802001953125,651.5694580078125,664.2192993164062,643.8530883789062,1245794,0.0,0.0
2020-04-23,666.2444458007812,704.1939086914062,666.2444458007812,686.1730346679688,665.1336669921875,1779795,0.0,0.0
2020-04-24,680.3323974609375,706.5712890625,666.2444458007812,672.6427001953125,652.018310546875,1318004,0.0,0.0
2020-04-27,681.5064086914062,690.2233276367188,668.5924072265625,671.9676513671875,651.3638916015625,486756,0.0,0.0
2020-04-28,679.6867065429688,697.795654296875,666.2444458007812,669.2380981445312,648.718017578125,902510,0.0,0.0
2020-04-29,673.8754272460938,673.8754272460938,653.3890991210938,661.636474609375,641.3494873046875,895569,0.0,0.0
2020-04-30,673.8754272460938,692.0723876953125,665.0410766601562,669.0326538085938,648.5188598632812,1039069,0.0,0.0
2020-05-04,651.5694580078125,651.5694580078125,626.9154663085938,643.028564453125,623.3121337890625,997080,0.0,0.0
2020-05-05,650.3954467773438,659.0536499023438,624.0684814453125,627.9426879882812,608.6887817382812,690784,0.0,0.0
2020-05-06,627.7372436523438,645.1124267578125,610.1859741210938,616.1439819335938,597.251953125,1037259,0.0,0.0
2020-05-07,616.290771484375,630.3787231445312,613.4144897460938,619.1670532226562,600.1821899414062,568836,0.0,0.0
2020-05-08,624.80224609375,629.4102172851562,608.2488403320312,612.4459228515625,593.6671752929688,537518,0.0,0.0
2020-05-11,620.1062622070312,621.5150756835938,597.27197265625,604.6681518554688,586.1278686523438,978421,0.0,0.0
2020-05-12,602.3201904296875,607.779296875,584.8275756835938,595.9512329101562,577.6783447265625,927820,0.0,0.0
2020-05-13,616.3494873046875,623.3934326171875,601.6744995117188,613.2677001953125,594.4637451171875,919832,0.0,0.0
2020-05-14,592.8695068359375,633.95947265625,581.892578125,615.8505249023438,596.9674682617188,2900407,0.0,0.0
2020-05-15,617.1712646484375,639.506591796875,610.5087890625,635.4856567382812,616.00048828125,2088955,0.0,0.0
2020-05-18,636.806396484375,636.8944702148438,581.1295166015625,585.267822265625,567.3224487304688,1227416,0.0,0.0
2020-05-19,607.51513671875,611.1251831054688,587.7332153320312,599.2384033203125,580.8646240234375,1966195,0.0,0.0
2020-05-20,599.0623168945312,610.4794921875,589.6116333007812,600.383056640625,581.9742431640625,910101,0.0,0.0
2020-05-21,601.6744995117188,608.4249877929688,593.2216796875,599.7667236328125,581.3768310546875,1097651,0.0,0.0
2020-05-22,596.9784545898438,605.6660766601562,587.8212890625,595.8045043945312,577.5360717773438,902873,0.0,0.0
2020-05-26,598.739501953125,609.8924560546875,595.8045043945312,599.8841552734375,581.4906616210938,834871,0.0,0.0
2020-05-27,601.6744995117188,603.083251953125,593.1629638671875,598.0350952148438,579.6981811523438,856416,0.0,0.0
2020-05-28,601.5570678710938,630.9657592773438,599.3558349609375,628.969970703125,609.6845703125,1528372,0.0,0.0
2020-05-29,628.969970703125,644.9950561523438,622.219482421875,639.35986328125,619.7559204101562,2199248,0.0,0.0
2020-06-01,648.6344604492188,673.2883911132812,646.6973266601562,660.6679077148438,640.4107055664062,1242670,0.0,0.0
2020-06-02,661.6658325195312,669.7664184570312,647.343017578125,651.3639526367188,631.3919067382812,913327,0.0,0.0
2020-06-03,660.3744506835938,672.701416015625,652.743408203125,662.2821655273438,641.9754028320312,1349215,0.0,0.0
2020-06-04,660.3744506835938,667.4183959960938,648.135498046875,653.5652465820312,633.5257568359375,1052675,0.0,0.0
2020-06-05,656.793701171875,685.6154174804688,656.793701171875,675.401611328125,654.6925659179688,2231351,0.0,0.0
2020-06-08,686.5546264648438,689.57763671875,659.9928588867188,663.8670654296875,643.51171875,1212377,0.0,0.0
2020-06-09,666.2444458007812,674.1395874023438,655.6490478515625,659.0536499023438,638.8457641601562,597789,0.0,0.0
2020-06-10,656.2654418945312,662.722412109375,641.4436645507812,646.9027709960938,627.0675048828125,671406,0.0,0.0
2020-06-11,648.399658203125,653.8587036132812,625.2718505859375,627.50244140625,608.2620849609375,734240,0.0,0.0
2020-06-12,601.997314453125,633.2550659179688,601.8799438476562,627.2969970703125,608.0629272460938,618753,0.0,0.0
2020-06-15,624.9783325195312,633.95947265625,609.8924560546875,615.6744384765625,596.7966918945312,703736,0.0,0.0
2020-06-16,626.9154663085938,626.9154663085938,598.2405395507812,606.1943969726562,587.6073608398438,1161290,0.0,0.0
2020-06-17,604.0224609375,611.5947875976562,599.3264770507812,603.1713256835938,584.6770629882812,828596,0.0,0.0
2020-06-18,602.2027587890625,619.1670532226562,600.8233032226562,612.3578491210938,593.581787109375,832489,0.0,0.0
2020-06-19,613.4144897460938,630.7896728515625,613.4144897460938,626.269775390625,607.0672607421875,1280919,0.0,0.0
2020-06-22,626.3284301757812,645.6407470703125,626.3284301757812,636.2194213867188,616.7117919921875,873430,0.0,0.0
2020-06-23,648.6344604492188,654.3283081054688,636.8944702148438,646.4625244140625,626.6408081054688,829155,0.0,0.0
2020-06-24,654.5044555664062,664.4833984375,638.7141723632812,642.353515625,622.65771484375,1154522,0.0,0.0
2020-06-25,642.7644653320312,661.2255859375,636.1019897460938,651.6281127929688,631.64794921875,1087476,0.0,0.0
2020-06-26,662.722412109375,662.722412109375,650.4248046875,655.3262329101562,635.2327270507812,984488,0.0,0.0
2020-06-29,654.4457397460938,655.0620727539062,641.385009765625,645.2298583984375,625.4459228515625,492003,0.0,0.0
2020-06-30,647.9006958007812,661.5484008789062,641.5904541015625,643.7329711914062,623.9949951171875,936971,0.0,0.0
2020-07-01,643.7329711914062,651.0411376953125,635.3975830078125,642.735107421875,623.0277099609375,817424,0.0,0.0
2020-07-02,648.2822265625,654.2109375,637.8629760742188,642.5003051757812,622.800048828125,864041,0.0,0.0
2020-07-03,646.8734130859375,677.2213134765625,643.5862426757812,674.579833984375,653.8959350585938,3237140,0.0,0.0
2020-07-06,689.6069946289062,697.3554077148438,677.9844360351562,682.26953125,661.3499145507812,5129423,0.0,0.0
2020-07-07,688.4623413085938,692.659423828125,679.7747802734375,688.3743286132812,667.2675170898438,1610429,0.0,0.0
2020-07-08,686.7894287109375,697.2379760742188,668.4456787109375,678.8649291992188,658.0496826171875,1630873,0.0,0.0
2020-07-09,684.44140625,686.4959106445312,669.5316162109375,671.879638671875,651.278564453125,1032811,0.0,0.0
2020-07-10,675.0494384765625,679.7454223632812,663.6322631835938,667.9173583984375,647.437744140625,792293,0.0,0.0
2020-07-13,671.1752319335938,674.9026489257812,658.4373168945312,671.3219604492188,650.738037109375,1033135,0.0,0.0
2020-07-14,670.9404296875,683.8544311523438,660.3744506835938,663.7789916992188,643.4263305664062,1393536,0.0,0.0
2020-07-15,671.5274047851562,683.8544311523438,666.2737426757812,679.2464599609375,658.4194946289062,1711907,0.0,0.0
2020-07-16,681.5064086914062,687.96337890625,668.6217651367188,681.0955200195312,660.2119140625,1019074,0.0,0.0
2020-07-17,681.0955200195312,685.0283813476562,666.2444458007812,680.3030395507812,659.4437255859375,1222232,0.0,0.0
2020-07-20,683.502197265625,697.2086181640625,681.0368041992188,692.688720703125,671.4496459960938,1868359,0.0,0.0
2020-07-21,703.2254028320312,703.4895629882812,687.96337890625,692.0430297851562,670.82373046875,1643962,0.0,0.0
2020-07-22,692.0430297851562,696.3868408203125,679.3345336914062,689.6657104492188,668.519287109375,951563,0.0,0.0
2020-07-23,689.6657104492188,693.481201171875,682.0933837890625,685.0870971679688,664.0811157226562,674775,0.0,0.0
2020-07-24,683.7369995117188,691.4854125976562,673.8754272460938,681.5651245117188,660.6671752929688,1005777,0.0,0.0
2020-07-27,678.6594848632812,680.8313598632812,656.3240966796875,667.18359375,646.7265625,1470062,0.0,0.0
2020-07-28,669.1207275390625,673.229736328125,659.0830078125,670.8523559570312,650.2828369140625,670791,0.0,0.0
2020-07-29,669.6196899414062,676.3408203125,664.18994140625,674.3450317382812,653.6683349609375,1113167,0.0,0.0
2020-07-30,680.2150268554688,681.3889770507812,667.1249389648438,670.6175537109375,650.0552368164062,1033389,0.0,0.0
2020-07-31,669.179443359375,683.8544311523438,666.2444458007812,682.1227416992188,661.2075805664062,874540,0.0,0.0
2020-08-03,683.7957153320312,688.902587890625,672.701416015625,674.8439331054688,654.1519775390625,1065946,0.0,0.0
2020-08-04,678.1605224609375,692.659423828125,676.2527465820312,687.2589721679688,666.1863403320312,1245679,0.0,0.0
2020-08-05,691.8963012695312,695.4182739257812,684.2359619140625,686.9067993164062,665.8450927734375,986934,0.0,0.0
2020-08-06,687.5818481445312,692.7474365234375,679.0703735351562,680.5965576171875,659.7282104492188,554710,0.0,0.0
2020-08-07,679.7454223632812,683.7369995117188,670.412109375,676.4288330078125,655.688232421875,996912,0.0,0.0
2020-08-10,670.9404296875,676.223388671875,657.9089965820312,664.6595458984375,644.2798461914062,1513038,0.0,0.0
2020-08-11,668.0054321289062,688.5504150390625,661.5777587890625,679.9215087890625,659.0739135742188,1755093,0.0,0.0
2020-08-12,677.3973999023438,693.2463989257812,667.18359375,688.5210571289062,667.4097900390625,1380423,0.0,0.0
2020-08-13,693.2463989257812,695.0073852539062,680.91943359375,691.602783203125,670.39697265625,1519478,0.0,0.0
2020-08-14,695.5944213867188,743.141357421875,690.252685546875,711.3847045898438,689.5723266601562,9265004,0.0,0.0
2020-08-17,718.311279296875,731.4013671875,711.14990234375,721.3930053710938,699.2738647460938,2589613,0.0,0.0
2020-08-18,722.3322143554688,732.9862670898438,721.8626098632812,729.9925537109375,707.6097412109375,1249266,0.0,0.0
2020-08-19,731.7241821289062,735.862548828125,716.139404296875,718.3699951171875,696.3434448242188,895988,0.0,0.0
2020-08-20,713.0869750976562,724.1812744140625,708.7725219726562,714.0261840820312,692.1329345703125,1039610,0.0,0.0
2020-08-21,725.7661743164062,732.6927490234375,717.3133544921875,725.061767578125,702.8300170898438,1229103,0.0,0.0
2020-08-24,730.0219116210938,741.38037109375,717.3720703125,719.7787475585938,697.708984375,1512020,0.0,0.0
2020-08-25,722.5963745117188,728.2609252929688,716.7263793945312,722.1267700195312,699.9850463867188,627158,0.0,0.0
2020-08-26,723.183349609375,727.8500366210938,718.2525634765625,723.447509765625,701.2652587890625,727189,0.0,0.0
2020-08-27,728.4663696289062,730.8143310546875,711.5901489257812,713.2044067382812,691.3363037109375,994900,0.0,0.0
2020-08-28,714.3197021484375,726.1183471679688,714.3197021484375,716.814453125,694.8355712890625,899901,0.0,0.0
2020-08-31,719.0744018554688,721.95068359375,673.3471069335938,680.8313598632812,659.955810546875,2229294,0.0,0.0
2020-09-01,686.202392578125,696.7683715820312,670.7349853515625,691.338623046875,670.1409301757812,1030776,0.0,0.0
2020-09-02,696.5335693359375,704.3994140625,691.19189453125,702.0220336914062,680.496826171875,935591,0.0,0.0
2020-09-03,703.5188598632812,717.0491943359375,700.4371337890625,714.818603515625,692.90087890625,860135,0.0,0.0
2020-09-04,704.9863891601562,724.5628051757812,704.4287109375,715.5523681640625,693.6121215820312,1168401,0.0,0.0
2020-09-07,716.139404296875,721.3342895507812,706.9234619140625,718.8982543945312,696.85546875,666186,0.0,0.0
2020-09-08,719.0744018554688,720.9527587890625,702.6970825195312,708.6551513671875,686.9264526367188,947568,0.0,0.0
2020-09-09,704.3994140625,705.4266357421875,690.1646728515625,703.4014892578125,681.8338012695312,518157,0.0,0.0
2020-09-10,704.8396606445312,717.3133544921875,702.3742065429688,714.7012329101562,692.787109375,587085,0.0,0.0
2020-09-11,712.0303955078125,724.269287109375,710.474853515625,718.8982543945312,696.85546875,968522,0.0,0.0
2020-09-14,724.9443969726562,729.0533447265625,713.32177734375,725.2378540039062,703.000732421875,1026641,0.0,0.0
2020-09-15,731.9883422851562,770.0259399414062,724.0345458984375,726.55859375,704.2809448242188,5700105,0.0,0.0
2020-09-16,730.6969604492188,743.8457641601562,720.6885986328125,737.0365600585938,714.4376831054688,1296324,0.0,0.0
2020-09-17,733.690673828125,739.355224609375,726.411865234375,736.7136840820312,714.1246337890625,673504,0.0,0.0
2020-09-18,738.15185546875,743.7283325195312,726.940185546875,737.7703247070312,715.1489868164062,943934,0.0,0.0
2020-09-21,738.1224975585938,739.5606689453125,720.8353881835938,729.9925537109375,707.6097412109375,904406,0.0,0.0
2020-09-22,729.640380859375,732.4285888671875,702.4916381835938,714.1729125976562,692.2750854492188,774520,0.0,0.0
2020-09-23,716.3448486328125,733.4558715820312,716.139404296875,722.3322143554688,700.1841430664062,1606454,0.0,0.0
2020-09-24,716.7850952148438,718.9569702148438,700.642578125,711.1205444335938,689.3162841796875,956752,0.0,0.0
2020-09-25,714.6131591796875,720.1016235351562,696.1520385742188,708.9192504882812,687.1824340820312,1048787,0.0,0.0
2020-09-28,714.5545043945312,743.1119995117188,711.3553466796875,731.283935546875,708.8613891601562,797014,0.0,0.0
2020-09-29,733.7493286132812,750.0092163085938,725.5313720703125,739.648681640625,716.9697875976562,979092,0.0,0.0
2020-09-30,744.63818359375,754.2943115234375,734.9526977539062,742.2608642578125,719.501708984375,1590769,0.0,0.0
2020-10-01,746.78076171875,749.5983276367188,736.7430419921875,740.3530883789062,717.6525268554688,495511,0.0,0.0
2020-10-05,744.7849731445312,756.0553588867188,740.2650756835938,750.420166015625,727.4109497070312,963249,0.0,0.0
2020-10-06,755.4683227539062,760.7513427734375,744.1979370117188,749.1580810546875,726.1875610351562,743993,0.0,0.0
2020-10-07,753.7073364257812,753.7073364257812,739.6193237304688,748.6884765625,725.7322998046875,575167,0.0,0.0
2020-10-08,751.3593139648438,762.5123291015625,744.5208129882812,759.606689453125,736.3157348632812,1063709,0.0,0.0
2020-10-09,758.4620361328125,762.1014404296875,747.5438232421875,753.7366943359375,730.625732421875,1204752,0.0,0.0
2020-10-12,752.2691650390625,756.2020874023438,737.1246337890625,739.355224609375,716.6852416992188,587388,0.0,0.0
2020-10-13,742.1434326171875,742.1434326171875,716.84375,723.3301391601562,701.1514892578125,795978,0.0,0.0
2020-10-14,720.2483520507812,727.0281982421875,713.732666015625,724.8269653320312,702.6024780273438,679562,0.0,0.0
2020-10-15,725.0030517578125,732.3992309570312,719.5146484375,726.7933959960938,704.5086059570312,894762,0.0,0.0
2020-10-16,733.162353515625,744.755615234375,719.8961791992188,742.8184814453125,720.0422973632812,1625693,0.0,0.0
2020-10-19,745.4893188476562,753.120361328125,737.6822509765625,749.4515991210938,726.471923828125,627414,0.0,0.0
2020-10-20,748.5123901367188,761.7492065429688,745.69482421875,755.9085693359375,732.7310180664062,872949,0.0,0.0
2020-10-21,759.6654052734375,765.9756469726562,752.1517944335938,757.6402587890625,734.4096069335938,1060161,0.0,0.0
2020-10-22,751.3593139648438,762.8058471679688,743.4935302734375,747.9254150390625,724.9927368164062,657944,0.0,0.0
2020-10-23,747.8373413085938,757.7576293945312,745.4893188476562,750.7723388671875,727.7523193359375,718315,0.0,0.0
2020-10-26,753.0910034179688,755.9966430664062,739.912841796875,750.3320922851562,727.3255615234375,763818,0.0,0.0
2020-10-27,753.9714965820312,753.9714965820312,733.3384399414062,743.4641723632812,720.668212890625,783694,0.0,0.0
2020-10-28,743.4641723632812,759.5773315429688,733.162353515625,754.7932739257812,731.6498413085938,1146854,0.0,0.0
2020-10-29,752.5333251953125,759.8121337890625,744.0218505859375,756.642333984375,733.4423217773438,713290,0.0,0.0
2020-10-30,756.642333984375,771.2879638671875,737.8583374023438,744.1685791015625,721.3510131835938,1575064,0.0,0.0
2020-11-02,745.4893188476562,757.2293090820312,740.6172485351562,753.3258056640625,730.2274780273438,415243,0.0,0.0
2020-11-03,755.43896484375,774.2523193359375,753.384521484375,766.8267822265625,743.314453125,713475,0.0,0.0
2020-11-04,771.3466796875,785.1705322265625,764.6842041015625,781.0321655273438,757.0843505859375,918511,0.0,0.0
2020-11-05,787.1663208007812,794.5625,776.600341796875,781.736572265625,757.76708984375,811169,0.0,0.0
2020-11-06,780.7092895507812,789.2208251953125,774.86865234375,780.5919189453125,756.657470703125,785269,0.0,0.0
2020-11-09,779.5353393554688,794.973388671875,778.9189453125,792.0383911132812,767.7531127929688,631104,0.0,0.0
2020-11-10,797.6149291992188,807.2123413085938,792.8602294921875,796.9398803710938,772.5042724609375,1011391,0.0,0.0
2020-11-11,798.9943237304688,812.3192138671875,794.3570556640625,804.1892700195312,779.5314331054688,658549,0.0,0.0
2020-11-12,804.7469482421875,830.0172729492188,802.7218017578125,824.9397583007812,799.6456298828125,1268634,0.0,0.0
2020-11-13,817.6903076171875,821.153564453125,796.1180419921875,804.27734375,779.61669921875,760600,0.0,0.0
2020-11-14,810.0006103515625,812.0551147460938,798.9943237304688,803.7490234375,779.1045532226562,78255,0.0,0.0
2020-11-17,810.0592651367188,828.2562866210938,801.5771484375,826.260498046875,800.9258422851562,588910,0.0,0.0
2020-11-18,825.9082641601562,841.1702880859375,813.6986694335938,837.1786499023438,811.5092163085938,1265162,0.0,0.0
2020-11-19,836.94384765625,847.6272583007812,827.904052734375,838.00048828125,812.3058471679688,943355,0.0,0.0
2020-11-20,838.0298461914062,842.34423828125,830.868408203125,836.650390625,810.9971313476562,623009,0.0,0.0
2020-11-23,840.7593383789062,840.7593383789062,817.103271484375,821.153564453125,795.9754638671875,768956,0.0,0.0
2020-11-24,821.153564453125,828.84326171875,812.8768920898438,817.51416015625,792.4476928710938,987249,0.0,0.0
2020-11-25,818.8642578125,829.9585571289062,797.1453247070312,800.8140258789062,776.2595825195312,968762,0.0,0.0
2020-11-26,824.7342529296875,900.3984985351562,819.539306640625,890.3021240234375,863.0037841796875,16340126,0.0,0.0
2020-11-27,895.1741943359375,900.9268188476562,875.0988159179688,888.3943481445312,861.154541015625,4639230,0.0,0.0
2020-12-01,881.0275268554688,906.9141845703125,874.71728515625,890.8010864257812,863.4874877929688,1706573,0.0,0.0
2020-12-02,890.0086059570312,892.0924682617188,875.1575317382812,884.5494995117188,857.4276123046875,822677,0.0,0.0
2020-12-03,890.0086059570312,909.79052734375,882.671142578125,900.6039428710938,872.9896850585938,1609994,0.0,0.0
2020-12-04,902.8052368164062,912.7841796875,887.543212890625,897.37548828125,869.8603515625,754181,0.0,0.0
2020-12-07,897.2286987304688,912.7841796875,892.8262329101562,902.0421142578125,874.3838500976562,675935,0.0,0.0
2020-12-08,902.0421142578125,909.0274047851562,892.8849487304688,902.9519653320312,875.2658081054688,460968,0.0,0.0
2020-12-09,905.7988891601562,932.7128295898438,904.008544921875,918.6248779296875,890.4581909179688,2233058,0.0,0.0
2020-12-10,921.94140625,922.4696655273438,895.1741943359375,902.2182006835938,874.5545043945312,529479,0.0,0.0
2020-12-11,906.708740234375,908.4990844726562,891.3880615234375,901.4844360351562,873.8433837890625,679584,0.0,0.0
2020-12-14,904.5662231445312,912.7841796875,895.4970703125,906.5913696289062,878.7936401367188,509470,0.0,0.0
2020-12-15,906.5913696289062,913.7821044921875,897.6102905273438,901.8953857421875,874.2416381835938,1031222,0.0,0.0
2020-12-16,908.6752319335938,909.6437377929688,899.8702392578125,905.1238403320312,877.3709716796875,278320,0.0,0.0
2020-12-17,904.5662231445312,917.480224609375,891.1532592773438,895.9373168945312,868.4662475585938,989850,0.0,0.0
2020-12-18,895.9373168945312,913.9581909179688,893.736083984375,903.3922119140625,875.6925048828125,703862,0.0,0.0
2020-12-21,905.622802734375,921.002197265625,845.9542846679688,866.7340698242188,840.158447265625,1564059,0.0,0.0
2020-12-22,865.5601196289062,890.0086059570312,846.0423583984375,885.2245483398438,858.0818481445312,701639,0.0,0.0
2020-12-23,888.1302490234375,912.0797729492188,879.9122314453125,909.0274047851562,881.1549072265625,649647,0.0,0.0
2020-12-24,906.9141845703125,912.7841796875,891.0652465820312,910.2894287109375,882.3782348632812,733125,0.0,0.0
2020-12-28,911.3167114257812,926.2852172851562,904.0966186523438,923.3208618164062,895.0100708007812,778217,0.0,0.0
2020-12-29,923.3208618164062,929.22021484375,912.9603271484375,924.9937744140625,896.6317749023438,561048,0.0,0.0
2020-12-30,925.8156127929688,928.6331787109375,916.0126953125,923.5556640625,895.2377319335938,331812,0.0,0.0
2020-12-31,921.5891723632812,932.5073852539062,914.515869140625,924.8470458984375,896.4895629882812,491577,0.0,0.0
2021-01-01,924.8470458984375,951.0565795898438,922.4110107421875,940.1090087890625,911.2835693359375,1258401,0.0,0.0
2021-01-04,942.0755004882812,949.3836059570312,930.5703125,938.289306640625,909.5196533203125,414105,0.0,0.0
2021-01-05,933.7694091796875,950.9391479492188,930.3941650390625,946.6834106445312,917.6563720703125,487608,0.0,0.0
2021-01-06,949.5890502929688,960.00830078125,940.4612426757812,950.0880126953125,920.95654296875,680610,0.0,0.0
2021-01-07,952.7001953125,977.3247680664062,952.5534057617188,958.4527587890625,929.0648803710938,915898,0.0,0.0
2021-01-08,962.3269653320312,977.3541259765625,958.5701904296875,971.4254760742188,941.6398315429688,817922,0.0,0.0
2021-01-11,971.4254760742188,982.0501708984375,960.8594360351562,973.9495239257812,944.0864868164062,423693,0.0,0.0
2021-01-12,972.0711669921875,977.3834838867188,962.2388916015625,964.176025390625,934.6126098632812,248715,0.0,0.0
2021-01-13,963.8531494140625,968.490478515625,953.2284545898438,955.9580078125,926.6466064453125,723859,0.0,0.0
2021-01-14,951.5261840820312,971.5428466796875,944.1886596679688,969.2241821289062,939.5059814453125,504276,0.0,0.0
2021-01-15,971.3667602539062,978.9683837890625,945.0985107421875,952.846923828125,923.6309204101562,376134,0.0,0.0
2021-01-18,953.8741455078125,969.16552734375,931.9790649414062,961.0062255859375,931.5399780273438,694736,0.0,0.0
2021-01-19,960.8887939453125,1000.8341064453125,956.897216796875,985.9536743164062,955.7225341796875,1902928,0.0,0.0
2021-01-20,989.0941162109375,996.1381225585938,981.5218505859375,987.4798583984375,957.2018432617188,554107,0.0,0.0
2021-01-21,997.8991088867188,1017.1820678710938,973.626708984375,979.848876953125,949.8048706054688,1168738,0.0,0.0
2021-01-22,984.7503662109375,993.46728515625,964.2933959960938,976.6790771484375,946.7323608398438,366673,0.0,0.0
2021-01-25,977.6476440429688,1003.18212890625,959.0397338867188,981.1403198242188,951.0567626953125,663293,0.0,0.0
2021-01-27,981.1109619140625,981.1109619140625,943.6310424804688,952.2305908203125,929.6661987304688,558293,7.0,0.0
2021-01-28,941.9580688476562,965.5554809570312,936.6751098632812,960.419189453125,937.6607666015625,315669,0.0,0.0
2021-01-29,971.8950805664062,971.8950805664062,923.2621459960938,931.245361328125,909.1782836914062,672879,0.0,0.0
2021-02-01,934.7966918945312,997.8991088867188,918.6541748046875,989.827880859375,966.37255859375,609112,0.0,0.0
2021-02-02,997.8991088867188,1074.2091064453125,997.2827758789062,1067.6640625,1042.3642578125,2005737,0.0,0.0
2021-02-03,1057.7730712890625,1087.123046875,1046.091796875,1053.6640625,1028.6959228515625,1459965,0.0,0.0
2021-02-04,1053.7227783203125,1102.385009765625,1050.787841796875,1085.5382080078125,1059.8148193359375,1321905,0.0,0.0
2021-02-05,1085.9490966796875,1097.0433349609375,1064.2301025390625,1080.0203857421875,1054.4278564453125,533046,0.0,0.0
2021-02-08,1078.640869140625,1107.6680908203125,1075.412353515625,1103.1187744140625,1076.9788818359375,715561,0.0,0.0
2021-02-09,1103.1187744140625,1115.299072265625,1081.840087890625,1087.35791015625,1061.5914306640625,523867,0.0,0.0
2021-02-10,1088.854736328125,1097.248779296875,1074.2091064453125,1091.7603759765625,1065.8896484375,386027,0.0,0.0
2021-02-11,1090.8798828125,1101.3577880859375,1080.0791015625,1082.8673095703125,1057.207275390625,342927,0.0,0.0
2021-02-12,1085.9490966796875,1108.2550048828125,1068.368408203125,1083.6890869140625,1058.009521484375,649077,0.0,0.0
2021-02-15,1090.9385986328125,1112.2760009765625,1071.2740478515625,1100.88818359375,1074.80126953125,1072542,0.0,0.0
2021-02-16,1099.5673828125,1121.1690673828125,1065.404052734375,1075.118896484375,1049.6424560546875,950327,0.0,0.0
2021-02-17,1072.4481201171875,1101.798095703125,1068.339111328125,1097.8358154296875,1071.821044921875,919290,0.0,0.0
2021-02-18,1102.9720458984375,1114.125,1081.72265625,1093.2864990234375,1067.379638671875,735700,0.0,0.0
2021-02-19,1085.068603515625,1105.0264892578125,1074.297119140625,1079.31591796875,1053.7401123046875,811099,0.0,0.0
2021-02-22,1077.7310791015625,1083.5716552734375,1055.2783203125,1061.060302734375,1035.917236328125,1062653,0.0,0.0
2021-02-23,1061.882080078125,1104.8504638671875,1061.882080078125,1097.0726318359375,1071.0760498046875,816833,0.0,0.0
2021-02-24,1097.6890869140625,1128.800048828125,1088.884033203125,1117.1187744140625,1090.6470947265625,931707,0.0,0.0
2021-02-25,1130.56103515625,1144.06201171875,1117.8818359375,1121.1690673828125,1094.601318359375,1096815,0.0,0.0
2021-02-26,1114.125,1141.126953125,1076.6744384765625,1085.9490966796875,1060.216064453125,1529158,0.0,0.0
2021-03-01,1094.3724365234375,1129.9739990234375,1084.8631591796875,1120.0537109375,1093.5125732421875,661736,0.0,0.0
2021-03-02,1127.0096435546875,1141.7139892578125,1117.2655029296875,1138.5736083984375,1111.5933837890625,621651,0.0,0.0
2021-03-03,1145.2359619140625,1150.51904296875,1121.286376953125,1124.9844970703125,1098.326416015625,514629,0.0,0.0
2021-03-04,1116.7664794921875,1151.6929931640625,1116.7664794921875,1139.4246826171875,1112.4244384765625,619135,0.0,0.0
2021-03-05,1138.779052734375,1145.2359619140625,1110.1627197265625,1116.23828125,1089.78759765625,397465,0.0,0.0
2021-03-08,1120.58203125,1129.9447021484375,1110.749755859375,1115.621826171875,1089.1856689453125,278576,0.0,0.0
2021-03-09,1118.5274658203125,1128.007568359375,1106.4940185546875,1116.0621337890625,1089.6156005859375,231458,0.0,0.0
2021-03-10,1118.9677734375,1128.2130126953125,1112.364013671875,1118.292724609375,1091.793212890625,279294,0.0,0.0
2021-03-12,1124.221435546875,1155.0682373046875,1118.5274658203125,1126.5694580078125,1099.8739013671875,1252340,0.0,0.0
2021-03-15,1129.6805419921875,1129.6805419921875,1082.7205810546875,1096.8671875,1070.8753662109375,464879,0.0,0.0
2021-03-16,1106.1124267578125,1108.7540283203125,1087.4752197265625,1105.584228515625,1079.385986328125,623024,0.0,0.0
2021-03-17,1105.584228515625,1109.4290771484375,1061.647216796875,1068.779296875,1043.4532470703125,499322,0.0,0.0
2021-03-18,1079.5213623046875,1082.926025390625,1045.974365234375,1051.462890625,1026.547119140625,1045598,0.0,0.0
2021-03-19,1036.0540771484375,1086.5360107421875,1031.9744873046875,1081.72265625,1056.08984375,726176,0.0,0.0
2021-03-22,1085.9490966796875,1098.18798828125,1067.7520751953125,1079.3746337890625,1053.79736328125,780189,0.0,0.0
2021-03-23,1080.93017578125,1101.798095703125,1075.118896484375,1087.6513671875,1061.878173828125,471341,0.0,0.0
2021-03-24,1076.7918701171875,1092.5234375,1052.989013671875,1059.6220703125,1034.5128173828125,830602,0.0,0.0
2021-03-25,1056.59912109375,1066.460693359375,1043.4208984375,1058.0665283203125,1032.994140625,737171,0.0,0.0
2021-03-26,1065.9910888671875,1074.2091064453125,1055.2783203125,1062.322265625,1037.149169921875,359141,0.0,0.0
2021-03-30,1070.804443359375,1091.6429443359375,1065.521484375,1075.7939453125,1050.3016357421875,391107,0.0,0.0
2021-03-31,1086.5360107421875,1091.819091796875,1074.3558349609375,1082.427001953125,1056.7774658203125,287122,0.0,0.0
2021-04-01,1085.9490966796875,1095.78125,1077.14404296875,1090.791748046875,1064.94384765625,211872,0.0,0.0
2021-04-05,1088.7666015625,1093.580078125,1060.238525390625,1070.921875,1045.544921875,257817,0.0,0.0
2021-04-06,1071.6849365234375,1079.4920654296875,1043.4503173828125,1048.3516845703125,1023.5096435546875,672186,0.0,0.0
2021-04-07,1051.3160400390625,1060.297119140625,1045.4754638671875,1051.22802734375,1026.3177490234375,396877,0.0,0.0
2021-04-08,1051.3160400390625,1089.7939453125,1045.5047607421875,1080.8128662109375,1055.2015380859375,616148,0.0,0.0
2021-04-09,1088.884033203125,1122.343017578125,1080.8421630859375,1085.362060546875,1059.6429443359375,1805759,0.0,0.0
2021-04-12,1061.9407958984375,1077.7310791015625,1008.3477172851562,1015.3623657226562,991.302001953125,619387,0.0,0.0
2021-04-13,1016.0961303710938,1049.08544921875,1010.2261352539062,1038.8717041015625,1014.254150390625,370572,0.0,0.0
2021-04-15,1033.119140625,1069.3369140625,1011.1066284179688,1066.37255859375,1041.1033935546875,1021140,0.0,0.0
2021-04-16,1065.7269287109375,1099.5673828125,1060.238525390625,1084.6282958984375,1058.926513671875,1073713,0.0,0.0
2021-04-19,1051.4041748046875,1067.98681640625,1040.7501220703125,1052.6661376953125,1027.7216796875,484238,0.0,0.0
2021-04-20,1074.0916748046875,1074.0916748046875,1041.3370361328125,1054.1923828125,1029.2119140625,397983,0.0,0.0
2021-04-22,1051.3160400390625,1070.3055419921875,1039.1358642578125,1057.2154541015625,1032.163330078125,562438,0.0,0.0
2021-04-23,1063.64306640625,1068.3096923828125,1047.823486328125,1056.5697021484375,1031.53271484375,242720,0.0,0.0
2021-04-26,1060.12109375,1076.175537109375,1057.15673828125,1062.55712890625,1037.37841796875,312148,0.0,0.0
2021-04-27,1064.7584228515625,1083.9532470703125,1057.7730712890625,1082.427001953125,1056.7774658203125,308574,0.0,0.0
2021-04-28,1091.1146240234375,1104.556884765625,1072.5948486328125,1097.9532470703125,1071.935791015625,499545,0.0,0.0
2021-04-29,1115.299072265625,1125.864990234375,1098.2760009765625,1102.0621337890625,1075.947265625,1076109,0.0,0.0
2021-04-30,1103.55908203125,1122.5484619140625,1096.5150146484375,1104.41015625,1078.23974609375,361659,0.0,0.0
2021-05-03,1092.406005859375,1115.299072265625,1088.884033203125,1107.0223388671875,1080.7899169921875,278603,0.0,0.0
2021-05-04,1110.60302734375,1121.1690673828125,1083.0140380859375,1103.06005859375,1076.9217529296875,649765,0.0,0.0
2021-05-05,1100.0369873046875,1109.4290771484375,1073.9449462890625,1077.9952392578125,1052.45068359375,381819,0.0,0.0
2021-05-06,1084.4815673828125,1096.984619140625,1074.297119140625,1093.462646484375,1067.5516357421875,205133,0.0,0.0
2021-05-07,1094.5780029296875,1100.8294677734375,1081.311767578125,1093.609375,1067.69482421875,207455,0.0,0.0
2021-05-10,1094.7540283203125,1108.9007568359375,1088.884033203125,1105.320068359375,1079.1279296875,273001,0.0,0.0
2021-05-11,1094.284423828125,1152.808349609375,1094.284423828125,1143.8565673828125,1116.7513427734375,1465577,0.0,0.0
2021-05-12,1195.1309814453125,1258.2333984375,1164.02001953125,1176.2296142578125,1148.3572998046875,8562199,0.0,0.0
2021-05-14,1186.9129638671875,1211.919189453125,1165.4874267578125,1169.8900146484375,1142.1678466796875,1145217,0.0,0.0
2021-05-17,1175.1729736328125,1217.2901611328125,1153.5419921875,1210.3929443359375,1181.7110595703125,1493415,0.0,0.0
2021-05-18,1213.327880859375,1222.1329345703125,1187.0009765625,1193.575439453125,1165.2919921875,758031,0.0,0.0
2021-05-19,1194.5439453125,1206.283935546875,1184.1834716796875,1192.4013671875,1164.145751953125,368487,0.0,0.0
2021-05-20,1188.6739501953125,1202.3216552734375,1170.623779296875,1174.2337646484375,1146.40869140625,383838,0.0,0.0
2021-05-21,1178.10791015625,1185.504150390625,1159.5294189453125,1165.9864501953125,1138.3568115234375,379487,0.0,0.0
2021-05-24,1168.1290283203125,1194.4852294921875,1159.323974609375,1174.967529296875,1147.125,619729,0.0,0.0
2021-05-25,1176.43505859375,1192.782958984375,1166.045166015625,1180.22119140625,1152.254150390625,605515,0.0,0.0
2021-05-26,1180.22119140625,1192.782958984375,1168.1290283203125,1171.181396484375,1143.4287109375,337271,0.0,0.0
2021-05-27,1179.8690185546875,1205.755615234375,1172.5020751953125,1199.65087890625,1171.2235107421875,1491611,0.0,0.0
2021-05-28,1209.218994140625,1217.99462890625,1187.9696044921875,1195.8353271484375,1167.4984130859375,551894,0.0,0.0
2021-05-31,1197.47900390625,1235.046875,1191.6090087890625,1224.656982421875,1195.63720703125,948816,0.0,0.0
2021-06-01,1224.656982421875,1232.698974609375,1205.1099853515625,1208.8079833984375,1180.1636962890625,404247,0.0,0.0
2021-06-02,1214.8248291015625,1236.220947265625,1212.9757080078125,1226.62353515625,1197.5570068359375,1001673,0.0,0.0
2021-06-03,1232.698974609375,1266.04052734375,1224.5396728515625,1256.58984375,1226.8133544921875,1709630,0.0,0.0
2021-06-04,1267.9189453125,1278.48486328125,1236.220947265625,1244.2921142578125,1214.8070068359375,1204796,0.0,0.0
2021-06-07,1252.0699462890625,1261.4324951171875,1236.6024169921875,1239.09716796875,1209.735107421875,388647,0.0,0.0
2021-06-08,1240.9168701171875,1262.0489501953125,1235.046875,1237.8939208984375,1208.560546875,998876,0.0,0.0
2021-06-09,1237.8939208984375,1250.279541015625,1215.734619140625,1220.9295654296875,1191.9979248046875,650920,0.0,0.0
2021-06-10,1229.1768798828125,1238.53955078125,1222.1329345703125,1228.149658203125,1199.0469970703125,316434,0.0,0.0
2021-06-11,1230.3509521484375,1249.721923828125,1228.6192626953125,1232.464111328125,1203.25927734375,670489,0.0,0.0
2021-06-14,1232.698974609375,1239.9483642578125,1204.669677734375,1214.091064453125,1185.321533203125,484172,0.0,0.0
2021-06-15,1218.02392578125,1226.799560546875,1203.2608642578125,1209.1015625,1180.450439453125,463014,0.0,0.0
2021-06-16,1205.6968994140625,1209.4244384765625,1185.65087890625,1189.6131591796875,1161.4237060546875,403003,0.0,0.0
2021-06-17,1184.447509765625,1197.3028564453125,1175.7305908203125,1180.0450439453125,1152.082275390625,311185,0.0,0.0
2021-06-18,1183.9779052734375,1197.47900390625,1150.929931640625,1188.1163330078125,1159.96240234375,414220,0.0,0.0
2021-06-21,1179.8690185546875,1179.8690185546875,1156.47705078125,1176.082763671875,1148.2138671875,389317,0.0,0.0
2021-06-22,1185.739013671875,1186.9129638671875,1169.8900146484375,1172.4434814453125,1144.6607666015625,170618,0.0,0.0
2021-06-23,1177.403564453125,1202.1749267578125,1169.44970703125,1190.5816650390625,1162.3692626953125,665978,0.0,0.0
2021-06-24,1195.6005859375,1231.52490234375,1183.889892578125,1188.9381103515625,1160.7647705078125,2159448,0.0,0.0
2021-06-25,1192.518798828125,1197.47900390625,1175.495849609375,1182.95068359375,1154.9190673828125,462683,0.0,0.0
2021-06-28,1183.6844482421875,1191.3154296875,1177.8438720703125,1180.7200927734375,1152.7413330078125,196412,0.0,0.0
2021-06-29,1183.2735595703125,1188.6446533203125,1162.9046630859375,1169.44970703125,1141.7381591796875,318356,0.0,0.0
2021-06-30,1185.62158203125,1197.4202880859375,1174.439208984375,1186.3553466796875,1158.2430419921875,1320011,0.0,0.0
2021-07-01,1191.02197265625,1200.4139404296875,1181.189697265625,1185.65087890625,1157.55517578125,478191,0.0,0.0
2021-07-02,1186.325927734375,1192.13720703125,1175.760009765625,1185.62158203125,1157.5264892578125,382220,0.0,0.0
2021-07-05,1192.13720703125,1202.1749267578125,1186.9129638671875,1190.376220703125,1162.1685791015625,456129,0.0,0.0
2021-07-06,1192.1959228515625,1206.283935546875,1187.382568359375,1190.787109375,1162.5699462890625,412492,0.0,0.0
2021-07-07,1190.787109375,1193.9276123046875,1176.4056396484375,1180.8668212890625,1152.8846435546875,336327,0.0,0.0
2021-07-08,1181.9527587890625,1199.826904296875,1176.024169921875,1181.8941650390625,1153.8875732421875,414976,0.0,0.0
2021-07-09,1181.8941650390625,1189.847900390625,1169.8900146484375,1175.260986328125,1147.41162109375,261892,0.0,0.0
2021-07-12,1181.718017578125,1194.5439453125,1176.9339599609375,1180.367919921875,1152.3974609375,364964,0.0,0.0
2021-07-13,1184.53564453125,1196.7452392578125,1174.6446533203125,1178.0198974609375,1150.1051025390625,699312,0.0,0.0
2021-07-14,1180.4559326171875,1189.1435546875,1170.7705078125,1174.32177734375,1146.49462890625,820314,0.0,0.0
2021-07-15,1177.2568359375,1209.1015625,1175.5838623046875,1193.4580078125,1165.1773681640625,1369881,0.0,0.0
2021-07-16,1200.1204833984375,1200.4139404296875,1178.988525390625,1181.8060302734375,1153.801513671875,488588,0.0,0.0
2021-07-19,1179.047119140625,1179.047119140625,1154.6866455078125,1158.35546875,1130.9066162109375,565061,0.0,0.0
2021-07-20,1158.35546875,1161.495849609375,1129.386962890625,1141.3323974609375,1114.2869873046875,421988,0.0,0.0
2021-07-22,1147.0556640625,1166.338623046875,1145.9110107421875,1160.0577392578125,1132.568603515625,784309,0.0,0.0
2021-07-23,1163.5504150390625,1172.2086181640625,1153.77685546875,1159.3826904296875,1131.9095458984375,627785,0.0,0.0
2021-07-26,1159.9110107421875,1168.0703125,1153.9822998046875,1159.70556640625,1132.224853515625,328727,0.0,0.0
2021-07-27,1163.667724609375,1167.3365478515625,1136.4310302734375,1140.3638916015625,1113.34130859375,485966,0.0,0.0
2021-07-28,1144.06201171875,1145.3240966796875,1127.0390625,1140.041015625,1113.0262451171875,311944,0.0,0.0
2021-07-29,1146.351318359375,1155.4791259765625,1137.986572265625,1146.79150390625,1119.6168212890625,691051,0.0,0.0
2021-07-30,1149.2569580078125,1162.845947265625,1139.4246826171875,1146.52734375,1119.3587646484375,662031,0.0,0.0
2021-08-02,1151.5755615234375,1162.259033203125,1143.122802734375,1161.0556640625,1133.5428466796875,221337,0.0,0.0
2021-08-03,1169.302978515625,1197.21484375,1162.845947265625,1190.5523681640625,1162.340576171875,1396878,0.0,0.0
2021-08-04,1195.483154296875,1204.52294921875,1189.847900390625,1199.416015625,1170.9940185546875,587678,0.0,0.0
2021-08-05,1209.218994140625,1214.4725341796875,1197.47900390625,1210.158203125,1181.48193359375,576836,0.0,0.0
2021-08-06,1209.248291015625,1229.763916015625,1203.3489990234375,1224.216796875,1195.2073974609375,727174,0.0,0.0
2021-08-09,1231.9945068359375,1235.986083984375,1209.95263671875,1214.501953125,1185.72265625,529342,0.0,0.0
2021-08-10,1218.55224609375,1247.3739013671875,1197.50830078125,1209.0428466796875,1180.3929443359375,1080745,0.0,0.0
2021-08-11,1162.2296142578125,1302.0235595703125,1156.3890380859375,1286.3507080078125,1255.8690185546875,7553957,0.0,0.0
2021-08-12,1274.317138671875,1295.5078125,1256.237548828125,1286.673583984375,1256.18408203125,1384357,0.0,0.0
2021-08-13,1285.5289306640625,1335.3651123046875,1272.0572509765625,1317.6671142578125,1286.443115234375,2857680,0.0,0.0
2021-08-16,1317.6671142578125,1332.2540283203125,1291.545654296875,1306.0738525390625,1275.124755859375,438213,0.0,0.0
2021-08-17,1303.725830078125,1334.07373046875,1295.096923828125,1321.1597900390625,1289.8531494140625,788918,0.0,0.0
2021-08-18,1322.2457275390625,1348.807373046875,1301.0843505859375,1307.07177734375,1276.098876953125,881108,0.0,0.0
2021-08-20,1303.989990234375,1316.4344482421875,1282.124267578125,1301.9061279296875,1271.0556640625,438922,0.0,0.0
2021-08-23,1306.396728515625,1310.2415771484375,1265.5709228515625,1270.0614013671875,1239.965576171875,525685,0.0,0.0
2021-08-24,1267.9189453125,1294.9208984375,1261.843505859375,1291.310791015625,1260.71142578125,534336,0.0,0.0
2021-08-25,1299.6168212890625,1310.88720703125,1275.5792236328125,1285.2060546875,1254.7513427734375,522165,0.0,0.0
2021-08-26,1285.9398193359375,1304.2835693359375,1280.245849609375,1297.88525390625,1267.130126953125,541741,0.0,0.0
2021-08-27,1298.853759765625,1320.7489013671875,1297.503662109375,1304.4302978515625,1273.52001953125,749499,0.0,0.0
2021-08-30,1314.87890625,1328.9962158203125,1307.1597900390625,1325.6796875,1294.2659912109375,444564,0.0,0.0
2021-08-31,1333.3106689453125,1343.2896728515625,1324.2708740234375,1333.8975830078125,1302.2890625,579147,0.0,0.0
2021-09-01,1338.35888671875,1350.098876953125,1327.9102783203125,1341.61669921875,1309.8253173828125,448586,0.0,0.0
2021-09-02,1347.163818359375,1360.664794921875,1334.10302734375,1341.4405517578125,1309.6533203125,369395,0.0,0.0
2021-09-03,1348.9248046875,1353.620849609375,1320.8662109375,1330.962646484375,1299.423583984375,360640,0.0,0.0
2021-09-06,1334.8367919921875,1340.706787109375,1308.7447509765625,1310.9166259765625,1279.8526611328125,349468,0.0,0.0
2021-09-07,1312.648193359375,1318.2247314453125,1295.5078125,1298.1199951171875,1267.359375,298228,0.0,0.0
2021-09-08,1299.0299072265625,1302.8160400390625,1275.5499267578125,1297.503662109375,1266.757568359375,602879,0.0,0.0
2021-09-09,1298.44287109375,1323.3609619140625,1297.8558349609375,1309.3316650390625,1278.3052978515625,644632,0.0,0.0
2021-09-13,1309.0089111328125,1321.247802734375,1292.7783203125,1296.417724609375,1265.6973876953125,231206,0.0,0.0
2021-09-14,1297.2689208984375,1303.989990234375,1292.48486328125,1295.6839599609375,1264.98095703125,213838,0.0,0.0
2021-09-15,1296.975341796875,1307.3359375,1294.3631591796875,1296.53515625,1265.8121337890625,128862,0.0,0.0
2021-09-16,1296.7406005859375,1299.763671875,1287.6126708984375,1291.1640625,1260.568115234375,297451,0.0,0.0
2021-09-17,1295.44921875,1296.681884765625,1268.065673828125,1279.981689453125,1249.65087890625,397567,0.0,0.0
2021-09-20,1279.658935546875,1292.4554443359375,1244.76171875,1253.9776611328125,1224.262939453125,393499,0.0,0.0
2021-09-21,1246.2879638671875,1277.8392333984375,1242.1202392578125,1273.5247802734375,1243.346923828125,294289,0.0,0.0
2021-09-22,1278.48486328125,1289.9901123046875,1258.614990234375,1269.0635986328125,1238.9913330078125,488514,0.0,0.0
2021-09-23,1272.3214111328125,1280.8328857421875,1263.8392333984375,1269.5037841796875,1239.421142578125,216983,0.0,0.0
2021-09-24,1273.7889404296875,1274.69873046875,1236.6905517578125,1244.585693359375,1215.0936279296875,196903,0.0,0.0
2021-09-27,1244.732421875,1249.6339111328125,1227.1224365234375,1230.703125,1201.5399169921875,327214,0.0,0.0
2021-09-28,1228.5899658203125,1255.5919189453125,1224.1873779296875,1233.285888671875,1204.0615234375,351184,0.0,0.0
2021-09-29,1232.58154296875,1259.1138916015625,1216.262939453125,1248.8707275390625,1219.277099609375,444128,0.0,0.0
2021-09-30,1253.12646484375,1266.1578369140625,1239.478759765625,1249.9566650390625,1220.3372802734375,663929,0.0,0.0
2021-10-01,1246.199951171875,1264.9251708984375,1238.5689697265625,1261.1390380859375,1231.254638671875,229988,0.0,0.0
2021-10-04,1264.98388671875,1311.94384765625,1256.208251953125,1307.0423583984375,1276.0703125,714915,0.0,0.0
2021-10-05,1309.654541015625,1321.9228515625,1302.1702880859375,1319.369384765625,1288.10498046875,745707,0.0,0.0
2021-10-06,1319.369384765625,1330.140869140625,1282.5938720703125,1288.72802734375,1258.18994140625,449180,0.0,0.0
2021-10-07,1304.3128662109375,1315.6419677734375,1300.08642578125,1313.0885009765625,1281.9730224609375,237320,0.0,0.0
2021-10-08,1320.7489013671875,1335.306396484375,1301.3778076171875,1305.1640625,1274.2364501953125,504448,0.0,0.0
2021-10-11,1305.48681640625,1318.312744140625,1300.203857421875,1312.9710693359375,1281.8585205078125,193521,0.0,0.0
2021-10-12,1317.8138427734375,1341.2938232421875,1307.0423583984375,1330.052734375,1298.53515625,482322,0.0,0.0
2021-10-13,1332.4888916015625,1336.6859130859375,1306.954345703125,1320.337890625,1289.0506591796875,262853,0.0,0.0
2021-10-14,1328.966796875,1354.7655029296875,1322.2750244140625,1332.1072998046875,1300.541259765625,669230,0.0,0.0
2021-10-18,1343.0548095703125,1355.3818359375,1315.9061279296875,1330.0821533203125,1298.5640869140625,424334,0.0,0.0
2021-10-19,1339.9730224609375,1412.90771484375,1332.5474853515625,1356.907958984375,1324.7542724609375,2668860,0.0,0.0
2021-10-20,1356.849365234375,1360.664794921875,1292.5728759765625,1297.6798095703125,1266.9295654296875,495784,0.0,0.0
2021-10-21,1310.182861328125,1313.9102783203125,1275.608642578125,1285.0006103515625,1254.55078125,269427,0.0,0.0
2021-10-22,1290.723876953125,1297.1220703125,1259.700927734375,1275.4912109375,1245.2667236328125,216180,0.0,0.0
2021-10-25,1288.4638671875,1288.4638671875,1234.2838134765625,1266.5101318359375,1236.498291015625,303668,0.0,0.0
2021-10-26,1266.8035888671875,1285.2060546875,1263.0467529296875,1273.3486328125,1243.175048828125,233230,0.0,0.0
2021-10-27,1263.252197265625,1302.610595703125,1263.252197265625,1274.4639892578125,1244.2637939453125,274940,0.0,0.0
2021-10-28,1274.4639892578125,1289.1683349609375,1260.9923095703125,1269.5330810546875,1239.4498291015625,442857,0.0,0.0
2021-10-29,1265.3067626953125,1296.447021484375,1248.3424072265625,1283.5623779296875,1253.146728515625,242967,0.0,0.0
2021-11-01,1289.6378173828125,1315.876708984375,1285.323486328125,1312.325439453125,1281.2281494140625,456962,0.0,0.0
2021-11-02,1312.853759765625,1327.61669921875,1312.853759765625,1321.13037109375,1289.8245849609375,317019,0.0,0.0
2021-11-03,1324.1827392578125,1363.864013671875,1321.62939453125,1356.73193359375,1324.5823974609375,636285,0.0,0.0
2021-11-04,1367.7088623046875,1370.643798828125,1338.41748046875,1353.53271484375,1321.458984375,97770,0.0,0.0
2021-11-08,1353.53271484375,1398.2327880859375,1351.6837158203125,1393.44873046875,1360.42919921875,483443,0.0,0.0
2021-11-09,1396.4718017578125,1421.918212890625,1386.169921875,1413.7882080078125,1380.2867431640625,879411,0.0,0.0
2021-11-10,1411.146728515625,1432.27880859375,1395.884765625,1402.752685546875,1369.5125732421875,385625,0.0,0.0
2021-11-11,1402.752685546875,1412.87841796875,1384.0567626953125,1407.331298828125,1373.982666015625,398017,0.0,0.0
2021-11-12,1414.6688232421875,1425.440185546875,1395.9141845703125,1399.788330078125,1366.618408203125,444768,0.0,0.0
2021-11-15,1408.798828125,1408.798828125,1371.2601318359375,1377.629150390625,1344.9844970703125,244530,0.0,0.0
2021-11-16,1377.629150390625,1406.4508056640625,1366.0946044921875,1381.180419921875,1348.451416015625,297289,0.0,0.0
2021-11-17,1372.4635009765625,1423.1802978515625,1367.914306640625,1381.415283203125,1348.680908203125,612080,0.0,0.0
2021-11-18,1384.7318115234375,1395.209716796875,1350.098876953125,1358.1407470703125,1325.957763671875,338536,0.0,0.0
2021-11-22,1355.9688720703125,1369.851318359375,1312.9710693359375,1328.9375,1297.446533203125,350998,0.0,0.0
2021-11-23,1311.650390625,1361.2518310546875,1311.650390625,1355.528564453125,1323.407470703125,233766,0.0,0.0
2021-11-24,1361.721435546875,1373.578857421875,1328.966796875,1336.24560546875,1304.58154296875,528589,0.0,0.0
2021-11-25,1309.0089111328125,1309.1556396484375,1232.698974609375,1264.8958740234375,1234.9224853515625,3668665,0.0,0.0
2021-11-26,1267.302490234375,1282.5938720703125,1223.541748046875,1230.3509521484375,1201.196044921875,1107007,0.0,0.0
2021-11-29,1232.1119384765625,1270.4136962890625,1186.325927734375,1252.3046875,1222.6297607421875,657058,0.0,0.0
2021-11-30,1253.5667724609375,1272.702880859375,1242.178955078125,1263.1641845703125,1233.2318115234375,877988,0.0,0.0
2021-12-01,1260.3759765625,1279.01318359375,1247.9609375,1257.6463623046875,1227.8446044921875,528470,0.0,0.0
2021-12-02,1257.93994140625,1297.2689208984375,1253.2733154296875,1290.3128662109375,1259.7371826171875,530651,0.0,0.0
2021-12-03,1282.0068359375,1302.5518798828125,1273.466064453125,1283.0927734375,1252.688232421875,671983,0.0,0.0
2021-12-06,1279.658935546875,1308.421875,1272.6148681640625,1279.981689453125,1249.65087890625,425632,0.0,0.0
2021-12-07,1291.3695068359375,1311.94384765625,1280.4512939453125,1297.4449462890625,1266.7003173828125,802162,0.0,0.0
2021-12-08,1310.6524658203125,1320.161865234375,1294.010986328125,1307.9228515625,1276.929931640625,698189,0.0,0.0
2021-12-09,1309.0089111328125,1339.5328369140625,1308.040283203125,1333.427978515625,1301.8306884765625,880447,0.0,0.0
2021-12-10,1334.719482421875,1449.859375,1333.427978515625,1435.419189453125,1401.4049072265625,5750553,0.0,0.0
2021-12-13,1446.9537353515625,1512.609619140625,1435.80078125,1471.69580078125,1436.822021484375,3642890,0.0,0.0
2021-12-14,1467.4986572265625,1492.9744873046875,1450.2996826171875,1476.83203125,1441.8365478515625,1107779,0.0,0.0
2021-12-15,1476.8907470703125,1504.62646484375,1447.1298828125,1457.9599609375,1423.41162109375,1338379,0.0,0.0
2021-12-16,1467.4986572265625,1467.4986572265625,1442.991455078125,1453.762939453125,1419.314208984375,437339,0.0,0.0
2021-12-17,1453.4107666015625,1453.4107666015625,1410.20751953125,1421.2431640625,1387.56494140625,647894,0.0,0.0
2021-12-20,1407.0377197265625,1407.0377197265625,1361.8388671875,1382.501220703125,1349.740966796875,509128,0.0,0.0
2021-12-21,1389.3984375,1408.2117919921875,1371.465576171875,1384.673095703125,1351.8614501953125,340800,0.0,0.0
2021-12-22,1385.37744140625,1402.341796875,1381.00439453125,1390.1322021484375,1357.1910400390625,678784,0.0,0.0
2021-12-23,1397.4697265625,1432.86572265625,1395.180419921875,1422.9454345703125,1389.2269287109375,858445,0.0,0.0
2021-12-24,1425.2347412109375,1429.9307861328125,1382.3837890625,1393.7421875,1360.715576171875,541729,0.0,0.0
2021-12-27,1393.9476318359375,1411.5283203125,1373.46142578125,1381.2391357421875,1348.5087890625,1016948,0.0,0.0
2021-12-28,1408.798828125,1449.8887939453125,1394.123779296875,1412.203369140625,1378.7392578125,2272133,0.0,0.0
2021-12-29,1408.2117919921875,1415.8427734375,1392.9791259765625,1397.2642822265625,1364.154296875,444913,0.0,0.0
2021-12-30,1397.058837890625,1401.5787353515625,1376.1322021484375,1382.1783447265625,1349.42578125,373163,0.0,0.0
2021-12-31,1384.937255859375,1400.580810546875,1381.6500244140625,1386.1112060546875,1353.2655029296875,593106,0.0,0.0
2022-01-03,1388.8701171875,1408.446533203125,1385.31884765625,1389.3104248046875,1356.3887939453125,514436,0.0,0.0
2022-01-04,1394.00634765625,1401.8134765625,1378.2747802734375,1383.73388671875,1350.9444580078125,504874,0.0,0.0
2022-01-05,1383.352294921875,1390.631103515625,1357.172119140625,1364.3922119140625,1332.0611572265625,608305,0.0,0.0
2022-01-06,1361.8388671875,1365.4195556640625,1340.7362060546875,1345.5789794921875,1313.6937255859375,568336,0.0,0.0
2022-01-07,1347.163818359375,1358.90380859375,1328.3211669921875,1335.453125,1303.8077392578125,291110,0.0,0.0
2022-01-10,1332.4888916015625,1365.1846923828125,1317.2562255859375,1358.6983642578125,1326.502197265625,1350791,0.0,0.0
2022-01-11,1367.0631103515625,1368.8828125,1344.2288818359375,1358.08203125,1325.9005126953125,583840,0.0,0.0
2022-01-12,1366.9163818359375,1380.740234375,1360.25390625,1378.89111328125,1346.2164306640625,954423,0.0,0.0
2022-01-13,1389.69189453125,1394.681396484375,1369.6458740234375,1385.37744140625,1352.5491943359375,504191,0.0,0.0
2022-01-14,1378.86181640625,1409.4444580078125,1371.465576171875,1405.599609375,1372.2921142578125,985459,0.0,0.0
2022-01-17,1417.486328125,1417.9266357421875,1388.2537841796875,1397.8218994140625,1364.69873046875,392971,0.0,0.0
2022-01-18,1398.81982421875,1407.1845703125,1350.77392578125,1364.59765625,1332.26171875,542966,0.0,0.0
2022-01-19,1367.121826171875,1401.7547607421875,1355.11767578125,1397.2642822265625,1364.154296875,775419,0.0,0.0
2022-01-20,1390.0147705078125,1412.90771484375,1382.3837890625,1407.096435546875,1381.6641845703125,727728,8.0,0.0
2022-01-21,1400.580810546875,1440.4967041015625,1351.5369873046875,1375.8974609375,1351.029052734375,1576151,0.0,0.0
2022-01-24,1372.93310546875,1383.851318359375,1288.6400146484375,1309.4490966796875,1285.78173828125,709302,0.0,0.0
2022-01-25,1305.9564208984375,1345.3148193359375,1277.4576416015625,1336.48046875,1312.324462890625,496540,0.0,0.0
2022-01-27,1323.6251220703125,1344.199462890625,1308.2164306640625,1337.595703125,1313.4195556640625,451899,0.0,0.0
2022-01-28,1344.6397705078125,1369.528564453125,1331.8431396484375,1337.742431640625,1313.563720703125,255547,0.0,0.0
2022-01-31,1351.742431640625,1371.2308349609375,1346.5767822265625,1364.949951171875,1340.279296875,274504,0.0,0.0
2022-02-01,1370.0567626953125,1428.5806884765625,1361.8974609375,1419.4234619140625,1393.768310546875,868358,0.0,0.0
2022-02-02,1427.2305908203125,1449.0081787109375,1412.6729736328125,1431.7210693359375,1405.8436279296875,609066,0.0,0.0
2022-02-03,1429.34375,1443.63720703125,1408.798828125,1431.339599609375,1405.468994140625,339584,0.0,0.0
2022-02-04,1432.86572265625,1446.9537353515625,1414.8155517578125,1422.182373046875,1396.477294921875,274499,0.0,0.0
2022-02-07,1399.9937744140625,1426.2913818359375,1379.4488525390625,1418.0733642578125,1392.4427490234375,937873,0.0,0.0
2022-02-08,1423.033447265625,1466.32470703125,1381.7967529296875,1387.4613037109375,1362.3837890625,1691333,0.0,0.0
2022-02-09,1387.4613037109375,1424.1488037109375,1387.4613037109375,1419.0125732421875,1393.3648681640625,319100,0.0,0.0
2022-02-10,1421.2138671875,1437.855224609375,1405.9224853515625,1433.6875,1407.7745361328125,313509,0.0,0.0
2022-02-11,1423.4737548828125,1426.4088134765625,1404.484375,1409.8553466796875,1384.3731689453125,271058,0.0,0.0
2022-02-14,1397.058837890625,1399.3480224609375,1362.4844970703125,1367.943603515625,1343.2188720703125,313971,0.0,0.0
2022-02-15,1368.5599365234375,1427.3773193359375,1359.16796875,1421.3018798828125,1395.6126708984375,531468,0.0,0.0
2022-02-16,1423.4737548828125,1432.27880859375,1401.7547607421875,1405.452880859375,1380.0501708984375,265145,0.0,0.0
2022-02-17,1406.0986328125,1451.6497802734375,1405.86376953125,1438.001953125,1412.010986328125,876419,0.0,0.0
2022-02-18,1438.001953125,1470.4337158203125,1431.104736328125,1442.4925537109375,1416.4205322265625,1007426,0.0,0.0
2022-02-21,1440.4674072265625,1453.1759033203125,1412.32080078125,1417.9559326171875,1392.3272705078125,436344,0.0,0.0
2022-02-22,1400.081787109375,1423.4150390625,1374.958251953125,1412.84912109375,1387.3128662109375,412041,0.0,0.0
2022-02-23,1420.71484375,1444.1068115234375,1404.3082275390625,1406.7442626953125,1381.318359375,378657,0.0,0.0
2022-02-24,1373.578857421875,1385.465576171875,1333.4866943359375,1341.7047119140625,1317.454345703125,474804,0.0,0.0
2022-02-25,1368.8828125,1412.90771484375,1362.42578125,1403.545166015625,1378.177001953125,484981,0.0,0.0
2022-02-28,1391.1888427734375,1391.1888427734375,1348.10302734375,1377.951904296875,1353.04638671875,803135,0.0,0.0
2022-03-02,1378.0106201171875,1404.54296875,1370.643798828125,1392.480224609375,1367.31201171875,379247,0.0,0.0
2022-03-03,1408.798828125,1431.075439453125,1382.4425048828125,1388.1070556640625,1363.0179443359375,476976,0.0,0.0
2022-03-04,1382.9708251953125,1388.9288330078125,1341.2938232421875,1344.052734375,1319.7598876953125,328335,0.0,0.0
2022-03-07,1320.7489013671875,1337.2142333984375,1291.39892578125,1303.5498046875,1279.9891357421875,319233,0.0,0.0
2022-03-08,1303.5498046875,1328.64404296875,1278.48486328125,1320.6314697265625,1296.761962890625,302979,0.0,0.0
2022-03-09,1320.7489013671875,1353.121826171875,1302.4344482421875,1338.8284912109375,1314.630126953125,323029,0.0,0.0
2022-03-10,1384.144775390625,1384.144775390625,1341.2938232421875,1363.5704345703125,1338.9246826171875,307000,0.0,0.0
2022-03-11,1356.086181640625,1388.57666015625,1351.2435302734375,1385.37744140625,1360.337646484375,291455,0.0,0.0
2022-03-14,1385.31884765625,1402.9288330078125,1374.429931640625,1385.201416015625,1360.164794921875,442322,0.0,0.0
2022-03-15,1385.201416015625,1393.68359375,1350.7152099609375,1359.2559814453125,1334.6883544921875,322821,0.0,0.0
2022-03-16,1378.1573486328125,1395.6793212890625,1368.2957763671875,1384.8492431640625,1359.8189697265625,246412,0.0,0.0
2022-03-17,1400.580810546875,1428.8154296875,1383.6751708984375,1397.616455078125,1372.35546875,845360,0.0,0.0
2022-03-21,1408.798828125,1414.8448486328125,1374.5179443359375,1378.8031005859375,1353.8822021484375,285335,0.0,0.0
2022-03-22,1381.708740234375,1385.31884765625,1327.9102783203125,1361.33984375,1336.7344970703125,495889,0.0,0.0
2022-03-23,1375.8094482421875,1375.8094482421875,1321.3358154296875,1347.7801513671875,1323.419921875,995327,0.0,0.0
2022-03-24,1337.7718505859375,1351.0966796875,1330.140869140625,1346.7529296875,1322.411376953125,365826,0.0,0.0
2022-03-25,1352.44677734375,1357.3775634765625,1325.4742431640625,1334.719482421875,1310.5953369140625,401071,0.0,0.0
2022-03-28,1333.0758056640625,1341.763427734375,1314.87890625,1333.8095703125,1309.701904296875,258095,0.0,0.0
2022-03-29,1344.2288818359375,1355.4111328125,1334.9542236328125,1350.098876953125,1325.69677734375,303610,0.0,0.0
2022-03-30,1361.57470703125,1383.70458984375,1343.0548095703125,1375.60400390625,1350.740966796875,484801,0.0,0.0
2022-03-31,1368.8828125,1395.85546875,1356.878662109375,1390.1322021484375,1365.0064697265625,593414,0.0,0.0
2022-04-01,1390.1322021484375,1409.943359375,1382.912109375,1389.545166015625,1364.43017578125,395991,0.0,0.0
2022-04-04,1396.94140625,1429.34375,1394.153076171875,1425.0,1399.244140625,455012,0.0,0.0
2022-04-05,1426.526123046875,1445.83837890625,1424.647705078125,1430.6058349609375,1404.7486572265625,429695,0.0,0.0
2022-04-06,1436.769287109375,1461.5113525390625,1429.9307861328125,1443.226318359375,1417.140869140625,499344,0.0,0.0
2022-04-07,1435.2137451171875,1473.36865234375,1431.897216796875,1450.240966796875,1424.02880859375,464610,0.0,0.0
2022-04-08,1455.7587890625,1484.521728515625,1454.6434326171875,1478.4168701171875,1451.695556640625,608118,0.0,0.0
2022-04-11,1478.0941162109375,1483.08349609375,1458.077392578125,1467.234619140625,1440.71533203125,388223,0.0,0.0
2022-04-12,1459.28076171875,1473.89697265625,1424.6771240234375,1438.5009765625,1412.5010986328125,300284,0.0,0.0
2022-04-13,1429.34375,1461.041748046875,1429.34375,1448.127685546875,1421.9537353515625,235833,0.0,0.0
2022-04-18,1445.662353515625,1445.662353515625,1406.010498046875,1434.744140625,1408.8121337890625,376436,0.0,0.0
2022-04-19,1446.8363037109375,1455.55322265625,1380.0357666015625,1398.2620849609375,1372.989501953125,383363,0.0,0.0
2022-04-20,1400.874267578125,1408.828125,1379.4488525390625,1399.2894287109375,1373.9981689453125,315531,0.0,0.0
2022-04-21,1407.6834716796875,1412.6729736328125,1388.8408203125,1396.970703125,1371.7213134765625,336158,0.0,0.0
2022-04-22,1393.9476318359375,1393.9476318359375,1367.7088623046875,1373.4027099609375,1348.579345703125,173417,0.0,0.0
2022-04-25,1364.7738037109375,1367.5032958984375,1320.7489013671875,1327.61669921875,1303.620849609375,233783,0.0,0.0
2022-04-26,1343.641845703125,1356.4970703125,1325.2100830078125,1334.9542236328125,1310.8258056640625,929769,0.0,0.0
2022-04-27,1314.87890625,1336.5977783203125,1305.7509765625,1326.9710693359375,1302.9869384765625,296027,0.0,0.0
2022-04-28,1350.098876953125,1350.098876953125,1326.618896484375,1338.1240234375,1313.9383544921875,315591,0.0,0.0
2022-04-29,1347.163818359375,1351.2728271484375,1326.765625,1333.28125,1309.18310546875,551746,0.0,0.0
2022-05-02,1326.618896484375,1334.983642578125,1299.6168212890625,1319.0465087890625,1295.20556640625,586116,0.0,0.0
2022-05-04,1331.3148193359375,1332.870361328125,1286.849609375,1291.545654296875,1268.201904296875,613412,0.0,0.0
2022-05-05,1305.1053466796875,1374.723388671875,1294.3631591796875,1351.5369873046875,1327.10888671875,1733386,0.0,0.0
2022-05-06,1333.662841796875,1341.205810546875,1295.71337890625,1300.7908935546875,1277.280029296875,371352,0.0,0.0
2022-05-09,1297.2689208984375,1300.7908935546875,1262.1075439453125,1290.489013671875,1267.1644287109375,504167,0.0,0.0
2022-05-10,1290.489013671875,1354.9415283203125,1290.195556640625,1320.954345703125,1297.078857421875,1239958,0.0,0.0
2022-05-11,1320.8956298828125,1365.94775390625,1320.8956298828125,1360.3126220703125,1335.725830078125,844426,0.0,0.0
2022-05-12,1359.4908447265625,1360.0777587890625,1323.80126953125,1335.9521484375,1311.8057861328125,525606,0.0,0.0
2022-05-13,1358.90380859375,1377.2181396484375,1264.6904296875,1350.392333984375,1325.98486328125,1954231,0.0,0.0
2022-05-16,1358.90380859375,1364.7738037109375,1334.2498779296875,1350.0107421875,1325.610107421875,422709,0.0,0.0
2022-05-17,1357.142822265625,1372.522216796875,1350.392333984375,1356.76123046875,1332.2386474609375,431242,0.0,0.0
2022-05-18,1364.7738037109375,1387.7254638671875,1344.492919921875,1379.5955810546875,1354.660400390625,592908,0.0,0.0
2022-05-19,1349.5118408203125,1358.5809326171875,1340.149169921875,1346.9290771484375,1322.584228515625,275504,0.0,0.0
2022-05-20,1356.5557861328125,1397.058837890625,1356.5557861328125,1392.5389404296875,1367.3697509765625,429950,0.0,0.0
2022-05-23,1397.058837890625,1418.6309814453125,1382.11962890625,1388.60595703125,1363.5079345703125,367433,0.0,0.0
2022-05-24,1390.0147705078125,1421.096435546875,1387.0504150390625,1409.268310546875,1383.796630859375,560629,0.0,0.0
2022-05-25,1415.1383056640625,1419.1300048828125,1373.0211181640625,1377.4237060546875,1352.52783203125,368777,0.0,0.0
2022-05-26,1377.7464599609375,1386.8743896484375,1345.021240234375,1377.100830078125,1352.210693359375,352884,0.0,0.0
2022-05-27,1382.3837890625,1402.9288330078125,1373.7548828125,1394.387939453125,1369.185302734375,337266,0.0,0.0
2022-05-30,1404.6898193359375,1428.7274169921875,1395.2977294921875,1419.3060302734375,1393.653076171875,263858,0.0,0.0
2022-05-31,1419.482177734375,1449.3017578125,1419.482177734375,1428.7274169921875,1402.904052734375,727692,0.0,0.0
2022-06-01,1428.8154296875,1453.6749267578125,1412.6142578125,1419.9810791015625,1394.3160400390625,327666,0.0,0.0
2022-06-02,1417.603759765625,1431.8092041015625,1407.624755859375,1412.4088134765625,1386.88037109375,187788,0.0,0.0
2022-06-03,1418.0146484375,1421.125732421875,1375.1343994140625,1378.6563720703125,1353.7381591796875,207201,0.0,0.0
2022-06-06,1375.9854736328125,1394.50537109375,1366.47607421875,1387.079833984375,1362.0093994140625,235758,0.0,0.0
2022-06-07,1365.507568359375,1394.5933837890625,1357.7298583984375,1382.3250732421875,1357.3404541015625,248395,0.0,0.0
2022-06-08,1385.31884765625,1406.0986328125,1366.5347900390625,1387.079833984375,1362.0093994140625,448310,0.0,0.0
2022-06-09,1379.4488525390625,1394.0650634765625,1373.608154296875,1390.455078125,1365.323486328125,193632,0.0,0.0
2022-06-10,1377.80517578125,1404.366943359375,1370.643798828125,1392.1279296875,1366.9661865234375,130966,0.0,0.0
2022-06-13,1380.50537109375,1416.8699951171875,1379.4781494140625,1398.02734375,1372.759033203125,643911,0.0,0.0
2022-06-14,1398.6729736328125,1412.32080078125,1358.1700439453125,1409.12158203125,1383.652587890625,723503,0.0,0.0
2022-06-15,1423.4737548828125,1423.4737548828125,1391.1888427734375,1398.4969482421875,1373.219970703125,394799,0.0,0.0
2022-06-16,1408.798828125,1420.597412109375,1367.943603515625,1374.54736328125,1349.7032470703125,295817,0.0,0.0
2022-06-17,1361.8388671875,1395.767333984375,1348.8955078125,1363.922607421875,1339.2705078125,832191,0.0,0.0
2022-06-20,1364.186767578125,1375.369140625,1332.1072998046875,1341.05908203125,1316.8203125,204974,0.0,0.0
2022-06-21,1347.7508544921875,1381.972900390625,1343.641845703125,1377.4530029296875,1352.556396484375,248679,0.0,0.0
2022-06-22,1378.86181640625,1379.5955810546875,1321.218505859375,1334.9542236328125,1310.8258056640625,555228,0.0,0.0
2022-06-23,1336.920654296875,1375.8974609375,1336.1868896484375,1371.9351806640625,1347.1383056640625,218393,0.0,0.0
2022-06-24,1379.4488525390625,1397.909912109375,1371.7884521484375,1375.8387451171875,1350.9713134765625,168374,0.0,0.0
2022-06-27,1384.7318115234375,1408.710693359375,1383.5577392578125,1393.5074462890625,1368.3206787109375,267363,0.0,0.0
2022-06-28,1385.31884765625,1400.081787109375,1375.8387451171875,1397.4110107421875,1372.1536865234375,384177,0.0,0.0
2022-06-29,1388.01904296875,1417.0167236328125,1373.7843017578125,1412.1446533203125,1386.62109375,575111,0.0,0.0
2022-06-30,1412.1446533203125,1424.618408203125,1396.9119873046875,1409.0628662109375,1383.5950927734375,515085,0.0,0.0
2022-07-01,1397.645751953125,1423.4737548828125,1389.016845703125,1412.9664306640625,1387.4281005859375,355099,0.0,0.0
2022-07-04,1420.4801025390625,1483.318359375,1415.4906005859375,1480.1485595703125,1453.3958740234375,878789,0.0,0.0
2022-07-05,1487.4566650390625,1526.1693115234375,1475.2177734375,1502.894775390625,1475.7310791015625,1347186,0.0,0.0
2022-07-06,1508.588623046875,1559.0706787109375,1502.748046875,1554.28662109375,1526.1939697265625,1243401,0.0,0.0
2022-07-07,1558.483642578125,1569.7540283203125,1540.9029541015625,1563.5318603515625,1535.2720947265625,710283,0.0,0.0
2022-07-08,1567.8756103515625,1580.613525390625,1556.1356201171875,1573.9510498046875,1545.5029296875,538169,0.0,0.0
2022-07-11,1567.28857421875,1591.942626953125,1562.0936279296875,1570.5465087890625,1542.1600341796875,349221,0.0,0.0
2022-07-12,1560.24462890625,1571.2508544921875,1544.57177734375,1552.9365234375,1524.8682861328125,406288,0.0,0.0
2022-07-13,1557.8966064453125,1561.4185791015625,1541.724853515625,1549.5025634765625,1521.496337890625,238489,0.0,0.0
2022-07-14,1549.5025634765625,1562.3577880859375,1539.72900390625,1552.67236328125,1524.6087646484375,273037,0.0,0.0
2022-07-15,1552.6136474609375,1578.32421875,1541.8421630859375,1573.74560546875,1545.3011474609375,415707,0.0,0.0
2022-07-18,1584.1942138671875,1598.399658203125,1573.9510498046875,1593.5274658203125,1564.7255859375,810516,0.0,0.0
2022-07-19,1591.3555908203125,1614.18994140625,1572.8651123046875,1575.9468994140625,1547.462646484375,759738,0.0,0.0
2022-07-20,1579.0872802734375,1595.8167724609375,1563.0035400390625,1571.01611328125,1542.62109375,607957,0.0,0.0
2022-07-21,1576.6219482421875,1651.2296142578125,1567.28857421875,1645.7117919921875,1615.966552734375,1287234,0.0,0.0
2022-07-22,1643.5985107421875,1644.0975341796875,1611.3135986328125,1616.126953125,1586.9166259765625,712951,0.0,0.0
2022-07-25,1616.126953125,1625.3721923828125,1590.064208984375,1598.135498046875,1569.250244140625,666951,0.0,0.0
2022-07-26,1606.265380859375,1606.265380859375,1564.3536376953125,1571.2508544921875,1542.8515625,570416,0.0,0.0
2022-07-27,1568.34521484375,1599.514892578125,1561.4185791015625,1579.2047119140625,1550.6617431640625,712569,0.0,0.0
2022-07-28,1585.5150146484375,1596.93212890625,1567.406005859375,1575.1544189453125,1546.6845703125,560760,0.0,0.0
2022-07-29,1589.1837158203125,1602.508544921875,1558.6597900390625,1581.4940185546875,1552.9095458984375,730390,0.0,0.0
2022-08-01,1596.286376953125,1623.640625,1585.1627197265625,1619.4434814453125,1590.1732177734375,1069023,0.0,0.0
2022-08-02,1631.5357666015625,1652.403564453125,1602.508544921875,1606.500244140625,1577.4638671875,1245743,0.0,0.0
2022-08-03,1567.28857421875,1578.441650390625,1510.3790283203125,1534.7982177734375,1507.0577392578125,3041673,0.0,0.0
2022-08-04,1552.4669189453125,1558.454345703125,1526.8443603515625,1554.6680908203125,1526.568603515625,597419,0.0,0.0
2022-08-05,1562.005615234375,1595.464599609375,1553.46484375,1579.3514404296875,1550.8056640625,925569,0.0,0.0
2022-08-08,1584.8985595703125,1654.4580078125,1576.2110595703125,1648.6761474609375,1618.8773193359375,1407803,0.0,0.0
2022-08-10,1658.2735595703125,1672.8311767578125,1641.2506103515625,1648.1771240234375,1618.387451171875,1095690,0.0,0.0
2022-08-11,1655.3385009765625,1683.3677978515625,1655.3385009765625,1665.9925537109375,1635.880859375,781368,0.0,0.0
2022-08-12,1666.9317626953125,1687.5648193359375,1657.246337890625,1670.189697265625,1640.0020751953125,687600,0.0,0.0
2022-08-16,1681.16650390625,1716.386474609375,1671.6571044921875,1711.3382568359375,1680.4071044921875,645714,0.0,0.0
2022-08-17,1716.386474609375,1723.665283203125,1688.7974853515625,1700.06787109375,1669.3402099609375,617530,0.0,0.0
2022-08-18,1699.9505615234375,1713.7449951171875,1681.2252197265625,1689.413818359375,1658.8787841796875,380594,0.0,0.0
2022-08-19,1688.2105712890625,1706.4368896484375,1655.925537109375,1673.0953369140625,1642.8553466796875,499767,0.0,0.0
2022-08-22,1669.954833984375,1708.16845703125,1658.332275390625,1688.005126953125,1657.49560546875,964711,0.0,0.0
2022-08-23,1683.33837890625,1712.8057861328125,1666.4915771484375,1690.0008544921875,1659.4552001953125,1023205,0.0,0.0
2022-08-24,1697.0155029296875,1709.5772705078125,1674.1812744140625,1696.8980712890625,1666.227783203125,873372,0.0,0.0
2022-08-25,1711.103515625,1731.58984375,1685.598388671875,1692.5836181640625,1661.9912109375,982377,0.0,0.0
2022-08-26,1705.820556640625,1742.2144775390625,1696.428466796875,1714.06787109375,1683.0872802734375,947651,0.0,0.0
2022-08-29,1688.2105712890625,1701.12451171875,1663.5565185546875,1671.6865234375,1641.471923828125,768044,0.0,0.0
2022-08-30,1687.0364990234375,1706.0260009765625,1680.1685791015625,1692.6717529296875,1662.077880859375,956581,0.0,0.0
2022-09-01,1691.1455078125,1746.323486328125,1678.96533203125,1714.5374755859375,1683.5482177734375,1492962,0.0,0.0
2022-09-02,1725.572998046875,1745.4429931640625,1703.5018310546875,1710.457763671875,1679.54248046875,695603,0.0,0.0
2022-09-05,1716.2984619140625,1730.79736328125,1704.0888671875,1723.0782470703125,1691.9346923828125,261463,0.0,0.0
2022-09-06,1730.4744873046875,1737.81201171875,1696.0762939453125,1732.1180419921875,1700.8111572265625,393111,0.0,0.0
2022-09-07,1728.7135009765625,1752.1934814453125,1718.529052734375,1726.3067626953125,1695.1048583984375,410777,0.0,0.0
2022-09-08,1735.4052734375,1740.365478515625,1721.6695556640625,1730.679931640625,1699.3990478515625,180172,0.0,0.0
2022-09-09,1745.7364501953125,1746.323486328125,1706.407470703125,1717.0615234375,1686.02685546875,209483,0.0,0.0
2022-09-12,1703.6192626953125,1750.4324951171875,1703.6192626953125,1740.4534912109375,1708.9959716796875,335535,0.0,0.0
2022-09-13,1749.17041015625,1799.6817626953125,1737.048828125,1791.8453369140625,1759.4588623046875,1085709,0.0,0.0
2022-09-14,1767.6021728515625,1830.235107421875,1767.6021728515625,1824.74658203125,1791.7655029296875,1076050,0.0,0.0
2022-09-15,1830.264404296875,1842.2978515625,1790.348388671875,1796.9521484375,1764.4735107421875,405480,0.0,0.0
2022-09-16,1796.9521484375,1801.7362060546875,1728.7135009765625,1737.01953125,1705.6240234375,777603,0.0,0.0
2022-09-19,1737.01953125,1752.9859619140625,1719.350830078125,1736.6673583984375,1705.2783203125,558882,0.0,0.0
2022-09-20,1745.35498046875,1771.85791015625,1725.7784423828125,1730.415771484375,1699.1397705078125,416738,0.0,0.0
2022-09-21,1728.7135009765625,1744.973388671875,1707.1119384765625,1709.75341796875,1678.850830078125,210613,0.0,0.0
2022-09-22,1708.16845703125,1732.323486328125,1692.613037109375,1713.6275634765625,1682.65478515625,288257,0.0,0.0
2022-09-23,1721.6695556640625,1732.1767578125,1671.7452392578125,1675.5606689453125,1645.2760009765625,184160,0.0,0.0
2022-09-26,1656.5125732421875,1673.7703857421875,1618.3575439453125,1624.344970703125,1594.9859619140625,385642,0.0,0.0
2022-09-27,1624.344970703125,1630.6845703125,1579.9677734375,1599.485595703125,1570.5760498046875,700193,0.0,0.0
2022-09-28,1584.8985595703125,1610.7265625,1568.462646484375,1585.0159912109375,1556.367919921875,307294,0.0,0.0
2022-09-29,1592.9698486328125,1609.6700439453125,1584.8985595703125,1604.7978515625,1575.792236328125,414664,0.0,0.0
2022-09-30,1612.83984375,1635.4979248046875,1586.3660888671875,1626.4581298828125,1597.06103515625,506266,0.0,0.0
2022-10-03,1626.4581298828125,1630.537841796875,1581.1124267578125,1589.007568359375,1560.287353515625,405756,0.0,0.0
2022-10-04,1605.443603515625,1637.3763427734375,1599.896484375,1614.1312255859375,1584.9569091796875,186967,0.0,0.0
2022-10-06,1622.202392578125,1653.900390625,1615.5986328125,1643.8626708984375,1614.151123046875,335634,0.0,0.0
2022-10-07,1648.2945556640625,1659.3887939453125,1626.0472412109375,1655.103759765625,1625.1888427734375,529082,0.0,0.0
2022-10-10,1628.923583984375,1646.2401123046875,1616.09765625,1628.8355712890625,1599.3955078125,184741,0.0,0.0
2022-10-11,1636.994873046875,1639.8123779296875,1596.286376953125,1600.3660888671875,1571.4405517578125,253398,0.0,0.0
2022-10-12,1608.3785400390625,1631.7412109375,1585.8377685546875,1625.959228515625,1596.5711669921875,312616,0.0,0.0
2022-10-13,1625.959228515625,1630.7138671875,1597.871337890625,1608.407958984375,1579.3370361328125,184935,0.0,0.0
2022-10-14,1638.78515625,1638.78515625,1604.50439453125,1612.1353759765625,1582.9971923828125,247194,0.0,0.0
2022-10-17,1611.2548828125,1622.8187255859375,1596.66796875,1611.5777587890625,1582.449462890625,105577,0.0,0.0
2022-10-18,1614.4833984375,1671.7745361328125,1606.0599365234375,1657.510498046875,1627.5521240234375,573859,0.0,0.0
2022-10-19,1661.20849609375,1704.38232421875,1658.3028564453125,1693.992431640625,1663.37451171875,833409,0.0,0.0
2022-10-20,1687.62353515625,1719.321533203125,1673.8289794921875,1688.15185546875,1657.6396484375,1214721,0.0,0.0
2022-10-21,1688.7974853515625,1698.3656005859375,1644.7725830078125,1651.7872314453125,1621.9322509765625,261570,0.0,0.0
2022-10-24,1665.904541015625,1671.0701904296875,1643.745361328125,1654.047119140625,1624.1512451171875,38693,0.0,0.0
2022-10-25,1661.20849609375,1671.5103759765625,1645.53564453125,1663.5859375,1633.5177001953125,181812,0.0,0.0
2022-10-27,1679.3468017578125,1697.6025390625,1662.646728515625,1690.4117431640625,1659.8587646484375,440627,0.0,0.0
2022-10-28,1695.19580078125,1718.1474609375,1684.7178955078125,1713.0699462890625,1682.107421875,664566,0.0,0.0
2022-10-31,1726.365478515625,1737.5184326171875,1712.864501953125,1717.32568359375,1686.2861328125,566414,0.0,0.0
2022-11-01,1725.92529296875,1743.388427734375,1715.564697265625,1728.8602294921875,1697.6123046875,520576,0.0,0.0
2022-11-02,1730.415771484375,1730.415771484375,1700.56689453125,1707.464111328125,1676.6029052734375,161345,0.0,0.0
2022-11-03,1702.2984619140625,1721.9630126953125,1693.3760986328125,1697.33837890625,1666.66015625,280337,0.0,0.0
2022-11-04,1705.1748046875,1753.0152587890625,1697.33837890625,1745.266845703125,1713.7222900390625,646538,0.0,0.0
2022-11-07,1754.01318359375,1768.8642578125,1714.8016357421875,1723.0782470703125,1691.9346923828125,457290,0.0,0.0
2022-11-09,1736.637939453125,1737.5184326171875,1704.4410400390625,1711.92529296875,1680.9832763671875,264942,0.0,0.0
2022-11-10,1711.807861328125,1726.9525146484375,1694.6087646484375,1713.3341064453125,1682.36669921875,325175,0.0,0.0
2022-11-11,1721.904296875,1742.1851806640625,1706.818359375,1712.3948974609375,1681.4444580078125,507724,0.0,0.0
2022-11-14,1715.7701416015625,1726.923095703125,1698.7764892578125,1704.8226318359375,1674.0091552734375,237371,0.0,0.0
2022-11-15,1712.2774658203125,1712.835205078125,1669.7200927734375,1672.8311767578125,1642.595947265625,445683,0.0,0.0
2022-11-16,1677.64453125,1707.5521240234375,1661.883544921875,1690.6171875,1660.0604248046875,743654,0.0,0.0
2022-11-17,1687.5941162109375,1705.2335205078125,1679.3175048828125,1684.6298828125,1654.1812744140625,458310,0.0,0.0
2022-11-18,1692.8477783203125,1703.4725341796875,1659.8878173828125,1666.0806884765625,1635.9674072265625,380213,0.0,0.0
2022-11-21,1667.0491943359375,1670.0135498046875,1638.3155517578125,1650.37841796875,1620.5489501953125,848682,0.0,0.0
2022-11-22,1658.6551513671875,1666.0806884765625,1637.1708984375,1645.653076171875,1615.908935546875,587806,0.0,0.0
2022-11-23,1636.5838623046875,1642.718017578125,1579.9091796875,1625.841796875,1596.4556884765625,2452673,0.0,0.0
2022-11-24,1638.374267578125,1671.3929443359375,1631.9759521484375,1653.3720703125,1623.488525390625,1063540,0.0,0.0
2022-11-25,1653.3720703125,1669.3385009765625,1614.24853515625,1631.0074462890625,1601.5281982421875,839496,0.0,0.0
2022-11-28,1631.8585205078125,1650.3489990234375,1617.2716064453125,1622.87744140625,1593.544921875,425898,0.0,0.0
2022-11-29,1627.1331787109375,1639.3721923828125,1615.0704345703125,1631.095458984375,1601.6143798828125,329695,0.0,0.0
2022-11-30,1634.4119873046875,1647.12060546875,1623.523193359375,1628.894287109375,1599.4532470703125,803743,0.0,0.0
2022-12-01,1636.5545654296875,1638.1981201171875,1610.96142578125,1628.894287109375,1599.4532470703125,742344,0.0,0.0
2022-12-02,1629.5106201171875,1629.745361328125,1600.072509765625,1624.080810546875,1594.7266845703125,512399,0.0,0.0
2022-12-05,1630.0975341796875,1634.852294921875,1608.965576171875,1622.5252685546875,1593.19921875,299959,0.0,0.0
2022-12-06,1623.5819091796875,1628.923583984375,1614.24853515625,1622.31982421875,1592.9974365234375,278284,0.0,0.0
2022-12-07,1656.5418701171875,1730.4744873046875,1656.5418701171875,1705.43896484375,1674.6142578125,4856338,0.0,0.0
2022-12-08,1708.16845703125,1736.344482421875,1693.2000732421875,1729.21240234375,1697.9581298828125,959261,0.0,0.0
2022-12-09,1731.6484375,1758.0634765625,1723.929443359375,1741.62744140625,1710.148681640625,1211718,0.0,0.0
2022-12-12,1737.2249755859375,1793.2540283203125,1734.6715087890625,1783.5098876953125,1751.274169921875,1514941,0.0,0.0
2022-12-13,1782.1597900390625,1794.633544921875,1740.1893310546875,1755.216552734375,1723.4921875,996714,0.0,0.0
2022-12-14,1757.7406005859375,1785.9459228515625,1747.791015625,1777.669189453125,1745.5390625,752293,0.0,0.0
2022-12-15,1775.6734619140625,1775.6734619140625,1734.7596435546875,1741.333984375,1709.8604736328125,333860,0.0,0.0
2022-12-16,1729.9168701171875,1734.3486328125,1693.3173828125,1699.392822265625,1668.6773681640625,741576,0.0,0.0
2022-12-19,1699.392822265625,1740.424072265625,1683.5145263671875,1735.4639892578125,1704.0965576171875,369496,0.0,0.0
2022-12-20,1726.365478515625,1753.338134765625,1721.757568359375,1735.023681640625,1703.6641845703125,706855,0.0,0.0
2022-12-21,1740.4534912109375,1753.895751953125,1681.1959228515625,1693.170654296875,1662.5677490234375,267492,0.0,0.0
2022-12-22,1697.0155029296875,1708.16845703125,1671.2462158203125,1679.4349365234375,1649.080322265625,332174,0.0,0.0
2022-12-23,1672.948486328125,1679.2587890625,1628.101806640625,1636.0849609375,1606.5137939453125,347993,0.0,0.0
2022-12-26,1652.9906005859375,1689.942138671875,1652.9906005859375,1663.4390869140625,1633.37353515625,882794,0.0,0.0
2022-12-27,1672.948486328125,1684.6884765625,1651.611083984375,1674.65087890625,1644.3826904296875,313143,0.0,0.0
2022-12-28,1672.0386962890625,1691.527099609375,1664.1435546875,1679.4935302734375,1649.1378173828125,186654,0.0,0.0
2022-12-29,1678.2315673828125,1678.7891845703125,1641.1331787109375,1656.747314453125,1626.802734375,532375,0.0,0.0
2022-12-30,1665.0533447265625,1681.72412109375,1655.3385009765625,1659.0953369140625,1629.1082763671875,236707,0.0,0.0
2023-01-02,1670.6005859375,1672.8604736328125,1653.460205078125,1660.239990234375,1630.2322998046875,211608,0.0,0.0
2023-01-03,1662.9696044921875,1675.73681640625,1658.2735595703125,1665.5816650390625,1635.4774169921875,154523,0.0,0.0
2023-01-04,1660.0345458984375,1671.6865234375,1649.468505859375,1652.667724609375,1622.7967529296875,94896,0.0,0.0
2023-01-05,1663.5565185546875,1705.96728515625,1652.7264404296875,1699.48095703125,1668.7640380859375,516535,0.0,0.0
2023-01-06,1707.9630126953125,1714.478759765625,1686.7430419921875,1697.4263916015625,1666.74658203125,389146,0.0,0.0
2023-01-09,1699.921142578125,1721.9630126953125,1695.2545166015625,1704.4410400390625,1673.63427734375,273042,0.0,0.0
2023-01-10,1711.103515625,1714.0384521484375,1675.590087890625,1684.776611328125,1654.325439453125,216276,0.0,0.0
2023-01-11,1690.5584716796875,1731.58984375,1675.648681640625,1726.365478515625,1695.16259765625,575840,0.0,0.0
2023-01-12,1726.365478515625,1755.8916015625,1724.751220703125,1750.0216064453125,1718.39111328125,582019,0.0,0.0
2023-01-13,1745.1495361328125,1749.14111328125,1719.321533203125,1741.3927001953125,1709.9183349609375,371640,0.0,0.0
2023-01-16,1742.801513671875,1749.69873046875,1722.4913330078125,1727.950439453125,1696.7188720703125,173518,0.0,0.0
2023-01-17,1778.2562255859375,1792.6671142578125,1705.3509521484375,1728.9776611328125,1697.7275390625,2357942,0.0,0.0
2023-01-18,1743.388427734375,1810.453125,1739.3675537109375,1798.947998046875,1766.433349609375,2312918,0.0,0.0
2023-01-19,1798.56640625,1816.11767578125,1786.2393798828125,1788.968994140625,1756.634765625,842164,0.0,0.0
2023-01-20,1793.7823486328125,1824.1009521484375,1786.91455078125,1796.7467041015625,1764.2716064453125,1055934,0.0,0.0
2023-01-23,1810.8934326171875,1818.26025390625,1782.365234375,1795.337890625,1762.8883056640625,493693,0.0,0.0
2023-01-24,1795.337890625,1795.337890625,1770.21435546875,1783.304443359375,1751.072509765625,481186,0.0,0.0
2023-01-25,1783.304443359375,1785.711181640625,1739.866455078125,1758.2396240234375,1726.460693359375,438949,0.0,0.0
2023-01-27,1760.382080078125,1767.0445556640625,1702.592041015625,1736.2857666015625,1704.903564453125,281959,0.0,0.0
2023-01-30,1735.786865234375,1753.2794189453125,1702.2984619140625,1712.306884765625,1681.358154296875,369712,0.0,0.0
2023-01-31,1717.0615234375,1749.2584228515625,1712.5123291015625,1717.82470703125,1696.684814453125,665699,10.0,0.0
2023-02-01,1731.6484375,1802.704833984375,1697.2503662109375,1728.772216796875,1707.4976806640625,1739146,0.0,0.0
2023-02-02,1728.772216796875,1745.0908203125,1704.6759033203125,1717.2669677734375,1696.134033203125,592417,0.0,0.0
2023-02-03,1722.8140869140625,1789.761474609375,1714.214599609375,1777.25830078125,1755.38720703125,994847,0.0,0.0
2023-02-06,1786.2393798828125,1812.0673828125,1772.38623046875,1807.0191650390625,1784.7816162109375,647329,0.0,0.0
2023-02-07,1817.9373779296875,1840.243408203125,1793.8704833984375,1830.293701171875,1807.7698974609375,633612,0.0,0.0
2023-02-08,1830.8514404296875,1839.949951171875,1814.47412109375,1832.025390625,1809.4803466796875,330625,0.0,0.0
2023-02-09,1826.1553955078125,1863.1363525390625,1817.3504638671875,1821.870361328125,1799.4500732421875,905913,0.0,0.0
2023-02-10,1818.5244140625,1846.1134033203125,1813.828369140625,1837.7486572265625,1815.133056640625,344061,0.0,0.0
2023-02-13,1857.8533935546875,1857.8533935546875,1806.9605712890625,1836.9561767578125,1814.350341796875,507533,0.0,0.0
2023-02-14,1840.243408203125,1847.6689453125,1808.01708984375,1834.343994140625,1811.7703857421875,992697,0.0,0.0
2023-02-15,1849.04833984375,1906.6036376953125,1814.5621337890625,1895.6561279296875,1872.327880859375,2489342,0.0,0.0
2023-02-16,1905.9580078125,1907.748291015625,1886.0880126953125,1891.7232666015625,1868.443359375,868464,0.0,0.0
2023-02-17,1891.69384765625,1904.8133544921875,1869.828125,1875.4339599609375,1852.354736328125,596654,0.0,0.0
2023-02-20,1884.2095947265625,1903.02294921875,1874.289306640625,1876.6080322265625,1853.5142822265625,577187,0.0,0.0
2023-02-21,1890.1090087890625,1939.9158935546875,1875.903564453125,1933.6937255859375,1909.8974609375,2267083,0.0,0.0
2023-02-22,1934.163330078125,1945.1988525390625,1905.4296875,1908.6287841796875,1885.1409912109375,876944,0.0,0.0
2023-02-23,1913.5595703125,1925.3582763671875,1899.0020751953125,1911.8572998046875,1888.329833984375,539054,0.0,0.0
2023-02-24,1921.4254150390625,1924.213623046875,1890.1383056640625,1905.69384765625,1882.2421875,273422,0.0,0.0
2023-02-27,1905.69384765625,1913.79443359375,1856.2684326171875,1879.513671875,1856.384033203125,521428,0.0,0.0
2023-02-28,1888.93505859375,1916.1717529296875,1866.6583251953125,1905.7525634765625,1882.3001708984375,670709,0.0,0.0
2023-03-01,1912.4443359375,1917.55126953125,1896.1551513671875,1911.9454345703125,1888.416748046875,375381,0.0,0.0
2023-03-02,1913.6182861328125,1913.6182861328125,1831.4383544921875,1838.51171875,1815.8868408203125,963864,0.0,0.0
2023-03-03,1851.9833984375,1868.47802734375,1838.482421875,1857.0316162109375,1834.1787109375,515155,0.0,0.0
2023-03-06,1864.3104248046875,1895.1865234375,1860.524169921875,1891.400390625,1868.1246337890625,394371,0.0,0.0
2023-03-08,1886.6163330078125,1933.5762939453125,1881.6268310546875,1929.7314453125,1905.98388671875,532620,0.0,0.0
2023-03-09,1934.163330078125,1949.8948974609375,1928.7042236328125,1936.6873779296875,1912.854248046875,550547,0.0,0.0
2023-03-10,1913.6182861328125,1950.393798828125,1906.0167236328125,1942.41064453125,1918.507080078125,372576,0.0,0.0
2023-03-13,1948.1339111328125,1948.8089599609375,1904.6666259765625,1919.458984375,1895.837890625,468760,0.0,0.0
2023-03-14,1916.49462890625,1923.3331298828125,1891.13623046875,1909.45068359375,1885.95263671875,417775,0.0,0.0
2023-03-15,1928.1759033203125,1943.056396484375,1916.5533447265625,1925.7105712890625,1902.0125732421875,447100,0.0,0.0
2023-03-16,1920.427490234375,1922.305908203125,1880.6876220703125,1915.848876953125,1892.272216796875,383899,0.0,0.0
2023-03-17,1925.3582763671875,1947.0772705078125,1915.2032470703125,1931.463134765625,1907.6942138671875,621528,0.0,0.0
2023-03-20,1913.6182861328125,1941.7650146484375,1913.6182861328125,1932.549072265625,1908.766845703125,244724,0.0,0.0
2023-03-21,1940.0333251953125,1956.3812255859375,1927.1192626953125,1944.8173828125,1920.8841552734375,385393,0.0,0.0
2023-03-22,1953.5343017578125,1964.657958984375,1922.834228515625,1941.442138671875,1917.5506591796875,612734,0.0,0.0
2023-03-23,1941.442138671875,1960.5782470703125,1935.278564453125,1951.743896484375,1927.7254638671875,428836,0.0,0.0
2023-03-24,1966.4482421875,1966.4482421875,1940.5322265625,1956.7333984375,1932.653564453125,565595,0.0,0.0
2023-03-27,1956.7333984375,1969.7061767578125,1923.3331298828125,1931.08154296875,1907.3175048828125,485104,0.0,0.0
2023-03-28,1934.1046142578125,1941.735595703125,1910.712646484375,1921.0732421875,1897.432373046875,273833,0.0,0.0
2023-03-29,1922.98095703125,1965.861328125,1922.98095703125,1952.272216796875,1928.247314453125,606070,0.0,0.0
2023-03-31,1952.3309326171875,1966.4482421875,1945.9033203125,1953.035400390625,1929.0010986328125,332017,0.0,0.0
2023-04-03,1964.687255859375,1972.3182373046875,1943.085693359375,1968.0625,1943.84326171875,260150,0.0,0.0
2023-04-05,1968.0625,1982.6494140625,1951.0982666015625,1967.123291015625,1942.9156494140625,415184,0.0,0.0
2023-04-06,1967.5928955078125,1975.4000244140625,1950.3057861328125,1972.230224609375,1947.959716796875,473579,0.0,0.0
2023-04-10,1975.2532958984375,1995.7982177734375,1969.5887451171875,1986.1715087890625,1961.7294921875,421077,0.0,0.0
2023-04-11,1984.0582275390625,1995.7982177734375,1959.9913330078125,1964.4525146484375,1940.2777099609375,372128,0.0,0.0
2023-04-12,1968.7669677734375,1982.1798095703125,1947.400146484375,1957.4378662109375,1933.3494873046875,261652,0.0,0.0
2023-04-13,1960.5489501953125,1975.7816162109375,1942.96826171875,1952.65380859375,1928.6241455078125,412559,0.0,0.0
2023-04-17,1954.708251953125,1981.123291015625,1946.4903564453125,1960.372802734375,1936.2481689453125,300927,0.0,0.0
2023-04-18,1968.150634765625,1973.9912109375,1940.1507568359375,1946.343505859375,1922.3914794921875,402770,0.0,0.0
2023-04-19,1948.5447998046875,1954.708251953125,1912.4443359375,1914.6456298828125,1891.083740234375,460840,0.0,0.0
2023-04-20,1923.5972900390625,1937.7733154296875,1915.3206787109375,1920.25146484375,1896.6204833984375,328472,0.0,0.0
2023-04-21,1931.1695556640625,1934.8970947265625,1901.8782958984375,1907.425537109375,1883.9525146484375,328323,0.0,0.0
2023-04-24,1907.748291015625,1928.2933349609375,1905.4296875,1918.66650390625,1895.05517578125,218305,0.0,0.0
2023-04-25,1927.6475830078125,1970.6746826171875,1920.0753173828125,1955.500732421875,1931.43603515625,710745,0.0,0.0
2023-04-26,1959.375,2028.875732421875,1957.672607421875,2023.768798828125,1998.864013671875,1231057,0.0,0.0
2023-04-27,2025.118896484375,2043.9322509765625,2013.408203125,2018.9554443359375,1994.10986328125,822523,0.0,0.0
2023-04-28,2025.148193359375,2036.2718505859375,2014.0245361328125,2024.9134521484375,1999.99462890625,769114,0.0,0.0
2023-05-02,2032.3095703125,2071.37451171875,2025.1776123046875,2054.556884765625,2029.273193359375,587097,0.0,0.0
2023-05-03,2054.498291015625,2082.9677734375,2037.123046875,2078.506591796875,2052.92822265625,591278,0.0,0.0
2023-05-04,2079.7392578125,2111.37841796875,2073.2822265625,2100.489501953125,2074.640625,682337,0.0,0.0
2023-05-05,2107.298828125,2139.084716796875,2102.045166015625,2133.420166015625,2107.166015625,595310,0.0,0.0
2023-05-08,2142.518798828125,2171.898193359375,2125.319580078125,2165.88134765625,2139.227783203125,551199,0.0,0.0
2023-05-09,2185.399169921875,2186.1328125,2132.217041015625,2151.118408203125,2124.646484375,808217,0.0,0.0
2023-05-10,2160.158203125,2207.000732421875,2151.499755859375,2180.380126953125,2153.548095703125,955917,0.0,0.0
2023-05-11,2184.4599609375,2237.64208984375,2176.8876953125,2228.866455078125,2201.4375,880070,0.0,0.0
2023-05-12,2251.14306640625,2311.8388671875,2225.78466796875,2284.04443359375,2255.936767578125,2095305,0.0,0.0
2023-05-15,2297.51611328125,2304.149169921875,2241.897705078125,2250.203857421875,2222.512451171875,805223,0.0,0.0
2023-05-16,2263.469970703125,2298.07373046875,2257.60009765625,2272.862060546875,2244.891845703125,618130,0.0,0.0
2023-05-17,2282.25390625,2300.098876953125,2254.40087890625,2284.13232421875,2256.0234375,635639,0.0,0.0
2023-05-18,2300.450927734375,2300.450927734375,2243.57080078125,2249.52880859375,2221.845947265625,687438,0.0,0.0
2023-05-19,2254.753173828125,2276.384033203125,2124.380615234375,2185.222900390625,2158.331298828125,1256060,0.0,0.0
2023-05-22,2113.2568359375,2116.72021484375,1945.345703125,1995.6221923828125,1971.063720703125,8408508,0.0,0.0
2023-05-23,2005.7479248046875,2014.582275390625,1977.0435791015625,2002.0205078125,1977.3834228515625,1757211,0.0,0.0
2023-05-24,2002.0205078125,2044.3431396484375,1981.7103271484375,2013.9952392578125,1989.210693359375,1467905,0.0,0.0
2023-05-25,2018.104248046875,2053.64697265625,2006.5404052734375,2047.013916015625,2021.8231201171875,1252852,0.0,0.0
2023-05-26,2054.498291015625,2080.9130859375,2042.141845703125,2065.885986328125,2040.4630126953125,755510,0.0,0.0
2023-05-29,2083.84814453125,2086.1962890625,2049.21533203125,2061.953125,2036.57861328125,846908,0.0,0.0
2023-05-30,2073.869140625,2116.133056640625,2066.326171875,2089.5419921875,2063.82763671875,1358081,0.0,0.0
2023-05-31,2089.71826171875,2100.636474609375,2067.9111328125,2084.816650390625,2059.160888671875,3283304,0.0,0.0
2023-06-01,2084.816650390625,2089.5419921875,2065.064208984375,2074.63232421875,2049.101806640625,336448,0.0,0.0
2023-06-02,2077.39111328125,2095.558837890625,2070.171142578125,2085.40380859375,2059.740478515625,398025,0.0,0.0
2023-06-05,2085.40380859375,2103.630126953125,2061.571533203125,2067.412109375,2041.97021484375,369899,0.0,0.0
2023-06-06,2069.20263671875,2109.089111328125,2064.007568359375,2105.126953125,2079.220947265625,528191,0.0,0.0
2023-06-07,2122.003173828125,2148.330078125,2113.1982421875,2144.83740234375,2118.44287109375,981639,0.0,0.0
2023-06-08,2153.671875,2156.4013671875,2120.271484375,2148.09521484375,2121.660400390625,674203,0.0,0.0
2023-06-09,2157.19384765625,2169.227294921875,2131.424560546875,2147.56689453125,2121.138916015625,465519,0.0,0.0
2023-06-12,2159.571044921875,2160.128662109375,2135.504150390625,2147.47900390625,2121.052001953125,205473,0.0,0.0
2023-06-13,2145.483154296875,2196.66943359375,2139.642578125,2192.0908203125,2165.11474609375,513455,0.0,0.0
2023-06-14,2200.6611328125,2212.6064453125,2187.51220703125,2208.99658203125,2181.812255859375,424054,0.0,0.0
2023-06-15,2211.81396484375,2217.68408203125,2189.8310546875,2202.24609375,2175.14501953125,425059,0.0,0.0
2023-06-16,2199.28173828125,2230.010986328125,2195.378173828125,2226.5478515625,2199.147705078125,521744,0.0,0.0
2023-06-19,2231.77197265625,2252.904052734375,2220.824462890625,2235.117919921875,2207.6123046875,388770,0.0,0.0
2023-06-20,2248.2080078125,2254.078125,2227.89794921875,2247.85595703125,2220.193603515625,543980,0.0,0.0
2023-06-21,2251.14306640625,2265.75927734375,2218.916748046875,2231.918701171875,2204.452392578125,611843,0.0,0.0
2023-06-22,2235.2939453125,2236.468017578125,2160.392822265625,2165.35302734375,2138.7060546875,591744,0.0,0.0
2023-06-23,2170.13720703125,2175.361328125,2136.73681640625,2157.634033203125,2131.081787109375,293332,0.0,0.0
2023-06-26,2160.128662109375,2179.529052734375,2139.671875,2171.5166015625,2144.79345703125,365427,0.0,0.0
2023-06-27,2169.256591796875,2185.135009765625,2165.147705078125,2175.53759765625,2148.76513671875,349944,0.0,0.0
2023-06-28,2191.856201171875,2219.79736328125,2161.50830078125,2209.90625,2182.710693359375,741217,0.0,0.0
2023-06-30,2209.466064453125,2216.451416015625,2186.39697265625,2210.904296875,2183.696533203125,332661,0.0,0.0
2023-07-03,2212.988037109375,2223.553955078125,2180.380126953125,2188.01123046875,2161.085205078125,232954,0.0,0.0
2023-07-04,2187.7470703125,2201.189453125,2154.2880859375,2173.776611328125,2147.02587890625,427882,0.0,0.0
2023-07-05,2173.072021484375,2206.531005859375,2172.044921875,2177.76806640625,2150.968017578125,391051,0.0,0.0
2023-07-06,2186.42626953125,2207.1181640625,2178.149658203125,2189.9482421875,2162.99853515625,370134,0.0,0.0
2023-07-07,2178.677978515625,2200.514404296875,2160.216796875,2166.292236328125,2139.6337890625,309705,0.0,0.0
2023-07-10,2171.898193359375,2179.998779296875,2135.59228515625,2141.05126953125,2114.703125,404344,0.0,0.0
2023-07-11,2152.233642578125,2216.510009765625,2143.16455078125,2210.9921875,2183.783447265625,684220,0.0,0.0
2023-07-12,2230.480712890625,2275.298095703125,2227.516357421875,2247.532958984375,2219.874267578125,1560437,0.0,0.0
2023-07-13,2254.312744140625,2254.312744140625,2174.24609375,2188.53955078125,2161.607177734375,745343,0.0,0.0
2023-07-14,2200.044677734375,2204.18310546875,2160.8037109375,2165.91064453125,2139.256591796875,819344,0.0,0.0
2023-07-17,2185.986083984375,2192.0029296875,2164.29638671875,2173.130859375,2146.387939453125,559835,0.0,0.0
2023-07-18,2174.891845703125,2194.2041015625,2160.158203125,2172.86669921875,2146.127197265625,505066,0.0,0.0
2023-07-19,2162.62353515625,2201.248046875,2162.62353515625,2177.9736328125,2151.171142578125,507758,0.0,0.0
2023-07-20,2182.464111328125,2197.69677734375,2060.691162109375,2133.97802734375,2107.717041015625,1133658,0.0,0.0
2023-07-21,2134.917236328125,2150.149658203125,2116.4560546875,2121.38671875,2095.28076171875,595825,0.0,0.0
2023-07-24,2124.938232421875,2178.707275390625,2116.16259765625,2168.904296875,2142.21337890625,468700,0.0,0.0
2023-07-25,2171.81005859375,2189.156005859375,2152.1162109375,2167.642333984375,2140.96728515625,576871,0.0,0.0
2023-07-26,2171.31103515625,2214.162109375,2155.491455078125,2209.05517578125,2181.8701171875,349175,0.0,0.0
2023-07-27,2210.023681640625,2226.459716796875,2194.673583984375,2202.422119140625,2175.31884765625,299478,0.0,0.0
2023-07-28,2210.052978515625,2268.342041015625,2197.344482421875,2264.468017578125,2236.60107421875,692509,0.0,0.0
2023-07-31,2312.42578125,2388.412841796875,2290.765380859375,2338.01904296875,2309.2470703125,2739155,0.0,0.0
2023-08-01,2350.932861328125,2350.932861328125,2276.384033203125,2283.985595703125,2255.87841796875,558935,0.0,0.0
2023-08-02,2283.427978515625,2287.80126953125,2223.260498046875,2241.7509765625,2214.163818359375,549002,0.0,0.0
2023-08-03,2244.069580078125,2270.396728515625,2186.572998046875,2227.6337890625,2200.22021484375,761346,0.0,0.0
2023-08-04,2236.468017578125,2247.474365234375,2209.143310546875,2216.510009765625,2189.2333984375,447988,0.0,0.0
2023-08-07,2236.468017578125,2269.340087890625,2226.518310546875,2250.61474609375,2222.91845703125,591402,0.0,0.0
2023-08-08,2257.60009765625,2257.60009765625,2184.81201171875,2218.4765625,2191.175537109375,648131,0.0,0.0
2023-08-09,2230.539306640625,2230.59814453125,2159.36572265625,2190.74072265625,2163.781005859375,1460256,0.0,0.0
2023-08-10,2193.030029296875,2201.21875,2145.04296875,2153.378173828125,2126.87841796875,502959,0.0,0.0
2023-08-11,2154.2294921875,2177.26904296875,2138.527099609375,2144.162353515625,2117.77587890625,366862,0.0,0.0
2023-08-14,2152.0576171875,2157.076416015625,2093.8271484375,2114.724365234375,2088.700439453125,463649,0.0,0.0
2023-08-16,2113.1982421875,2129.839599609375,2093.739013671875,2117.5126953125,2091.454345703125,382100,0.0,0.0
2023-08-17,2127.2861328125,2130.22119140625,2092.94677734375,2099.139404296875,2073.307373046875,384688,0.0,0.0
2023-08-18,2100.2841796875,2131.982177734375,2100.2841796875,2116.77880859375,2090.729248046875,672406,0.0,0.0
2023-08-21,2132.45166015625,2152.204345703125,2121.005126953125,2144.22119140625,2117.834228515625,523153,0.0,0.0
2023-08-22,2150.120361328125,2164.883544921875,2143.16455078125,2150.560791015625,2124.095703125,305247,0.0,0.0
2023-08-23,2151.35302734375,2194.2041015625,2151.35302734375,2182.66943359375,2155.80908203125,548819,0.0,0.0
2023-08-24,2194.732421875,2258.9208984375,2190.74072265625,2232.711181640625,2205.23486328125,1246331,0.0,0.0
2023-08-25,2234.1201171875,2268.7529296875,2218.623291015625,2222.937744140625,2195.58203125,666187,0.0,0.0
2023-08-28,2228.220703125,2267.520263671875,2220.765869140625,2258.18701171875,2230.3974609375,467613,0.0,0.0
2023-08-29,2271.10107421875,2280.492919921875,2260.82861328125,2268.95849609375,2241.036376953125,533864,0.0,0.0
2023-08-30,2280.492919921875,2283.427978515625,2264.08642578125,2269.8388671875,2241.906005859375,425172,0.0,0.0
2023-08-31,2268.7529296875,2343.859619140625,2257.717529296875,2302.270751953125,2273.938720703125,1194157,0.0,0.0
2023-09-01,2302.270751953125,2303.885009765625,2255.281494140625,2281.6962890625,2253.6171875,455433,0.0,0.0
2023-09-04,2283.427978515625,2299.9814453125,2245.419677734375,2284.748779296875,2256.63232421875,330030,0.0,0.0
2023-09-05,2289.298095703125,2305.08837890625,2279.23095703125,2289.50341796875,2261.32861328125,390707,0.0,0.0
2023-09-06,2301.0380859375,2320.99609375,2288.006591796875,2315.595458984375,2287.099365234375,398969,0.0,0.0
2023-09-07,2317.914306640625,2337.079833984375,2306.907958984375,2312.74853515625,2284.28759765625,369790,0.0,0.0
2023-09-08,2315.712890625,2332.67724609375,2305.763427734375,2316.065185546875,2287.5634765625,268889,0.0,0.0
2023-09-11,2316.065185546875,2347.939208984375,2309.872314453125,2321.436279296875,2292.868408203125,530792,0.0,0.0
2023-09-12,2328.450927734375,2337.901611328125,2238.25830078125,2254.019287109375,2226.28125,582758,0.0,0.0
2023-09-13,2262.765625,2262.765625,2230.71533203125,2247.41552734375,2219.758544921875,240449,0.0,0.0
2023-09-14,2252.140869140625,2260.534912109375,2231.18505859375,2247.1220703125,2219.46875,284513,0.0,0.0
2023-09-15,2255.017333984375,2262.2666015625,2233.532958984375,2236.967041015625,2209.438720703125,672670,0.0,0.0
2023-09-18,2236.967041015625,2248.736328125,2207.587646484375,2218.124267578125,2190.827880859375,253485,0.0,0.0
2023-09-20,2215.21875,2236.438720703125,2201.042724609375,2215.394775390625,2188.1318359375,499215,0.0,0.0
2023-09-21,2212.988037109375,2241.075927734375,2185.399169921875,2195.378173828125,2168.361328125,463586,0.0,0.0
2023-09-22,2200.162109375,2210.69873046875,2160.216796875,2165.470458984375,2138.822021484375,244783,0.0,0.0
2023-09-25,2177.76806640625,2180.585693359375,2149.592041015625,2168.728271484375,2142.03955078125,245560,0.0,0.0
2023-09-26,2171.898193359375,2176.770263671875,2153.613037109375,2160.334228515625,2133.7490234375,329823,0.0,0.0
2023-09-27,2160.158203125,2192.443115234375,2138.527099609375,2186.89599609375,2159.983642578125,375787,0.0,0.0
2023-09-28,2195.935791015625,2195.935791015625,2122.003173828125,2128.782958984375,2102.585693359375,452819,0.0,0.0
2023-09-29,2130.30908203125,2165.998779296875,2130.30908203125,2155.755615234375,2129.2265625,306121,0.0,0.0
2023-10-03,2148.418212890625,2155.462158203125,2088.837646484375,2095.3828125,2069.5966796875,1181655,0.0,0.0
2023-10-04,2095.588134765625,2114.401611328125,2052.062255859375,2055.320068359375,2030.0269775390625,1326457,0.0,0.0
2023-10-05,2065.651123046875,2086.430908203125,2057.609375,2066.06201171875,2040.63671875,475857,0.0,0.0
2023-10-06,2080.737060546875,2098.523193359375,2055.672119140625,2073.869140625,2048.347900390625,747181,0.0,0.0
2023-10-09,2066.23828125,2088.16259765625,2036.0958251953125,2079.122802734375,2053.536865234375,464336,0.0,0.0
2023-10-10,2076.21728515625,2115.604736328125,2076.21728515625,2107.944580078125,2082.00390625,401794,0.0,0.0
2023-10-11,2128.460205078125,2133.126708984375,2081.236083984375,2088.837646484375,2063.132080078125,797232,0.0,0.0
2023-10-12,2089.74755859375,2119.068115234375,2088.837646484375,2113.78515625,2087.7724609375,386339,0.0,0.0
2023-10-13,2092.653076171875,2118.6572265625,2091.068359375,2108.61962890625,2082.6708984375,268932,0.0,0.0
2023-10-16,2113.1982421875,2124.35107421875,2099.139404296875,2114.401611328125,2088.38134765625,490957,0.0,0.0
2023-10-17,2127.755859375,2127.755859375,2101.458251953125,2109.118408203125,2083.16357421875,387230,0.0,0.0
2023-10-18,2110.26318359375,2119.655029296875,2045.6932373046875,2050.007568359375,2024.780029296875,904120,0.0,0.0
2023-10-19,2047.4248046875,2047.4248046875,2016.460693359375,2033.219482421875,2008.1983642578125,705738,0.0,0.0
2023-10-20,2025.118896484375,2039.7938232421875,2005.2196044921875,2020.3348388671875,1995.4722900390625,425467,0.0,0.0
2023-10-23,2020.3348388671875,2039.5296630859375,1997.588623046875,2004.45654296875,1979.7894287109375,324155,0.0,0.0
2023-10-25,2004.45654296875,2020.3641357421875,1986.9932861328125,2015.0811767578125,1990.2833251953125,408712,0.0,0.0
2023-10-26,2007.5382080078125,2015.139892578125,1966.4482421875,1999.760498046875,1975.1512451171875,689937,0.0,0.0
2023-10-27,1995.7982177734375,2024.5318603515625,1986.8465576171875,2011.647216796875,1986.8916015625,265119,0.0,0.0
2023-10-30,1995.8863525390625,2033.3369140625,1995.7982177734375,2013.760498046875,1988.97900390625,217044,0.0,0.0
2023-10-31,2008.125244140625,2013.408203125,1905.400390625,1955.2659912109375,1931.204345703125,1997149,0.0,0.0
2023-11-01,1960.5782470703125,1971.7313232421875,1945.1988525390625,1952.15478515625,1928.1312255859375,598879,0.0,0.0
2023-11-02,1957.5845947265625,1985.1148681640625,1954.121337890625,1978.716552734375,1954.3660888671875,203543,0.0,0.0
2023-11-03,1992.86328125,1992.86328125,1968.6202392578125,1976.7501220703125,1952.4239501953125,432519,0.0,0.0
2023-11-06,1981.4461669921875,1984.116943359375,1959.785888671875,1976.544677734375,1952.220947265625,765326,0.0,0.0
2023-11-07,1937.0982666015625,1975.6934814453125,1937.0689697265625,1965.0394287109375,1940.8572998046875,684705,0.0,0.0
2023-11-08,1963.5133056640625,2013.496337890625,1963.5133056640625,2009.8275146484375,1985.0943603515625,328797,0.0,0.0
2023-11-09,2016.9302978515625,2022.2132568359375,1984.645263671875,1989.5467529296875,1965.063232421875,690511,0.0,0.0
2023-11-10,1986.9932861328125,2007.303466796875,1982.32666015625,2000.1126708984375,1975.4990234375,457427,0.0,0.0
2023-11-13,2008.125244140625,2015.4627685546875,1994.77099609375,2006.3642578125,1981.6737060546875,164018,0.0,0.0
2023-11-15,2033.9532470703125,2094.8837890625,2003.4586181640625,2051.856689453125,2026.6063232421875,2036950,0.0,0.0
2023-11-16,2060.250732421875,2078.359619140625,2035.0391845703125,2069.173095703125,2043.7095947265625,656910,0.0,0.0
2023-11-17,2072.108154296875,2102.16259765625,2055.70166015625,2096.0283203125,2070.234375,525864,0.0,0.0
2023-11-20,2101.458251953125,2110.26318359375,2089.71826171875,2105.09765625,2079.19189453125,186235,0.0,0.0
2023-11-21,2113.1982421875,2118.833251953125,2090.5400390625,2106.7705078125,2080.84423828125,300426,0.0,0.0
2023-11-22,2106.7705078125,2113.1982421875,2066.23828125,2083.26123046875,2057.62451171875,278833,0.0,0.0
2023-11-23,2087.3701171875,2134.330078125,2072.108154296875,2124.468505859375,2098.324462890625,535388,0.0,0.0
2023-11-24,2136.67822265625,2137.76416015625,2116.16259765625,2129.986328125,2103.7744140625,392504,0.0,0.0
2023-11-28,2136.67822265625,2146.6572265625,2098.845947265625,2140.49365234375,2114.15234375,460978,0.0,0.0
2023-11-29,2158.984130859375,2158.984130859375,2105.36181640625,2134.183349609375,2107.919677734375,1357340,0.0,0.0
2023-11-30,2136.619384765625,2151.676025390625,2122.4140625,2147.00927734375,2120.588134765625,859189,0.0,0.0
2023-12-01,2154.2880859375,2218.82861328125,2140.904541015625,2203.06787109375,2175.95654296875,683148,0.0,0.0
2023-12-04,2230.568603515625,2252.874755859375,2195.730224609375,2234.824462890625,2207.322265625,1042728,0.0,0.0
2023-12-05,2236.468017578125,2259.947998046875,2216.539306640625,2256.132568359375,2228.368408203125,548981,0.0,0.0
2023-12-06,2259.947998046875,2303.679443359375,2251.17236328125,2261.0927734375,2233.267578125,743908,0.0,0.0
2023-12-07,2270.484619140625,2270.513916015625,2238.639892578125,2249.52880859375,2221.845947265625,239029,0.0,0.0
2023-12-08,2263.469970703125,2278.99609375,2221.822509765625,2246.564453125,2218.91796875,270593,0.0,0.0
2023-12-11,2248.2080078125,2286.363037109375,2248.2080078125,2281.226806640625,2253.15380859375,311661,0.0,0.0
2023-12-12,2281.226806640625,2292.99609375,2249.968994140625,2263.734130859375,2235.876220703125,227102,0.0,0.0
2023-12-13,2269.927001953125,2316.886962890625,2264.732177734375,2309.49072265625,2281.06982421875,443226,0.0,0.0
2023-12-14,2318.64794921875,2318.64794921875,2278.027587890625,2299.893310546875,2271.590576171875,363192,0.0,0.0
2023-12-15,2309.843017578125,2321.5830078125,2268.283447265625,2293.5830078125,2265.35791015625,635745,0.0,0.0
2023-12-18,2298.279052734375,2491.812744140625,2289.943603515625,2429.737548828125,2399.8369140625,2801186,0.0,0.0
2023-12-19,2436.0478515625,2450.37060546875,2348.02734375,2359.503173828125,2330.467041015625,880976,0.0,0.0
2023-12-20,2380.16552734375,2410.1318359375,2275.44482421875,2294.6689453125,2266.430419921875,735360,0.0,0.0
2023-12-21,2263.469970703125,2332.736083984375,2235.968994140625,2328.59765625,2299.941650390625,586859,0.0,0.0
2023-12-22,2397.892822265625,2418.43798828125,2306.643798828125,2321.90576171875,2293.33203125,1064690,0.0,0.0
2023-12-26,2339.19287109375,2358.2705078125,2327.51171875,2350.551513671875,2321.625244140625,307874,0.0,0.0
2023-12-27,2365.57861328125,2379.020751953125,2327.188720703125,2334.87841796875,2306.145263671875,721724,0.0,0.0
2023-12-28,2353.545166015625,2366.605712890625,2315.859619140625,2324.429931640625,2295.824951171875,1286801,0.0,0.0
2023-12-29,2332.14892578125,2366.018798828125,2317.50341796875,2362.496826171875,2333.423583984375,326993,0.0,0.0
2024-01-01,2365.02099609375,2382.0439453125,2353.281005859375,2362.995849609375,2333.91650390625,218044,0.0,0.0
2024-01-02,2374.4423828125,2376.760986328125,2328.450927734375,2372.417236328125,2343.221923828125,358545,0.0,0.0
2024-01-03,2380.282958984375,2412.56787109375,2379.783935546875,2397.98095703125,2368.470947265625,591658,0.0,0.0
2024-01-04,2407.871826171875,2422.60546875,2392.932861328125,2400.035400390625,2370.500244140625,376886,0.0,0.0
2024-01-05,2406.198974609375,2415.23876953125,2381.45703125,2393.314208984375,2363.86181640625,238564,0.0,0.0
2024-01-08,2403.17578125,2404.40869140625,2349.201416015625,2357.096435546875,2328.089599609375,286950,0.0,0.0
2024-01-09,2366.10693359375,2475.9638671875,2365.60791015625,2461.523681640625,2431.231689453125,1113636,0.0,0.0
2024-01-10,2460.08544921875,2482.567626953125,2434.815185546875,2454.09814453125,2423.897705078125,455041,0.0,0.0
2024-01-11,2458.353759765625,2464.1650390625,2424.894775390625,2441.800537109375,2411.751220703125,222858,0.0,0.0
2024-01-12,2448.75634765625,2458.823486328125,2414.093994140625,2438.45458984375,2408.446533203125,272920,0.0,0.0
2024-01-15,2443.737548828125,2453.3642578125,2416.794189453125,2444.001708984375,2413.925537109375,261472,0.0,0.0
2024-01-16,2451.48583984375,2465.39794921875,2399.00830078125,2408.72314453125,2379.0810546875,321412,0.0,0.0
2024-01-17,2402.001953125,2425.980712890625,2364.58056640625,2410.689453125,2381.023193359375,302708,0.0,0.0
2024-01-18,2406.697998046875,2410.0732421875,2327.452880859375,2372.534423828125,2343.337646484375,319526,0.0,0.0
2024-01-19,2395.544921875,2436.634765625,2384.920166015625,2431.058349609375,2401.1416015625,189988,0.0,0.0
2024-01-23,2400.827880859375,2426.421142578125,2359.738037109375,2397.247314453125,2367.74658203125,817128,0.0,0.0
2024-01-24,2394.9580078125,2472.44189453125,2380.869873046875,2464.810791015625,2434.478515625,373434,0.0,0.0
2024-01-25,2473.58642578125,2477.783447265625,2430.177978515625,2468.567626953125,2438.189208984375,279327,0.0,0.0
2024-01-29,2467.745849609375,2535.221435546875,2463.25537109375,2527.355712890625,2496.25390625,784343,0.0,0.0
2024-01-30,2535.250732421875,2544.642822265625,2409.163330078125,2432.26171875,2411.873046875,832629,10.0,0.0
2024-01-31,2415.5029296875,2472.940673828125,2398.685302734375,2430.41259765625,2410.03955078125,834154,0.0,0.0
2024-02-01,2442.5048828125,2494.3662109375,2365.28515625,2409.427490234375,2389.230224609375,1086532,0.0,0.0
2024-02-02,2421.372802734375,2518.198486328125,2413.800537109375,2443.26806640625,2422.787109375,921748,0.0,0.0
2024-02-05,2450.722900390625,2494.747802734375,2420.756591796875,2434.844482421875,2414.43408203125,523729,0.0,0.0
2024-02-06,2447.67041015625,2494.747802734375,2427.272216796875,2475.22998046875,2454.481201171875,268988,0.0,0.0
2024-02-07,2518.198486328125,2518.198486328125,2443.121337890625,2494.2783203125,2473.36962890625,389046,0.0,0.0
2024-02-08,2505.313720703125,2544.642822265625,2474.202880859375,2480.982666015625,2460.185546875,400136,0.0,0.0
2024-02-09,2483.418701171875,2524.80224609375,2439.51123046875,2509.892333984375,2488.85302734375,393964,0.0,0.0
2024-02-12,2509.892333984375,2558.906982421875,2467.745849609375,2476.169189453125,2455.412353515625,529370,0.0,0.0
2024-02-13,2475.9638671875,2641.38037109375,2417.263916015625,2531.84619140625,2510.622802734375,1263116,0.0,0.0
2024-02-14,2512.034912109375,2610.9736328125,2512.005615234375,2570.70556640625,2549.156494140625,893019,0.0,0.0
2024-02-15,2582.7978515625,2586.290283203125,2537.5693359375,2551.5400390625,2530.1513671875,173558,0.0,0.0
2024-02-16,2562.3408203125,2593.099609375,2545.81689453125,2582.00537109375,2560.361328125,241361,0.0,0.0
2024-02-19,2583.35546875,2611.560791015625,2568.122802734375,2592.5419921875,2570.8095703125,184575,0.0,0.0
2024-02-20,2603.3427734375,2615.082763671875,2587.2294921875,2603.782958984375,2581.956298828125,222584,0.0,0.0
2024-02-21,2609.212646484375,2664.302734375,2592.218994140625,2606.483154296875,2584.634033203125,371688,0.0,0.0
2024-02-22,2612.147705078125,2692.566650390625,2593.36376953125,2672.315185546875,2649.9140625,403586,0.0,0.0
2024-02-23,2686.696533203125,2695.6484375,2652.415771484375,2662.923095703125,2640.600830078125,264221,0.0,0.0
2024-02-26,2670.84765625,2697.2626953125,2638.562744140625,2680.093017578125,2657.626953125,304792,0.0,0.0
2024-02-27,2680.0341796875,2727.4931640625,2678.478759765625,2691.56884765625,2669.006591796875,389099,0.0,0.0
2024-02-28,2708.38623046875,2734.625244140625,2663.979736328125,2686.579345703125,2664.058837890625,299446,0.0,0.0
2024-02-29,2689.220703125,2770.6376953125,2646.81005859375,2746.71728515625,2723.692626953125,600743,0.0,0.0
2024-03-01,2758.897705078125,2761.74462890625,2725.761474609375,2759.337890625,2736.207275390625,199138,0.0,0.0
2024-03-04,2776.536865234375,2781.23291015625,2742.5791015625,2752.55810546875,2729.484375,209615,0.0,0.0
2024-03-05,2769.698486328125,2793.912109375,2751.354736328125,2776.595703125,2753.320556640625,163935,0.0,0.0
2024-03-06,2785.3125,2785.3125,2717.8662109375,2763.91650390625,2740.747802734375,294519,0.0,0.0
2024-03-07,2776.507568359375,2784.138671875,2732.9228515625,2740.4951171875,2717.522705078125,244233,0.0,0.0
2024-03-11,2741.28759765625,2918.796142578125,2741.28759765625,2777.006591796875,2753.72802734375,1918967,0.0,0.0
2024-03-12,2785.3125,2838.11328125,2758.897705078125,2807.295654296875,2783.76318359375,697414,0.0,0.0
2024-03-13,2808.70458984375,2843.425537109375,2708.29833984375,2729.606201171875,2706.724853515625,645685,0.0,0.0
2024-03-14,2730.105224609375,2810.6708984375,2688.310791015625,2789.0693359375,2765.689697265625,412460,0.0,0.0
2024-03-15,2798.8134765625,2829.689697265625,2748.390380859375,2800.750732421875,2777.273193359375,390562,0.0,0.0
2024-03-18,2802.893310546875,2849.882568359375,2785.8408203125,2837.790283203125,2814.002197265625,292720,0.0,0.0
2024-03-19,2841.07763671875,2846.683349609375,2701.753173828125,2723.589599609375,2700.7587890625,633503,0.0,0.0
2024-03-20,2740.5244140625,2793.207763671875,2678.09716796875,2764.50341796875,2741.32958984375,305029,0.0,0.0
2024-03-21,2788.24755859375,2907.995361328125,2783.287353515625,2901.156982421875,2876.837646484375,786406,0.0,0.0
2024-03-22,2896.871826171875,2933.353759765625,2855.547119140625,2930.037353515625,2905.475830078125,479451,0.0,0.0
2024-03-26,2930.037353515625,3000.271728515625,2917.387451171875,2992.905029296875,2967.816650390625,728012,0.0,0.0
2024-03-27,3011.307373046875,3146.317138671875,3003.9404296875,3104.434814453125,3078.411376953125,1348237,0.0,0.0
2024-03-28,3104.434814453125,3172.732177734375,3073.82275390625,3154.564697265625,3128.12109375,678687,0.0,0.0
2024-04-01,3157.382080078125,3245.37353515625,3157.382080078125,3206.719482421875,3179.8388671875,631767,0.0,0.0
2024-04-02,3213.792724609375,3286.610107421875,3201.72998046875,3273.608154296875,3246.166748046875,449484,0.0,0.0
2024-04-03,3234.9541015625,3329.69580078125,3234.9541015625,3313.7880859375,3286.009765625,581683,0.0,0.0
2024-04-04,3314.228515625,3386.987060546875,3290.132080078125,3303.075439453125,3275.386962890625,623656,0.0,0.0
2024-04-05,3312.32080078125,3341.46533203125,3250.949951171875,3307.3017578125,3279.577880859375,413155,0.0,0.0
2024-04-08,3332.983154296875,3367.880126953125,3308.3291015625,3327.113037109375,3299.22314453125,398799,0.0,0.0
2024-04-09,3348.83203125,3355.171630859375,3277.687744140625,3290.27880859375,3262.69775390625,249533,0.0,0.0
2024-04-10,3306.538818359375,3306.538818359375,3257.87646484375,3277.100830078125,3249.630126953125,310376,0.0,0.0
2024-04-12,3277.100830078125,3340.085693359375,3257.84716796875,3273.960205078125,3246.515869140625,342661,0.0,0.0
2024-04-15,3238.006591796875,3298.93701171875,3181.5078125,3193.776123046875,3167.00390625,371170,0.0,0.0
2024-04-16,3190.34228515625,3267.09228515625,3178.7490234375,3247.193115234375,3219.97314453125,455424,0.0,0.0
2024-04-18,3248.455078125,3313.025146484375,3228.23291015625,3275.19287109375,3247.738037109375,855476,0.0,0.0
2024-04-19,3272.258056640625,3314.05224609375,3217.226806640625,3281.03369140625,3253.530029296875,815322,0.0,0.0
2024-04-22,3288.341796875,3425.14208984375,3286.610107421875,3386.0478515625,3357.663818359375,840690,0.0,0.0
2024-04-23,3404.596923828125,3412.16943359375,3337.062744140625,3343.373046875,3315.346923828125,311349,0.0,0.0
2024-04-24,3362.920166015625,3377.62451171875,3320.568115234375,3327.670654296875,3299.776123046875,453462,0.0,0.0
2024-04-25,3328.287109375,3384.63916015625,3306.568115234375,3363.242919921875,3335.05029296875,354724,0.0,0.0
2024-04-26,3375.2177734375,3409.410400390625,3344.635009765625,3374.366455078125,3346.08056640625,261911,0.0,0.0
2024-04-29,3377.71240234375,3421.44384765625,3366.119140625,3390.890625,3362.466064453125,252127,0.0,0.0
2024-04-30,3415.632568359375,3476.7392578125,3398.78564453125,3429.074951171875,3400.330322265625,639090,0.0,0.0
2024-05-02,3429.074951171875,3507.586181640625,3428.076904296875,3446.5673828125,3417.67626953125,426724,0.0,0.0
2024-05-03,3469.1376953125,3491.472900390625,3443.54443359375,3479.76220703125,3450.5927734375,231533,0.0,0.0
2024-05-06,3498.516845703125,3637.048828125,3497.900634765625,3585.1875,3555.13427734375,1312335,0.0,0.0
2024-05-07,3606.52490234375,3667.396728515625,3540.781005859375,3577.527099609375,3547.5380859375,716801,0.0,0.0
2024-05-08,3591.96728515625,3719.815673828125,3535.0869140625,3701.03173828125,3670.00732421875,926467,0.0,0.0
2024-05-09,3709.249755859375,3718.641845703125,3589.413818359375,3598.42431640625,3568.260009765625,639174,0.0,0.0
2024-05-10,3618.93994140625,3644.268798828125,3562.23583984375,3620.700927734375,3590.35009765625,731118,0.0,0.0
2024-05-13,3658.532958984375,3912.9384765625,3650.28564453125,3885.995361328125,3853.42041015625,2284971,0.0,0.0
2024-05-14,3909.768798828125,3933.923828125,3805.22412109375,3909.6806640625,3876.9072265625,1145060,0.0,0.0
2024-05-15,4120.736328125,4249.87646484375,4065.558349609375,4179.025390625,4143.99462890625,4758520,0.0,0.0
2024-05-16,4179.025390625,4255.1884765625,4105.474609375,4134.736328125,4100.076171875,2086652,0.0,0.0
2024-05-17,4150.08642578125,4244.00634765625,4134.88330078125,4217.796875,4182.4404296875,1152696,0.0,0.0
2024-05-21,4243.2431640625,4312.68505859375,4224.7529296875,4275.85107421875,4240.00830078125,1137886,0.0,0.0
2024-05-22,4305.05419921875,4305.05419921875,4187.712890625,4202.50537109375,4167.27734375,794072,0.0,0.0
2024-05-23,4220.5263671875,4336.28271484375,4206.5263671875,4327.15478515625,4290.8818359375,610893,0.0,0.0
2024-05-24,4311.51123046875,4311.51123046875,4249.87646484375,4275.29345703125,4239.455078125,319901,0.0,0.0
2024-05-27,4275.32275390625,4297.98095703125,4208.140625,4235.28955078125,4199.78662109375,677613,0.0,0.0
2024-05-28,4246.64794921875,4270.42138671875,4163.00048828125,4189.59130859375,4154.4716796875,516690,0.0,0.0
2024-05-29,4167.6376953125,4199.71728515625,4108.99658203125,4118.85791015625,4084.3310546875,794675,0.0,0.0
2024-05-30,4111.34423828125,4138.34619140625,4073.42431640625,4099.98583984375,4065.6171875,474891,0.0,0.0
2024-05-31,4134.2373046875,4145.44921875,4063.23974609375,4090.18310546875,4055.896728515625,1576340,0.0,0.0
2024-06-03,4255.74609375,4311.45263671875,4190.06103515625,4269.83447265625,4234.0419921875,1132539,0.0,0.0
2024-06-04,4296.83642578125,4296.83642578125,3415.867431640625,3740.44873046875,3709.09375,2110529,0.0,0.0
2024-06-05,3885.9072265625,3885.9365234375,3602.50390625,3832.050048828125,3799.927490234375,1252949,0.0,0.0
2024-06-06,3874.167236328125,4014.13720703125,3871.291015625,3988.045166015625,3954.61474609375,716019,0.0,0.0
2024-06-07,3991.6259765625,4047.919189453125,3936.41845703125,4035.68017578125,4001.8505859375,448288,0.0,0.0
2024-06-10,4044.397216796875,4082.3173828125,4006.271484375,4024.791259765625,3991.052978515625,440649,0.0,0.0
2024-06-11,4062.09521484375,4129.13037109375,4039.260986328125,4050.912841796875,4016.95556640625,706063,0.0,0.0
2024-06-12,4061.420166015625,4187.625,4060.8037109375,4147.32763671875,4112.56201171875,875733,0.0,0.0
2024-06-13,4185.30615234375,4383.71240234375,4163.17626953125,4341.80029296875,4305.404296875,1481464,0.0,0.0
2024-06-14,4363.46044921875,4644.9560546875,4353.12939453125,4572.84326171875,4534.51123046875,2241455,0.0,0.0
2024-06-18,4593.24169921875,4602.6630859375,4497.0322265625,4536.244140625,4498.21826171875,564554,0.0,0.0
2024-06-19,4558.63818359375,4584.4658203125,4411.30126953125,4424.80224609375,4387.7109375,592516,0.0,0.0
2024-06-20,4425.97607421875,4432.90283203125,4361.435546875,4417.1123046875,4380.08544921875,531785,0.0,0.0
2024-06-21,4436.89453125,4461.1962890625,4344.236328125,4365.1044921875,4328.513671875,427448,0.0,0.0
2024-06-24,4357.94287109375,4486.1142578125,4315.4443359375,4457.64453125,4420.27783203125,521276,0.0,0.0
2024-06-25,4475.63623046875,4548.6591796875,4424.5380859375,4437.71630859375,4400.5166015625,840898,0.0,0.0
2024-06-26,4447.6953125,4499.35107421875,4405.48974609375,4459.49365234375,4422.111328125,373441,0.0,0.0
2024-06-27,4452.42041015625,4657.43017578125,4426.03466796875,4597.49755859375,4558.95849609375,2112969,0.0,0.0
2024-06-28,4609.47216796875,4609.47216796875,4478.83544921875,4522.53759765625,4484.62646484375,769128,0.0,0.0
2024-07-01,4534.92333984375,4631.42578125,4523.4765625,4620.595703125,4581.86279296875,582119,0.0,0.0
2024-07-02,4620.27294921875,4637.2958984375,4491.19189453125,4562.306640625,4524.0625,521048,0.0,0.0
2024-07-03,4574.48681640625,4645.484375,4552.18115234375,4580.38623046875,4541.99072265625,475455,0.0,0.0
2024-07-04,4580.38623046875,4666.0,4545.4013671875,4617.8662109375,4579.15673828125,482014,0.0,0.0
2024-07-05,4618.51220703125,4677.623046875,4587.40087890625,4628.81396484375,4590.01220703125,528860,0.0,0.0
2024-07-08,4657.40087890625,4657.7236328125,4511.12060546875,4544.16845703125,4506.07666015625,399489,0.0,0.0
2024-07-09,4555.1162109375,4592.68408203125,4534.6298828125,4557.4052734375,4519.2021484375,310552,0.0,0.0
2024-07-10,4578.59619140625,4616.10546875,4461.1962890625,4605.9794921875,4567.36962890625,559951,0.0,0.0
2024-07-11,4657.166015625,4657.166015625,4556.11376953125,4564.5078125,4526.2451171875,362284,0.0,0.0
2024-07-12,4583.2919921875,4593.27099609375,4461.69482421875,4469.14990234375,4431.6865234375,726216,0.0,0.0
2024-07-15,4469.14990234375,4501.845703125,4433.1376953125,4484.55859375,4446.96630859375,425054,0.0,0.0
2024-07-16,4496.416015625,4512.79345703125,4369.6240234375,4384.064453125,4347.314453125,581874,0.0,0.0
2024-07-18,4384.064453125,4389.90478515625,4141.310546875,4180.140625,4145.10009765625,1477140,0.0,0.0
2024-07-19,4182.8115234375,4197.04638671875,4006.271484375,4021.06396484375,3987.35693359375,1158232,0.0,0.0
2024-07-22,3927.055908203125,4131.30224609375,3927.055908203125,4122.58544921875,4088.027587890625,636262,0.0,0.0
2024-07-23,4132.41748046875,4170.484375,3894.74169921875,3984.96337890625,3951.558837890625,1096685,0.0,0.0
2024-07-24,4003.072265625,4086.6904296875,3938.7666015625,3974.63232421875,3941.314453125,761424,0.0,0.0
2024-07-25,3954.615478515625,4079.646484375,3915.961669921875,4013.2861328125,3979.644287109375,583872,0.0,0.0
2024-07-26,4038.90869140625,4095.58349609375,4015.10595703125,4060.45166015625,4026.414306640625,600579,0.0,0.0
2024-07-29,4089.9189453125,4173.91845703125,4078.0615234375,4165.5537109375,4130.63525390625,636993,0.0,0.0
2024-07-30,4167.6962890625,4201.68359375,4101.6884765625,4121.41162109375,4086.863525390625,672423,0.0,0.0
2024-07-31,4152.9921875,4214.65625,4062.036376953125,4187.0087890625,4151.91064453125,793082,0.0,0.0
2024-08-01,4195.8427734375,4205.20556640625,4078.32568359375,4125.90185546875,4091.316162109375,914883,0.0,0.0
2024-08-02,4050.29638671875,4098.98828125,3991.6259765625,4036.501953125,4002.66552734375,756140,0.0,0.0
2024-08-05,3919.63037109375,3997.466552734375,3876.632568359375,3929.785400390625,3896.843505859375,851269,0.0,0.0
2024-08-06,3929.785400390625,4011.90673828125,3854.0625,3869.44189453125,3837.005859375,417249,0.0,0.0
2024-08-07,3931.72265625,4032.6865234375,3854.82568359375,4006.711669921875,3973.124755859375,628182,0.0,0.0
2024-08-08,3968.116455078125,4020.330078125,3908.418701171875,3973.3994140625,3940.092041015625,809522,0.0,0.0
2024-08-09,4020.946533203125,4059.248291015625,3974.602783203125,4044.133056640625,4010.232666015625,1236449,0.0,0.0
2024-08-12,3991.596435546875,4138.34619140625,3971.051513671875,4062.593994140625,4028.538818359375,1745187,0.0,0.0
2024-08-13,4054.464111328125,4134.82421875,4020.975830078125,4090.858154296875,4056.566162109375,891985,0.0,0.0
2024-08-14,4092.35498046875,4145.74267578125,4013.60888671875,4132.505859375,4097.8642578125,574165,0.0,0.0
2024-08-16,4161.826171875,4259.70849609375,4145.88916015625,4219.76318359375,4184.390625,681733,0.0,0.0
2024-08-19,4252.22412109375,4252.22412109375,4160.1533203125,4169.01708984375,4134.06982421875,401085,0.0,0.0
2024-08-20,4198.22021484375,4198.22021484375,4111.5791015625,4158.33349609375,4123.47607421875,299998,0.0,0.0
2024-08-21,4158.33349609375,4184.8369140625,4127.8388671875,4157.74658203125,4122.89404296875,252134,0.0,0.0
2024-08-22,4182.13671875,4182.13671875,4126.6357421875,4141.89794921875,4107.177734375,276213,0.0,0.0
2024-08-23,4141.89794921875,4172.36279296875,4114.8662109375,4121.99853515625,4087.445556640625,216093,0.0,0.0
2024-08-26,4147.50341796875,4147.50341796875,4105.0634765625,4134.2666015625,4099.61083984375,255325,0.0,0.0
2024-08-27,4155.95654296875,4166.87451171875,4108.99658203125,4114.19140625,4079.703857421875,307347,0.0,0.0
2024-08-28,4119.26904296875,4129.54150390625,4073.923095703125,4080.49755859375,4046.29248046875,343891,0.0,0.0
2024-08-29,4067.935791015625,4082.11181640625,3994.67822265625,4032.275634765625,3998.474609375,628365,0.0,0.0
2024-08-30,4047.948486328125,4072.572998046875,4025.026123046875,4046.24609375,4012.328125,1198532,0.0,0.0
2024-09-02,4066.585693359375,4076.71142578125,3969.31982421875,3979.621826171875,3946.26220703125,452717,0.0,0.0
2024-09-03,3995.118408203125,4011.525146484375,3953.441650390625,3973.2822265625,3939.975830078125,592777,0.0,0.0
2024-09-04,3973.2822265625,4000.196044921875,3939.353515625,3967.412109375,3934.155029296875,359134,0.0,0.0
2024-09-05,3985.7265625,3991.6259765625,3920.011962890625,3924.7958984375,3891.895751953125,370346,0.0,0.0
2024-09-06,3898.8505859375,3932.896484375,3874.78369140625,3882.6201171875,3850.07373046875,471099,0.0,0.0
2024-09-09,3880.066650390625,3902.93017578125,3817.11083984375,3849.689453125,3817.4189453125,491146,0.0,0.0
2024-09-10,3874.196533203125,3900.611572265625,3837.156982421875,3864.158935546875,3831.767333984375,393031,0.0,0.0
2024-09-11,3872.8759765625,3935.626220703125,3852.947265625,3869.91162109375,3837.471435546875,424370,0.0,0.0
2024-09-12,3902.225830078125,3911.7353515625,3863.48388671875,3906.12939453125,3873.3857421875,263114,0.0,0.0
2024-09-13,3921.156494140625,3962.24658203125,3912.968017578125,3938.913330078125,3905.894775390625,294560,0.0,0.0
2024-09-16,3950.506591796875,3976.921630859375,3937.592529296875,3940.41015625,3907.379150390625,122874,0.0,0.0
2024-09-17,3947.571533203125,3976.921630859375,3928.347412109375,3970.40576171875,3937.12353515625,168805,0.0,0.0
2024-09-18,3991.596435546875,3992.682373046875,3936.41845703125,3956.552734375,3923.386474609375,200604,0.0,0.0
2024-09-19,3976.921630859375,4017.27783203125,3818.431640625,3947.953125,3914.85888671875,616978,0.0,0.0
2024-09-20,3963.33251953125,4027.814453125,3940.14599609375,4010.82080078125,3977.19970703125,992735,0.0,0.0
2024-09-23,4033.860595703125,4085.487060546875,4015.66357421875,4072.837158203125,4038.696044921875,367189,0.0,0.0
2024-09-24,4072.837158203125,4182.07763671875,4067.906494140625,4165.17236328125,4130.25732421875,662603,0.0,0.0
2024-09-25,4171.80517578125,4239.8681640625,4153.021484375,4212.8955078125,4177.580078125,895767,0.0,0.0
2024-09-26,4232.26611328125,4248.6142578125,4103.18505859375,4154.34228515625,4119.51806640625,466136,0.0,0.0
2024-09-27,4154.34228515625,4299.18408203125,4129.54150390625,4282.27880859375,4246.3818359375,918736,0.0,0.0
2024-09-30,4281.86767578125,4296.77734375,4214.1279296875,4255.74609375,4220.07177734375,564906,0.0,0.0
2024-10-01,4270.3037109375,4431.84619140625,4258.12353515625,4409.3642578125,4372.40234375,880290,0.0,0.0
2024-10-03,4374.14404296875,4413.06201171875,4288.03125,4312.3330078125,4276.1845703125,412768,0.0,0.0
2024-10-04,4311.51123046875,4325.3349609375,4215.830078125,4253.8974609375,4218.23876953125,473491,0.0,0.0
2024-10-07,4288.5302734375,4307.373046875,4094.967041015625,4107.91064453125,4073.4755859375,441247,0.0,0.0
2024-10-08,4114.8662109375,4343.76708984375,4082.728271484375,4327.4482421875,4291.1728515625,568002,0.0,0.0
2024-10-09,4329.12109375,4545.19580078125,4323.1923828125,4506.5126953125,4468.736328125,900194,0.0,0.0
2024-10-10,4519.89599609375,4543.2880859375,4456.0009765625,4512.1181640625,4474.294921875,372795,0.0,0.0
2024-10-11,4514.02587890625,4566.82666015625,4436.5419921875,4549.1875,4511.05322265625,376068,0.0,0.0
2024-10-14,4566.85595703125,4569.791015625,4504.63427734375,4534.8056640625,4496.79248046875,275138,0.0,0.0
2024-10-15,4581.82470703125,4625.61474609375,4522.09716796875,4619.71533203125,4580.98974609375,597918,0.0,0.0
2024-10-16,4619.71533203125,4772.2470703125,4611.49755859375,4687.9541015625,4648.65673828125,1656751,0.0,0.0
2024-10-17,4687.9541015625,4695.99609375,4490.72216796875,4530.2568359375,4492.28125,662574,0.0,0.0
2024-10-18,4531.69482421875,4610.64599609375,4440.65087890625,4580.35693359375,4541.96142578125,467830,0.0,0.0
2024-10-21,4602.076171875,4621.7109375,4375.5234375,4391.6953125,4354.88134765625,385957,0.0,0.0
2024-10-22,4391.6953125,4391.6953125,4232.76513671875,4249.11328125,4213.49462890625,791353,0.0,0.0
2024-10-23,4248.7021484375,4271.3896484375,4021.504150390625,4033.889892578125,4000.0751953125,812625,0.0,0.0
2024-10-24,4049.70947265625,4092.531005859375,3942.28857421875,4019.7724609375,3986.076171875,788358,0.0,0.0
2024-10-25,4038.556396484375,4049.034423828125,3907.15673828125,3977.772705078125,3944.428466796875,536329,0.0,0.0
2024-10-28,3989.5126953125,4031.04296875,3929.961669921875,3963.0390625,3929.818359375,468112,0.0,0.0
2024-10-29,3985.7265625,4061.8603515625,3915.28662109375,4054.757568359375,4020.76806640625,428213,0.0,0.0
2024-10-30,4060.275390625,4116.509765625,4003.923583984375,4067.935791015625,4033.835693359375,333351,0.0,0.0
2024-10-31,4056.16650390625,4113.7802734375,4056.16650390625,4095.08447265625,4060.7568359375,290668,0.0,0.0
2024-11-01,4095.11376953125,4114.25,4036.413818359375,4079.1181640625,4044.92431640625,30219,0.0,0.0
2024-11-04,4113.046875,4113.046875,3981.73486328125,4081.994384765625,4047.776611328125,485353,0.0,0.0
2024-11-05,4079.67578125,4107.822265625,4003.483154296875,4084.136962890625,4049.9013671875,447964,0.0,0.0
2024-11-06,4108.4091796875,4173.56640625,4072.98388671875,4138.69873046875,4104.00537109375,429473,0.0,0.0
2024-11-07,4179.4365234375,4197.60400390625,4083.19775390625,4152.111328125,4117.3056640625,344857,0.0,0.0
2024-11-08,4160.65234375,4242.47998046875,4114.57275390625,4211.33984375,4176.03759765625,549978,0.0,0.0
2024-11-11,4205.880859375,4214.65625,4128.95458984375,4136.02783203125,4101.35693359375,369477,0.0,0.0
2024-11-12,4144.18701171875,4166.37548828125,3978.095458984375,3991.273681640625,3957.81640625,380642,0.0,0.0
2024-11-13,3991.332275390625,4006.271484375,3900.640869140625,3935.5673828125,3902.576904296875,365720,0.0,0.0
2024-11-14,3935.24462890625,3972.724365234375,3866.12548828125,3954.527587890625,3921.37841796875,433749,0.0,0.0
2024-11-18,4006.271484375,4012.933837890625,3881.29931640625,3897.7939453125,3865.1201171875,240947,0.0,0.0
2024-11-19,3922.91748046875,3984.43505859375,3891.54248046875,3900.9931640625,3868.292724609375,377552,0.0,0.0
2024-11-21,3900.905029296875,3939.940673828125,3845.69775390625,3898.645263671875,3865.96435546875,368778,0.0,0.0
2024-11-22,3912.02880859375,4094.321533203125,3902.95947265625,4020.59423828125,3986.89111328125,595041,0.0,0.0
2024-11-25,4098.4306640625,4341.888671875,4092.208251953125,4313.56591796875,4277.40673828125,2501112,0.0,0.0
2024-11-26,4343.208984375,4349.75439453125,4243.97705078125,4251.34375,4215.7060546875,459152,0.0,0.0
2024-11-27,4401.9091796875,4474.66796875,4328.5634765625,4365.39794921875,4328.80419921875,2317671,0.0,0.0
2024-11-28,4393.63232421875,4460.2275390625,4342.21142578125,4355.5361328125,4319.025390625,1252452,0.0,0.0
2024-11-29,4367.86328125,4480.56689453125,4358.50048828125,4438.21484375,4401.01123046875,984620,0.0,0.0
2024-12-02,4446.52099609375,4489.3720703125,4393.720703125,4439.5947265625,4402.37939453125,705697,0.0,0.0
2024-12-03,4472.93603515625,4548.6591796875,4456.23583984375,4538.09326171875,4500.05224609375,791356,0.0,0.0
2024-12-04,4566.85595703125,4664.64990234375,4533.162109375,4548.7763671875,4510.64599609375,946992,0.0,0.0
2024-12-05,4578.59619140625,4607.94580078125,4534.57080078125,4574.1640625,4535.8203125,494198,0.0,0.0
2024-12-06,4578.59619140625,4636.1220703125,4550.478515625,4571.3173828125,4532.998046875,401598,0.0,0.0
2024-12-09,4571.3173828125,4659.22021484375,4541.615234375,4603.279296875,4564.69189453125,515642,0.0,0.0
2024-12-10,4613.81591796875,4637.2958984375,4570.49560546875,4631.66064453125,4592.83544921875,436346,0.0,0.0
2024-12-11,4631.66064453125,4650.2099609375,4602.076171875,4620.27294921875,4581.54296875,293787,0.0,0.0
2024-12-12,4624.3525390625,4672.51611328125,4596.2060546875,4646.83447265625,4607.8818359375,328359,0.0,0.0
2024-12-13,4646.10107421875,4666.55810546875,4573.87060546875,4628.40283203125,4589.6044921875,226593,0.0,0.0
2024-12-16,4640.3779296875,4717.0986328125,4628.25634765625,4677.76953125,4638.5576171875,416262,0.0,0.0
2024-12-17,4666.939453125,4694.5869140625,4563.9208984375,4573.107421875,4534.77294921875,420090,0.0,0.0
2024-12-18,4593.24169921875,4627.6689453125,4478.80615234375,4500.52490234375,4462.798828125,405462,0.0,0.0
2024-12-19,4431.84619140625,4501.40576171875,4396.6552734375,4480.068359375,4442.513671875,304535,0.0,0.0
2024-12-20,4522.8310546875,4527.732421875,4004.39306640625,4032.040771484375,3998.24169921875,2836225,0.0,0.0
2024-12-23,4026.845947265625,4056.049072265625,3899.14404296875,4003.77685546875,3970.214599609375,1516757,0.0,0.0
2024-12-24,3997.466552734375,4003.189697265625,3862.486083984375,3906.4228515625,3873.6767578125,1368181,0.0,0.0
2024-12-26,3909.41650390625,3956.37646484375,3898.8798828125,3936.154296875,3903.1591796875,489065,0.0,0.0
2024-12-27,3932.926025390625,3971.051513671875,3828.557373046875,3842.49853515625,3810.288330078125,456623,0.0,0.0
2024-12-30,3862.45654296875,3930.548583984375,3751.073486328125,3776.52001953125,3744.86279296875,2050470,0.0,0.0
2024-12-31,3796.624755859375,3878.452392578125,3773.84912109375,3836.657958984375,3804.49658203125,742898,0.0,0.0
2025-01-01,3844.8466796875,3905.60107421875,3817.169677734375,3894.82958984375,3862.1806640625,396985,0.0,0.0
2025-01-02,3932.3095703125,3941.642822265625,3853.651611328125,3932.01611328125,3899.055419921875,667361,0.0,0.0
2025-01-03,3944.636474609375,3956.37646484375,3872.053955078125,3879.890625,3847.3671875,504796,0.0,0.0
2025-01-06,3891.102294921875,3893.831787109375,3771.76513671875,3799.76513671875,3767.9130859375,489305,0.0,0.0
2025-01-07,3811.15283203125,3843.144287109375,3771.5009765625,3805.018798828125,3773.122802734375,528092,0.0,0.0
2025-01-08,3800.263916015625,3811.827880859375,3659.70703125,3696.13037109375,3665.14697265625,915457,0.0,0.0
2025-01-09,3696.511962890625,3766.130126953125,3643.82861328125,3663.052978515625,3632.34716796875,581738,0.0,0.0
2025-01-10,3656.947998046875,3671.447021484375,3561.325927734375,3583.514404296875,3553.475341796875,644503,0.0,0.0
2025-01-13,3568.399169921875,3568.634033203125,3392.85693359375,3406.5341796875,3377.978515625,562484,0.0,0.0
2025-01-14,3413.989013671875,3463.23828125,3386.31201171875,3441.842041015625,3412.990234375,577767,0.0,0.0
2025-01-15,3460.362060546875,3473.099853515625,3402.8359375,3409.58642578125,3381.005126953125,506588,0.0,0.0
2025-01-16,3447.712158203125,3547.648681640625,3443.368408203125,3527.896240234375,3498.3232421875,585101,0.0,0.0
2025-01-17,3527.866943359375,3645.266845703125,3488.5673828125,3629.564697265625,3599.139404296875,612114,0.0,0.0
2025-01-20,3633.52685546875,3648.935546875,3588.327880859375,3602.093017578125,3571.898193359375,152373,0.0,0.0
2025-01-21,3604.763916015625,3615.916748046875,3470.722412109375,3477.150146484375,3448.00244140625,352632,0.0,0.0
2025-01-22,3498.458251953125,3510.1689453125,3392.85693359375,3437.733154296875,3408.916015625,403985,0.0,0.0
2025-01-23,3451.527587890625,3600.06787109375,3450.8818359375,3561.824951171875,3531.967529296875,409453,0.0,0.0
2025-01-24,3551.346923828125,3561.325927734375,3424.67236328125,3451.380859375,3422.44921875,421077,0.0,0.0
2025-01-27,3439.81689453125,3439.81689453125,3334.156982421875,3397.17138671875,3368.694091796875,333867,0.0,0.0
2025-01-28,3482.638671875,3501.745361328125,3287.197021484375,3336.71044921875,3308.739990234375,594390,0.0,0.0
2025-01-29,3340.027099609375,3431.011962890625,3321.2431640625,3419.0078125,3390.34765625,285380,0.0,0.0
2025-01-30,3428.6640625,3488.508544921875,3400.34130859375,3448.475341796875,3431.6123046875,502913,12.0,0.0
2025-01-31,3475.036865234375,3580.69677734375,3447.741455078125,3565.05322265625,3547.6201171875,698148,0.0,0.0
2025-02-01,3597.1328125,3607.69873046875,3316.547119140625,3374.2197265625,3357.719970703125,866946,0.0,0.0
2025-02-03,3376.421142578125,3386.987060546875,3042.036865234375,3067.6005859375,3052.60009765625,2949638,0.0,0.0
2025-02-04,3108.162353515625,3190.34228515625,3080.4853515625,3181.860107421875,3166.301025390625,1902872,0.0,0.0
2025-02-05,3205.868408203125,3308.3291015625,3191.7216796875,3275.750732421875,3259.732421875,938038,0.0,0.0
2025-02-06,3310.677001953125,3350.4169921875,3276.631103515625,3311.26416015625,3295.072265625,698995,0.0,0.0
2025-02-07,3338.85302734375,3345.89697265625,3197.97314453125,3231.7255859375,3215.922607421875,674714,0.0,0.0
2025-02-10,3231.46142578125,3256.966552734375,3130.49755859375,3140.007080078125,3124.652587890625,576213,0.0,0.0
2025-02-11,3146.3466796875,3158.05712890625,3020.552734375,3055.244384765625,3040.304443359375,854281,0.0,0.0
2025-02-12,3052.397216796875,3108.103515625,2939.1064453125,3051.8984375,3036.974853515625,1379042,0.0,0.0
2025-02-13,2993.697265625,3109.512451171875,2946.1796875,2996.779052734375,2982.125,1841280,0.0,0.0
2025-02-14,2999.5673828125,3027.567138671875,2903.680908203125,2929.62646484375,2915.30078125,561232,0.0,0.0
2025-02-17,2903.857177734375,2924.28466796875,2811.228515625,2852.406494140625,2838.458251953125,1358038,0.0,0.0
2025-02-18,2881.433837890625,2898.808837890625,2789.80322265625,2843.219970703125,2829.316650390625,875987,0.0,0.0
2025-02-19,2823.467529296875,2927.953369140625,2801.572509765625,2908.523681640625,2894.301025390625,1130801,0.0,0.0
2025-02-20,2904.473388671875,2957.21533203125,2872.2470703125,2950.20068359375,2935.7744140625,749470,0.0,0.0
2025-02-21,2940.867431640625,2969.89453125,2850.5283203125,2888.829833984375,2874.70361328125,779092,0.0,0.0
2025-02-24,2874.477783203125,2874.536376953125,2800.8974609375,2860.389892578125,2846.402587890625,957130,0.0,0.0
2025-02-25,2868.07958984375,2895.43359375,2824.93505859375,2839.7568359375,2825.87060546875,490647,0.0,0.0
2025-02-27,2841.576416015625,2857.36669921875,2734.625244140625,2751.06103515625,2737.6083984375,641615,0.0,0.0
2025-02-28,2729.547607421875,2764.767578125,2689.044677734375,2713.9921875,2700.720947265625,919544,0.0,0.0
2025-03-03,2717.7783203125,2853.404541015625,2680.23974609375,2839.140380859375,2825.257080078125,810733,0.0,0.0
2025-03-04,2782.113525390625,2916.91796875,2782.113525390625,2895.022705078125,2880.8662109375,992217,0.0,0.0
2025-03-05,2895.022705078125,3012.451904296875,2895.022705078125,2985.332763671875,2970.734619140625,1248047,0.0,0.0
2025-03-06,3020.1123046875,3092.4599609375,2985.362060546875,3029.093505859375,3014.28125,1446016,0.0,0.0
2025-03-07,3029.50439453125,3036.988525390625,2961.7646484375,2997.278076171875,2982.62158203125,1000990,0.0,0.0
2025-03-10,2997.278076171875,3018.52734375,2905.6474609375,2920.058349609375,2905.779296875,566630,0.0,0.0
2025-03-11,2876.297607421875,2925.86962890625,2848.12158203125,2900.980712890625,2886.794921875,889506,0.0,0.0
2025-03-12,2928.775146484375,2940.339111328125,2823.790283203125,2879.6728515625,2865.59130859375,416828,0.0,0.0
2025-03-13,2905.060546875,2986.242431640625,2871.36669921875,2892.6748046875,2878.52978515625,696251,0.0,0.0
2025-03-17,2920.322509765625,2931.76904296875,2869.576416015625,2897.693603515625,2883.52392578125,435109,0.0,0.0
2025-03-18,2897.693603515625,2897.693603515625,2897.693603515625,2897.693603515625,2883.52392578125,0,0.0,0.0
2025-03-19,3010.13330078125,3083.068115234375,2989.55908203125,3066.77880859375,3051.782470703125,855208,0.0,0.0
2025-03-20,3087.6171875,3092.782958984375,3000.154296875,3048.93408203125,3034.02490234375,548075,0.0,0.0
2025-03-21,3052.925537109375,3116.96728515625,3037.66357421875,3052.77880859375,3037.850830078125,1256241,0.0,0.0
2025-03-24,3090.55224609375,3137.306884765625,3055.332275390625,3066.015625,3051.02294921875,600664,0.0,0.0
2025-03-25,3081.747314453125,3102.1162109375,2998.393310546875,3004.9091796875,2990.21533203125,399335,0.0,0.0
2025-03-26,3111.09716796875,3240.237060546875,3052.984375,3180.510009765625,3164.95751953125,4736380,0.0,0.0
2025-03-27,3181.537109375,3193.277099609375,3111.09716796875,3119.4033203125,3104.149658203125,1078586,0.0,0.0
2025-03-28,3135.751220703125,3138.686279296875,3041.94873046875,3096.627685546875,3081.4853515625,1201834,0.0,0.0
2025-04-01,3075.877197265625,3143.38232421875,3052.397216796875,3069.97802734375,3054.9658203125,562131,0.0,0.0
2025-04-02,3070.00732421875,3111.684326171875,3018.351318359375,3101.0302734375,3085.866455078125,634342,0.0,0.0
2025-04-03,3052.984375,3125.185302734375,3052.984375,3080.896240234375,3065.830810546875,677222,0.0,0.0
2025-04-04,3103.73046875,3103.73046875,2847.56396484375,2892.821533203125,2878.67578125,1869669,0.0,0.0
2025-04-07,2450.0,3087.0,2450.0,2812.449951171875,2798.697265625,2716014,0.0,0.0
2025-04-08,2938.35009765625,3031.0,2750.0,2763.449951171875,2749.936767578125,2603929,0.0,0.0
2025-04-09,2789.0,2791.949951171875,2667.800048828125,2715.85009765625,2702.569580078125,866126,0.0,0.0
2025-04-11,2813.0,2813.0,2710.050048828125,2727.800048828125,2714.461181640625,784039,0.0,0.0
2025-04-15,2798.0,2850.0,2741.5,2839.5,2825.614990234375,872503,0.0,0.0
2025-04-16,2860.0,2904.5,2799.0,2811.5,2797.751953125,865906,0.0,0.0
2025-04-17,2813.5,2850.0,2770.0,2810.0,2796.25927734375,537062,0.0,0.0
2025-04-21,2846.0,2847.0,2744.0,2827.0,2813.176025390625,653092,0.0,0.0
2025-04-22,2840.5,2879.5,2813.0,2856.5,2842.53173828125,576915,0.0,0.0
2025-04-23,2875.0,2915.0,2841.5,2872.0,2857.9560546875,607062,0.0,0.0
2025-04-24,2885.0,2923.5,2870.0,2903.5,2889.302001953125,453763,0.0,0.0
2025-04-25,2905.0,2918.5,2767.0,2833.5,2819.644287109375,776070,0.0,0.0
2025-04-28,2833.5,2926.5,2833.0,2916.5,2902.238525390625,460919,0.0,0.0
2025-04-29,2931.5,2988.0,2904.0,2930.0,2915.67236328125,674757,0.0,0.0
2025-04-30,2939.0,2945.5,2857.0,2901.5,2887.311767578125,512358,0.0,0.0
2025-05-02,2901.5,2950.0,2895.800048828125,2912.5,2898.258056640625,367358,0.0,0.0
2025-05-05,2938.0,2965.0,2899.800048828125,2951.699951171875,2937.266357421875,237370,0.0,0.0
2025-05-06,2951.699951171875,2972.39990234375,2916.800048828125,2941.10009765625,2926.71826171875,269762,0.0,0.0
2025-05-07,2882.300048828125,3009.60009765625,2882.10009765625,2967.199951171875,2952.6904296875,415422,0.0,0.0
2025-05-08,2974.60009765625,2975.0,2820.0,2838.60009765625,2824.719482421875,898180,0.0,0.0
2025-05-09,2795.0,2875.0,2788.300048828125,2857.199951171875,2843.228271484375,539592,0.0,0.0
2025-05-12,2929.0,2953.60009765625,2865.89990234375,2895.89990234375,2881.739013671875,506851,0.0,0.0
2025-05-13,2914.0,2947.300048828125,2903.0,2916.699951171875,2902.4375,784313,0.0,0.0
2025-05-14,2918.0,3039.89990234375,2918.0,3006.800048828125,2992.096923828125,1814823,0.0,0.0
2025-05-15,3010.0,3028.0,2972.0,3009.5,2994.78369140625,501027,0.0,0.0
2025-05-16,3028.0,3114.89990234375,2996.0,3069.5,3054.490234375,809043,0.0,0.0
2025-05-19,3080.0,3150.800048828125,3025.800048828125,3104.39990234375,3089.219482421875,596943,0.0,0.0
2025-05-20,3140.0,3207.800048828125,3054.39990234375,3127.699951171875,3112.405517578125,1314196,0.0,0.0
2025-05-21,3189.0,3305.0,3128.60009765625,3290.800048828125,3274.708251953125,1482098,0.0,0.0
2025-05-22,3306.60009765625,3348.0,3227.39990234375,3304.60009765625,3288.440673828125,1026833,0.0,0.0
2025-05-23,3310.699951171875,3335.0,3251.10009765625,3277.300048828125,3261.274169921875,650091,0.0,0.0
2025-05-26,3290.0,3308.89990234375,3240.0,3248.699951171875,3232.81396484375,585314,0.0,0.0
2025-05-27,3306.800048828125,3306.800048828125,3256.199951171875,3299.10009765625,3282.967529296875,663341,0.0,0.0
2025-05-28,3325.0,3347.699951171875,3300.300048828125,3337.60009765625,3321.279296875,570286,0.0,0.0
2025-05-29,3357.699951171875,3376.0,3326.60009765625,3349.199951171875,3332.822509765625,515527,0.0,0.0
2025-05-30,3360.0,3370.0,3252.0,3265.60009765625,3249.63134765625,756152,0.0,0.0
2025-06-02,3270.0,3313.89990234375,3258.10009765625,3292.0,3275.90234375,349448,0.0,0.0
2025-06-03,3306.0,3364.800048828125,3302.10009765625,3314.0,3297.794677734375,390549,0.0,0.0
2025-06-04,3320.300048828125,3336.5,3275.10009765625,3309.300048828125,3293.11767578125,259833,0.0,0.0
2025-06-05,3315.0,3336.300048828125,3276.60009765625,3280.5,3264.45849609375,185492,0.0,0.0
2025-06-06,3300.0,3348.0,3283.0,3297.5,3281.375244140625,333166,0.0,0.0
2025-06-09,3320.0,3405.0,3306.60009765625,3383.300048828125,3366.755859375,618824,0.0,0.0
2025-06-10,3400.0,3409.0,3362.699951171875,3371.699951171875,3355.21240234375,348784,0.0,0.0
2025-06-11,3381.0,3398.0,3338.199951171875,3349.89990234375,3333.51904296875,412042,0.0,0.0
2025-06-12,3350.0,3357.89990234375,3258.0,3267.5,3251.52197265625,348509,0.0,0.0
2025-06-13,3195.10009765625,3271.300048828125,3169.89990234375,3260.0,3244.05859375,347257,0.0,0.0
2025-06-16,3248.0,3313.0,3243.800048828125,3271.5,3255.50244140625,362584,0.0,0.0
2025-06-17,3278.0,3373.300048828125,3276.5,3321.60009765625,3305.357666015625,834726,0.0,0.0
2025-06-18,3344.89990234375,3370.0,3300.199951171875,3355.800048828125,3339.390380859375,382866,0.0,0.0
2025-06-19,3349.89990234375,3385.0,3260.300048828125,3284.800048828125,3268.737548828125,547608,0.0,0.0
2025-06-20,3274.800048828125,3297.39990234375,3195.10009765625,3214.199951171875,3198.482666015625,1000560,0.0,0.0
2025-06-23,3200.0,3200.0,3082.0,3091.60009765625,3076.482177734375,1299174,0.0,0.0
2025-06-24,3109.0,3230.0,3109.0,3159.800048828125,3144.3486328125,1187970,0.0,0.0
2025-06-25,3187.0,3190.0,3101.10009765625,3149.10009765625,3133.701171875,845690,0.0,0.0
2025-06-26,3158.0,3175.0,3121.5,3164.89990234375,3149.423583984375,501325,0.0,0.0
2025-06-27,3184.0,3271.89990234375,3165.0,3178.39990234375,3162.857666015625,2052948,0.0,0.0
2025-06-30,3204.800048828125,3298.699951171875,3196.199951171875,3251.5,3235.600341796875,880507,0.0,0.0
2025-07-01,3272.0,3378.800048828125,3260.0,3323.10009765625,3306.850341796875,1445646,0.0,0.0
2025-07-02,3339.0,3365.0,3267.0,3287.699951171875,3271.623291015625,592322,0.0,0.0
2025-07-03,3290.0,3326.89990234375,3285.0,3311.699951171875,3295.505859375,496857,0.0,0.0
2025-07-04,3320.0,3320.0,3237.0,3292.39990234375,3276.30029296875,504152,0.0,0.0
2025-07-07,3290.0,3307.5,3250.0,3278.199951171875,3262.169677734375,439627,0.0,0.0
2025-07-08,3295.0,3354.89990234375,3275.300048828125,3296.800048828125,3280.6787109375,549860,0.0,0.0
2025-07-09,3292.39990234375,3303.0,3213.0,3218.300048828125,3202.562744140625,458107,0.0,0.0
2025-07-10,3227.0,3228.0,3167.0,3191.60009765625,3175.9931640625,354856,0.0,0.0
2025-07-11,3178.0,3190.300048828125,3105.10009765625,3117.699951171875,3102.45458984375,370986,0.0,0.0
2025-07-14,3139.0,3164.0,3065.0,3152.60009765625,3137.18408203125,588779,0.0,0.0
2025-07-15,3148.10009765625,3161.699951171875,3113.5,3146.800048828125,3131.412353515625,361397,0.0,0.0
2025-07-16,3123.0,3140.0,3080.0,3089.300048828125,3074.193359375,624769,0.0,0.0
2025-07-17,3081.10009765625,3134.60009765625,3038.5,3110.300048828125,3095.0908203125,991736,0.0,0.0
2025-07-18,3110.300048828125,3150.0,3105.0,3128.39990234375,3113.10205078125,462228,0.0,0.0
2025-07-21,3125.0,3159.800048828125,3098.0,3154.800048828125,3139.373291015625,257721,0.0,0.0
2025-07-22,3160.0,3163.800048828125,3120.89990234375,3141.800048828125,3126.436767578125,348800,0.0,0.0
2025-07-23,3145.0,3162.0,3111.800048828125,3143.10009765625,3127.73046875,205688,0.0,0.0
2025-07-24,3143.0,3143.0,3101.10009765625,3129.0,3113.69921875,295195,0.0,0.0
2025-07-25,3129.0,3130.0,3030.199951171875,3038.199951171875,3023.34326171875,246680,0.0,0.0
2025-07-28,3040.0,3077.0,3016.5,3061.60009765625,3046.62890625,398906,0.0,0.0
2025-07-29,3053.5,3088.699951171875,3034.60009765625,3068.0,3052.99755859375,255592,0.0,0.0
2025-07-30,3068.0,3079.5,3020.0,3071.39990234375,3056.380859375,310945,0.0,0.0
2025-07-31,3010.0,3059.300048828125,3005.0,3033.39990234375,3018.566650390625,299015,0.0,0.0
2025-08-01,3050.0,3050.0,2998.0,3023.60009765625,3008.814697265625,281885,0.0,0.0
2025-08-04,3000.0,3009.0,2928.5,2993.60009765625,2978.96142578125,478003,0.0,0.0
2025-08-05,3029.89990234375,3090.10009765625,3006.199951171875,3081.0,3065.93408203125,772626,0.0,0.0
2025-08-06,3100.0,3114.0,3057.0,3083.89990234375,3068.81982421875,392854,0.0,0.0
2025-08-07,3079.0,3128.5,3051.0,3117.0,3101.758056640625,457545,0.0,0.0
2025-08-08,3147.0,3147.0,3023.0,3031.800048828125,3016.974609375,263161,0.0,0.0
2025-08-11,3020.0,3138.699951171875,2925.0,3114.800048828125,3099.56884765625,1102245,0.0,0.0
2025-08-12,3114.800048828125,3200.0,3085.10009765625,3135.10009765625,3119.76953125,697711,0.0,0.0
2025-08-13,3136.89990234375,3192.0,3102.199951171875,3150.699951171875,3135.293212890625,305836,0.0,0.0
2025-08-14,3150.699951171875,3188.89990234375,3118.199951171875,3169.0,3153.503662109375,330958,0.0,0.0
2025-08-18,3213.89990234375,3213.89990234375,3110.199951171875,3118.0,3102.753173828125,276357,0.0,0.0
2025-08-19,3125.0,3153.39990234375,3120.10009765625,3133.199951171875,3117.878662109375,189758,0.0,0.0
2025-08-20,3135.0,3164.800048828125,3120.199951171875,3155.10009765625,3139.671875,259839,0.0,0.0
2025-08-21,3174.0,3235.0,3150.0,3197.199951171875,3181.565673828125,708572,0.0,0.0
2025-08-22,3210.0,3234.300048828125,3158.0,3173.199951171875,3157.68310546875,290166,0.0,0.0
2025-08-25,3185.0,3210.0,3147.800048828125,3164.60009765625,3149.125244140625,335061,0.0,0.0
2025-08-26,3154.60009765625,3159.39990234375,3039.0,3048.0,3033.095458984375,829921,0.0,0.0
2025-08-28,3057.699951171875,3078.0,3017.89990234375,3043.199951171875,3028.31884765625,527913,0.0,0.0
2025-08-29,3043.10009765625,3094.0,3017.5,3063.699951171875,3048.718505859375,430652,0.0,0.0
2025-09-01,3078.800048828125,3151.300048828125,3064.0,3138.89990234375,3123.55078125,231094,0.0,0.0
2025-09-02,3139.0,3198.0,3120.0,3190.300048828125,3174.69970703125,326742,0.0,0.0
2025-09-03,3190.0,3224.89990234375,3180.0,3211.89990234375,3196.19384765625,240535,0.0,0.0
2025-09-04,3225.0,3230.699951171875,3150.0,3154.39990234375,3138.97509765625,191346,0.0,0.0
2025-09-05,3168.699951171875,3182.800048828125,3085.0,3089.10009765625,3073.994384765625,316358,0.0,0.0
2025-09-08,3110.0,3140.89990234375,3090.10009765625,3121.60009765625,3106.335693359375,221407,0.0,0.0
2025-09-09,3131.39990234375,3200.0,3095.199951171875,3190.10009765625,3174.500732421875,307706,0.0,0.0
2025-09-10,3192.10009765625,3219.10009765625,3131.39990234375,3142.699951171875,3127.332275390625,655563,0.0,0.0
2025-09-11,3147.0,3210.0,3147.0,3185.300048828125,3169.72412109375,448621,0.0,0.0
2025-09-12,3202.0,3212.0,3181.5,3202.0,3186.34228515625,172093,0.0,0.0
2025-09-15,3200.0,3325.0,3190.10009765625,3293.699951171875,3277.593994140625,1094939,0.0,0.0
2025-09-16,3303.10009765625,3334.10009765625,3285.0,3313.800048828125,3297.595703125,441922,0.0,0.0
2025-09-17,3316.0,3368.0,3306.60009765625,3322.699951171875,3306.4521484375,569372,0.0,0.0
2025-09-18,3322.60009765625,3350.10009765625,3288.10009765625,3317.800048828125,3301.576171875,459746,0.0,0.0
2025-09-19,3337.89990234375,3346.800048828125,3308.5,3325.89990234375,3309.636474609375,431619,0.0,0.0
2025-09-22,3335.0,3335.0,3235.800048828125,3243.5,3227.639404296875,292028,0.0,0.0
2025-09-23,3243.5,3272.89990234375,3225.5,3240.39990234375,3224.554443359375,204819,0.0,0.0
2025-09-24,3240.0,3244.39990234375,3193.89990234375,3201.0,3185.34716796875,257405,0.0,0.0
2025-09-25,3199.89990234375,3222.0,3145.39990234375,3156.300048828125,3140.865966796875,180638,0.0,0.0
2025-09-26,3156.0,3156.0,3075.0,3096.300048828125,3081.1591796875,246575,0.0,0.0
2025-09-29,3115.0,3147.0,3092.39990234375,3105.199951171875,3090.015625,615998,0.0,0.0
2025-09-30,3105.199951171875,3137.699951171875,3098.0,3129.199951171875,3113.898193359375,315843,0.0,0.0
2025-10-01,3135.0,3158.39990234375,3094.10009765625,3121.5,3106.236083984375,195465,0.0,0.0
2025-10-03,3121.5,3174.800048828125,3107.300048828125,3164.10009765625,3148.627685546875,223614,0.0,0.0
2025-10-06,3182.0,3276.89990234375,3156.800048828125,3251.699951171875,3235.79931640625,597115,0.0,0.0
2025-10-07,3250.0,3262.199951171875,3208.0,3250.800048828125,3234.90380859375,221931,0.0,0.0
2025-10-08,3250.0,3270.0,3202.89990234375,3216.800048828125,3201.070068359375,204414,0.0,0.0
2025-10-09,3205.199951171875,3225.0,3170.0,3178.39990234375,3162.857666015625,129907,0.0,0.0
2025-10-10,3178.0,3201.800048828125,3140.0,3147.39990234375,3132.00927734375,234596,0.0,0.0
2025-10-13,3147.300048828125,3147.39990234375,3022.699951171875,3077.5,3062.451171875,622559,0.0,0.0
2025-10-14,3080.0,3119.89990234375,3063.5,3107.300048828125,3092.10546875,364449,0.0,0.0
2025-10-15,3111.0,3145.0,3097.0,3118.60009765625,3103.350341796875,208170,0.0,0.0
2025-10-16,3118.0,3150.0,3103.800048828125,3119.0,3103.748291015625,415106,0.0,0.0
2025-10-17,3115.0,3142.39990234375,3101.5,3121.199951171875,3105.9375,221425,0.0,0.0
2025-10-20,3124.89990234375,3144.10009765625,3093.0,3096.800048828125,3081.65673828125,91651,0.0,0.0
2025-10-21,3124.0,3124.0,3099.0,3102.89990234375,3087.726806640625,37003,0.0,0.0
2025-10-23,3135.0,3174.300048828125,3110.0,3149.89990234375,3134.4970703125,381414,0.0,0.0
2025-10-24,3150.0,3175.0,3121.0,3152.199951171875,3136.785888671875,202470,0.0,0.0
2025-10-27,3161.0,3177.300048828125,3141.300048828125,3159.89990234375,3144.447998046875,123806,0.0,0.0
2025-10-28,3169.0,3169.0,3078.199951171875,3109.699951171875,3094.49365234375,266222,0.0,0.0
2025-10-29,3122.0,3165.39990234375,3111.0,3148.699951171875,3133.302978515625,197714,0.0,0.0
2025-10-30,3164.0,3164.5,3115.89990234375,3126.800048828125,3111.510009765625,122934,0.0,0.0
2025-10-31,3131.0,3153.10009765625,3093.10009765625,3096.300048828125,3081.1591796875,128829,0.0,0.0
2025-11-03,3099.89990234375,3143.800048828125,3095.0,3127.5,3112.20654296875,132017,0.0,0.0
2025-11-04,3135.0,3135.0,3092.0,3119.60009765625,3104.345458984375,131676,0.0,0.0
2025-11-06,3109.89990234375,3127.39990234375,3071.5,3083.5,3068.421875,297842,0.0,0.0
2025-11-07,3085.0,3085.10009765625,3005.0,3033.39990234375,3018.566650390625,304289,0.0,0.0
2025-11-10,3033.39990234375,3088.0,3003.10009765625,3054.39990234375,3039.464111328125,465289,0.0,0.0
2025-11-11,3064.0,3069.89990234375,3007.10009765625,3022.0,3007.222412109375,214908,0.0,0.0
2025-11-12,3050.0,3068.39990234375,3017.699951171875,3056.60009765625,3041.6533203125,284010,0.0,0.0
2025-11-13,3065.0,3124.699951171875,3056.5,3066.10009765625,3051.10693359375,324328,0.0,0.0
2025-11-14,3070.0,3105.0,3037.699951171875,3084.199951171875,3069.118408203125,284674,0.0,0.0
2025-11-17,3093.39990234375,3242.0,3093.39990234375,3232.60009765625,3216.792724609375,1556685,0.0,0.0
2025-11-18,3244.800048828125,3269.89990234375,3201.300048828125,3249.5,3233.610107421875,596935,0.0,0.0
2025-11-19,3222.0,3246.0,3186.10009765625,3211.5,3195.7958984375,336775,0.0,0.0
2025-11-20,3220.0,3243.800048828125,3205.699951171875,3216.300048828125,3200.572509765625,344112,0.0,0.0
2025-11-21,3205.0,3214.89990234375,3146.0,3173.5,3157.981689453125,424858,0.0,0.0
2025-11-24,3174.89990234375,3184.5,3147.0,3163.89990234375,3148.428466796875,597847,0.0,0.0
2025-11-25,3198.199951171875,3202.89990234375,3154.0,3181.10009765625,3165.544677734375,397365,0.0,0.0
2025-11-26,3195.0,3332.60009765625,3184.800048828125,3318.800048828125,3302.5712890625,1149408,0.0,0.0
2025-11-27,3310.0,3316.60009765625,3266.199951171875,3312.10009765625,3295.904052734375,269573,0.0,0.0
2025-11-28,3309.0,3311.89990234375,3285.0,3297.0,3280.877685546875,186409,0.0,0.0
2025-12-01,3324.89990234375,3324.89990234375,3274.39990234375,3310.199951171875,3294.01318359375,194610,0.0,0.0
2025-12-02,3310.199951171875,3384.0,3301.10009765625,3361.0,3344.56494140625,744346,0.0,0.0
2025-12-03,3372.10009765625,3374.60009765625,3308.800048828125,3329.89990234375,3313.61669921875,368000,0.0,0.0
2025-12-04,3332.89990234375,3375.0,3313.0,3362.5,3346.057373046875,268367,0.0,0.0
2025-12-05,3362.5,3374.0,3280.60009765625,3325.89990234375,3309.636474609375,287226,0.0,0.0
2025-12-08,3325.89990234375,3325.89990234375,3192.5,3204.199951171875,3188.531494140625,308854,0.0,0.0
2025-12-09,3200.0,3210.0,3125.0,3142.800048828125,3127.431884765625,387788,0.0,0.0
2025-12-10,3150.0,3183.300048828125,3105.199951171875,3179.89990234375,3164.350341796875,358536,0.0,0.0
2025-12-11,3180.699951171875,3205.39990234375,3155.699951171875,3196.5,3180.869140625,223515,0.0,0.0
2025-12-12,3207.89990234375,3208.699951171875,2992.800048828125,3144.60009765625,3129.22314453125,1390227,0.0,0.0
2025-12-15,3142.10009765625,3188.5,3100.10009765625,3157.800048828125,3142.3583984375,810524,0.0,0.0
2025-12-16,3157.800048828125,3175.0,3130.699951171875,3161.39990234375,3145.940673828125,255211,0.0,0.0
2025-12-17,3171.0,3180.0,3130.800048828125,3140.10009765625,3124.7451171875,282648,0.0,0.0
2025-12-18,3132.0,3132.0,3051.89990234375,3074.0,3058.96826171875,489930,0.0,0.0
2025-12-19,3067.0,3122.0,3065.0,3111.60009765625,3096.384521484375,488781,0.0,0.0
2025-12-22,3120.0,3151.0,3110.0,3140.0,3124.6455078125,355883,0.0,0.0
2025-12-23,3141.39990234375,3141.39990234375,3107.5,3134.199951171875,3118.873779296875,219121,0.0,0.0
2025-12-24,3134.199951171875,3147.0,3090.0,3098.0,3082.850830078125,255036,0.0,0.0
2025-12-26,3098.0,3123.0,3088.39990234375,3100.89990234375,3085.736572265625,229163,0.0,0.0
2025-12-29,3100.89990234375,3108.300048828125,3050.0,3054.300048828125,3039.36474609375,157194,0.0,0.0
2025-12-30,3056.10009765625,3063.5,2993.39990234375,3029.5,3014.685791015625,406282,0.0,0.0
2025-12-31,3045.0,3080.0,3031.60009765625,3063.300048828125,3048.320556640625,114705,0.0,0.0
2026-01-01,3072.0,3095.699951171875,3050.199951171875,3091.300048828125,3076.18359375,68164,0.0,0.0
2026-01-02,3094.800048828125,3117.199951171875,3058.39990234375,3097.699951171875,3082.55224609375,283939,0.0,0.0
2026-01-05,3097.699951171875,3123.0,3072.60009765625,3086.60009765625,3071.5068359375,155847,0.0,0.0
2026-01-06,3089.0,3132.0,3058.39990234375,3128.10009765625,3112.8037109375,374745,0.0,0.0
2026-01-07,3120.0,3138.39990234375,3090.0,3133.60009765625,3118.27685546875,190568,0.0,0.0
2026-01-08,3130.0,3152.5,2990.800048828125,3009.5,2994.78369140625,581946,0.0,0.0
2026-01-09,3013.0,3108.0,2985.0,3043.800048828125,3028.916015625,587723,0.0,0.0
2026-01-12,3035.0,3035.0,2925.0,2980.800048828125,2966.22412109375,423168,0.0,0.0
2026-01-13,3014.0,3015.10009765625,2930.39990234375,2947.699951171875,2933.285888671875,561556,0.0,0.0
2026-01-14,2950.0,2986.0,2930.5,2970.800048828125,2956.27294921875,148958,0.0,0.0
2026-01-16,2971.0,2974.800048828125,2903.0,2919.199951171875,2904.925048828125,280317,0.0,0.0
2026-01-19,2919.89990234375,2975.89990234375,2910.10009765625,2952.60009765625,2938.161865234375,219839,0.0,0.0
2026-01-20,2942.0,2950.0,2837.60009765625,2848.60009765625,2834.670654296875,203479,0.0,0.0
2026-01-21,2848.199951171875,2895.89990234375,2826.0,2884.5,2870.394775390625,291591,0.0,0.0
2026-01-22,2901.0,2934.39990234375,2872.699951171875,2928.199951171875,2913.881103515625,239704,0.0,0.0
2026-01-23,2928.0,2942.60009765625,2890.0,2900.39990234375,2886.217041015625,281797,0.0,0.0
2026-01-27,2918.0,2926.5,2852.0,2894.0,2879.848388671875,227790,0.0,0.0
2026-01-28,2891.0,2989.0,2887.0,2980.800048828125,2966.22412109375,249534,0.0,0.0
2026-01-29,2980.0,3118.89990234375,2960.800048828125,3096.300048828125,3081.1591796875,487145,0.0,0.0
2026-01-30,3092.60009765625,3115.0,3052.300048828125,3101.300048828125,3086.134765625,242521,0.0,0.0
2026-02-02,2984.89990234375,3098.0,2972.60009765625,3089.89990234375,3074.790283203125,211371,0.0,0.0
2026-02-03,3160.0,3249.0,3159.89990234375,3211.699951171875,3195.994873046875,555228,0.0,0.0
2026-02-04,3246.0,3321.0,3190.0,3290.5,3274.40966796875,466540,0.0,0.0
2026-02-05,3305.0,3324.60009765625,3250.10009765625,3300.0,3283.863037109375,205714,0.0,0.0
2026-02-06,3288.0,3324.39990234375,3132.0,3176.199951171875,3160.66845703125,851068,0.0,0.0
2026-02-09,3115.10009765625,3138.800048828125,3036.699951171875,3109.0,3093.797119140625,643425,0.0,0.0
2026-02-10,3126.0,3140.199951171875,3094.0,3111.5,3096.284912109375,223168,0.0,0.0
2026-02-11,3119.89990234375,3158.0,3105.10009765625,3151.60009765625,3136.18896484375,191571,0.0,0.0
2026-02-12,3160.0,3165.800048828125,3114.699951171875,3148.5,3133.10400390625,410311,0.0,0.0
2026-02-13,3131.0,3184.5,3083.10009765625,3116.5,3101.260498046875,411114,0.0,0.0
2026-02-16,3116.5,3226.0,3083.10009765625,3215.60009765625,3199.8759765625,293293,0.0,0.0
2026-02-17,3212.0,3262.0,3162.60009765625,3186.39990234375,3170.818603515625,274307,0.0,0.0
2026-02-18,3198.89990234375,3214.699951171875,3170.5,3187.89990234375,3172.311279296875,159481,0.0,0.0
2026-02-19,3187.89990234375,3218.89990234375,3098.199951171875,3107.10009765625,3091.906494140625,176679,0.0,0.0
2026-02-20,3111.89990234375,3307.0,3105.0,3206.199951171875,3190.521728515625,1339800,0.0,0.0
2026-02-23,3210.10009765625,3317.0,3201.0,3302.199951171875,3286.05224609375,756804,0.0,0.0
2026-02-24,3305.0,3391.89990234375,3274.199951171875,3365.60009765625,3349.142333984375,532121,0.0,0.0
2026-02-25,3376.89990234375,3396.0,3304.0,3350.800048828125,3334.414794921875,386158,0.0,0.0
2026-02-26,3365.0,3373.800048828125,3328.39990234375,3336.89990234375,3320.58251953125,153440,0.0,0.0
2026-02-27,3336.0,3440.0,3271.800048828125,3418.60009765625,3401.88330078125,857596,0.0,0.0
2026-03-02,3396.199951171875,3396.300048828125,3295.199951171875,3341.60009765625,3325.259765625,598519,0.0,0.0
2026-03-04,3285.0,3285.0,3141.699951171875,3161.0,3145.542724609375,424094,0.0,0.0
2026-03-05,3172.0,3236.0,3170.10009765625,3215.699951171875,3199.975341796875,277723,0.0,0.0
2026-03-06,3215.10009765625,3318.89990234375,3177.5,3268.89990234375,3252.9150390625,384941,0.0,0.0
2026-03-09,3180.0,3246.800048828125,3130.0,3228.89990234375,3213.110595703125,292747,0.0,0.0
2026-03-10,3265.0,3333.0,3246.39990234375,3274.89990234375,3258.8857421875,359689,0.0,0.0
2026-03-11,3296.0,3348.39990234375,3262.60009765625,3272.199951171875,3256.198974609375,293668,0.0,0.0
2026-03-12,3249.5,3349.60009765625,3219.60009765625,3324.699951171875,3308.4423828125,361947,0.0,0.0
2026-03-13,3324.0,3361.89990234375,3195.89990234375,3207.60009765625,3191.9150390625,312590,0.0,0.0
2026-03-16,3220.0,3233.10009765625,3101.0,3149.60009765625,3134.19873046875,681618,0.0,0.0
2026-03-17,3153.39990234375,3183.300048828125,3121.0,3173.5,3157.981689453125,269351,0.0,0.0
2026-03-18,3180.0,3231.60009765625,3144.0,3220.89990234375,3205.14990234375,203255,0.0,0.0
2026-03-19,3175.0,3175.0,3066.0,3079.0,3063.94384765625,410905,0.0,0.0
2026-03-20,3121.10009765625,3199.0,3089.89990234375,3129.60009765625,3114.29638671875,336513,0.0,0.0
2026-03-23,3110.0,3110.0,2937.0,2988.300048828125,2973.687255859375,524215,0.0,0.0
2026-03-24,3069.89990234375,3070.0,2980.0,3001.800048828125,2987.121337890625,563273,0.0,0.0
2026-03-25,3015.0,3127.0,3015.0,3101.300048828125,3086.134765625,366090,0.0,0.0
2026-03-27,3096.0,3105.0,3010.0,3048.89990234375,3033.990966796875,499098,0.0,0.0
2026-03-30,2997.60009765625,3020.300048828125,2923.10009765625,2935.0,2920.64794921875,480280,0.0,0.0
2026-04-01,3010.0,3072.300048828125,2985.699951171875,3017.0,3002.2470703125,276980,0.0,0.0
2026-04-02,2970.0,3045.0,2906.0,3026.60009765625,3011.800048828125,265901,0.0,0.0
2026-04-06,3041.39990234375,3065.89990234375,2965.10009765625,3048.0,3033.095458984375,372908,0.0,0.0
2026-04-07,3053.39990234375,3084.0,2992.800048828125,3075.5,3060.4609375,184684,0.0,0.0
2026-04-08,3180.0,3245.60009765625,3147.0,3226.10009765625,3210.324462890625,398432,0.0,0.0
2026-04-09,3230.89990234375,3255.0,3181.0,3222.5,3206.7421875,279120,0.0,0.0
2026-04-10,3234.39990234375,3402.39990234375,3232.0,3388.5,3371.930419921875,625209,0.0,0.0
2026-04-13,3340.0,3375.5,3275.5,3343.5,3327.150390625,329882,0.0,0.0
2026-04-15,3400.0,3590.0,3365.60009765625,3576.10009765625,3558.613037109375,2134727,0.0,0.0
2026-04-16,3600.0,3619.300048828125,3532.800048828125,3563.800048828125,3546.373291015625,1020682,0.0,0.0
2026-04-17,3589.0,3718.89990234375,3565.0,3707.89990234375,3689.768310546875,1034058,0.0,0.0
2026-04-20,3702.0,3778.5,3659.5,3709.0,3690.863037109375,659226,0.0,0.0
2026-04-21,3726.0,3787.0,3701.0,3721.699951171875,3703.5009765625,371076,0.0,0.0
2026-04-22,3709.0,3885.0,3706.60009765625,3844.300048828125,3825.50146484375,882278,0.0,0.0
2026-04-23,3849.0,3901.0,3811.5,3864.39990234375,3845.503173828125,663008,0.0,0.0
2026-04-24,3882.0,3893.60009765625,3767.89990234375,3808.89990234375,3790.2744140625,315661,0.0,0.0
2026-04-27,3830.5,3881.0,3797.0,3856.0,3837.144287109375,309453,0.0,0.0
2026-04-28,3856.0,3892.0,3805.5,3827.300048828125,3808.584716796875,267852,0.0,0.0
2026-04-29,3850.0,3870.0,3765.60009765625,3776.800048828125,3758.33154296875,204618,0.0,0.0
2026-04-30,3790.0,3847.60009765625,3734.5,3808.199951171875,3789.577880859375,474246,0.0,0.0
2026-05-01,3808.199951171875,3808.199951171875,3808.199951171875,3808.199951171875,3789.577880859375,0,0.0,0.0
2026-05-04,3850.0,3930.0,3820.0,3834.10009765625,3815.3515625,813487,0.0,0.0
2026-05-05,3851.199951171875,3866.5,3809.5,3846.60009765625,3827.790283203125,253569,0.0,0.0
2026-05-06,3880.0,3885.0,3783.0,3841.800048828125,3823.013671875,330665,0.0,0.0
2026-05-07,3860.0,3895.5,3792.89990234375,3871.5,3852.568603515625,315030,0.0,0.0
2026-05-08,3871.60009765625,3906.89990234375,3786.0,3822.60009765625,3803.90771484375,366353,0.0,0.0
2026-05-11,3720.0,3720.0,3552.89990234375,3605.60009765625,3587.96875,996964,0.0,0.0
2026-05-12,3605.0,3644.800048828125,3555.800048828125,3574.39990234375,3556.921142578125,385531,0.0,0.0
2026-05-13,3574.39990234375,3628.5,3518.199951171875,3532.199951171875,3514.927734375,396807,0.0,0.0
2026-05-14,3574.0,3712.0,3469.0,3693.800048828125,3675.737548828125,788580,0.0,0.0
2026-05-15,3724.5,3724.5,3575.0,3587.89990234375,3570.355224609375,284206,0.0,0.0
2026-05-18,3572.0,3572.0,3454.5,3535.10009765625,3517.8134765625,305148,0.0,0.0
2026-05-19,3540.0,3593.89990234375,3518.800048828125,3550.89990234375,3533.5361328125,213583,0.0,0.0
2026-05-20,3524.0,3705.0,3493.10009765625,3696.39990234375,3678.32470703125,507079,0.0,0.0
2026-05-21,3739.0,3780.0,3710.800048828125,3720.60009765625,3702.406494140625,346583,0.0,0.0
2026-05-22,3720.60009765625,3834.0,3714.0,3811.699951171875,3793.060791015625,534453,0.0,0.0
2026-05-25,3836.39990234375,3878.5,3658.0,3667.5,3649.566162109375,471211,0.0,0.0
2026-05-26,3685.800048828125,3697.89990234375,3620.0,3677.199951171875,3659.218505859375,713402,0.0,0.0
2026-05-27,3569.699951171875,3909.89990234375,3543.300048828125,3878.699951171875,3859.733154296875,1738785,0.0,0.0
2026-05-28,3878.699951171875,3878.699951171875,3878.699951171875,3878.699951171875,3859.733154296875,0,0.0,0.0
2026-05-29,3859.699951171875,3937.300048828125,3744.60009765625,3844.0,3825.202880859375,2024437,0.0,0.0
2026-06-01,3850.0,3856.699951171875,3681.699951171875,3711.300048828125,3693.15185546875,526590,0.0,0.0
2026-06-02,3712.699951171875,3756.89990234375,3639.60009765625,3729.699951171875,3711.4619140625,628712,0.0,0.0
2026-06-03,3728.10009765625,3755.0,3665.0,3709.60009765625,3691.460205078125,464320,0.0,0.0
2026-06-04,3719.0,3765.0,3679.10009765625,3686.89990234375,3668.87109375,341821,0.0,0.0
2026-06-05,3695.0,3724.89990234375,3647.10009765625,3700.800048828125,3682.703369140625,343897,0.0,0.0
2026-06-08,3620.0,3675.0,3568.10009765625,3624.0,3606.27880859375,449233,0.0,0.0
2026-06-09,3623.89990234375,3630.0,3573.10009765625,3619.800048828125,3602.099365234375,323100,0.0,0.0
2026-06-10,3634.0,3635.699951171875,3555.10009765625,3582.699951171875,3565.1806640625,600841,0.0,0.0
2026-06-11,3555.800048828125,3586.0,3501.0,3522.0,3504.777587890625,249193,0.0,0.0
2026-06-12,3590.0,3599.699951171875,3518.0,3569.60009765625,3552.144775390625,223315,0.0,0.0
2026-06-15,3630.0,3650.0,3582.699951171875,3601.800048828125,3584.187255859375,367596,0.0,0.0
2026-06-16,3611.0,3669.0,3604.39990234375,3636.89990234375,3619.115478515625,325257,0.0,0.0
2026-06-17,3661.0,3737.800048828125,3626.0,3725.39990234375,3707.182861328125,401570,0.0,0.0
2026-06-18,3735.0,3755.0,3686.39990234375,3746.199951171875,3727.881103515625,342772,0.0,0.0
2026-06-19,3744.5,3776.10009765625,3710.5,3759.60009765625,3741.2158203125,339876,0.0,0.0
2026-06-22,3779.0,3785.0,3726.0,3767.800048828125,3749.375732421875,285178,0.0,0.0
2026-06-23,3770.0,3807.699951171875,3654.0,3685.89990234375,3667.8759765625,303345,0.0,0.0
2026-06-24,3688.0,3710.39990234375,3550.10009765625,3561.5,3544.08447265625,326149,0.0,0.0
2026-06-25,3581.300048828125,3665.0,3571.60009765625,3627.89990234375,3610.15966796875,504071,0.0,0.0
2026-06-26,3627.89990234375,3627.89990234375,3627.89990234375,3627.89990234375,3610.15966796875,0,0.0,0.0
2026-06-29,3650.0,3668.39990234375,3561.10009765625,3573.10009765625,3555.627685546875,402739,0.0,0.0
2026-06-30,3600.39990234375,3616.300048828125,3576.699951171875,3599.89990234375,3582.296630859375,301665,0.0,0.0
2026-07-01,3606.10009765625,3630.0,3550.0,3560.699951171875,3543.288330078125,313455,0.0,0.0
2026-07-02,3578.5,3616.5,3519.0,3580.39990234375,3562.891845703125,241163,0.0,0.0
2026-07-03,3590.0,3599.199951171875,3497.5,3536.300048828125,3519.007568359375,433734,0.0,0.0
2026-07-06,3553.89990234375,3583.60009765625,3515.10009765625,3571.60009765625,3554.135009765625,427908,0.0,0.0
2026-07-07,3574.0,3584.89990234375,3450.0,3495.0,3477.90966796875,379280,0.0,0.0
2026-07-08,3479.10009765625,3502.0,3398.10009765625,3446.10009765625,3429.248779296875,358879,0.0,0.0
2026-07-09,3429.0,3484.60009765625,3426.0,3476.39990234375,3459.400390625,283931,0.0,0.0
2026-07-10,3490.699951171875,3542.0,3486.0,3496.5,3479.40234375,231262,0.0,0.0
2026-07-13,3479.300048828125,3498.0,3440.5,3477.800048828125,3460.793701171875,231661,0.0,0.0
2026-07-14,3450.0,3525.0,3437.0,3510.300048828125,3493.134765625,224121,0.0,0.0
2026-07-15,3531.0,3608.0,3527.800048828125,3571.800048828125,3554.333984375,315307,0.0,0.0
2026-07-16,3599.0,3855.0,3558.699951171875,3657.60009765625,3639.714599609375,1382371,0.0,0.0
2026-07-17,3657.60009765625,3690.199951171875,3614.800048828125,3658.800048828125,3640.90869140625,339615,0.0,0.0
2026-07-20,3651.0,3700.0,3617.0,3678.39990234375,3660.41259765625,157367,0.0,0.0
2026-07-21,3678.39990234375,3709.300048828125,3631.60009765625,3667.800048828125,3649.86474609375,244297,0.0,0.0
2026-07-22,3685.0,3700.0,3632.0,3649.39990234375,3631.554443359375,226832,0.0,0.0
2026-07-23,3640.0,3709.0,3617.39990234375,3686.300048828125,3668.274169921875,301522,0.0,0.0
2026-07-24,3631.199951171875,3711.60009765625,3622.60009765625,3689.800048828125,3671.757080078125,232607,0.0,0.0
2026-07-27,3721.0,3745.0,3690.0,3718.0,3699.819091796875,273869,0.0,0.0
2026-07-28,3700.0,3712.89990234375,3620.0,3681.0,3663.0,337464,0.0,0.0
2026-07-29,3660.0,3681.10009765625,3576.10009765625,3650.800048828125,3650.800048828125,234026,18.0,0.0
2026-07-30,3650.800048828125,3665.0,3582.60009765625,3658.800048828125,3658.800048828125,214869,0.0,0.0
2026-08-03,3741.699951171875,3905.0,3694.199951171875,3900.0,3900.0,609663,0.0,0.0
2026-08-04,3919.60009765625,4073.800048828125,3919.60009765625,4000.5,4000.5,1107988,0.0,0.0
2026-08-05,4035.0,4069.89990234375,3955.0,3980.0,3980.0,355546,0.0,0.0
2026-08-06,3990.39990234375,4019.0,3948.800048828125,3952.0,3952.0,213389,0.0,0.0
2026-08-07,3955.10009765625,3984.5,3921.0,3940.10009765625,3940.10009765625,221514,0.0,0.0
2026-08-10,3940.199951171875,3992.60009765625,3905.0,3914.300048828125,3914.300048828125,261301,0.0,0.0
2026-08-11,3924.0,4040.0,3854.60009765625,4011.0,4011.0,1266007,0.0,0.0
2026-08-12,4022.0,4097.89990234375,3991.699951171875,4019.0,4019.0,716413,0.0,0.0
2026-08-13,4020.0,4024.0,3951.0,3987.0,3987.0,233755,0.0,0.0
2026-08-14,3968.10009765625,4052.0,3924.0,3940.0,3940.0,298959,0.0,0.0
